ARM GAS  C:\Users\airforce\AppData\Local\Temp\ccf0vFDc.s 			page 1


   1              		.cpu cortex-m3
   2              		.arch armv7-m
   3              		.fpu softvfp
   4              		.eabi_attribute 20, 1
   5              		.eabi_attribute 21, 1
   6              		.eabi_attribute 23, 3
   7              		.eabi_attribute 24, 1
   8              		.eabi_attribute 25, 1
   9              		.eabi_attribute 26, 1
  10              		.eabi_attribute 30, 4
  11              		.eabi_attribute 34, 1
  12              		.eabi_attribute 18, 4
  13              		.file	"cjson.c"
  14              		.text
  15              	.Ltext0:
  16              		.cfi_sections	.debug_frame
  17              		.file 1 "Core/Src/device/cjson.c"
  18              		.section	.text.parse_hex4,"ax",%progbits
  19              		.align	1
  20              		.syntax unified
  21              		.thumb
  22              		.thumb_func
  24              	parse_hex4:
  25              	.LVL0:
  26              	.LFB15:
   1:Core/Src/device/cjson.c **** /*
   2:Core/Src/device/cjson.c ****   Copyright (c) 2009 Dave Gamble
   3:Core/Src/device/cjson.c **** 
   4:Core/Src/device/cjson.c ****   Permission is hereby granted, free of charge, to any person obtaining a copy
   5:Core/Src/device/cjson.c ****   of this software and associated documentation files (the "Software"), to deal
   6:Core/Src/device/cjson.c ****   in the Software without restriction, including without limitation the rights
   7:Core/Src/device/cjson.c ****   to use, copy, modify, merge, publish, distribute, sublicense, and/or sell
   8:Core/Src/device/cjson.c ****   copies of the Software, and to permit persons to whom the Software is
   9:Core/Src/device/cjson.c ****   furnished to do so, subject to the following conditions:
  10:Core/Src/device/cjson.c **** 
  11:Core/Src/device/cjson.c ****   The above copyright notice and this permission notice shall be included in
  12:Core/Src/device/cjson.c ****   all copies or substantial portions of the Software.
  13:Core/Src/device/cjson.c **** 
  14:Core/Src/device/cjson.c ****   THE SOFTWARE IS PROVIDED "AS IS", WITHOUT WARRANTY OF ANY KIND, EXPRESS OR
  15:Core/Src/device/cjson.c ****   IMPLIED, INCLUDING BUT NOT LIMITED TO THE WARRANTIES OF MERCHANTABILITY,
  16:Core/Src/device/cjson.c ****   FITNESS FOR A PARTICULAR PURPOSE AND NONINFRINGEMENT. IN NO EVENT SHALL THE
  17:Core/Src/device/cjson.c ****   AUTHORS OR COPYRIGHT HOLDERS BE LIABLE FOR ANY CLAIM, DAMAGES OR OTHER
  18:Core/Src/device/cjson.c ****   LIABILITY, WHETHER IN AN ACTION OF CONTRACT, TORT OR OTHERWISE, ARISING FROM,
  19:Core/Src/device/cjson.c ****   OUT OF OR IN CONNECTION WITH THE SOFTWARE OR THE USE OR OTHER DEALINGS IN
  20:Core/Src/device/cjson.c ****   THE SOFTWARE.
  21:Core/Src/device/cjson.c **** */
  22:Core/Src/device/cjson.c **** 
  23:Core/Src/device/cjson.c **** /* cJSON */
  24:Core/Src/device/cjson.c **** /* JSON parser in C. */
  25:Core/Src/device/cjson.c **** 
  26:Core/Src/device/cjson.c **** #include <string.h>
  27:Core/Src/device/cjson.c **** #include <stdio.h>
  28:Core/Src/device/cjson.c **** #include <math.h>
  29:Core/Src/device/cjson.c **** #include <stdlib.h>
  30:Core/Src/device/cjson.c **** #include <float.h>
  31:Core/Src/device/cjson.c **** #include <limits.h>
  32:Core/Src/device/cjson.c **** #include <ctype.h>
ARM GAS  C:\Users\airforce\AppData\Local\Temp\ccf0vFDc.s 			page 2


  33:Core/Src/device/cjson.c **** #include "cJSON.h"
  34:Core/Src/device/cjson.c **** 
  35:Core/Src/device/cjson.c **** static const char *ep;
  36:Core/Src/device/cjson.c **** 
  37:Core/Src/device/cjson.c **** const char *cJSON_GetErrorPtr(void) {return ep;}
  38:Core/Src/device/cjson.c **** 
  39:Core/Src/device/cjson.c **** static int cJSON_strcasecmp(const char *s1,const char *s2)
  40:Core/Src/device/cjson.c **** {
  41:Core/Src/device/cjson.c **** 	if (!s1) return (s1==s2)?0:1;if (!s2) return 1;
  42:Core/Src/device/cjson.c **** 	for(; tolower(*s1) == tolower(*s2); ++s1, ++s2)	if(*s1 == 0)	return 0;
  43:Core/Src/device/cjson.c **** 	return tolower(*(const unsigned char *)s1) - tolower(*(const unsigned char *)s2);
  44:Core/Src/device/cjson.c **** }
  45:Core/Src/device/cjson.c **** 
  46:Core/Src/device/cjson.c **** static void *(*cJSON_malloc)(size_t sz) = malloc;
  47:Core/Src/device/cjson.c **** static void (*cJSON_free)(void *ptr) = free;
  48:Core/Src/device/cjson.c **** 
  49:Core/Src/device/cjson.c **** static char* cJSON_strdup(const char* str)
  50:Core/Src/device/cjson.c **** {
  51:Core/Src/device/cjson.c ****       size_t len;
  52:Core/Src/device/cjson.c ****       char* copy;
  53:Core/Src/device/cjson.c **** 
  54:Core/Src/device/cjson.c ****       len = strlen(str) + 1;
  55:Core/Src/device/cjson.c ****       if (!(copy = (char*)cJSON_malloc(len))) return 0;
  56:Core/Src/device/cjson.c ****       memcpy(copy,str,len);
  57:Core/Src/device/cjson.c ****       return copy;
  58:Core/Src/device/cjson.c **** }
  59:Core/Src/device/cjson.c **** 
  60:Core/Src/device/cjson.c **** void cJSON_InitHooks(cJSON_Hooks* hooks)
  61:Core/Src/device/cjson.c **** {
  62:Core/Src/device/cjson.c ****     if (!hooks) { /* Reset hooks */
  63:Core/Src/device/cjson.c ****         cJSON_malloc = malloc;
  64:Core/Src/device/cjson.c ****         cJSON_free = free;
  65:Core/Src/device/cjson.c ****         return;
  66:Core/Src/device/cjson.c ****     }
  67:Core/Src/device/cjson.c **** 
  68:Core/Src/device/cjson.c **** 	cJSON_malloc = (hooks->malloc_fn)?hooks->malloc_fn:malloc;
  69:Core/Src/device/cjson.c **** 	cJSON_free	 = (hooks->free_fn)?hooks->free_fn:free;
  70:Core/Src/device/cjson.c **** }
  71:Core/Src/device/cjson.c **** 
  72:Core/Src/device/cjson.c **** /* Internal constructor. */
  73:Core/Src/device/cjson.c **** static cJSON *cJSON_New_Item(void)
  74:Core/Src/device/cjson.c **** {
  75:Core/Src/device/cjson.c **** 	cJSON* node = (cJSON*)cJSON_malloc(sizeof(cJSON));
  76:Core/Src/device/cjson.c **** 	if (node) memset(node,0,sizeof(cJSON));
  77:Core/Src/device/cjson.c **** 	return node;
  78:Core/Src/device/cjson.c **** }
  79:Core/Src/device/cjson.c **** 
  80:Core/Src/device/cjson.c **** /* Delete a cJSON structure. */
  81:Core/Src/device/cjson.c **** void cJSON_Delete(cJSON *c)
  82:Core/Src/device/cjson.c **** {
  83:Core/Src/device/cjson.c **** 	cJSON *next;
  84:Core/Src/device/cjson.c **** 	while (c)
  85:Core/Src/device/cjson.c **** 	{
  86:Core/Src/device/cjson.c **** 		next=c->next;
  87:Core/Src/device/cjson.c **** 		if (!(c->type&cJSON_IsReference) && c->child) cJSON_Delete(c->child);
  88:Core/Src/device/cjson.c **** 		if (!(c->type&cJSON_IsReference) && c->valuestring) cJSON_free(c->valuestring);
  89:Core/Src/device/cjson.c **** 		if (!(c->type&cJSON_StringIsConst) && c->string) cJSON_free(c->string);
ARM GAS  C:\Users\airforce\AppData\Local\Temp\ccf0vFDc.s 			page 3


  90:Core/Src/device/cjson.c **** 		cJSON_free(c);
  91:Core/Src/device/cjson.c **** 		c=next;
  92:Core/Src/device/cjson.c **** 	}
  93:Core/Src/device/cjson.c **** }
  94:Core/Src/device/cjson.c **** 
  95:Core/Src/device/cjson.c **** /* Parse the input text to generate a number, and populate the result into item. */
  96:Core/Src/device/cjson.c **** static const char *parse_number(cJSON *item,const char *num)
  97:Core/Src/device/cjson.c **** {
  98:Core/Src/device/cjson.c **** 	double n=0,sign=1,scale=0;int subscale=0,signsubscale=1;
  99:Core/Src/device/cjson.c **** 
 100:Core/Src/device/cjson.c **** 	if (*num=='-') sign=-1,num++;	/* Has sign? */
 101:Core/Src/device/cjson.c **** 	if (*num=='0') num++;			/* is zero */
 102:Core/Src/device/cjson.c **** 	if (*num>='1' && *num<='9')	do	n=(n*10.0)+(*num++ -'0');	while (*num>='0' && *num<='9');	/* Number
 103:Core/Src/device/cjson.c **** 	if (*num=='.' && num[1]>='0' && num[1]<='9') {num++;		do	n=(n*10.0)+(*num++ -'0'),scale--; while (
 104:Core/Src/device/cjson.c **** 	if (*num=='e' || *num=='E')		/* Exponent? */
 105:Core/Src/device/cjson.c **** 	{	num++;if (*num=='+') num++;	else if (*num=='-') signsubscale=-1,num++;		/* With sign? */
 106:Core/Src/device/cjson.c **** 		while (*num>='0' && *num<='9') subscale=(subscale*10)+(*num++ - '0');	/* Number? */
 107:Core/Src/device/cjson.c **** 	}
 108:Core/Src/device/cjson.c **** 
 109:Core/Src/device/cjson.c **** 	n=sign*n*pow(10.0,(scale+subscale*signsubscale));	/* number = +/- number.fraction * 10^+/- exponen
 110:Core/Src/device/cjson.c **** 	
 111:Core/Src/device/cjson.c **** 	item->valuedouble=n;
 112:Core/Src/device/cjson.c **** 	item->valueint=(int)n;
 113:Core/Src/device/cjson.c **** 	item->type=cJSON_Number;
 114:Core/Src/device/cjson.c **** 	return num;
 115:Core/Src/device/cjson.c **** }
 116:Core/Src/device/cjson.c **** 
 117:Core/Src/device/cjson.c **** static int pow2gt (int x)	{	--x;	x|=x>>1;	x|=x>>2;	x|=x>>4;	x|=x>>8;	x|=x>>16;	return x+1;	}
 118:Core/Src/device/cjson.c **** 
 119:Core/Src/device/cjson.c **** typedef struct {char *buffer; int length; int offset; } printbuffer;
 120:Core/Src/device/cjson.c **** 
 121:Core/Src/device/cjson.c **** static char* ensure(printbuffer *p,int needed)
 122:Core/Src/device/cjson.c **** {
 123:Core/Src/device/cjson.c **** 	char *newbuffer;int newsize;
 124:Core/Src/device/cjson.c **** 	if (!p || !p->buffer) return 0;
 125:Core/Src/device/cjson.c **** 	needed+=p->offset;
 126:Core/Src/device/cjson.c **** 	if (needed<=p->length) return p->buffer+p->offset;
 127:Core/Src/device/cjson.c **** 
 128:Core/Src/device/cjson.c **** 	newsize=pow2gt(needed);
 129:Core/Src/device/cjson.c **** 	newbuffer=(char*)cJSON_malloc(newsize);
 130:Core/Src/device/cjson.c **** 	if (!newbuffer) {cJSON_free(p->buffer);p->length=0,p->buffer=0;return 0;}
 131:Core/Src/device/cjson.c **** 	if (newbuffer) memcpy(newbuffer,p->buffer,p->length);
 132:Core/Src/device/cjson.c **** 	cJSON_free(p->buffer);
 133:Core/Src/device/cjson.c **** 	p->length=newsize;
 134:Core/Src/device/cjson.c **** 	p->buffer=newbuffer;
 135:Core/Src/device/cjson.c **** 	return newbuffer+p->offset;
 136:Core/Src/device/cjson.c **** }
 137:Core/Src/device/cjson.c **** 
 138:Core/Src/device/cjson.c **** static int update(printbuffer *p)
 139:Core/Src/device/cjson.c **** {
 140:Core/Src/device/cjson.c **** 	char *str;
 141:Core/Src/device/cjson.c **** 	if (!p || !p->buffer) return 0;
 142:Core/Src/device/cjson.c **** 	str=p->buffer+p->offset;
 143:Core/Src/device/cjson.c **** 	return p->offset+strlen(str);
 144:Core/Src/device/cjson.c **** }
 145:Core/Src/device/cjson.c **** 
 146:Core/Src/device/cjson.c **** /* Render the number nicely from the given item into a string. */
ARM GAS  C:\Users\airforce\AppData\Local\Temp\ccf0vFDc.s 			page 4


 147:Core/Src/device/cjson.c **** static char *print_number(cJSON *item,printbuffer *p)
 148:Core/Src/device/cjson.c **** {
 149:Core/Src/device/cjson.c **** 	char *str=0;
 150:Core/Src/device/cjson.c **** 	double d=item->valuedouble;
 151:Core/Src/device/cjson.c **** 	if (d==0)
 152:Core/Src/device/cjson.c **** 	{
 153:Core/Src/device/cjson.c **** 		if (p)	str=ensure(p,2);
 154:Core/Src/device/cjson.c **** 		else	str=(char*)cJSON_malloc(2);	/* special case for 0. */
 155:Core/Src/device/cjson.c **** 		if (str) strcpy(str,"0");
 156:Core/Src/device/cjson.c **** 	}
 157:Core/Src/device/cjson.c **** 	else if (fabs(((double)item->valueint)-d)<=DBL_EPSILON && d<=INT_MAX && d>=INT_MIN)
 158:Core/Src/device/cjson.c **** 	{
 159:Core/Src/device/cjson.c **** 		if (p)	str=ensure(p,21);
 160:Core/Src/device/cjson.c **** 		else	str=(char*)cJSON_malloc(21);	/* 2^64+1 can be represented in 21 chars. */
 161:Core/Src/device/cjson.c **** 		if (str)	sprintf(str,"%d",item->valueint);
 162:Core/Src/device/cjson.c **** 	}
 163:Core/Src/device/cjson.c **** 	else
 164:Core/Src/device/cjson.c **** 	{
 165:Core/Src/device/cjson.c **** 		if (p)	str=ensure(p,64);
 166:Core/Src/device/cjson.c **** 		else	str=(char*)cJSON_malloc(64);	/* This is a nice tradeoff. */
 167:Core/Src/device/cjson.c **** 		if (str)
 168:Core/Src/device/cjson.c **** 		{
 169:Core/Src/device/cjson.c **** 			if (fabs(floor(d)-d)<=DBL_EPSILON && fabs(d)<1.0e60)sprintf(str,"%.0f",d);
 170:Core/Src/device/cjson.c **** 			else if (fabs(d)<1.0e-6 || fabs(d)>1.0e9)			sprintf(str,"%e",d);
 171:Core/Src/device/cjson.c **** 			else												sprintf(str,"%f",d);
 172:Core/Src/device/cjson.c **** 		}
 173:Core/Src/device/cjson.c **** 	}
 174:Core/Src/device/cjson.c **** 	return str;
 175:Core/Src/device/cjson.c **** }
 176:Core/Src/device/cjson.c **** 
 177:Core/Src/device/cjson.c **** static unsigned parse_hex4(const char *str)
 178:Core/Src/device/cjson.c **** {
  27              		.loc 1 178 1 view -0
  28              		.cfi_startproc
  29              		@ args = 0, pretend = 0, frame = 0
  30              		@ frame_needed = 0, uses_anonymous_args = 0
 179:Core/Src/device/cjson.c **** 	unsigned h=0;
  31              		.loc 1 179 2 view .LVU1
 180:Core/Src/device/cjson.c **** 	if (*str>='0' && *str<='9') h+=(*str)-'0'; else if (*str>='A' && *str<='F') h+=10+(*str)-'A'; else
  32              		.loc 1 180 2 view .LVU2
 178:Core/Src/device/cjson.c **** 	unsigned h=0;
  33              		.loc 1 178 1 is_stmt 0 view .LVU3
  34 0000 10B5     		push	{r4, lr}
  35              	.LCFI0:
  36              		.cfi_def_cfa_offset 8
  37              		.cfi_offset 4, -8
  38              		.cfi_offset 14, -4
  39              		.loc 1 180 6 view .LVU4
  40 0002 0378     		ldrb	r3, [r0]	@ zero_extendqisi2
 178:Core/Src/device/cjson.c **** 	unsigned h=0;
  41              		.loc 1 178 1 view .LVU5
  42 0004 0246     		mov	r2, r0
  43              		.loc 1 180 16 view .LVU6
  44 0006 A3F13000 		sub	r0, r3, #48
  45              	.LVL1:
  46              		.loc 1 180 5 view .LVU7
  47 000a C1B2     		uxtb	r1, r0
ARM GAS  C:\Users\airforce\AppData\Local\Temp\ccf0vFDc.s 			page 5


  48 000c 0929     		cmp	r1, #9
  49 000e 05D9     		bls	.L3
  50              		.loc 1 180 50 is_stmt 1 discriminator 2 view .LVU8
  51              		.loc 1 180 53 is_stmt 0 discriminator 2 view .LVU9
  52 0010 A3F14101 		sub	r1, r3, #65
  53 0014 0529     		cmp	r1, #5
  54 0016 1AD8     		bhi	.L4
  55              		.loc 1 180 78 is_stmt 1 discriminator 3 view .LVU10
  56              		.loc 1 180 79 is_stmt 0 discriminator 3 view .LVU11
  57 0018 A3F13700 		sub	r0, r3, #55
  58              	.LVL2:
  59              	.L3:
 181:Core/Src/device/cjson.c **** 	h=h<<4;str++;
  60              		.loc 1 181 2 is_stmt 1 view .LVU12
 182:Core/Src/device/cjson.c **** 	if (*str>='0' && *str<='9') h+=(*str)-'0'; else if (*str>='A' && *str<='F') h+=10+(*str)-'A'; else
  61              		.loc 1 182 6 is_stmt 0 view .LVU13
  62 001c 5378     		ldrb	r3, [r2, #1]	@ zero_extendqisi2
 181:Core/Src/device/cjson.c **** 	h=h<<4;str++;
  63              		.loc 1 181 3 view .LVU14
  64 001e 0001     		lsls	r0, r0, #4
  65              	.LVL3:
 181:Core/Src/device/cjson.c **** 	h=h<<4;str++;
  66              		.loc 1 181 9 is_stmt 1 view .LVU15
  67              		.loc 1 182 2 view .LVU16
  68              		.loc 1 182 16 is_stmt 0 view .LVU17
  69 0020 A3F13001 		sub	r1, r3, #48
  70              		.loc 1 182 5 view .LVU18
  71 0024 CCB2     		uxtb	r4, r1
  72 0026 092C     		cmp	r4, #9
  73 0028 18D8     		bhi	.L6
  74              		.loc 1 182 30 is_stmt 1 discriminator 1 view .LVU19
  75              		.loc 1 182 31 is_stmt 0 discriminator 1 view .LVU20
  76 002a 0844     		add	r0, r0, r1
  77              	.LVL4:
  78              	.L7:
 183:Core/Src/device/cjson.c **** 	h=h<<4;str++;
  79              		.loc 1 183 2 is_stmt 1 view .LVU21
 184:Core/Src/device/cjson.c **** 	if (*str>='0' && *str<='9') h+=(*str)-'0'; else if (*str>='A' && *str<='F') h+=10+(*str)-'A'; else
  80              		.loc 1 184 6 is_stmt 0 view .LVU22
  81 002c 9378     		ldrb	r3, [r2, #2]	@ zero_extendqisi2
 183:Core/Src/device/cjson.c **** 	h=h<<4;str++;
  82              		.loc 1 183 3 view .LVU23
  83 002e 0001     		lsls	r0, r0, #4
  84              	.LVL5:
 183:Core/Src/device/cjson.c **** 	h=h<<4;str++;
  85              		.loc 1 183 9 is_stmt 1 view .LVU24
  86              		.loc 1 184 2 view .LVU25
  87              		.loc 1 184 16 is_stmt 0 view .LVU26
  88 0030 A3F13001 		sub	r1, r3, #48
  89              		.loc 1 184 5 view .LVU27
  90 0034 CCB2     		uxtb	r4, r1
  91 0036 092C     		cmp	r4, #9
  92 0038 1DD8     		bhi	.L9
  93              		.loc 1 184 30 is_stmt 1 discriminator 1 view .LVU28
  94              		.loc 1 184 31 is_stmt 0 discriminator 1 view .LVU29
  95 003a 0844     		add	r0, r0, r1
  96              	.LVL6:
ARM GAS  C:\Users\airforce\AppData\Local\Temp\ccf0vFDc.s 			page 6


  97              	.L10:
 185:Core/Src/device/cjson.c **** 	h=h<<4;str++;
  98              		.loc 1 185 2 is_stmt 1 view .LVU30
 186:Core/Src/device/cjson.c **** 	if (*str>='0' && *str<='9') h+=(*str)-'0'; else if (*str>='A' && *str<='F') h+=10+(*str)-'A'; else
  99              		.loc 1 186 6 is_stmt 0 view .LVU31
 100 003c D378     		ldrb	r3, [r2, #3]	@ zero_extendqisi2
 185:Core/Src/device/cjson.c **** 	h=h<<4;str++;
 101              		.loc 1 185 3 view .LVU32
 102 003e 0001     		lsls	r0, r0, #4
 103              	.LVL7:
 185:Core/Src/device/cjson.c **** 	h=h<<4;str++;
 104              		.loc 1 185 9 is_stmt 1 view .LVU33
 105              		.loc 1 186 2 view .LVU34
 106              		.loc 1 186 16 is_stmt 0 view .LVU35
 107 0040 A3F13002 		sub	r2, r3, #48
 108              	.LVL8:
 109              		.loc 1 186 5 view .LVU36
 110 0044 D1B2     		uxtb	r1, r2
 111 0046 0929     		cmp	r1, #9
 112 0048 22D8     		bhi	.L12
 113              		.loc 1 186 30 is_stmt 1 discriminator 1 view .LVU37
 114              		.loc 1 186 31 is_stmt 0 discriminator 1 view .LVU38
 115 004a 1044     		add	r0, r0, r2
 116              	.LVL9:
 117              	.L1:
 187:Core/Src/device/cjson.c **** 	return h;
 188:Core/Src/device/cjson.c **** }
 118              		.loc 1 188 1 view .LVU39
 119 004c 10BD     		pop	{r4, pc}
 120              	.LVL10:
 121              	.L4:
 180:Core/Src/device/cjson.c **** 	h=h<<4;str++;
 122              		.loc 1 180 101 is_stmt 1 discriminator 4 view .LVU40
 180:Core/Src/device/cjson.c **** 	h=h<<4;str++;
 123              		.loc 1 180 104 is_stmt 0 discriminator 4 view .LVU41
 124 004e A3F16101 		sub	r1, r3, #97
 125 0052 0529     		cmp	r1, #5
 126 0054 29D8     		bhi	.L17
 180:Core/Src/device/cjson.c **** 	h=h<<4;str++;
 127              		.loc 1 180 129 is_stmt 1 discriminator 5 view .LVU42
 180:Core/Src/device/cjson.c **** 	h=h<<4;str++;
 128              		.loc 1 180 130 is_stmt 0 discriminator 5 view .LVU43
 129 0056 A3F15700 		sub	r0, r3, #87
 130 005a DFE7     		b	.L3
 131              	.LVL11:
 132              	.L6:
 182:Core/Src/device/cjson.c **** 	h=h<<4;str++;
 133              		.loc 1 182 50 is_stmt 1 discriminator 2 view .LVU44
 182:Core/Src/device/cjson.c **** 	h=h<<4;str++;
 134              		.loc 1 182 53 is_stmt 0 discriminator 2 view .LVU45
 135 005c A3F14101 		sub	r1, r3, #65
 136 0060 0529     		cmp	r1, #5
 137 0062 02D8     		bhi	.L8
 182:Core/Src/device/cjson.c **** 	h=h<<4;str++;
 138              		.loc 1 182 78 is_stmt 1 discriminator 3 view .LVU46
 182:Core/Src/device/cjson.c **** 	h=h<<4;str++;
 139              		.loc 1 182 79 is_stmt 0 discriminator 3 view .LVU47
ARM GAS  C:\Users\airforce\AppData\Local\Temp\ccf0vFDc.s 			page 7


 140 0064 373B     		subs	r3, r3, #55
 141              	.L18:
 182:Core/Src/device/cjson.c **** 	h=h<<4;str++;
 142              		.loc 1 182 130 discriminator 5 view .LVU48
 143 0066 1844     		add	r0, r0, r3
 144              	.LVL12:
 182:Core/Src/device/cjson.c **** 	h=h<<4;str++;
 145              		.loc 1 182 130 discriminator 5 view .LVU49
 146 0068 E0E7     		b	.L7
 147              	.LVL13:
 148              	.L8:
 182:Core/Src/device/cjson.c **** 	h=h<<4;str++;
 149              		.loc 1 182 101 is_stmt 1 discriminator 4 view .LVU50
 182:Core/Src/device/cjson.c **** 	h=h<<4;str++;
 150              		.loc 1 182 104 is_stmt 0 discriminator 4 view .LVU51
 151 006a A3F16101 		sub	r1, r3, #97
 152 006e 0529     		cmp	r1, #5
 153 0070 1BD8     		bhi	.L17
 182:Core/Src/device/cjson.c **** 	h=h<<4;str++;
 154              		.loc 1 182 129 is_stmt 1 discriminator 5 view .LVU52
 182:Core/Src/device/cjson.c **** 	h=h<<4;str++;
 155              		.loc 1 182 130 is_stmt 0 discriminator 5 view .LVU53
 156 0072 573B     		subs	r3, r3, #87
 157 0074 F7E7     		b	.L18
 158              	.LVL14:
 159              	.L9:
 184:Core/Src/device/cjson.c **** 	h=h<<4;str++;
 160              		.loc 1 184 50 is_stmt 1 discriminator 2 view .LVU54
 184:Core/Src/device/cjson.c **** 	h=h<<4;str++;
 161              		.loc 1 184 53 is_stmt 0 discriminator 2 view .LVU55
 162 0076 A3F14101 		sub	r1, r3, #65
 163 007a 0529     		cmp	r1, #5
 164 007c 02D8     		bhi	.L11
 184:Core/Src/device/cjson.c **** 	h=h<<4;str++;
 165              		.loc 1 184 78 is_stmt 1 discriminator 3 view .LVU56
 184:Core/Src/device/cjson.c **** 	h=h<<4;str++;
 166              		.loc 1 184 79 is_stmt 0 discriminator 3 view .LVU57
 167 007e 373B     		subs	r3, r3, #55
 168              	.L19:
 184:Core/Src/device/cjson.c **** 	h=h<<4;str++;
 169              		.loc 1 184 130 discriminator 5 view .LVU58
 170 0080 1844     		add	r0, r0, r3
 171              	.LVL15:
 184:Core/Src/device/cjson.c **** 	h=h<<4;str++;
 172              		.loc 1 184 130 discriminator 5 view .LVU59
 173 0082 DBE7     		b	.L10
 174              	.LVL16:
 175              	.L11:
 184:Core/Src/device/cjson.c **** 	h=h<<4;str++;
 176              		.loc 1 184 101 is_stmt 1 discriminator 4 view .LVU60
 184:Core/Src/device/cjson.c **** 	h=h<<4;str++;
 177              		.loc 1 184 104 is_stmt 0 discriminator 4 view .LVU61
 178 0084 A3F16101 		sub	r1, r3, #97
 179 0088 0529     		cmp	r1, #5
 180 008a 0ED8     		bhi	.L17
 184:Core/Src/device/cjson.c **** 	h=h<<4;str++;
 181              		.loc 1 184 129 is_stmt 1 discriminator 5 view .LVU62
ARM GAS  C:\Users\airforce\AppData\Local\Temp\ccf0vFDc.s 			page 8


 184:Core/Src/device/cjson.c **** 	h=h<<4;str++;
 182              		.loc 1 184 130 is_stmt 0 discriminator 5 view .LVU63
 183 008c 573B     		subs	r3, r3, #87
 184 008e F7E7     		b	.L19
 185              	.LVL17:
 186              	.L12:
 186:Core/Src/device/cjson.c **** 	return h;
 187              		.loc 1 186 50 is_stmt 1 discriminator 2 view .LVU64
 186:Core/Src/device/cjson.c **** 	return h;
 188              		.loc 1 186 53 is_stmt 0 discriminator 2 view .LVU65
 189 0090 A3F14102 		sub	r2, r3, #65
 190 0094 052A     		cmp	r2, #5
 191 0096 02D8     		bhi	.L13
 186:Core/Src/device/cjson.c **** 	return h;
 192              		.loc 1 186 78 is_stmt 1 discriminator 3 view .LVU66
 186:Core/Src/device/cjson.c **** 	return h;
 193              		.loc 1 186 79 is_stmt 0 discriminator 3 view .LVU67
 194 0098 373B     		subs	r3, r3, #55
 195              	.L20:
 186:Core/Src/device/cjson.c **** 	return h;
 196              		.loc 1 186 130 discriminator 5 view .LVU68
 197 009a 1844     		add	r0, r0, r3
 198              	.LVL18:
 186:Core/Src/device/cjson.c **** 	return h;
 199              		.loc 1 186 130 discriminator 5 view .LVU69
 200 009c D6E7     		b	.L1
 201              	.L13:
 186:Core/Src/device/cjson.c **** 	return h;
 202              		.loc 1 186 101 is_stmt 1 discriminator 4 view .LVU70
 186:Core/Src/device/cjson.c **** 	return h;
 203              		.loc 1 186 104 is_stmt 0 discriminator 4 view .LVU71
 204 009e A3F16102 		sub	r2, r3, #97
 205 00a2 052A     		cmp	r2, #5
 206 00a4 01D8     		bhi	.L17
 186:Core/Src/device/cjson.c **** 	return h;
 207              		.loc 1 186 129 is_stmt 1 discriminator 5 view .LVU72
 186:Core/Src/device/cjson.c **** 	return h;
 208              		.loc 1 186 130 is_stmt 0 discriminator 5 view .LVU73
 209 00a6 573B     		subs	r3, r3, #87
 210 00a8 F7E7     		b	.L20
 211              	.LVL19:
 212              	.L17:
 180:Core/Src/device/cjson.c **** 	h=h<<4;str++;
 213              		.loc 1 180 159 discriminator 6 view .LVU74
 214 00aa 0020     		movs	r0, #0
 215 00ac CEE7     		b	.L1
 216              		.cfi_endproc
 217              	.LFE15:
 219              		.section	.text.parse_string,"ax",%progbits
 220              		.align	1
 221              		.syntax unified
 222              		.thumb
 223              		.thumb_func
 225              	parse_string:
 226              	.LVL20:
 227              	.LFB16:
 189:Core/Src/device/cjson.c **** 
ARM GAS  C:\Users\airforce\AppData\Local\Temp\ccf0vFDc.s 			page 9


 190:Core/Src/device/cjson.c **** /* Parse the input text into an unescaped cstring, and populate item. */
 191:Core/Src/device/cjson.c **** static const unsigned char firstByteMark[7] = { 0x00, 0x00, 0xC0, 0xE0, 0xF0, 0xF8, 0xFC };
 192:Core/Src/device/cjson.c **** static const char *parse_string(cJSON *item,const char *str)
 193:Core/Src/device/cjson.c **** {
 228              		.loc 1 193 1 is_stmt 1 view -0
 229              		.cfi_startproc
 230              		@ args = 0, pretend = 0, frame = 0
 231              		@ frame_needed = 0, uses_anonymous_args = 0
 194:Core/Src/device/cjson.c **** 	const char *ptr=str+1;char *ptr2;char *out;int len=0;unsigned uc,uc2;
 232              		.loc 1 194 2 view .LVU76
 233              		.loc 1 194 24 view .LVU77
 234              		.loc 1 194 35 view .LVU78
 235              		.loc 1 194 45 view .LVU79
 236              		.loc 1 194 55 view .LVU80
 195:Core/Src/device/cjson.c **** 	if (*str!='\"') {ep=str;return 0;}	/* not a string! */
 237              		.loc 1 195 2 view .LVU81
 193:Core/Src/device/cjson.c **** 	const char *ptr=str+1;char *ptr2;char *out;int len=0;unsigned uc,uc2;
 238              		.loc 1 193 1 is_stmt 0 view .LVU82
 239 0000 2DE9F041 		push	{r4, r5, r6, r7, r8, lr}
 240              	.LCFI1:
 241              		.cfi_def_cfa_offset 24
 242              		.cfi_offset 4, -24
 243              		.cfi_offset 5, -20
 244              		.cfi_offset 6, -16
 245              		.cfi_offset 7, -12
 246              		.cfi_offset 8, -8
 247              		.cfi_offset 14, -4
 248              		.loc 1 195 5 view .LVU83
 249 0004 0B78     		ldrb	r3, [r1]	@ zero_extendqisi2
 193:Core/Src/device/cjson.c **** 	const char *ptr=str+1;char *ptr2;char *out;int len=0;unsigned uc,uc2;
 250              		.loc 1 193 1 view .LVU84
 251 0006 0646     		mov	r6, r0
 252              		.loc 1 195 5 view .LVU85
 253 0008 222B     		cmp	r3, #34
 254 000a 0BD1     		bne	.L22
 194:Core/Src/device/cjson.c **** 	const char *ptr=str+1;char *ptr2;char *out;int len=0;unsigned uc,uc2;
 255              		.loc 1 194 14 view .LVU86
 256 000c 4D1C     		adds	r5, r1, #1
 257              	.LVL21:
 194:Core/Src/device/cjson.c **** 	const char *ptr=str+1;char *ptr2;char *out;int len=0;unsigned uc,uc2;
 258              		.loc 1 194 14 view .LVU87
 259 000e 2B46     		mov	r3, r5
 194:Core/Src/device/cjson.c **** 	const char *ptr=str+1;char *ptr2;char *out;int len=0;unsigned uc,uc2;
 260              		.loc 1 194 49 view .LVU88
 261 0010 0020     		movs	r0, #0
 262              	.LVL22:
 263              	.L23:
 196:Core/Src/device/cjson.c **** 	
 197:Core/Src/device/cjson.c **** 	while (*ptr!='\"' && *ptr && ++len) if (*ptr++ == '\\') ptr++;	/* Skip escaped quotes. */
 264              		.loc 1 197 28 is_stmt 1 discriminator 3 view .LVU89
 265              		.loc 1 197 9 is_stmt 0 discriminator 3 view .LVU90
 266 0012 1A78     		ldrb	r2, [r3]	@ zero_extendqisi2
 267              		.loc 1 197 28 discriminator 5 view .LVU91
 268 0014 0130     		adds	r0, r0, #1
 269              	.LVL23:
 270              		.loc 1 197 28 discriminator 3 view .LVU92
 271 0016 222A     		cmp	r2, #34
ARM GAS  C:\Users\airforce\AppData\Local\Temp\ccf0vFDc.s 			page 10


 272 0018 0CD0     		beq	.L25
 273              		.loc 1 197 20 discriminator 4 view .LVU93
 274 001a 5AB1     		cbz	r2, .L25
 275              	.LVL24:
 276              		.loc 1 197 38 is_stmt 1 discriminator 6 view .LVU94
 277              		.loc 1 197 41 is_stmt 0 discriminator 6 view .LVU95
 278 001c 5C2A     		cmp	r2, #92
 279 001e 07D0     		beq	.L26
 280              		.loc 1 197 46 discriminator 6 view .LVU96
 281 0020 0133     		adds	r3, r3, #1
 282              	.LVL25:
 283              		.loc 1 197 46 discriminator 6 view .LVU97
 284 0022 F6E7     		b	.L23
 285              	.LVL26:
 286              	.L22:
 195:Core/Src/device/cjson.c **** 	
 287              		.loc 1 195 19 is_stmt 1 discriminator 1 view .LVU98
 195:Core/Src/device/cjson.c **** 	
 288              		.loc 1 195 21 is_stmt 0 discriminator 1 view .LVU99
 289 0024 5A4B     		ldr	r3, .L66
 290 0026 1960     		str	r1, [r3]
 195:Core/Src/device/cjson.c **** 	
 291              		.loc 1 195 26 is_stmt 1 view .LVU100
 292              	.LVL27:
 293              	.L24:
 195:Core/Src/device/cjson.c **** 	
 294              		.loc 1 195 33 is_stmt 0 discriminator 1 view .LVU101
 295 0028 0025     		movs	r5, #0
 296              	.L21:
 198:Core/Src/device/cjson.c **** 	
 199:Core/Src/device/cjson.c **** 	out=(char*)cJSON_malloc(len+1);	/* This is how long we need for the string, roughly. */
 200:Core/Src/device/cjson.c **** 	if (!out) return 0;
 201:Core/Src/device/cjson.c **** 	
 202:Core/Src/device/cjson.c **** 	ptr=str+1;ptr2=out;
 203:Core/Src/device/cjson.c **** 	while (*ptr!='\"' && *ptr)
 204:Core/Src/device/cjson.c **** 	{
 205:Core/Src/device/cjson.c **** 		if (*ptr!='\\') *ptr2++=*ptr++;
 206:Core/Src/device/cjson.c **** 		else
 207:Core/Src/device/cjson.c **** 		{
 208:Core/Src/device/cjson.c **** 			ptr++;
 209:Core/Src/device/cjson.c **** 			switch (*ptr)
 210:Core/Src/device/cjson.c **** 			{
 211:Core/Src/device/cjson.c **** 				case 'b': *ptr2++='\b';	break;
 212:Core/Src/device/cjson.c **** 				case 'f': *ptr2++='\f';	break;
 213:Core/Src/device/cjson.c **** 				case 'n': *ptr2++='\n';	break;
 214:Core/Src/device/cjson.c **** 				case 'r': *ptr2++='\r';	break;
 215:Core/Src/device/cjson.c **** 				case 't': *ptr2++='\t';	break;
 216:Core/Src/device/cjson.c **** 				case 'u':	 /* transcode utf16 to utf8. */
 217:Core/Src/device/cjson.c **** 					uc=parse_hex4(ptr+1);ptr+=4;	/* get the unicode char. */
 218:Core/Src/device/cjson.c **** 
 219:Core/Src/device/cjson.c **** 					if ((uc>=0xDC00 && uc<=0xDFFF) || uc==0)	break;	/* check for invalid.	*/
 220:Core/Src/device/cjson.c **** 
 221:Core/Src/device/cjson.c **** 					if (uc>=0xD800 && uc<=0xDBFF)	/* UTF16 surrogate pairs.	*/
 222:Core/Src/device/cjson.c **** 					{
 223:Core/Src/device/cjson.c **** 						if (ptr[1]!='\\' || ptr[2]!='u')	break;	/* missing second-half of surrogate.	*/
 224:Core/Src/device/cjson.c **** 						uc2=parse_hex4(ptr+3);ptr+=6;
 225:Core/Src/device/cjson.c **** 						if (uc2<0xDC00 || uc2>0xDFFF)		break;	/* invalid second-half of surrogate.	*/
ARM GAS  C:\Users\airforce\AppData\Local\Temp\ccf0vFDc.s 			page 11


 226:Core/Src/device/cjson.c **** 						uc=0x10000 + (((uc&0x3FF)<<10) | (uc2&0x3FF));
 227:Core/Src/device/cjson.c **** 					}
 228:Core/Src/device/cjson.c **** 
 229:Core/Src/device/cjson.c **** 					len=4;if (uc<0x80) len=1;else if (uc<0x800) len=2;else if (uc<0x10000) len=3; ptr2+=len;
 230:Core/Src/device/cjson.c **** 					
 231:Core/Src/device/cjson.c **** 					switch (len) {
 232:Core/Src/device/cjson.c **** 						case 4: *--ptr2 =((uc | 0x80) & 0xBF); uc >>= 6;
 233:Core/Src/device/cjson.c **** 						case 3: *--ptr2 =((uc | 0x80) & 0xBF); uc >>= 6;
 234:Core/Src/device/cjson.c **** 						case 2: *--ptr2 =((uc | 0x80) & 0xBF); uc >>= 6;
 235:Core/Src/device/cjson.c **** 						case 1: *--ptr2 =(uc | firstByteMark[len]);
 236:Core/Src/device/cjson.c **** 					}
 237:Core/Src/device/cjson.c **** 					ptr2+=len;
 238:Core/Src/device/cjson.c **** 					break;
 239:Core/Src/device/cjson.c **** 				default:  *ptr2++=*ptr; break;
 240:Core/Src/device/cjson.c **** 			}
 241:Core/Src/device/cjson.c **** 			ptr++;
 242:Core/Src/device/cjson.c **** 		}
 243:Core/Src/device/cjson.c **** 	}
 244:Core/Src/device/cjson.c **** 	*ptr2=0;
 245:Core/Src/device/cjson.c **** 	if (*ptr=='\"') ptr++;
 246:Core/Src/device/cjson.c **** 	item->valuestring=out;
 247:Core/Src/device/cjson.c **** 	item->type=cJSON_String;
 248:Core/Src/device/cjson.c **** 	return ptr;
 249:Core/Src/device/cjson.c **** }
 297              		.loc 1 249 1 view .LVU102
 298 002a 2846     		mov	r0, r5
 299 002c BDE8F081 		pop	{r4, r5, r6, r7, r8, pc}
 300              	.LVL28:
 301              	.L26:
 197:Core/Src/device/cjson.c **** 	
 302              		.loc 1 197 58 is_stmt 1 discriminator 1 view .LVU103
 197:Core/Src/device/cjson.c **** 	
 303              		.loc 1 197 61 is_stmt 0 discriminator 1 view .LVU104
 304 0030 0233     		adds	r3, r3, #2
 305              	.LVL29:
 197:Core/Src/device/cjson.c **** 	
 306              		.loc 1 197 61 discriminator 1 view .LVU105
 307 0032 EEE7     		b	.L23
 308              	.LVL30:
 309              	.L25:
 199:Core/Src/device/cjson.c **** 	if (!out) return 0;
 310              		.loc 1 199 2 is_stmt 1 view .LVU106
 199:Core/Src/device/cjson.c **** 	if (!out) return 0;
 311              		.loc 1 199 13 is_stmt 0 view .LVU107
 312 0034 574B     		ldr	r3, .L66+4
 313              	.LVL31:
 199:Core/Src/device/cjson.c **** 	if (!out) return 0;
 314              		.loc 1 199 13 view .LVU108
 315 0036 1B68     		ldr	r3, [r3]
 316 0038 9847     		blx	r3
 317              	.LVL32:
 200:Core/Src/device/cjson.c **** 	
 318              		.loc 1 200 2 is_stmt 1 view .LVU109
 200:Core/Src/device/cjson.c **** 	
 319              		.loc 1 200 5 is_stmt 0 view .LVU110
 320 003a 0746     		mov	r7, r0
 321 003c 0028     		cmp	r0, #0
ARM GAS  C:\Users\airforce\AppData\Local\Temp\ccf0vFDc.s 			page 12


 322 003e F3D0     		beq	.L24
 202:Core/Src/device/cjson.c **** 	while (*ptr!='\"' && *ptr)
 323              		.loc 1 202 16 view .LVU111
 324 0040 0446     		mov	r4, r0
 325 0042 06E0     		b	.L28
 326              	.LVL33:
 327              	.L49:
 205:Core/Src/device/cjson.c **** 		else
 328              		.loc 1 205 3 is_stmt 1 view .LVU112
 205:Core/Src/device/cjson.c **** 		else
 329              		.loc 1 205 6 is_stmt 0 view .LVU113
 330 0044 5C2B     		cmp	r3, #92
 205:Core/Src/device/cjson.c **** 		else
 331              		.loc 1 205 31 discriminator 1 view .LVU114
 332 0046 05F10102 		add	r2, r5, #1
 205:Core/Src/device/cjson.c **** 		else
 333              		.loc 1 205 6 view .LVU115
 334 004a 12D0     		beq	.L30
 205:Core/Src/device/cjson.c **** 		else
 335              		.loc 1 205 19 is_stmt 1 discriminator 1 view .LVU116
 336              	.LVL34:
 205:Core/Src/device/cjson.c **** 		else
 337              		.loc 1 205 26 is_stmt 0 discriminator 1 view .LVU117
 338 004c 04F8013B 		strb	r3, [r4], #1
 339              	.LVL35:
 340              	.L31:
 205:Core/Src/device/cjson.c **** 		else
 341              		.loc 1 205 24 discriminator 1 view .LVU118
 342 0050 1546     		mov	r5, r2
 343              	.LVL36:
 344              	.L28:
 203:Core/Src/device/cjson.c **** 	{
 345              		.loc 1 203 20 is_stmt 1 view .LVU119
 203:Core/Src/device/cjson.c **** 	{
 346              		.loc 1 203 9 is_stmt 0 view .LVU120
 347 0052 2B78     		ldrb	r3, [r5]	@ zero_extendqisi2
 203:Core/Src/device/cjson.c **** 	{
 348              		.loc 1 203 20 view .LVU121
 349 0054 222B     		cmp	r3, #34
 350 0056 01D0     		beq	.L48
 203:Core/Src/device/cjson.c **** 	{
 351              		.loc 1 203 20 discriminator 1 view .LVU122
 352 0058 002B     		cmp	r3, #0
 353 005a F3D1     		bne	.L49
 354              	.L48:
 244:Core/Src/device/cjson.c **** 	if (*ptr=='\"') ptr++;
 355              		.loc 1 244 2 is_stmt 1 view .LVU123
 244:Core/Src/device/cjson.c **** 	if (*ptr=='\"') ptr++;
 356              		.loc 1 244 7 is_stmt 0 view .LVU124
 357 005c 0023     		movs	r3, #0
 358 005e 2370     		strb	r3, [r4]
 245:Core/Src/device/cjson.c **** 	item->valuestring=out;
 359              		.loc 1 245 2 is_stmt 1 view .LVU125
 245:Core/Src/device/cjson.c **** 	item->valuestring=out;
 360              		.loc 1 245 5 is_stmt 0 view .LVU126
 361 0060 2B78     		ldrb	r3, [r5]	@ zero_extendqisi2
 246:Core/Src/device/cjson.c **** 	item->type=cJSON_String;
ARM GAS  C:\Users\airforce\AppData\Local\Temp\ccf0vFDc.s 			page 13


 362              		.loc 1 246 19 view .LVU127
 363 0062 3761     		str	r7, [r6, #16]
 245:Core/Src/device/cjson.c **** 	item->valuestring=out;
 364              		.loc 1 245 5 view .LVU128
 365 0064 222B     		cmp	r3, #34
 245:Core/Src/device/cjson.c **** 	item->valuestring=out;
 366              		.loc 1 245 18 is_stmt 1 discriminator 1 view .LVU129
 367              	.LVL37:
 247:Core/Src/device/cjson.c **** 	return ptr;
 368              		.loc 1 247 12 is_stmt 0 view .LVU130
 369 0066 4FF00403 		mov	r3, #4
 245:Core/Src/device/cjson.c **** 	item->valuestring=out;
 370              		.loc 1 245 21 discriminator 1 view .LVU131
 371 006a 08BF     		it	eq
 372 006c 0135     		addeq	r5, r5, #1
 373              	.LVL38:
 246:Core/Src/device/cjson.c **** 	item->type=cJSON_String;
 374              		.loc 1 246 2 is_stmt 1 view .LVU132
 247:Core/Src/device/cjson.c **** 	return ptr;
 375              		.loc 1 247 2 view .LVU133
 247:Core/Src/device/cjson.c **** 	return ptr;
 376              		.loc 1 247 12 is_stmt 0 view .LVU134
 377 006e F360     		str	r3, [r6, #12]
 248:Core/Src/device/cjson.c **** }
 378              		.loc 1 248 2 is_stmt 1 view .LVU135
 248:Core/Src/device/cjson.c **** }
 379              		.loc 1 248 9 is_stmt 0 view .LVU136
 380 0070 DBE7     		b	.L21
 381              	.LVL39:
 382              	.L30:
 208:Core/Src/device/cjson.c **** 			switch (*ptr)
 383              		.loc 1 208 4 is_stmt 1 view .LVU137
 209:Core/Src/device/cjson.c **** 			{
 384              		.loc 1 209 4 view .LVU138
 209:Core/Src/device/cjson.c **** 			{
 385              		.loc 1 209 12 is_stmt 0 view .LVU139
 386 0072 6B78     		ldrb	r3, [r5, #1]	@ zero_extendqisi2
 209:Core/Src/device/cjson.c **** 			{
 387              		.loc 1 209 4 view .LVU140
 388 0074 752B     		cmp	r3, #117
 389 0076 07D8     		bhi	.L32
 390 0078 6D2B     		cmp	r3, #109
 391 007a 08D8     		bhi	.L33
 392 007c 622B     		cmp	r3, #98
 393 007e 04F10101 		add	r1, r4, #1
 394 0082 1BD0     		beq	.L34
 395 0084 662B     		cmp	r3, #102
 396 0086 1ED0     		beq	.L35
 397              	.LVL40:
 398              	.L32:
 239:Core/Src/device/cjson.c **** 			}
 399              		.loc 1 239 15 is_stmt 1 view .LVU141
 239:Core/Src/device/cjson.c **** 			}
 400              		.loc 1 239 22 is_stmt 0 view .LVU142
 401 0088 04F8013B 		strb	r3, [r4], #1
 402              	.LVL41:
 239:Core/Src/device/cjson.c **** 			}
ARM GAS  C:\Users\airforce\AppData\Local\Temp\ccf0vFDc.s 			page 14


 403              		.loc 1 239 29 is_stmt 1 view .LVU143
 404 008c 19E0     		b	.L41
 405              	.L33:
 209:Core/Src/device/cjson.c **** 			{
 406              		.loc 1 209 4 is_stmt 0 view .LVU144
 407 008e A3F16E01 		sub	r1, r3, #110
 408 0092 0729     		cmp	r1, #7
 409 0094 F8D8     		bhi	.L32
 410 0096 01A0     		adr	r0, .L37
 411 0098 50F821F0 		ldr	pc, [r0, r1, lsl #2]
 412              		.p2align 2
 413              	.L37:
 414 009c CB000000 		.word	.L40+1
 415 00a0 89000000 		.word	.L32+1
 416 00a4 89000000 		.word	.L32+1
 417 00a8 89000000 		.word	.L32+1
 418 00ac CF000000 		.word	.L39+1
 419 00b0 89000000 		.word	.L32+1
 420 00b4 D3000000 		.word	.L38+1
 421 00b8 D7000000 		.word	.L36+1
 422              		.p2align 1
 423              	.L34:
 211:Core/Src/device/cjson.c **** 				case 'f': *ptr2++='\f';	break;
 424              		.loc 1 211 15 is_stmt 1 view .LVU145
 425              	.LVL42:
 211:Core/Src/device/cjson.c **** 				case 'f': *ptr2++='\f';	break;
 426              		.loc 1 211 22 is_stmt 0 view .LVU146
 427 00bc 0823     		movs	r3, #8
 428              	.L65:
 212:Core/Src/device/cjson.c **** 				case 'n': *ptr2++='\n';	break;
 429              		.loc 1 212 22 view .LVU147
 430 00be 2370     		strb	r3, [r4]
 212:Core/Src/device/cjson.c **** 				case 'n': *ptr2++='\n';	break;
 431              		.loc 1 212 29 is_stmt 1 view .LVU148
 212:Core/Src/device/cjson.c **** 				case 'n': *ptr2++='\n';	break;
 432              		.loc 1 212 20 is_stmt 0 view .LVU149
 433 00c0 0C46     		mov	r4, r1
 434              	.LVL43:
 435              	.L41:
 241:Core/Src/device/cjson.c **** 		}
 436              		.loc 1 241 4 is_stmt 1 view .LVU150
 241:Core/Src/device/cjson.c **** 		}
 437              		.loc 1 241 7 is_stmt 0 view .LVU151
 438 00c2 0132     		adds	r2, r2, #1
 439              	.LVL44:
 241:Core/Src/device/cjson.c **** 		}
 440              		.loc 1 241 7 view .LVU152
 441 00c4 C4E7     		b	.L31
 442              	.LVL45:
 443              	.L35:
 212:Core/Src/device/cjson.c **** 				case 'n': *ptr2++='\n';	break;
 444              		.loc 1 212 15 is_stmt 1 view .LVU153
 212:Core/Src/device/cjson.c **** 				case 'n': *ptr2++='\n';	break;
 445              		.loc 1 212 22 is_stmt 0 view .LVU154
 446 00c6 0C23     		movs	r3, #12
 447 00c8 F9E7     		b	.L65
 448              	.LVL46:
ARM GAS  C:\Users\airforce\AppData\Local\Temp\ccf0vFDc.s 			page 15


 449              	.L40:
 213:Core/Src/device/cjson.c **** 				case 'r': *ptr2++='\r';	break;
 450              		.loc 1 213 15 is_stmt 1 view .LVU155
 213:Core/Src/device/cjson.c **** 				case 'r': *ptr2++='\r';	break;
 451              		.loc 1 213 22 is_stmt 0 view .LVU156
 452 00ca 0A23     		movs	r3, #10
 453 00cc DCE7     		b	.L32
 454              	.LVL47:
 455              	.L39:
 214:Core/Src/device/cjson.c **** 				case 't': *ptr2++='\t';	break;
 456              		.loc 1 214 15 is_stmt 1 view .LVU157
 214:Core/Src/device/cjson.c **** 				case 't': *ptr2++='\t';	break;
 457              		.loc 1 214 22 is_stmt 0 view .LVU158
 458 00ce 0D23     		movs	r3, #13
 459 00d0 DAE7     		b	.L32
 460              	.LVL48:
 461              	.L38:
 215:Core/Src/device/cjson.c **** 				case 'u':	 /* transcode utf16 to utf8. */
 462              		.loc 1 215 15 is_stmt 1 view .LVU159
 215:Core/Src/device/cjson.c **** 				case 'u':	 /* transcode utf16 to utf8. */
 463              		.loc 1 215 22 is_stmt 0 view .LVU160
 464 00d2 0923     		movs	r3, #9
 465 00d4 D8E7     		b	.L32
 466              	.LVL49:
 467              	.L36:
 217:Core/Src/device/cjson.c **** 
 468              		.loc 1 217 6 is_stmt 1 view .LVU161
 217:Core/Src/device/cjson.c **** 
 469              		.loc 1 217 9 is_stmt 0 view .LVU162
 470 00d6 A81C     		adds	r0, r5, #2
 471 00d8 FFF7FEFF 		bl	parse_hex4
 472              	.LVL50:
 219:Core/Src/device/cjson.c **** 
 473              		.loc 1 219 22 view .LVU163
 474 00dc A0F55C43 		sub	r3, r0, #56320
 219:Core/Src/device/cjson.c **** 
 475              		.loc 1 219 9 view .LVU164
 476 00e0 B3F5806F 		cmp	r3, #1024
 217:Core/Src/device/cjson.c **** 
 477              		.loc 1 217 9 view .LVU165
 478 00e4 8046     		mov	r8, r0
 479              	.LVL51:
 217:Core/Src/device/cjson.c **** 
 480              		.loc 1 217 27 is_stmt 1 discriminator 1 view .LVU166
 217:Core/Src/device/cjson.c **** 
 481              		.loc 1 217 30 is_stmt 0 discriminator 1 view .LVU167
 482 00e6 05F10502 		add	r2, r5, #5
 483              	.LVL52:
 219:Core/Src/device/cjson.c **** 
 484              		.loc 1 219 6 is_stmt 1 view .LVU168
 219:Core/Src/device/cjson.c **** 
 485              		.loc 1 219 9 is_stmt 0 view .LVU169
 486 00ea EAD3     		bcc	.L41
 219:Core/Src/device/cjson.c **** 
 487              		.loc 1 219 37 discriminator 1 view .LVU170
 488 00ec 0028     		cmp	r0, #0
 489 00ee E8D0     		beq	.L41
ARM GAS  C:\Users\airforce\AppData\Local\Temp\ccf0vFDc.s 			page 16


 221:Core/Src/device/cjson.c **** 					{
 490              		.loc 1 221 6 is_stmt 1 view .LVU171
 221:Core/Src/device/cjson.c **** 					{
 491              		.loc 1 221 21 is_stmt 0 view .LVU172
 492 00f0 A0F55843 		sub	r3, r0, #55296
 221:Core/Src/device/cjson.c **** 					{
 493              		.loc 1 221 9 view .LVU173
 494 00f4 B3F5806F 		cmp	r3, #1024
 495 00f8 2BD2     		bcs	.L42
 223:Core/Src/device/cjson.c **** 						uc2=parse_hex4(ptr+3);ptr+=6;
 496              		.loc 1 223 7 is_stmt 1 view .LVU174
 223:Core/Src/device/cjson.c **** 						uc2=parse_hex4(ptr+3);ptr+=6;
 497              		.loc 1 223 10 is_stmt 0 view .LVU175
 498 00fa AB79     		ldrb	r3, [r5, #6]	@ zero_extendqisi2
 499 00fc 5C2B     		cmp	r3, #92
 500 00fe E0D1     		bne	.L41
 223:Core/Src/device/cjson.c **** 						uc2=parse_hex4(ptr+3);ptr+=6;
 501              		.loc 1 223 24 discriminator 1 view .LVU176
 502 0100 EB79     		ldrb	r3, [r5, #7]	@ zero_extendqisi2
 503 0102 752B     		cmp	r3, #117
 504 0104 DDD1     		bne	.L41
 224:Core/Src/device/cjson.c **** 						if (uc2<0xDC00 || uc2>0xDFFF)		break;	/* invalid second-half of surrogate.	*/
 505              		.loc 1 224 7 is_stmt 1 view .LVU177
 224:Core/Src/device/cjson.c **** 						if (uc2<0xDC00 || uc2>0xDFFF)		break;	/* invalid second-half of surrogate.	*/
 506              		.loc 1 224 11 is_stmt 0 view .LVU178
 507 0106 05F10800 		add	r0, r5, #8
 508              	.LVL53:
 224:Core/Src/device/cjson.c **** 						if (uc2<0xDC00 || uc2>0xDFFF)		break;	/* invalid second-half of surrogate.	*/
 509              		.loc 1 224 11 view .LVU179
 510 010a FFF7FEFF 		bl	parse_hex4
 511              	.LVL54:
 225:Core/Src/device/cjson.c **** 						uc=0x10000 + (((uc&0x3FF)<<10) | (uc2&0x3FF));
 512              		.loc 1 225 22 view .LVU180
 513 010e A0F55C41 		sub	r1, r0, #56320
 225:Core/Src/device/cjson.c **** 						uc=0x10000 + (((uc&0x3FF)<<10) | (uc2&0x3FF));
 514              		.loc 1 225 10 view .LVU181
 515 0112 B1F5806F 		cmp	r1, #1024
 224:Core/Src/device/cjson.c **** 						if (uc2<0xDC00 || uc2>0xDFFF)		break;	/* invalid second-half of surrogate.	*/
 516              		.loc 1 224 11 view .LVU182
 517 0116 0346     		mov	r3, r0
 518              	.LVL55:
 224:Core/Src/device/cjson.c **** 						if (uc2<0xDC00 || uc2>0xDFFF)		break;	/* invalid second-half of surrogate.	*/
 519              		.loc 1 224 29 is_stmt 1 discriminator 1 view .LVU183
 224:Core/Src/device/cjson.c **** 						if (uc2<0xDC00 || uc2>0xDFFF)		break;	/* invalid second-half of surrogate.	*/
 520              		.loc 1 224 32 is_stmt 0 discriminator 1 view .LVU184
 521 0118 05F10B02 		add	r2, r5, #11
 522              	.LVL56:
 225:Core/Src/device/cjson.c **** 						uc=0x10000 + (((uc&0x3FF)<<10) | (uc2&0x3FF));
 523              		.loc 1 225 7 is_stmt 1 view .LVU185
 225:Core/Src/device/cjson.c **** 						uc=0x10000 + (((uc&0x3FF)<<10) | (uc2&0x3FF));
 524              		.loc 1 225 10 is_stmt 0 view .LVU186
 525 011c D1D2     		bcs	.L41
 226:Core/Src/device/cjson.c **** 					}
 526              		.loc 1 226 7 is_stmt 1 view .LVU187
 226:Core/Src/device/cjson.c **** 					}
 527              		.loc 1 226 32 is_stmt 0 view .LVU188
 528 011e 1E48     		ldr	r0, .L66+8
ARM GAS  C:\Users\airforce\AppData\Local\Temp\ccf0vFDc.s 			page 17


 529              	.LVL57:
 226:Core/Src/device/cjson.c **** 					}
 530              		.loc 1 226 44 view .LVU189
 531 0120 C3F30903 		ubfx	r3, r3, #0, #10
 532              	.LVL58:
 226:Core/Src/device/cjson.c **** 					}
 533              		.loc 1 226 32 view .LVU190
 534 0124 00EA8820 		and	r0, r0, r8, lsl #10
 226:Core/Src/device/cjson.c **** 					}
 535              		.loc 1 226 38 view .LVU191
 536 0128 1843     		orrs	r0, r0, r3
 537              	.LVL59:
 229:Core/Src/device/cjson.c **** 					
 538              		.loc 1 229 6 is_stmt 1 view .LVU192
 229:Core/Src/device/cjson.c **** 					
 539              		.loc 1 229 12 view .LVU193
 229:Core/Src/device/cjson.c **** 					
 540              		.loc 1 229 36 discriminator 2 view .LVU194
 229:Core/Src/device/cjson.c **** 					
 541              		.loc 1 229 61 discriminator 5 view .LVU195
 229:Core/Src/device/cjson.c **** 					
 542              		.loc 1 229 84 discriminator 9 view .LVU196
 231:Core/Src/device/cjson.c **** 						case 4: *--ptr2 =((uc | 0x80) & 0xBF); uc >>= 6;
 543              		.loc 1 231 6 view .LVU197
 232:Core/Src/device/cjson.c **** 						case 3: *--ptr2 =((uc | 0x80) & 0xBF); uc >>= 6;
 544              		.loc 1 232 15 view .LVU198
 232:Core/Src/device/cjson.c **** 						case 3: *--ptr2 =((uc | 0x80) & 0xBF); uc >>= 6;
 545              		.loc 1 232 37 is_stmt 0 view .LVU199
 546 012a 03F03F03 		and	r3, r3, #63
 547 012e 63F07F03 		orn	r3, r3, #127
 232:Core/Src/device/cjson.c **** 						case 3: *--ptr2 =((uc | 0x80) & 0xBF); uc >>= 6;
 548              		.loc 1 232 23 view .LVU200
 549 0132 E370     		strb	r3, [r4, #3]
 229:Core/Src/device/cjson.c **** 					
 550              		.loc 1 229 9 view .LVU201
 551 0134 0423     		movs	r3, #4
 232:Core/Src/device/cjson.c **** 						case 3: *--ptr2 =((uc | 0x80) & 0xBF); uc >>= 6;
 552              		.loc 1 232 49 view .LVU202
 553 0136 8009     		lsrs	r0, r0, #6
 554              	.LVL60:
 232:Core/Src/device/cjson.c **** 						case 3: *--ptr2 =((uc | 0x80) & 0xBF); uc >>= 6;
 555              		.loc 1 232 23 view .LVU203
 556 0138 E51C     		adds	r5, r4, #3
 557              	.LVL61:
 232:Core/Src/device/cjson.c **** 						case 3: *--ptr2 =((uc | 0x80) & 0xBF); uc >>= 6;
 558              		.loc 1 232 46 is_stmt 1 view .LVU204
 232:Core/Src/device/cjson.c **** 						case 3: *--ptr2 =((uc | 0x80) & 0xBF); uc >>= 6;
 559              		.loc 1 232 49 is_stmt 0 view .LVU205
 560 013a 00F58068 		add	r8, r0, #1024
 561              	.LVL62:
 562              	.L43:
 233:Core/Src/device/cjson.c **** 						case 2: *--ptr2 =((uc | 0x80) & 0xBF); uc >>= 6;
 563              		.loc 1 233 15 is_stmt 1 view .LVU206
 233:Core/Src/device/cjson.c **** 						case 2: *--ptr2 =((uc | 0x80) & 0xBF); uc >>= 6;
 564              		.loc 1 233 37 is_stmt 0 view .LVU207
 565 013e 08F03F00 		and	r0, r8, #63
 566 0142 60F07F00 		orn	r0, r0, #127
ARM GAS  C:\Users\airforce\AppData\Local\Temp\ccf0vFDc.s 			page 18


 233:Core/Src/device/cjson.c **** 						case 2: *--ptr2 =((uc | 0x80) & 0xBF); uc >>= 6;
 567              		.loc 1 233 23 view .LVU208
 568 0146 691E     		subs	r1, r5, #1
 569              	.LVL63:
 233:Core/Src/device/cjson.c **** 						case 2: *--ptr2 =((uc | 0x80) & 0xBF); uc >>= 6;
 570              		.loc 1 233 23 view .LVU209
 571 0148 05F8010C 		strb	r0, [r5, #-1]
 233:Core/Src/device/cjson.c **** 						case 2: *--ptr2 =((uc | 0x80) & 0xBF); uc >>= 6;
 572              		.loc 1 233 46 is_stmt 1 view .LVU210
 233:Core/Src/device/cjson.c **** 						case 2: *--ptr2 =((uc | 0x80) & 0xBF); uc >>= 6;
 573              		.loc 1 233 49 is_stmt 0 view .LVU211
 574 014c 4FEA9818 		lsr	r8, r8, #6
 575              	.LVL64:
 233:Core/Src/device/cjson.c **** 						case 2: *--ptr2 =((uc | 0x80) & 0xBF); uc >>= 6;
 576              		.loc 1 233 49 view .LVU212
 577 0150 09E0     		b	.L46
 578              	.LVL65:
 579              	.L42:
 229:Core/Src/device/cjson.c **** 					
 580              		.loc 1 229 6 is_stmt 1 view .LVU213
 229:Core/Src/device/cjson.c **** 					
 581              		.loc 1 229 12 view .LVU214
 229:Core/Src/device/cjson.c **** 					
 582              		.loc 1 229 15 is_stmt 0 view .LVU215
 583 0152 7F28     		cmp	r0, #127
 584 0154 11D9     		bls	.L44
 229:Core/Src/device/cjson.c **** 					
 585              		.loc 1 229 36 is_stmt 1 discriminator 2 view .LVU216
 229:Core/Src/device/cjson.c **** 					
 586              		.loc 1 229 39 is_stmt 0 discriminator 2 view .LVU217
 587 0156 B0F5006F 		cmp	r0, #2048
 588 015a 02D3     		bcc	.L45
 229:Core/Src/device/cjson.c **** 					
 589              		.loc 1 229 61 is_stmt 1 discriminator 5 view .LVU218
 229:Core/Src/device/cjson.c **** 					
 590              		.loc 1 229 77 discriminator 7 view .LVU219
 591              	.LVL66:
 229:Core/Src/device/cjson.c **** 					
 592              		.loc 1 229 84 discriminator 9 view .LVU220
 229:Core/Src/device/cjson.c **** 					
 593              		.loc 1 229 80 is_stmt 0 discriminator 7 view .LVU221
 594 015c 0323     		movs	r3, #3
 229:Core/Src/device/cjson.c **** 					
 595              		.loc 1 229 88 discriminator 9 view .LVU222
 596 015e E51C     		adds	r5, r4, #3
 597              	.LVL67:
 231:Core/Src/device/cjson.c **** 						case 4: *--ptr2 =((uc | 0x80) & 0xBF); uc >>= 6;
 598              		.loc 1 231 6 is_stmt 1 view .LVU223
 599 0160 EDE7     		b	.L43
 600              	.LVL68:
 601              	.L45:
 229:Core/Src/device/cjson.c **** 					
 602              		.loc 1 229 84 discriminator 9 view .LVU224
 229:Core/Src/device/cjson.c **** 					
 603              		.loc 1 229 53 is_stmt 0 discriminator 4 view .LVU225
 604 0162 0223     		movs	r3, #2
 229:Core/Src/device/cjson.c **** 					
ARM GAS  C:\Users\airforce\AppData\Local\Temp\ccf0vFDc.s 			page 19


 605              		.loc 1 229 88 discriminator 9 view .LVU226
 606 0164 A11C     		adds	r1, r4, #2
 607              	.LVL69:
 231:Core/Src/device/cjson.c **** 						case 4: *--ptr2 =((uc | 0x80) & 0xBF); uc >>= 6;
 608              		.loc 1 231 6 is_stmt 1 view .LVU227
 609              	.L46:
 234:Core/Src/device/cjson.c **** 						case 1: *--ptr2 =(uc | firstByteMark[len]);
 610              		.loc 1 234 15 view .LVU228
 234:Core/Src/device/cjson.c **** 						case 1: *--ptr2 =(uc | firstByteMark[len]);
 611              		.loc 1 234 37 is_stmt 0 view .LVU229
 612 0166 08F03F00 		and	r0, r8, #63
 613 016a 60F07F00 		orn	r0, r0, #127
 234:Core/Src/device/cjson.c **** 						case 1: *--ptr2 =(uc | firstByteMark[len]);
 614              		.loc 1 234 23 view .LVU230
 615 016e 4C1E     		subs	r4, r1, #1
 616              	.LVL70:
 234:Core/Src/device/cjson.c **** 						case 1: *--ptr2 =(uc | firstByteMark[len]);
 617              		.loc 1 234 23 view .LVU231
 618 0170 01F8010C 		strb	r0, [r1, #-1]
 234:Core/Src/device/cjson.c **** 						case 1: *--ptr2 =(uc | firstByteMark[len]);
 619              		.loc 1 234 46 is_stmt 1 view .LVU232
 234:Core/Src/device/cjson.c **** 						case 1: *--ptr2 =(uc | firstByteMark[len]);
 620              		.loc 1 234 49 is_stmt 0 view .LVU233
 621 0174 4FEA9818 		lsr	r8, r8, #6
 622              	.LVL71:
 234:Core/Src/device/cjson.c **** 						case 1: *--ptr2 =(uc | firstByteMark[len]);
 623              		.loc 1 234 49 view .LVU234
 624 0178 01E0     		b	.L47
 625              	.LVL72:
 626              	.L44:
 229:Core/Src/device/cjson.c **** 					
 627              		.loc 1 229 84 is_stmt 1 discriminator 9 view .LVU235
 229:Core/Src/device/cjson.c **** 					
 628              		.loc 1 229 28 is_stmt 0 discriminator 1 view .LVU236
 629 017a 0123     		movs	r3, #1
 229:Core/Src/device/cjson.c **** 					
 630              		.loc 1 229 88 discriminator 9 view .LVU237
 631 017c 0134     		adds	r4, r4, #1
 632              	.LVL73:
 231:Core/Src/device/cjson.c **** 						case 4: *--ptr2 =((uc | 0x80) & 0xBF); uc >>= 6;
 633              		.loc 1 231 6 is_stmt 1 view .LVU238
 634              	.L47:
 235:Core/Src/device/cjson.c **** 					}
 635              		.loc 1 235 15 view .LVU239
 235:Core/Src/device/cjson.c **** 					}
 636              		.loc 1 235 43 is_stmt 0 view .LVU240
 637 017e 0749     		ldr	r1, .L66+12
 235:Core/Src/device/cjson.c **** 					}
 638              		.loc 1 235 28 view .LVU241
 639 0180 C95C     		ldrb	r1, [r1, r3]	@ zero_extendqisi2
 237:Core/Src/device/cjson.c **** 					break;
 640              		.loc 1 237 10 view .LVU242
 641 0182 013B     		subs	r3, r3, #1
 235:Core/Src/device/cjson.c **** 					}
 642              		.loc 1 235 28 view .LVU243
 643 0184 41EA0801 		orr	r1, r1, r8
 235:Core/Src/device/cjson.c **** 					}
ARM GAS  C:\Users\airforce\AppData\Local\Temp\ccf0vFDc.s 			page 20


 644              		.loc 1 235 23 view .LVU244
 645 0188 04F8011C 		strb	r1, [r4, #-1]
 237:Core/Src/device/cjson.c **** 					break;
 646              		.loc 1 237 6 is_stmt 1 view .LVU245
 237:Core/Src/device/cjson.c **** 					break;
 647              		.loc 1 237 10 is_stmt 0 view .LVU246
 648 018c 1C44     		add	r4, r4, r3
 649              	.LVL74:
 238:Core/Src/device/cjson.c **** 				default:  *ptr2++=*ptr; break;
 650              		.loc 1 238 6 is_stmt 1 view .LVU247
 651 018e 98E7     		b	.L41
 652              	.L67:
 653              		.align	2
 654              	.L66:
 655 0190 00000000 		.word	ep
 656 0194 00000000 		.word	cJSON_malloc
 657 0198 00FC0F00 		.word	1047552
 658 019c 00000000 		.word	firstByteMark
 659              		.cfi_endproc
 660              	.LFE16:
 662              		.section	.text.skip,"ax",%progbits
 663              		.align	1
 664              		.syntax unified
 665              		.thumb
 666              		.thumb_func
 668              	skip:
 669              	.LVL75:
 670              	.LFB19:
 250:Core/Src/device/cjson.c **** 
 251:Core/Src/device/cjson.c **** /* Render the cstring provided to an escaped version that can be printed. */
 252:Core/Src/device/cjson.c **** static char *print_string_ptr(const char *str,printbuffer *p)
 253:Core/Src/device/cjson.c **** {
 254:Core/Src/device/cjson.c **** 	const char *ptr;char *ptr2,*out;int len=0,flag=0;unsigned char token;
 255:Core/Src/device/cjson.c **** 	
 256:Core/Src/device/cjson.c **** 	for (ptr=str;*ptr;ptr++) flag|=((*ptr>0 && *ptr<32)||(*ptr=='\"')||(*ptr=='\\'))?1:0;
 257:Core/Src/device/cjson.c **** 	if (!flag)
 258:Core/Src/device/cjson.c **** 	{
 259:Core/Src/device/cjson.c **** 		len=ptr-str;
 260:Core/Src/device/cjson.c **** 		if (p) out=ensure(p,len+3);
 261:Core/Src/device/cjson.c **** 		else		out=(char*)cJSON_malloc(len+3);
 262:Core/Src/device/cjson.c **** 		if (!out) return 0;
 263:Core/Src/device/cjson.c **** 		ptr2=out;*ptr2++='\"';
 264:Core/Src/device/cjson.c **** 		strcpy(ptr2,str);
 265:Core/Src/device/cjson.c **** 		ptr2[len]='\"';
 266:Core/Src/device/cjson.c **** 		ptr2[len+1]=0;
 267:Core/Src/device/cjson.c **** 		return out;
 268:Core/Src/device/cjson.c **** 	}
 269:Core/Src/device/cjson.c **** 	
 270:Core/Src/device/cjson.c **** 	if (!str)
 271:Core/Src/device/cjson.c **** 	{
 272:Core/Src/device/cjson.c **** 		if (p)	out=ensure(p,3);
 273:Core/Src/device/cjson.c **** 		else	out=(char*)cJSON_malloc(3);
 274:Core/Src/device/cjson.c **** 		if (!out) return 0;
 275:Core/Src/device/cjson.c **** 		strcpy(out,"\"\"");
 276:Core/Src/device/cjson.c **** 		return out;
 277:Core/Src/device/cjson.c **** 	}
 278:Core/Src/device/cjson.c **** 	ptr=str;while ((token=*ptr) && ++len) {if (strchr("\"\\\b\f\n\r\t",token)) len++; else if (token<3
ARM GAS  C:\Users\airforce\AppData\Local\Temp\ccf0vFDc.s 			page 21


 279:Core/Src/device/cjson.c **** 	
 280:Core/Src/device/cjson.c **** 	if (p)	out=ensure(p,len+3);
 281:Core/Src/device/cjson.c **** 	else	out=(char*)cJSON_malloc(len+3);
 282:Core/Src/device/cjson.c **** 	if (!out) return 0;
 283:Core/Src/device/cjson.c **** 
 284:Core/Src/device/cjson.c **** 	ptr2=out;ptr=str;
 285:Core/Src/device/cjson.c **** 	*ptr2++='\"';
 286:Core/Src/device/cjson.c **** 	while (*ptr)
 287:Core/Src/device/cjson.c **** 	{
 288:Core/Src/device/cjson.c **** 		if ((unsigned char)*ptr>31 && *ptr!='\"' && *ptr!='\\') *ptr2++=*ptr++;
 289:Core/Src/device/cjson.c **** 		else
 290:Core/Src/device/cjson.c **** 		{
 291:Core/Src/device/cjson.c **** 			*ptr2++='\\';
 292:Core/Src/device/cjson.c **** 			switch (token=*ptr++)
 293:Core/Src/device/cjson.c **** 			{
 294:Core/Src/device/cjson.c **** 				case '\\':	*ptr2++='\\';	break;
 295:Core/Src/device/cjson.c **** 				case '\"':	*ptr2++='\"';	break;
 296:Core/Src/device/cjson.c **** 				case '\b':	*ptr2++='b';	break;
 297:Core/Src/device/cjson.c **** 				case '\f':	*ptr2++='f';	break;
 298:Core/Src/device/cjson.c **** 				case '\n':	*ptr2++='n';	break;
 299:Core/Src/device/cjson.c **** 				case '\r':	*ptr2++='r';	break;
 300:Core/Src/device/cjson.c **** 				case '\t':	*ptr2++='t';	break;
 301:Core/Src/device/cjson.c **** 				default: sprintf(ptr2,"u%04x",token);ptr2+=5;	break;	/* escape and print */
 302:Core/Src/device/cjson.c **** 			}
 303:Core/Src/device/cjson.c **** 		}
 304:Core/Src/device/cjson.c **** 	}
 305:Core/Src/device/cjson.c **** 	*ptr2++='\"';*ptr2++=0;
 306:Core/Src/device/cjson.c **** 	return out;
 307:Core/Src/device/cjson.c **** }
 308:Core/Src/device/cjson.c **** /* Invote print_string_ptr (which is useful) on an item. */
 309:Core/Src/device/cjson.c **** static char *print_string(cJSON *item,printbuffer *p)	{return print_string_ptr(item->valuestring,p)
 310:Core/Src/device/cjson.c **** 
 311:Core/Src/device/cjson.c **** /* Predeclare these prototypes. */
 312:Core/Src/device/cjson.c **** static const char *parse_value(cJSON *item,const char *value);
 313:Core/Src/device/cjson.c **** static char *print_value(cJSON *item,int depth,int fmt,printbuffer *p);
 314:Core/Src/device/cjson.c **** static const char *parse_array(cJSON *item,const char *value);
 315:Core/Src/device/cjson.c **** static char *print_array(cJSON *item,int depth,int fmt,printbuffer *p);
 316:Core/Src/device/cjson.c **** static const char *parse_object(cJSON *item,const char *value);
 317:Core/Src/device/cjson.c **** static char *print_object(cJSON *item,int depth,int fmt,printbuffer *p);
 318:Core/Src/device/cjson.c **** 
 319:Core/Src/device/cjson.c **** /* Utility to jump whitespace and cr/lf */
 320:Core/Src/device/cjson.c **** static const char *skip(const char *in) {while (in && *in && (unsigned char)*in<=32) in++; return i
 671              		.loc 1 320 41 view -0
 672              		.cfi_startproc
 673              		@ args = 0, pretend = 0, frame = 0
 674              		@ frame_needed = 0, uses_anonymous_args = 0
 675              		@ link register save eliminated.
 676              		.loc 1 320 41 is_stmt 0 view .LVU249
 677 0000 0346     		mov	r3, r0
 678              		.loc 1 320 42 is_stmt 1 view .LVU250
 679              	.L70:
 680              	.LVL76:
 681              		.loc 1 320 42 is_stmt 0 view .LVU251
 682 0002 1846     		mov	r0, r3
 683              	.LVL77:
 684              		.loc 1 320 59 is_stmt 1 discriminator 1 view .LVU252
 685 0004 23B1     		cbz	r3, .L68
ARM GAS  C:\Users\airforce\AppData\Local\Temp\ccf0vFDc.s 			page 22


 686              		.loc 1 320 52 is_stmt 0 discriminator 2 view .LVU253
 687 0006 0278     		ldrb	r2, [r0]	@ zero_extendqisi2
 688 0008 0133     		adds	r3, r3, #1
 689 000a 013A     		subs	r2, r2, #1
 690 000c 1F2A     		cmp	r2, #31
 691 000e F8D9     		bls	.L70
 692              	.L68:
 693              		.loc 1 320 102 view .LVU254
 694 0010 7047     		bx	lr
 695              		.cfi_endproc
 696              	.LFE19:
 698              		.section	.text.cJSON_New_Item,"ax",%progbits
 699              		.align	1
 700              		.syntax unified
 701              		.thumb
 702              		.thumb_func
 704              	cJSON_New_Item:
 705              	.LFB8:
  74:Core/Src/device/cjson.c **** 	cJSON* node = (cJSON*)cJSON_malloc(sizeof(cJSON));
 706              		.loc 1 74 1 is_stmt 1 view -0
 707              		.cfi_startproc
 708              		@ args = 0, pretend = 0, frame = 0
 709              		@ frame_needed = 0, uses_anonymous_args = 0
  75:Core/Src/device/cjson.c **** 	if (node) memset(node,0,sizeof(cJSON));
 710              		.loc 1 75 2 view .LVU256
  75:Core/Src/device/cjson.c **** 	if (node) memset(node,0,sizeof(cJSON));
 711              		.loc 1 75 24 is_stmt 0 view .LVU257
 712 0000 064B     		ldr	r3, .L82
  74:Core/Src/device/cjson.c **** 	cJSON* node = (cJSON*)cJSON_malloc(sizeof(cJSON));
 713              		.loc 1 74 1 view .LVU258
 714 0002 10B5     		push	{r4, lr}
 715              	.LCFI2:
 716              		.cfi_def_cfa_offset 8
 717              		.cfi_offset 4, -8
 718              		.cfi_offset 14, -4
  75:Core/Src/device/cjson.c **** 	if (node) memset(node,0,sizeof(cJSON));
 719              		.loc 1 75 24 view .LVU259
 720 0004 2820     		movs	r0, #40
 721 0006 1B68     		ldr	r3, [r3]
 722 0008 9847     		blx	r3
 723              	.LVL78:
  76:Core/Src/device/cjson.c **** 	return node;
 724              		.loc 1 76 2 is_stmt 1 view .LVU260
  76:Core/Src/device/cjson.c **** 	return node;
 725              		.loc 1 76 5 is_stmt 0 view .LVU261
 726 000a 0446     		mov	r4, r0
 727 000c 18B1     		cbz	r0, .L77
  76:Core/Src/device/cjson.c **** 	return node;
 728              		.loc 1 76 12 is_stmt 1 discriminator 1 view .LVU262
 729 000e 2822     		movs	r2, #40
 730 0010 0021     		movs	r1, #0
 731 0012 FFF7FEFF 		bl	memset
 732              	.LVL79:
  77:Core/Src/device/cjson.c **** }
 733              		.loc 1 77 2 view .LVU263
 734              	.L77:
  78:Core/Src/device/cjson.c **** 
ARM GAS  C:\Users\airforce\AppData\Local\Temp\ccf0vFDc.s 			page 23


 735              		.loc 1 78 1 is_stmt 0 view .LVU264
 736 0016 2046     		mov	r0, r4
 737 0018 10BD     		pop	{r4, pc}
 738              	.LVL80:
 739              	.L83:
  78:Core/Src/device/cjson.c **** 
 740              		.loc 1 78 1 view .LVU265
 741 001a 00BF     		.align	2
 742              	.L82:
 743 001c 00000000 		.word	cJSON_malloc
 744              		.cfi_endproc
 745              	.LFE8:
 747              		.section	.rodata.parse_value.str1.1,"aMS",%progbits,1
 748              	.LC0:
 749 0000 6E756C6C 		.ascii	"null\000"
 749      00
 750              	.LC1:
 751 0005 66616C73 		.ascii	"false\000"
 751      6500
 752              	.LC2:
 753 000b 74727565 		.ascii	"true\000"
 753      00
 754              		.section	.text.parse_value,"ax",%progbits
 755              		.align	1
 756              		.syntax unified
 757              		.thumb
 758              		.thumb_func
 760              	parse_value:
 761              	.LVL81:
 762              	.LFB25:
 321:Core/Src/device/cjson.c **** 
 322:Core/Src/device/cjson.c **** /* Parse an object - create a new root, and populate. */
 323:Core/Src/device/cjson.c **** cJSON *cJSON_ParseWithOpts(const char *value,const char **return_parse_end,int require_null_termina
 324:Core/Src/device/cjson.c **** {
 325:Core/Src/device/cjson.c **** 	const char *end=0;
 326:Core/Src/device/cjson.c **** 	cJSON *c=cJSON_New_Item();
 327:Core/Src/device/cjson.c **** 	ep=0;
 328:Core/Src/device/cjson.c **** 	if (!c) return 0;       /* memory fail */
 329:Core/Src/device/cjson.c **** 
 330:Core/Src/device/cjson.c **** 	end=parse_value(c,skip(value));
 331:Core/Src/device/cjson.c **** 	if (!end)	{cJSON_Delete(c);return 0;}	/* parse failure. ep is set. */
 332:Core/Src/device/cjson.c **** 
 333:Core/Src/device/cjson.c **** 	/* if we require null-terminated JSON without appended garbage, skip and then check for a null ter
 334:Core/Src/device/cjson.c **** 	if (require_null_terminated) {end=skip(end);if (*end) {cJSON_Delete(c);ep=end;return 0;}}
 335:Core/Src/device/cjson.c **** 	if (return_parse_end) *return_parse_end=end;
 336:Core/Src/device/cjson.c **** 	return c;
 337:Core/Src/device/cjson.c **** }
 338:Core/Src/device/cjson.c **** /* Default options for cJSON_Parse */
 339:Core/Src/device/cjson.c **** cJSON *cJSON_Parse(const char *value) {return cJSON_ParseWithOpts(value,0,0);}
 340:Core/Src/device/cjson.c **** 
 341:Core/Src/device/cjson.c **** /* Render a cJSON item/entity/structure to text. */
 342:Core/Src/device/cjson.c **** char *cJSON_Print(cJSON *item)				{return print_value(item,0,1,0);}
 343:Core/Src/device/cjson.c **** char *cJSON_PrintUnformatted(cJSON *item)	{return print_value(item,0,0,0);}
 344:Core/Src/device/cjson.c **** 
 345:Core/Src/device/cjson.c **** char *cJSON_PrintBuffered(cJSON *item,int prebuffer,int fmt)
 346:Core/Src/device/cjson.c **** {
 347:Core/Src/device/cjson.c **** 	printbuffer p;
ARM GAS  C:\Users\airforce\AppData\Local\Temp\ccf0vFDc.s 			page 24


 348:Core/Src/device/cjson.c **** 	p.buffer=(char*)cJSON_malloc(prebuffer);
 349:Core/Src/device/cjson.c **** 	p.length=prebuffer;
 350:Core/Src/device/cjson.c **** 	p.offset=0;
 351:Core/Src/device/cjson.c **** 	return print_value(item,0,fmt,&p);
 352:Core/Src/device/cjson.c **** 	return p.buffer;
 353:Core/Src/device/cjson.c **** }
 354:Core/Src/device/cjson.c **** 
 355:Core/Src/device/cjson.c **** 
 356:Core/Src/device/cjson.c **** /* Parser core - when encountering text, process appropriately. */
 357:Core/Src/device/cjson.c **** static const char *parse_value(cJSON *item,const char *value)
 358:Core/Src/device/cjson.c **** {
 763              		.loc 1 358 1 is_stmt 1 view -0
 764              		.cfi_startproc
 765              		@ args = 0, pretend = 0, frame = 16
 766              		@ frame_needed = 0, uses_anonymous_args = 0
 359:Core/Src/device/cjson.c **** 	if (!value)						return 0;	/* Fail on null. */
 767              		.loc 1 359 2 view .LVU267
 358:Core/Src/device/cjson.c **** 	if (!value)						return 0;	/* Fail on null. */
 768              		.loc 1 358 1 is_stmt 0 view .LVU268
 769 0000 2DE9FF47 		push	{r0, r1, r2, r3, r4, r5, r6, r7, r8, r9, r10, lr}
 770              	.LCFI3:
 771              		.cfi_def_cfa_offset 48
 772              		.cfi_offset 4, -32
 773              		.cfi_offset 5, -28
 774              		.cfi_offset 6, -24
 775              		.cfi_offset 7, -20
 776              		.cfi_offset 8, -16
 777              		.cfi_offset 9, -12
 778              		.cfi_offset 10, -8
 779              		.cfi_offset 14, -4
 358:Core/Src/device/cjson.c **** 	if (!value)						return 0;	/* Fail on null. */
 780              		.loc 1 358 1 view .LVU269
 781 0004 0546     		mov	r5, r0
 782              		.loc 1 359 5 view .LVU270
 783 0006 0C46     		mov	r4, r1
 784 0008 0029     		cmp	r1, #0
 785 000a 00F0FC80 		beq	.L86
 360:Core/Src/device/cjson.c **** 	if (!strncmp(value,"null",4))	{ item->type=cJSON_NULL;  return value+4; }
 786              		.loc 1 360 2 is_stmt 1 view .LVU271
 787              		.loc 1 360 7 is_stmt 0 view .LVU272
 788 000e 0422     		movs	r2, #4
 789 0010 2046     		mov	r0, r4
 790              	.LVL82:
 791              		.loc 1 360 7 view .LVU273
 792 0012 A749     		ldr	r1, .L164
 793              	.LVL83:
 794              		.loc 1 360 7 view .LVU274
 795 0014 FFF7FEFF 		bl	strncmp
 796              	.LVL84:
 797              		.loc 1 360 5 discriminator 1 view .LVU275
 798 0018 18B9     		cbnz	r0, .L87
 799              		.loc 1 360 34 is_stmt 1 discriminator 1 view .LVU276
 800              		.loc 1 360 44 is_stmt 0 discriminator 1 view .LVU277
 801 001a 0223     		movs	r3, #2
 802 001c EB60     		str	r3, [r5, #12]
 803              		.loc 1 360 58 is_stmt 1 view .LVU278
 804              	.L161:
ARM GAS  C:\Users\airforce\AppData\Local\Temp\ccf0vFDc.s 			page 25


 361:Core/Src/device/cjson.c **** 	if (!strncmp(value,"false",5))	{ item->type=cJSON_False; return value+5; }
 362:Core/Src/device/cjson.c **** 	if (!strncmp(value,"true",4))	{ item->type=cJSON_True; item->valueint=1;	return value+4; }
 805              		.loc 1 362 75 view .LVU279
 806              		.loc 1 362 87 is_stmt 0 discriminator 1 view .LVU280
 807 001e 201D     		adds	r0, r4, #4
 808              		.loc 1 362 87 view .LVU281
 809 0020 07E0     		b	.L84
 810              	.L87:
 361:Core/Src/device/cjson.c **** 	if (!strncmp(value,"false",5))	{ item->type=cJSON_False; return value+5; }
 811              		.loc 1 361 2 is_stmt 1 view .LVU282
 361:Core/Src/device/cjson.c **** 	if (!strncmp(value,"false",5))	{ item->type=cJSON_False; return value+5; }
 812              		.loc 1 361 7 is_stmt 0 view .LVU283
 813 0022 0522     		movs	r2, #5
 814 0024 2046     		mov	r0, r4
 815 0026 A349     		ldr	r1, .L164+4
 816 0028 FFF7FEFF 		bl	strncmp
 817              	.LVL85:
 361:Core/Src/device/cjson.c **** 	if (!strncmp(value,"false",5))	{ item->type=cJSON_False; return value+5; }
 818              		.loc 1 361 5 discriminator 1 view .LVU284
 819 002c 20B9     		cbnz	r0, .L89
 361:Core/Src/device/cjson.c **** 	if (!strncmp(value,"false",5))	{ item->type=cJSON_False; return value+5; }
 820              		.loc 1 361 35 is_stmt 1 discriminator 1 view .LVU285
 361:Core/Src/device/cjson.c **** 	if (!strncmp(value,"false",5))	{ item->type=cJSON_False; return value+5; }
 821              		.loc 1 361 45 is_stmt 0 discriminator 1 view .LVU286
 822 002e E860     		str	r0, [r5, #12]
 361:Core/Src/device/cjson.c **** 	if (!strncmp(value,"false",5))	{ item->type=cJSON_False; return value+5; }
 823              		.loc 1 361 59 is_stmt 1 view .LVU287
 361:Core/Src/device/cjson.c **** 	if (!strncmp(value,"false",5))	{ item->type=cJSON_False; return value+5; }
 824              		.loc 1 361 71 is_stmt 0 discriminator 1 view .LVU288
 825 0030 601D     		adds	r0, r4, #5
 826              	.LVL86:
 827              	.L84:
 363:Core/Src/device/cjson.c **** 	if (*value=='\"')				{ return parse_string(item,value); }
 364:Core/Src/device/cjson.c **** 	if (*value=='-' || (*value>='0' && *value<='9'))	{ return parse_number(item,value); }
 365:Core/Src/device/cjson.c **** 	if (*value=='[')				{ return parse_array(item,value); }
 366:Core/Src/device/cjson.c **** 	if (*value=='{')				{ return parse_object(item,value); }
 367:Core/Src/device/cjson.c **** 
 368:Core/Src/device/cjson.c **** 	ep=value;return 0;	/* failure. */
 369:Core/Src/device/cjson.c **** }
 828              		.loc 1 369 1 view .LVU289
 829 0032 04B0     		add	sp, sp, #16
 830              	.LCFI4:
 831              		.cfi_remember_state
 832              		.cfi_def_cfa_offset 32
 833              		@ sp needed
 834 0034 BDE8F087 		pop	{r4, r5, r6, r7, r8, r9, r10, pc}
 835              	.LVL87:
 836              	.L89:
 837              	.LCFI5:
 838              		.cfi_restore_state
 362:Core/Src/device/cjson.c **** 	if (*value=='\"')				{ return parse_string(item,value); }
 839              		.loc 1 362 2 is_stmt 1 view .LVU290
 362:Core/Src/device/cjson.c **** 	if (*value=='\"')				{ return parse_string(item,value); }
 840              		.loc 1 362 7 is_stmt 0 view .LVU291
 841 0038 0422     		movs	r2, #4
 842 003a 2046     		mov	r0, r4
 843 003c 9E49     		ldr	r1, .L164+8
ARM GAS  C:\Users\airforce\AppData\Local\Temp\ccf0vFDc.s 			page 26


 844 003e FFF7FEFF 		bl	strncmp
 845              	.LVL88:
 362:Core/Src/device/cjson.c **** 	if (*value=='\"')				{ return parse_string(item,value); }
 846              		.loc 1 362 5 discriminator 1 view .LVU292
 847 0042 18B9     		cbnz	r0, .L90
 362:Core/Src/device/cjson.c **** 	if (*value=='\"')				{ return parse_string(item,value); }
 848              		.loc 1 362 34 is_stmt 1 discriminator 1 view .LVU293
 362:Core/Src/device/cjson.c **** 	if (*value=='\"')				{ return parse_string(item,value); }
 849              		.loc 1 362 44 is_stmt 0 discriminator 1 view .LVU294
 850 0044 0123     		movs	r3, #1
 851 0046 EB60     		str	r3, [r5, #12]
 362:Core/Src/device/cjson.c **** 	if (*value=='\"')				{ return parse_string(item,value); }
 852              		.loc 1 362 57 is_stmt 1 view .LVU295
 362:Core/Src/device/cjson.c **** 	if (*value=='\"')				{ return parse_string(item,value); }
 853              		.loc 1 362 71 is_stmt 0 discriminator 1 view .LVU296
 854 0048 6B61     		str	r3, [r5, #20]
 855 004a E8E7     		b	.L161
 856              	.L90:
 363:Core/Src/device/cjson.c **** 	if (*value=='\"')				{ return parse_string(item,value); }
 857              		.loc 1 363 2 is_stmt 1 view .LVU297
 363:Core/Src/device/cjson.c **** 	if (*value=='\"')				{ return parse_string(item,value); }
 858              		.loc 1 363 6 is_stmt 0 view .LVU298
 859 004c 2378     		ldrb	r3, [r4]	@ zero_extendqisi2
 363:Core/Src/device/cjson.c **** 	if (*value=='\"')				{ return parse_string(item,value); }
 860              		.loc 1 363 5 view .LVU299
 861 004e 222B     		cmp	r3, #34
 862 0050 06D1     		bne	.L91
 363:Core/Src/device/cjson.c **** 	if (*value=='\"')				{ return parse_string(item,value); }
 863              		.loc 1 363 25 is_stmt 1 discriminator 1 view .LVU300
 363:Core/Src/device/cjson.c **** 	if (*value=='\"')				{ return parse_string(item,value); }
 864              		.loc 1 363 32 is_stmt 0 discriminator 1 view .LVU301
 865 0052 2146     		mov	r1, r4
 866 0054 2846     		mov	r0, r5
 867              		.loc 1 369 1 view .LVU302
 868 0056 04B0     		add	sp, sp, #16
 869              	.LCFI6:
 870              		.cfi_remember_state
 871              		.cfi_def_cfa_offset 32
 872              		@ sp needed
 873 0058 BDE8F047 		pop	{r4, r5, r6, r7, r8, r9, r10, lr}
 874              	.LCFI7:
 875              		.cfi_restore 14
 876              		.cfi_restore 10
 877              		.cfi_restore 9
 878              		.cfi_restore 8
 879              		.cfi_restore 7
 880              		.cfi_restore 6
 881              		.cfi_restore 5
 882              		.cfi_restore 4
 883              		.cfi_def_cfa_offset 0
 884              	.LVL89:
 363:Core/Src/device/cjson.c **** 	if (*value=='\"')				{ return parse_string(item,value); }
 885              		.loc 1 363 32 discriminator 1 view .LVU303
 886 005c FFF7FEBF 		b	parse_string
 887              	.LVL90:
 888              	.L91:
 889              	.LCFI8:
ARM GAS  C:\Users\airforce\AppData\Local\Temp\ccf0vFDc.s 			page 27


 890              		.cfi_restore_state
 364:Core/Src/device/cjson.c **** 	if (*value=='[')				{ return parse_array(item,value); }
 891              		.loc 1 364 2 is_stmt 1 view .LVU304
 364:Core/Src/device/cjson.c **** 	if (*value=='[')				{ return parse_array(item,value); }
 892              		.loc 1 364 5 is_stmt 0 view .LVU305
 893 0060 2D2B     		cmp	r3, #45
 894 0062 07D0     		beq	.L92
 364:Core/Src/device/cjson.c **** 	if (*value=='[')				{ return parse_array(item,value); }
 895              		.loc 1 364 18 discriminator 2 view .LVU306
 896 0064 A3F13002 		sub	r2, r3, #48
 897 0068 092A     		cmp	r2, #9
 898 006a 00F2AF80 		bhi	.L156
 899              	.LBB24:
 900              	.LBB25:
  98:Core/Src/device/cjson.c **** 
 901              		.loc 1 98 13 view .LVU307
 902 006e 0022     		movs	r2, #0
 903 0070 924B     		ldr	r3, .L164+12
 904 0072 02E0     		b	.L157
 905              	.L92:
 906              	.LBE25:
 907              	.LBE24:
 364:Core/Src/device/cjson.c **** 	if (*value=='[')				{ return parse_array(item,value); }
 908              		.loc 1 364 53 is_stmt 1 discriminator 3 view .LVU308
 909              	.LVL91:
 910              	.LBB28:
 911              	.LBI24:
  96:Core/Src/device/cjson.c **** {
 912              		.loc 1 96 20 view .LVU309
 913              	.LBB26:
  98:Core/Src/device/cjson.c **** 
 914              		.loc 1 98 2 view .LVU310
  98:Core/Src/device/cjson.c **** 
 915              		.loc 1 98 28 view .LVU311
 100:Core/Src/device/cjson.c **** 	if (*num=='0') num++;			/* is zero */
 916              		.loc 1 100 2 view .LVU312
 100:Core/Src/device/cjson.c **** 	if (*num=='0') num++;			/* is zero */
 917              		.loc 1 100 17 discriminator 1 view .LVU313
 100:Core/Src/device/cjson.c **** 	if (*num=='0') num++;			/* is zero */
 918              		.loc 1 100 21 is_stmt 0 discriminator 1 view .LVU314
 919 0074 0022     		movs	r2, #0
 920 0076 924B     		ldr	r3, .L164+16
 100:Core/Src/device/cjson.c **** 	if (*num=='0') num++;			/* is zero */
 921              		.loc 1 100 28 discriminator 1 view .LVU315
 922 0078 0134     		adds	r4, r4, #1
 923              	.LVL92:
 924              	.L157:
  98:Core/Src/device/cjson.c **** 
 925              		.loc 1 98 13 view .LVU316
 926 007a CDE90223 		strd	r2, [sp, #8]
 927              	.LVL93:
 101:Core/Src/device/cjson.c **** 	if (*num>='1' && *num<='9')	do	n=(n*10.0)+(*num++ -'0');	while (*num>='0' && *num<='9');	/* Number
 928              		.loc 1 101 2 is_stmt 1 view .LVU317
 101:Core/Src/device/cjson.c **** 	if (*num>='1' && *num<='9')	do	n=(n*10.0)+(*num++ -'0');	while (*num>='0' && *num<='9');	/* Number
 929              		.loc 1 101 5 is_stmt 0 view .LVU318
 930 007e 2378     		ldrb	r3, [r4]	@ zero_extendqisi2
  98:Core/Src/device/cjson.c **** 
ARM GAS  C:\Users\airforce\AppData\Local\Temp\ccf0vFDc.s 			page 28


 931              		.loc 1 98 9 view .LVU319
 932 0080 4FF00008 		mov	r8, #0
 101:Core/Src/device/cjson.c **** 	if (*num>='1' && *num<='9')	do	n=(n*10.0)+(*num++ -'0');	while (*num>='0' && *num<='9');	/* Number
 933              		.loc 1 101 5 view .LVU320
 934 0084 302B     		cmp	r3, #48
 101:Core/Src/device/cjson.c **** 	if (*num>='1' && *num<='9')	do	n=(n*10.0)+(*num++ -'0');	while (*num>='0' && *num<='9');	/* Number
 935              		.loc 1 101 17 is_stmt 1 discriminator 1 view .LVU321
 101:Core/Src/device/cjson.c **** 	if (*num>='1' && *num<='9')	do	n=(n*10.0)+(*num++ -'0');	while (*num>='0' && *num<='9');	/* Number
 936              		.loc 1 101 20 is_stmt 0 discriminator 1 view .LVU322
 937 0086 08BF     		it	eq
 938 0088 0134     		addeq	r4, r4, #1
 939              	.LVL94:
 102:Core/Src/device/cjson.c **** 	if (*num=='.' && num[1]>='0' && num[1]<='9') {num++;		do	n=(n*10.0)+(*num++ -'0'),scale--; while (
 940              		.loc 1 102 2 is_stmt 1 view .LVU323
 102:Core/Src/device/cjson.c **** 	if (*num=='.' && num[1]>='0' && num[1]<='9') {num++;		do	n=(n*10.0)+(*num++ -'0'),scale--; while (
 941              		.loc 1 102 6 is_stmt 0 view .LVU324
 942 008a 94F800A0 		ldrb	r10, [r4]	@ zero_extendqisi2
  98:Core/Src/device/cjson.c **** 
 943              		.loc 1 98 9 view .LVU325
 944 008e 4FF00009 		mov	r9, #0
 102:Core/Src/device/cjson.c **** 	if (*num=='.' && num[1]>='0' && num[1]<='9') {num++;		do	n=(n*10.0)+(*num++ -'0'),scale--; while (
 945              		.loc 1 102 5 view .LVU326
 946 0092 AAF13103 		sub	r3, r10, #49
 947 0096 082B     		cmp	r3, #8
 948 0098 19D8     		bhi	.L96
 102:Core/Src/device/cjson.c **** 	if (*num=='.' && num[1]>='0' && num[1]<='9') {num++;		do	n=(n*10.0)+(*num++ -'0'),scale--; while (
 949              		.loc 1 102 37 discriminator 2 view .LVU327
 950 009a 0026     		movs	r6, #0
 951 009c 894F     		ldr	r7, .L164+20
 952              	.LVL95:
 953              	.L97:
 102:Core/Src/device/cjson.c **** 	if (*num=='.' && num[1]>='0' && num[1]<='9') {num++;		do	n=(n*10.0)+(*num++ -'0'),scale--; while (
 954              		.loc 1 102 30 is_stmt 1 discriminator 2 view .LVU328
 102:Core/Src/device/cjson.c **** 	if (*num=='.' && num[1]>='0' && num[1]<='9') {num++;		do	n=(n*10.0)+(*num++ -'0'),scale--; while (
 955              		.loc 1 102 33 discriminator 2 view .LVU329
 102:Core/Src/device/cjson.c **** 	if (*num=='.' && num[1]>='0' && num[1]<='9') {num++;		do	n=(n*10.0)+(*num++ -'0'),scale--; while (
 956              		.loc 1 102 37 is_stmt 0 discriminator 2 view .LVU330
 957 009e 3246     		mov	r2, r6
 958 00a0 3B46     		mov	r3, r7
 959 00a2 4046     		mov	r0, r8
 960 00a4 4946     		mov	r1, r9
 961 00a6 FFF7FEFF 		bl	__aeabi_dmul
 962              	.LVL96:
 963 00aa 8046     		mov	r8, r0
 964              	.LVL97:
 102:Core/Src/device/cjson.c **** 	if (*num=='.' && num[1]>='0' && num[1]<='9') {num++;		do	n=(n*10.0)+(*num++ -'0'),scale--; while (
 965              		.loc 1 102 37 discriminator 2 view .LVU331
 966 00ac 8946     		mov	r9, r1
 967              	.LVL98:
 102:Core/Src/device/cjson.c **** 	if (*num=='.' && num[1]>='0' && num[1]<='9') {num++;		do	n=(n*10.0)+(*num++ -'0'),scale--; while (
 968              		.loc 1 102 43 discriminator 2 view .LVU332
 969 00ae AAF13000 		sub	r0, r10, #48
 970 00b2 FFF7FEFF 		bl	__aeabi_i2d
 971              	.LVL99:
 102:Core/Src/device/cjson.c **** 	if (*num=='.' && num[1]>='0' && num[1]<='9') {num++;		do	n=(n*10.0)+(*num++ -'0'),scale--; while (
 972              		.loc 1 102 34 discriminator 2 view .LVU333
 973 00b6 4B46     		mov	r3, r9
ARM GAS  C:\Users\airforce\AppData\Local\Temp\ccf0vFDc.s 			page 29


 974 00b8 4246     		mov	r2, r8
 975 00ba FFF7FEFF 		bl	__aeabi_dadd
 976              	.LVL100:
 102:Core/Src/device/cjson.c **** 	if (*num=='.' && num[1]>='0' && num[1]<='9') {num++;		do	n=(n*10.0)+(*num++ -'0'),scale--; while (
 977              		.loc 1 102 66 discriminator 2 view .LVU334
 978 00be 14F801AF 		ldrb	r10, [r4, #1]!	@ zero_extendqisi2
 979              	.LVL101:
 102:Core/Src/device/cjson.c **** 	if (*num=='.' && num[1]>='0' && num[1]<='9') {num++;		do	n=(n*10.0)+(*num++ -'0'),scale--; while (
 980              		.loc 1 102 34 discriminator 2 view .LVU335
 981 00c2 8046     		mov	r8, r0
 102:Core/Src/device/cjson.c **** 	if (*num=='.' && num[1]>='0' && num[1]<='9') {num++;		do	n=(n*10.0)+(*num++ -'0'),scale--; while (
 982              		.loc 1 102 76 discriminator 2 view .LVU336
 983 00c4 AAF13003 		sub	r3, r10, #48
 984 00c8 092B     		cmp	r3, #9
 102:Core/Src/device/cjson.c **** 	if (*num=='.' && num[1]>='0' && num[1]<='9') {num++;		do	n=(n*10.0)+(*num++ -'0'),scale--; while (
 985              		.loc 1 102 34 discriminator 2 view .LVU337
 986 00ca 8946     		mov	r9, r1
 987              	.LVL102:
 102:Core/Src/device/cjson.c **** 	if (*num=='.' && num[1]>='0' && num[1]<='9') {num++;		do	n=(n*10.0)+(*num++ -'0'),scale--; while (
 988              		.loc 1 102 76 is_stmt 1 discriminator 2 view .LVU338
 989 00cc E7D9     		bls	.L97
 990              	.LVL103:
 991              	.L96:
 103:Core/Src/device/cjson.c **** 	if (*num=='e' || *num=='E')		/* Exponent? */
 992              		.loc 1 103 2 view .LVU339
 103:Core/Src/device/cjson.c **** 	if (*num=='e' || *num=='E')		/* Exponent? */
 993              		.loc 1 103 5 is_stmt 0 view .LVU340
 994 00ce BAF12E0F 		cmp	r10, #46
 995 00d2 35D1     		bne	.L121
 103:Core/Src/device/cjson.c **** 	if (*num=='e' || *num=='E')		/* Exponent? */
 996              		.loc 1 103 22 discriminator 1 view .LVU341
 997 00d4 94F801A0 		ldrb	r10, [r4, #1]	@ zero_extendqisi2
 103:Core/Src/device/cjson.c **** 	if (*num=='e' || *num=='E')		/* Exponent? */
 998              		.loc 1 103 16 discriminator 1 view .LVU342
 999 00d8 AAF13003 		sub	r3, r10, #48
 1000 00dc 092B     		cmp	r3, #9
 1001 00de 6ED8     		bhi	.L122
 103:Core/Src/device/cjson.c **** 	if (*num=='e' || *num=='E')		/* Exponent? */
 1002              		.loc 1 103 48 is_stmt 1 discriminator 3 view .LVU343
  98:Core/Src/device/cjson.c **** 
 1003              		.loc 1 98 20 is_stmt 0 view .LVU344
 1004 00e0 0022     		movs	r2, #0
 1005 00e2 0023     		movs	r3, #0
 1006 00e4 CDE90023 		strd	r2, [sp]
 103:Core/Src/device/cjson.c **** 	if (*num=='e' || *num=='E')		/* Exponent? */
 1007              		.loc 1 103 51 discriminator 3 view .LVU345
 1008 00e8 0134     		adds	r4, r4, #1
 1009              	.LVL104:
 1010              	.L100:
 103:Core/Src/device/cjson.c **** 	if (*num=='e' || *num=='E')		/* Exponent? */
 1011              		.loc 1 103 56 is_stmt 1 discriminator 5 view .LVU346
 103:Core/Src/device/cjson.c **** 	if (*num=='e' || *num=='E')		/* Exponent? */
 1012              		.loc 1 103 59 discriminator 5 view .LVU347
 103:Core/Src/device/cjson.c **** 	if (*num=='e' || *num=='E')		/* Exponent? */
 1013              		.loc 1 103 63 is_stmt 0 discriminator 5 view .LVU348
 1014 00ea 0022     		movs	r2, #0
 1015 00ec 754B     		ldr	r3, .L164+20
ARM GAS  C:\Users\airforce\AppData\Local\Temp\ccf0vFDc.s 			page 30


 1016 00ee 4046     		mov	r0, r8
 1017 00f0 4946     		mov	r1, r9
 1018 00f2 FFF7FEFF 		bl	__aeabi_dmul
 1019              	.LVL105:
 1020 00f6 0646     		mov	r6, r0
 1021 00f8 0F46     		mov	r7, r1
 1022              	.LVL106:
 103:Core/Src/device/cjson.c **** 	if (*num=='e' || *num=='E')		/* Exponent? */
 1023              		.loc 1 103 69 discriminator 5 view .LVU349
 1024 00fa AAF13000 		sub	r0, r10, #48
 1025 00fe FFF7FEFF 		bl	__aeabi_i2d
 1026              	.LVL107:
 103:Core/Src/device/cjson.c **** 	if (*num=='e' || *num=='E')		/* Exponent? */
 1027              		.loc 1 103 60 discriminator 5 view .LVU350
 1028 0102 3246     		mov	r2, r6
 1029 0104 3B46     		mov	r3, r7
 1030 0106 FFF7FEFF 		bl	__aeabi_dadd
 1031              	.LVL108:
 103:Core/Src/device/cjson.c **** 	if (*num=='e' || *num=='E')		/* Exponent? */
 1032              		.loc 1 103 89 discriminator 5 view .LVU351
 1033 010a 6C4B     		ldr	r3, .L164+12
 103:Core/Src/device/cjson.c **** 	if (*num=='e' || *num=='E')		/* Exponent? */
 1034              		.loc 1 103 60 discriminator 5 view .LVU352
 1035 010c 8046     		mov	r8, r0
 1036              	.LVL109:
 103:Core/Src/device/cjson.c **** 	if (*num=='e' || *num=='E')		/* Exponent? */
 1037              		.loc 1 103 60 discriminator 5 view .LVU353
 1038 010e 8946     		mov	r9, r1
 1039              	.LVL110:
 103:Core/Src/device/cjson.c **** 	if (*num=='e' || *num=='E')		/* Exponent? */
 1040              		.loc 1 103 89 discriminator 5 view .LVU354
 1041 0110 DDE90001 		ldrd	r0, [sp]
 1042 0114 0022     		movs	r2, #0
 1043 0116 FFF7FEFF 		bl	__aeabi_dsub
 1044              	.LVL111:
 103:Core/Src/device/cjson.c **** 	if (*num=='e' || *num=='E')		/* Exponent? */
 1045              		.loc 1 103 100 discriminator 5 view .LVU355
 1046 011a 14F801AF 		ldrb	r10, [r4, #1]!	@ zero_extendqisi2
 1047              	.LVL112:
 103:Core/Src/device/cjson.c **** 	if (*num=='e' || *num=='E')		/* Exponent? */
 1048              		.loc 1 103 89 discriminator 5 view .LVU356
 1049 011e CDE90001 		strd	r0, [sp]
 1050              	.LVL113:
 103:Core/Src/device/cjson.c **** 	if (*num=='e' || *num=='E')		/* Exponent? */
 1051              		.loc 1 103 110 is_stmt 1 discriminator 5 view .LVU357
 1052 0122 AAF13003 		sub	r3, r10, #48
 1053 0126 092B     		cmp	r3, #9
 1054 0128 DFD9     		bls	.L100
 1055              	.LVL114:
 1056              	.L98:
 104:Core/Src/device/cjson.c **** 	{	num++;if (*num=='+') num++;	else if (*num=='-') signsubscale=-1,num++;		/* With sign? */
 1057              		.loc 1 104 2 view .LVU358
 104:Core/Src/device/cjson.c **** 	{	num++;if (*num=='+') num++;	else if (*num=='-') signsubscale=-1,num++;		/* With sign? */
 1058              		.loc 1 104 5 is_stmt 0 view .LVU359
 1059 012a 0AF0DF0A 		and	r10, r10, #223
 1060 012e BAF1450F 		cmp	r10, #69
 1061 0132 48D1     		bne	.L123
ARM GAS  C:\Users\airforce\AppData\Local\Temp\ccf0vFDc.s 			page 31


 105:Core/Src/device/cjson.c **** 		while (*num>='0' && *num<='9') subscale=(subscale*10)+(*num++ - '0');	/* Number? */
 1062              		.loc 1 105 4 is_stmt 1 view .LVU360
 1063              	.LVL115:
 105:Core/Src/device/cjson.c **** 		while (*num>='0' && *num<='9') subscale=(subscale*10)+(*num++ - '0');	/* Number? */
 1064              		.loc 1 105 10 view .LVU361
 105:Core/Src/device/cjson.c **** 		while (*num>='0' && *num<='9') subscale=(subscale*10)+(*num++ - '0');	/* Number? */
 1065              		.loc 1 105 14 is_stmt 0 view .LVU362
 1066 0134 6378     		ldrb	r3, [r4, #1]	@ zero_extendqisi2
 105:Core/Src/device/cjson.c **** 		while (*num>='0' && *num<='9') subscale=(subscale*10)+(*num++ - '0');	/* Number? */
 1067              		.loc 1 105 13 view .LVU363
 1068 0136 2B2B     		cmp	r3, #43
 1069 0138 07D1     		bne	.L101
 105:Core/Src/device/cjson.c **** 		while (*num>='0' && *num<='9') subscale=(subscale*10)+(*num++ - '0');	/* Number? */
 1070              		.loc 1 105 25 is_stmt 1 discriminator 1 view .LVU364
 105:Core/Src/device/cjson.c **** 		while (*num>='0' && *num<='9') subscale=(subscale*10)+(*num++ - '0');	/* Number? */
 1071              		.loc 1 105 28 is_stmt 0 discriminator 1 view .LVU365
 1072 013a A31C     		adds	r3, r4, #2
 1073              	.LVL116:
 1074              	.L158:
  98:Core/Src/device/cjson.c **** 
 1075              		.loc 1 98 43 view .LVU366
 1076 013c 0127     		movs	r7, #1
 1077 013e 09E0     		b	.L102
 1078              	.LVL117:
 1079              	.L121:
  98:Core/Src/device/cjson.c **** 
 1080              		.loc 1 98 20 view .LVU367
 1081 0140 0022     		movs	r2, #0
 1082 0142 0023     		movs	r3, #0
 1083 0144 CDE90023 		strd	r2, [sp]
 1084 0148 EFE7     		b	.L98
 1085              	.LVL118:
 1086              	.L101:
 105:Core/Src/device/cjson.c **** 		while (*num>='0' && *num<='9') subscale=(subscale*10)+(*num++ - '0');	/* Number? */
 1087              		.loc 1 105 37 is_stmt 1 discriminator 2 view .LVU368
 105:Core/Src/device/cjson.c **** 		while (*num>='0' && *num<='9') subscale=(subscale*10)+(*num++ - '0');	/* Number? */
 1088              		.loc 1 105 40 is_stmt 0 discriminator 2 view .LVU369
 1089 014a 2D2B     		cmp	r3, #45
 1090 014c 35D1     		bne	.L103
 105:Core/Src/device/cjson.c **** 		while (*num>='0' && *num<='9') subscale=(subscale*10)+(*num++ - '0');	/* Number? */
 1091              		.loc 1 105 52 is_stmt 1 discriminator 3 view .LVU370
 1092              	.LVL119:
 105:Core/Src/device/cjson.c **** 		while (*num>='0' && *num<='9') subscale=(subscale*10)+(*num++ - '0');	/* Number? */
 1093              		.loc 1 105 64 is_stmt 0 discriminator 3 view .LVU371
 1094 014e 4FF0FF37 		mov	r7, #-1
 105:Core/Src/device/cjson.c **** 		while (*num>='0' && *num<='9') subscale=(subscale*10)+(*num++ - '0');	/* Number? */
 1095              		.loc 1 105 71 discriminator 3 view .LVU372
 1096 0152 A31C     		adds	r3, r4, #2
 1097              	.LVL120:
 1098              	.L102:
 105:Core/Src/device/cjson.c **** 		while (*num>='0' && *num<='9') subscale=(subscale*10)+(*num++ - '0');	/* Number? */
 1099              		.loc 1 105 64 discriminator 3 view .LVU373
 1100 0154 0026     		movs	r6, #0
 106:Core/Src/device/cjson.c **** 	}
 1101              		.loc 1 106 52 discriminator 2 view .LVU374
 1102 0156 0A20     		movs	r0, #10
 1103 0158 01E0     		b	.L104
ARM GAS  C:\Users\airforce\AppData\Local\Temp\ccf0vFDc.s 			page 32


 1104              	.LVL121:
 1105              	.L105:
 106:Core/Src/device/cjson.c **** 	}
 1106              		.loc 1 106 34 is_stmt 1 discriminator 2 view .LVU375
 106:Core/Src/device/cjson.c **** 	}
 1107              		.loc 1 106 42 is_stmt 0 discriminator 2 view .LVU376
 1108 015a 00FB0626 		mla	r6, r0, r6, r2
 1109              	.LVL122:
 1110              	.L104:
 106:Core/Src/device/cjson.c **** 	}
 1111              		.loc 1 106 42 discriminator 2 view .LVU377
 1112 015e 1C46     		mov	r4, r3
 1113              	.LVL123:
 106:Core/Src/device/cjson.c **** 	}
 1114              		.loc 1 106 20 is_stmt 1 discriminator 1 view .LVU378
 106:Core/Src/device/cjson.c **** 	}
 1115              		.loc 1 106 10 is_stmt 0 discriminator 1 view .LVU379
 1116 0160 13F8012B 		ldrb	r2, [r3], #1	@ zero_extendqisi2
 1117              	.LVL124:
 106:Core/Src/device/cjson.c **** 	}
 1118              		.loc 1 106 20 discriminator 1 view .LVU380
 1119 0164 303A     		subs	r2, r2, #48
 1120 0166 D1B2     		uxtb	r1, r2
 1121 0168 0929     		cmp	r1, #9
 1122 016a F6D9     		bls	.L105
 1123              	.LVL125:
 1124              	.L99:
 109:Core/Src/device/cjson.c **** 	
 1125              		.loc 1 109 2 is_stmt 1 view .LVU381
 109:Core/Src/device/cjson.c **** 	
 1126              		.loc 1 109 8 is_stmt 0 view .LVU382
 1127 016c DDE90201 		ldrd	r0, [sp, #8]
 1128 0170 4246     		mov	r2, r8
 1129 0172 4B46     		mov	r3, r9
 1130 0174 FFF7FEFF 		bl	__aeabi_dmul
 1131              	.LVL126:
 1132 0178 8046     		mov	r8, r0
 109:Core/Src/device/cjson.c **** 	
 1133              		.loc 1 109 11 view .LVU383
 1134 017a 07FB06F0 		mul	r0, r7, r6
 109:Core/Src/device/cjson.c **** 	
 1135              		.loc 1 109 8 view .LVU384
 1136 017e 8946     		mov	r9, r1
 109:Core/Src/device/cjson.c **** 	
 1137              		.loc 1 109 11 view .LVU385
 1138 0180 FFF7FEFF 		bl	__aeabi_i2d
 1139              	.LVL127:
 1140 0184 DDE90023 		ldrd	r2, [sp]
 1141 0188 FFF7FEFF 		bl	__aeabi_dadd
 1142              	.LVL128:
 1143 018c 0246     		mov	r2, r0
 1144 018e 0B46     		mov	r3, r1
 1145 0190 0020     		movs	r0, #0
 1146 0192 4C49     		ldr	r1, .L164+20
 1147 0194 FFF7FEFF 		bl	pow
 1148              	.LVL129:
 1149 0198 0246     		mov	r2, r0
ARM GAS  C:\Users\airforce\AppData\Local\Temp\ccf0vFDc.s 			page 33


 1150 019a 0B46     		mov	r3, r1
 109:Core/Src/device/cjson.c **** 	
 1151              		.loc 1 109 3 discriminator 1 view .LVU386
 1152 019c 4046     		mov	r0, r8
 1153 019e 4946     		mov	r1, r9
 1154 01a0 FFF7FEFF 		bl	__aeabi_dmul
 1155              	.LVL130:
 1156 01a4 0B46     		mov	r3, r1
 1157 01a6 0246     		mov	r2, r0
 1158              	.LVL131:
 111:Core/Src/device/cjson.c **** 	item->valueint=(int)n;
 1159              		.loc 1 111 2 is_stmt 1 view .LVU387
 111:Core/Src/device/cjson.c **** 	item->valueint=(int)n;
 1160              		.loc 1 111 19 is_stmt 0 view .LVU388
 1161 01a8 C5E90623 		strd	r2, [r5, #24]
 112:Core/Src/device/cjson.c **** 	item->type=cJSON_Number;
 1162              		.loc 1 112 2 is_stmt 1 view .LVU389
 112:Core/Src/device/cjson.c **** 	item->type=cJSON_Number;
 1163              		.loc 1 112 17 is_stmt 0 view .LVU390
 1164 01ac FFF7FEFF 		bl	__aeabi_d2iz
 1165              	.LVL132:
 113:Core/Src/device/cjson.c **** 	return num;
 1166              		.loc 1 113 12 view .LVU391
 1167 01b0 0323     		movs	r3, #3
 112:Core/Src/device/cjson.c **** 	item->type=cJSON_Number;
 1168              		.loc 1 112 17 view .LVU392
 1169 01b2 6861     		str	r0, [r5, #20]
 113:Core/Src/device/cjson.c **** 	return num;
 1170              		.loc 1 113 2 is_stmt 1 view .LVU393
 113:Core/Src/device/cjson.c **** 	return num;
 1171              		.loc 1 113 12 is_stmt 0 view .LVU394
 1172 01b4 EB60     		str	r3, [r5, #12]
 114:Core/Src/device/cjson.c **** }
 1173              		.loc 1 114 2 is_stmt 1 view .LVU395
 1174              	.LVL133:
 114:Core/Src/device/cjson.c **** }
 1175              		.loc 1 114 2 is_stmt 0 view .LVU396
 1176              	.LBE26:
 1177              	.LBE28:
 364:Core/Src/device/cjson.c **** 	if (*value=='[')				{ return parse_array(item,value); }
 1178              		.loc 1 364 60 discriminator 3 view .LVU397
 1179 01b6 2046     		mov	r0, r4
 364:Core/Src/device/cjson.c **** 	if (*value=='[')				{ return parse_array(item,value); }
 1180              		.loc 1 364 60 view .LVU398
 1181 01b8 3BE7     		b	.L84
 1182              	.LVL134:
 1183              	.L103:
 1184              	.LBB29:
 1185              	.LBB27:
 105:Core/Src/device/cjson.c **** 		while (*num>='0' && *num<='9') subscale=(subscale*10)+(*num++ - '0');	/* Number? */
 1186              		.loc 1 105 7 view .LVU399
 1187 01ba 631C     		adds	r3, r4, #1
 1188 01bc BEE7     		b	.L158
 1189              	.LVL135:
 1190              	.L122:
  98:Core/Src/device/cjson.c **** 
 1191              		.loc 1 98 20 view .LVU400
ARM GAS  C:\Users\airforce\AppData\Local\Temp\ccf0vFDc.s 			page 34


 1192 01be 0022     		movs	r2, #0
 1193 01c0 0023     		movs	r3, #0
 1194 01c2 CDE90023 		strd	r2, [sp]
 1195              	.L123:
  98:Core/Src/device/cjson.c **** 
 1196              		.loc 1 98 43 view .LVU401
 1197 01c6 0127     		movs	r7, #1
  98:Core/Src/device/cjson.c **** 
 1198              		.loc 1 98 32 view .LVU402
 1199 01c8 0026     		movs	r6, #0
 1200 01ca CFE7     		b	.L99
 1201              	.LVL136:
 1202              	.L156:
  98:Core/Src/device/cjson.c **** 
 1203              		.loc 1 98 32 view .LVU403
 1204              	.LBE27:
 1205              	.LBE29:
 365:Core/Src/device/cjson.c **** 	if (*value=='{')				{ return parse_object(item,value); }
 1206              		.loc 1 365 2 is_stmt 1 view .LVU404
 365:Core/Src/device/cjson.c **** 	if (*value=='{')				{ return parse_object(item,value); }
 1207              		.loc 1 365 5 is_stmt 0 view .LVU405
 1208 01cc 5B2B     		cmp	r3, #91
 1209 01ce 38D1     		bne	.L106
 365:Core/Src/device/cjson.c **** 	if (*value=='{')				{ return parse_object(item,value); }
 1210              		.loc 1 365 24 is_stmt 1 discriminator 1 view .LVU406
 1211              	.LVL137:
 1212              	.LBB30:
 1213              	.LBI30:
 370:Core/Src/device/cjson.c **** 
 371:Core/Src/device/cjson.c **** /* Render a value to text. */
 372:Core/Src/device/cjson.c **** static char *print_value(cJSON *item,int depth,int fmt,printbuffer *p)
 373:Core/Src/device/cjson.c **** {
 374:Core/Src/device/cjson.c **** 	char *out=0;
 375:Core/Src/device/cjson.c **** 	if (!item) return 0;
 376:Core/Src/device/cjson.c **** 	if (p)
 377:Core/Src/device/cjson.c **** 	{
 378:Core/Src/device/cjson.c **** 		switch ((item->type)&255)
 379:Core/Src/device/cjson.c **** 		{
 380:Core/Src/device/cjson.c **** 			case cJSON_NULL:	{out=ensure(p,5);	if (out) strcpy(out,"null");	break;}
 381:Core/Src/device/cjson.c **** 			case cJSON_False:	{out=ensure(p,6);	if (out) strcpy(out,"false");	break;}
 382:Core/Src/device/cjson.c **** 			case cJSON_True:	{out=ensure(p,5);	if (out) strcpy(out,"true");	break;}
 383:Core/Src/device/cjson.c **** 			case cJSON_Number:	out=print_number(item,p);break;
 384:Core/Src/device/cjson.c **** 			case cJSON_String:	out=print_string(item,p);break;
 385:Core/Src/device/cjson.c **** 			case cJSON_Array:	out=print_array(item,depth,fmt,p);break;
 386:Core/Src/device/cjson.c **** 			case cJSON_Object:	out=print_object(item,depth,fmt,p);break;
 387:Core/Src/device/cjson.c **** 		}
 388:Core/Src/device/cjson.c **** 	}
 389:Core/Src/device/cjson.c **** 	else
 390:Core/Src/device/cjson.c **** 	{
 391:Core/Src/device/cjson.c **** 		switch ((item->type)&255)
 392:Core/Src/device/cjson.c **** 		{
 393:Core/Src/device/cjson.c **** 			case cJSON_NULL:	out=cJSON_strdup("null");	break;
 394:Core/Src/device/cjson.c **** 			case cJSON_False:	out=cJSON_strdup("false");break;
 395:Core/Src/device/cjson.c **** 			case cJSON_True:	out=cJSON_strdup("true"); break;
 396:Core/Src/device/cjson.c **** 			case cJSON_Number:	out=print_number(item,0);break;
 397:Core/Src/device/cjson.c **** 			case cJSON_String:	out=print_string(item,0);break;
 398:Core/Src/device/cjson.c **** 			case cJSON_Array:	out=print_array(item,depth,fmt,0);break;
ARM GAS  C:\Users\airforce\AppData\Local\Temp\ccf0vFDc.s 			page 35


 399:Core/Src/device/cjson.c **** 			case cJSON_Object:	out=print_object(item,depth,fmt,0);break;
 400:Core/Src/device/cjson.c **** 		}
 401:Core/Src/device/cjson.c **** 	}
 402:Core/Src/device/cjson.c **** 	return out;
 403:Core/Src/device/cjson.c **** }
 404:Core/Src/device/cjson.c **** 
 405:Core/Src/device/cjson.c **** /* Build an array from input text. */
 406:Core/Src/device/cjson.c **** static const char *parse_array(cJSON *item,const char *value)
 1214              		.loc 1 406 20 view .LVU407
 1215              	.LBB31:
 407:Core/Src/device/cjson.c **** {
 408:Core/Src/device/cjson.c **** 	cJSON *child;
 1216              		.loc 1 408 2 view .LVU408
 409:Core/Src/device/cjson.c **** 	if (*value!='[')	{ep=value;return 0;}	/* not an array! */
 1217              		.loc 1 409 2 view .LVU409
 410:Core/Src/device/cjson.c **** 
 411:Core/Src/device/cjson.c **** 	item->type=cJSON_Array;
 1218              		.loc 1 411 2 view .LVU410
 1219              		.loc 1 411 12 is_stmt 0 view .LVU411
 1220 01d0 0523     		movs	r3, #5
 412:Core/Src/device/cjson.c **** 	value=skip(value+1);
 1221              		.loc 1 412 8 view .LVU412
 1222 01d2 601C     		adds	r0, r4, #1
 411:Core/Src/device/cjson.c **** 	value=skip(value+1);
 1223              		.loc 1 411 12 view .LVU413
 1224 01d4 EB60     		str	r3, [r5, #12]
 1225              		.loc 1 412 2 is_stmt 1 view .LVU414
 1226              		.loc 1 412 8 is_stmt 0 view .LVU415
 1227 01d6 FFF7FEFF 		bl	skip
 1228              	.LVL138:
 413:Core/Src/device/cjson.c **** 	if (*value==']') return value+1;	/* empty array. */
 1229              		.loc 1 413 5 view .LVU416
 1230 01da 0378     		ldrb	r3, [r0]	@ zero_extendqisi2
 412:Core/Src/device/cjson.c **** 	value=skip(value+1);
 1231              		.loc 1 412 8 view .LVU417
 1232 01dc 0446     		mov	r4, r0
 1233              	.LVL139:
 1234              		.loc 1 413 2 is_stmt 1 view .LVU418
 1235              		.loc 1 413 5 is_stmt 0 view .LVU419
 1236 01de 5D2B     		cmp	r3, #93
 1237 01e0 01D1     		bne	.L107
 1238              	.LVL140:
 1239              	.L160:
 1240              		.loc 1 413 5 view .LVU420
 1241              	.LBE31:
 1242              	.LBE30:
 1243              	.LBB35:
 1244              	.LBB36:
 414:Core/Src/device/cjson.c **** 
 415:Core/Src/device/cjson.c **** 	item->child=child=cJSON_New_Item();
 416:Core/Src/device/cjson.c **** 	if (!item->child) return 0;		 /* memory fail */
 417:Core/Src/device/cjson.c **** 	value=skip(parse_value(child,skip(value)));	/* skip any spacing, get the value. */
 418:Core/Src/device/cjson.c **** 	if (!value) return 0;
 419:Core/Src/device/cjson.c **** 
 420:Core/Src/device/cjson.c **** 	while (*value==',')
 421:Core/Src/device/cjson.c **** 	{
 422:Core/Src/device/cjson.c **** 		cJSON *new_item;
ARM GAS  C:\Users\airforce\AppData\Local\Temp\ccf0vFDc.s 			page 36


 423:Core/Src/device/cjson.c **** 		if (!(new_item=cJSON_New_Item())) return 0; 	/* memory fail */
 424:Core/Src/device/cjson.c **** 		child->next=new_item;new_item->prev=child;child=new_item;
 425:Core/Src/device/cjson.c **** 		value=skip(parse_value(child,skip(value+1)));
 426:Core/Src/device/cjson.c **** 		if (!value) return 0;	/* memory fail */
 427:Core/Src/device/cjson.c **** 	}
 428:Core/Src/device/cjson.c **** 
 429:Core/Src/device/cjson.c **** 	if (*value==']') return value+1;	/* end of array */
 430:Core/Src/device/cjson.c **** 	ep=value;return 0;	/* malformed. */
 431:Core/Src/device/cjson.c **** }
 432:Core/Src/device/cjson.c **** 
 433:Core/Src/device/cjson.c **** /* Render an array to text */
 434:Core/Src/device/cjson.c **** static char *print_array(cJSON *item,int depth,int fmt,printbuffer *p)
 435:Core/Src/device/cjson.c **** {
 436:Core/Src/device/cjson.c **** 	char **entries;
 437:Core/Src/device/cjson.c **** 	char *out=0,*ptr,*ret;int len=5;
 438:Core/Src/device/cjson.c **** 	cJSON *child=item->child;
 439:Core/Src/device/cjson.c **** 	int numentries=0,i=0,fail=0;
 440:Core/Src/device/cjson.c **** 	size_t tmplen=0;
 441:Core/Src/device/cjson.c **** 	
 442:Core/Src/device/cjson.c **** 	/* How many entries in the array? */
 443:Core/Src/device/cjson.c **** 	while (child) numentries++,child=child->next;
 444:Core/Src/device/cjson.c **** 	/* Explicitly handle numentries==0 */
 445:Core/Src/device/cjson.c **** 	if (!numentries)
 446:Core/Src/device/cjson.c **** 	{
 447:Core/Src/device/cjson.c **** 		if (p)	out=ensure(p,3);
 448:Core/Src/device/cjson.c **** 		else	out=(char*)cJSON_malloc(3);
 449:Core/Src/device/cjson.c **** 		if (out) strcpy(out,"[]");
 450:Core/Src/device/cjson.c **** 		return out;
 451:Core/Src/device/cjson.c **** 	}
 452:Core/Src/device/cjson.c **** 
 453:Core/Src/device/cjson.c **** 	if (p)
 454:Core/Src/device/cjson.c **** 	{
 455:Core/Src/device/cjson.c **** 		/* Compose the output array. */
 456:Core/Src/device/cjson.c **** 		i=p->offset;
 457:Core/Src/device/cjson.c **** 		ptr=ensure(p,1);if (!ptr) return 0;	*ptr='[';	p->offset++;
 458:Core/Src/device/cjson.c **** 		child=item->child;
 459:Core/Src/device/cjson.c **** 		while (child && !fail)
 460:Core/Src/device/cjson.c **** 		{
 461:Core/Src/device/cjson.c **** 			print_value(child,depth+1,fmt,p);
 462:Core/Src/device/cjson.c **** 			p->offset=update(p);
 463:Core/Src/device/cjson.c **** 			if (child->next) {len=fmt?2:1;ptr=ensure(p,len+1);if (!ptr) return 0;*ptr++=',';if(fmt)*ptr++=' 
 464:Core/Src/device/cjson.c **** 			child=child->next;
 465:Core/Src/device/cjson.c **** 		}
 466:Core/Src/device/cjson.c **** 		ptr=ensure(p,2);if (!ptr) return 0;	*ptr++=']';*ptr=0;
 467:Core/Src/device/cjson.c **** 		out=(p->buffer)+i;
 468:Core/Src/device/cjson.c **** 	}
 469:Core/Src/device/cjson.c **** 	else
 470:Core/Src/device/cjson.c **** 	{
 471:Core/Src/device/cjson.c **** 		/* Allocate an array to hold the values for each */
 472:Core/Src/device/cjson.c **** 		entries=(char**)cJSON_malloc(numentries*sizeof(char*));
 473:Core/Src/device/cjson.c **** 		if (!entries) return 0;
 474:Core/Src/device/cjson.c **** 		memset(entries,0,numentries*sizeof(char*));
 475:Core/Src/device/cjson.c **** 		/* Retrieve all the results: */
 476:Core/Src/device/cjson.c **** 		child=item->child;
 477:Core/Src/device/cjson.c **** 		while (child && !fail)
 478:Core/Src/device/cjson.c **** 		{
 479:Core/Src/device/cjson.c **** 			ret=print_value(child,depth+1,fmt,0);
ARM GAS  C:\Users\airforce\AppData\Local\Temp\ccf0vFDc.s 			page 37


 480:Core/Src/device/cjson.c **** 			entries[i++]=ret;
 481:Core/Src/device/cjson.c **** 			if (ret) len+=strlen(ret)+2+(fmt?1:0); else fail=1;
 482:Core/Src/device/cjson.c **** 			child=child->next;
 483:Core/Src/device/cjson.c **** 		}
 484:Core/Src/device/cjson.c **** 		
 485:Core/Src/device/cjson.c **** 		/* If we didn't fail, try to malloc the output string */
 486:Core/Src/device/cjson.c **** 		if (!fail)	out=(char*)cJSON_malloc(len);
 487:Core/Src/device/cjson.c **** 		/* If that fails, we fail. */
 488:Core/Src/device/cjson.c **** 		if (!out) fail=1;
 489:Core/Src/device/cjson.c **** 
 490:Core/Src/device/cjson.c **** 		/* Handle failure. */
 491:Core/Src/device/cjson.c **** 		if (fail)
 492:Core/Src/device/cjson.c **** 		{
 493:Core/Src/device/cjson.c **** 			for (i=0;i<numentries;i++) if (entries[i]) cJSON_free(entries[i]);
 494:Core/Src/device/cjson.c **** 			cJSON_free(entries);
 495:Core/Src/device/cjson.c **** 			return 0;
 496:Core/Src/device/cjson.c **** 		}
 497:Core/Src/device/cjson.c **** 		
 498:Core/Src/device/cjson.c **** 		/* Compose the output array. */
 499:Core/Src/device/cjson.c **** 		*out='[';
 500:Core/Src/device/cjson.c **** 		ptr=out+1;*ptr=0;
 501:Core/Src/device/cjson.c **** 		for (i=0;i<numentries;i++)
 502:Core/Src/device/cjson.c **** 		{
 503:Core/Src/device/cjson.c **** 			tmplen=strlen(entries[i]);memcpy(ptr,entries[i],tmplen);ptr+=tmplen;
 504:Core/Src/device/cjson.c **** 			if (i!=numentries-1) {*ptr++=',';if(fmt)*ptr++=' ';*ptr=0;}
 505:Core/Src/device/cjson.c **** 			cJSON_free(entries[i]);
 506:Core/Src/device/cjson.c **** 		}
 507:Core/Src/device/cjson.c **** 		cJSON_free(entries);
 508:Core/Src/device/cjson.c **** 		*ptr++=']';*ptr++=0;
 509:Core/Src/device/cjson.c **** 	}
 510:Core/Src/device/cjson.c **** 	return out;	
 511:Core/Src/device/cjson.c **** }
 512:Core/Src/device/cjson.c **** 
 513:Core/Src/device/cjson.c **** /* Build an object from the text. */
 514:Core/Src/device/cjson.c **** static const char *parse_object(cJSON *item,const char *value)
 515:Core/Src/device/cjson.c **** {
 516:Core/Src/device/cjson.c **** 	cJSON *child;
 517:Core/Src/device/cjson.c **** 	if (*value!='{')	{ep=value;return 0;}	/* not an object! */
 518:Core/Src/device/cjson.c **** 	
 519:Core/Src/device/cjson.c **** 	item->type=cJSON_Object;
 520:Core/Src/device/cjson.c **** 	value=skip(value+1);
 521:Core/Src/device/cjson.c **** 	if (*value=='}') return value+1;	/* empty array. */
 522:Core/Src/device/cjson.c **** 	
 523:Core/Src/device/cjson.c **** 	item->child=child=cJSON_New_Item();
 524:Core/Src/device/cjson.c **** 	if (!item->child) return 0;
 525:Core/Src/device/cjson.c **** 	value=skip(parse_string(child,skip(value)));
 526:Core/Src/device/cjson.c **** 	if (!value) return 0;
 527:Core/Src/device/cjson.c **** 	child->string=child->valuestring;child->valuestring=0;
 528:Core/Src/device/cjson.c **** 	if (*value!=':') {ep=value;return 0;}	/* fail! */
 529:Core/Src/device/cjson.c **** 	value=skip(parse_value(child,skip(value+1)));	/* skip any spacing, get the value. */
 530:Core/Src/device/cjson.c **** 	if (!value) return 0;
 531:Core/Src/device/cjson.c **** 	
 532:Core/Src/device/cjson.c **** 	while (*value==',')
 533:Core/Src/device/cjson.c **** 	{
 534:Core/Src/device/cjson.c **** 		cJSON *new_item;
 535:Core/Src/device/cjson.c **** 		if (!(new_item=cJSON_New_Item()))	return 0; /* memory fail */
 536:Core/Src/device/cjson.c **** 		child->next=new_item;new_item->prev=child;child=new_item;
ARM GAS  C:\Users\airforce\AppData\Local\Temp\ccf0vFDc.s 			page 38


 537:Core/Src/device/cjson.c **** 		value=skip(parse_string(child,skip(value+1)));
 538:Core/Src/device/cjson.c **** 		if (!value) return 0;
 539:Core/Src/device/cjson.c **** 		child->string=child->valuestring;child->valuestring=0;
 540:Core/Src/device/cjson.c **** 		if (*value!=':') {ep=value;return 0;}	/* fail! */
 541:Core/Src/device/cjson.c **** 		value=skip(parse_value(child,skip(value+1)));	/* skip any spacing, get the value. */
 542:Core/Src/device/cjson.c **** 		if (!value) return 0;
 543:Core/Src/device/cjson.c **** 	}
 544:Core/Src/device/cjson.c **** 	
 545:Core/Src/device/cjson.c **** 	if (*value=='}') return value+1;	/* end of array */
 1245              		.loc 1 545 19 is_stmt 1 discriminator 1 view .LVU421
 1246              		.loc 1 545 31 is_stmt 0 discriminator 1 view .LVU422
 1247 01e2 601C     		adds	r0, r4, #1
 1248              		.loc 1 545 31 view .LVU423
 1249 01e4 25E7     		b	.L84
 1250              	.LVL141:
 1251              	.L107:
 1252              		.loc 1 545 31 view .LVU424
 1253              	.LBE36:
 1254              	.LBE35:
 1255              	.LBB41:
 1256              	.LBB33:
 415:Core/Src/device/cjson.c **** 	if (!item->child) return 0;		 /* memory fail */
 1257              		.loc 1 415 2 is_stmt 1 view .LVU425
 415:Core/Src/device/cjson.c **** 	if (!item->child) return 0;		 /* memory fail */
 1258              		.loc 1 415 20 is_stmt 0 view .LVU426
 1259 01e6 FFF7FEFF 		bl	cJSON_New_Item
 1260              	.LVL142:
 415:Core/Src/device/cjson.c **** 	if (!item->child) return 0;		 /* memory fail */
 1261              		.loc 1 415 20 view .LVU427
 1262 01ea 0646     		mov	r6, r0
 1263              	.LVL143:
 415:Core/Src/device/cjson.c **** 	if (!item->child) return 0;		 /* memory fail */
 1264              		.loc 1 415 13 discriminator 1 view .LVU428
 1265 01ec A860     		str	r0, [r5, #8]
 416:Core/Src/device/cjson.c **** 	value=skip(parse_value(child,skip(value)));	/* skip any spacing, get the value. */
 1266              		.loc 1 416 2 is_stmt 1 view .LVU429
 416:Core/Src/device/cjson.c **** 	value=skip(parse_value(child,skip(value)));	/* skip any spacing, get the value. */
 1267              		.loc 1 416 5 is_stmt 0 view .LVU430
 1268 01ee 50B1     		cbz	r0, .L86
 417:Core/Src/device/cjson.c **** 	if (!value) return 0;
 1269              		.loc 1 417 2 is_stmt 1 view .LVU431
 417:Core/Src/device/cjson.c **** 	if (!value) return 0;
 1270              		.loc 1 417 8 is_stmt 0 view .LVU432
 1271 01f0 2046     		mov	r0, r4
 1272              	.LVL144:
 417:Core/Src/device/cjson.c **** 	if (!value) return 0;
 1273              		.loc 1 417 8 view .LVU433
 1274 01f2 FFF7FEFF 		bl	skip
 1275              	.LVL145:
 1276 01f6 0146     		mov	r1, r0
 417:Core/Src/device/cjson.c **** 	if (!value) return 0;
 1277              		.loc 1 417 8 discriminator 1 view .LVU434
 1278 01f8 3046     		mov	r0, r6
 1279 01fa FFF701FF 		bl	parse_value
 1280              	.LVL146:
 417:Core/Src/device/cjson.c **** 	if (!value) return 0;
 1281              		.loc 1 417 8 discriminator 2 view .LVU435
ARM GAS  C:\Users\airforce\AppData\Local\Temp\ccf0vFDc.s 			page 39


 1282 01fe FFF7FEFF 		bl	skip
 1283              	.LVL147:
 418:Core/Src/device/cjson.c **** 
 1284              		.loc 1 418 2 is_stmt 1 view .LVU436
 418:Core/Src/device/cjson.c **** 
 1285              		.loc 1 418 5 is_stmt 0 view .LVU437
 1286 0202 0446     		mov	r4, r0
 1287 0204 A8B9     		cbnz	r0, .L109
 1288              	.LVL148:
 1289              	.L86:
 418:Core/Src/device/cjson.c **** 
 1290              		.loc 1 418 5 view .LVU438
 1291              	.LBE33:
 1292              	.LBE41:
 359:Core/Src/device/cjson.c **** 	if (!strncmp(value,"null",4))	{ item->type=cJSON_NULL;  return value+4; }
 1293              		.loc 1 359 26 discriminator 1 view .LVU439
 1294 0206 0020     		movs	r0, #0
 1295 0208 13E7     		b	.L84
 1296              	.LVL149:
 1297              	.L110:
 1298              	.LBB42:
 1299              	.LBB34:
 1300              	.LBB32:
 422:Core/Src/device/cjson.c **** 		if (!(new_item=cJSON_New_Item())) return 0; 	/* memory fail */
 1301              		.loc 1 422 3 is_stmt 1 view .LVU440
 423:Core/Src/device/cjson.c **** 		child->next=new_item;new_item->prev=child;child=new_item;
 1302              		.loc 1 423 3 view .LVU441
 423:Core/Src/device/cjson.c **** 		child->next=new_item;new_item->prev=child;child=new_item;
 1303              		.loc 1 423 18 is_stmt 0 view .LVU442
 1304 020a FFF7FEFF 		bl	cJSON_New_Item
 1305              	.LVL150:
 423:Core/Src/device/cjson.c **** 		child->next=new_item;new_item->prev=child;child=new_item;
 1306              		.loc 1 423 6 discriminator 1 view .LVU443
 1307 020e 0546     		mov	r5, r0
 1308 0210 0028     		cmp	r0, #0
 1309 0212 F8D0     		beq	.L86
 424:Core/Src/device/cjson.c **** 		value=skip(parse_value(child,skip(value+1)));
 1310              		.loc 1 424 3 is_stmt 1 view .LVU444
 424:Core/Src/device/cjson.c **** 		value=skip(parse_value(child,skip(value+1)));
 1311              		.loc 1 424 14 is_stmt 0 view .LVU445
 1312 0214 3060     		str	r0, [r6]
 424:Core/Src/device/cjson.c **** 		value=skip(parse_value(child,skip(value+1)));
 1313              		.loc 1 424 24 is_stmt 1 view .LVU446
 424:Core/Src/device/cjson.c **** 		value=skip(parse_value(child,skip(value+1)));
 1314              		.loc 1 424 38 is_stmt 0 view .LVU447
 1315 0216 4660     		str	r6, [r0, #4]
 424:Core/Src/device/cjson.c **** 		value=skip(parse_value(child,skip(value+1)));
 1316              		.loc 1 424 45 is_stmt 1 view .LVU448
 1317              	.LVL151:
 425:Core/Src/device/cjson.c **** 		if (!value) return 0;	/* memory fail */
 1318              		.loc 1 425 3 view .LVU449
 425:Core/Src/device/cjson.c **** 		if (!value) return 0;	/* memory fail */
 1319              		.loc 1 425 9 is_stmt 0 view .LVU450
 1320 0218 601C     		adds	r0, r4, #1
 1321              	.LVL152:
 425:Core/Src/device/cjson.c **** 		if (!value) return 0;	/* memory fail */
 1322              		.loc 1 425 9 view .LVU451
ARM GAS  C:\Users\airforce\AppData\Local\Temp\ccf0vFDc.s 			page 40


 1323 021a FFF7FEFF 		bl	skip
 1324              	.LVL153:
 1325 021e 0146     		mov	r1, r0
 425:Core/Src/device/cjson.c **** 		if (!value) return 0;	/* memory fail */
 1326              		.loc 1 425 9 discriminator 1 view .LVU452
 1327 0220 2846     		mov	r0, r5
 1328 0222 FFF7EDFE 		bl	parse_value
 1329              	.LVL154:
 425:Core/Src/device/cjson.c **** 		if (!value) return 0;	/* memory fail */
 1330              		.loc 1 425 9 discriminator 2 view .LVU453
 1331 0226 FFF7FEFF 		bl	skip
 1332              	.LVL155:
 426:Core/Src/device/cjson.c **** 	}
 1333              		.loc 1 426 3 is_stmt 1 view .LVU454
 426:Core/Src/device/cjson.c **** 	}
 1334              		.loc 1 426 6 is_stmt 0 view .LVU455
 1335 022a 0446     		mov	r4, r0
 1336 022c 0028     		cmp	r0, #0
 1337 022e EAD0     		beq	.L86
 424:Core/Src/device/cjson.c **** 		value=skip(parse_value(child,skip(value+1)));
 1338              		.loc 1 424 50 view .LVU456
 1339 0230 2E46     		mov	r6, r5
 1340              	.LVL156:
 1341              	.L109:
 424:Core/Src/device/cjson.c **** 		value=skip(parse_value(child,skip(value+1)));
 1342              		.loc 1 424 50 view .LVU457
 1343              	.LBE32:
 420:Core/Src/device/cjson.c **** 	{
 1344              		.loc 1 420 15 is_stmt 1 view .LVU458
 420:Core/Src/device/cjson.c **** 	{
 1345              		.loc 1 420 9 is_stmt 0 view .LVU459
 1346 0232 2378     		ldrb	r3, [r4]	@ zero_extendqisi2
 420:Core/Src/device/cjson.c **** 	{
 1347              		.loc 1 420 15 view .LVU460
 1348 0234 2C2B     		cmp	r3, #44
 1349 0236 E8D0     		beq	.L110
 429:Core/Src/device/cjson.c **** 	ep=value;return 0;	/* malformed. */
 1350              		.loc 1 429 2 is_stmt 1 view .LVU461
 429:Core/Src/device/cjson.c **** 	ep=value;return 0;	/* malformed. */
 1351              		.loc 1 429 5 is_stmt 0 view .LVU462
 1352 0238 5D2B     		cmp	r3, #93
 1353              	.LVL157:
 1354              	.L163:
 429:Core/Src/device/cjson.c **** 	ep=value;return 0;	/* malformed. */
 1355              		.loc 1 429 5 view .LVU463
 1356              	.LBE34:
 1357              	.LBE42:
 1358              	.LBB43:
 1359              	.LBB39:
 1360              		.loc 1 545 5 view .LVU464
 1361 023a D2D0     		beq	.L160
 1362              	.L112:
 1363              	.LBE39:
 1364              	.LBE43:
 368:Core/Src/device/cjson.c **** }
 1365              		.loc 1 368 2 is_stmt 1 view .LVU465
 368:Core/Src/device/cjson.c **** }
ARM GAS  C:\Users\airforce\AppData\Local\Temp\ccf0vFDc.s 			page 41


 1366              		.loc 1 368 4 is_stmt 0 view .LVU466
 1367 023c 224B     		ldr	r3, .L164+24
 1368 023e 1C60     		str	r4, [r3]
 368:Core/Src/device/cjson.c **** }
 1369              		.loc 1 368 11 is_stmt 1 view .LVU467
 368:Core/Src/device/cjson.c **** }
 1370              		.loc 1 368 18 is_stmt 0 view .LVU468
 1371 0240 E1E7     		b	.L86
 1372              	.LVL158:
 1373              	.L106:
 366:Core/Src/device/cjson.c **** 
 1374              		.loc 1 366 2 is_stmt 1 view .LVU469
 366:Core/Src/device/cjson.c **** 
 1375              		.loc 1 366 5 is_stmt 0 view .LVU470
 1376 0242 7B2B     		cmp	r3, #123
 1377 0244 FAD1     		bne	.L112
 366:Core/Src/device/cjson.c **** 
 1378              		.loc 1 366 24 is_stmt 1 discriminator 1 view .LVU471
 1379              	.LVL159:
 1380              	.LBB44:
 1381              	.LBI35:
 514:Core/Src/device/cjson.c **** {
 1382              		.loc 1 514 20 view .LVU472
 1383              	.LBB40:
 516:Core/Src/device/cjson.c **** 	if (*value!='{')	{ep=value;return 0;}	/* not an object! */
 1384              		.loc 1 516 2 view .LVU473
 517:Core/Src/device/cjson.c **** 	
 1385              		.loc 1 517 2 view .LVU474
 519:Core/Src/device/cjson.c **** 	value=skip(value+1);
 1386              		.loc 1 519 2 view .LVU475
 519:Core/Src/device/cjson.c **** 	value=skip(value+1);
 1387              		.loc 1 519 12 is_stmt 0 view .LVU476
 1388 0246 0623     		movs	r3, #6
 520:Core/Src/device/cjson.c **** 	if (*value=='}') return value+1;	/* empty array. */
 1389              		.loc 1 520 8 view .LVU477
 1390 0248 601C     		adds	r0, r4, #1
 519:Core/Src/device/cjson.c **** 	value=skip(value+1);
 1391              		.loc 1 519 12 view .LVU478
 1392 024a EB60     		str	r3, [r5, #12]
 520:Core/Src/device/cjson.c **** 	if (*value=='}') return value+1;	/* empty array. */
 1393              		.loc 1 520 2 is_stmt 1 view .LVU479
 520:Core/Src/device/cjson.c **** 	if (*value=='}') return value+1;	/* empty array. */
 1394              		.loc 1 520 8 is_stmt 0 view .LVU480
 1395 024c FFF7FEFF 		bl	skip
 1396              	.LVL160:
 521:Core/Src/device/cjson.c **** 	
 1397              		.loc 1 521 5 view .LVU481
 1398 0250 0378     		ldrb	r3, [r0]	@ zero_extendqisi2
 520:Core/Src/device/cjson.c **** 	if (*value=='}') return value+1;	/* empty array. */
 1399              		.loc 1 520 8 view .LVU482
 1400 0252 0446     		mov	r4, r0
 1401              	.LVL161:
 521:Core/Src/device/cjson.c **** 	
 1402              		.loc 1 521 2 is_stmt 1 view .LVU483
 521:Core/Src/device/cjson.c **** 	
 1403              		.loc 1 521 5 is_stmt 0 view .LVU484
 1404 0254 7D2B     		cmp	r3, #125
ARM GAS  C:\Users\airforce\AppData\Local\Temp\ccf0vFDc.s 			page 42


 1405 0256 C4D0     		beq	.L160
 523:Core/Src/device/cjson.c **** 	if (!item->child) return 0;
 1406              		.loc 1 523 2 is_stmt 1 view .LVU485
 523:Core/Src/device/cjson.c **** 	if (!item->child) return 0;
 1407              		.loc 1 523 20 is_stmt 0 view .LVU486
 1408 0258 FFF7FEFF 		bl	cJSON_New_Item
 1409              	.LVL162:
 523:Core/Src/device/cjson.c **** 	if (!item->child) return 0;
 1410              		.loc 1 523 20 view .LVU487
 1411 025c 0646     		mov	r6, r0
 1412              	.LVL163:
 523:Core/Src/device/cjson.c **** 	if (!item->child) return 0;
 1413              		.loc 1 523 13 discriminator 1 view .LVU488
 1414 025e A860     		str	r0, [r5, #8]
 524:Core/Src/device/cjson.c **** 	value=skip(parse_string(child,skip(value)));
 1415              		.loc 1 524 2 is_stmt 1 view .LVU489
 524:Core/Src/device/cjson.c **** 	value=skip(parse_string(child,skip(value)));
 1416              		.loc 1 524 5 is_stmt 0 view .LVU490
 1417 0260 0028     		cmp	r0, #0
 1418 0262 D0D0     		beq	.L86
 525:Core/Src/device/cjson.c **** 	if (!value) return 0;
 1419              		.loc 1 525 2 is_stmt 1 view .LVU491
 525:Core/Src/device/cjson.c **** 	if (!value) return 0;
 1420              		.loc 1 525 8 is_stmt 0 view .LVU492
 1421 0264 2046     		mov	r0, r4
 1422              	.LVL164:
 525:Core/Src/device/cjson.c **** 	if (!value) return 0;
 1423              		.loc 1 525 8 view .LVU493
 1424 0266 FFF7FEFF 		bl	skip
 1425              	.LVL165:
 1426 026a 0146     		mov	r1, r0
 525:Core/Src/device/cjson.c **** 	if (!value) return 0;
 1427              		.loc 1 525 8 discriminator 1 view .LVU494
 1428 026c 3046     		mov	r0, r6
 1429 026e FFF7FEFF 		bl	parse_string
 1430              	.LVL166:
 525:Core/Src/device/cjson.c **** 	if (!value) return 0;
 1431              		.loc 1 525 8 discriminator 2 view .LVU495
 1432 0272 FFF7FEFF 		bl	skip
 1433              	.LVL167:
 526:Core/Src/device/cjson.c **** 	child->string=child->valuestring;child->valuestring=0;
 1434              		.loc 1 526 2 is_stmt 1 view .LVU496
 526:Core/Src/device/cjson.c **** 	child->string=child->valuestring;child->valuestring=0;
 1435              		.loc 1 526 5 is_stmt 0 view .LVU497
 1436 0276 0028     		cmp	r0, #0
 1437 0278 C5D0     		beq	.L86
 527:Core/Src/device/cjson.c **** 	if (*value!=':') {ep=value;return 0;}	/* fail! */
 1438              		.loc 1 527 2 is_stmt 1 view .LVU498
 527:Core/Src/device/cjson.c **** 	if (*value!=':') {ep=value;return 0;}	/* fail! */
 1439              		.loc 1 527 53 is_stmt 0 view .LVU499
 1440 027a 0027     		movs	r7, #0
 527:Core/Src/device/cjson.c **** 	if (*value!=':') {ep=value;return 0;}	/* fail! */
 1441              		.loc 1 527 15 view .LVU500
 1442 027c 3369     		ldr	r3, [r6, #16]
 527:Core/Src/device/cjson.c **** 	if (*value!=':') {ep=value;return 0;}	/* fail! */
 1443              		.loc 1 527 53 view .LVU501
 1444 027e 3761     		str	r7, [r6, #16]
ARM GAS  C:\Users\airforce\AppData\Local\Temp\ccf0vFDc.s 			page 43


 527:Core/Src/device/cjson.c **** 	if (*value!=':') {ep=value;return 0;}	/* fail! */
 1445              		.loc 1 527 15 view .LVU502
 1446 0280 3362     		str	r3, [r6, #32]
 527:Core/Src/device/cjson.c **** 	if (*value!=':') {ep=value;return 0;}	/* fail! */
 1447              		.loc 1 527 35 is_stmt 1 view .LVU503
 528:Core/Src/device/cjson.c **** 	value=skip(parse_value(child,skip(value+1)));	/* skip any spacing, get the value. */
 1448              		.loc 1 528 2 view .LVU504
 528:Core/Src/device/cjson.c **** 	value=skip(parse_value(child,skip(value+1)));	/* skip any spacing, get the value. */
 1449              		.loc 1 528 5 is_stmt 0 view .LVU505
 1450 0282 0378     		ldrb	r3, [r0]	@ zero_extendqisi2
 1451 0284 3A2B     		cmp	r3, #58
 1452 0286 02D0     		beq	.L114
 1453              	.LVL168:
 1454              	.L159:
 1455              	.LBB37:
 540:Core/Src/device/cjson.c **** 		value=skip(parse_value(child,skip(value+1)));	/* skip any spacing, get the value. */
 1456              		.loc 1 540 21 is_stmt 1 discriminator 1 view .LVU506
 540:Core/Src/device/cjson.c **** 		value=skip(parse_value(child,skip(value+1)));	/* skip any spacing, get the value. */
 1457              		.loc 1 540 23 is_stmt 0 discriminator 1 view .LVU507
 1458 0288 0F4B     		ldr	r3, .L164+24
 1459 028a 1860     		str	r0, [r3]
 540:Core/Src/device/cjson.c **** 		value=skip(parse_value(child,skip(value+1)));	/* skip any spacing, get the value. */
 1460              		.loc 1 540 30 is_stmt 1 view .LVU508
 540:Core/Src/device/cjson.c **** 		value=skip(parse_value(child,skip(value+1)));	/* skip any spacing, get the value. */
 1461              		.loc 1 540 37 is_stmt 0 view .LVU509
 1462 028c BBE7     		b	.L86
 1463              	.LVL169:
 1464              	.L114:
 540:Core/Src/device/cjson.c **** 		value=skip(parse_value(child,skip(value+1)));	/* skip any spacing, get the value. */
 1465              		.loc 1 540 37 view .LVU510
 1466              	.LBE37:
 529:Core/Src/device/cjson.c **** 	if (!value) return 0;
 1467              		.loc 1 529 2 is_stmt 1 view .LVU511
 529:Core/Src/device/cjson.c **** 	if (!value) return 0;
 1468              		.loc 1 529 8 is_stmt 0 view .LVU512
 1469 028e 0130     		adds	r0, r0, #1
 1470              	.LVL170:
 529:Core/Src/device/cjson.c **** 	if (!value) return 0;
 1471              		.loc 1 529 8 view .LVU513
 1472 0290 FFF7FEFF 		bl	skip
 1473              	.LVL171:
 529:Core/Src/device/cjson.c **** 	if (!value) return 0;
 1474              		.loc 1 529 8 view .LVU514
 1475 0294 0146     		mov	r1, r0
 529:Core/Src/device/cjson.c **** 	if (!value) return 0;
 1476              		.loc 1 529 8 discriminator 1 view .LVU515
 1477 0296 3046     		mov	r0, r6
 1478 0298 FFF7B2FE 		bl	parse_value
 1479              	.LVL172:
 529:Core/Src/device/cjson.c **** 	if (!value) return 0;
 1480              		.loc 1 529 8 discriminator 2 view .LVU516
 1481 029c FFF7FEFF 		bl	skip
 1482              	.LVL173:
 530:Core/Src/device/cjson.c **** 	
 1483              		.loc 1 530 2 is_stmt 1 view .LVU517
 530:Core/Src/device/cjson.c **** 	
 1484              		.loc 1 530 5 is_stmt 0 view .LVU518
ARM GAS  C:\Users\airforce\AppData\Local\Temp\ccf0vFDc.s 			page 44


 1485 02a0 0446     		mov	r4, r0
 1486 02a2 0028     		cmp	r0, #0
 1487 02a4 AFD0     		beq	.L86
 1488              	.LVL174:
 1489              	.L115:
 532:Core/Src/device/cjson.c **** 	{
 1490              		.loc 1 532 15 is_stmt 1 view .LVU519
 532:Core/Src/device/cjson.c **** 	{
 1491              		.loc 1 532 9 is_stmt 0 view .LVU520
 1492 02a6 2378     		ldrb	r3, [r4]	@ zero_extendqisi2
 532:Core/Src/device/cjson.c **** 	{
 1493              		.loc 1 532 15 view .LVU521
 1494 02a8 2C2B     		cmp	r3, #44
 1495 02aa 0FD0     		beq	.L117
 1496              		.loc 1 545 2 is_stmt 1 view .LVU522
 1497              		.loc 1 545 5 is_stmt 0 view .LVU523
 1498 02ac 7D2B     		cmp	r3, #125
 1499 02ae C4E7     		b	.L163
 1500              	.L165:
 1501              		.align	2
 1502              	.L164:
 1503 02b0 00000000 		.word	.LC0
 1504 02b4 05000000 		.word	.LC1
 1505 02b8 0B000000 		.word	.LC2
 1506 02bc 0000F03F 		.word	1072693248
 1507 02c0 0000F0BF 		.word	-1074790400
 1508 02c4 00002440 		.word	1076101120
 1509 02c8 00000000 		.word	ep
 1510              	.L117:
 1511              	.LBB38:
 534:Core/Src/device/cjson.c **** 		if (!(new_item=cJSON_New_Item()))	return 0; /* memory fail */
 1512              		.loc 1 534 3 is_stmt 1 view .LVU524
 535:Core/Src/device/cjson.c **** 		child->next=new_item;new_item->prev=child;child=new_item;
 1513              		.loc 1 535 3 view .LVU525
 535:Core/Src/device/cjson.c **** 		child->next=new_item;new_item->prev=child;child=new_item;
 1514              		.loc 1 535 18 is_stmt 0 view .LVU526
 1515 02cc FFF7FEFF 		bl	cJSON_New_Item
 1516              	.LVL175:
 535:Core/Src/device/cjson.c **** 		child->next=new_item;new_item->prev=child;child=new_item;
 1517              		.loc 1 535 6 discriminator 1 view .LVU527
 1518 02d0 0546     		mov	r5, r0
 1519 02d2 0028     		cmp	r0, #0
 1520 02d4 97D0     		beq	.L86
 536:Core/Src/device/cjson.c **** 		value=skip(parse_string(child,skip(value+1)));
 1521              		.loc 1 536 3 is_stmt 1 view .LVU528
 536:Core/Src/device/cjson.c **** 		value=skip(parse_string(child,skip(value+1)));
 1522              		.loc 1 536 14 is_stmt 0 view .LVU529
 1523 02d6 3060     		str	r0, [r6]
 536:Core/Src/device/cjson.c **** 		value=skip(parse_string(child,skip(value+1)));
 1524              		.loc 1 536 24 is_stmt 1 view .LVU530
 536:Core/Src/device/cjson.c **** 		value=skip(parse_string(child,skip(value+1)));
 1525              		.loc 1 536 38 is_stmt 0 view .LVU531
 1526 02d8 4660     		str	r6, [r0, #4]
 536:Core/Src/device/cjson.c **** 		value=skip(parse_string(child,skip(value+1)));
 1527              		.loc 1 536 45 is_stmt 1 view .LVU532
 1528              	.LVL176:
 537:Core/Src/device/cjson.c **** 		if (!value) return 0;
ARM GAS  C:\Users\airforce\AppData\Local\Temp\ccf0vFDc.s 			page 45


 1529              		.loc 1 537 3 view .LVU533
 537:Core/Src/device/cjson.c **** 		if (!value) return 0;
 1530              		.loc 1 537 9 is_stmt 0 view .LVU534
 1531 02da 601C     		adds	r0, r4, #1
 1532              	.LVL177:
 537:Core/Src/device/cjson.c **** 		if (!value) return 0;
 1533              		.loc 1 537 9 view .LVU535
 1534 02dc FFF7FEFF 		bl	skip
 1535              	.LVL178:
 1536 02e0 0146     		mov	r1, r0
 537:Core/Src/device/cjson.c **** 		if (!value) return 0;
 1537              		.loc 1 537 9 discriminator 1 view .LVU536
 1538 02e2 2846     		mov	r0, r5
 1539 02e4 FFF7FEFF 		bl	parse_string
 1540              	.LVL179:
 537:Core/Src/device/cjson.c **** 		if (!value) return 0;
 1541              		.loc 1 537 9 discriminator 2 view .LVU537
 1542 02e8 FFF7FEFF 		bl	skip
 1543              	.LVL180:
 538:Core/Src/device/cjson.c **** 		child->string=child->valuestring;child->valuestring=0;
 1544              		.loc 1 538 3 is_stmt 1 view .LVU538
 538:Core/Src/device/cjson.c **** 		child->string=child->valuestring;child->valuestring=0;
 1545              		.loc 1 538 6 is_stmt 0 view .LVU539
 1546 02ec 0028     		cmp	r0, #0
 1547 02ee 8AD0     		beq	.L86
 539:Core/Src/device/cjson.c **** 		if (*value!=':') {ep=value;return 0;}	/* fail! */
 1548              		.loc 1 539 3 is_stmt 1 view .LVU540
 539:Core/Src/device/cjson.c **** 		if (*value!=':') {ep=value;return 0;}	/* fail! */
 1549              		.loc 1 539 16 is_stmt 0 view .LVU541
 1550 02f0 2B69     		ldr	r3, [r5, #16]
 539:Core/Src/device/cjson.c **** 		if (*value!=':') {ep=value;return 0;}	/* fail! */
 1551              		.loc 1 539 54 view .LVU542
 1552 02f2 2F61     		str	r7, [r5, #16]
 539:Core/Src/device/cjson.c **** 		if (*value!=':') {ep=value;return 0;}	/* fail! */
 1553              		.loc 1 539 16 view .LVU543
 1554 02f4 2B62     		str	r3, [r5, #32]
 539:Core/Src/device/cjson.c **** 		if (*value!=':') {ep=value;return 0;}	/* fail! */
 1555              		.loc 1 539 36 is_stmt 1 view .LVU544
 540:Core/Src/device/cjson.c **** 		value=skip(parse_value(child,skip(value+1)));	/* skip any spacing, get the value. */
 1556              		.loc 1 540 3 view .LVU545
 540:Core/Src/device/cjson.c **** 		value=skip(parse_value(child,skip(value+1)));	/* skip any spacing, get the value. */
 1557              		.loc 1 540 6 is_stmt 0 view .LVU546
 1558 02f6 0378     		ldrb	r3, [r0]	@ zero_extendqisi2
 1559 02f8 3A2B     		cmp	r3, #58
 1560 02fa C5D1     		bne	.L159
 541:Core/Src/device/cjson.c **** 		if (!value) return 0;
 1561              		.loc 1 541 3 is_stmt 1 view .LVU547
 541:Core/Src/device/cjson.c **** 		if (!value) return 0;
 1562              		.loc 1 541 9 is_stmt 0 view .LVU548
 1563 02fc 0130     		adds	r0, r0, #1
 1564              	.LVL181:
 541:Core/Src/device/cjson.c **** 		if (!value) return 0;
 1565              		.loc 1 541 9 view .LVU549
 1566 02fe FFF7FEFF 		bl	skip
 1567              	.LVL182:
 541:Core/Src/device/cjson.c **** 		if (!value) return 0;
 1568              		.loc 1 541 9 view .LVU550
ARM GAS  C:\Users\airforce\AppData\Local\Temp\ccf0vFDc.s 			page 46


 1569 0302 0146     		mov	r1, r0
 541:Core/Src/device/cjson.c **** 		if (!value) return 0;
 1570              		.loc 1 541 9 discriminator 1 view .LVU551
 1571 0304 2846     		mov	r0, r5
 1572 0306 FFF77BFE 		bl	parse_value
 1573              	.LVL183:
 541:Core/Src/device/cjson.c **** 		if (!value) return 0;
 1574              		.loc 1 541 9 discriminator 2 view .LVU552
 1575 030a FFF7FEFF 		bl	skip
 1576              	.LVL184:
 542:Core/Src/device/cjson.c **** 	}
 1577              		.loc 1 542 3 is_stmt 1 view .LVU553
 542:Core/Src/device/cjson.c **** 	}
 1578              		.loc 1 542 6 is_stmt 0 view .LVU554
 1579 030e 0446     		mov	r4, r0
 1580 0310 0028     		cmp	r0, #0
 1581 0312 3FF478AF 		beq	.L86
 536:Core/Src/device/cjson.c **** 		value=skip(parse_string(child,skip(value+1)));
 1582              		.loc 1 536 50 view .LVU555
 1583 0316 2E46     		mov	r6, r5
 1584 0318 C5E7     		b	.L115
 1585              	.LBE38:
 1586              	.LBE40:
 1587              	.LBE44:
 1588              		.cfi_endproc
 1589              	.LFE25:
 1591 031a 00BF     		.section	.text.ensure,"ax",%progbits
 1592              		.align	1
 1593              		.syntax unified
 1594              		.thumb
 1595              		.thumb_func
 1597              	ensure:
 1598              	.LVL185:
 1599              	.LFB12:
 122:Core/Src/device/cjson.c **** 	char *newbuffer;int newsize;
 1600              		.loc 1 122 1 is_stmt 1 view -0
 1601              		.cfi_startproc
 1602              		@ args = 0, pretend = 0, frame = 0
 1603              		@ frame_needed = 0, uses_anonymous_args = 0
 123:Core/Src/device/cjson.c **** 	if (!p || !p->buffer) return 0;
 1604              		.loc 1 123 2 view .LVU557
 123:Core/Src/device/cjson.c **** 	if (!p || !p->buffer) return 0;
 1605              		.loc 1 123 18 view .LVU558
 124:Core/Src/device/cjson.c **** 	needed+=p->offset;
 1606              		.loc 1 124 2 view .LVU559
 122:Core/Src/device/cjson.c **** 	char *newbuffer;int newsize;
 1607              		.loc 1 122 1 is_stmt 0 view .LVU560
 1608 0000 F8B5     		push	{r3, r4, r5, r6, r7, lr}
 1609              	.LCFI9:
 1610              		.cfi_def_cfa_offset 24
 1611              		.cfi_offset 3, -24
 1612              		.cfi_offset 4, -20
 1613              		.cfi_offset 5, -16
 1614              		.cfi_offset 6, -12
 1615              		.cfi_offset 7, -8
 1616              		.cfi_offset 14, -4
 124:Core/Src/device/cjson.c **** 	needed+=p->offset;
ARM GAS  C:\Users\airforce\AppData\Local\Temp\ccf0vFDc.s 			page 47


 1617              		.loc 1 124 5 view .LVU561
 1618 0002 0546     		mov	r5, r0
 1619 0004 08B3     		cbz	r0, .L167
 124:Core/Src/device/cjson.c **** 	needed+=p->offset;
 1620              		.loc 1 124 14 discriminator 2 view .LVU562
 1621 0006 0068     		ldr	r0, [r0]
 1622              	.LVL186:
 124:Core/Src/device/cjson.c **** 	needed+=p->offset;
 1623              		.loc 1 124 9 discriminator 2 view .LVU563
 1624 0008 F8B1     		cbz	r0, .L167
 125:Core/Src/device/cjson.c **** 	if (needed<=p->length) return p->buffer+p->offset;
 1625              		.loc 1 125 2 is_stmt 1 view .LVU564
 125:Core/Src/device/cjson.c **** 	if (needed<=p->length) return p->buffer+p->offset;
 1626              		.loc 1 125 11 is_stmt 0 view .LVU565
 1627 000a AB68     		ldr	r3, [r5, #8]
 126:Core/Src/device/cjson.c **** 
 1628              		.loc 1 126 5 view .LVU566
 1629 000c 6A68     		ldr	r2, [r5, #4]
 125:Core/Src/device/cjson.c **** 	if (needed<=p->length) return p->buffer+p->offset;
 1630              		.loc 1 125 8 view .LVU567
 1631 000e 5C18     		adds	r4, r3, r1
 1632              	.LVL187:
 126:Core/Src/device/cjson.c **** 
 1633              		.loc 1 126 2 is_stmt 1 view .LVU568
 126:Core/Src/device/cjson.c **** 
 1634              		.loc 1 126 5 is_stmt 0 view .LVU569
 1635 0010 A242     		cmp	r2, r4
 1636 0012 01DB     		blt	.L168
 126:Core/Src/device/cjson.c **** 
 1637              		.loc 1 126 25 is_stmt 1 discriminator 1 view .LVU570
 126:Core/Src/device/cjson.c **** 
 1638              		.loc 1 126 41 is_stmt 0 discriminator 1 view .LVU571
 1639 0014 1844     		add	r0, r0, r3
 1640              	.LVL188:
 1641              	.L166:
 136:Core/Src/device/cjson.c **** 
 1642              		.loc 1 136 1 view .LVU572
 1643 0016 F8BD     		pop	{r3, r4, r5, r6, r7, pc}
 1644              	.LVL189:
 1645              	.L168:
 128:Core/Src/device/cjson.c **** 	newbuffer=(char*)cJSON_malloc(newsize);
 1646              		.loc 1 128 2 is_stmt 1 view .LVU573
 1647              	.LBB47:
 1648              	.LBI47:
 117:Core/Src/device/cjson.c **** 
 1649              		.loc 1 117 12 view .LVU574
 1650              	.LBB48:
 117:Core/Src/device/cjson.c **** 
 1651              		.loc 1 117 29 view .LVU575
 1652 0018 013C     		subs	r4, r4, #1
 1653              	.LVL190:
 117:Core/Src/device/cjson.c **** 
 1654              		.loc 1 117 34 view .LVU576
 117:Core/Src/device/cjson.c **** 
 1655              		.loc 1 117 35 is_stmt 0 view .LVU577
 1656 001a 44EA6404 		orr	r4, r4, r4, asr #1
 1657              	.LVL191:
ARM GAS  C:\Users\airforce\AppData\Local\Temp\ccf0vFDc.s 			page 48


 117:Core/Src/device/cjson.c **** 
 1658              		.loc 1 117 43 is_stmt 1 view .LVU578
 117:Core/Src/device/cjson.c **** 
 1659              		.loc 1 117 44 is_stmt 0 view .LVU579
 1660 001e 44EAA404 		orr	r4, r4, r4, asr #2
 1661              	.LVL192:
 117:Core/Src/device/cjson.c **** 
 1662              		.loc 1 117 52 is_stmt 1 view .LVU580
 117:Core/Src/device/cjson.c **** 
 1663              		.loc 1 117 53 is_stmt 0 view .LVU581
 1664 0022 44EA2414 		orr	r4, r4, r4, asr #4
 1665              	.LVL193:
 117:Core/Src/device/cjson.c **** 
 1666              		.loc 1 117 61 is_stmt 1 view .LVU582
 117:Core/Src/device/cjson.c **** 
 1667              		.loc 1 117 62 is_stmt 0 view .LVU583
 1668 0026 44EA2424 		orr	r4, r4, r4, asr #8
 1669              	.LVL194:
 117:Core/Src/device/cjson.c **** 
 1670              		.loc 1 117 70 is_stmt 1 view .LVU584
 117:Core/Src/device/cjson.c **** 
 1671              		.loc 1 117 80 view .LVU585
 1672              	.LBE48:
 1673              	.LBE47:
 129:Core/Src/device/cjson.c **** 	if (!newbuffer) {cJSON_free(p->buffer);p->length=0,p->buffer=0;return 0;}
 1674              		.loc 1 129 19 is_stmt 0 view .LVU586
 1675 002a 0E4B     		ldr	r3, .L177
 1676              	.LVL195:
 1677              	.LBB50:
 1678              	.LBB49:
 117:Core/Src/device/cjson.c **** 
 1679              		.loc 1 117 71 view .LVU587
 1680 002c 44EA2444 		orr	r4, r4, r4, asr #16
 1681              	.LVL196:
 117:Core/Src/device/cjson.c **** 
 1682              		.loc 1 117 88 view .LVU588
 1683 0030 0134     		adds	r4, r4, #1
 1684              	.LVL197:
 117:Core/Src/device/cjson.c **** 
 1685              		.loc 1 117 88 view .LVU589
 1686              	.LBE49:
 1687              	.LBE50:
 129:Core/Src/device/cjson.c **** 	if (!newbuffer) {cJSON_free(p->buffer);p->length=0,p->buffer=0;return 0;}
 1688              		.loc 1 129 2 is_stmt 1 view .LVU590
 129:Core/Src/device/cjson.c **** 	if (!newbuffer) {cJSON_free(p->buffer);p->length=0,p->buffer=0;return 0;}
 1689              		.loc 1 129 19 is_stmt 0 view .LVU591
 1690 0032 1B68     		ldr	r3, [r3]
 1691 0034 2046     		mov	r0, r4
 1692 0036 9847     		blx	r3
 1693              	.LVL198:
 130:Core/Src/device/cjson.c **** 	if (newbuffer) memcpy(newbuffer,p->buffer,p->length);
 1694              		.loc 1 130 2 is_stmt 1 view .LVU592
 130:Core/Src/device/cjson.c **** 	if (newbuffer) memcpy(newbuffer,p->buffer,p->length);
 1695              		.loc 1 130 19 is_stmt 0 discriminator 1 view .LVU593
 1696 0038 0B4B     		ldr	r3, .L177+4
 130:Core/Src/device/cjson.c **** 	if (newbuffer) memcpy(newbuffer,p->buffer,p->length);
 1697              		.loc 1 130 5 view .LVU594
ARM GAS  C:\Users\airforce\AppData\Local\Temp\ccf0vFDc.s 			page 49


 1698 003a 0646     		mov	r6, r0
 130:Core/Src/device/cjson.c **** 	if (newbuffer) memcpy(newbuffer,p->buffer,p->length);
 1699              		.loc 1 130 31 discriminator 1 view .LVU595
 1700 003c 2968     		ldr	r1, [r5]
 130:Core/Src/device/cjson.c **** 	if (newbuffer) memcpy(newbuffer,p->buffer,p->length);
 1701              		.loc 1 130 19 discriminator 1 view .LVU596
 1702 003e 1F68     		ldr	r7, [r3]
 130:Core/Src/device/cjson.c **** 	if (newbuffer) memcpy(newbuffer,p->buffer,p->length);
 1703              		.loc 1 130 5 view .LVU597
 1704 0040 28B9     		cbnz	r0, .L170
 130:Core/Src/device/cjson.c **** 	if (newbuffer) memcpy(newbuffer,p->buffer,p->length);
 1705              		.loc 1 130 19 is_stmt 1 discriminator 1 view .LVU598
 1706 0042 0846     		mov	r0, r1
 1707              	.LVL199:
 130:Core/Src/device/cjson.c **** 	if (newbuffer) memcpy(newbuffer,p->buffer,p->length);
 1708              		.loc 1 130 19 is_stmt 0 discriminator 1 view .LVU599
 1709 0044 B847     		blx	r7
 1710              	.LVL200:
 130:Core/Src/device/cjson.c **** 	if (newbuffer) memcpy(newbuffer,p->buffer,p->length);
 1711              		.loc 1 130 41 is_stmt 1 discriminator 1 view .LVU600
 130:Core/Src/device/cjson.c **** 	if (newbuffer) memcpy(newbuffer,p->buffer,p->length);
 1712              		.loc 1 130 62 is_stmt 0 discriminator 1 view .LVU601
 1713 0046 C5E90066 		strd	r6, r6, [r5]
 130:Core/Src/device/cjson.c **** 	if (newbuffer) memcpy(newbuffer,p->buffer,p->length);
 1714              		.loc 1 130 65 is_stmt 1 discriminator 1 view .LVU602
 1715              	.LVL201:
 1716              	.L167:
 124:Core/Src/device/cjson.c **** 	needed+=p->offset;
 1717              		.loc 1 124 31 is_stmt 0 discriminator 3 view .LVU603
 1718 004a 0020     		movs	r0, #0
 1719 004c E3E7     		b	.L166
 1720              	.LVL202:
 1721              	.L170:
 131:Core/Src/device/cjson.c **** 	cJSON_free(p->buffer);
 1722              		.loc 1 131 2 is_stmt 1 view .LVU604
 131:Core/Src/device/cjson.c **** 	cJSON_free(p->buffer);
 1723              		.loc 1 131 17 discriminator 1 view .LVU605
 1724 004e 6A68     		ldr	r2, [r5, #4]
 1725 0050 FFF7FEFF 		bl	memcpy
 1726              	.LVL203:
 132:Core/Src/device/cjson.c **** 	p->length=newsize;
 1727              		.loc 1 132 2 view .LVU606
 1728 0054 2868     		ldr	r0, [r5]
 1729 0056 B847     		blx	r7
 1730              	.LVL204:
 133:Core/Src/device/cjson.c **** 	p->buffer=newbuffer;
 1731              		.loc 1 133 2 view .LVU607
 135:Core/Src/device/cjson.c **** }
 1732              		.loc 1 135 18 is_stmt 0 view .LVU608
 1733 0058 A868     		ldr	r0, [r5, #8]
 134:Core/Src/device/cjson.c **** 	return newbuffer+p->offset;
 1734              		.loc 1 134 11 view .LVU609
 1735 005a C5E90064 		strd	r6, r4, [r5]
 135:Core/Src/device/cjson.c **** }
 1736              		.loc 1 135 2 is_stmt 1 view .LVU610
 135:Core/Src/device/cjson.c **** }
 1737              		.loc 1 135 18 is_stmt 0 view .LVU611
ARM GAS  C:\Users\airforce\AppData\Local\Temp\ccf0vFDc.s 			page 50


 1738 005e 3044     		add	r0, r0, r6
 1739 0060 D9E7     		b	.L166
 1740              	.L178:
 1741 0062 00BF     		.align	2
 1742              	.L177:
 1743 0064 00000000 		.word	cJSON_malloc
 1744 0068 00000000 		.word	cJSON_free
 1745              		.cfi_endproc
 1746              	.LFE12:
 1748              		.section	.text.create_reference,"ax",%progbits
 1749              		.align	1
 1750              		.syntax unified
 1751              		.thumb
 1752              		.thumb_func
 1754              	create_reference:
 1755              	.LVL205:
 1756              	.LFB35:
 546:Core/Src/device/cjson.c **** 	ep=value;return 0;	/* malformed. */
 547:Core/Src/device/cjson.c **** }
 548:Core/Src/device/cjson.c **** 
 549:Core/Src/device/cjson.c **** /* Render an object to text. */
 550:Core/Src/device/cjson.c **** static char *print_object(cJSON *item,int depth,int fmt,printbuffer *p)
 551:Core/Src/device/cjson.c **** {
 552:Core/Src/device/cjson.c **** 	char **entries=0,**names=0;
 553:Core/Src/device/cjson.c **** 	char *out=0,*ptr,*ret,*str;int len=7,i=0,j;
 554:Core/Src/device/cjson.c **** 	cJSON *child=item->child;
 555:Core/Src/device/cjson.c **** 	int numentries=0,fail=0;
 556:Core/Src/device/cjson.c **** 	size_t tmplen=0;
 557:Core/Src/device/cjson.c **** 	/* Count the number of entries. */
 558:Core/Src/device/cjson.c **** 	while (child) numentries++,child=child->next;
 559:Core/Src/device/cjson.c **** 	/* Explicitly handle empty object case */
 560:Core/Src/device/cjson.c **** 	if (!numentries)
 561:Core/Src/device/cjson.c **** 	{
 562:Core/Src/device/cjson.c **** 		if (p) out=ensure(p,fmt?depth+4:3);
 563:Core/Src/device/cjson.c **** 		else	out=(char*)cJSON_malloc(fmt?depth+4:3);
 564:Core/Src/device/cjson.c **** 		if (!out)	return 0;
 565:Core/Src/device/cjson.c **** 		ptr=out;*ptr++='{';
 566:Core/Src/device/cjson.c **** 		if (fmt) {*ptr++='\n';for (i=0;i<depth-1;i++) *ptr++='\t';}
 567:Core/Src/device/cjson.c **** 		*ptr++='}';*ptr++=0;
 568:Core/Src/device/cjson.c **** 		return out;
 569:Core/Src/device/cjson.c **** 	}
 570:Core/Src/device/cjson.c **** 	if (p)
 571:Core/Src/device/cjson.c **** 	{
 572:Core/Src/device/cjson.c **** 		/* Compose the output: */
 573:Core/Src/device/cjson.c **** 		i=p->offset;
 574:Core/Src/device/cjson.c **** 		len=fmt?2:1;	ptr=ensure(p,len+1);	if (!ptr) return 0;
 575:Core/Src/device/cjson.c **** 		*ptr++='{';	if (fmt) *ptr++='\n';	*ptr=0;	p->offset+=len;
 576:Core/Src/device/cjson.c **** 		child=item->child;depth++;
 577:Core/Src/device/cjson.c **** 		while (child)
 578:Core/Src/device/cjson.c **** 		{
 579:Core/Src/device/cjson.c **** 			if (fmt)
 580:Core/Src/device/cjson.c **** 			{
 581:Core/Src/device/cjson.c **** 				ptr=ensure(p,depth);	if (!ptr) return 0;
 582:Core/Src/device/cjson.c **** 				for (j=0;j<depth;j++) *ptr++='\t';
 583:Core/Src/device/cjson.c **** 				p->offset+=depth;
 584:Core/Src/device/cjson.c **** 			}
 585:Core/Src/device/cjson.c **** 			print_string_ptr(child->string,p);
ARM GAS  C:\Users\airforce\AppData\Local\Temp\ccf0vFDc.s 			page 51


 586:Core/Src/device/cjson.c **** 			p->offset=update(p);
 587:Core/Src/device/cjson.c **** 			
 588:Core/Src/device/cjson.c **** 			len=fmt?2:1;
 589:Core/Src/device/cjson.c **** 			ptr=ensure(p,len);	if (!ptr) return 0;
 590:Core/Src/device/cjson.c **** 			*ptr++=':';if (fmt) *ptr++='\t';
 591:Core/Src/device/cjson.c **** 			p->offset+=len;
 592:Core/Src/device/cjson.c **** 			
 593:Core/Src/device/cjson.c **** 			print_value(child,depth,fmt,p);
 594:Core/Src/device/cjson.c **** 			p->offset=update(p);
 595:Core/Src/device/cjson.c **** 
 596:Core/Src/device/cjson.c **** 			len=(fmt?1:0)+(child->next?1:0);
 597:Core/Src/device/cjson.c **** 			ptr=ensure(p,len+1); if (!ptr) return 0;
 598:Core/Src/device/cjson.c **** 			if (child->next) *ptr++=',';
 599:Core/Src/device/cjson.c **** 			if (fmt) *ptr++='\n';*ptr=0;
 600:Core/Src/device/cjson.c **** 			p->offset+=len;
 601:Core/Src/device/cjson.c **** 			child=child->next;
 602:Core/Src/device/cjson.c **** 		}
 603:Core/Src/device/cjson.c **** 		ptr=ensure(p,fmt?(depth+1):2);	 if (!ptr) return 0;
 604:Core/Src/device/cjson.c **** 		if (fmt)	for (i=0;i<depth-1;i++) *ptr++='\t';
 605:Core/Src/device/cjson.c **** 		*ptr++='}';*ptr=0;
 606:Core/Src/device/cjson.c **** 		out=(p->buffer)+i;
 607:Core/Src/device/cjson.c **** 	}
 608:Core/Src/device/cjson.c **** 	else
 609:Core/Src/device/cjson.c **** 	{
 610:Core/Src/device/cjson.c **** 		/* Allocate space for the names and the objects */
 611:Core/Src/device/cjson.c **** 		entries=(char**)cJSON_malloc(numentries*sizeof(char*));
 612:Core/Src/device/cjson.c **** 		if (!entries) return 0;
 613:Core/Src/device/cjson.c **** 		names=(char**)cJSON_malloc(numentries*sizeof(char*));
 614:Core/Src/device/cjson.c **** 		if (!names) {cJSON_free(entries);return 0;}
 615:Core/Src/device/cjson.c **** 		memset(entries,0,sizeof(char*)*numentries);
 616:Core/Src/device/cjson.c **** 		memset(names,0,sizeof(char*)*numentries);
 617:Core/Src/device/cjson.c **** 
 618:Core/Src/device/cjson.c **** 		/* Collect all the results into our arrays: */
 619:Core/Src/device/cjson.c **** 		child=item->child;depth++;if (fmt) len+=depth;
 620:Core/Src/device/cjson.c **** 		while (child)
 621:Core/Src/device/cjson.c **** 		{
 622:Core/Src/device/cjson.c **** 			names[i]=str=print_string_ptr(child->string,0);
 623:Core/Src/device/cjson.c **** 			entries[i++]=ret=print_value(child,depth,fmt,0);
 624:Core/Src/device/cjson.c **** 			if (str && ret) len+=strlen(ret)+strlen(str)+2+(fmt?2+depth:0); else fail=1;
 625:Core/Src/device/cjson.c **** 			child=child->next;
 626:Core/Src/device/cjson.c **** 		}
 627:Core/Src/device/cjson.c **** 		
 628:Core/Src/device/cjson.c **** 		/* Try to allocate the output string */
 629:Core/Src/device/cjson.c **** 		if (!fail)	out=(char*)cJSON_malloc(len);
 630:Core/Src/device/cjson.c **** 		if (!out) fail=1;
 631:Core/Src/device/cjson.c **** 
 632:Core/Src/device/cjson.c **** 		/* Handle failure */
 633:Core/Src/device/cjson.c **** 		if (fail)
 634:Core/Src/device/cjson.c **** 		{
 635:Core/Src/device/cjson.c **** 			for (i=0;i<numentries;i++) {if (names[i]) cJSON_free(names[i]);if (entries[i]) cJSON_free(entrie
 636:Core/Src/device/cjson.c **** 			cJSON_free(names);cJSON_free(entries);
 637:Core/Src/device/cjson.c **** 			return 0;
 638:Core/Src/device/cjson.c **** 		}
 639:Core/Src/device/cjson.c **** 		
 640:Core/Src/device/cjson.c **** 		/* Compose the output: */
 641:Core/Src/device/cjson.c **** 		*out='{';ptr=out+1;if (fmt)*ptr++='\n';*ptr=0;
 642:Core/Src/device/cjson.c **** 		for (i=0;i<numentries;i++)
ARM GAS  C:\Users\airforce\AppData\Local\Temp\ccf0vFDc.s 			page 52


 643:Core/Src/device/cjson.c **** 		{
 644:Core/Src/device/cjson.c **** 			if (fmt) for (j=0;j<depth;j++) *ptr++='\t';
 645:Core/Src/device/cjson.c **** 			tmplen=strlen(names[i]);memcpy(ptr,names[i],tmplen);ptr+=tmplen;
 646:Core/Src/device/cjson.c **** 			*ptr++=':';if (fmt) *ptr++='\t';
 647:Core/Src/device/cjson.c **** 			strcpy(ptr,entries[i]);ptr+=strlen(entries[i]);
 648:Core/Src/device/cjson.c **** 			if (i!=numentries-1) *ptr++=',';
 649:Core/Src/device/cjson.c **** 			if (fmt) *ptr++='\n';*ptr=0;
 650:Core/Src/device/cjson.c **** 			cJSON_free(names[i]);cJSON_free(entries[i]);
 651:Core/Src/device/cjson.c **** 		}
 652:Core/Src/device/cjson.c **** 		
 653:Core/Src/device/cjson.c **** 		cJSON_free(names);cJSON_free(entries);
 654:Core/Src/device/cjson.c **** 		if (fmt) for (i=0;i<depth-1;i++) *ptr++='\t';
 655:Core/Src/device/cjson.c **** 		*ptr++='}';*ptr++=0;
 656:Core/Src/device/cjson.c **** 	}
 657:Core/Src/device/cjson.c **** 	return out;	
 658:Core/Src/device/cjson.c **** }
 659:Core/Src/device/cjson.c **** 
 660:Core/Src/device/cjson.c **** /* Get Array size/item / object item. */
 661:Core/Src/device/cjson.c **** int    cJSON_GetArraySize(cJSON *array)							{cJSON *c=array->child;int i=0;while(c)i++,c=c->next;
 662:Core/Src/device/cjson.c **** cJSON *cJSON_GetArrayItem(cJSON *array,int item)				{cJSON *c=array->child;  while (c && item>0) it
 663:Core/Src/device/cjson.c **** cJSON *cJSON_GetObjectItem(cJSON *object,const char *string)	{cJSON *c=object->child; while (c && c
 664:Core/Src/device/cjson.c **** 
 665:Core/Src/device/cjson.c **** /* Utility for array list handling. */
 666:Core/Src/device/cjson.c **** static void suffix_object(cJSON *prev,cJSON *item) {prev->next=item;item->prev=prev;}
 667:Core/Src/device/cjson.c **** /* Utility for handling references. */
 668:Core/Src/device/cjson.c **** static cJSON *create_reference(cJSON *item) {cJSON *ref=cJSON_New_Item();if (!ref) return 0;memcpy(
 1757              		.loc 1 668 45 is_stmt 1 view -0
 1758              		.cfi_startproc
 1759              		@ args = 0, pretend = 0, frame = 0
 1760              		@ frame_needed = 0, uses_anonymous_args = 0
 1761              		.loc 1 668 46 view .LVU613
 1762              		.loc 1 668 45 is_stmt 0 view .LVU614
 1763 0000 10B5     		push	{r4, lr}
 1764              	.LCFI10:
 1765              		.cfi_def_cfa_offset 8
 1766              		.cfi_offset 4, -8
 1767              		.cfi_offset 14, -4
 1768              		.loc 1 668 45 view .LVU615
 1769 0002 0446     		mov	r4, r0
 1770              		.loc 1 668 57 view .LVU616
 1771 0004 FFF7FEFF 		bl	cJSON_New_Item
 1772              	.LVL206:
 1773              		.loc 1 668 74 is_stmt 1 discriminator 1 view .LVU617
 1774              		.loc 1 668 77 is_stmt 0 discriminator 1 view .LVU618
 1775 0008 88B1     		cbz	r0, .L179
 1776              		.loc 1 668 93 is_stmt 1 discriminator 2 view .LVU619
 1777 000a 2346     		mov	r3, r4
 1778 000c 0246     		mov	r2, r0
 1779 000e 04F12801 		add	r1, r4, #40
 1780              	.LVL207:
 1781              	.L181:
 1782              		.loc 1 668 93 is_stmt 0 discriminator 2 view .LVU620
 1783 0012 53F8044B 		ldr	r4, [r3], #4	@ unaligned
 1784 0016 8B42     		cmp	r3, r1
 1785 0018 42F8044B 		str	r4, [r2], #4	@ unaligned
 1786 001c F9D1     		bne	.L181
 1787              		.loc 1 668 124 is_stmt 1 discriminator 1 view .LVU621
ARM GAS  C:\Users\airforce\AppData\Local\Temp\ccf0vFDc.s 			page 53


 1788              		.loc 1 668 135 is_stmt 0 discriminator 1 view .LVU622
 1789 001e 0023     		movs	r3, #0
 1790              		.loc 1 668 147 discriminator 1 view .LVU623
 1791 0020 C268     		ldr	r2, [r0, #12]
 1792              		.loc 1 668 176 discriminator 1 view .LVU624
 1793 0022 C0E90033 		strd	r3, r3, [r0]
 1794              		.loc 1 668 147 discriminator 1 view .LVU625
 1795 0026 42F48072 		orr	r2, r2, #256
 1796              		.loc 1 668 135 discriminator 1 view .LVU626
 1797 002a 0362     		str	r3, [r0, #32]
 1798              		.loc 1 668 138 is_stmt 1 discriminator 1 view .LVU627
 1799              		.loc 1 668 147 is_stmt 0 discriminator 1 view .LVU628
 1800 002c C260     		str	r2, [r0, #12]
 1801              		.loc 1 668 167 is_stmt 1 discriminator 1 view .LVU629
 1802              		.loc 1 668 189 discriminator 1 view .LVU630
 1803              	.LVL208:
 1804              	.L179:
 1805              		.loc 1 668 200 is_stmt 0 view .LVU631
 1806 002e 10BD     		pop	{r4, pc}
 1807              		.cfi_endproc
 1808              	.LFE35:
 1810              		.section	.text.cJSON_strdup,"ax",%progbits
 1811              		.align	1
 1812              		.syntax unified
 1813              		.thumb
 1814              		.thumb_func
 1816              	cJSON_strdup:
 1817              	.LVL209:
 1818              	.LFB6:
  50:Core/Src/device/cjson.c ****       size_t len;
 1819              		.loc 1 50 1 is_stmt 1 view -0
 1820              		.cfi_startproc
 1821              		@ args = 0, pretend = 0, frame = 0
 1822              		@ frame_needed = 0, uses_anonymous_args = 0
  51:Core/Src/device/cjson.c ****       char* copy;
 1823              		.loc 1 51 7 view .LVU633
  52:Core/Src/device/cjson.c **** 
 1824              		.loc 1 52 7 view .LVU634
  54:Core/Src/device/cjson.c ****       if (!(copy = (char*)cJSON_malloc(len))) return 0;
 1825              		.loc 1 54 7 view .LVU635
  50:Core/Src/device/cjson.c ****       size_t len;
 1826              		.loc 1 50 1 is_stmt 0 view .LVU636
 1827 0000 70B5     		push	{r4, r5, r6, lr}
 1828              	.LCFI11:
 1829              		.cfi_def_cfa_offset 16
 1830              		.cfi_offset 4, -16
 1831              		.cfi_offset 5, -12
 1832              		.cfi_offset 6, -8
 1833              		.cfi_offset 14, -4
  50:Core/Src/device/cjson.c ****       size_t len;
 1834              		.loc 1 50 1 view .LVU637
 1835 0002 0646     		mov	r6, r0
  54:Core/Src/device/cjson.c ****       if (!(copy = (char*)cJSON_malloc(len))) return 0;
 1836              		.loc 1 54 13 view .LVU638
 1837 0004 FFF7FEFF 		bl	strlen
 1838              	.LVL210:
  55:Core/Src/device/cjson.c ****       memcpy(copy,str,len);
ARM GAS  C:\Users\airforce\AppData\Local\Temp\ccf0vFDc.s 			page 54


 1839              		.loc 1 55 27 view .LVU639
 1840 0008 064B     		ldr	r3, .L191
  54:Core/Src/device/cjson.c ****       if (!(copy = (char*)cJSON_malloc(len))) return 0;
 1841              		.loc 1 54 11 discriminator 1 view .LVU640
 1842 000a 451C     		adds	r5, r0, #1
 1843              	.LVL211:
  55:Core/Src/device/cjson.c ****       memcpy(copy,str,len);
 1844              		.loc 1 55 7 is_stmt 1 view .LVU641
  55:Core/Src/device/cjson.c ****       memcpy(copy,str,len);
 1845              		.loc 1 55 27 is_stmt 0 view .LVU642
 1846 000c 2846     		mov	r0, r5
 1847 000e 1B68     		ldr	r3, [r3]
 1848 0010 9847     		blx	r3
 1849              	.LVL212:
  55:Core/Src/device/cjson.c ****       memcpy(copy,str,len);
 1850              		.loc 1 55 10 discriminator 1 view .LVU643
 1851 0012 0446     		mov	r4, r0
 1852 0014 18B1     		cbz	r0, .L186
  56:Core/Src/device/cjson.c ****       return copy;
 1853              		.loc 1 56 7 is_stmt 1 view .LVU644
 1854 0016 2A46     		mov	r2, r5
 1855 0018 3146     		mov	r1, r6
 1856 001a FFF7FEFF 		bl	memcpy
 1857              	.LVL213:
  57:Core/Src/device/cjson.c **** }
 1858              		.loc 1 57 7 view .LVU645
 1859              	.L186:
  58:Core/Src/device/cjson.c **** 
 1860              		.loc 1 58 1 is_stmt 0 view .LVU646
 1861 001e 2046     		mov	r0, r4
 1862 0020 70BD     		pop	{r4, r5, r6, pc}
 1863              	.LVL214:
 1864              	.L192:
  58:Core/Src/device/cjson.c **** 
 1865              		.loc 1 58 1 view .LVU647
 1866 0022 00BF     		.align	2
 1867              	.L191:
 1868 0024 00000000 		.word	cJSON_malloc
 1869              		.cfi_endproc
 1870              	.LFE6:
 1872              		.section	.text.update,"ax",%progbits
 1873              		.align	1
 1874              		.syntax unified
 1875              		.thumb
 1876              		.thumb_func
 1878              	update:
 1879              	.LVL215:
 1880              	.LFB13:
 139:Core/Src/device/cjson.c **** 	char *str;
 1881              		.loc 1 139 1 is_stmt 1 view -0
 1882              		.cfi_startproc
 1883              		@ args = 0, pretend = 0, frame = 0
 1884              		@ frame_needed = 0, uses_anonymous_args = 0
 140:Core/Src/device/cjson.c **** 	if (!p || !p->buffer) return 0;
 1885              		.loc 1 140 2 view .LVU649
 141:Core/Src/device/cjson.c **** 	str=p->buffer+p->offset;
 1886              		.loc 1 141 2 view .LVU650
ARM GAS  C:\Users\airforce\AppData\Local\Temp\ccf0vFDc.s 			page 55


 141:Core/Src/device/cjson.c **** 	str=p->buffer+p->offset;
 1887              		.loc 1 141 5 is_stmt 0 view .LVU651
 1888 0000 0346     		mov	r3, r0
 139:Core/Src/device/cjson.c **** 	char *str;
 1889              		.loc 1 139 1 view .LVU652
 1890 0002 10B5     		push	{r4, lr}
 1891              	.LCFI12:
 1892              		.cfi_def_cfa_offset 8
 1893              		.cfi_offset 4, -8
 1894              		.cfi_offset 14, -4
 141:Core/Src/device/cjson.c **** 	str=p->buffer+p->offset;
 1895              		.loc 1 141 5 view .LVU653
 1896 0004 30B1     		cbz	r0, .L193
 141:Core/Src/device/cjson.c **** 	str=p->buffer+p->offset;
 1897              		.loc 1 141 14 discriminator 2 view .LVU654
 1898 0006 0068     		ldr	r0, [r0]
 1899              	.LVL216:
 141:Core/Src/device/cjson.c **** 	str=p->buffer+p->offset;
 1900              		.loc 1 141 9 discriminator 2 view .LVU655
 1901 0008 20B1     		cbz	r0, .L193
 142:Core/Src/device/cjson.c **** 	return p->offset+strlen(str);
 1902              		.loc 1 142 2 is_stmt 1 view .LVU656
 142:Core/Src/device/cjson.c **** 	return p->offset+strlen(str);
 1903              		.loc 1 142 17 is_stmt 0 view .LVU657
 1904 000a 9C68     		ldr	r4, [r3, #8]
 1905              	.LVL217:
 143:Core/Src/device/cjson.c **** }
 1906              		.loc 1 143 2 is_stmt 1 view .LVU658
 143:Core/Src/device/cjson.c **** }
 1907              		.loc 1 143 19 is_stmt 0 view .LVU659
 1908 000c 2044     		add	r0, r0, r4
 1909              	.LVL218:
 143:Core/Src/device/cjson.c **** }
 1910              		.loc 1 143 19 view .LVU660
 1911 000e FFF7FEFF 		bl	strlen
 1912              	.LVL219:
 143:Core/Src/device/cjson.c **** }
 1913              		.loc 1 143 18 discriminator 1 view .LVU661
 1914 0012 2044     		add	r0, r0, r4
 1915              	.LVL220:
 1916              	.L193:
 144:Core/Src/device/cjson.c **** 
 1917              		.loc 1 144 1 view .LVU662
 1918 0014 10BD     		pop	{r4, pc}
 1919              		.cfi_endproc
 1920              	.LFE13:
 1922              		.section	.rodata.print_number.str1.1,"aMS",%progbits,1
 1923              	.LC3:
 1924 0000 3000     		.ascii	"0\000"
 1925              	.LC4:
 1926 0002 256400   		.ascii	"%d\000"
 1927              	.LC5:
 1928 0005 252E3066 		.ascii	"%.0f\000"
 1928      00
 1929              	.LC6:
 1930 000a 256500   		.ascii	"%e\000"
 1931              	.LC7:
ARM GAS  C:\Users\airforce\AppData\Local\Temp\ccf0vFDc.s 			page 56


 1932 000d 256600   		.ascii	"%f\000"
 1933              		.section	.text.print_number,"ax",%progbits
 1934              		.align	1
 1935              		.syntax unified
 1936              		.thumb
 1937              		.thumb_func
 1939              	print_number:
 1940              	.LVL221:
 1941              	.LFB14:
 148:Core/Src/device/cjson.c **** 	char *str=0;
 1942              		.loc 1 148 1 is_stmt 1 view -0
 1943              		.cfi_startproc
 1944              		@ args = 0, pretend = 0, frame = 0
 1945              		@ frame_needed = 0, uses_anonymous_args = 0
 149:Core/Src/device/cjson.c **** 	double d=item->valuedouble;
 1946              		.loc 1 149 2 view .LVU664
 150:Core/Src/device/cjson.c **** 	if (d==0)
 1947              		.loc 1 150 2 view .LVU665
 148:Core/Src/device/cjson.c **** 	char *str=0;
 1948              		.loc 1 148 1 is_stmt 0 view .LVU666
 1949 0000 2DE9F843 		push	{r3, r4, r5, r6, r7, r8, r9, lr}
 1950              	.LCFI13:
 1951              		.cfi_def_cfa_offset 32
 1952              		.cfi_offset 3, -32
 1953              		.cfi_offset 4, -28
 1954              		.cfi_offset 5, -24
 1955              		.cfi_offset 6, -20
 1956              		.cfi_offset 7, -16
 1957              		.cfi_offset 8, -12
 1958              		.cfi_offset 9, -8
 1959              		.cfi_offset 14, -4
 150:Core/Src/device/cjson.c **** 	if (d==0)
 1960              		.loc 1 150 9 view .LVU667
 1961 0004 D0E90667 		ldrd	r6, [r0, #24]
 1962              	.LVL222:
 151:Core/Src/device/cjson.c **** 	{
 1963              		.loc 1 151 2 is_stmt 1 view .LVU668
 148:Core/Src/device/cjson.c **** 	char *str=0;
 1964              		.loc 1 148 1 is_stmt 0 view .LVU669
 1965 0008 0546     		mov	r5, r0
 1966 000a 0C46     		mov	r4, r1
 151:Core/Src/device/cjson.c **** 	{
 1967              		.loc 1 151 5 view .LVU670
 1968 000c 0022     		movs	r2, #0
 1969 000e 0023     		movs	r3, #0
 1970 0010 3046     		mov	r0, r6
 1971              	.LVL223:
 151:Core/Src/device/cjson.c **** 	{
 1972              		.loc 1 151 5 view .LVU671
 1973 0012 3946     		mov	r1, r7
 1974              	.LVL224:
 151:Core/Src/device/cjson.c **** 	{
 1975              		.loc 1 151 5 view .LVU672
 1976 0014 FFF7FEFF 		bl	__aeabi_dcmpeq
 1977              	.LVL225:
 1978 0018 88B1     		cbz	r0, .L235
 153:Core/Src/device/cjson.c **** 		else	str=(char*)cJSON_malloc(2);	/* special case for 0. */
ARM GAS  C:\Users\airforce\AppData\Local\Temp\ccf0vFDc.s 			page 57


 1979              		.loc 1 153 3 is_stmt 1 view .LVU673
 153:Core/Src/device/cjson.c **** 		else	str=(char*)cJSON_malloc(2);	/* special case for 0. */
 1980              		.loc 1 153 6 is_stmt 0 view .LVU674
 1981 001a 5CB1     		cbz	r4, .L200
 153:Core/Src/device/cjson.c **** 		else	str=(char*)cJSON_malloc(2);	/* special case for 0. */
 1982              		.loc 1 153 10 is_stmt 1 discriminator 1 view .LVU675
 153:Core/Src/device/cjson.c **** 		else	str=(char*)cJSON_malloc(2);	/* special case for 0. */
 1983              		.loc 1 153 14 is_stmt 0 discriminator 1 view .LVU676
 1984 001c 0221     		movs	r1, #2
 1985 001e 2046     		mov	r0, r4
 1986 0020 FFF7FEFF 		bl	ensure
 1987              	.LVL226:
 1988              	.L238:
 154:Core/Src/device/cjson.c **** 		if (str) strcpy(str,"0");
 1989              		.loc 1 154 19 view .LVU677
 1990 0024 0446     		mov	r4, r0
 1991              	.LVL227:
 155:Core/Src/device/cjson.c **** 	}
 1992              		.loc 1 155 3 is_stmt 1 view .LVU678
 155:Core/Src/device/cjson.c **** 	}
 1993              		.loc 1 155 6 is_stmt 0 view .LVU679
 1994 0026 10B1     		cbz	r0, .L197
 155:Core/Src/device/cjson.c **** 	}
 1995              		.loc 1 155 12 is_stmt 1 discriminator 1 view .LVU680
 1996 0028 4749     		ldr	r1, .L242+32
 1997 002a FFF7FEFF 		bl	strcpy
 1998              	.LVL228:
 1999              	.L197:
 175:Core/Src/device/cjson.c **** 
 2000              		.loc 1 175 1 is_stmt 0 view .LVU681
 2001 002e 2046     		mov	r0, r4
 2002 0030 BDE8F883 		pop	{r3, r4, r5, r6, r7, r8, r9, pc}
 2003              	.LVL229:
 2004              	.L200:
 154:Core/Src/device/cjson.c **** 		if (str) strcpy(str,"0");
 2005              		.loc 1 154 8 is_stmt 1 view .LVU682
 154:Core/Src/device/cjson.c **** 		if (str) strcpy(str,"0");
 2006              		.loc 1 154 19 is_stmt 0 view .LVU683
 2007 0034 454B     		ldr	r3, .L242+36
 2008 0036 0220     		movs	r0, #2
 2009 0038 1B68     		ldr	r3, [r3]
 2010 003a 9847     		blx	r3
 2011              	.LVL230:
 2012 003c F2E7     		b	.L238
 2013              	.L235:
 157:Core/Src/device/cjson.c **** 	{
 2014              		.loc 1 157 7 is_stmt 1 view .LVU684
 157:Core/Src/device/cjson.c **** 	{
 2015              		.loc 1 157 17 is_stmt 0 view .LVU685
 2016 003e 6869     		ldr	r0, [r5, #20]
 2017 0040 FFF7FEFF 		bl	__aeabi_i2d
 2018              	.LVL231:
 157:Core/Src/device/cjson.c **** 	{
 2019              		.loc 1 157 40 view .LVU686
 2020 0044 3246     		mov	r2, r6
 2021 0046 3B46     		mov	r3, r7
 2022 0048 FFF7FEFF 		bl	__aeabi_dsub
ARM GAS  C:\Users\airforce\AppData\Local\Temp\ccf0vFDc.s 			page 58


 2023              	.LVL232:
 157:Core/Src/device/cjson.c **** 	{
 2024              		.loc 1 157 10 view .LVU687
 2025 004c 0022     		movs	r2, #0
 2026 004e 404B     		ldr	r3, .L242+40
 157:Core/Src/device/cjson.c **** 	{
 2027              		.loc 1 157 11 view .LVU688
 2028 0050 21F00041 		bic	r1, r1, #-2147483648
 157:Core/Src/device/cjson.c **** 	{
 2029              		.loc 1 157 10 view .LVU689
 2030 0054 FFF7FEFF 		bl	__aeabi_dcmple
 2031              	.LVL233:
 2032 0058 00B3     		cbz	r0, .L204
 157:Core/Src/device/cjson.c **** 	{
 2033              		.loc 1 157 57 discriminator 1 view .LVU690
 2034 005a 33A3     		adr	r3, .L242
 2035 005c D3E90023 		ldrd	r2, [r3]
 2036 0060 3046     		mov	r0, r6
 2037 0062 3946     		mov	r1, r7
 2038 0064 FFF7FEFF 		bl	__aeabi_dcmple
 2039              	.LVL234:
 2040 0068 C0B1     		cbz	r0, .L204
 157:Core/Src/device/cjson.c **** 	{
 2041              		.loc 1 157 71 discriminator 2 view .LVU691
 2042 006a 0022     		movs	r2, #0
 2043 006c 3046     		mov	r0, r6
 2044 006e 3946     		mov	r1, r7
 2045 0070 384B     		ldr	r3, .L242+44
 2046 0072 FFF7FEFF 		bl	__aeabi_dcmpge
 2047              	.LVL235:
 2048 0076 88B1     		cbz	r0, .L204
 159:Core/Src/device/cjson.c **** 		else	str=(char*)cJSON_malloc(21);	/* 2^64+1 can be represented in 21 chars. */
 2049              		.loc 1 159 3 is_stmt 1 view .LVU692
 159:Core/Src/device/cjson.c **** 		else	str=(char*)cJSON_malloc(21);	/* 2^64+1 can be represented in 21 chars. */
 2050              		.loc 1 159 6 is_stmt 0 view .LVU693
 2051 0078 5CB1     		cbz	r4, .L208
 159:Core/Src/device/cjson.c **** 		else	str=(char*)cJSON_malloc(21);	/* 2^64+1 can be represented in 21 chars. */
 2052              		.loc 1 159 10 is_stmt 1 discriminator 1 view .LVU694
 159:Core/Src/device/cjson.c **** 		else	str=(char*)cJSON_malloc(21);	/* 2^64+1 can be represented in 21 chars. */
 2053              		.loc 1 159 14 is_stmt 0 discriminator 1 view .LVU695
 2054 007a 1521     		movs	r1, #21
 2055 007c 2046     		mov	r0, r4
 2056 007e FFF7FEFF 		bl	ensure
 2057              	.LVL236:
 2058              	.L239:
 160:Core/Src/device/cjson.c **** 		if (str)	sprintf(str,"%d",item->valueint);
 2059              		.loc 1 160 19 view .LVU696
 2060 0082 0446     		mov	r4, r0
 2061              	.LVL237:
 161:Core/Src/device/cjson.c **** 	}
 2062              		.loc 1 161 3 is_stmt 1 view .LVU697
 161:Core/Src/device/cjson.c **** 	}
 2063              		.loc 1 161 6 is_stmt 0 view .LVU698
 2064 0084 0028     		cmp	r0, #0
 2065 0086 D2D0     		beq	.L197
 161:Core/Src/device/cjson.c **** 	}
 2066              		.loc 1 161 12 is_stmt 1 discriminator 1 view .LVU699
ARM GAS  C:\Users\airforce\AppData\Local\Temp\ccf0vFDc.s 			page 59


 2067 0088 6A69     		ldr	r2, [r5, #20]
 2068 008a 3349     		ldr	r1, .L242+48
 2069 008c FFF7FEFF 		bl	sprintf
 2070              	.LVL238:
 161:Core/Src/device/cjson.c **** 	}
 2071              		.loc 1 161 12 is_stmt 0 discriminator 1 view .LVU700
 2072 0090 CDE7     		b	.L197
 2073              	.LVL239:
 2074              	.L208:
 160:Core/Src/device/cjson.c **** 		if (str)	sprintf(str,"%d",item->valueint);
 2075              		.loc 1 160 8 is_stmt 1 view .LVU701
 160:Core/Src/device/cjson.c **** 		if (str)	sprintf(str,"%d",item->valueint);
 2076              		.loc 1 160 19 is_stmt 0 view .LVU702
 2077 0092 2E4B     		ldr	r3, .L242+36
 2078 0094 1520     		movs	r0, #21
 2079 0096 1B68     		ldr	r3, [r3]
 2080 0098 9847     		blx	r3
 2081              	.LVL240:
 2082 009a F2E7     		b	.L239
 2083              	.L204:
 165:Core/Src/device/cjson.c **** 		else	str=(char*)cJSON_malloc(64);	/* This is a nice tradeoff. */
 2084              		.loc 1 165 3 is_stmt 1 view .LVU703
 165:Core/Src/device/cjson.c **** 		else	str=(char*)cJSON_malloc(64);	/* This is a nice tradeoff. */
 2085              		.loc 1 165 6 is_stmt 0 view .LVU704
 2086 009c 34B3     		cbz	r4, .L211
 165:Core/Src/device/cjson.c **** 		else	str=(char*)cJSON_malloc(64);	/* This is a nice tradeoff. */
 2087              		.loc 1 165 10 is_stmt 1 discriminator 1 view .LVU705
 165:Core/Src/device/cjson.c **** 		else	str=(char*)cJSON_malloc(64);	/* This is a nice tradeoff. */
 2088              		.loc 1 165 14 is_stmt 0 discriminator 1 view .LVU706
 2089 009e 4021     		movs	r1, #64
 2090 00a0 2046     		mov	r0, r4
 2091 00a2 FFF7FEFF 		bl	ensure
 2092              	.LVL241:
 2093              	.L240:
 166:Core/Src/device/cjson.c **** 		if (str)
 2094              		.loc 1 166 19 view .LVU707
 2095 00a6 0446     		mov	r4, r0
 2096              	.LVL242:
 167:Core/Src/device/cjson.c **** 		{
 2097              		.loc 1 167 3 is_stmt 1 view .LVU708
 167:Core/Src/device/cjson.c **** 		{
 2098              		.loc 1 167 6 is_stmt 0 view .LVU709
 2099 00a8 0028     		cmp	r0, #0
 2100 00aa C0D0     		beq	.L197
 169:Core/Src/device/cjson.c **** 			else if (fabs(d)<1.0e-6 || fabs(d)>1.0e9)			sprintf(str,"%e",d);
 2101              		.loc 1 169 4 is_stmt 1 view .LVU710
 169:Core/Src/device/cjson.c **** 			else if (fabs(d)<1.0e-6 || fabs(d)>1.0e9)			sprintf(str,"%e",d);
 2102              		.loc 1 169 13 is_stmt 0 view .LVU711
 2103 00ac 3046     		mov	r0, r6
 2104              	.LVL243:
 169:Core/Src/device/cjson.c **** 			else if (fabs(d)<1.0e-6 || fabs(d)>1.0e9)			sprintf(str,"%e",d);
 2105              		.loc 1 169 13 view .LVU712
 2106 00ae 3946     		mov	r1, r7
 2107 00b0 FFF7FEFF 		bl	floor
 2108              	.LVL244:
 169:Core/Src/device/cjson.c **** 			else if (fabs(d)<1.0e-6 || fabs(d)>1.0e9)			sprintf(str,"%e",d);
 2109              		.loc 1 169 21 discriminator 1 view .LVU713
ARM GAS  C:\Users\airforce\AppData\Local\Temp\ccf0vFDc.s 			page 60


 2110 00b4 3246     		mov	r2, r6
 2111 00b6 3B46     		mov	r3, r7
 2112 00b8 FFF7FEFF 		bl	__aeabi_dsub
 2113              	.LVL245:
 169:Core/Src/device/cjson.c **** 			else if (fabs(d)<1.0e-6 || fabs(d)>1.0e9)			sprintf(str,"%e",d);
 2114              		.loc 1 169 7 discriminator 1 view .LVU714
 2115 00bc 0022     		movs	r2, #0
 2116 00be 244B     		ldr	r3, .L242+40
 169:Core/Src/device/cjson.c **** 			else if (fabs(d)<1.0e-6 || fabs(d)>1.0e9)			sprintf(str,"%e",d);
 2117              		.loc 1 169 8 discriminator 1 view .LVU715
 2118 00c0 21F00041 		bic	r1, r1, #-2147483648
 169:Core/Src/device/cjson.c **** 			else if (fabs(d)<1.0e-6 || fabs(d)>1.0e9)			sprintf(str,"%e",d);
 2119              		.loc 1 169 41 discriminator 1 view .LVU716
 2120 00c4 27F00049 		bic	r9, r7, #-2147483648
 169:Core/Src/device/cjson.c **** 			else if (fabs(d)<1.0e-6 || fabs(d)>1.0e9)			sprintf(str,"%e",d);
 2121              		.loc 1 169 7 discriminator 1 view .LVU717
 2122 00c8 FFF7FEFF 		bl	__aeabi_dcmple
 2123              	.LVL246:
 2124 00cc 98B1     		cbz	r0, .L236
 169:Core/Src/device/cjson.c **** 			else if (fabs(d)<1.0e-6 || fabs(d)>1.0e9)			sprintf(str,"%e",d);
 2125              		.loc 1 169 38 discriminator 1 view .LVU718
 2126 00ce 18A3     		adr	r3, .L242+8
 2127 00d0 D3E90023 		ldrd	r2, [r3]
 2128 00d4 3046     		mov	r0, r6
 2129 00d6 4946     		mov	r1, r9
 2130 00d8 FFF7FEFF 		bl	__aeabi_dcmplt
 2131              	.LVL247:
 2132 00dc D8B1     		cbz	r0, .L215
 169:Core/Src/device/cjson.c **** 			else if (fabs(d)<1.0e-6 || fabs(d)>1.0e9)			sprintf(str,"%e",d);
 2133              		.loc 1 169 56 is_stmt 1 discriminator 2 view .LVU719
 2134 00de 3246     		mov	r2, r6
 2135 00e0 3B46     		mov	r3, r7
 2136 00e2 1E49     		ldr	r1, .L242+52
 2137              	.L241:
 171:Core/Src/device/cjson.c **** 		}
 2138              		.loc 1 171 20 is_stmt 0 view .LVU720
 2139 00e4 2046     		mov	r0, r4
 2140 00e6 FFF7FEFF 		bl	sprintf
 2141              	.LVL248:
 2142 00ea A0E7     		b	.L197
 2143              	.LVL249:
 2144              	.L211:
 166:Core/Src/device/cjson.c **** 		if (str)
 2145              		.loc 1 166 8 is_stmt 1 view .LVU721
 166:Core/Src/device/cjson.c **** 		if (str)
 2146              		.loc 1 166 19 is_stmt 0 view .LVU722
 2147 00ec 174B     		ldr	r3, .L242+36
 2148 00ee 4020     		movs	r0, #64
 2149 00f0 1B68     		ldr	r3, [r3]
 2150 00f2 9847     		blx	r3
 2151              	.LVL250:
 2152 00f4 D7E7     		b	.L240
 2153              	.LVL251:
 2154              	.L236:
 170:Core/Src/device/cjson.c **** 			else												sprintf(str,"%f",d);
 2155              		.loc 1 170 9 is_stmt 1 view .LVU723
 170:Core/Src/device/cjson.c **** 			else												sprintf(str,"%f",d);
ARM GAS  C:\Users\airforce\AppData\Local\Temp\ccf0vFDc.s 			page 61


 2156              		.loc 1 170 12 is_stmt 0 view .LVU724
 2157 00f6 3046     		mov	r0, r6
 2158 00f8 0FA3     		adr	r3, .L242+16
 2159 00fa D3E90023 		ldrd	r2, [r3]
 2160 00fe 4946     		mov	r1, r9
 2161 0100 FFF7FEFF 		bl	__aeabi_dcmplt
 2162              	.LVL252:
 2163 0104 38B9     		cbnz	r0, .L215
 170:Core/Src/device/cjson.c **** 			else												sprintf(str,"%f",d);
 2164              		.loc 1 170 28 discriminator 2 view .LVU725
 2165 0106 0EA3     		adr	r3, .L242+24
 2166 0108 D3E90023 		ldrd	r2, [r3]
 2167 010c 3046     		mov	r0, r6
 2168 010e 4946     		mov	r1, r9
 2169 0110 FFF7FEFF 		bl	__aeabi_dcmpgt
 2170              	.LVL253:
 2171 0114 18B1     		cbz	r0, .L237
 2172              	.L215:
 170:Core/Src/device/cjson.c **** 			else												sprintf(str,"%f",d);
 2173              		.loc 1 170 48 is_stmt 1 discriminator 3 view .LVU726
 2174 0116 3246     		mov	r2, r6
 2175 0118 3B46     		mov	r3, r7
 2176 011a 1149     		ldr	r1, .L242+56
 2177 011c E2E7     		b	.L241
 2178              	.L237:
 171:Core/Src/device/cjson.c **** 		}
 2179              		.loc 1 171 20 view .LVU727
 2180 011e 3246     		mov	r2, r6
 2181 0120 3B46     		mov	r3, r7
 2182 0122 1049     		ldr	r1, .L242+60
 2183 0124 DEE7     		b	.L241
 2184              	.L243:
 2185 0126 00BF     		.align	3
 2186              	.L242:
 2187 0128 0000C0FF 		.word	-4194304
 2188 012c FFFFDF41 		.word	1105199103
 2189 0130 44F3C2E4 		.word	-456985788
 2190 0134 E4E9634C 		.word	1281616356
 2191 0138 8DEDB5A0 		.word	-1598689907
 2192 013c F7C6B03E 		.word	1051772663
 2193 0140 00000000 		.word	0
 2194 0144 65CDCD41 		.word	1104006501
 2195 0148 00000000 		.word	.LC3
 2196 014c 00000000 		.word	cJSON_malloc
 2197 0150 0000B03C 		.word	1018167296
 2198 0154 0000E0C1 		.word	-1042284544
 2199 0158 02000000 		.word	.LC4
 2200 015c 05000000 		.word	.LC5
 2201 0160 0A000000 		.word	.LC6
 2202 0164 0D000000 		.word	.LC7
 2203              		.cfi_endproc
 2204              	.LFE14:
 2206              		.section	.rodata.print_string_ptr.str1.1,"aMS",%progbits,1
 2207              	.LC8:
 2208 0000 222200   		.ascii	"\"\"\000"
 2209              	.LC9:
 2210 0003 225C080C 		.ascii	"\"\\\010\014\012\015\011\000"
ARM GAS  C:\Users\airforce\AppData\Local\Temp\ccf0vFDc.s 			page 62


 2210      0A0D0900 
 2211              	.LC10:
 2212 000b 75253034 		.ascii	"u%04x\000"
 2212      7800
 2213              		.section	.text.print_string_ptr,"ax",%progbits
 2214              		.align	1
 2215              		.syntax unified
 2216              		.thumb
 2217              		.thumb_func
 2219              	print_string_ptr:
 2220              	.LVL254:
 2221              	.LFB17:
 253:Core/Src/device/cjson.c **** 	const char *ptr;char *ptr2,*out;int len=0,flag=0;unsigned char token;
 2222              		.loc 1 253 1 view -0
 2223              		.cfi_startproc
 2224              		@ args = 0, pretend = 0, frame = 0
 2225              		@ frame_needed = 0, uses_anonymous_args = 0
 254:Core/Src/device/cjson.c **** 	
 2226              		.loc 1 254 2 view .LVU729
 254:Core/Src/device/cjson.c **** 	
 2227              		.loc 1 254 18 view .LVU730
 254:Core/Src/device/cjson.c **** 	
 2228              		.loc 1 254 34 view .LVU731
 254:Core/Src/device/cjson.c **** 	
 2229              		.loc 1 254 51 view .LVU732
 256:Core/Src/device/cjson.c **** 	if (!flag)
 2230              		.loc 1 256 2 view .LVU733
 253:Core/Src/device/cjson.c **** 	const char *ptr;char *ptr2,*out;int len=0,flag=0;unsigned char token;
 2231              		.loc 1 253 1 is_stmt 0 view .LVU734
 2232 0000 2DE9F843 		push	{r3, r4, r5, r6, r7, r8, r9, lr}
 2233              	.LCFI14:
 2234              		.cfi_def_cfa_offset 32
 2235              		.cfi_offset 3, -32
 2236              		.cfi_offset 4, -28
 2237              		.cfi_offset 5, -24
 2238              		.cfi_offset 6, -20
 2239              		.cfi_offset 7, -16
 2240              		.cfi_offset 8, -12
 2241              		.cfi_offset 9, -8
 2242              		.cfi_offset 14, -4
 2243 0004 0246     		mov	r2, r0
 253:Core/Src/device/cjson.c **** 	const char *ptr;char *ptr2,*out;int len=0,flag=0;unsigned char token;
 2244              		.loc 1 253 1 view .LVU735
 2245 0006 0646     		mov	r6, r0
 2246 0008 0D46     		mov	r5, r1
 254:Core/Src/device/cjson.c **** 	
 2247              		.loc 1 254 44 view .LVU736
 2248 000a 0023     		movs	r3, #0
 2249              	.LVL255:
 2250              	.L245:
 254:Core/Src/device/cjson.c **** 	
 2251              		.loc 1 254 44 view .LVU737
 2252 000c 1746     		mov	r7, r2
 2253              	.LVL256:
 256:Core/Src/device/cjson.c **** 	if (!flag)
 2254              		.loc 1 256 15 is_stmt 1 discriminator 10 view .LVU738
 2255 000e 12F8014B 		ldrb	r4, [r2], #1	@ zero_extendqisi2
ARM GAS  C:\Users\airforce\AppData\Local\Temp\ccf0vFDc.s 			page 63


 2256              	.LVL257:
 256:Core/Src/device/cjson.c **** 	if (!flag)
 2257              		.loc 1 256 15 is_stmt 0 discriminator 10 view .LVU739
 2258 0012 C4B9     		cbnz	r4, .L247
 257:Core/Src/device/cjson.c **** 	{
 2259              		.loc 1 257 2 is_stmt 1 view .LVU740
 257:Core/Src/device/cjson.c **** 	{
 2260              		.loc 1 257 5 is_stmt 0 view .LVU741
 2261 0014 4BBB     		cbnz	r3, .L248
 259:Core/Src/device/cjson.c **** 		if (p) out=ensure(p,len+3);
 2262              		.loc 1 259 3 is_stmt 1 view .LVU742
 259:Core/Src/device/cjson.c **** 		if (p) out=ensure(p,len+3);
 2263              		.loc 1 259 6 is_stmt 0 view .LVU743
 2264 0016 BF1B     		subs	r7, r7, r6
 2265              	.LVL258:
 260:Core/Src/device/cjson.c **** 		else		out=(char*)cJSON_malloc(len+3);
 2266              		.loc 1 260 3 is_stmt 1 view .LVU744
 260:Core/Src/device/cjson.c **** 		else		out=(char*)cJSON_malloc(len+3);
 2267              		.loc 1 260 14 is_stmt 0 discriminator 1 view .LVU745
 2268 0018 F91C     		adds	r1, r7, #3
 260:Core/Src/device/cjson.c **** 		else		out=(char*)cJSON_malloc(len+3);
 2269              		.loc 1 260 6 view .LVU746
 2270 001a 0DB3     		cbz	r5, .L249
 260:Core/Src/device/cjson.c **** 		else		out=(char*)cJSON_malloc(len+3);
 2271              		.loc 1 260 10 is_stmt 1 discriminator 1 view .LVU747
 260:Core/Src/device/cjson.c **** 		else		out=(char*)cJSON_malloc(len+3);
 2272              		.loc 1 260 14 is_stmt 0 discriminator 1 view .LVU748
 2273 001c 2846     		mov	r0, r5
 2274              	.LVL259:
 260:Core/Src/device/cjson.c **** 		else		out=(char*)cJSON_malloc(len+3);
 2275              		.loc 1 260 14 discriminator 1 view .LVU749
 2276 001e FFF7FEFF 		bl	ensure
 2277              	.LVL260:
 2278              	.L296:
 261:Core/Src/device/cjson.c **** 		if (!out) return 0;
 2279              		.loc 1 261 20 view .LVU750
 2280 0022 0446     		mov	r4, r0
 2281              	.LVL261:
 262:Core/Src/device/cjson.c **** 		ptr2=out;*ptr2++='\"';
 2282              		.loc 1 262 3 is_stmt 1 view .LVU751
 262:Core/Src/device/cjson.c **** 		ptr2=out;*ptr2++='\"';
 2283              		.loc 1 262 6 is_stmt 0 view .LVU752
 2284 0024 60B1     		cbz	r0, .L244
 263:Core/Src/device/cjson.c **** 		strcpy(ptr2,str);
 2285              		.loc 1 263 3 is_stmt 1 view .LVU753
 2286              	.LVL262:
 263:Core/Src/device/cjson.c **** 		strcpy(ptr2,str);
 2287              		.loc 1 263 12 view .LVU754
 263:Core/Src/device/cjson.c **** 		strcpy(ptr2,str);
 2288              		.loc 1 263 17 is_stmt 0 view .LVU755
 2289 0026 0346     		mov	r3, r0
 2290              	.LVL263:
 263:Core/Src/device/cjson.c **** 		strcpy(ptr2,str);
 2291              		.loc 1 263 19 view .LVU756
 2292 0028 2225     		movs	r5, #34
 2293              	.LVL264:
 263:Core/Src/device/cjson.c **** 		strcpy(ptr2,str);
ARM GAS  C:\Users\airforce\AppData\Local\Temp\ccf0vFDc.s 			page 64


 2294              		.loc 1 263 19 view .LVU757
 2295 002a 03F8015B 		strb	r5, [r3], #1
 2296              	.LVL265:
 264:Core/Src/device/cjson.c **** 		ptr2[len]='\"';
 2297              		.loc 1 264 3 is_stmt 1 view .LVU758
 2298 002e 1846     		mov	r0, r3
 2299              	.LVL266:
 264:Core/Src/device/cjson.c **** 		ptr2[len]='\"';
 2300              		.loc 1 264 3 is_stmt 0 view .LVU759
 2301 0030 3146     		mov	r1, r6
 2302 0032 FFF7FEFF 		bl	strcpy
 2303              	.LVL267:
 264:Core/Src/device/cjson.c **** 		ptr2[len]='\"';
 2304              		.loc 1 264 3 view .LVU760
 2305 0036 0346     		mov	r3, r0
 265:Core/Src/device/cjson.c **** 		ptr2[len+1]=0;
 2306              		.loc 1 265 3 is_stmt 1 view .LVU761
 266:Core/Src/device/cjson.c **** 		return out;
 2307              		.loc 1 266 14 is_stmt 0 view .LVU762
 2308 0038 0022     		movs	r2, #0
 2309 003a 3B44     		add	r3, r3, r7
 265:Core/Src/device/cjson.c **** 		ptr2[len+1]=0;
 2310              		.loc 1 265 12 view .LVU763
 2311 003c C555     		strb	r5, [r0, r7]
 266:Core/Src/device/cjson.c **** 		return out;
 2312              		.loc 1 266 3 is_stmt 1 view .LVU764
 266:Core/Src/device/cjson.c **** 		return out;
 2313              		.loc 1 266 14 is_stmt 0 view .LVU765
 2314 003e 5A70     		strb	r2, [r3, #1]
 267:Core/Src/device/cjson.c **** 	}
 2315              		.loc 1 267 3 is_stmt 1 view .LVU766
 2316              	.LVL268:
 2317              	.L244:
 307:Core/Src/device/cjson.c **** /* Invote print_string_ptr (which is useful) on an item. */
 2318              		.loc 1 307 1 is_stmt 0 view .LVU767
 2319 0040 2046     		mov	r0, r4
 2320 0042 BDE8F883 		pop	{r3, r4, r5, r6, r7, r8, r9, pc}
 2321              	.LVL269:
 2322              	.L247:
 256:Core/Src/device/cjson.c **** 	if (!flag)
 2323              		.loc 1 256 27 is_stmt 1 discriminator 11 view .LVU768
 256:Core/Src/device/cjson.c **** 	if (!flag)
 2324              		.loc 1 256 84 is_stmt 0 discriminator 11 view .LVU769
 2325 0046 611E     		subs	r1, r4, #1
 2326 0048 1E29     		cmp	r1, #30
 2327 004a 07D9     		bls	.L279
 256:Core/Src/device/cjson.c **** 	if (!flag)
 2328              		.loc 1 256 53 discriminator 3 view .LVU770
 2329 004c 222C     		cmp	r4, #34
 2330 004e 05D0     		beq	.L279
 256:Core/Src/device/cjson.c **** 	if (!flag)
 2331              		.loc 1 256 84 discriminator 5 view .LVU771
 2332 0050 A4F15C01 		sub	r1, r4, #92
 2333 0054 4C42     		rsbs	r4, r1, #0
 2334 0056 4C41     		adcs	r4, r4, r1
 2335              	.L246:
 256:Core/Src/device/cjson.c **** 	if (!flag)
ARM GAS  C:\Users\airforce\AppData\Local\Temp\ccf0vFDc.s 			page 65


 2336              		.loc 1 256 31 discriminator 9 view .LVU772
 2337 0058 2343     		orrs	r3, r3, r4
 2338              	.LVL270:
 256:Core/Src/device/cjson.c **** 	if (!flag)
 2339              		.loc 1 256 23 is_stmt 1 view .LVU773
 256:Core/Src/device/cjson.c **** 	if (!flag)
 2340              		.loc 1 256 23 is_stmt 0 view .LVU774
 2341 005a D7E7     		b	.L245
 2342              	.LVL271:
 2343              	.L279:
 256:Core/Src/device/cjson.c **** 	if (!flag)
 2344              		.loc 1 256 84 discriminator 6 view .LVU775
 2345 005c 0124     		movs	r4, #1
 2346 005e FBE7     		b	.L246
 2347              	.LVL272:
 2348              	.L249:
 261:Core/Src/device/cjson.c **** 		if (!out) return 0;
 2349              		.loc 1 261 9 is_stmt 1 view .LVU776
 261:Core/Src/device/cjson.c **** 		if (!out) return 0;
 2350              		.loc 1 261 20 is_stmt 0 view .LVU777
 2351 0060 3E4B     		ldr	r3, .L300
 2352              	.LVL273:
 261:Core/Src/device/cjson.c **** 		if (!out) return 0;
 2353              		.loc 1 261 20 view .LVU778
 2354 0062 0846     		mov	r0, r1
 2355              	.LVL274:
 261:Core/Src/device/cjson.c **** 		if (!out) return 0;
 2356              		.loc 1 261 20 view .LVU779
 2357 0064 1B68     		ldr	r3, [r3]
 2358 0066 9847     		blx	r3
 2359              	.LVL275:
 261:Core/Src/device/cjson.c **** 		if (!out) return 0;
 2360              		.loc 1 261 20 view .LVU780
 2361 0068 DBE7     		b	.L296
 2362              	.LVL276:
 2363              	.L248:
 270:Core/Src/device/cjson.c **** 	{
 2364              		.loc 1 270 2 is_stmt 1 view .LVU781
 270:Core/Src/device/cjson.c **** 	{
 2365              		.loc 1 270 5 is_stmt 0 view .LVU782
 2366 006a F6B1     		cbz	r6, .L253
 2367 006c 013E     		subs	r6, r6, #1
 2368 006e B146     		mov	r9, r6
 2369              	.LVL277:
 2370              	.L254:
 278:Core/Src/device/cjson.c **** 	
 2371              		.loc 1 278 30 is_stmt 1 discriminator 8 view .LVU783
 278:Core/Src/device/cjson.c **** 	
 2372              		.loc 1 278 23 is_stmt 0 discriminator 8 view .LVU784
 2373 0070 19F8018F 		ldrb	r8, [r9, #1]!	@ zero_extendqisi2
 2374              	.LVL278:
 278:Core/Src/device/cjson.c **** 	
 2375              		.loc 1 278 30 discriminator 8 view .LVU785
 2376 0074 B8F1000F 		cmp	r8, #0
 2377 0078 02D0     		beq	.L261
 2378              	.LVL279:
 278:Core/Src/device/cjson.c **** 	
ARM GAS  C:\Users\airforce\AppData\Local\Temp\ccf0vFDc.s 			page 66


 2379              		.loc 1 278 30 discriminator 9 view .LVU786
 2380 007a 671C     		adds	r7, r4, #1
 2381              	.LVL280:
 278:Core/Src/device/cjson.c **** 	
 2382              		.loc 1 278 30 discriminator 9 view .LVU787
 2383 007c 26D1     		bne	.L262
 2384 007e 3C46     		mov	r4, r7
 2385              	.LVL281:
 2386              	.L261:
 280:Core/Src/device/cjson.c **** 	else	out=(char*)cJSON_malloc(len+3);
 2387              		.loc 1 280 2 is_stmt 1 view .LVU788
 280:Core/Src/device/cjson.c **** 	else	out=(char*)cJSON_malloc(len+3);
 2388              		.loc 1 280 13 is_stmt 0 discriminator 1 view .LVU789
 2389 0080 E01C     		adds	r0, r4, #3
 280:Core/Src/device/cjson.c **** 	else	out=(char*)cJSON_malloc(len+3);
 2390              		.loc 1 280 5 view .LVU790
 2391 0082 85B3     		cbz	r5, .L263
 280:Core/Src/device/cjson.c **** 	else	out=(char*)cJSON_malloc(len+3);
 2392              		.loc 1 280 9 is_stmt 1 discriminator 1 view .LVU791
 280:Core/Src/device/cjson.c **** 	else	out=(char*)cJSON_malloc(len+3);
 2393              		.loc 1 280 13 is_stmt 0 discriminator 1 view .LVU792
 2394 0084 0146     		mov	r1, r0
 2395 0086 2846     		mov	r0, r5
 2396 0088 FFF7FEFF 		bl	ensure
 2397              	.LVL282:
 2398              	.L298:
 281:Core/Src/device/cjson.c **** 	if (!out) return 0;
 2399              		.loc 1 281 18 view .LVU793
 2400 008c 0446     		mov	r4, r0
 2401              	.LVL283:
 282:Core/Src/device/cjson.c **** 
 2402              		.loc 1 282 2 is_stmt 1 view .LVU794
 282:Core/Src/device/cjson.c **** 
 2403              		.loc 1 282 5 is_stmt 0 view .LVU795
 2404 008e 0028     		cmp	r0, #0
 2405 0090 D6D0     		beq	.L244
 284:Core/Src/device/cjson.c **** 	*ptr2++='\"';
 2406              		.loc 1 284 2 is_stmt 1 view .LVU796
 2407              	.LVL284:
 284:Core/Src/device/cjson.c **** 	*ptr2++='\"';
 2408              		.loc 1 284 11 view .LVU797
 285:Core/Src/device/cjson.c **** 	while (*ptr)
 2409              		.loc 1 285 2 view .LVU798
 285:Core/Src/device/cjson.c **** 	while (*ptr)
 2410              		.loc 1 285 7 is_stmt 0 view .LVU799
 2411 0092 0546     		mov	r5, r0
 2412              	.LVL285:
 285:Core/Src/device/cjson.c **** 	while (*ptr)
 2413              		.loc 1 285 9 view .LVU800
 2414 0094 2223     		movs	r3, #34
 291:Core/Src/device/cjson.c **** 			switch (token=*ptr++)
 2415              		.loc 1 291 11 view .LVU801
 2416 0096 5C27     		movs	r7, #92
 285:Core/Src/device/cjson.c **** 	while (*ptr)
 2417              		.loc 1 285 9 view .LVU802
 2418 0098 05F8013B 		strb	r3, [r5], #1
 2419              	.LVL286:
ARM GAS  C:\Users\airforce\AppData\Local\Temp\ccf0vFDc.s 			page 67


 286:Core/Src/device/cjson.c **** 	{
 2420              		.loc 1 286 2 is_stmt 1 view .LVU803
 2421              	.L265:
 286:Core/Src/device/cjson.c **** 	{
 2422              		.loc 1 286 9 view .LVU804
 2423 009c 16F8013F 		ldrb	r3, [r6, #1]!	@ zero_extendqisi2
 2424              	.LVL287:
 286:Core/Src/device/cjson.c **** 	{
 2425              		.loc 1 286 9 is_stmt 0 view .LVU805
 2426 00a0 2BBB     		cbnz	r3, .L277
 305:Core/Src/device/cjson.c **** 	return out;
 2427              		.loc 1 305 2 is_stmt 1 view .LVU806
 2428              	.LVL288:
 305:Core/Src/device/cjson.c **** 	return out;
 2429              		.loc 1 305 9 is_stmt 0 view .LVU807
 2430 00a2 2222     		movs	r2, #34
 305:Core/Src/device/cjson.c **** 	return out;
 2431              		.loc 1 305 22 view .LVU808
 2432 00a4 6B70     		strb	r3, [r5, #1]
 305:Core/Src/device/cjson.c **** 	return out;
 2433              		.loc 1 305 9 view .LVU809
 2434 00a6 2A70     		strb	r2, [r5]
 305:Core/Src/device/cjson.c **** 	return out;
 2435              		.loc 1 305 15 is_stmt 1 view .LVU810
 2436              	.LVL289:
 306:Core/Src/device/cjson.c **** }
 2437              		.loc 1 306 2 view .LVU811
 306:Core/Src/device/cjson.c **** }
 2438              		.loc 1 306 9 is_stmt 0 view .LVU812
 2439 00a8 CAE7     		b	.L244
 2440              	.LVL290:
 2441              	.L253:
 272:Core/Src/device/cjson.c **** 		else	out=(char*)cJSON_malloc(3);
 2442              		.loc 1 272 3 is_stmt 1 view .LVU813
 272:Core/Src/device/cjson.c **** 		else	out=(char*)cJSON_malloc(3);
 2443              		.loc 1 272 6 is_stmt 0 view .LVU814
 2444 00aa 55B1     		cbz	r5, .L255
 272:Core/Src/device/cjson.c **** 		else	out=(char*)cJSON_malloc(3);
 2445              		.loc 1 272 10 is_stmt 1 discriminator 1 view .LVU815
 272:Core/Src/device/cjson.c **** 		else	out=(char*)cJSON_malloc(3);
 2446              		.loc 1 272 14 is_stmt 0 discriminator 1 view .LVU816
 2447 00ac 0321     		movs	r1, #3
 2448 00ae 2846     		mov	r0, r5
 2449              	.LVL291:
 272:Core/Src/device/cjson.c **** 		else	out=(char*)cJSON_malloc(3);
 2450              		.loc 1 272 14 discriminator 1 view .LVU817
 2451 00b0 FFF7FEFF 		bl	ensure
 2452              	.LVL292:
 2453              	.L297:
 273:Core/Src/device/cjson.c **** 		if (!out) return 0;
 2454              		.loc 1 273 19 view .LVU818
 2455 00b4 0446     		mov	r4, r0
 2456              	.LVL293:
 274:Core/Src/device/cjson.c **** 		strcpy(out,"\"\"");
 2457              		.loc 1 274 3 is_stmt 1 view .LVU819
 274:Core/Src/device/cjson.c **** 		strcpy(out,"\"\"");
 2458              		.loc 1 274 6 is_stmt 0 view .LVU820
ARM GAS  C:\Users\airforce\AppData\Local\Temp\ccf0vFDc.s 			page 68


 2459 00b6 0028     		cmp	r0, #0
 2460 00b8 C2D0     		beq	.L244
 275:Core/Src/device/cjson.c **** 		return out;
 2461              		.loc 1 275 3 is_stmt 1 view .LVU821
 2462 00ba 2949     		ldr	r1, .L300+4
 2463 00bc FFF7FEFF 		bl	strcpy
 2464              	.LVL294:
 276:Core/Src/device/cjson.c **** 	}
 2465              		.loc 1 276 3 view .LVU822
 276:Core/Src/device/cjson.c **** 	}
 2466              		.loc 1 276 10 is_stmt 0 view .LVU823
 2467 00c0 BEE7     		b	.L244
 2468              	.LVL295:
 2469              	.L255:
 273:Core/Src/device/cjson.c **** 		if (!out) return 0;
 2470              		.loc 1 273 8 is_stmt 1 view .LVU824
 273:Core/Src/device/cjson.c **** 		if (!out) return 0;
 2471              		.loc 1 273 19 is_stmt 0 view .LVU825
 2472 00c2 264B     		ldr	r3, .L300
 2473              	.LVL296:
 273:Core/Src/device/cjson.c **** 		if (!out) return 0;
 2474              		.loc 1 273 19 view .LVU826
 2475 00c4 0320     		movs	r0, #3
 2476              	.LVL297:
 273:Core/Src/device/cjson.c **** 		if (!out) return 0;
 2477              		.loc 1 273 19 view .LVU827
 2478 00c6 1B68     		ldr	r3, [r3]
 2479 00c8 9847     		blx	r3
 2480              	.LVL298:
 2481 00ca F3E7     		b	.L297
 2482              	.LVL299:
 2483              	.L262:
 278:Core/Src/device/cjson.c **** 	
 2484              		.loc 1 278 41 is_stmt 1 discriminator 10 view .LVU828
 278:Core/Src/device/cjson.c **** 	
 2485              		.loc 1 278 45 is_stmt 0 discriminator 10 view .LVU829
 2486 00cc 4146     		mov	r1, r8
 2487 00ce 2548     		ldr	r0, .L300+8
 2488 00d0 FFF7FEFF 		bl	strchr
 2489              	.LVL300:
 278:Core/Src/device/cjson.c **** 	
 2490              		.loc 1 278 44 discriminator 10 view .LVU830
 2491 00d4 10B1     		cbz	r0, .L259
 278:Core/Src/device/cjson.c **** 	
 2492              		.loc 1 278 77 is_stmt 1 discriminator 2 view .LVU831
 278:Core/Src/device/cjson.c **** 	
 2493              		.loc 1 278 80 is_stmt 0 discriminator 2 view .LVU832
 2494 00d6 A71C     		adds	r7, r4, #2
 2495              	.LVL301:
 2496              	.L260:
 278:Core/Src/device/cjson.c **** 	
 2497              		.loc 1 278 110 is_stmt 1 discriminator 7 view .LVU833
 254:Core/Src/device/cjson.c **** 	
 2498              		.loc 1 254 38 is_stmt 0 view .LVU834
 2499 00d8 3C46     		mov	r4, r7
 2500 00da C9E7     		b	.L254
 2501              	.LVL302:
ARM GAS  C:\Users\airforce\AppData\Local\Temp\ccf0vFDc.s 			page 69


 2502              	.L259:
 278:Core/Src/device/cjson.c **** 	
 2503              		.loc 1 278 89 is_stmt 1 discriminator 3 view .LVU835
 278:Core/Src/device/cjson.c **** 	
 2504              		.loc 1 278 92 is_stmt 0 discriminator 3 view .LVU836
 2505 00dc B8F11F0F 		cmp	r8, #31
 278:Core/Src/device/cjson.c **** 	
 2506              		.loc 1 278 103 is_stmt 1 discriminator 5 view .LVU837
 278:Core/Src/device/cjson.c **** 	
 2507              		.loc 1 278 106 is_stmt 0 discriminator 5 view .LVU838
 2508 00e0 98BF     		it	ls
 2509 00e2 A71D     		addls	r7, r4, #6
 2510              	.LVL303:
 278:Core/Src/device/cjson.c **** 	
 2511              		.loc 1 278 106 discriminator 5 view .LVU839
 2512 00e4 F8E7     		b	.L260
 2513              	.LVL304:
 2514              	.L263:
 281:Core/Src/device/cjson.c **** 	if (!out) return 0;
 2515              		.loc 1 281 7 is_stmt 1 view .LVU840
 281:Core/Src/device/cjson.c **** 	if (!out) return 0;
 2516              		.loc 1 281 18 is_stmt 0 view .LVU841
 2517 00e6 1D4B     		ldr	r3, .L300
 2518 00e8 1B68     		ldr	r3, [r3]
 2519 00ea 9847     		blx	r3
 2520              	.LVL305:
 2521 00ec CEE7     		b	.L298
 2522              	.LVL306:
 2523              	.L277:
 288:Core/Src/device/cjson.c **** 		else
 2524              		.loc 1 288 3 is_stmt 1 view .LVU842
 288:Core/Src/device/cjson.c **** 		else
 2525              		.loc 1 288 6 is_stmt 0 view .LVU843
 2526 00ee 1F2B     		cmp	r3, #31
 288:Core/Src/device/cjson.c **** 		else
 2527              		.loc 1 288 64 discriminator 3 view .LVU844
 2528 00f0 05F10100 		add	r0, r5, #1
 288:Core/Src/device/cjson.c **** 		else
 2529              		.loc 1 288 6 view .LVU845
 2530 00f4 06D9     		bls	.L266
 288:Core/Src/device/cjson.c **** 		else
 2531              		.loc 1 288 30 discriminator 1 view .LVU846
 2532 00f6 222B     		cmp	r3, #34
 2533 00f8 04D0     		beq	.L266
 288:Core/Src/device/cjson.c **** 		else
 2534              		.loc 1 288 44 discriminator 2 view .LVU847
 2535 00fa 5C2B     		cmp	r3, #92
 2536 00fc 02D0     		beq	.L266
 288:Core/Src/device/cjson.c **** 		else
 2537              		.loc 1 288 59 is_stmt 1 discriminator 3 view .LVU848
 2538              	.LVL307:
 288:Core/Src/device/cjson.c **** 		else
 2539              		.loc 1 288 66 is_stmt 0 discriminator 3 view .LVU849
 2540 00fe 2B70     		strb	r3, [r5]
 2541              	.LVL308:
 2542              	.L267:
 278:Core/Src/device/cjson.c **** 	
ARM GAS  C:\Users\airforce\AppData\Local\Temp\ccf0vFDc.s 			page 70


 2543              		.loc 1 278 30 discriminator 9 view .LVU850
 2544 0100 0546     		mov	r5, r0
 2545 0102 CBE7     		b	.L265
 2546              	.LVL309:
 2547              	.L266:
 291:Core/Src/device/cjson.c **** 			switch (token=*ptr++)
 2548              		.loc 1 291 4 is_stmt 1 view .LVU851
 291:Core/Src/device/cjson.c **** 			switch (token=*ptr++)
 2549              		.loc 1 291 11 is_stmt 0 view .LVU852
 2550 0104 2F70     		strb	r7, [r5]
 292:Core/Src/device/cjson.c **** 			{
 2551              		.loc 1 292 4 is_stmt 1 view .LVU853
 2552              	.LVL310:
 292:Core/Src/device/cjson.c **** 			{
 2553              		.loc 1 292 17 is_stmt 0 view .LVU854
 2554 0106 3278     		ldrb	r2, [r6]	@ zero_extendqisi2
 2555              	.LVL311:
 292:Core/Src/device/cjson.c **** 			{
 2556              		.loc 1 292 4 view .LVU855
 2557 0108 0D2A     		cmp	r2, #13
 2558 010a 0AD8     		bhi	.L268
 2559 010c 072A     		cmp	r2, #7
 2560 010e 1FD9     		bls	.L269
 2561 0110 A2F10803 		sub	r3, r2, #8
 2562 0114 052B     		cmp	r3, #5
 2563 0116 1BD8     		bhi	.L269
 2564 0118 DFE803F0 		tbb	[pc, r3]
 2565              	.L271:
 2566 011c 0A       		.byte	(.L275-.L271)/2
 2567 011d 17       		.byte	(.L274-.L271)/2
 2568 011e 11       		.byte	(.L273-.L271)/2
 2569 011f 1A       		.byte	(.L269-.L271)/2
 2570 0120 0E       		.byte	(.L272-.L271)/2
 2571 0121 14       		.byte	(.L270-.L271)/2
 2572              		.p2align 1
 2573              	.L268:
 2574 0122 222A     		cmp	r2, #34
 2575 0124 01D0     		beq	.L276
 2576 0126 5C2A     		cmp	r2, #92
 2577 0128 12D1     		bne	.L269
 2578              	.L276:
 295:Core/Src/device/cjson.c **** 				case '\b':	*ptr2++='b';	break;
 2579              		.loc 1 295 16 is_stmt 1 view .LVU856
 295:Core/Src/device/cjson.c **** 				case '\b':	*ptr2++='b';	break;
 2580              		.loc 1 295 21 is_stmt 0 view .LVU857
 2581 012a A81C     		adds	r0, r5, #2
 2582              	.LVL312:
 295:Core/Src/device/cjson.c **** 				case '\b':	*ptr2++='b';	break;
 2583              		.loc 1 295 23 view .LVU858
 2584 012c 6A70     		strb	r2, [r5, #1]
 295:Core/Src/device/cjson.c **** 				case '\b':	*ptr2++='b';	break;
 2585              		.loc 1 295 30 is_stmt 1 view .LVU859
 2586 012e E7E7     		b	.L267
 2587              	.LVL313:
 2588              	.L275:
 296:Core/Src/device/cjson.c **** 				case '\f':	*ptr2++='f';	break;
 2589              		.loc 1 296 16 view .LVU860
ARM GAS  C:\Users\airforce\AppData\Local\Temp\ccf0vFDc.s 			page 71


 296:Core/Src/device/cjson.c **** 				case '\f':	*ptr2++='f';	break;
 2590              		.loc 1 296 23 is_stmt 0 view .LVU861
 2591 0130 6223     		movs	r3, #98
 296:Core/Src/device/cjson.c **** 				case '\f':	*ptr2++='f';	break;
 2592              		.loc 1 296 21 view .LVU862
 2593 0132 A81C     		adds	r0, r5, #2
 2594              	.LVL314:
 2595              	.L299:
 300:Core/Src/device/cjson.c **** 				default: sprintf(ptr2,"u%04x",token);ptr2+=5;	break;	/* escape and print */
 2596              		.loc 1 300 23 view .LVU863
 2597 0134 6B70     		strb	r3, [r5, #1]
 300:Core/Src/device/cjson.c **** 				default: sprintf(ptr2,"u%04x",token);ptr2+=5;	break;	/* escape and print */
 2598              		.loc 1 300 29 is_stmt 1 view .LVU864
 2599 0136 E3E7     		b	.L267
 2600              	.LVL315:
 2601              	.L272:
 297:Core/Src/device/cjson.c **** 				case '\n':	*ptr2++='n';	break;
 2602              		.loc 1 297 16 view .LVU865
 297:Core/Src/device/cjson.c **** 				case '\n':	*ptr2++='n';	break;
 2603              		.loc 1 297 23 is_stmt 0 view .LVU866
 2604 0138 6623     		movs	r3, #102
 297:Core/Src/device/cjson.c **** 				case '\n':	*ptr2++='n';	break;
 2605              		.loc 1 297 21 view .LVU867
 2606 013a A81C     		adds	r0, r5, #2
 2607              	.LVL316:
 297:Core/Src/device/cjson.c **** 				case '\n':	*ptr2++='n';	break;
 2608              		.loc 1 297 21 view .LVU868
 2609 013c FAE7     		b	.L299
 2610              	.LVL317:
 2611              	.L273:
 298:Core/Src/device/cjson.c **** 				case '\r':	*ptr2++='r';	break;
 2612              		.loc 1 298 16 is_stmt 1 view .LVU869
 298:Core/Src/device/cjson.c **** 				case '\r':	*ptr2++='r';	break;
 2613              		.loc 1 298 23 is_stmt 0 view .LVU870
 2614 013e 6E23     		movs	r3, #110
 298:Core/Src/device/cjson.c **** 				case '\r':	*ptr2++='r';	break;
 2615              		.loc 1 298 21 view .LVU871
 2616 0140 A81C     		adds	r0, r5, #2
 2617              	.LVL318:
 298:Core/Src/device/cjson.c **** 				case '\r':	*ptr2++='r';	break;
 2618              		.loc 1 298 21 view .LVU872
 2619 0142 F7E7     		b	.L299
 2620              	.LVL319:
 2621              	.L270:
 299:Core/Src/device/cjson.c **** 				case '\t':	*ptr2++='t';	break;
 2622              		.loc 1 299 16 is_stmt 1 view .LVU873
 299:Core/Src/device/cjson.c **** 				case '\t':	*ptr2++='t';	break;
 2623              		.loc 1 299 23 is_stmt 0 view .LVU874
 2624 0144 7223     		movs	r3, #114
 299:Core/Src/device/cjson.c **** 				case '\t':	*ptr2++='t';	break;
 2625              		.loc 1 299 21 view .LVU875
 2626 0146 A81C     		adds	r0, r5, #2
 2627              	.LVL320:
 299:Core/Src/device/cjson.c **** 				case '\t':	*ptr2++='t';	break;
 2628              		.loc 1 299 21 view .LVU876
 2629 0148 F4E7     		b	.L299
 2630              	.LVL321:
ARM GAS  C:\Users\airforce\AppData\Local\Temp\ccf0vFDc.s 			page 72


 2631              	.L274:
 300:Core/Src/device/cjson.c **** 				default: sprintf(ptr2,"u%04x",token);ptr2+=5;	break;	/* escape and print */
 2632              		.loc 1 300 16 is_stmt 1 view .LVU877
 300:Core/Src/device/cjson.c **** 				default: sprintf(ptr2,"u%04x",token);ptr2+=5;	break;	/* escape and print */
 2633              		.loc 1 300 23 is_stmt 0 view .LVU878
 2634 014a 7423     		movs	r3, #116
 300:Core/Src/device/cjson.c **** 				default: sprintf(ptr2,"u%04x",token);ptr2+=5;	break;	/* escape and print */
 2635              		.loc 1 300 21 view .LVU879
 2636 014c A81C     		adds	r0, r5, #2
 2637              	.LVL322:
 300:Core/Src/device/cjson.c **** 				default: sprintf(ptr2,"u%04x",token);ptr2+=5;	break;	/* escape and print */
 2638              		.loc 1 300 21 view .LVU880
 2639 014e F1E7     		b	.L299
 2640              	.LVL323:
 2641              	.L269:
 301:Core/Src/device/cjson.c **** 			}
 2642              		.loc 1 301 14 is_stmt 1 view .LVU881
 2643 0150 0549     		ldr	r1, .L300+12
 2644 0152 FFF7FEFF 		bl	sprintf
 2645              	.LVL324:
 301:Core/Src/device/cjson.c **** 			}
 2646              		.loc 1 301 42 discriminator 1 view .LVU882
 301:Core/Src/device/cjson.c **** 			}
 2647              		.loc 1 301 46 is_stmt 0 discriminator 1 view .LVU883
 2648 0156 A81D     		adds	r0, r5, #6
 2649              	.LVL325:
 301:Core/Src/device/cjson.c **** 			}
 2650              		.loc 1 301 51 is_stmt 1 discriminator 1 view .LVU884
 301:Core/Src/device/cjson.c **** 			}
 2651              		.loc 1 301 51 is_stmt 0 view .LVU885
 2652 0158 D2E7     		b	.L267
 2653              	.L301:
 2654 015a 00BF     		.align	2
 2655              	.L300:
 2656 015c 00000000 		.word	cJSON_malloc
 2657 0160 00000000 		.word	.LC8
 2658 0164 03000000 		.word	.LC9
 2659 0168 0B000000 		.word	.LC10
 2660              		.cfi_endproc
 2661              	.LFE17:
 2663              		.section	.text.cJSON_strcasecmp,"ax",%progbits
 2664              		.align	1
 2665              		.syntax unified
 2666              		.thumb
 2667              		.thumb_func
 2669              	cJSON_strcasecmp:
 2670              	.LVL326:
 2671              	.LFB5:
  40:Core/Src/device/cjson.c **** 	if (!s1) return (s1==s2)?0:1;if (!s2) return 1;
 2672              		.loc 1 40 1 is_stmt 1 view -0
 2673              		.cfi_startproc
 2674              		@ args = 0, pretend = 0, frame = 0
 2675              		@ frame_needed = 0, uses_anonymous_args = 0
  41:Core/Src/device/cjson.c **** 	for(; tolower(*s1) == tolower(*s2); ++s1, ++s2)	if(*s1 == 0)	return 0;
 2676              		.loc 1 41 2 view .LVU887
  40:Core/Src/device/cjson.c **** 	if (!s1) return (s1==s2)?0:1;if (!s2) return 1;
 2677              		.loc 1 40 1 is_stmt 0 view .LVU888
ARM GAS  C:\Users\airforce\AppData\Local\Temp\ccf0vFDc.s 			page 73


 2678 0000 70B5     		push	{r4, r5, r6, lr}
 2679              	.LCFI15:
 2680              		.cfi_def_cfa_offset 16
 2681              		.cfi_offset 4, -16
 2682              		.cfi_offset 5, -12
 2683              		.cfi_offset 6, -8
 2684              		.cfi_offset 14, -4
  41:Core/Src/device/cjson.c **** 	for(; tolower(*s1) == tolower(*s2); ++s1, ++s2)	if(*s1 == 0)	return 0;
 2685              		.loc 1 41 5 view .LVU889
 2686 0002 18B9     		cbnz	r0, .L303
  41:Core/Src/device/cjson.c **** 	for(; tolower(*s1) == tolower(*s2); ++s1, ++s2)	if(*s1 == 0)	return 0;
 2687              		.loc 1 41 11 is_stmt 1 discriminator 1 view .LVU890
  41:Core/Src/device/cjson.c **** 	for(; tolower(*s1) == tolower(*s2); ++s1, ++s2)	if(*s1 == 0)	return 0;
 2688              		.loc 1 41 28 is_stmt 0 discriminator 1 view .LVU891
 2689 0004 081E     		subs	r0, r1, #0
 2690              	.LVL327:
  41:Core/Src/device/cjson.c **** 	for(; tolower(*s1) == tolower(*s2); ++s1, ++s2)	if(*s1 == 0)	return 0;
 2691              		.loc 1 41 28 discriminator 1 view .LVU892
 2692 0006 18BF     		it	ne
 2693 0008 0120     		movne	r0, #1
 2694              	.LVL328:
 2695              	.L302:
  44:Core/Src/device/cjson.c **** 
 2696              		.loc 1 44 1 view .LVU893
 2697 000a 70BD     		pop	{r4, r5, r6, pc}
 2698              	.LVL329:
 2699              	.L303:
  41:Core/Src/device/cjson.c **** 	for(; tolower(*s1) == tolower(*s2); ++s1, ++s2)	if(*s1 == 0)	return 0;
 2700              		.loc 1 41 31 is_stmt 1 discriminator 2 view .LVU894
  41:Core/Src/device/cjson.c **** 	for(; tolower(*s1) == tolower(*s2); ++s1, ++s2)	if(*s1 == 0)	return 0;
 2701              		.loc 1 41 34 is_stmt 0 discriminator 2 view .LVU895
 2702 000c D9B1     		cbz	r1, .L309
 2703              	.LBB57:
 2704              	.LBB58:
 2705              	.LBB59:
  42:Core/Src/device/cjson.c **** 	return tolower(*(const unsigned char *)s1) - tolower(*(const unsigned char *)s2);
 2706              		.loc 1 42 8 discriminator 3 view .LVU896
 2707 000e 0F4E     		ldr	r6, .L311
 2708 0010 431E     		subs	r3, r0, #1
 2709 0012 0139     		subs	r1, r1, #1
 2710              	.LVL330:
 2711              	.L305:
  42:Core/Src/device/cjson.c **** 	return tolower(*(const unsigned char *)s1) - tolower(*(const unsigned char *)s2);
 2712              		.loc 1 42 8 discriminator 3 view .LVU897
 2713              	.LBE59:
  42:Core/Src/device/cjson.c **** 	return tolower(*(const unsigned char *)s1) - tolower(*(const unsigned char *)s2);
 2714              		.loc 1 42 21 is_stmt 1 discriminator 3 view .LVU898
 2715              	.LBB60:
  42:Core/Src/device/cjson.c **** 	return tolower(*(const unsigned char *)s1) - tolower(*(const unsigned char *)s2);
 2716              		.loc 1 42 8 discriminator 3 view .LVU899
 2717 0014 13F8010F 		ldrb	r0, [r3, #1]!	@ zero_extendqisi2
 2718              	.LVL331:
  42:Core/Src/device/cjson.c **** 	return tolower(*(const unsigned char *)s1) - tolower(*(const unsigned char *)s2);
 2719              		.loc 1 42 8 view .LVU900
  42:Core/Src/device/cjson.c **** 	return tolower(*(const unsigned char *)s1) - tolower(*(const unsigned char *)s2);
 2720              		.loc 1 42 8 is_stmt 0 discriminator 4 view .LVU901
 2721 0018 0446     		mov	r4, r0
ARM GAS  C:\Users\airforce\AppData\Local\Temp\ccf0vFDc.s 			page 74


  42:Core/Src/device/cjson.c **** 	return tolower(*(const unsigned char *)s1) - tolower(*(const unsigned char *)s2);
 2722              		.loc 1 42 8 discriminator 3 view .LVU902
 2723 001a 325C     		ldrb	r2, [r6, r0]	@ zero_extendqisi2
 2724 001c 02F00302 		and	r2, r2, #3
 2725 0020 012A     		cmp	r2, #1
 2726              	.LBE60:
 2727              	.LBB61:
  42:Core/Src/device/cjson.c **** 	return tolower(*(const unsigned char *)s1) - tolower(*(const unsigned char *)s2);
 2728              		.loc 1 42 24 discriminator 7 view .LVU903
 2729 0022 11F8012F 		ldrb	r2, [r1, #1]!	@ zero_extendqisi2
 2730              	.LBE61:
 2731              	.LBB62:
  42:Core/Src/device/cjson.c **** 	return tolower(*(const unsigned char *)s1) - tolower(*(const unsigned char *)s2);
 2732              		.loc 1 42 8 discriminator 4 view .LVU904
 2733 0026 08BF     		it	eq
 2734 0028 00F12004 		addeq	r4, r0, #32
 2735              	.LBE62:
 2736              	.LBB63:
  42:Core/Src/device/cjson.c **** 	return tolower(*(const unsigned char *)s1) - tolower(*(const unsigned char *)s2);
 2737              		.loc 1 42 24 is_stmt 1 view .LVU905
 2738              	.LVL332:
  42:Core/Src/device/cjson.c **** 	return tolower(*(const unsigned char *)s1) - tolower(*(const unsigned char *)s2);
 2739              		.loc 1 42 24 view .LVU906
  42:Core/Src/device/cjson.c **** 	return tolower(*(const unsigned char *)s1) - tolower(*(const unsigned char *)s2);
 2740              		.loc 1 42 24 is_stmt 0 discriminator 7 view .LVU907
 2741 002c B55C     		ldrb	r5, [r6, r2]	@ zero_extendqisi2
 2742 002e 05F00305 		and	r5, r5, #3
 2743 0032 012D     		cmp	r5, #1
  42:Core/Src/device/cjson.c **** 	return tolower(*(const unsigned char *)s1) - tolower(*(const unsigned char *)s2);
 2744              		.loc 1 42 24 discriminator 8 view .LVU908
 2745 0034 08BF     		it	eq
 2746 0036 2032     		addeq	r2, r2, #32
 2747              	.LBE63:
  42:Core/Src/device/cjson.c **** 	return tolower(*(const unsigned char *)s1) - tolower(*(const unsigned char *)s2);
 2748              		.loc 1 42 21 discriminator 11 view .LVU909
 2749 0038 9442     		cmp	r4, r2
 2750 003a 01D0     		beq	.L308
  43:Core/Src/device/cjson.c **** }
 2751              		.loc 1 43 2 is_stmt 1 view .LVU910
 2752              	.LBE58:
  43:Core/Src/device/cjson.c **** }
 2753              		.loc 1 43 9 view .LVU911
 2754              	.LVL333:
  43:Core/Src/device/cjson.c **** }
 2755              		.loc 1 43 9 view .LVU912
  43:Core/Src/device/cjson.c **** }
 2756              		.loc 1 43 47 view .LVU913
  43:Core/Src/device/cjson.c **** }
 2757              		.loc 1 43 47 view .LVU914
 2758              	.LBB64:
  43:Core/Src/device/cjson.c **** }
 2759              		.loc 1 43 45 is_stmt 0 discriminator 8 view .LVU915
 2760 003c A01A     		subs	r0, r4, r2
 2761              	.LVL334:
  43:Core/Src/device/cjson.c **** }
 2762              		.loc 1 43 45 view .LVU916
 2763 003e E4E7     		b	.L302
ARM GAS  C:\Users\airforce\AppData\Local\Temp\ccf0vFDc.s 			page 75


 2764              	.LVL335:
 2765              	.L308:
  42:Core/Src/device/cjson.c **** 	return tolower(*(const unsigned char *)s1) - tolower(*(const unsigned char *)s2);
 2766              		.loc 1 42 50 is_stmt 1 discriminator 12 view .LVU917
  42:Core/Src/device/cjson.c **** 	return tolower(*(const unsigned char *)s1) - tolower(*(const unsigned char *)s2);
 2767              		.loc 1 42 52 is_stmt 0 discriminator 12 view .LVU918
 2768 0040 0028     		cmp	r0, #0
 2769 0042 E7D1     		bne	.L305
 2770 0044 E1E7     		b	.L302
 2771              	.LVL336:
 2772              	.L309:
  42:Core/Src/device/cjson.c **** 	return tolower(*(const unsigned char *)s1) - tolower(*(const unsigned char *)s2);
 2773              		.loc 1 42 52 discriminator 12 view .LVU919
 2774              	.LBE64:
 2775              	.LBE57:
  41:Core/Src/device/cjson.c **** 	for(; tolower(*s1) == tolower(*s2); ++s1, ++s2)	if(*s1 == 0)	return 0;
 2776              		.loc 1 41 47 discriminator 3 view .LVU920
 2777 0046 0120     		movs	r0, #1
 2778              	.LVL337:
  41:Core/Src/device/cjson.c **** 	for(; tolower(*s1) == tolower(*s2); ++s1, ++s2)	if(*s1 == 0)	return 0;
 2779              		.loc 1 41 47 discriminator 3 view .LVU921
 2780 0048 DFE7     		b	.L302
 2781              	.L312:
 2782 004a 00BF     		.align	2
 2783              	.L311:
 2784 004c 01000000 		.word	_ctype_+1
 2785              		.cfi_endproc
 2786              	.LFE5:
 2788              		.section	.rodata.print_value.str1.1,"aMS",%progbits,1
 2789              	.LC11:
 2790 0000 5B5D00   		.ascii	"[]\000"
 2791              		.section	.text.print_value,"ax",%progbits
 2792              		.align	1
 2793              		.syntax unified
 2794              		.thumb
 2795              		.thumb_func
 2797              	print_value:
 2798              	.LVL338:
 2799              	.LFB26:
 373:Core/Src/device/cjson.c **** 	char *out=0;
 2800              		.loc 1 373 1 is_stmt 1 view -0
 2801              		.cfi_startproc
 2802              		@ args = 0, pretend = 0, frame = 32
 2803              		@ frame_needed = 0, uses_anonymous_args = 0
 374:Core/Src/device/cjson.c **** 	if (!item) return 0;
 2804              		.loc 1 374 2 view .LVU923
 375:Core/Src/device/cjson.c **** 	if (p)
 2805              		.loc 1 375 2 view .LVU924
 373:Core/Src/device/cjson.c **** 	char *out=0;
 2806              		.loc 1 373 1 is_stmt 0 view .LVU925
 2807 0000 2DE9F04F 		push	{r4, r5, r6, r7, r8, r9, r10, fp, lr}
 2808              	.LCFI16:
 2809              		.cfi_def_cfa_offset 36
 2810              		.cfi_offset 4, -36
 2811              		.cfi_offset 5, -32
 2812              		.cfi_offset 6, -28
 2813              		.cfi_offset 7, -24
ARM GAS  C:\Users\airforce\AppData\Local\Temp\ccf0vFDc.s 			page 76


 2814              		.cfi_offset 8, -20
 2815              		.cfi_offset 9, -16
 2816              		.cfi_offset 10, -12
 2817              		.cfi_offset 11, -8
 2818              		.cfi_offset 14, -4
 2819 0004 8A46     		mov	r10, r1
 2820 0006 9346     		mov	fp, r2
 2821 0008 1D46     		mov	r5, r3
 375:Core/Src/device/cjson.c **** 	if (p)
 2822              		.loc 1 375 5 view .LVU926
 2823 000a 0746     		mov	r7, r0
 373:Core/Src/device/cjson.c **** 	char *out=0;
 2824              		.loc 1 373 1 view .LVU927
 2825 000c 89B0     		sub	sp, sp, #36
 2826              	.LCFI17:
 2827              		.cfi_def_cfa_offset 72
 375:Core/Src/device/cjson.c **** 	if (p)
 2828              		.loc 1 375 5 view .LVU928
 2829 000e 0028     		cmp	r0, #0
 2830 0010 00F0C781 		beq	.L315
 376:Core/Src/device/cjson.c **** 	{
 2831              		.loc 1 376 2 is_stmt 1 view .LVU929
 378:Core/Src/device/cjson.c **** 		{
 2832              		.loc 1 378 23 is_stmt 0 view .LVU930
 2833 0014 047B     		ldrb	r4, [r0, #12]	@ zero_extendqisi2
 376:Core/Src/device/cjson.c **** 	{
 2834              		.loc 1 376 5 view .LVU931
 2835 0016 002B     		cmp	r3, #0
 2836 0018 00F06A81 		beq	.L316
 378:Core/Src/device/cjson.c **** 		{
 2837              		.loc 1 378 3 is_stmt 1 view .LVU932
 2838 001c 062C     		cmp	r4, #6
 2839 001e 00F2C081 		bhi	.L315
 2840 0022 DFE804F0 		tbb	[pc, r4]
 2841              	.LVL339:
 2842              	.L318:
 2843 0026 11       		.byte	(.L324-.L318)/2
 2844 0027 1A       		.byte	(.L323-.L318)/2
 2845 0028 04       		.byte	(.L322-.L318)/2
 2846 0029 23       		.byte	(.L321-.L318)/2
 2847 002a 2A       		.byte	(.L320-.L318)/2
 2848 002b 31       		.byte	(.L319-.L318)/2
 2849 002c 8D       		.byte	(.L317-.L318)/2
 2850 002d 00       		.p2align 1
 2851              	.L322:
 380:Core/Src/device/cjson.c **** 			case cJSON_False:	{out=ensure(p,6);	if (out) strcpy(out,"false");	break;}
 2852              		.loc 1 380 22 view .LVU933
 380:Core/Src/device/cjson.c **** 			case cJSON_False:	{out=ensure(p,6);	if (out) strcpy(out,"false");	break;}
 2853              		.loc 1 380 26 is_stmt 0 view .LVU934
 2854 002e 0521     		movs	r1, #5
 2855              	.LVL340:
 380:Core/Src/device/cjson.c **** 			case cJSON_False:	{out=ensure(p,6);	if (out) strcpy(out,"false");	break;}
 2856              		.loc 1 380 26 view .LVU935
 2857 0030 2846     		mov	r0, r5
 2858              	.LVL341:
 380:Core/Src/device/cjson.c **** 			case cJSON_False:	{out=ensure(p,6);	if (out) strcpy(out,"false");	break;}
 2859              		.loc 1 380 26 view .LVU936
ARM GAS  C:\Users\airforce\AppData\Local\Temp\ccf0vFDc.s 			page 77


 2860 0032 FFF7FEFF 		bl	ensure
 2861              	.LVL342:
 380:Core/Src/device/cjson.c **** 			case cJSON_False:	{out=ensure(p,6);	if (out) strcpy(out,"false");	break;}
 2862              		.loc 1 380 39 is_stmt 1 discriminator 1 view .LVU937
 380:Core/Src/device/cjson.c **** 			case cJSON_False:	{out=ensure(p,6);	if (out) strcpy(out,"false");	break;}
 2863              		.loc 1 380 42 is_stmt 0 discriminator 1 view .LVU938
 2864 0036 0446     		mov	r4, r0
 2865 0038 10B1     		cbz	r0, .L313
 380:Core/Src/device/cjson.c **** 			case cJSON_False:	{out=ensure(p,6);	if (out) strcpy(out,"false");	break;}
 2866              		.loc 1 380 48 is_stmt 1 discriminator 1 view .LVU939
 2867 003a B449     		ldr	r1, .L527
 2868              	.LVL343:
 2869              	.L518:
 381:Core/Src/device/cjson.c **** 			case cJSON_True:	{out=ensure(p,5);	if (out) strcpy(out,"true");	break;}
 2870              		.loc 1 381 49 is_stmt 0 discriminator 1 view .LVU940
 2871 003c FFF7FEFF 		bl	strcpy
 2872              	.LVL344:
 2873              	.L313:
 403:Core/Src/device/cjson.c **** 
 2874              		.loc 1 403 1 view .LVU941
 2875 0040 2046     		mov	r0, r4
 2876 0042 09B0     		add	sp, sp, #36
 2877              	.LCFI18:
 2878              		.cfi_remember_state
 2879              		.cfi_def_cfa_offset 36
 2880              		@ sp needed
 2881 0044 BDE8F08F 		pop	{r4, r5, r6, r7, r8, r9, r10, fp, pc}
 2882              	.LVL345:
 2883              	.L324:
 2884              	.LCFI19:
 2885              		.cfi_restore_state
 381:Core/Src/device/cjson.c **** 			case cJSON_True:	{out=ensure(p,5);	if (out) strcpy(out,"true");	break;}
 2886              		.loc 1 381 23 is_stmt 1 view .LVU942
 381:Core/Src/device/cjson.c **** 			case cJSON_True:	{out=ensure(p,5);	if (out) strcpy(out,"true");	break;}
 2887              		.loc 1 381 27 is_stmt 0 view .LVU943
 2888 0048 0621     		movs	r1, #6
 2889              	.LVL346:
 381:Core/Src/device/cjson.c **** 			case cJSON_True:	{out=ensure(p,5);	if (out) strcpy(out,"true");	break;}
 2890              		.loc 1 381 27 view .LVU944
 2891 004a 2846     		mov	r0, r5
 2892              	.LVL347:
 381:Core/Src/device/cjson.c **** 			case cJSON_True:	{out=ensure(p,5);	if (out) strcpy(out,"true");	break;}
 2893              		.loc 1 381 27 view .LVU945
 2894 004c FFF7FEFF 		bl	ensure
 2895              	.LVL348:
 381:Core/Src/device/cjson.c **** 			case cJSON_True:	{out=ensure(p,5);	if (out) strcpy(out,"true");	break;}
 2896              		.loc 1 381 40 is_stmt 1 discriminator 1 view .LVU946
 381:Core/Src/device/cjson.c **** 			case cJSON_True:	{out=ensure(p,5);	if (out) strcpy(out,"true");	break;}
 2897              		.loc 1 381 43 is_stmt 0 discriminator 1 view .LVU947
 2898 0050 0446     		mov	r4, r0
 2899 0052 0028     		cmp	r0, #0
 2900 0054 F4D0     		beq	.L313
 381:Core/Src/device/cjson.c **** 			case cJSON_True:	{out=ensure(p,5);	if (out) strcpy(out,"true");	break;}
 2901              		.loc 1 381 49 is_stmt 1 discriminator 1 view .LVU948
 2902 0056 AE49     		ldr	r1, .L527+4
 2903 0058 F0E7     		b	.L518
 2904              	.LVL349:
ARM GAS  C:\Users\airforce\AppData\Local\Temp\ccf0vFDc.s 			page 78


 2905              	.L323:
 382:Core/Src/device/cjson.c **** 			case cJSON_Number:	out=print_number(item,p);break;
 2906              		.loc 1 382 22 view .LVU949
 382:Core/Src/device/cjson.c **** 			case cJSON_Number:	out=print_number(item,p);break;
 2907              		.loc 1 382 26 is_stmt 0 view .LVU950
 2908 005a 0521     		movs	r1, #5
 2909              	.LVL350:
 382:Core/Src/device/cjson.c **** 			case cJSON_Number:	out=print_number(item,p);break;
 2910              		.loc 1 382 26 view .LVU951
 2911 005c 2846     		mov	r0, r5
 2912              	.LVL351:
 382:Core/Src/device/cjson.c **** 			case cJSON_Number:	out=print_number(item,p);break;
 2913              		.loc 1 382 26 view .LVU952
 2914 005e FFF7FEFF 		bl	ensure
 2915              	.LVL352:
 382:Core/Src/device/cjson.c **** 			case cJSON_Number:	out=print_number(item,p);break;
 2916              		.loc 1 382 39 is_stmt 1 discriminator 1 view .LVU953
 382:Core/Src/device/cjson.c **** 			case cJSON_Number:	out=print_number(item,p);break;
 2917              		.loc 1 382 42 is_stmt 0 discriminator 1 view .LVU954
 2918 0062 0446     		mov	r4, r0
 2919 0064 0028     		cmp	r0, #0
 2920 0066 EBD0     		beq	.L313
 382:Core/Src/device/cjson.c **** 			case cJSON_Number:	out=print_number(item,p);break;
 2921              		.loc 1 382 48 is_stmt 1 discriminator 1 view .LVU955
 2922 0068 AA49     		ldr	r1, .L527+8
 2923 006a E7E7     		b	.L518
 2924              	.LVL353:
 2925              	.L321:
 383:Core/Src/device/cjson.c **** 			case cJSON_String:	out=print_string(item,p);break;
 2926              		.loc 1 383 23 view .LVU956
 383:Core/Src/device/cjson.c **** 			case cJSON_String:	out=print_string(item,p);break;
 2927              		.loc 1 383 27 is_stmt 0 view .LVU957
 2928 006c 2946     		mov	r1, r5
 2929              	.LVL354:
 2930              	.L519:
 396:Core/Src/device/cjson.c **** 			case cJSON_String:	out=print_string(item,0);break;
 2931              		.loc 1 396 27 view .LVU958
 2932 006e 3846     		mov	r0, r7
 2933              	.LVL355:
 403:Core/Src/device/cjson.c **** 
 2934              		.loc 1 403 1 view .LVU959
 2935 0070 09B0     		add	sp, sp, #36
 2936              	.LCFI20:
 2937              		.cfi_remember_state
 2938              		.cfi_def_cfa_offset 36
 2939              		@ sp needed
 2940 0072 BDE8F04F 		pop	{r4, r5, r6, r7, r8, r9, r10, fp, lr}
 2941              	.LCFI21:
 2942              		.cfi_restore 14
 2943              		.cfi_restore 11
 2944              		.cfi_restore 10
 2945              		.cfi_restore 9
 2946              		.cfi_restore 8
 2947              		.cfi_restore 7
 2948              		.cfi_restore 6
 2949              		.cfi_restore 5
 2950              		.cfi_restore 4
ARM GAS  C:\Users\airforce\AppData\Local\Temp\ccf0vFDc.s 			page 79


 2951              		.cfi_def_cfa_offset 0
 2952              	.LVL356:
 396:Core/Src/device/cjson.c **** 			case cJSON_String:	out=print_string(item,0);break;
 2953              		.loc 1 396 27 view .LVU960
 2954 0076 FFF7FEBF 		b	print_number
 2955              	.LVL357:
 2956              	.L320:
 2957              	.LCFI22:
 2958              		.cfi_restore_state
 384:Core/Src/device/cjson.c **** 			case cJSON_Array:	out=print_array(item,depth,fmt,p);break;
 2959              		.loc 1 384 23 is_stmt 1 view .LVU961
 2960              	.LBB77:
 2961              	.LBI77:
 309:Core/Src/device/cjson.c **** 
 2962              		.loc 1 309 14 view .LVU962
 2963              	.LBB78:
 309:Core/Src/device/cjson.c **** 
 2964              		.loc 1 309 56 view .LVU963
 309:Core/Src/device/cjson.c **** 
 2965              		.loc 1 309 63 is_stmt 0 view .LVU964
 2966 007a 2946     		mov	r1, r5
 2967              	.LVL358:
 2968              	.L520:
 309:Core/Src/device/cjson.c **** 
 2969              		.loc 1 309 63 view .LVU965
 2970              	.LBE78:
 2971              	.LBE77:
 2972              	.LBB79:
 2973              	.LBB80:
 2974 007c 3869     		ldr	r0, [r7, #16]
 2975              	.LVL359:
 309:Core/Src/device/cjson.c **** 
 2976              		.loc 1 309 63 view .LVU966
 2977              	.LBE80:
 2978              	.LBE79:
 403:Core/Src/device/cjson.c **** 
 2979              		.loc 1 403 1 view .LVU967
 2980 007e 09B0     		add	sp, sp, #36
 2981              	.LCFI23:
 2982              		.cfi_remember_state
 2983              		.cfi_def_cfa_offset 36
 2984              		@ sp needed
 2985 0080 BDE8F04F 		pop	{r4, r5, r6, r7, r8, r9, r10, fp, lr}
 2986              	.LCFI24:
 2987              		.cfi_restore 14
 2988              		.cfi_restore 11
 2989              		.cfi_restore 10
 2990              		.cfi_restore 9
 2991              		.cfi_restore 8
 2992              		.cfi_restore 7
 2993              		.cfi_restore 6
 2994              		.cfi_restore 5
 2995              		.cfi_restore 4
 2996              		.cfi_def_cfa_offset 0
 2997              	.LVL360:
 2998              	.LBB83:
 2999              	.LBB81:
ARM GAS  C:\Users\airforce\AppData\Local\Temp\ccf0vFDc.s 			page 80


 309:Core/Src/device/cjson.c **** 
 3000              		.loc 1 309 63 view .LVU968
 3001 0084 FFF7FEBF 		b	print_string_ptr
 3002              	.LVL361:
 3003              	.L319:
 3004              	.LCFI25:
 3005              		.cfi_restore_state
 309:Core/Src/device/cjson.c **** 
 3006              		.loc 1 309 63 view .LVU969
 3007              	.LBE81:
 3008              	.LBE83:
 385:Core/Src/device/cjson.c **** 			case cJSON_Object:	out=print_object(item,depth,fmt,p);break;
 3009              		.loc 1 385 22 is_stmt 1 view .LVU970
 3010              	.LBB84:
 3011              	.LBI84:
 434:Core/Src/device/cjson.c **** {
 3012              		.loc 1 434 14 view .LVU971
 3013              	.LBB85:
 436:Core/Src/device/cjson.c **** 	char *out=0,*ptr,*ret;int len=5;
 3014              		.loc 1 436 2 view .LVU972
 437:Core/Src/device/cjson.c **** 	cJSON *child=item->child;
 3015              		.loc 1 437 2 view .LVU973
 437:Core/Src/device/cjson.c **** 	cJSON *child=item->child;
 3016              		.loc 1 437 24 view .LVU974
 438:Core/Src/device/cjson.c **** 	int numentries=0,i=0,fail=0;
 3017              		.loc 1 438 2 view .LVU975
 439:Core/Src/device/cjson.c **** 	size_t tmplen=0;
 3018              		.loc 1 439 6 is_stmt 0 view .LVU976
 3019 0088 0023     		movs	r3, #0
 438:Core/Src/device/cjson.c **** 	int numentries=0,i=0,fail=0;
 3020              		.loc 1 438 9 view .LVU977
 3021 008a 8668     		ldr	r6, [r0, #8]
 3022              	.LVL362:
 439:Core/Src/device/cjson.c **** 	size_t tmplen=0;
 3023              		.loc 1 439 2 is_stmt 1 view .LVU978
 440:Core/Src/device/cjson.c **** 	
 3024              		.loc 1 440 2 view .LVU979
 443:Core/Src/device/cjson.c **** 	/* Explicitly handle numentries==0 */
 3025              		.loc 1 443 2 view .LVU980
 3026              	.L330:
 443:Core/Src/device/cjson.c **** 	/* Explicitly handle numentries==0 */
 3027              		.loc 1 443 9 discriminator 1 view .LVU981
 3028 008c 4EB9     		cbnz	r6, .L331
 445:Core/Src/device/cjson.c **** 	{
 3029              		.loc 1 445 2 view .LVU982
 445:Core/Src/device/cjson.c **** 	{
 3030              		.loc 1 445 5 is_stmt 0 view .LVU983
 3031 008e 5BB9     		cbnz	r3, .L332
 447:Core/Src/device/cjson.c **** 		else	out=(char*)cJSON_malloc(3);
 3032              		.loc 1 447 3 is_stmt 1 view .LVU984
 447:Core/Src/device/cjson.c **** 		else	out=(char*)cJSON_malloc(3);
 3033              		.loc 1 447 10 discriminator 1 view .LVU985
 447:Core/Src/device/cjson.c **** 		else	out=(char*)cJSON_malloc(3);
 3034              		.loc 1 447 14 is_stmt 0 discriminator 1 view .LVU986
 3035 0090 0321     		movs	r1, #3
 3036              	.LVL363:
 447:Core/Src/device/cjson.c **** 		else	out=(char*)cJSON_malloc(3);
ARM GAS  C:\Users\airforce\AppData\Local\Temp\ccf0vFDc.s 			page 81


 3037              		.loc 1 447 14 discriminator 1 view .LVU987
 3038 0092 2846     		mov	r0, r5
 3039              	.LVL364:
 447:Core/Src/device/cjson.c **** 		else	out=(char*)cJSON_malloc(3);
 3040              		.loc 1 447 14 discriminator 1 view .LVU988
 3041 0094 FFF7FEFF 		bl	ensure
 3042              	.LVL365:
 3043              	.L524:
 447:Core/Src/device/cjson.c **** 		else	out=(char*)cJSON_malloc(3);
 3044              		.loc 1 447 14 discriminator 1 view .LVU989
 3045              	.LBE85:
 3046              	.LBE84:
 3047              	.LBB87:
 3048              	.LBB88:
 449:Core/Src/device/cjson.c **** 		return out;
 3049              		.loc 1 449 3 is_stmt 1 view .LVU990
 449:Core/Src/device/cjson.c **** 		return out;
 3050              		.loc 1 449 6 is_stmt 0 view .LVU991
 3051 0098 0446     		mov	r4, r0
 3052 009a 0028     		cmp	r0, #0
 3053 009c D0D0     		beq	.L313
 449:Core/Src/device/cjson.c **** 		return out;
 3054              		.loc 1 449 12 is_stmt 1 discriminator 1 view .LVU992
 3055 009e 9E49     		ldr	r1, .L527+12
 3056 00a0 CCE7     		b	.L518
 3057              	.LVL366:
 3058              	.L331:
 449:Core/Src/device/cjson.c **** 		return out;
 3059              		.loc 1 449 12 is_stmt 0 discriminator 1 view .LVU993
 3060              	.LBE88:
 3061              	.LBE87:
 3062              	.LBB92:
 3063              	.LBB86:
 443:Core/Src/device/cjson.c **** 	/* Explicitly handle numentries==0 */
 3064              		.loc 1 443 16 is_stmt 1 discriminator 2 view .LVU994
 443:Core/Src/device/cjson.c **** 	/* Explicitly handle numentries==0 */
 3065              		.loc 1 443 34 is_stmt 0 discriminator 2 view .LVU995
 3066 00a2 3668     		ldr	r6, [r6]
 3067              	.LVL367:
 443:Core/Src/device/cjson.c **** 	/* Explicitly handle numentries==0 */
 3068              		.loc 1 443 26 discriminator 2 view .LVU996
 3069 00a4 0133     		adds	r3, r3, #1
 3070              	.LVL368:
 443:Core/Src/device/cjson.c **** 	/* Explicitly handle numentries==0 */
 3071              		.loc 1 443 26 discriminator 2 view .LVU997
 3072 00a6 F1E7     		b	.L330
 3073              	.LVL369:
 3074              	.L332:
 453:Core/Src/device/cjson.c **** 	{
 3075              		.loc 1 453 2 is_stmt 1 view .LVU998
 456:Core/Src/device/cjson.c **** 		ptr=ensure(p,1);if (!ptr) return 0;	*ptr='[';	p->offset++;
 3076              		.loc 1 456 3 view .LVU999
 456:Core/Src/device/cjson.c **** 		ptr=ensure(p,1);if (!ptr) return 0;	*ptr='[';	p->offset++;
 3077              		.loc 1 456 4 is_stmt 0 view .LVU1000
 3078 00a8 AB68     		ldr	r3, [r5, #8]
 3079              	.LVL370:
 457:Core/Src/device/cjson.c **** 		child=item->child;
ARM GAS  C:\Users\airforce\AppData\Local\Temp\ccf0vFDc.s 			page 82


 3080              		.loc 1 457 7 view .LVU1001
 3081 00aa 0121     		movs	r1, #1
 3082              	.LVL371:
 457:Core/Src/device/cjson.c **** 		child=item->child;
 3083              		.loc 1 457 7 view .LVU1002
 3084 00ac 2846     		mov	r0, r5
 3085              	.LVL372:
 456:Core/Src/device/cjson.c **** 		ptr=ensure(p,1);if (!ptr) return 0;	*ptr='[';	p->offset++;
 3086              		.loc 1 456 4 view .LVU1003
 3087 00ae 0093     		str	r3, [sp]
 3088              	.LVL373:
 457:Core/Src/device/cjson.c **** 		child=item->child;
 3089              		.loc 1 457 3 is_stmt 1 view .LVU1004
 457:Core/Src/device/cjson.c **** 		child=item->child;
 3090              		.loc 1 457 7 is_stmt 0 view .LVU1005
 3091 00b0 FFF7FEFF 		bl	ensure
 3092              	.LVL374:
 457:Core/Src/device/cjson.c **** 		child=item->child;
 3093              		.loc 1 457 19 is_stmt 1 discriminator 1 view .LVU1006
 457:Core/Src/device/cjson.c **** 		child=item->child;
 3094              		.loc 1 457 22 is_stmt 0 discriminator 1 view .LVU1007
 3095 00b4 0028     		cmp	r0, #0
 3096 00b6 00F07481 		beq	.L315
 457:Core/Src/device/cjson.c **** 		child=item->child;
 3097              		.loc 1 457 39 is_stmt 1 discriminator 2 view .LVU1008
 457:Core/Src/device/cjson.c **** 		child=item->child;
 3098              		.loc 1 457 43 is_stmt 0 discriminator 2 view .LVU1009
 3099 00ba 5B23     		movs	r3, #91
 3100 00bc BBF1000F 		cmp	fp, #0
 3101 00c0 0370     		strb	r3, [r0]
 457:Core/Src/device/cjson.c **** 		child=item->child;
 3102              		.loc 1 457 49 is_stmt 1 view .LVU1010
 458:Core/Src/device/cjson.c **** 		while (child && !fail)
 3103              		.loc 1 458 8 is_stmt 0 view .LVU1011
 3104 00c2 BC68     		ldr	r4, [r7, #8]
 3105 00c4 14BF     		ite	ne
 3106 00c6 0227     		movne	r7, #2
 3107              	.LVL375:
 458:Core/Src/device/cjson.c **** 		while (child && !fail)
 3108              		.loc 1 458 8 view .LVU1012
 3109 00c8 0127     		moveq	r7, #1
 463:Core/Src/device/cjson.c **** 			child=child->next;
 3110              		.loc 1 463 79 discriminator 7 view .LVU1013
 3111 00ca 4FF02C08 		mov	r8, #44
 457:Core/Src/device/cjson.c **** 		child=item->child;
 3112              		.loc 1 457 58 discriminator 2 view .LVU1014
 3113 00ce AB68     		ldr	r3, [r5, #8]
 463:Core/Src/device/cjson.c **** 			child=child->next;
 3114              		.loc 1 463 38 discriminator 5 view .LVU1015
 3115 00d0 07F10109 		add	r9, r7, #1
 457:Core/Src/device/cjson.c **** 		child=item->child;
 3116              		.loc 1 457 58 discriminator 2 view .LVU1016
 3117 00d4 0133     		adds	r3, r3, #1
 3118 00d6 AB60     		str	r3, [r5, #8]
 458:Core/Src/device/cjson.c **** 		while (child && !fail)
 3119              		.loc 1 458 3 is_stmt 1 view .LVU1017
 3120              	.LVL376:
ARM GAS  C:\Users\airforce\AppData\Local\Temp\ccf0vFDc.s 			page 83


 459:Core/Src/device/cjson.c **** 		{
 3121              		.loc 1 459 3 view .LVU1018
 461:Core/Src/device/cjson.c **** 			p->offset=update(p);
 3122              		.loc 1 461 4 is_stmt 0 view .LVU1019
 3123 00d8 0AF1010A 		add	r10, r10, #1
 3124              	.LVL377:
 3125              	.L336:
 459:Core/Src/device/cjson.c **** 		{
 3126              		.loc 1 459 16 is_stmt 1 view .LVU1020
 3127 00dc 6CB9     		cbnz	r4, .L340
 466:Core/Src/device/cjson.c **** 		out=(p->buffer)+i;
 3128              		.loc 1 466 3 view .LVU1021
 466:Core/Src/device/cjson.c **** 		out=(p->buffer)+i;
 3129              		.loc 1 466 7 is_stmt 0 view .LVU1022
 3130 00de 0221     		movs	r1, #2
 3131 00e0 2846     		mov	r0, r5
 3132 00e2 FFF7FEFF 		bl	ensure
 3133              	.LVL378:
 466:Core/Src/device/cjson.c **** 		out=(p->buffer)+i;
 3134              		.loc 1 466 19 is_stmt 1 discriminator 1 view .LVU1023
 466:Core/Src/device/cjson.c **** 		out=(p->buffer)+i;
 3135              		.loc 1 466 22 is_stmt 0 discriminator 1 view .LVU1024
 3136 00e6 0028     		cmp	r0, #0
 3137 00e8 00F05B81 		beq	.L315
 466:Core/Src/device/cjson.c **** 		out=(p->buffer)+i;
 3138              		.loc 1 466 39 is_stmt 1 discriminator 2 view .LVU1025
 3139              	.LVL379:
 466:Core/Src/device/cjson.c **** 		out=(p->buffer)+i;
 3140              		.loc 1 466 45 is_stmt 0 discriminator 2 view .LVU1026
 3141 00ec 5D23     		movs	r3, #93
 466:Core/Src/device/cjson.c **** 		out=(p->buffer)+i;
 3142              		.loc 1 466 54 discriminator 2 view .LVU1027
 3143 00ee 4470     		strb	r4, [r0, #1]
 466:Core/Src/device/cjson.c **** 		out=(p->buffer)+i;
 3144              		.loc 1 466 45 discriminator 2 view .LVU1028
 3145 00f0 0370     		strb	r3, [r0]
 466:Core/Src/device/cjson.c **** 		out=(p->buffer)+i;
 3146              		.loc 1 466 50 is_stmt 1 view .LVU1029
 467:Core/Src/device/cjson.c **** 	}
 3147              		.loc 1 467 3 view .LVU1030
 467:Core/Src/device/cjson.c **** 	}
 3148              		.loc 1 467 6 is_stmt 0 view .LVU1031
 3149 00f2 2C68     		ldr	r4, [r5]
 3150              	.LVL380:
 467:Core/Src/device/cjson.c **** 	}
 3151              		.loc 1 467 6 view .LVU1032
 3152 00f4 009B     		ldr	r3, [sp]
 3153 00f6 1C44     		add	r4, r4, r3
 3154              	.LVL381:
 467:Core/Src/device/cjson.c **** 	}
 3155              		.loc 1 467 6 view .LVU1033
 3156 00f8 A2E7     		b	.L313
 3157              	.LVL382:
 3158              	.L340:
 461:Core/Src/device/cjson.c **** 			p->offset=update(p);
 3159              		.loc 1 461 4 is_stmt 1 view .LVU1034
 3160 00fa 2B46     		mov	r3, r5
ARM GAS  C:\Users\airforce\AppData\Local\Temp\ccf0vFDc.s 			page 84


 3161 00fc 5A46     		mov	r2, fp
 3162 00fe 5146     		mov	r1, r10
 3163 0100 2046     		mov	r0, r4
 3164 0102 FFF77DFF 		bl	print_value
 3165              	.LVL383:
 462:Core/Src/device/cjson.c **** 			if (child->next) {len=fmt?2:1;ptr=ensure(p,len+1);if (!ptr) return 0;*ptr++=',';if(fmt)*ptr++=' 
 3166              		.loc 1 462 4 view .LVU1035
 462:Core/Src/device/cjson.c **** 			if (child->next) {len=fmt?2:1;ptr=ensure(p,len+1);if (!ptr) return 0;*ptr++=',';if(fmt)*ptr++=' 
 3167              		.loc 1 462 14 is_stmt 0 view .LVU1036
 3168 0106 2846     		mov	r0, r5
 3169 0108 FFF7FEFF 		bl	update
 3170              	.LVL384:
 463:Core/Src/device/cjson.c **** 			child=child->next;
 3171              		.loc 1 463 7 view .LVU1037
 3172 010c 2368     		ldr	r3, [r4]
 462:Core/Src/device/cjson.c **** 			if (child->next) {len=fmt?2:1;ptr=ensure(p,len+1);if (!ptr) return 0;*ptr++=',';if(fmt)*ptr++=' 
 3173              		.loc 1 462 13 discriminator 1 view .LVU1038
 3174 010e A860     		str	r0, [r5, #8]
 463:Core/Src/device/cjson.c **** 			child=child->next;
 3175              		.loc 1 463 4 is_stmt 1 view .LVU1039
 463:Core/Src/device/cjson.c **** 			child=child->next;
 3176              		.loc 1 463 7 is_stmt 0 view .LVU1040
 3177 0110 83B1     		cbz	r3, .L337
 463:Core/Src/device/cjson.c **** 			child=child->next;
 3178              		.loc 1 463 22 is_stmt 1 discriminator 1 view .LVU1041
 463:Core/Src/device/cjson.c **** 			child=child->next;
 3179              		.loc 1 463 34 view .LVU1042
 463:Core/Src/device/cjson.c **** 			child=child->next;
 3180              		.loc 1 463 38 is_stmt 0 discriminator 5 view .LVU1043
 3181 0112 4946     		mov	r1, r9
 3182 0114 2846     		mov	r0, r5
 3183 0116 FFF7FEFF 		bl	ensure
 3184              	.LVL385:
 463:Core/Src/device/cjson.c **** 			child=child->next;
 3185              		.loc 1 463 54 is_stmt 1 discriminator 1 view .LVU1044
 463:Core/Src/device/cjson.c **** 			child=child->next;
 3186              		.loc 1 463 57 is_stmt 0 discriminator 1 view .LVU1045
 3187 011a 0028     		cmp	r0, #0
 3188 011c 00F04181 		beq	.L315
 463:Core/Src/device/cjson.c **** 			child=child->next;
 3189              		.loc 1 463 73 is_stmt 1 discriminator 7 view .LVU1046
 3190              	.LVL386:
 463:Core/Src/device/cjson.c **** 			child=child->next;
 3191              		.loc 1 463 79 is_stmt 0 discriminator 7 view .LVU1047
 3192 0120 80F80080 		strb	r8, [r0]
 463:Core/Src/device/cjson.c **** 			child=child->next;
 3193              		.loc 1 463 84 is_stmt 1 view .LVU1048
 463:Core/Src/device/cjson.c **** 			child=child->next;
 3194              		.loc 1 463 86 is_stmt 0 discriminator 7 view .LVU1049
 3195 0124 BBF1000F 		cmp	fp, #0
 3196 0128 06D1     		bne	.L338
 463:Core/Src/device/cjson.c **** 			child=child->next;
 3197              		.loc 1 463 77 discriminator 7 view .LVU1050
 3198 012a 431C     		adds	r3, r0, #1
 3199              	.LVL387:
 3200              	.L339:
 463:Core/Src/device/cjson.c **** 			child=child->next;
ARM GAS  C:\Users\airforce\AppData\Local\Temp\ccf0vFDc.s 			page 85


 3201              		.loc 1 463 102 is_stmt 1 discriminator 10 view .LVU1051
 463:Core/Src/device/cjson.c **** 			child=child->next;
 3202              		.loc 1 463 106 is_stmt 0 discriminator 10 view .LVU1052
 3203 012c 1E70     		strb	r6, [r3]
 463:Core/Src/device/cjson.c **** 			child=child->next;
 3204              		.loc 1 463 109 is_stmt 1 view .LVU1053
 463:Core/Src/device/cjson.c **** 			child=child->next;
 3205              		.loc 1 463 118 is_stmt 0 discriminator 10 view .LVU1054
 3206 012e AB68     		ldr	r3, [r5, #8]
 3207              	.LVL388:
 463:Core/Src/device/cjson.c **** 			child=child->next;
 3208              		.loc 1 463 118 discriminator 10 view .LVU1055
 3209 0130 3B44     		add	r3, r3, r7
 3210 0132 AB60     		str	r3, [r5, #8]
 3211              	.LVL389:
 3212              	.L337:
 464:Core/Src/device/cjson.c **** 		}
 3213              		.loc 1 464 4 is_stmt 1 view .LVU1056
 464:Core/Src/device/cjson.c **** 		}
 3214              		.loc 1 464 9 is_stmt 0 view .LVU1057
 3215 0134 2468     		ldr	r4, [r4]
 3216              	.LVL390:
 464:Core/Src/device/cjson.c **** 		}
 3217              		.loc 1 464 9 view .LVU1058
 3218 0136 D1E7     		b	.L336
 3219              	.LVL391:
 3220              	.L338:
 463:Core/Src/device/cjson.c **** 			child=child->next;
 3221              		.loc 1 463 91 is_stmt 1 discriminator 8 view .LVU1059
 463:Core/Src/device/cjson.c **** 			child=child->next;
 3222              		.loc 1 463 97 is_stmt 0 discriminator 8 view .LVU1060
 3223 0138 2022     		movs	r2, #32
 463:Core/Src/device/cjson.c **** 			child=child->next;
 3224              		.loc 1 463 95 discriminator 8 view .LVU1061
 3225 013a 831C     		adds	r3, r0, #2
 3226              	.LVL392:
 463:Core/Src/device/cjson.c **** 			child=child->next;
 3227              		.loc 1 463 97 discriminator 8 view .LVU1062
 3228 013c 4270     		strb	r2, [r0, #1]
 3229 013e F5E7     		b	.L339
 3230              	.LVL393:
 3231              	.L317:
 463:Core/Src/device/cjson.c **** 			child=child->next;
 3232              		.loc 1 463 97 discriminator 8 view .LVU1063
 3233              	.LBE86:
 3234              	.LBE92:
 386:Core/Src/device/cjson.c **** 		}
 3235              		.loc 1 386 23 is_stmt 1 view .LVU1064
 3236              	.LBB93:
 3237              	.LBI93:
 550:Core/Src/device/cjson.c **** {
 3238              		.loc 1 550 14 view .LVU1065
 3239              	.LBB94:
 552:Core/Src/device/cjson.c **** 	char *out=0,*ptr,*ret,*str;int len=7,i=0,j;
 3240              		.loc 1 552 2 view .LVU1066
 553:Core/Src/device/cjson.c **** 	cJSON *child=item->child;
 3241              		.loc 1 553 2 view .LVU1067
ARM GAS  C:\Users\airforce\AppData\Local\Temp\ccf0vFDc.s 			page 86


 553:Core/Src/device/cjson.c **** 	cJSON *child=item->child;
 3242              		.loc 1 553 29 view .LVU1068
 554:Core/Src/device/cjson.c **** 	int numentries=0,fail=0;
 3243              		.loc 1 554 2 view .LVU1069
 555:Core/Src/device/cjson.c **** 	size_t tmplen=0;
 3244              		.loc 1 555 6 is_stmt 0 view .LVU1070
 3245 0140 0023     		movs	r3, #0
 554:Core/Src/device/cjson.c **** 	int numentries=0,fail=0;
 3246              		.loc 1 554 9 view .LVU1071
 3247 0142 8268     		ldr	r2, [r0, #8]
 3248              	.LVL394:
 555:Core/Src/device/cjson.c **** 	size_t tmplen=0;
 3249              		.loc 1 555 2 is_stmt 1 view .LVU1072
 556:Core/Src/device/cjson.c **** 	/* Count the number of entries. */
 3250              		.loc 1 556 2 view .LVU1073
 558:Core/Src/device/cjson.c **** 	/* Explicitly handle empty object case */
 3251              		.loc 1 558 2 view .LVU1074
 3252              	.L341:
 558:Core/Src/device/cjson.c **** 	/* Explicitly handle empty object case */
 3253              		.loc 1 558 9 discriminator 1 view .LVU1075
 3254 0144 BAB9     		cbnz	r2, .L342
 560:Core/Src/device/cjson.c **** 	{
 3255              		.loc 1 560 2 view .LVU1076
 560:Core/Src/device/cjson.c **** 	{
 3256              		.loc 1 560 5 is_stmt 0 view .LVU1077
 3257 0146 8BBB     		cbnz	r3, .L343
 562:Core/Src/device/cjson.c **** 		else	out=(char*)cJSON_malloc(fmt?depth+4:3);
 3258              		.loc 1 562 3 is_stmt 1 view .LVU1078
 562:Core/Src/device/cjson.c **** 		else	out=(char*)cJSON_malloc(fmt?depth+4:3);
 3259              		.loc 1 562 10 discriminator 1 view .LVU1079
 562:Core/Src/device/cjson.c **** 		else	out=(char*)cJSON_malloc(fmt?depth+4:3);
 3260              		.loc 1 562 14 is_stmt 0 discriminator 1 view .LVU1080
 3261 0148 BBF1000F 		cmp	fp, #0
 3262 014c 16D0     		beq	.L419
 562:Core/Src/device/cjson.c **** 		else	out=(char*)cJSON_malloc(fmt?depth+4:3);
 3263              		.loc 1 562 14 discriminator 2 view .LVU1081
 3264 014e 0AF10401 		add	r1, r10, #4
 3265              	.LVL395:
 3266              	.L344:
 562:Core/Src/device/cjson.c **** 		else	out=(char*)cJSON_malloc(fmt?depth+4:3);
 3267              		.loc 1 562 14 discriminator 5 view .LVU1082
 3268 0152 2846     		mov	r0, r5
 3269              	.LVL396:
 562:Core/Src/device/cjson.c **** 		else	out=(char*)cJSON_malloc(fmt?depth+4:3);
 3270              		.loc 1 562 14 discriminator 5 view .LVU1083
 3271 0154 FFF7FEFF 		bl	ensure
 3272              	.LVL397:
 564:Core/Src/device/cjson.c **** 		ptr=out;*ptr++='{';
 3273              		.loc 1 564 3 is_stmt 1 view .LVU1084
 564:Core/Src/device/cjson.c **** 		ptr=out;*ptr++='{';
 3274              		.loc 1 564 6 is_stmt 0 view .LVU1085
 3275 0158 0446     		mov	r4, r0
 3276 015a 0028     		cmp	r0, #0
 3277 015c 00F02181 		beq	.L315
 565:Core/Src/device/cjson.c **** 		if (fmt) {*ptr++='\n';for (i=0;i<depth-1;i++) *ptr++='\t';}
 3278              		.loc 1 565 3 is_stmt 1 view .LVU1086
 3279              	.LVL398:
ARM GAS  C:\Users\airforce\AppData\Local\Temp\ccf0vFDc.s 			page 87


 565:Core/Src/device/cjson.c **** 		if (fmt) {*ptr++='\n';for (i=0;i<depth-1;i++) *ptr++='\t';}
 3280              		.loc 1 565 11 view .LVU1087
 565:Core/Src/device/cjson.c **** 		if (fmt) {*ptr++='\n';for (i=0;i<depth-1;i++) *ptr++='\t';}
 3281              		.loc 1 565 17 is_stmt 0 view .LVU1088
 3282 0160 7B23     		movs	r3, #123
 3283 0162 0370     		strb	r3, [r0]
 566:Core/Src/device/cjson.c **** 		*ptr++='}';*ptr++=0;
 3284              		.loc 1 566 3 is_stmt 1 view .LVU1089
 566:Core/Src/device/cjson.c **** 		*ptr++='}';*ptr++=0;
 3285              		.loc 1 566 6 is_stmt 0 view .LVU1090
 3286 0164 BBF1000F 		cmp	fp, #0
 3287 0168 0AD1     		bne	.L345
 3288              	.LVL399:
 3289              	.L526:
 566:Core/Src/device/cjson.c **** 		*ptr++='}';*ptr++=0;
 3290              		.loc 1 566 6 view .LVU1091
 3291              	.LBE94:
 3292              	.LBE93:
 3293              	.LBB96:
 3294              	.LBB97:
 565:Core/Src/device/cjson.c **** 		if (fmt) {*ptr++='\n';for (i=0;i<depth-1;i++) *ptr++='\t';}
 3295              		.loc 1 565 15 view .LVU1092
 3296 016a 631C     		adds	r3, r4, #1
 3297              	.LVL400:
 3298              	.L393:
 567:Core/Src/device/cjson.c **** 		return out;
 3299              		.loc 1 567 3 is_stmt 1 view .LVU1093
 567:Core/Src/device/cjson.c **** 		return out;
 3300              		.loc 1 567 9 is_stmt 0 view .LVU1094
 3301 016c 7D22     		movs	r2, #125
 3302 016e 1A70     		strb	r2, [r3]
 567:Core/Src/device/cjson.c **** 		return out;
 3303              		.loc 1 567 14 is_stmt 1 view .LVU1095
 3304              	.LVL401:
 567:Core/Src/device/cjson.c **** 		return out;
 3305              		.loc 1 567 20 is_stmt 0 view .LVU1096
 3306 0170 0022     		movs	r2, #0
 3307 0172 5A70     		strb	r2, [r3, #1]
 568:Core/Src/device/cjson.c **** 	}
 3308              		.loc 1 568 3 is_stmt 1 view .LVU1097
 568:Core/Src/device/cjson.c **** 	}
 3309              		.loc 1 568 10 is_stmt 0 view .LVU1098
 3310 0174 64E7     		b	.L313
 3311              	.LVL402:
 3312              	.L342:
 568:Core/Src/device/cjson.c **** 	}
 3313              		.loc 1 568 10 view .LVU1099
 3314              	.LBE97:
 3315              	.LBE96:
 3316              	.LBB101:
 3317              	.LBB95:
 558:Core/Src/device/cjson.c **** 	/* Explicitly handle empty object case */
 3318              		.loc 1 558 16 is_stmt 1 discriminator 2 view .LVU1100
 558:Core/Src/device/cjson.c **** 	/* Explicitly handle empty object case */
 3319              		.loc 1 558 34 is_stmt 0 discriminator 2 view .LVU1101
 3320 0176 1268     		ldr	r2, [r2]
 3321              	.LVL403:
ARM GAS  C:\Users\airforce\AppData\Local\Temp\ccf0vFDc.s 			page 88


 558:Core/Src/device/cjson.c **** 	/* Explicitly handle empty object case */
 3322              		.loc 1 558 26 discriminator 2 view .LVU1102
 3323 0178 0133     		adds	r3, r3, #1
 3324              	.LVL404:
 558:Core/Src/device/cjson.c **** 	/* Explicitly handle empty object case */
 3325              		.loc 1 558 26 discriminator 2 view .LVU1103
 3326 017a E3E7     		b	.L341
 3327              	.LVL405:
 3328              	.L419:
 562:Core/Src/device/cjson.c **** 		else	out=(char*)cJSON_malloc(fmt?depth+4:3);
 3329              		.loc 1 562 14 discriminator 3 view .LVU1104
 3330 017c 0321     		movs	r1, #3
 3331              	.LVL406:
 562:Core/Src/device/cjson.c **** 		else	out=(char*)cJSON_malloc(fmt?depth+4:3);
 3332              		.loc 1 562 14 discriminator 3 view .LVU1105
 3333 017e E8E7     		b	.L344
 3334              	.LVL407:
 3335              	.L345:
 566:Core/Src/device/cjson.c **** 		*ptr++='}';*ptr++=0;
 3336              		.loc 1 566 13 is_stmt 1 discriminator 1 view .LVU1106
 566:Core/Src/device/cjson.c **** 		*ptr++='}';*ptr++=0;
 3337              		.loc 1 566 19 is_stmt 0 discriminator 1 view .LVU1107
 3338 0180 0A22     		movs	r2, #10
 566:Core/Src/device/cjson.c **** 		*ptr++='}';*ptr++=0;
 3339              		.loc 1 566 35 discriminator 2 view .LVU1108
 3340 0182 6FF00105 		mvn	r5, #1
 3341              	.LVL408:
 566:Core/Src/device/cjson.c **** 		*ptr++='}';*ptr++=0;
 3342              		.loc 1 566 17 discriminator 1 view .LVU1109
 3343 0186 831C     		adds	r3, r0, #2
 3344              	.LVL409:
 566:Core/Src/device/cjson.c **** 		*ptr++='}';*ptr++=0;
 3345              		.loc 1 566 17 discriminator 1 view .LVU1110
 3346 0188 1946     		mov	r1, r3
 566:Core/Src/device/cjson.c **** 		*ptr++='}';*ptr++=0;
 3347              		.loc 1 566 55 discriminator 4 view .LVU1111
 3348 018a 0926     		movs	r6, #9
 566:Core/Src/device/cjson.c **** 		*ptr++='}';*ptr++=0;
 3349              		.loc 1 566 19 discriminator 1 view .LVU1112
 3350 018c 4270     		strb	r2, [r0, #1]
 566:Core/Src/device/cjson.c **** 		*ptr++='}';*ptr++=0;
 3351              		.loc 1 566 25 is_stmt 1 view .LVU1113
 566:Core/Src/device/cjson.c **** 		*ptr++='}';*ptr++=0;
 3352              		.loc 1 566 35 is_stmt 0 discriminator 2 view .LVU1114
 3353 018e 2D1A     		subs	r5, r5, r0
 566:Core/Src/device/cjson.c **** 		*ptr++='}';*ptr++=0;
 3354              		.loc 1 566 41 discriminator 2 view .LVU1115
 3355 0190 0AF1FF32 		add	r2, r10, #-1
 3356              	.LVL410:
 3357              	.L347:
 566:Core/Src/device/cjson.c **** 		*ptr++='}';*ptr++=0;
 3358              		.loc 1 566 35 is_stmt 1 discriminator 2 view .LVU1116
 3359 0194 4819     		adds	r0, r1, r5
 3360 0196 8242     		cmp	r2, r0
 3361 0198 05DC     		bgt	.L348
 3362              	.LVL411:
 3363              	.L525:
ARM GAS  C:\Users\airforce\AppData\Local\Temp\ccf0vFDc.s 			page 89


 566:Core/Src/device/cjson.c **** 		*ptr++='}';*ptr++=0;
 3364              		.loc 1 566 35 is_stmt 0 discriminator 2 view .LVU1117
 3365 019a BAF1000F 		cmp	r10, #0
 3366 019e D8BF     		it	le
 3367 01a0 0022     		movle	r2, #0
 3368 01a2 1344     		add	r3, r3, r2
 3369 01a4 E2E7     		b	.L393
 3370              	.LVL412:
 3371              	.L348:
 566:Core/Src/device/cjson.c **** 		*ptr++='}';*ptr++=0;
 3372              		.loc 1 566 49 is_stmt 1 discriminator 4 view .LVU1118
 566:Core/Src/device/cjson.c **** 		*ptr++='}';*ptr++=0;
 3373              		.loc 1 566 55 is_stmt 0 discriminator 4 view .LVU1119
 3374 01a6 01F8016B 		strb	r6, [r1], #1
 3375              	.LVL413:
 566:Core/Src/device/cjson.c **** 		*ptr++='}';*ptr++=0;
 3376              		.loc 1 566 45 is_stmt 1 discriminator 4 view .LVU1120
 3377 01aa F3E7     		b	.L347
 3378              	.LVL414:
 3379              	.L343:
 570:Core/Src/device/cjson.c **** 	{
 3380              		.loc 1 570 2 view .LVU1121
 573:Core/Src/device/cjson.c **** 		len=fmt?2:1;	ptr=ensure(p,len+1);	if (!ptr) return 0;
 3381              		.loc 1 573 3 view .LVU1122
 574:Core/Src/device/cjson.c **** 		*ptr++='{';	if (fmt) *ptr++='\n';	*ptr=0;	p->offset+=len;
 3382              		.loc 1 574 12 is_stmt 0 discriminator 1 view .LVU1123
 3383 01ac BBF1000F 		cmp	fp, #0
 3384 01b0 0CBF     		ite	eq
 3385 01b2 0126     		moveq	r6, #1
 3386 01b4 0226     		movne	r6, #2
 574:Core/Src/device/cjson.c **** 		*ptr++='{';	if (fmt) *ptr++='\n';	*ptr=0;	p->offset+=len;
 3387              		.loc 1 574 20 discriminator 4 view .LVU1124
 3388 01b6 2846     		mov	r0, r5
 3389              	.LVL415:
 574:Core/Src/device/cjson.c **** 		*ptr++='{';	if (fmt) *ptr++='\n';	*ptr=0;	p->offset+=len;
 3390              		.loc 1 574 20 discriminator 4 view .LVU1125
 3391 01b8 711C     		adds	r1, r6, #1
 3392              	.LVL416:
 573:Core/Src/device/cjson.c **** 		len=fmt?2:1;	ptr=ensure(p,len+1);	if (!ptr) return 0;
 3393              		.loc 1 573 4 view .LVU1126
 3394 01ba D5F80880 		ldr	r8, [r5, #8]
 3395              	.LVL417:
 574:Core/Src/device/cjson.c **** 		*ptr++='{';	if (fmt) *ptr++='\n';	*ptr=0;	p->offset+=len;
 3396              		.loc 1 574 3 is_stmt 1 view .LVU1127
 574:Core/Src/device/cjson.c **** 		*ptr++='{';	if (fmt) *ptr++='\n';	*ptr=0;	p->offset+=len;
 3397              		.loc 1 574 16 view .LVU1128
 574:Core/Src/device/cjson.c **** 		*ptr++='{';	if (fmt) *ptr++='\n';	*ptr=0;	p->offset+=len;
 3398              		.loc 1 574 20 is_stmt 0 discriminator 4 view .LVU1129
 3399 01be FFF7FEFF 		bl	ensure
 3400              	.LVL418:
 574:Core/Src/device/cjson.c **** 		*ptr++='{';	if (fmt) *ptr++='\n';	*ptr=0;	p->offset+=len;
 3401              		.loc 1 574 37 is_stmt 1 discriminator 1 view .LVU1130
 574:Core/Src/device/cjson.c **** 		*ptr++='{';	if (fmt) *ptr++='\n';	*ptr=0;	p->offset+=len;
 3402              		.loc 1 574 40 is_stmt 0 discriminator 1 view .LVU1131
 3403 01c2 0028     		cmp	r0, #0
 3404 01c4 00F0ED80 		beq	.L315
 575:Core/Src/device/cjson.c **** 		child=item->child;depth++;
ARM GAS  C:\Users\airforce\AppData\Local\Temp\ccf0vFDc.s 			page 90


 3405              		.loc 1 575 3 is_stmt 1 view .LVU1132
 3406              	.LVL419:
 575:Core/Src/device/cjson.c **** 		child=item->child;depth++;
 3407              		.loc 1 575 9 is_stmt 0 view .LVU1133
 3408 01c8 7B23     		movs	r3, #123
 3409 01ca 0370     		strb	r3, [r0]
 575:Core/Src/device/cjson.c **** 		child=item->child;depth++;
 3410              		.loc 1 575 15 is_stmt 1 view .LVU1134
 575:Core/Src/device/cjson.c **** 		child=item->child;depth++;
 3411              		.loc 1 575 18 is_stmt 0 view .LVU1135
 3412 01cc BBF1000F 		cmp	fp, #0
 3413 01d0 25D1     		bne	.L350
 575:Core/Src/device/cjson.c **** 		child=item->child;depth++;
 3414              		.loc 1 575 7 view .LVU1136
 3415 01d2 431C     		adds	r3, r0, #1
 3416              	.LVL420:
 3417              	.L351:
 575:Core/Src/device/cjson.c **** 		child=item->child;depth++;
 3418              		.loc 1 575 37 is_stmt 1 discriminator 3 view .LVU1137
 575:Core/Src/device/cjson.c **** 		child=item->child;depth++;
 3419              		.loc 1 575 41 is_stmt 0 discriminator 3 view .LVU1138
 3420 01d4 0022     		movs	r2, #0
 3421 01d6 1A70     		strb	r2, [r3]
 575:Core/Src/device/cjson.c **** 		child=item->child;depth++;
 3422              		.loc 1 575 45 is_stmt 1 view .LVU1139
 575:Core/Src/device/cjson.c **** 		child=item->child;depth++;
 3423              		.loc 1 575 54 is_stmt 0 discriminator 3 view .LVU1140
 3424 01d8 AB68     		ldr	r3, [r5, #8]
 3425              	.LVL421:
 582:Core/Src/device/cjson.c **** 				p->offset+=depth;
 3426              		.loc 1 582 33 discriminator 3 view .LVU1141
 3427 01da 4FF00909 		mov	r9, #9
 575:Core/Src/device/cjson.c **** 		child=item->child;depth++;
 3428              		.loc 1 575 54 discriminator 3 view .LVU1142
 3429 01de 3344     		add	r3, r3, r6
 3430 01e0 AB60     		str	r3, [r5, #8]
 576:Core/Src/device/cjson.c **** 		while (child)
 3431              		.loc 1 576 3 is_stmt 1 view .LVU1143
 596:Core/Src/device/cjson.c **** 			ptr=ensure(p,len+1); if (!ptr) return 0;
 3432              		.loc 1 596 14 is_stmt 0 view .LVU1144
 3433 01e2 BBEB0203 		subs	r3, fp, r2
 3434 01e6 18BF     		it	ne
 3435 01e8 0123     		movne	r3, #1
 576:Core/Src/device/cjson.c **** 		while (child)
 3436              		.loc 1 576 8 view .LVU1145
 3437 01ea BC68     		ldr	r4, [r7, #8]
 3438              	.LVL422:
 576:Core/Src/device/cjson.c **** 		while (child)
 3439              		.loc 1 576 21 is_stmt 1 view .LVU1146
 596:Core/Src/device/cjson.c **** 			ptr=ensure(p,len+1); if (!ptr) return 0;
 3440              		.loc 1 596 14 is_stmt 0 view .LVU1147
 3441 01ec 0093     		str	r3, [sp]
 576:Core/Src/device/cjson.c **** 		while (child)
 3442              		.loc 1 576 26 view .LVU1148
 3443 01ee 0AF10107 		add	r7, r10, #1
 3444              	.LVL423:
 577:Core/Src/device/cjson.c **** 		{
ARM GAS  C:\Users\airforce\AppData\Local\Temp\ccf0vFDc.s 			page 91


 3445              		.loc 1 577 3 is_stmt 1 view .LVU1149
 3446              	.L352:
 577:Core/Src/device/cjson.c **** 		{
 3447              		.loc 1 577 10 view .LVU1150
 3448 01f2 C4B9     		cbnz	r4, .L359
 603:Core/Src/device/cjson.c **** 		if (fmt)	for (i=0;i<depth-1;i++) *ptr++='\t';
 3449              		.loc 1 603 3 view .LVU1151
 603:Core/Src/device/cjson.c **** 		if (fmt)	for (i=0;i<depth-1;i++) *ptr++='\t';
 3450              		.loc 1 603 7 is_stmt 0 view .LVU1152
 3451 01f4 BBF1000F 		cmp	fp, #0
 3452 01f8 6CD0     		beq	.L421
 603:Core/Src/device/cjson.c **** 		if (fmt)	for (i=0;i<depth-1;i++) *ptr++='\t';
 3453              		.loc 1 603 7 discriminator 1 view .LVU1153
 3454 01fa 0AF10201 		add	r1, r10, #2
 3455              	.L360:
 603:Core/Src/device/cjson.c **** 		if (fmt)	for (i=0;i<depth-1;i++) *ptr++='\t';
 3456              		.loc 1 603 7 discriminator 4 view .LVU1154
 3457 01fe 2846     		mov	r0, r5
 3458 0200 FFF7FEFF 		bl	ensure
 3459              	.LVL424:
 603:Core/Src/device/cjson.c **** 		if (fmt)	for (i=0;i<depth-1;i++) *ptr++='\t';
 3460              		.loc 1 603 35 is_stmt 1 discriminator 1 view .LVU1155
 603:Core/Src/device/cjson.c **** 		if (fmt)	for (i=0;i<depth-1;i++) *ptr++='\t';
 3461              		.loc 1 603 38 is_stmt 0 discriminator 1 view .LVU1156
 3462 0204 0028     		cmp	r0, #0
 3463 0206 00F0CC80 		beq	.L315
 604:Core/Src/device/cjson.c **** 		*ptr++='}';*ptr=0;
 3464              		.loc 1 604 3 is_stmt 1 view .LVU1157
 604:Core/Src/device/cjson.c **** 		*ptr++='}';*ptr=0;
 3465              		.loc 1 604 6 is_stmt 0 view .LVU1158
 3466 020a BBF1000F 		cmp	fp, #0
 3467 020e 6CD1     		bne	.L422
 3468              	.LVL425:
 3469              	.L362:
 605:Core/Src/device/cjson.c **** 		out=(p->buffer)+i;
 3470              		.loc 1 605 3 is_stmt 1 view .LVU1159
 605:Core/Src/device/cjson.c **** 		out=(p->buffer)+i;
 3471              		.loc 1 605 9 is_stmt 0 view .LVU1160
 3472 0210 7D23     		movs	r3, #125
 3473 0212 0370     		strb	r3, [r0]
 605:Core/Src/device/cjson.c **** 		out=(p->buffer)+i;
 3474              		.loc 1 605 14 is_stmt 1 view .LVU1161
 605:Core/Src/device/cjson.c **** 		out=(p->buffer)+i;
 3475              		.loc 1 605 18 is_stmt 0 view .LVU1162
 3476 0214 0023     		movs	r3, #0
 3477 0216 4370     		strb	r3, [r0, #1]
 606:Core/Src/device/cjson.c **** 	}
 3478              		.loc 1 606 3 is_stmt 1 view .LVU1163
 606:Core/Src/device/cjson.c **** 	}
 3479              		.loc 1 606 6 is_stmt 0 view .LVU1164
 3480 0218 2C68     		ldr	r4, [r5]
 3481              	.LVL426:
 606:Core/Src/device/cjson.c **** 	}
 3482              		.loc 1 606 6 view .LVU1165
 3483 021a 4444     		add	r4, r4, r8
 3484              	.LVL427:
 606:Core/Src/device/cjson.c **** 	}
ARM GAS  C:\Users\airforce\AppData\Local\Temp\ccf0vFDc.s 			page 92


 3485              		.loc 1 606 6 view .LVU1166
 3486 021c 10E7     		b	.L313
 3487              	.LVL428:
 3488              	.L350:
 575:Core/Src/device/cjson.c **** 		child=item->child;depth++;
 3489              		.loc 1 575 24 is_stmt 1 discriminator 1 view .LVU1167
 575:Core/Src/device/cjson.c **** 		child=item->child;depth++;
 3490              		.loc 1 575 30 is_stmt 0 discriminator 1 view .LVU1168
 3491 021e 0A22     		movs	r2, #10
 575:Core/Src/device/cjson.c **** 		child=item->child;depth++;
 3492              		.loc 1 575 28 discriminator 1 view .LVU1169
 3493 0220 831C     		adds	r3, r0, #2
 3494              	.LVL429:
 575:Core/Src/device/cjson.c **** 		child=item->child;depth++;
 3495              		.loc 1 575 30 discriminator 1 view .LVU1170
 3496 0222 4270     		strb	r2, [r0, #1]
 3497 0224 D6E7     		b	.L351
 3498              	.LVL430:
 3499              	.L359:
 579:Core/Src/device/cjson.c **** 			{
 3500              		.loc 1 579 4 is_stmt 1 view .LVU1171
 579:Core/Src/device/cjson.c **** 			{
 3501              		.loc 1 579 7 is_stmt 0 view .LVU1172
 3502 0226 BBF1000F 		cmp	fp, #0
 3503 022a 0DD0     		beq	.L353
 581:Core/Src/device/cjson.c **** 				for (j=0;j<depth;j++) *ptr++='\t';
 3504              		.loc 1 581 5 is_stmt 1 view .LVU1173
 581:Core/Src/device/cjson.c **** 				for (j=0;j<depth;j++) *ptr++='\t';
 3505              		.loc 1 581 9 is_stmt 0 view .LVU1174
 3506 022c 3946     		mov	r1, r7
 3507 022e 2846     		mov	r0, r5
 3508 0230 FFF7FEFF 		bl	ensure
 3509              	.LVL431:
 581:Core/Src/device/cjson.c **** 				for (j=0;j<depth;j++) *ptr++='\t';
 3510              		.loc 1 581 26 is_stmt 1 discriminator 1 view .LVU1175
 581:Core/Src/device/cjson.c **** 				for (j=0;j<depth;j++) *ptr++='\t';
 3511              		.loc 1 581 29 is_stmt 0 discriminator 1 view .LVU1176
 3512 0234 0028     		cmp	r0, #0
 3513 0236 00F0B480 		beq	.L315
 581:Core/Src/device/cjson.c **** 				for (j=0;j<depth;j++) *ptr++='\t';
 3514              		.loc 1 581 9 view .LVU1177
 3515 023a 0346     		mov	r3, r0
 3516              	.LVL432:
 3517              	.L354:
 582:Core/Src/device/cjson.c **** 				p->offset+=depth;
 3518              		.loc 1 582 15 is_stmt 1 discriminator 1 view .LVU1178
 3519 023c 1A1A     		subs	r2, r3, r0
 3520              	.LVL433:
 582:Core/Src/device/cjson.c **** 				p->offset+=depth;
 3521              		.loc 1 582 15 is_stmt 0 discriminator 1 view .LVU1179
 3522 023e 9742     		cmp	r7, r2
 3523 0240 45DC     		bgt	.L355
 583:Core/Src/device/cjson.c **** 			}
 3524              		.loc 1 583 5 is_stmt 1 view .LVU1180
 583:Core/Src/device/cjson.c **** 			}
 3525              		.loc 1 583 14 is_stmt 0 view .LVU1181
 3526 0242 AB68     		ldr	r3, [r5, #8]
ARM GAS  C:\Users\airforce\AppData\Local\Temp\ccf0vFDc.s 			page 93


 3527              	.LVL434:
 583:Core/Src/device/cjson.c **** 			}
 3528              		.loc 1 583 14 view .LVU1182
 3529 0244 3B44     		add	r3, r3, r7
 3530 0246 AB60     		str	r3, [r5, #8]
 3531              	.LVL435:
 3532              	.L353:
 585:Core/Src/device/cjson.c **** 			p->offset=update(p);
 3533              		.loc 1 585 4 is_stmt 1 view .LVU1183
 3534 0248 2946     		mov	r1, r5
 3535 024a 206A     		ldr	r0, [r4, #32]
 3536 024c FFF7FEFF 		bl	print_string_ptr
 3537              	.LVL436:
 586:Core/Src/device/cjson.c **** 			
 3538              		.loc 1 586 4 view .LVU1184
 586:Core/Src/device/cjson.c **** 			
 3539              		.loc 1 586 14 is_stmt 0 view .LVU1185
 3540 0250 2846     		mov	r0, r5
 3541 0252 FFF7FEFF 		bl	update
 3542              	.LVL437:
 589:Core/Src/device/cjson.c **** 			*ptr++=':';if (fmt) *ptr++='\t';
 3543              		.loc 1 589 8 view .LVU1186
 3544 0256 3146     		mov	r1, r6
 586:Core/Src/device/cjson.c **** 			
 3545              		.loc 1 586 13 discriminator 1 view .LVU1187
 3546 0258 A860     		str	r0, [r5, #8]
 588:Core/Src/device/cjson.c **** 			ptr=ensure(p,len);	if (!ptr) return 0;
 3547              		.loc 1 588 4 is_stmt 1 view .LVU1188
 3548              	.LVL438:
 589:Core/Src/device/cjson.c **** 			*ptr++=':';if (fmt) *ptr++='\t';
 3549              		.loc 1 589 4 view .LVU1189
 589:Core/Src/device/cjson.c **** 			*ptr++=':';if (fmt) *ptr++='\t';
 3550              		.loc 1 589 8 is_stmt 0 view .LVU1190
 3551 025a 2846     		mov	r0, r5
 3552 025c FFF7FEFF 		bl	ensure
 3553              	.LVL439:
 589:Core/Src/device/cjson.c **** 			*ptr++=':';if (fmt) *ptr++='\t';
 3554              		.loc 1 589 23 is_stmt 1 discriminator 1 view .LVU1191
 589:Core/Src/device/cjson.c **** 			*ptr++=':';if (fmt) *ptr++='\t';
 3555              		.loc 1 589 26 is_stmt 0 discriminator 1 view .LVU1192
 3556 0260 0028     		cmp	r0, #0
 3557 0262 00F09E80 		beq	.L315
 590:Core/Src/device/cjson.c **** 			p->offset+=len;
 3558              		.loc 1 590 4 is_stmt 1 view .LVU1193
 3559              	.LVL440:
 590:Core/Src/device/cjson.c **** 			p->offset+=len;
 3560              		.loc 1 590 10 is_stmt 0 view .LVU1194
 3561 0266 4FF03A03 		mov	r3, #58
 3562 026a 0370     		strb	r3, [r0]
 590:Core/Src/device/cjson.c **** 			p->offset+=len;
 3563              		.loc 1 590 15 is_stmt 1 view .LVU1195
 590:Core/Src/device/cjson.c **** 			p->offset+=len;
 3564              		.loc 1 590 18 is_stmt 0 view .LVU1196
 3565 026c BBF1000F 		cmp	fp, #0
 3566 0270 01D0     		beq	.L356
 590:Core/Src/device/cjson.c **** 			p->offset+=len;
 3567              		.loc 1 590 24 is_stmt 1 discriminator 1 view .LVU1197
ARM GAS  C:\Users\airforce\AppData\Local\Temp\ccf0vFDc.s 			page 94


 3568              	.LVL441:
 590:Core/Src/device/cjson.c **** 			p->offset+=len;
 3569              		.loc 1 590 30 is_stmt 0 discriminator 1 view .LVU1198
 3570 0272 80F80190 		strb	r9, [r0, #1]
 3571              	.LVL442:
 3572              	.L356:
 591:Core/Src/device/cjson.c **** 			
 3573              		.loc 1 591 4 is_stmt 1 view .LVU1199
 591:Core/Src/device/cjson.c **** 			
 3574              		.loc 1 591 13 is_stmt 0 view .LVU1200
 3575 0276 AB68     		ldr	r3, [r5, #8]
 593:Core/Src/device/cjson.c **** 			p->offset=update(p);
 3576              		.loc 1 593 4 view .LVU1201
 3577 0278 5A46     		mov	r2, fp
 591:Core/Src/device/cjson.c **** 			
 3578              		.loc 1 591 13 view .LVU1202
 3579 027a 3344     		add	r3, r3, r6
 593:Core/Src/device/cjson.c **** 			p->offset=update(p);
 3580              		.loc 1 593 4 view .LVU1203
 3581 027c 3946     		mov	r1, r7
 591:Core/Src/device/cjson.c **** 			
 3582              		.loc 1 591 13 view .LVU1204
 3583 027e AB60     		str	r3, [r5, #8]
 593:Core/Src/device/cjson.c **** 			p->offset=update(p);
 3584              		.loc 1 593 4 is_stmt 1 view .LVU1205
 3585 0280 2046     		mov	r0, r4
 3586 0282 2B46     		mov	r3, r5
 3587 0284 FFF7BCFE 		bl	print_value
 3588              	.LVL443:
 594:Core/Src/device/cjson.c **** 
 3589              		.loc 1 594 4 view .LVU1206
 594:Core/Src/device/cjson.c **** 
 3590              		.loc 1 594 14 is_stmt 0 view .LVU1207
 3591 0288 2846     		mov	r0, r5
 3592 028a FFF7FEFF 		bl	update
 3593              	.LVL444:
 596:Core/Src/device/cjson.c **** 			ptr=ensure(p,len+1); if (!ptr) return 0;
 3594              		.loc 1 596 32 view .LVU1208
 3595 028e 2268     		ldr	r2, [r4]
 596:Core/Src/device/cjson.c **** 			ptr=ensure(p,len+1); if (!ptr) return 0;
 3596              		.loc 1 596 7 view .LVU1209
 3597 0290 009B     		ldr	r3, [sp]
 594:Core/Src/device/cjson.c **** 
 3598              		.loc 1 594 13 discriminator 1 view .LVU1210
 3599 0292 A860     		str	r0, [r5, #8]
 596:Core/Src/device/cjson.c **** 			ptr=ensure(p,len+1); if (!ptr) return 0;
 3600              		.loc 1 596 4 is_stmt 1 view .LVU1211
 596:Core/Src/device/cjson.c **** 			ptr=ensure(p,len+1); if (!ptr) return 0;
 3601              		.loc 1 596 7 is_stmt 0 view .LVU1212
 3602 0294 002A     		cmp	r2, #0
 3603 0296 18BF     		it	ne
 3604 0298 0133     		addne	r3, r3, #1
 3605              	.LVL445:
 597:Core/Src/device/cjson.c **** 			if (child->next) *ptr++=',';
 3606              		.loc 1 597 4 is_stmt 1 view .LVU1213
 597:Core/Src/device/cjson.c **** 			if (child->next) *ptr++=',';
 3607              		.loc 1 597 8 is_stmt 0 view .LVU1214
ARM GAS  C:\Users\airforce\AppData\Local\Temp\ccf0vFDc.s 			page 95


 3608 029a 2846     		mov	r0, r5
 3609 029c 591C     		adds	r1, r3, #1
 3610 029e 0193     		str	r3, [sp, #4]
 3611 02a0 FFF7FEFF 		bl	ensure
 3612              	.LVL446:
 597:Core/Src/device/cjson.c **** 			if (child->next) *ptr++=',';
 3613              		.loc 1 597 25 is_stmt 1 discriminator 1 view .LVU1215
 597:Core/Src/device/cjson.c **** 			if (child->next) *ptr++=',';
 3614              		.loc 1 597 28 is_stmt 0 discriminator 1 view .LVU1216
 3615 02a4 0028     		cmp	r0, #0
 3616 02a6 7CD0     		beq	.L315
 598:Core/Src/device/cjson.c **** 			if (fmt) *ptr++='\n';*ptr=0;
 3617              		.loc 1 598 4 is_stmt 1 view .LVU1217
 598:Core/Src/device/cjson.c **** 			if (fmt) *ptr++='\n';*ptr=0;
 3618              		.loc 1 598 7 is_stmt 0 view .LVU1218
 3619 02a8 2268     		ldr	r2, [r4]
 3620 02aa 019B     		ldr	r3, [sp, #4]
 3621 02ac 12B1     		cbz	r2, .L357
 598:Core/Src/device/cjson.c **** 			if (fmt) *ptr++='\n';*ptr=0;
 3622              		.loc 1 598 21 is_stmt 1 discriminator 1 view .LVU1219
 3623              	.LVL447:
 598:Core/Src/device/cjson.c **** 			if (fmt) *ptr++='\n';*ptr=0;
 3624              		.loc 1 598 27 is_stmt 0 discriminator 1 view .LVU1220
 3625 02ae 2C22     		movs	r2, #44
 3626 02b0 00F8012B 		strb	r2, [r0], #1
 3627              	.LVL448:
 3628              	.L357:
 599:Core/Src/device/cjson.c **** 			p->offset+=len;
 3629              		.loc 1 599 4 is_stmt 1 view .LVU1221
 599:Core/Src/device/cjson.c **** 			p->offset+=len;
 3630              		.loc 1 599 7 is_stmt 0 view .LVU1222
 3631 02b4 BBF1000F 		cmp	fp, #0
 3632 02b8 02D0     		beq	.L358
 599:Core/Src/device/cjson.c **** 			p->offset+=len;
 3633              		.loc 1 599 13 is_stmt 1 discriminator 1 view .LVU1223
 3634              	.LVL449:
 599:Core/Src/device/cjson.c **** 			p->offset+=len;
 3635              		.loc 1 599 19 is_stmt 0 discriminator 1 view .LVU1224
 3636 02ba 0A22     		movs	r2, #10
 3637 02bc 00F8012B 		strb	r2, [r0], #1
 3638              	.LVL450:
 3639              	.L358:
 599:Core/Src/device/cjson.c **** 			p->offset+=len;
 3640              		.loc 1 599 25 is_stmt 1 discriminator 3 view .LVU1225
 599:Core/Src/device/cjson.c **** 			p->offset+=len;
 3641              		.loc 1 599 29 is_stmt 0 discriminator 3 view .LVU1226
 3642 02c0 0022     		movs	r2, #0
 3643 02c2 0270     		strb	r2, [r0]
 600:Core/Src/device/cjson.c **** 			child=child->next;
 3644              		.loc 1 600 4 is_stmt 1 view .LVU1227
 600:Core/Src/device/cjson.c **** 			child=child->next;
 3645              		.loc 1 600 13 is_stmt 0 view .LVU1228
 3646 02c4 AA68     		ldr	r2, [r5, #8]
 601:Core/Src/device/cjson.c **** 		}
 3647              		.loc 1 601 9 view .LVU1229
 3648 02c6 2468     		ldr	r4, [r4]
 3649              	.LVL451:
ARM GAS  C:\Users\airforce\AppData\Local\Temp\ccf0vFDc.s 			page 96


 600:Core/Src/device/cjson.c **** 			child=child->next;
 3650              		.loc 1 600 13 view .LVU1230
 3651 02c8 1A44     		add	r2, r2, r3
 3652 02ca AA60     		str	r2, [r5, #8]
 601:Core/Src/device/cjson.c **** 		}
 3653              		.loc 1 601 4 is_stmt 1 view .LVU1231
 3654 02cc 91E7     		b	.L352
 3655              	.LVL452:
 3656              	.L355:
 582:Core/Src/device/cjson.c **** 				p->offset+=depth;
 3657              		.loc 1 582 27 discriminator 3 view .LVU1232
 582:Core/Src/device/cjson.c **** 				p->offset+=depth;
 3658              		.loc 1 582 33 is_stmt 0 discriminator 3 view .LVU1233
 3659 02ce 03F8019B 		strb	r9, [r3], #1
 3660              	.LVL453:
 582:Core/Src/device/cjson.c **** 				p->offset+=depth;
 3661              		.loc 1 582 23 is_stmt 1 discriminator 3 view .LVU1234
 3662 02d2 B3E7     		b	.L354
 3663              	.LVL454:
 3664              	.L421:
 603:Core/Src/device/cjson.c **** 		if (fmt)	for (i=0;i<depth-1;i++) *ptr++='\t';
 3665              		.loc 1 603 7 is_stmt 0 discriminator 2 view .LVU1235
 3666 02d4 0221     		movs	r1, #2
 3667 02d6 92E7     		b	.L360
 3668              	.LVL455:
 3669              	.L363:
 604:Core/Src/device/cjson.c **** 		*ptr++='}';*ptr=0;
 3670              		.loc 1 604 36 is_stmt 1 discriminator 4 view .LVU1236
 604:Core/Src/device/cjson.c **** 		*ptr++='}';*ptr=0;
 3671              		.loc 1 604 42 is_stmt 0 discriminator 4 view .LVU1237
 3672 02d8 03F8011B 		strb	r1, [r3], #1
 3673              	.LVL456:
 604:Core/Src/device/cjson.c **** 		*ptr++='}';*ptr=0;
 3674              		.loc 1 604 32 is_stmt 1 discriminator 4 view .LVU1238
 3675              	.L361:
 604:Core/Src/device/cjson.c **** 		*ptr++='}';*ptr=0;
 3676              		.loc 1 604 22 discriminator 2 view .LVU1239
 3677 02dc 1A1A     		subs	r2, r3, r0
 3678              	.LVL457:
 604:Core/Src/device/cjson.c **** 		*ptr++='}';*ptr=0;
 3679              		.loc 1 604 22 is_stmt 0 discriminator 2 view .LVU1240
 3680 02de 9245     		cmp	r10, r2
 3681 02e0 FADC     		bgt	.L363
 604:Core/Src/device/cjson.c **** 		*ptr++='}';*ptr=0;
 3682              		.loc 1 604 22 discriminator 2 view .LVU1241
 3683 02e2 2AEAEA78 		bic	r8, r10, r10, asr #31
 3684 02e6 4044     		add	r0, r0, r8
 3685 02e8 92E7     		b	.L362
 3686              	.LVL458:
 3687              	.L422:
 603:Core/Src/device/cjson.c **** 		if (fmt)	for (i=0;i<depth-1;i++) *ptr++='\t';
 3688              		.loc 1 603 7 discriminator 4 view .LVU1242
 3689 02ea 0346     		mov	r3, r0
 604:Core/Src/device/cjson.c **** 		*ptr++='}';*ptr=0;
 3690              		.loc 1 604 42 discriminator 4 view .LVU1243
 3691 02ec 0921     		movs	r1, #9
 3692 02ee F5E7     		b	.L361
ARM GAS  C:\Users\airforce\AppData\Local\Temp\ccf0vFDc.s 			page 97


 3693              	.LVL459:
 3694              	.L316:
 604:Core/Src/device/cjson.c **** 		*ptr++='}';*ptr=0;
 3695              		.loc 1 604 42 discriminator 4 view .LVU1244
 3696              	.LBE95:
 3697              	.LBE101:
 391:Core/Src/device/cjson.c **** 		{
 3698              		.loc 1 391 3 is_stmt 1 view .LVU1245
 3699 02f0 062C     		cmp	r4, #6
 3700 02f2 56D8     		bhi	.L315
 3701 02f4 DFE804F0 		tbb	[pc, r4]
 3702              	.LVL460:
 3703              	.L365:
 3704 02f8 12       		.byte	(.L371-.L365)/2
 3705 02f9 14       		.byte	(.L370-.L365)/2
 3706 02fa 04       		.byte	(.L369-.L365)/2
 3707 02fb 16       		.byte	(.L368-.L365)/2
 3708 02fc 18       		.byte	(.L367-.L365)/2
 3709 02fd 1A       		.byte	(.L366-.L365)/2
 3710 02fe B4       		.byte	(.L364-.L365)/2
 3711 02ff 00       		.p2align 1
 3712              	.L369:
 393:Core/Src/device/cjson.c **** 			case cJSON_False:	out=cJSON_strdup("false");break;
 3713              		.loc 1 393 21 view .LVU1246
 393:Core/Src/device/cjson.c **** 			case cJSON_False:	out=cJSON_strdup("false");break;
 3714              		.loc 1 393 25 is_stmt 0 view .LVU1247
 3715 0300 0248     		ldr	r0, .L527
 3716              	.LVL461:
 3717              	.L521:
 403:Core/Src/device/cjson.c **** 
 3718              		.loc 1 403 1 view .LVU1248
 3719 0302 09B0     		add	sp, sp, #36
 3720              	.LCFI26:
 3721              		.cfi_remember_state
 3722              		.cfi_def_cfa_offset 36
 3723              		@ sp needed
 3724 0304 BDE8F04F 		pop	{r4, r5, r6, r7, r8, r9, r10, fp, lr}
 3725              	.LCFI27:
 3726              		.cfi_restore 14
 3727              		.cfi_restore 11
 3728              		.cfi_restore 10
 3729              		.cfi_restore 9
 3730              		.cfi_restore 8
 3731              		.cfi_restore 7
 3732              		.cfi_restore 6
 3733              		.cfi_restore 5
 3734              		.cfi_restore 4
 3735              		.cfi_def_cfa_offset 0
 3736              	.LVL462:
 394:Core/Src/device/cjson.c **** 			case cJSON_True:	out=cJSON_strdup("true"); break;
 3737              		.loc 1 394 26 view .LVU1249
 3738 0308 FFF7FEBF 		b	cJSON_strdup
 3739              	.LVL463:
 3740              	.L528:
 394:Core/Src/device/cjson.c **** 			case cJSON_True:	out=cJSON_strdup("true"); break;
 3741              		.loc 1 394 26 view .LVU1250
 3742              		.align	2
ARM GAS  C:\Users\airforce\AppData\Local\Temp\ccf0vFDc.s 			page 98


 3743              	.L527:
 3744 030c 00000000 		.word	.LC0
 3745 0310 05000000 		.word	.LC1
 3746 0314 0B000000 		.word	.LC2
 3747 0318 00000000 		.word	.LC11
 3748              	.LVL464:
 3749              	.L371:
 3750              	.LCFI28:
 3751              		.cfi_restore_state
 394:Core/Src/device/cjson.c **** 			case cJSON_True:	out=cJSON_strdup("true"); break;
 3752              		.loc 1 394 22 is_stmt 1 view .LVU1251
 394:Core/Src/device/cjson.c **** 			case cJSON_True:	out=cJSON_strdup("true"); break;
 3753              		.loc 1 394 26 is_stmt 0 view .LVU1252
 3754 031c A648     		ldr	r0, .L529
 3755              	.LVL465:
 394:Core/Src/device/cjson.c **** 			case cJSON_True:	out=cJSON_strdup("true"); break;
 3756              		.loc 1 394 26 view .LVU1253
 3757 031e F0E7     		b	.L521
 3758              	.LVL466:
 3759              	.L370:
 395:Core/Src/device/cjson.c **** 			case cJSON_Number:	out=print_number(item,0);break;
 3760              		.loc 1 395 21 is_stmt 1 view .LVU1254
 395:Core/Src/device/cjson.c **** 			case cJSON_Number:	out=print_number(item,0);break;
 3761              		.loc 1 395 25 is_stmt 0 view .LVU1255
 3762 0320 A648     		ldr	r0, .L529+4
 3763              	.LVL467:
 395:Core/Src/device/cjson.c **** 			case cJSON_Number:	out=print_number(item,0);break;
 3764              		.loc 1 395 25 view .LVU1256
 3765 0322 EEE7     		b	.L521
 3766              	.LVL468:
 3767              	.L368:
 396:Core/Src/device/cjson.c **** 			case cJSON_String:	out=print_string(item,0);break;
 3768              		.loc 1 396 23 is_stmt 1 view .LVU1257
 396:Core/Src/device/cjson.c **** 			case cJSON_String:	out=print_string(item,0);break;
 3769              		.loc 1 396 27 is_stmt 0 view .LVU1258
 3770 0324 0021     		movs	r1, #0
 3771              	.LVL469:
 396:Core/Src/device/cjson.c **** 			case cJSON_String:	out=print_string(item,0);break;
 3772              		.loc 1 396 27 view .LVU1259
 3773 0326 A2E6     		b	.L519
 3774              	.LVL470:
 3775              	.L367:
 397:Core/Src/device/cjson.c **** 			case cJSON_Array:	out=print_array(item,depth,fmt,0);break;
 3776              		.loc 1 397 23 is_stmt 1 view .LVU1260
 3777              	.LBB102:
 3778              	.LBI79:
 309:Core/Src/device/cjson.c **** 
 3779              		.loc 1 309 14 view .LVU1261
 3780              	.LBB82:
 309:Core/Src/device/cjson.c **** 
 3781              		.loc 1 309 56 view .LVU1262
 309:Core/Src/device/cjson.c **** 
 3782              		.loc 1 309 63 is_stmt 0 view .LVU1263
 3783 0328 0021     		movs	r1, #0
 3784              	.LVL471:
 309:Core/Src/device/cjson.c **** 
 3785              		.loc 1 309 63 view .LVU1264
ARM GAS  C:\Users\airforce\AppData\Local\Temp\ccf0vFDc.s 			page 99


 3786 032a A7E6     		b	.L520
 3787              	.LVL472:
 3788              	.L366:
 309:Core/Src/device/cjson.c **** 
 3789              		.loc 1 309 63 view .LVU1265
 3790              	.LBE82:
 3791              	.LBE102:
 398:Core/Src/device/cjson.c **** 			case cJSON_Object:	out=print_object(item,depth,fmt,0);break;
 3792              		.loc 1 398 22 is_stmt 1 view .LVU1266
 3793              	.LBB103:
 3794              	.LBI87:
 434:Core/Src/device/cjson.c **** {
 3795              		.loc 1 434 14 view .LVU1267
 3796              	.LBB89:
 436:Core/Src/device/cjson.c **** 	char *out=0,*ptr,*ret;int len=5;
 3797              		.loc 1 436 2 view .LVU1268
 437:Core/Src/device/cjson.c **** 	cJSON *child=item->child;
 3798              		.loc 1 437 2 view .LVU1269
 437:Core/Src/device/cjson.c **** 	cJSON *child=item->child;
 3799              		.loc 1 437 24 view .LVU1270
 438:Core/Src/device/cjson.c **** 	int numentries=0,i=0,fail=0;
 3800              		.loc 1 438 2 view .LVU1271
 439:Core/Src/device/cjson.c **** 	size_t tmplen=0;
 3801              		.loc 1 439 6 is_stmt 0 view .LVU1272
 3802 032c 0026     		movs	r6, #0
 438:Core/Src/device/cjson.c **** 	int numentries=0,i=0,fail=0;
 3803              		.loc 1 438 9 view .LVU1273
 3804 032e 8168     		ldr	r1, [r0, #8]
 3805              	.LVL473:
 439:Core/Src/device/cjson.c **** 	size_t tmplen=0;
 3806              		.loc 1 439 2 is_stmt 1 view .LVU1274
 440:Core/Src/device/cjson.c **** 	
 3807              		.loc 1 440 2 view .LVU1275
 443:Core/Src/device/cjson.c **** 	/* Explicitly handle numentries==0 */
 3808              		.loc 1 443 2 view .LVU1276
 3809              	.L372:
 443:Core/Src/device/cjson.c **** 	/* Explicitly handle numentries==0 */
 3810              		.loc 1 443 9 discriminator 1 view .LVU1277
 3811 0330 29B9     		cbnz	r1, .L373
 445:Core/Src/device/cjson.c **** 	{
 3812              		.loc 1 445 2 view .LVU1278
 448:Core/Src/device/cjson.c **** 		if (out) strcpy(out,"[]");
 3813              		.loc 1 448 19 is_stmt 0 view .LVU1279
 3814 0332 A34B     		ldr	r3, .L529+8
 3815 0334 1A68     		ldr	r2, [r3]
 3816              	.LVL474:
 445:Core/Src/device/cjson.c **** 	{
 3817              		.loc 1 445 5 view .LVU1280
 3818 0336 2EB9     		cbnz	r6, .L374
 447:Core/Src/device/cjson.c **** 		else	out=(char*)cJSON_malloc(3);
 3819              		.loc 1 447 3 is_stmt 1 view .LVU1281
 448:Core/Src/device/cjson.c **** 		if (out) strcpy(out,"[]");
 3820              		.loc 1 448 8 view .LVU1282
 448:Core/Src/device/cjson.c **** 		if (out) strcpy(out,"[]");
 3821              		.loc 1 448 19 is_stmt 0 view .LVU1283
 3822 0338 0320     		movs	r0, #3
 3823              	.LVL475:
ARM GAS  C:\Users\airforce\AppData\Local\Temp\ccf0vFDc.s 			page 100


 448:Core/Src/device/cjson.c **** 		if (out) strcpy(out,"[]");
 3824              		.loc 1 448 19 view .LVU1284
 3825 033a 9047     		blx	r2
 3826              	.LVL476:
 448:Core/Src/device/cjson.c **** 		if (out) strcpy(out,"[]");
 3827              		.loc 1 448 19 view .LVU1285
 3828 033c ACE6     		b	.L524
 3829              	.LVL477:
 3830              	.L373:
 443:Core/Src/device/cjson.c **** 	/* Explicitly handle numentries==0 */
 3831              		.loc 1 443 16 is_stmt 1 discriminator 2 view .LVU1286
 443:Core/Src/device/cjson.c **** 	/* Explicitly handle numentries==0 */
 3832              		.loc 1 443 34 is_stmt 0 discriminator 2 view .LVU1287
 3833 033e 0968     		ldr	r1, [r1]
 3834              	.LVL478:
 443:Core/Src/device/cjson.c **** 	/* Explicitly handle numentries==0 */
 3835              		.loc 1 443 26 discriminator 2 view .LVU1288
 3836 0340 0136     		adds	r6, r6, #1
 3837              	.LVL479:
 443:Core/Src/device/cjson.c **** 	/* Explicitly handle numentries==0 */
 3838              		.loc 1 443 26 discriminator 2 view .LVU1289
 3839 0342 F5E7     		b	.L372
 3840              	.LVL480:
 3841              	.L374:
 472:Core/Src/device/cjson.c **** 		if (!entries) return 0;
 3842              		.loc 1 472 19 view .LVU1290
 3843 0344 4FEA8608 		lsl	r8, r6, #2
 3844 0348 4046     		mov	r0, r8
 3845              	.LVL481:
 472:Core/Src/device/cjson.c **** 		if (!entries) return 0;
 3846              		.loc 1 472 19 view .LVU1291
 3847 034a 0091     		str	r1, [sp]
 453:Core/Src/device/cjson.c **** 	{
 3848              		.loc 1 453 2 is_stmt 1 view .LVU1292
 472:Core/Src/device/cjson.c **** 		if (!entries) return 0;
 3849              		.loc 1 472 3 view .LVU1293
 472:Core/Src/device/cjson.c **** 		if (!entries) return 0;
 3850              		.loc 1 472 19 is_stmt 0 view .LVU1294
 3851 034c 9047     		blx	r2
 3852              	.LVL482:
 473:Core/Src/device/cjson.c **** 		memset(entries,0,numentries*sizeof(char*));
 3853              		.loc 1 473 3 is_stmt 1 view .LVU1295
 473:Core/Src/device/cjson.c **** 		memset(entries,0,numentries*sizeof(char*));
 3854              		.loc 1 473 6 is_stmt 0 view .LVU1296
 3855 034e 0546     		mov	r5, r0
 3856              	.LVL483:
 473:Core/Src/device/cjson.c **** 		memset(entries,0,numentries*sizeof(char*));
 3857              		.loc 1 473 6 view .LVU1297
 3858 0350 38B3     		cbz	r0, .L315
 474:Core/Src/device/cjson.c **** 		/* Retrieve all the results: */
 3859              		.loc 1 474 3 is_stmt 1 view .LVU1298
 3860 0352 0099     		ldr	r1, [sp]
 3861 0354 4246     		mov	r2, r8
 3862 0356 0291     		str	r1, [sp, #8]
 3863 0358 FFF7FEFF 		bl	memset
 3864              	.LVL484:
 476:Core/Src/device/cjson.c **** 		while (child && !fail)
ARM GAS  C:\Users\airforce\AppData\Local\Temp\ccf0vFDc.s 			page 101


 3865              		.loc 1 476 3 view .LVU1299
 481:Core/Src/device/cjson.c **** 			child=child->next;
 3866              		.loc 1 481 38 is_stmt 0 discriminator 1 view .LVU1300
 3867 035c BBF10009 		subs	r9, fp, #0
 3868 0360 18BF     		it	ne
 3869 0362 4FF00109 		movne	r9, #1
 439:Core/Src/device/cjson.c **** 	size_t tmplen=0;
 3870              		.loc 1 439 23 view .LVU1301
 3871 0366 0299     		ldr	r1, [sp, #8]
 3872 0368 09F10203 		add	r3, r9, #2
 3873 036c 0193     		str	r3, [sp, #4]
 3874 036e 2B1F     		subs	r3, r5, #4
 476:Core/Src/device/cjson.c **** 		while (child && !fail)
 3875              		.loc 1 476 8 view .LVU1302
 3876 0370 D7F80880 		ldr	r8, [r7, #8]
 3877              	.LVL485:
 477:Core/Src/device/cjson.c **** 		{
 3878              		.loc 1 477 3 is_stmt 1 view .LVU1303
 477:Core/Src/device/cjson.c **** 		{
 3879              		.loc 1 477 9 is_stmt 0 view .LVU1304
 3880 0374 9946     		mov	r9, r3
 439:Core/Src/device/cjson.c **** 	size_t tmplen=0;
 3881              		.loc 1 439 23 view .LVU1305
 3882 0376 0F46     		mov	r7, r1
 3883              	.LVL486:
 439:Core/Src/device/cjson.c **** 	size_t tmplen=0;
 3884              		.loc 1 439 23 view .LVU1306
 3885 0378 0093     		str	r3, [sp]
 479:Core/Src/device/cjson.c **** 			entries[i++]=ret;
 3886              		.loc 1 479 8 view .LVU1307
 3887 037a 0AF1010A 		add	r10, r10, #1
 3888              	.LVL487:
 3889              	.L376:
 477:Core/Src/device/cjson.c **** 		{
 3890              		.loc 1 477 16 is_stmt 1 view .LVU1308
 3891 037e B8F1000F 		cmp	r8, #0
 3892 0382 23D0     		beq	.L378
 477:Core/Src/device/cjson.c **** 		{
 3893              		.loc 1 477 16 is_stmt 0 discriminator 1 view .LVU1309
 3894 0384 7FB1     		cbz	r7, .L379
 3895              	.LVL488:
 3896              	.L380:
 493:Core/Src/device/cjson.c **** 			cJSON_free(entries);
 3897              		.loc 1 493 14 is_stmt 1 discriminator 5 view .LVU1310
 439:Core/Src/device/cjson.c **** 	size_t tmplen=0;
 3898              		.loc 1 439 23 is_stmt 0 view .LVU1311
 3899 0386 0024     		movs	r4, #0
 493:Core/Src/device/cjson.c **** 			cJSON_free(entries);
 3900              		.loc 1 493 47 discriminator 2 view .LVU1312
 3901 0388 8E4F     		ldr	r7, .L529+12
 3902              	.LVL489:
 3903              	.L383:
 493:Core/Src/device/cjson.c **** 			cJSON_free(entries);
 3904              		.loc 1 493 31 is_stmt 1 discriminator 6 view .LVU1313
 493:Core/Src/device/cjson.c **** 			cJSON_free(entries);
 3905              		.loc 1 493 42 is_stmt 0 discriminator 6 view .LVU1314
 3906 038a 55F82400 		ldr	r0, [r5, r4, lsl #2]
ARM GAS  C:\Users\airforce\AppData\Local\Temp\ccf0vFDc.s 			page 102


 493:Core/Src/device/cjson.c **** 			cJSON_free(entries);
 3907              		.loc 1 493 34 discriminator 6 view .LVU1315
 3908 038e 08B1     		cbz	r0, .L382
 493:Core/Src/device/cjson.c **** 			cJSON_free(entries);
 3909              		.loc 1 493 47 is_stmt 1 discriminator 2 view .LVU1316
 3910 0390 3B68     		ldr	r3, [r7]
 3911 0392 9847     		blx	r3
 3912              	.LVL490:
 3913              	.L382:
 493:Core/Src/device/cjson.c **** 			cJSON_free(entries);
 3914              		.loc 1 493 27 discriminator 4 view .LVU1317
 3915 0394 0134     		adds	r4, r4, #1
 3916              	.LVL491:
 493:Core/Src/device/cjson.c **** 			cJSON_free(entries);
 3917              		.loc 1 493 14 discriminator 5 view .LVU1318
 3918 0396 A642     		cmp	r6, r4
 3919 0398 F7D1     		bne	.L383
 3920              	.LVL492:
 3921              	.L517:
 493:Core/Src/device/cjson.c **** 			cJSON_free(entries);
 3922              		.loc 1 493 14 is_stmt 0 discriminator 5 view .LVU1319
 3923              	.LBE89:
 3924              	.LBE103:
 3925              	.LBB104:
 3926              	.LBB98:
 614:Core/Src/device/cjson.c **** 		memset(entries,0,sizeof(char*)*numentries);
 3927              		.loc 1 614 16 is_stmt 1 discriminator 1 view .LVU1320
 3928 039a 8A4B     		ldr	r3, .L529+12
 3929 039c 1B68     		ldr	r3, [r3]
 3930              	.L516:
 636:Core/Src/device/cjson.c **** 			return 0;
 3931              		.loc 1 636 22 is_stmt 0 discriminator 1 view .LVU1321
 3932 039e 2846     		mov	r0, r5
 3933 03a0 9847     		blx	r3
 3934              	.LVL493:
 637:Core/Src/device/cjson.c **** 		}
 3935              		.loc 1 637 4 is_stmt 1 view .LVU1322
 3936              	.L315:
 3937              	.LBE98:
 3938              	.LBE104:
 375:Core/Src/device/cjson.c **** 	if (p)
 3939              		.loc 1 375 20 is_stmt 0 discriminator 1 view .LVU1323
 3940 03a2 0024     		movs	r4, #0
 3941 03a4 4CE6     		b	.L313
 3942              	.LVL494:
 3943              	.L379:
 3944              	.LBB105:
 3945              	.LBB90:
 479:Core/Src/device/cjson.c **** 			entries[i++]=ret;
 3946              		.loc 1 479 4 is_stmt 1 view .LVU1324
 479:Core/Src/device/cjson.c **** 			entries[i++]=ret;
 3947              		.loc 1 479 8 is_stmt 0 view .LVU1325
 3948 03a6 3B46     		mov	r3, r7
 3949 03a8 5A46     		mov	r2, fp
 3950 03aa 5146     		mov	r1, r10
 3951 03ac 4046     		mov	r0, r8
 3952 03ae FFF727FE 		bl	print_value
ARM GAS  C:\Users\airforce\AppData\Local\Temp\ccf0vFDc.s 			page 103


 3953              	.LVL495:
 480:Core/Src/device/cjson.c **** 			if (ret) len+=strlen(ret)+2+(fmt?1:0); else fail=1;
 3954              		.loc 1 480 4 is_stmt 1 view .LVU1326
 480:Core/Src/device/cjson.c **** 			if (ret) len+=strlen(ret)+2+(fmt?1:0); else fail=1;
 3955              		.loc 1 480 16 is_stmt 0 view .LVU1327
 3956 03b2 49F8040F 		str	r0, [r9, #4]!
 481:Core/Src/device/cjson.c **** 			child=child->next;
 3957              		.loc 1 481 4 is_stmt 1 view .LVU1328
 481:Core/Src/device/cjson.c **** 			child=child->next;
 3958              		.loc 1 481 7 is_stmt 0 view .LVU1329
 3959 03b6 38B1     		cbz	r0, .L423
 481:Core/Src/device/cjson.c **** 			child=child->next;
 3960              		.loc 1 481 13 is_stmt 1 discriminator 1 view .LVU1330
 481:Core/Src/device/cjson.c **** 			child=child->next;
 3961              		.loc 1 481 18 is_stmt 0 discriminator 1 view .LVU1331
 3962 03b8 FFF7FEFF 		bl	strlen
 3963              	.LVL496:
 481:Core/Src/device/cjson.c **** 			child=child->next;
 3964              		.loc 1 481 16 discriminator 6 view .LVU1332
 3965 03bc 019B     		ldr	r3, [sp, #4]
 3966 03be 1C44     		add	r4, r4, r3
 3967              	.LVL497:
 481:Core/Src/device/cjson.c **** 			child=child->next;
 3968              		.loc 1 481 16 discriminator 6 view .LVU1333
 3969 03c0 0444     		add	r4, r4, r0
 3970              	.LVL498:
 3971              	.L377:
 482:Core/Src/device/cjson.c **** 		}
 3972              		.loc 1 482 4 is_stmt 1 view .LVU1334
 482:Core/Src/device/cjson.c **** 		}
 3973              		.loc 1 482 9 is_stmt 0 view .LVU1335
 3974 03c2 D8F80080 		ldr	r8, [r8]
 3975              	.LVL499:
 482:Core/Src/device/cjson.c **** 		}
 3976              		.loc 1 482 9 view .LVU1336
 3977 03c6 DAE7     		b	.L376
 3978              	.LVL500:
 3979              	.L423:
 481:Core/Src/device/cjson.c **** 			child=child->next;
 3980              		.loc 1 481 52 discriminator 2 view .LVU1337
 3981 03c8 0127     		movs	r7, #1
 3982              	.LVL501:
 481:Core/Src/device/cjson.c **** 			child=child->next;
 3983              		.loc 1 481 52 discriminator 2 view .LVU1338
 3984 03ca FAE7     		b	.L377
 3985              	.LVL502:
 3986              	.L378:
 486:Core/Src/device/cjson.c **** 		/* If that fails, we fail. */
 3987              		.loc 1 486 3 is_stmt 1 view .LVU1339
 486:Core/Src/device/cjson.c **** 		/* If that fails, we fail. */
 3988              		.loc 1 486 6 is_stmt 0 view .LVU1340
 3989 03cc 002F     		cmp	r7, #0
 3990 03ce DAD1     		bne	.L380
 486:Core/Src/device/cjson.c **** 		/* If that fails, we fail. */
 3991              		.loc 1 486 14 is_stmt 1 discriminator 1 view .LVU1341
 486:Core/Src/device/cjson.c **** 		/* If that fails, we fail. */
 3992              		.loc 1 486 25 is_stmt 0 discriminator 1 view .LVU1342
ARM GAS  C:\Users\airforce\AppData\Local\Temp\ccf0vFDc.s 			page 104


 3993 03d0 7B4B     		ldr	r3, .L529+8
 3994 03d2 2046     		mov	r0, r4
 3995 03d4 1A68     		ldr	r2, [r3]
 3996 03d6 9047     		blx	r2
 3997              	.LVL503:
 488:Core/Src/device/cjson.c **** 
 3998              		.loc 1 488 3 is_stmt 1 view .LVU1343
 488:Core/Src/device/cjson.c **** 
 3999              		.loc 1 488 6 is_stmt 0 view .LVU1344
 4000 03d8 0446     		mov	r4, r0
 4001              	.LVL504:
 488:Core/Src/device/cjson.c **** 
 4002              		.loc 1 488 6 view .LVU1345
 4003 03da 0028     		cmp	r0, #0
 4004 03dc D3D0     		beq	.L380
 4005              	.LVL505:
 491:Core/Src/device/cjson.c **** 		{
 4006              		.loc 1 491 3 is_stmt 1 view .LVU1346
 499:Core/Src/device/cjson.c **** 		ptr=out+1;*ptr=0;
 4007              		.loc 1 499 3 view .LVU1347
 499:Core/Src/device/cjson.c **** 		ptr=out+1;*ptr=0;
 4008              		.loc 1 499 7 is_stmt 0 view .LVU1348
 4009 03de 8046     		mov	r8, r0
 4010              	.LVL506:
 499:Core/Src/device/cjson.c **** 		ptr=out+1;*ptr=0;
 4011              		.loc 1 499 7 view .LVU1349
 4012 03e0 5B22     		movs	r2, #91
 504:Core/Src/device/cjson.c **** 			cJSON_free(entries[i]);
 4013              		.loc 1 504 32 discriminator 1 view .LVU1350
 4014 03e2 4FF02C0A 		mov	r10, #44
 4015              	.LVL507:
 504:Core/Src/device/cjson.c **** 			cJSON_free(entries[i]);
 4016              		.loc 1 504 21 view .LVU1351
 4017 03e6 731E     		subs	r3, r6, #1
 505:Core/Src/device/cjson.c **** 		}
 4018              		.loc 1 505 4 view .LVU1352
 4019 03e8 DFF8D891 		ldr	r9, .L529+12
 499:Core/Src/device/cjson.c **** 		ptr=out+1;*ptr=0;
 4020              		.loc 1 499 7 view .LVU1353
 4021 03ec 08F8012B 		strb	r2, [r8], #1
 500:Core/Src/device/cjson.c **** 		for (i=0;i<numentries;i++)
 4022              		.loc 1 500 3 is_stmt 1 view .LVU1354
 4023              	.LVL508:
 500:Core/Src/device/cjson.c **** 		for (i=0;i<numentries;i++)
 4024              		.loc 1 500 13 view .LVU1355
 504:Core/Src/device/cjson.c **** 			cJSON_free(entries[i]);
 4025              		.loc 1 504 21 is_stmt 0 view .LVU1356
 4026 03f0 0193     		str	r3, [sp, #4]
 500:Core/Src/device/cjson.c **** 		for (i=0;i<numentries;i++)
 4027              		.loc 1 500 17 view .LVU1357
 4028 03f2 4770     		strb	r7, [r0, #1]
 501:Core/Src/device/cjson.c **** 		{
 4029              		.loc 1 501 3 is_stmt 1 view .LVU1358
 4030              	.LVL509:
 501:Core/Src/device/cjson.c **** 		{
 4031              		.loc 1 501 13 discriminator 1 view .LVU1359
 4032              	.L381:
ARM GAS  C:\Users\airforce\AppData\Local\Temp\ccf0vFDc.s 			page 105


 503:Core/Src/device/cjson.c **** 			if (i!=numentries-1) {*ptr++=',';if(fmt)*ptr++=' ';*ptr=0;}
 4033              		.loc 1 503 4 view .LVU1360
 503:Core/Src/device/cjson.c **** 			if (i!=numentries-1) {*ptr++=',';if(fmt)*ptr++=' ';*ptr=0;}
 4034              		.loc 1 503 11 is_stmt 0 view .LVU1361
 4035 03f4 009B     		ldr	r3, [sp]
 4036 03f6 53F8041F 		ldr	r1, [r3, #4]!
 4037 03fa 0846     		mov	r0, r1
 4038 03fc 0093     		str	r3, [sp]
 4039 03fe 0391     		str	r1, [sp, #12]
 4040 0400 FFF7FEFF 		bl	strlen
 4041              	.LVL510:
 503:Core/Src/device/cjson.c **** 			if (i!=numentries-1) {*ptr++=',';if(fmt)*ptr++=' ';*ptr=0;}
 4042              		.loc 1 503 30 discriminator 1 view .LVU1362
 4043 0404 0399     		ldr	r1, [sp, #12]
 503:Core/Src/device/cjson.c **** 			if (i!=numentries-1) {*ptr++=',';if(fmt)*ptr++=' ';*ptr=0;}
 4044              		.loc 1 503 11 view .LVU1363
 4045 0406 0246     		mov	r2, r0
 4046              	.LVL511:
 503:Core/Src/device/cjson.c **** 			if (i!=numentries-1) {*ptr++=',';if(fmt)*ptr++=' ';*ptr=0;}
 4047              		.loc 1 503 30 is_stmt 1 discriminator 1 view .LVU1364
 4048 0408 0290     		str	r0, [sp, #8]
 4049 040a 4046     		mov	r0, r8
 4050              	.LVL512:
 503:Core/Src/device/cjson.c **** 			if (i!=numentries-1) {*ptr++=',';if(fmt)*ptr++=' ';*ptr=0;}
 4051              		.loc 1 503 30 is_stmt 0 discriminator 1 view .LVU1365
 4052 040c FFF7FEFF 		bl	memcpy
 4053              	.LVL513:
 503:Core/Src/device/cjson.c **** 			if (i!=numentries-1) {*ptr++=',';if(fmt)*ptr++=' ';*ptr=0;}
 4054              		.loc 1 503 60 is_stmt 1 discriminator 2 view .LVU1366
 504:Core/Src/device/cjson.c **** 			cJSON_free(entries[i]);
 4055              		.loc 1 504 7 is_stmt 0 view .LVU1367
 4056 0410 019B     		ldr	r3, [sp, #4]
 503:Core/Src/device/cjson.c **** 			if (i!=numentries-1) {*ptr++=',';if(fmt)*ptr++=' ';*ptr=0;}
 4057              		.loc 1 503 63 discriminator 2 view .LVU1368
 4058 0412 029A     		ldr	r2, [sp, #8]
 504:Core/Src/device/cjson.c **** 			cJSON_free(entries[i]);
 4059              		.loc 1 504 7 view .LVU1369
 4060 0414 9F42     		cmp	r7, r3
 503:Core/Src/device/cjson.c **** 			if (i!=numentries-1) {*ptr++=',';if(fmt)*ptr++=' ';*ptr=0;}
 4061              		.loc 1 503 63 discriminator 2 view .LVU1370
 4062 0416 9044     		add	r8, r8, r2
 4063              	.LVL514:
 504:Core/Src/device/cjson.c **** 			cJSON_free(entries[i]);
 4064              		.loc 1 504 4 is_stmt 1 view .LVU1371
 504:Core/Src/device/cjson.c **** 			cJSON_free(entries[i]);
 4065              		.loc 1 504 7 is_stmt 0 view .LVU1372
 4066 0418 09D0     		beq	.L385
 504:Core/Src/device/cjson.c **** 			cJSON_free(entries[i]);
 4067              		.loc 1 504 26 is_stmt 1 discriminator 1 view .LVU1373
 4068              	.LVL515:
 504:Core/Src/device/cjson.c **** 			cJSON_free(entries[i]);
 4069              		.loc 1 504 32 is_stmt 0 discriminator 1 view .LVU1374
 4070 041a 88F800A0 		strb	r10, [r8]
 504:Core/Src/device/cjson.c **** 			cJSON_free(entries[i]);
 4071              		.loc 1 504 37 is_stmt 1 view .LVU1375
 504:Core/Src/device/cjson.c **** 			cJSON_free(entries[i]);
 4072              		.loc 1 504 39 is_stmt 0 discriminator 1 view .LVU1376
ARM GAS  C:\Users\airforce\AppData\Local\Temp\ccf0vFDc.s 			page 106


 4073 041e BBF1000F 		cmp	fp, #0
 4074 0422 17D1     		bne	.L386
 504:Core/Src/device/cjson.c **** 			cJSON_free(entries[i]);
 4075              		.loc 1 504 30 discriminator 1 view .LVU1377
 4076 0424 08F10108 		add	r8, r8, #1
 4077              	.LVL516:
 4078              	.L387:
 504:Core/Src/device/cjson.c **** 			cJSON_free(entries[i]);
 4079              		.loc 1 504 55 is_stmt 1 discriminator 4 view .LVU1378
 504:Core/Src/device/cjson.c **** 			cJSON_free(entries[i]);
 4080              		.loc 1 504 59 is_stmt 0 discriminator 4 view .LVU1379
 4081 0428 0022     		movs	r2, #0
 4082 042a 88F80020 		strb	r2, [r8]
 4083              	.L385:
 505:Core/Src/device/cjson.c **** 		}
 4084              		.loc 1 505 4 is_stmt 1 view .LVU1380
 4085 042e 009B     		ldr	r3, [sp]
 4086 0430 D9F80020 		ldr	r2, [r9]
 4087 0434 1868     		ldr	r0, [r3]
 501:Core/Src/device/cjson.c **** 		{
 4088              		.loc 1 501 26 is_stmt 0 discriminator 2 view .LVU1381
 4089 0436 0137     		adds	r7, r7, #1
 4090              	.LVL517:
 505:Core/Src/device/cjson.c **** 		}
 4091              		.loc 1 505 4 view .LVU1382
 4092 0438 9047     		blx	r2
 4093              	.LVL518:
 501:Core/Src/device/cjson.c **** 		{
 4094              		.loc 1 501 26 is_stmt 1 discriminator 2 view .LVU1383
 501:Core/Src/device/cjson.c **** 		{
 4095              		.loc 1 501 13 discriminator 1 view .LVU1384
 4096 043a BE42     		cmp	r6, r7
 4097 043c DAD1     		bne	.L381
 507:Core/Src/device/cjson.c **** 		*ptr++=']';*ptr++=0;
 4098              		.loc 1 507 3 view .LVU1385
 4099 043e D9F80030 		ldr	r3, [r9]
 4100 0442 2846     		mov	r0, r5
 4101 0444 9847     		blx	r3
 4102              	.LVL519:
 508:Core/Src/device/cjson.c **** 	}
 4103              		.loc 1 508 3 view .LVU1386
 508:Core/Src/device/cjson.c **** 	}
 4104              		.loc 1 508 9 is_stmt 0 view .LVU1387
 4105 0446 5D23     		movs	r3, #93
 4106 0448 88F80030 		strb	r3, [r8]
 508:Core/Src/device/cjson.c **** 	}
 4107              		.loc 1 508 14 is_stmt 1 view .LVU1388
 4108              	.LVL520:
 508:Core/Src/device/cjson.c **** 	}
 4109              		.loc 1 508 20 is_stmt 0 view .LVU1389
 4110 044c 0023     		movs	r3, #0
 4111 044e 88F80130 		strb	r3, [r8, #1]
 4112 0452 F5E5     		b	.L313
 4113              	.LVL521:
 4114              	.L386:
 504:Core/Src/device/cjson.c **** 			cJSON_free(entries[i]);
 4115              		.loc 1 504 44 is_stmt 1 discriminator 2 view .LVU1390
ARM GAS  C:\Users\airforce\AppData\Local\Temp\ccf0vFDc.s 			page 107


 504:Core/Src/device/cjson.c **** 			cJSON_free(entries[i]);
 4116              		.loc 1 504 50 is_stmt 0 discriminator 2 view .LVU1391
 4117 0454 2022     		movs	r2, #32
 504:Core/Src/device/cjson.c **** 			cJSON_free(entries[i]);
 4118              		.loc 1 504 48 discriminator 2 view .LVU1392
 4119 0456 08F10208 		add	r8, r8, #2
 4120              	.LVL522:
 504:Core/Src/device/cjson.c **** 			cJSON_free(entries[i]);
 4121              		.loc 1 504 50 discriminator 2 view .LVU1393
 4122 045a 08F8012C 		strb	r2, [r8, #-1]
 4123 045e E3E7     		b	.L387
 4124              	.LVL523:
 4125              	.L364:
 504:Core/Src/device/cjson.c **** 			cJSON_free(entries[i]);
 4126              		.loc 1 504 50 discriminator 2 view .LVU1394
 4127              	.LBE90:
 4128              	.LBE105:
 399:Core/Src/device/cjson.c **** 		}
 4129              		.loc 1 399 23 is_stmt 1 view .LVU1395
 4130              	.LBB106:
 4131              	.LBI96:
 550:Core/Src/device/cjson.c **** {
 4132              		.loc 1 550 14 view .LVU1396
 4133              	.LBB99:
 552:Core/Src/device/cjson.c **** 	char *out=0,*ptr,*ret,*str;int len=7,i=0,j;
 4134              		.loc 1 552 2 view .LVU1397
 553:Core/Src/device/cjson.c **** 	cJSON *child=item->child;
 4135              		.loc 1 553 2 view .LVU1398
 553:Core/Src/device/cjson.c **** 	cJSON *child=item->child;
 4136              		.loc 1 553 29 view .LVU1399
 554:Core/Src/device/cjson.c **** 	int numentries=0,fail=0;
 4137              		.loc 1 554 2 view .LVU1400
 555:Core/Src/device/cjson.c **** 	size_t tmplen=0;
 4138              		.loc 1 555 6 is_stmt 0 view .LVU1401
 4139 0460 4FF00008 		mov	r8, #0
 554:Core/Src/device/cjson.c **** 	int numentries=0,fail=0;
 4140              		.loc 1 554 9 view .LVU1402
 4141 0464 8468     		ldr	r4, [r0, #8]
 4142              	.LVL524:
 555:Core/Src/device/cjson.c **** 	size_t tmplen=0;
 4143              		.loc 1 555 2 is_stmt 1 view .LVU1403
 556:Core/Src/device/cjson.c **** 	/* Count the number of entries. */
 4144              		.loc 1 556 2 view .LVU1404
 558:Core/Src/device/cjson.c **** 	/* Explicitly handle empty object case */
 4145              		.loc 1 558 2 view .LVU1405
 4146              	.L388:
 558:Core/Src/device/cjson.c **** 	/* Explicitly handle empty object case */
 4147              		.loc 1 558 9 discriminator 1 view .LVU1406
 4148 0466 34BB     		cbnz	r4, .L389
 560:Core/Src/device/cjson.c **** 	{
 4149              		.loc 1 560 2 view .LVU1407
 4150              	.LBE99:
 4151              	.LBE106:
 4152              	.LBB107:
 4153              	.LBB91:
 448:Core/Src/device/cjson.c **** 		if (out) strcpy(out,"[]");
 4154              		.loc 1 448 19 is_stmt 0 view .LVU1408
ARM GAS  C:\Users\airforce\AppData\Local\Temp\ccf0vFDc.s 			page 108


 4155 0468 DFF85491 		ldr	r9, .L529+8
 4156 046c D9F80030 		ldr	r3, [r9]
 4157              	.LBE91:
 4158              	.LBE107:
 4159              	.LBB108:
 4160              	.LBB100:
 560:Core/Src/device/cjson.c **** 	{
 4161              		.loc 1 560 5 view .LVU1409
 4162 0470 B8F1000F 		cmp	r8, #0
 4163 0474 25D1     		bne	.L390
 562:Core/Src/device/cjson.c **** 		else	out=(char*)cJSON_malloc(fmt?depth+4:3);
 4164              		.loc 1 562 3 is_stmt 1 view .LVU1410
 563:Core/Src/device/cjson.c **** 		if (!out)	return 0;
 4165              		.loc 1 563 8 view .LVU1411
 563:Core/Src/device/cjson.c **** 		if (!out)	return 0;
 4166              		.loc 1 563 19 is_stmt 0 view .LVU1412
 4167 0476 BBF1000F 		cmp	fp, #0
 4168 047a 20D0     		beq	.L424
 563:Core/Src/device/cjson.c **** 		if (!out)	return 0;
 4169              		.loc 1 563 41 discriminator 1 view .LVU1413
 4170 047c 0AF10400 		add	r0, r10, #4
 4171              	.LVL525:
 4172              	.L391:
 563:Core/Src/device/cjson.c **** 		if (!out)	return 0;
 4173              		.loc 1 563 19 discriminator 4 view .LVU1414
 4174 0480 9847     		blx	r3
 4175              	.LVL526:
 564:Core/Src/device/cjson.c **** 		ptr=out;*ptr++='{';
 4176              		.loc 1 564 3 is_stmt 1 view .LVU1415
 564:Core/Src/device/cjson.c **** 		ptr=out;*ptr++='{';
 4177              		.loc 1 564 6 is_stmt 0 view .LVU1416
 4178 0482 0446     		mov	r4, r0
 4179              	.LVL527:
 564:Core/Src/device/cjson.c **** 		ptr=out;*ptr++='{';
 4180              		.loc 1 564 6 view .LVU1417
 4181 0484 0028     		cmp	r0, #0
 4182 0486 8CD0     		beq	.L315
 565:Core/Src/device/cjson.c **** 		if (fmt) {*ptr++='\n';for (i=0;i<depth-1;i++) *ptr++='\t';}
 4183              		.loc 1 565 3 is_stmt 1 view .LVU1418
 4184              	.LVL528:
 565:Core/Src/device/cjson.c **** 		if (fmt) {*ptr++='\n';for (i=0;i<depth-1;i++) *ptr++='\t';}
 4185              		.loc 1 565 11 view .LVU1419
 565:Core/Src/device/cjson.c **** 		if (fmt) {*ptr++='\n';for (i=0;i<depth-1;i++) *ptr++='\t';}
 4186              		.loc 1 565 17 is_stmt 0 view .LVU1420
 4187 0488 7B23     		movs	r3, #123
 4188 048a 0370     		strb	r3, [r0]
 566:Core/Src/device/cjson.c **** 		*ptr++='}';*ptr++=0;
 4189              		.loc 1 566 3 is_stmt 1 view .LVU1421
 566:Core/Src/device/cjson.c **** 		*ptr++='}';*ptr++=0;
 4190              		.loc 1 566 6 is_stmt 0 view .LVU1422
 4191 048c BBF1000F 		cmp	fp, #0
 4192 0490 3FF46BAE 		beq	.L526
 566:Core/Src/device/cjson.c **** 		*ptr++='}';*ptr++=0;
 4193              		.loc 1 566 13 is_stmt 1 discriminator 1 view .LVU1423
 566:Core/Src/device/cjson.c **** 		*ptr++='}';*ptr++=0;
 4194              		.loc 1 566 19 is_stmt 0 discriminator 1 view .LVU1424
 4195 0494 0A22     		movs	r2, #10
ARM GAS  C:\Users\airforce\AppData\Local\Temp\ccf0vFDc.s 			page 109


 566:Core/Src/device/cjson.c **** 		*ptr++='}';*ptr++=0;
 4196              		.loc 1 566 35 discriminator 2 view .LVU1425
 4197 0496 6FF00105 		mvn	r5, #1
 4198              	.LVL529:
 566:Core/Src/device/cjson.c **** 		*ptr++='}';*ptr++=0;
 4199              		.loc 1 566 17 discriminator 1 view .LVU1426
 4200 049a 831C     		adds	r3, r0, #2
 4201              	.LVL530:
 566:Core/Src/device/cjson.c **** 		*ptr++='}';*ptr++=0;
 4202              		.loc 1 566 17 discriminator 1 view .LVU1427
 4203 049c 1946     		mov	r1, r3
 566:Core/Src/device/cjson.c **** 		*ptr++='}';*ptr++=0;
 4204              		.loc 1 566 55 discriminator 4 view .LVU1428
 4205 049e 0926     		movs	r6, #9
 566:Core/Src/device/cjson.c **** 		*ptr++='}';*ptr++=0;
 4206              		.loc 1 566 19 discriminator 1 view .LVU1429
 4207 04a0 4270     		strb	r2, [r0, #1]
 566:Core/Src/device/cjson.c **** 		*ptr++='}';*ptr++=0;
 4208              		.loc 1 566 25 is_stmt 1 view .LVU1430
 566:Core/Src/device/cjson.c **** 		*ptr++='}';*ptr++=0;
 4209              		.loc 1 566 35 is_stmt 0 discriminator 2 view .LVU1431
 4210 04a2 2D1A     		subs	r5, r5, r0
 566:Core/Src/device/cjson.c **** 		*ptr++='}';*ptr++=0;
 4211              		.loc 1 566 41 discriminator 2 view .LVU1432
 4212 04a4 0AF1FF32 		add	r2, r10, #-1
 4213              	.LVL531:
 4214              	.L394:
 566:Core/Src/device/cjson.c **** 		*ptr++='}';*ptr++=0;
 4215              		.loc 1 566 35 is_stmt 1 discriminator 2 view .LVU1433
 4216 04a8 4819     		adds	r0, r1, r5
 4217 04aa 9042     		cmp	r0, r2
 4218 04ac BFF675AE 		bge	.L525
 566:Core/Src/device/cjson.c **** 		*ptr++='}';*ptr++=0;
 4219              		.loc 1 566 49 discriminator 4 view .LVU1434
 4220              	.LVL532:
 566:Core/Src/device/cjson.c **** 		*ptr++='}';*ptr++=0;
 4221              		.loc 1 566 55 is_stmt 0 discriminator 4 view .LVU1435
 4222 04b0 01F8016B 		strb	r6, [r1], #1
 4223              	.LVL533:
 566:Core/Src/device/cjson.c **** 		*ptr++='}';*ptr++=0;
 4224              		.loc 1 566 45 is_stmt 1 discriminator 4 view .LVU1436
 4225 04b4 F8E7     		b	.L394
 4226              	.LVL534:
 4227              	.L389:
 558:Core/Src/device/cjson.c **** 	/* Explicitly handle empty object case */
 4228              		.loc 1 558 16 discriminator 2 view .LVU1437
 558:Core/Src/device/cjson.c **** 	/* Explicitly handle empty object case */
 4229              		.loc 1 558 34 is_stmt 0 discriminator 2 view .LVU1438
 4230 04b6 2468     		ldr	r4, [r4]
 4231              	.LVL535:
 558:Core/Src/device/cjson.c **** 	/* Explicitly handle empty object case */
 4232              		.loc 1 558 26 discriminator 2 view .LVU1439
 4233 04b8 08F10108 		add	r8, r8, #1
 4234              	.LVL536:
 558:Core/Src/device/cjson.c **** 	/* Explicitly handle empty object case */
 4235              		.loc 1 558 26 discriminator 2 view .LVU1440
 4236 04bc D3E7     		b	.L388
ARM GAS  C:\Users\airforce\AppData\Local\Temp\ccf0vFDc.s 			page 110


 4237              	.LVL537:
 4238              	.L424:
 558:Core/Src/device/cjson.c **** 	/* Explicitly handle empty object case */
 4239              		.loc 1 558 26 discriminator 2 view .LVU1441
 4240 04be 0320     		movs	r0, #3
 4241              	.LVL538:
 558:Core/Src/device/cjson.c **** 	/* Explicitly handle empty object case */
 4242              		.loc 1 558 26 discriminator 2 view .LVU1442
 4243 04c0 DEE7     		b	.L391
 4244              	.LVL539:
 4245              	.L390:
 570:Core/Src/device/cjson.c **** 	{
 4246              		.loc 1 570 2 is_stmt 1 view .LVU1443
 611:Core/Src/device/cjson.c **** 		if (!entries) return 0;
 4247              		.loc 1 611 3 view .LVU1444
 611:Core/Src/device/cjson.c **** 		if (!entries) return 0;
 4248              		.loc 1 611 19 is_stmt 0 view .LVU1445
 4249 04c2 4FEA8806 		lsl	r6, r8, #2
 4250 04c6 3046     		mov	r0, r6
 4251              	.LVL540:
 611:Core/Src/device/cjson.c **** 		if (!entries) return 0;
 4252              		.loc 1 611 19 view .LVU1446
 4253 04c8 9847     		blx	r3
 4254              	.LVL541:
 612:Core/Src/device/cjson.c **** 		names=(char**)cJSON_malloc(numentries*sizeof(char*));
 4255              		.loc 1 612 3 is_stmt 1 view .LVU1447
 612:Core/Src/device/cjson.c **** 		names=(char**)cJSON_malloc(numentries*sizeof(char*));
 4256              		.loc 1 612 6 is_stmt 0 view .LVU1448
 4257 04ca 0546     		mov	r5, r0
 4258              	.LVL542:
 612:Core/Src/device/cjson.c **** 		names=(char**)cJSON_malloc(numentries*sizeof(char*));
 4259              		.loc 1 612 6 view .LVU1449
 4260 04cc 0028     		cmp	r0, #0
 4261 04ce 3FF468AF 		beq	.L315
 613:Core/Src/device/cjson.c **** 		if (!names) {cJSON_free(entries);return 0;}
 4262              		.loc 1 613 3 is_stmt 1 view .LVU1450
 613:Core/Src/device/cjson.c **** 		if (!names) {cJSON_free(entries);return 0;}
 4263              		.loc 1 613 17 is_stmt 0 view .LVU1451
 4264 04d2 3046     		mov	r0, r6
 4265              	.LVL543:
 613:Core/Src/device/cjson.c **** 		if (!names) {cJSON_free(entries);return 0;}
 4266              		.loc 1 613 17 view .LVU1452
 4267 04d4 D9F80030 		ldr	r3, [r9]
 4268 04d8 9847     		blx	r3
 4269              	.LVL544:
 614:Core/Src/device/cjson.c **** 		memset(entries,0,sizeof(char*)*numentries);
 4270              		.loc 1 614 3 is_stmt 1 view .LVU1453
 614:Core/Src/device/cjson.c **** 		memset(entries,0,sizeof(char*)*numentries);
 4271              		.loc 1 614 6 is_stmt 0 view .LVU1454
 4272 04da 0090     		str	r0, [sp]
 4273 04dc 0028     		cmp	r0, #0
 4274 04de 3FF45CAF 		beq	.L517
 615:Core/Src/device/cjson.c **** 		memset(names,0,sizeof(char*)*numentries);
 4275              		.loc 1 615 3 is_stmt 1 view .LVU1455
 4276 04e2 3246     		mov	r2, r6
 4277 04e4 2146     		mov	r1, r4
 4278 04e6 2846     		mov	r0, r5
ARM GAS  C:\Users\airforce\AppData\Local\Temp\ccf0vFDc.s 			page 111


 4279              	.LVL545:
 615:Core/Src/device/cjson.c **** 		memset(names,0,sizeof(char*)*numentries);
 4280              		.loc 1 615 3 is_stmt 0 view .LVU1456
 4281 04e8 FFF7FEFF 		bl	memset
 4282              	.LVL546:
 616:Core/Src/device/cjson.c **** 
 4283              		.loc 1 616 3 is_stmt 1 view .LVU1457
 4284 04ec 3246     		mov	r2, r6
 4285 04ee 2146     		mov	r1, r4
 4286 04f0 0098     		ldr	r0, [sp]
 4287 04f2 FFF7FEFF 		bl	memset
 4288              	.LVL547:
 619:Core/Src/device/cjson.c **** 		while (child)
 4289              		.loc 1 619 3 view .LVU1458
 619:Core/Src/device/cjson.c **** 		while (child)
 4290              		.loc 1 619 26 is_stmt 0 view .LVU1459
 4291 04f6 0AF10103 		add	r3, r10, #1
 619:Core/Src/device/cjson.c **** 		while (child)
 4292              		.loc 1 619 8 view .LVU1460
 4293 04fa BF68     		ldr	r7, [r7, #8]
 4294              	.LVL548:
 619:Core/Src/device/cjson.c **** 		while (child)
 4295              		.loc 1 619 21 is_stmt 1 view .LVU1461
 619:Core/Src/device/cjson.c **** 		while (child)
 4296              		.loc 1 619 26 is_stmt 0 view .LVU1462
 4297 04fc 0393     		str	r3, [sp, #12]
 4298              	.LVL549:
 619:Core/Src/device/cjson.c **** 		while (child)
 4299              		.loc 1 619 29 is_stmt 1 view .LVU1463
 619:Core/Src/device/cjson.c **** 		while (child)
 4300              		.loc 1 619 32 is_stmt 0 view .LVU1464
 4301 04fe BBF1000F 		cmp	fp, #0
 4302 0502 57D0     		beq	.L425
 619:Core/Src/device/cjson.c **** 		while (child)
 4303              		.loc 1 619 38 is_stmt 1 discriminator 1 view .LVU1465
 619:Core/Src/device/cjson.c **** 		while (child)
 4304              		.loc 1 619 41 is_stmt 0 discriminator 1 view .LVU1466
 4305 0504 0AF10804 		add	r4, r10, #8
 4306              	.LVL550:
 4307              	.L397:
 619:Core/Src/device/cjson.c **** 		while (child)
 4308              		.loc 1 619 41 discriminator 1 view .LVU1467
 4309 0508 BBF1000F 		cmp	fp, #0
 624:Core/Src/device/cjson.c **** 			child=child->next;
 4310              		.loc 1 624 57 discriminator 5 view .LVU1468
 4311 050c 0AF10303 		add	r3, r10, #3
 4312              	.LVL551:
 624:Core/Src/device/cjson.c **** 			child=child->next;
 4313              		.loc 1 624 57 discriminator 5 view .LVU1469
 4314 0510 08BF     		it	eq
 4315 0512 0023     		moveq	r3, #0
 4316 0514 009A     		ldr	r2, [sp]
 624:Core/Src/device/cjson.c **** 			child=child->next;
 4317              		.loc 1 624 23 discriminator 8 view .LVU1470
 4318 0516 0233     		adds	r3, r3, #2
 4319 0518 043A     		subs	r2, r2, #4
 4320 051a 0292     		str	r2, [sp, #8]
ARM GAS  C:\Users\airforce\AppData\Local\Temp\ccf0vFDc.s 			page 112


 4321 051c 2A1F     		subs	r2, r5, #4
 4322 051e 0192     		str	r2, [sp, #4]
 624:Core/Src/device/cjson.c **** 			child=child->next;
 4323              		.loc 1 624 57 discriminator 5 view .LVU1471
 4324 0520 0492     		str	r2, [sp, #16]
 4325 0522 029A     		ldr	r2, [sp, #8]
 4326 0524 0026     		movs	r6, #0
 4327 0526 0592     		str	r2, [sp, #20]
 624:Core/Src/device/cjson.c **** 			child=child->next;
 4328              		.loc 1 624 23 discriminator 8 view .LVU1472
 4329 0528 0693     		str	r3, [sp, #24]
 4330 052a 22E0     		b	.L399
 4331              	.LVL552:
 4332              	.L400:
 622:Core/Src/device/cjson.c **** 			entries[i++]=ret=print_value(child,depth,fmt,0);
 4333              		.loc 1 622 4 is_stmt 1 view .LVU1473
 622:Core/Src/device/cjson.c **** 			entries[i++]=ret=print_value(child,depth,fmt,0);
 4334              		.loc 1 622 17 is_stmt 0 view .LVU1474
 4335 052c 0021     		movs	r1, #0
 4336 052e 386A     		ldr	r0, [r7, #32]
 4337 0530 FFF7FEFF 		bl	print_string_ptr
 4338              	.LVL553:
 622:Core/Src/device/cjson.c **** 			entries[i++]=ret=print_value(child,depth,fmt,0);
 4339              		.loc 1 622 12 discriminator 1 view .LVU1475
 4340 0534 059B     		ldr	r3, [sp, #20]
 623:Core/Src/device/cjson.c **** 			if (str && ret) len+=strlen(ret)+strlen(str)+2+(fmt?2+depth:0); else fail=1;
 4341              		.loc 1 623 21 view .LVU1476
 4342 0536 5A46     		mov	r2, fp
 622:Core/Src/device/cjson.c **** 			entries[i++]=ret=print_value(child,depth,fmt,0);
 4343              		.loc 1 622 12 discriminator 1 view .LVU1477
 4344 0538 43F8040F 		str	r0, [r3, #4]!
 4345 053c 0593     		str	r3, [sp, #20]
 622:Core/Src/device/cjson.c **** 			entries[i++]=ret=print_value(child,depth,fmt,0);
 4346              		.loc 1 622 17 view .LVU1478
 4347 053e 8146     		mov	r9, r0
 4348              	.LVL554:
 623:Core/Src/device/cjson.c **** 			if (str && ret) len+=strlen(ret)+strlen(str)+2+(fmt?2+depth:0); else fail=1;
 4349              		.loc 1 623 4 is_stmt 1 view .LVU1479
 623:Core/Src/device/cjson.c **** 			if (str && ret) len+=strlen(ret)+strlen(str)+2+(fmt?2+depth:0); else fail=1;
 4350              		.loc 1 623 21 is_stmt 0 view .LVU1480
 4351 0540 0023     		movs	r3, #0
 4352 0542 3846     		mov	r0, r7
 4353              	.LVL555:
 623:Core/Src/device/cjson.c **** 			if (str && ret) len+=strlen(ret)+strlen(str)+2+(fmt?2+depth:0); else fail=1;
 4354              		.loc 1 623 21 view .LVU1481
 4355 0544 0399     		ldr	r1, [sp, #12]
 4356 0546 FFF75BFD 		bl	print_value
 4357              	.LVL556:
 623:Core/Src/device/cjson.c **** 			if (str && ret) len+=strlen(ret)+strlen(str)+2+(fmt?2+depth:0); else fail=1;
 4358              		.loc 1 623 16 discriminator 1 view .LVU1482
 4359 054a 049A     		ldr	r2, [sp, #16]
 4360 054c 42F8040F 		str	r0, [r2, #4]!
 4361 0550 0492     		str	r2, [sp, #16]
 624:Core/Src/device/cjson.c **** 			child=child->next;
 4362              		.loc 1 624 4 is_stmt 1 view .LVU1483
 624:Core/Src/device/cjson.c **** 			child=child->next;
 4363              		.loc 1 624 7 is_stmt 0 view .LVU1484
ARM GAS  C:\Users\airforce\AppData\Local\Temp\ccf0vFDc.s 			page 113


 4364 0552 B9F1000F 		cmp	r9, #0
 4365 0556 2BD0     		beq	.L427
 624:Core/Src/device/cjson.c **** 			child=child->next;
 4366              		.loc 1 624 12 discriminator 1 view .LVU1485
 4367 0558 50B3     		cbz	r0, .L427
 624:Core/Src/device/cjson.c **** 			child=child->next;
 4368              		.loc 1 624 20 is_stmt 1 discriminator 3 view .LVU1486
 624:Core/Src/device/cjson.c **** 			child=child->next;
 4369              		.loc 1 624 25 is_stmt 0 discriminator 3 view .LVU1487
 4370 055a FFF7FEFF 		bl	strlen
 4371              	.LVL557:
 624:Core/Src/device/cjson.c **** 			child=child->next;
 4372              		.loc 1 624 25 discriminator 3 view .LVU1488
 4373 055e 0790     		str	r0, [sp, #28]
 624:Core/Src/device/cjson.c **** 			child=child->next;
 4374              		.loc 1 624 37 discriminator 1 view .LVU1489
 4375 0560 4846     		mov	r0, r9
 4376 0562 FFF7FEFF 		bl	strlen
 4377              	.LVL558:
 624:Core/Src/device/cjson.c **** 			child=child->next;
 4378              		.loc 1 624 23 discriminator 8 view .LVU1490
 4379 0566 069B     		ldr	r3, [sp, #24]
 4380 0568 1C44     		add	r4, r4, r3
 4381              	.LVL559:
 624:Core/Src/device/cjson.c **** 			child=child->next;
 4382              		.loc 1 624 23 discriminator 8 view .LVU1491
 4383 056a 079B     		ldr	r3, [sp, #28]
 4384 056c 1C44     		add	r4, r4, r3
 4385 056e 0444     		add	r4, r4, r0
 4386              	.LVL560:
 4387              	.L398:
 625:Core/Src/device/cjson.c **** 		}
 4388              		.loc 1 625 4 is_stmt 1 view .LVU1492
 625:Core/Src/device/cjson.c **** 		}
 4389              		.loc 1 625 9 is_stmt 0 view .LVU1493
 4390 0570 3F68     		ldr	r7, [r7]
 4391              	.LVL561:
 4392              	.L399:
 620:Core/Src/device/cjson.c **** 		{
 4393              		.loc 1 620 10 is_stmt 1 view .LVU1494
 4394 0572 002F     		cmp	r7, #0
 4395 0574 DAD1     		bne	.L400
 629:Core/Src/device/cjson.c **** 		if (!out) fail=1;
 4396              		.loc 1 629 3 view .LVU1495
 629:Core/Src/device/cjson.c **** 		if (!out) fail=1;
 4397              		.loc 1 629 6 is_stmt 0 view .LVU1496
 4398 0576 3EBB     		cbnz	r6, .L401
 629:Core/Src/device/cjson.c **** 		if (!out) fail=1;
 4399              		.loc 1 629 14 is_stmt 1 discriminator 1 view .LVU1497
 629:Core/Src/device/cjson.c **** 		if (!out) fail=1;
 4400              		.loc 1 629 25 is_stmt 0 discriminator 1 view .LVU1498
 4401 0578 114B     		ldr	r3, .L529+8
 4402 057a 2046     		mov	r0, r4
 4403 057c 1B68     		ldr	r3, [r3]
 4404 057e 9847     		blx	r3
 4405              	.LVL562:
 630:Core/Src/device/cjson.c **** 
ARM GAS  C:\Users\airforce\AppData\Local\Temp\ccf0vFDc.s 			page 114


 4406              		.loc 1 630 3 is_stmt 1 view .LVU1499
 630:Core/Src/device/cjson.c **** 
 4407              		.loc 1 630 6 is_stmt 0 view .LVU1500
 4408 0580 0446     		mov	r4, r0
 4409              	.LVL563:
 630:Core/Src/device/cjson.c **** 
 4410              		.loc 1 630 6 view .LVU1501
 4411 0582 08B3     		cbz	r0, .L401
 4412              	.LVL564:
 633:Core/Src/device/cjson.c **** 		{
 4413              		.loc 1 633 3 is_stmt 1 view .LVU1502
 641:Core/Src/device/cjson.c **** 		for (i=0;i<numentries;i++)
 4414              		.loc 1 641 3 view .LVU1503
 641:Core/Src/device/cjson.c **** 		for (i=0;i<numentries;i++)
 4415              		.loc 1 641 7 is_stmt 0 view .LVU1504
 4416 0584 7B23     		movs	r3, #123
 4417 0586 0370     		strb	r3, [r0]
 641:Core/Src/device/cjson.c **** 		for (i=0;i<numentries;i++)
 4418              		.loc 1 641 12 is_stmt 1 view .LVU1505
 4419              	.LVL565:
 641:Core/Src/device/cjson.c **** 		for (i=0;i<numentries;i++)
 4420              		.loc 1 641 22 view .LVU1506
 641:Core/Src/device/cjson.c **** 		for (i=0;i<numentries;i++)
 4421              		.loc 1 641 25 is_stmt 0 view .LVU1507
 4422 0588 BBF1000F 		cmp	fp, #0
 4423 058c 32D1     		bne	.L402
 641:Core/Src/device/cjson.c **** 		for (i=0;i<numentries;i++)
 4424              		.loc 1 641 15 view .LVU1508
 4425 058e 00F10109 		add	r9, r0, #1
 4426              	.LVL566:
 4427              	.L403:
 641:Core/Src/device/cjson.c **** 		for (i=0;i<numentries;i++)
 4428              		.loc 1 641 42 is_stmt 1 discriminator 3 view .LVU1509
 641:Core/Src/device/cjson.c **** 		for (i=0;i<numentries;i++)
 4429              		.loc 1 641 46 is_stmt 0 discriminator 3 view .LVU1510
 4430 0592 0023     		movs	r3, #0
 4431 0594 BAF1FF3F 		cmp	r10, #-1
 4432 0598 89F80030 		strb	r3, [r9]
 642:Core/Src/device/cjson.c **** 		{
 4433              		.loc 1 642 3 is_stmt 1 view .LVU1511
 4434              	.LVL567:
 642:Core/Src/device/cjson.c **** 		{
 4435              		.loc 1 642 13 discriminator 1 view .LVU1512
 4436 059c 039B     		ldr	r3, [sp, #12]
 4437 059e B8BF     		it	lt
 4438 05a0 0023     		movlt	r3, #0
 650:Core/Src/device/cjson.c **** 		}
 4439              		.loc 1 650 4 is_stmt 0 view .LVU1513
 4440 05a2 084F     		ldr	r7, .L529+12
 4441              	.LVL568:
 650:Core/Src/device/cjson.c **** 		}
 4442              		.loc 1 650 4 view .LVU1514
 4443 05a4 0493     		str	r3, [sp, #16]
 4444              	.LVL569:
 4445              	.L415:
 644:Core/Src/device/cjson.c **** 			tmplen=strlen(names[i]);memcpy(ptr,names[i],tmplen);ptr+=tmplen;
 4446              		.loc 1 644 4 is_stmt 1 view .LVU1515
ARM GAS  C:\Users\airforce\AppData\Local\Temp\ccf0vFDc.s 			page 115


 644:Core/Src/device/cjson.c **** 			tmplen=strlen(names[i]);memcpy(ptr,names[i],tmplen);ptr+=tmplen;
 4447              		.loc 1 644 7 is_stmt 0 view .LVU1516
 4448 05a6 BBF1000F 		cmp	fp, #0
 4449 05aa 33D0     		beq	.L409
 644:Core/Src/device/cjson.c **** 			tmplen=strlen(names[i]);memcpy(ptr,names[i],tmplen);ptr+=tmplen;
 4450              		.loc 1 644 7 view .LVU1517
 4451 05ac 4B46     		mov	r3, r9
 4452 05ae 2AE0     		b	.L408
 4453              	.LVL570:
 4454              	.L427:
 624:Core/Src/device/cjson.c **** 			child=child->next;
 4455              		.loc 1 624 77 discriminator 4 view .LVU1518
 4456 05b0 0126     		movs	r6, #1
 4457 05b2 DDE7     		b	.L398
 4458              	.LVL571:
 4459              	.L425:
 553:Core/Src/device/cjson.c **** 	cJSON *child=item->child;
 4460              		.loc 1 553 33 view .LVU1519
 4461 05b4 0724     		movs	r4, #7
 4462 05b6 A7E7     		b	.L397
 4463              	.L530:
 4464              		.align	2
 4465              	.L529:
 4466 05b8 05000000 		.word	.LC1
 4467 05bc 0B000000 		.word	.LC2
 4468 05c0 00000000 		.word	cJSON_malloc
 4469 05c4 00000000 		.word	cJSON_free
 4470              	.LVL572:
 4471              	.L401:
 635:Core/Src/device/cjson.c **** 			cJSON_free(names);cJSON_free(entries);
 4472              		.loc 1 635 14 is_stmt 1 discriminator 8 view .LVU1520
 624:Core/Src/device/cjson.c **** 			child=child->next;
 4473              		.loc 1 624 57 is_stmt 0 discriminator 5 view .LVU1521
 4474 05c8 0024     		movs	r4, #0
 635:Core/Src/device/cjson.c **** 			cJSON_free(names);cJSON_free(entries);
 4475              		.loc 1 635 46 discriminator 2 view .LVU1522
 4476 05ca 464E     		ldr	r6, .L531
 4477              	.LVL573:
 4478              	.L406:
 635:Core/Src/device/cjson.c **** 			cJSON_free(names);cJSON_free(entries);
 4479              		.loc 1 635 32 is_stmt 1 discriminator 9 view .LVU1523
 635:Core/Src/device/cjson.c **** 			cJSON_free(names);cJSON_free(entries);
 4480              		.loc 1 635 41 is_stmt 0 discriminator 9 view .LVU1524
 4481 05cc 009B     		ldr	r3, [sp]
 4482 05ce 53F82400 		ldr	r0, [r3, r4, lsl #2]
 635:Core/Src/device/cjson.c **** 			cJSON_free(names);cJSON_free(entries);
 4483              		.loc 1 635 35 discriminator 9 view .LVU1525
 4484 05d2 08B1     		cbz	r0, .L404
 635:Core/Src/device/cjson.c **** 			cJSON_free(names);cJSON_free(entries);
 4485              		.loc 1 635 46 is_stmt 1 discriminator 2 view .LVU1526
 4486 05d4 3368     		ldr	r3, [r6]
 4487 05d6 9847     		blx	r3
 4488              	.LVL574:
 4489              	.L404:
 635:Core/Src/device/cjson.c **** 			cJSON_free(names);cJSON_free(entries);
 4490              		.loc 1 635 67 discriminator 4 view .LVU1527
 635:Core/Src/device/cjson.c **** 			cJSON_free(names);cJSON_free(entries);
ARM GAS  C:\Users\airforce\AppData\Local\Temp\ccf0vFDc.s 			page 116


 4491              		.loc 1 635 78 is_stmt 0 discriminator 4 view .LVU1528
 4492 05d8 55F82400 		ldr	r0, [r5, r4, lsl #2]
 635:Core/Src/device/cjson.c **** 			cJSON_free(names);cJSON_free(entries);
 4493              		.loc 1 635 70 discriminator 4 view .LVU1529
 4494 05dc 08B1     		cbz	r0, .L405
 635:Core/Src/device/cjson.c **** 			cJSON_free(names);cJSON_free(entries);
 4495              		.loc 1 635 83 is_stmt 1 discriminator 5 view .LVU1530
 4496 05de 3368     		ldr	r3, [r6]
 4497 05e0 9847     		blx	r3
 4498              	.LVL575:
 4499              	.L405:
 635:Core/Src/device/cjson.c **** 			cJSON_free(names);cJSON_free(entries);
 4500              		.loc 1 635 27 discriminator 7 view .LVU1531
 4501 05e2 0134     		adds	r4, r4, #1
 4502              	.LVL576:
 635:Core/Src/device/cjson.c **** 			cJSON_free(names);cJSON_free(entries);
 4503              		.loc 1 635 14 discriminator 8 view .LVU1532
 4504 05e4 A045     		cmp	r8, r4
 4505 05e6 F1D1     		bne	.L406
 636:Core/Src/device/cjson.c **** 			return 0;
 4506              		.loc 1 636 4 view .LVU1533
 4507 05e8 3E4C     		ldr	r4, .L531
 4508              	.LVL577:
 636:Core/Src/device/cjson.c **** 			return 0;
 4509              		.loc 1 636 4 is_stmt 0 view .LVU1534
 4510 05ea 0098     		ldr	r0, [sp]
 4511 05ec 2368     		ldr	r3, [r4]
 4512 05ee 9847     		blx	r3
 4513              	.LVL578:
 636:Core/Src/device/cjson.c **** 			return 0;
 4514              		.loc 1 636 22 is_stmt 1 discriminator 1 view .LVU1535
 4515 05f0 2368     		ldr	r3, [r4]
 4516 05f2 D4E6     		b	.L516
 4517              	.LVL579:
 4518              	.L402:
 641:Core/Src/device/cjson.c **** 		for (i=0;i<numentries;i++)
 4519              		.loc 1 641 30 discriminator 1 view .LVU1536
 641:Core/Src/device/cjson.c **** 		for (i=0;i<numentries;i++)
 4520              		.loc 1 641 36 is_stmt 0 discriminator 1 view .LVU1537
 4521 05f4 0A23     		movs	r3, #10
 641:Core/Src/device/cjson.c **** 		for (i=0;i<numentries;i++)
 4522              		.loc 1 641 34 discriminator 1 view .LVU1538
 4523 05f6 00F10209 		add	r9, r0, #2
 4524              	.LVL580:
 641:Core/Src/device/cjson.c **** 		for (i=0;i<numentries;i++)
 4525              		.loc 1 641 36 discriminator 1 view .LVU1539
 4526 05fa 4370     		strb	r3, [r0, #1]
 4527 05fc C9E7     		b	.L403
 4528              	.LVL581:
 4529              	.L410:
 644:Core/Src/device/cjson.c **** 			tmplen=strlen(names[i]);memcpy(ptr,names[i],tmplen);ptr+=tmplen;
 4530              		.loc 1 644 35 is_stmt 1 discriminator 4 view .LVU1540
 644:Core/Src/device/cjson.c **** 			tmplen=strlen(names[i]);memcpy(ptr,names[i],tmplen);ptr+=tmplen;
 4531              		.loc 1 644 41 is_stmt 0 discriminator 4 view .LVU1541
 4532 05fe 4FF00902 		mov	r2, #9
 4533              	.LVL582:
 644:Core/Src/device/cjson.c **** 			tmplen=strlen(names[i]);memcpy(ptr,names[i],tmplen);ptr+=tmplen;
ARM GAS  C:\Users\airforce\AppData\Local\Temp\ccf0vFDc.s 			page 117


 4534              		.loc 1 644 41 discriminator 4 view .LVU1542
 4535 0602 03F8012B 		strb	r2, [r3], #1
 4536              	.LVL583:
 644:Core/Src/device/cjson.c **** 			tmplen=strlen(names[i]);memcpy(ptr,names[i],tmplen);ptr+=tmplen;
 4537              		.loc 1 644 31 is_stmt 1 discriminator 4 view .LVU1543
 4538              	.L408:
 644:Core/Src/device/cjson.c **** 			tmplen=strlen(names[i]);memcpy(ptr,names[i],tmplen);ptr+=tmplen;
 4539              		.loc 1 644 23 discriminator 2 view .LVU1544
 4540 0606 0399     		ldr	r1, [sp, #12]
 4541 0608 A3EB0902 		sub	r2, r3, r9
 4542              	.LVL584:
 644:Core/Src/device/cjson.c **** 			tmplen=strlen(names[i]);memcpy(ptr,names[i],tmplen);ptr+=tmplen;
 4543              		.loc 1 644 23 is_stmt 0 discriminator 2 view .LVU1545
 4544 060c 8A42     		cmp	r2, r1
 4545 060e F6DB     		blt	.L410
 644:Core/Src/device/cjson.c **** 			tmplen=strlen(names[i]);memcpy(ptr,names[i],tmplen);ptr+=tmplen;
 4546              		.loc 1 644 23 discriminator 2 view .LVU1546
 4547 0610 049B     		ldr	r3, [sp, #16]
 4548              	.LVL585:
 644:Core/Src/device/cjson.c **** 			tmplen=strlen(names[i]);memcpy(ptr,names[i],tmplen);ptr+=tmplen;
 4549              		.loc 1 644 23 discriminator 2 view .LVU1547
 4550 0612 9944     		add	r9, r9, r3
 4551              	.LVL586:
 4552              	.L409:
 645:Core/Src/device/cjson.c **** 			*ptr++=':';if (fmt) *ptr++='\t';
 4553              		.loc 1 645 4 is_stmt 1 view .LVU1548
 645:Core/Src/device/cjson.c **** 			*ptr++=':';if (fmt) *ptr++='\t';
 4554              		.loc 1 645 11 is_stmt 0 view .LVU1549
 4555 0614 029B     		ldr	r3, [sp, #8]
 4556 0616 5968     		ldr	r1, [r3, #4]
 4557 0618 0846     		mov	r0, r1
 4558 061a 0691     		str	r1, [sp, #24]
 4559 061c FFF7FEFF 		bl	strlen
 4560              	.LVL587:
 645:Core/Src/device/cjson.c **** 			*ptr++=':';if (fmt) *ptr++='\t';
 4561              		.loc 1 645 28 discriminator 1 view .LVU1550
 4562 0620 0699     		ldr	r1, [sp, #24]
 645:Core/Src/device/cjson.c **** 			*ptr++=':';if (fmt) *ptr++='\t';
 4563              		.loc 1 645 11 view .LVU1551
 4564 0622 0246     		mov	r2, r0
 4565              	.LVL588:
 645:Core/Src/device/cjson.c **** 			*ptr++=':';if (fmt) *ptr++='\t';
 4566              		.loc 1 645 28 is_stmt 1 discriminator 1 view .LVU1552
 4567 0624 0590     		str	r0, [sp, #20]
 4568 0626 4846     		mov	r0, r9
 4569              	.LVL589:
 645:Core/Src/device/cjson.c **** 			*ptr++=':';if (fmt) *ptr++='\t';
 4570              		.loc 1 645 28 is_stmt 0 discriminator 1 view .LVU1553
 4571 0628 FFF7FEFF 		bl	memcpy
 4572              	.LVL590:
 645:Core/Src/device/cjson.c **** 			*ptr++=':';if (fmt) *ptr++='\t';
 4573              		.loc 1 645 56 is_stmt 1 discriminator 2 view .LVU1554
 646:Core/Src/device/cjson.c **** 			strcpy(ptr,entries[i]);ptr+=strlen(entries[i]);
 4574              		.loc 1 646 10 is_stmt 0 view .LVU1555
 4575 062c 3A23     		movs	r3, #58
 645:Core/Src/device/cjson.c **** 			*ptr++=':';if (fmt) *ptr++='\t';
 4576              		.loc 1 645 59 discriminator 2 view .LVU1556
ARM GAS  C:\Users\airforce\AppData\Local\Temp\ccf0vFDc.s 			page 118


 4577 062e 059A     		ldr	r2, [sp, #20]
 4578 0630 09EB0201 		add	r1, r9, r2
 4579              	.LVL591:
 646:Core/Src/device/cjson.c **** 			strcpy(ptr,entries[i]);ptr+=strlen(entries[i]);
 4580              		.loc 1 646 4 is_stmt 1 view .LVU1557
 646:Core/Src/device/cjson.c **** 			strcpy(ptr,entries[i]);ptr+=strlen(entries[i]);
 4581              		.loc 1 646 10 is_stmt 0 view .LVU1558
 4582 0634 09F80230 		strb	r3, [r9, r2]
 646:Core/Src/device/cjson.c **** 			strcpy(ptr,entries[i]);ptr+=strlen(entries[i]);
 4583              		.loc 1 646 15 is_stmt 1 view .LVU1559
 646:Core/Src/device/cjson.c **** 			strcpy(ptr,entries[i]);ptr+=strlen(entries[i]);
 4584              		.loc 1 646 18 is_stmt 0 view .LVU1560
 4585 0638 BBF1000F 		cmp	fp, #0
 4586 063c 3ED1     		bne	.L411
 646:Core/Src/device/cjson.c **** 			strcpy(ptr,entries[i]);ptr+=strlen(entries[i]);
 4587              		.loc 1 646 8 view .LVU1561
 4588 063e 4B1C     		adds	r3, r1, #1
 4589              	.LVL592:
 4590              	.L412:
 647:Core/Src/device/cjson.c **** 			if (i!=numentries-1) *ptr++=',';
 4591              		.loc 1 647 4 is_stmt 1 view .LVU1562
 4592 0640 019A     		ldr	r2, [sp, #4]
 4593 0642 1846     		mov	r0, r3
 4594 0644 5168     		ldr	r1, [r2, #4]
 4595 0646 0593     		str	r3, [sp, #20]
 4596              	.LVL593:
 647:Core/Src/device/cjson.c **** 			if (i!=numentries-1) *ptr++=',';
 4597              		.loc 1 647 4 is_stmt 0 view .LVU1563
 4598 0648 FFF7FEFF 		bl	strcpy
 4599              	.LVL594:
 647:Core/Src/device/cjson.c **** 			if (i!=numentries-1) *ptr++=',';
 4600              		.loc 1 647 27 is_stmt 1 discriminator 1 view .LVU1564
 647:Core/Src/device/cjson.c **** 			if (i!=numentries-1) *ptr++=',';
 4601              		.loc 1 647 32 is_stmt 0 discriminator 1 view .LVU1565
 4602 064c 019B     		ldr	r3, [sp, #4]
 4603 064e 5868     		ldr	r0, [r3, #4]
 4604 0650 FFF7FEFF 		bl	strlen
 4605              	.LVL595:
 648:Core/Src/device/cjson.c **** 			if (fmt) *ptr++='\n';*ptr=0;
 4606              		.loc 1 648 21 view .LVU1566
 4607 0654 08F1FF32 		add	r2, r8, #-1
 648:Core/Src/device/cjson.c **** 			if (fmt) *ptr++='\n';*ptr=0;
 4608              		.loc 1 648 7 view .LVU1567
 4609 0658 B242     		cmp	r2, r6
 648:Core/Src/device/cjson.c **** 			if (fmt) *ptr++='\n';*ptr=0;
 4610              		.loc 1 648 31 discriminator 1 view .LVU1568
 4611 065a 18BF     		it	ne
 4612 065c 2C22     		movne	r2, #44
 647:Core/Src/device/cjson.c **** 			if (i!=numentries-1) *ptr++=',';
 4613              		.loc 1 647 30 discriminator 2 view .LVU1569
 4614 065e 059B     		ldr	r3, [sp, #20]
 4615 0660 03EB0009 		add	r9, r3, r0
 4616              	.LVL596:
 648:Core/Src/device/cjson.c **** 			if (fmt) *ptr++='\n';*ptr=0;
 4617              		.loc 1 648 4 is_stmt 1 view .LVU1570
 648:Core/Src/device/cjson.c **** 			if (fmt) *ptr++='\n';*ptr=0;
 4618              		.loc 1 648 25 discriminator 1 view .LVU1571
ARM GAS  C:\Users\airforce\AppData\Local\Temp\ccf0vFDc.s 			page 119


 648:Core/Src/device/cjson.c **** 			if (fmt) *ptr++='\n';*ptr=0;
 4619              		.loc 1 648 31 is_stmt 0 discriminator 1 view .LVU1572
 4620 0664 1CBF     		itt	ne
 4621 0666 1A54     		strbne	r2, [r3, r0]
 648:Core/Src/device/cjson.c **** 			if (fmt) *ptr++='\n';*ptr=0;
 4622              		.loc 1 648 29 discriminator 1 view .LVU1573
 4623 0668 09F10109 		addne	r9, r9, #1
 4624              	.LVL597:
 649:Core/Src/device/cjson.c **** 			cJSON_free(names[i]);cJSON_free(entries[i]);
 4625              		.loc 1 649 4 is_stmt 1 view .LVU1574
 649:Core/Src/device/cjson.c **** 			cJSON_free(names[i]);cJSON_free(entries[i]);
 4626              		.loc 1 649 7 is_stmt 0 view .LVU1575
 4627 066c BBF1000F 		cmp	fp, #0
 4628 0670 02D0     		beq	.L414
 649:Core/Src/device/cjson.c **** 			cJSON_free(names[i]);cJSON_free(entries[i]);
 4629              		.loc 1 649 13 is_stmt 1 discriminator 1 view .LVU1576
 4630              	.LVL598:
 649:Core/Src/device/cjson.c **** 			cJSON_free(names[i]);cJSON_free(entries[i]);
 4631              		.loc 1 649 19 is_stmt 0 discriminator 1 view .LVU1577
 4632 0672 0A23     		movs	r3, #10
 4633 0674 09F8013B 		strb	r3, [r9], #1
 4634              	.LVL599:
 4635              	.L414:
 649:Core/Src/device/cjson.c **** 			cJSON_free(names[i]);cJSON_free(entries[i]);
 4636              		.loc 1 649 25 is_stmt 1 discriminator 3 view .LVU1578
 649:Core/Src/device/cjson.c **** 			cJSON_free(names[i]);cJSON_free(entries[i]);
 4637              		.loc 1 649 29 is_stmt 0 discriminator 3 view .LVU1579
 4638 0678 0023     		movs	r3, #0
 650:Core/Src/device/cjson.c **** 		}
 4639              		.loc 1 650 4 view .LVU1580
 4640 067a 029A     		ldr	r2, [sp, #8]
 649:Core/Src/device/cjson.c **** 			cJSON_free(names[i]);cJSON_free(entries[i]);
 4641              		.loc 1 649 29 discriminator 3 view .LVU1581
 4642 067c 89F80030 		strb	r3, [r9]
 650:Core/Src/device/cjson.c **** 		}
 4643              		.loc 1 650 4 is_stmt 1 view .LVU1582
 4644 0680 52F8040F 		ldr	r0, [r2, #4]!
 4645 0684 3B68     		ldr	r3, [r7]
 4646 0686 0292     		str	r2, [sp, #8]
 4647 0688 9847     		blx	r3
 4648              	.LVL600:
 650:Core/Src/device/cjson.c **** 		}
 4649              		.loc 1 650 25 discriminator 1 view .LVU1583
 4650 068a 019A     		ldr	r2, [sp, #4]
 4651 068c 3B68     		ldr	r3, [r7]
 4652 068e 52F8040F 		ldr	r0, [r2, #4]!
 642:Core/Src/device/cjson.c **** 		{
 4653              		.loc 1 642 26 is_stmt 0 discriminator 2 view .LVU1584
 4654 0692 0136     		adds	r6, r6, #1
 4655              	.LVL601:
 650:Core/Src/device/cjson.c **** 		}
 4656              		.loc 1 650 25 discriminator 1 view .LVU1585
 4657 0694 0192     		str	r2, [sp, #4]
 4658 0696 9847     		blx	r3
 4659              	.LVL602:
 642:Core/Src/device/cjson.c **** 		{
 4660              		.loc 1 642 26 is_stmt 1 discriminator 2 view .LVU1586
ARM GAS  C:\Users\airforce\AppData\Local\Temp\ccf0vFDc.s 			page 120


 642:Core/Src/device/cjson.c **** 		{
 4661              		.loc 1 642 13 discriminator 1 view .LVU1587
 4662 0698 B045     		cmp	r8, r6
 4663 069a 84D1     		bne	.L415
 653:Core/Src/device/cjson.c **** 		if (fmt) for (i=0;i<depth-1;i++) *ptr++='\t';
 4664              		.loc 1 653 3 view .LVU1588
 4665 069c 3B68     		ldr	r3, [r7]
 4666 069e 0098     		ldr	r0, [sp]
 4667 06a0 9847     		blx	r3
 4668              	.LVL603:
 653:Core/Src/device/cjson.c **** 		if (fmt) for (i=0;i<depth-1;i++) *ptr++='\t';
 4669              		.loc 1 653 21 discriminator 1 view .LVU1589
 4670 06a2 2846     		mov	r0, r5
 4671 06a4 3B68     		ldr	r3, [r7]
 4672 06a6 9847     		blx	r3
 4673              	.LVL604:
 654:Core/Src/device/cjson.c **** 		*ptr++='}';*ptr++=0;
 4674              		.loc 1 654 3 view .LVU1590
 654:Core/Src/device/cjson.c **** 		*ptr++='}';*ptr++=0;
 4675              		.loc 1 654 6 is_stmt 0 view .LVU1591
 4676 06a8 BBF1000F 		cmp	fp, #0
 4677 06ac 16D1     		bne	.L429
 4678              	.LVL605:
 4679              	.L417:
 655:Core/Src/device/cjson.c **** 	}
 4680              		.loc 1 655 3 is_stmt 1 view .LVU1592
 655:Core/Src/device/cjson.c **** 	}
 4681              		.loc 1 655 9 is_stmt 0 view .LVU1593
 4682 06ae 7D23     		movs	r3, #125
 4683 06b0 89F80030 		strb	r3, [r9]
 655:Core/Src/device/cjson.c **** 	}
 4684              		.loc 1 655 14 is_stmt 1 view .LVU1594
 4685              	.LVL606:
 655:Core/Src/device/cjson.c **** 	}
 4686              		.loc 1 655 20 is_stmt 0 view .LVU1595
 4687 06b4 0023     		movs	r3, #0
 4688 06b6 89F80130 		strb	r3, [r9, #1]
 4689              	.LVL607:
 655:Core/Src/device/cjson.c **** 	}
 4690              		.loc 1 655 20 view .LVU1596
 4691 06ba C1E4     		b	.L313
 4692              	.LVL608:
 4693              	.L411:
 646:Core/Src/device/cjson.c **** 			strcpy(ptr,entries[i]);ptr+=strlen(entries[i]);
 4694              		.loc 1 646 24 is_stmt 1 discriminator 1 view .LVU1597
 646:Core/Src/device/cjson.c **** 			strcpy(ptr,entries[i]);ptr+=strlen(entries[i]);
 4695              		.loc 1 646 30 is_stmt 0 discriminator 1 view .LVU1598
 4696 06bc 4FF00902 		mov	r2, #9
 646:Core/Src/device/cjson.c **** 			strcpy(ptr,entries[i]);ptr+=strlen(entries[i]);
 4697              		.loc 1 646 28 discriminator 1 view .LVU1599
 4698 06c0 8B1C     		adds	r3, r1, #2
 4699              	.LVL609:
 646:Core/Src/device/cjson.c **** 			strcpy(ptr,entries[i]);ptr+=strlen(entries[i]);
 4700              		.loc 1 646 30 discriminator 1 view .LVU1600
 4701 06c2 4A70     		strb	r2, [r1, #1]
 4702 06c4 BCE7     		b	.L412
 4703              	.LVL610:
ARM GAS  C:\Users\airforce\AppData\Local\Temp\ccf0vFDc.s 			page 121


 4704              	.L418:
 654:Core/Src/device/cjson.c **** 		*ptr++='}';*ptr++=0;
 4705              		.loc 1 654 36 is_stmt 1 discriminator 4 view .LVU1601
 654:Core/Src/device/cjson.c **** 		*ptr++='}';*ptr++=0;
 4706              		.loc 1 654 42 is_stmt 0 discriminator 4 view .LVU1602
 4707 06c6 03F8011B 		strb	r1, [r3], #1
 4708              	.LVL611:
 654:Core/Src/device/cjson.c **** 		*ptr++='}';*ptr++=0;
 4709              		.loc 1 654 32 is_stmt 1 discriminator 4 view .LVU1603
 4710              	.L416:
 654:Core/Src/device/cjson.c **** 		*ptr++='}';*ptr++=0;
 4711              		.loc 1 654 22 discriminator 2 view .LVU1604
 4712 06ca A3EB0902 		sub	r2, r3, r9
 4713              	.LVL612:
 654:Core/Src/device/cjson.c **** 		*ptr++='}';*ptr++=0;
 4714              		.loc 1 654 22 is_stmt 0 discriminator 2 view .LVU1605
 4715 06ce 9245     		cmp	r10, r2
 4716 06d0 F9DC     		bgt	.L418
 654:Core/Src/device/cjson.c **** 		*ptr++='}';*ptr++=0;
 4717              		.loc 1 654 22 discriminator 2 view .LVU1606
 4718 06d2 BAF1000F 		cmp	r10, #0
 4719 06d6 A8BF     		it	ge
 4720 06d8 D144     		addge	r9, r9, r10
 4721 06da E8E7     		b	.L417
 4722              	.LVL613:
 4723              	.L429:
 654:Core/Src/device/cjson.c **** 		*ptr++='}';*ptr++=0;
 4724              		.loc 1 654 22 discriminator 2 view .LVU1607
 4725 06dc 4B46     		mov	r3, r9
 654:Core/Src/device/cjson.c **** 		*ptr++='}';*ptr++=0;
 4726              		.loc 1 654 42 discriminator 4 view .LVU1608
 4727 06de 0921     		movs	r1, #9
 4728 06e0 F3E7     		b	.L416
 4729              	.L532:
 4730 06e2 00BF     		.align	2
 4731              	.L531:
 4732 06e4 00000000 		.word	cJSON_free
 4733              	.LBE100:
 4734              	.LBE108:
 4735              		.cfi_endproc
 4736              	.LFE26:
 4738              		.section	.text.cJSON_GetErrorPtr,"ax",%progbits
 4739              		.align	1
 4740              		.global	cJSON_GetErrorPtr
 4741              		.syntax unified
 4742              		.thumb
 4743              		.thumb_func
 4745              	cJSON_GetErrorPtr:
 4746              	.LFB4:
  37:Core/Src/device/cjson.c **** 
 4747              		.loc 1 37 37 is_stmt 1 view -0
 4748              		.cfi_startproc
 4749              		@ args = 0, pretend = 0, frame = 0
 4750              		@ frame_needed = 0, uses_anonymous_args = 0
 4751              		@ link register save eliminated.
  37:Core/Src/device/cjson.c **** 
 4752              		.loc 1 37 38 view .LVU1610
ARM GAS  C:\Users\airforce\AppData\Local\Temp\ccf0vFDc.s 			page 122


  37:Core/Src/device/cjson.c **** 
 4753              		.loc 1 37 48 is_stmt 0 view .LVU1611
 4754 0000 014B     		ldr	r3, .L534
 4755 0002 1868     		ldr	r0, [r3]
 4756 0004 7047     		bx	lr
 4757              	.L535:
 4758 0006 00BF     		.align	2
 4759              	.L534:
 4760 0008 00000000 		.word	ep
 4761              		.cfi_endproc
 4762              	.LFE4:
 4764              		.section	.text.cJSON_InitHooks,"ax",%progbits
 4765              		.align	1
 4766              		.global	cJSON_InitHooks
 4767              		.syntax unified
 4768              		.thumb
 4769              		.thumb_func
 4771              	cJSON_InitHooks:
 4772              	.LVL614:
 4773              	.LFB7:
  61:Core/Src/device/cjson.c ****     if (!hooks) { /* Reset hooks */
 4774              		.loc 1 61 1 is_stmt 1 view -0
 4775              		.cfi_startproc
 4776              		@ args = 0, pretend = 0, frame = 0
 4777              		@ frame_needed = 0, uses_anonymous_args = 0
 4778              		@ link register save eliminated.
  62:Core/Src/device/cjson.c ****         cJSON_malloc = malloc;
 4779              		.loc 1 62 5 view .LVU1613
 4780 0000 094A     		ldr	r2, .L541
  62:Core/Src/device/cjson.c ****         cJSON_malloc = malloc;
 4781              		.loc 1 62 8 is_stmt 0 view .LVU1614
 4782 0002 28B9     		cbnz	r0, .L537
  63:Core/Src/device/cjson.c ****         cJSON_free = free;
 4783              		.loc 1 63 9 is_stmt 1 view .LVU1615
  63:Core/Src/device/cjson.c ****         cJSON_free = free;
 4784              		.loc 1 63 22 is_stmt 0 view .LVU1616
 4785 0004 094B     		ldr	r3, .L541+4
 4786 0006 1360     		str	r3, [r2]
  64:Core/Src/device/cjson.c ****         return;
 4787              		.loc 1 64 9 is_stmt 1 view .LVU1617
  65:Core/Src/device/cjson.c ****     }
 4788              		.loc 1 65 9 view .LVU1618
 4789 0008 094B     		ldr	r3, .L541+8
 4790              	.L538:
  64:Core/Src/device/cjson.c ****         return;
 4791              		.loc 1 64 20 is_stmt 0 view .LVU1619
 4792 000a 0A4A     		ldr	r2, .L541+12
 4793 000c 1360     		str	r3, [r2]
  70:Core/Src/device/cjson.c **** 
 4794              		.loc 1 70 1 view .LVU1620
 4795 000e 7047     		bx	lr
 4796              	.L537:
  68:Core/Src/device/cjson.c **** 	cJSON_free	 = (hooks->free_fn)?hooks->free_fn:free;
 4797              		.loc 1 68 2 is_stmt 1 view .LVU1621
  68:Core/Src/device/cjson.c **** 	cJSON_free	 = (hooks->free_fn)?hooks->free_fn:free;
 4798              		.loc 1 68 23 is_stmt 0 view .LVU1622
 4799 0010 0368     		ldr	r3, [r0]
ARM GAS  C:\Users\airforce\AppData\Local\Temp\ccf0vFDc.s 			page 123


  68:Core/Src/device/cjson.c **** 	cJSON_free	 = (hooks->free_fn)?hooks->free_fn:free;
 4800              		.loc 1 68 52 discriminator 2 view .LVU1623
 4801 0012 0649     		ldr	r1, .L541+4
 4802 0014 002B     		cmp	r3, #0
 4803 0016 08BF     		it	eq
 4804 0018 0B46     		moveq	r3, r1
  68:Core/Src/device/cjson.c **** 	cJSON_free	 = (hooks->free_fn)?hooks->free_fn:free;
 4805              		.loc 1 68 15 discriminator 4 view .LVU1624
 4806 001a 1360     		str	r3, [r2]
  69:Core/Src/device/cjson.c **** }
 4807              		.loc 1 69 2 is_stmt 1 view .LVU1625
  69:Core/Src/device/cjson.c **** }
 4808              		.loc 1 69 22 is_stmt 0 view .LVU1626
 4809 001c 4368     		ldr	r3, [r0, #4]
  69:Core/Src/device/cjson.c **** }
 4810              		.loc 1 69 47 discriminator 2 view .LVU1627
 4811 001e 044A     		ldr	r2, .L541+8
 4812 0020 002B     		cmp	r3, #0
 4813 0022 08BF     		it	eq
 4814 0024 1346     		moveq	r3, r2
 4815 0026 F0E7     		b	.L538
 4816              	.L542:
 4817              		.align	2
 4818              	.L541:
 4819 0028 00000000 		.word	cJSON_malloc
 4820 002c 00000000 		.word	malloc
 4821 0030 00000000 		.word	free
 4822 0034 00000000 		.word	cJSON_free
 4823              		.cfi_endproc
 4824              	.LFE7:
 4826              		.section	.text.cJSON_Delete,"ax",%progbits
 4827              		.align	1
 4828              		.global	cJSON_Delete
 4829              		.syntax unified
 4830              		.thumb
 4831              		.thumb_func
 4833              	cJSON_Delete:
 4834              	.LVL615:
 4835              	.LFB9:
  82:Core/Src/device/cjson.c **** 	cJSON *next;
 4836              		.loc 1 82 1 is_stmt 1 view -0
 4837              		.cfi_startproc
 4838              		@ args = 0, pretend = 0, frame = 0
 4839              		@ frame_needed = 0, uses_anonymous_args = 0
  83:Core/Src/device/cjson.c **** 	while (c)
 4840              		.loc 1 83 2 view .LVU1629
  84:Core/Src/device/cjson.c **** 	{
 4841              		.loc 1 84 2 view .LVU1630
  82:Core/Src/device/cjson.c **** 	cJSON *next;
 4842              		.loc 1 82 1 is_stmt 0 view .LVU1631
 4843 0000 70B5     		push	{r4, r5, r6, lr}
 4844              	.LCFI29:
 4845              		.cfi_def_cfa_offset 16
 4846              		.cfi_offset 4, -16
 4847              		.cfi_offset 5, -12
 4848              		.cfi_offset 6, -8
 4849              		.cfi_offset 14, -4
ARM GAS  C:\Users\airforce\AppData\Local\Temp\ccf0vFDc.s 			page 124


  82:Core/Src/device/cjson.c **** 	cJSON *next;
 4850              		.loc 1 82 1 view .LVU1632
 4851 0002 0446     		mov	r4, r0
 4852 0004 0F4D     		ldr	r5, .L559
 4853              	.LVL616:
 4854              	.L544:
  84:Core/Src/device/cjson.c **** 	{
 4855              		.loc 1 84 9 is_stmt 1 view .LVU1633
 4856 0006 04B9     		cbnz	r4, .L552
  93:Core/Src/device/cjson.c **** 
 4857              		.loc 1 93 1 is_stmt 0 view .LVU1634
 4858 0008 70BD     		pop	{r4, r5, r6, pc}
 4859              	.LVL617:
 4860              	.L552:
  86:Core/Src/device/cjson.c **** 		if (!(c->type&cJSON_IsReference) && c->child) cJSON_Delete(c->child);
 4861              		.loc 1 86 3 is_stmt 1 view .LVU1635
  87:Core/Src/device/cjson.c **** 		if (!(c->type&cJSON_IsReference) && c->valuestring) cJSON_free(c->valuestring);
 4862              		.loc 1 87 16 is_stmt 0 view .LVU1636
 4863 000a E368     		ldr	r3, [r4, #12]
  86:Core/Src/device/cjson.c **** 		if (!(c->type&cJSON_IsReference) && c->child) cJSON_Delete(c->child);
 4864              		.loc 1 86 7 view .LVU1637
 4865 000c 2668     		ldr	r6, [r4]
 4866              	.LVL618:
  87:Core/Src/device/cjson.c **** 		if (!(c->type&cJSON_IsReference) && c->valuestring) cJSON_free(c->valuestring);
 4867              		.loc 1 87 3 is_stmt 1 view .LVU1638
  87:Core/Src/device/cjson.c **** 		if (!(c->type&cJSON_IsReference) && c->valuestring) cJSON_free(c->valuestring);
 4868              		.loc 1 87 6 is_stmt 0 view .LVU1639
 4869 000e D905     		lsls	r1, r3, #23
 4870 0010 03D4     		bmi	.L546
  87:Core/Src/device/cjson.c **** 		if (!(c->type&cJSON_IsReference) && c->valuestring) cJSON_free(c->valuestring);
 4871              		.loc 1 87 40 discriminator 1 view .LVU1640
 4872 0012 A068     		ldr	r0, [r4, #8]
  87:Core/Src/device/cjson.c **** 		if (!(c->type&cJSON_IsReference) && c->valuestring) cJSON_free(c->valuestring);
 4873              		.loc 1 87 36 discriminator 1 view .LVU1641
 4874 0014 68B9     		cbnz	r0, .L547
 4875              	.L550:
  88:Core/Src/device/cjson.c **** 		if (!(c->type&cJSON_StringIsConst) && c->string) cJSON_free(c->string);
 4876              		.loc 1 88 40 discriminator 1 view .LVU1642
 4877 0016 2069     		ldr	r0, [r4, #16]
  88:Core/Src/device/cjson.c **** 		if (!(c->type&cJSON_StringIsConst) && c->string) cJSON_free(c->string);
 4878              		.loc 1 88 36 discriminator 1 view .LVU1643
 4879 0018 88B9     		cbnz	r0, .L548
 4880              	.L546:
  89:Core/Src/device/cjson.c **** 		cJSON_free(c);
 4881              		.loc 1 89 3 is_stmt 1 view .LVU1644
  89:Core/Src/device/cjson.c **** 		cJSON_free(c);
 4882              		.loc 1 89 16 is_stmt 0 view .LVU1645
 4883 001a E368     		ldr	r3, [r4, #12]
  89:Core/Src/device/cjson.c **** 		cJSON_free(c);
 4884              		.loc 1 89 6 view .LVU1646
 4885 001c 9B05     		lsls	r3, r3, #22
 4886 001e 03D4     		bmi	.L551
  89:Core/Src/device/cjson.c **** 		cJSON_free(c);
 4887              		.loc 1 89 42 discriminator 1 view .LVU1647
 4888 0020 206A     		ldr	r0, [r4, #32]
  89:Core/Src/device/cjson.c **** 		cJSON_free(c);
 4889              		.loc 1 89 38 discriminator 1 view .LVU1648
ARM GAS  C:\Users\airforce\AppData\Local\Temp\ccf0vFDc.s 			page 125


 4890 0022 08B1     		cbz	r0, .L551
  89:Core/Src/device/cjson.c **** 		cJSON_free(c);
 4891              		.loc 1 89 52 is_stmt 1 discriminator 2 view .LVU1649
 4892 0024 2B68     		ldr	r3, [r5]
 4893 0026 9847     		blx	r3
 4894              	.LVL619:
 4895              	.L551:
  90:Core/Src/device/cjson.c **** 		c=next;
 4896              		.loc 1 90 3 view .LVU1650
 4897 0028 2046     		mov	r0, r4
 4898 002a 2B68     		ldr	r3, [r5]
 4899 002c 9847     		blx	r3
 4900              	.LVL620:
  91:Core/Src/device/cjson.c **** 	}
 4901              		.loc 1 91 3 view .LVU1651
  91:Core/Src/device/cjson.c **** 	}
 4902              		.loc 1 91 4 is_stmt 0 view .LVU1652
 4903 002e 3446     		mov	r4, r6
 4904 0030 E9E7     		b	.L544
 4905              	.LVL621:
 4906              	.L547:
  87:Core/Src/device/cjson.c **** 		if (!(c->type&cJSON_IsReference) && c->valuestring) cJSON_free(c->valuestring);
 4907              		.loc 1 87 49 is_stmt 1 discriminator 2 view .LVU1653
 4908 0032 FFF7FEFF 		bl	cJSON_Delete
 4909              	.LVL622:
  88:Core/Src/device/cjson.c **** 		if (!(c->type&cJSON_StringIsConst) && c->string) cJSON_free(c->string);
 4910              		.loc 1 88 3 view .LVU1654
  88:Core/Src/device/cjson.c **** 		if (!(c->type&cJSON_StringIsConst) && c->string) cJSON_free(c->string);
 4911              		.loc 1 88 16 is_stmt 0 view .LVU1655
 4912 0036 E368     		ldr	r3, [r4, #12]
  88:Core/Src/device/cjson.c **** 		if (!(c->type&cJSON_StringIsConst) && c->string) cJSON_free(c->string);
 4913              		.loc 1 88 6 view .LVU1656
 4914 0038 DA05     		lsls	r2, r3, #23
 4915 003a ECD5     		bpl	.L550
 4916 003c EDE7     		b	.L546
 4917              	.L548:
  88:Core/Src/device/cjson.c **** 		if (!(c->type&cJSON_StringIsConst) && c->string) cJSON_free(c->string);
 4918              		.loc 1 88 55 is_stmt 1 discriminator 2 view .LVU1657
 4919 003e 2B68     		ldr	r3, [r5]
 4920 0040 9847     		blx	r3
 4921              	.LVL623:
 4922 0042 EAE7     		b	.L546
 4923              	.L560:
 4924              		.align	2
 4925              	.L559:
 4926 0044 00000000 		.word	cJSON_free
 4927              		.cfi_endproc
 4928              	.LFE9:
 4930              		.section	.text.cJSON_ParseWithOpts,"ax",%progbits
 4931              		.align	1
 4932              		.global	cJSON_ParseWithOpts
 4933              		.syntax unified
 4934              		.thumb
 4935              		.thumb_func
 4937              	cJSON_ParseWithOpts:
 4938              	.LVL624:
 4939              	.LFB20:
ARM GAS  C:\Users\airforce\AppData\Local\Temp\ccf0vFDc.s 			page 126


 324:Core/Src/device/cjson.c **** 	const char *end=0;
 4940              		.loc 1 324 1 view -0
 4941              		.cfi_startproc
 4942              		@ args = 0, pretend = 0, frame = 0
 4943              		@ frame_needed = 0, uses_anonymous_args = 0
 325:Core/Src/device/cjson.c **** 	cJSON *c=cJSON_New_Item();
 4944              		.loc 1 325 2 view .LVU1659
 326:Core/Src/device/cjson.c **** 	ep=0;
 4945              		.loc 1 326 2 view .LVU1660
 324:Core/Src/device/cjson.c **** 	const char *end=0;
 4946              		.loc 1 324 1 is_stmt 0 view .LVU1661
 4947 0000 2DE9F041 		push	{r4, r5, r6, r7, r8, lr}
 4948              	.LCFI30:
 4949              		.cfi_def_cfa_offset 24
 4950              		.cfi_offset 4, -24
 4951              		.cfi_offset 5, -20
 4952              		.cfi_offset 6, -16
 4953              		.cfi_offset 7, -12
 4954              		.cfi_offset 8, -8
 4955              		.cfi_offset 14, -4
 324:Core/Src/device/cjson.c **** 	const char *end=0;
 4956              		.loc 1 324 1 view .LVU1662
 4957 0004 0446     		mov	r4, r0
 4958 0006 0E46     		mov	r6, r1
 4959 0008 1746     		mov	r7, r2
 326:Core/Src/device/cjson.c **** 	ep=0;
 4960              		.loc 1 326 11 view .LVU1663
 4961 000a FFF7FEFF 		bl	cJSON_New_Item
 4962              	.LVL625:
 327:Core/Src/device/cjson.c **** 	if (!c) return 0;       /* memory fail */
 4963              		.loc 1 327 2 is_stmt 1 view .LVU1664
 327:Core/Src/device/cjson.c **** 	if (!c) return 0;       /* memory fail */
 4964              		.loc 1 327 4 is_stmt 0 view .LVU1665
 4965 000e 0023     		movs	r3, #0
 4966 0010 DFF84880 		ldr	r8, .L577
 328:Core/Src/device/cjson.c **** 
 4967              		.loc 1 328 5 view .LVU1666
 4968 0014 0546     		mov	r5, r0
 327:Core/Src/device/cjson.c **** 	if (!c) return 0;       /* memory fail */
 4969              		.loc 1 327 4 view .LVU1667
 4970 0016 C8F80030 		str	r3, [r8]
 328:Core/Src/device/cjson.c **** 
 4971              		.loc 1 328 2 is_stmt 1 view .LVU1668
 328:Core/Src/device/cjson.c **** 
 4972              		.loc 1 328 5 is_stmt 0 view .LVU1669
 4973 001a 58B1     		cbz	r0, .L562
 330:Core/Src/device/cjson.c **** 	if (!end)	{cJSON_Delete(c);return 0;}	/* parse failure. ep is set. */
 4974              		.loc 1 330 2 is_stmt 1 view .LVU1670
 330:Core/Src/device/cjson.c **** 	if (!end)	{cJSON_Delete(c);return 0;}	/* parse failure. ep is set. */
 4975              		.loc 1 330 6 is_stmt 0 view .LVU1671
 4976 001c 2046     		mov	r0, r4
 4977              	.LVL626:
 330:Core/Src/device/cjson.c **** 	if (!end)	{cJSON_Delete(c);return 0;}	/* parse failure. ep is set. */
 4978              		.loc 1 330 6 view .LVU1672
 4979 001e FFF7FEFF 		bl	skip
 4980              	.LVL627:
 4981 0022 0146     		mov	r1, r0
ARM GAS  C:\Users\airforce\AppData\Local\Temp\ccf0vFDc.s 			page 127


 330:Core/Src/device/cjson.c **** 	if (!end)	{cJSON_Delete(c);return 0;}	/* parse failure. ep is set. */
 4982              		.loc 1 330 6 discriminator 1 view .LVU1673
 4983 0024 2846     		mov	r0, r5
 4984 0026 FFF7FEFF 		bl	parse_value
 4985              	.LVL628:
 331:Core/Src/device/cjson.c **** 
 4986              		.loc 1 331 2 is_stmt 1 view .LVU1674
 331:Core/Src/device/cjson.c **** 
 4987              		.loc 1 331 5 is_stmt 0 view .LVU1675
 4988 002a 0446     		mov	r4, r0
 4989              	.LVL629:
 331:Core/Src/device/cjson.c **** 
 4990              		.loc 1 331 5 view .LVU1676
 4991 002c 30B9     		cbnz	r0, .L563
 331:Core/Src/device/cjson.c **** 
 4992              		.loc 1 331 13 is_stmt 1 discriminator 1 view .LVU1677
 4993 002e 2846     		mov	r0, r5
 4994              	.LVL630:
 331:Core/Src/device/cjson.c **** 
 4995              		.loc 1 331 13 is_stmt 0 discriminator 1 view .LVU1678
 4996 0030 FFF7FEFF 		bl	cJSON_Delete
 4997              	.LVL631:
 331:Core/Src/device/cjson.c **** 
 4998              		.loc 1 331 29 is_stmt 1 discriminator 1 view .LVU1679
 4999              	.L562:
 328:Core/Src/device/cjson.c **** 
 5000              		.loc 1 328 17 is_stmt 0 discriminator 1 view .LVU1680
 5001 0034 0025     		movs	r5, #0
 5002              	.LVL632:
 5003              	.L561:
 337:Core/Src/device/cjson.c **** /* Default options for cJSON_Parse */
 5004              		.loc 1 337 1 view .LVU1681
 5005 0036 2846     		mov	r0, r5
 5006 0038 BDE8F081 		pop	{r4, r5, r6, r7, r8, pc}
 5007              	.LVL633:
 5008              	.L563:
 334:Core/Src/device/cjson.c **** 	if (return_parse_end) *return_parse_end=end;
 5009              		.loc 1 334 2 is_stmt 1 view .LVU1682
 334:Core/Src/device/cjson.c **** 	if (return_parse_end) *return_parse_end=end;
 5010              		.loc 1 334 5 is_stmt 0 view .LVU1683
 5011 003c 57B1     		cbz	r7, .L565
 334:Core/Src/device/cjson.c **** 	if (return_parse_end) *return_parse_end=end;
 5012              		.loc 1 334 32 is_stmt 1 discriminator 1 view .LVU1684
 334:Core/Src/device/cjson.c **** 	if (return_parse_end) *return_parse_end=end;
 5013              		.loc 1 334 36 is_stmt 0 discriminator 1 view .LVU1685
 5014 003e FFF7FEFF 		bl	skip
 5015              	.LVL634:
 334:Core/Src/device/cjson.c **** 	if (return_parse_end) *return_parse_end=end;
 5016              		.loc 1 334 49 discriminator 1 view .LVU1686
 5017 0042 0378     		ldrb	r3, [r0]	@ zero_extendqisi2
 334:Core/Src/device/cjson.c **** 	if (return_parse_end) *return_parse_end=end;
 5018              		.loc 1 334 36 discriminator 1 view .LVU1687
 5019 0044 0446     		mov	r4, r0
 5020              	.LVL635:
 334:Core/Src/device/cjson.c **** 	if (return_parse_end) *return_parse_end=end;
 5021              		.loc 1 334 46 is_stmt 1 discriminator 1 view .LVU1688
 334:Core/Src/device/cjson.c **** 	if (return_parse_end) *return_parse_end=end;
ARM GAS  C:\Users\airforce\AppData\Local\Temp\ccf0vFDc.s 			page 128


 5022              		.loc 1 334 49 is_stmt 0 discriminator 1 view .LVU1689
 5023 0046 2BB1     		cbz	r3, .L565
 334:Core/Src/device/cjson.c **** 	if (return_parse_end) *return_parse_end=end;
 5024              		.loc 1 334 57 is_stmt 1 discriminator 2 view .LVU1690
 5025 0048 2846     		mov	r0, r5
 5026              	.LVL636:
 334:Core/Src/device/cjson.c **** 	if (return_parse_end) *return_parse_end=end;
 5027              		.loc 1 334 57 is_stmt 0 discriminator 2 view .LVU1691
 5028 004a FFF7FEFF 		bl	cJSON_Delete
 5029              	.LVL637:
 334:Core/Src/device/cjson.c **** 	if (return_parse_end) *return_parse_end=end;
 5030              		.loc 1 334 73 is_stmt 1 discriminator 1 view .LVU1692
 334:Core/Src/device/cjson.c **** 	if (return_parse_end) *return_parse_end=end;
 5031              		.loc 1 334 75 is_stmt 0 discriminator 1 view .LVU1693
 5032 004e C8F80040 		str	r4, [r8]
 334:Core/Src/device/cjson.c **** 	if (return_parse_end) *return_parse_end=end;
 5033              		.loc 1 334 80 is_stmt 1 discriminator 1 view .LVU1694
 334:Core/Src/device/cjson.c **** 	if (return_parse_end) *return_parse_end=end;
 5034              		.loc 1 334 87 is_stmt 0 view .LVU1695
 5035 0052 EFE7     		b	.L562
 5036              	.LVL638:
 5037              	.L565:
 335:Core/Src/device/cjson.c **** 	return c;
 5038              		.loc 1 335 2 is_stmt 1 view .LVU1696
 335:Core/Src/device/cjson.c **** 	return c;
 5039              		.loc 1 335 5 is_stmt 0 view .LVU1697
 5040 0054 002E     		cmp	r6, #0
 5041 0056 EED0     		beq	.L561
 335:Core/Src/device/cjson.c **** 	return c;
 5042              		.loc 1 335 24 is_stmt 1 discriminator 1 view .LVU1698
 335:Core/Src/device/cjson.c **** 	return c;
 5043              		.loc 1 335 41 is_stmt 0 discriminator 1 view .LVU1699
 5044 0058 3460     		str	r4, [r6]
 5045 005a ECE7     		b	.L561
 5046              	.L578:
 5047              		.align	2
 5048              	.L577:
 5049 005c 00000000 		.word	ep
 5050              		.cfi_endproc
 5051              	.LFE20:
 5053              		.section	.text.cJSON_Parse,"ax",%progbits
 5054              		.align	1
 5055              		.global	cJSON_Parse
 5056              		.syntax unified
 5057              		.thumb
 5058              		.thumb_func
 5060              	cJSON_Parse:
 5061              	.LVL639:
 5062              	.LFB21:
 339:Core/Src/device/cjson.c **** 
 5063              		.loc 1 339 39 is_stmt 1 view -0
 5064              		.cfi_startproc
 5065              		@ args = 0, pretend = 0, frame = 0
 5066              		@ frame_needed = 0, uses_anonymous_args = 0
 5067              		@ link register save eliminated.
 339:Core/Src/device/cjson.c **** 
 5068              		.loc 1 339 40 view .LVU1701
ARM GAS  C:\Users\airforce\AppData\Local\Temp\ccf0vFDc.s 			page 129


 339:Core/Src/device/cjson.c **** 
 5069              		.loc 1 339 47 is_stmt 0 view .LVU1702
 5070 0000 0022     		movs	r2, #0
 5071 0002 1146     		mov	r1, r2
 5072 0004 FFF7FEBF 		b	cJSON_ParseWithOpts
 5073              	.LVL640:
 339:Core/Src/device/cjson.c **** 
 5074              		.loc 1 339 47 view .LVU1703
 5075              		.cfi_endproc
 5076              	.LFE21:
 5078              		.section	.text.cJSON_Print,"ax",%progbits
 5079              		.align	1
 5080              		.global	cJSON_Print
 5081              		.syntax unified
 5082              		.thumb
 5083              		.thumb_func
 5085              	cJSON_Print:
 5086              	.LVL641:
 5087              	.LFB22:
 342:Core/Src/device/cjson.c **** char *cJSON_PrintUnformatted(cJSON *item)	{return print_value(item,0,0,0);}
 5088              		.loc 1 342 35 is_stmt 1 view -0
 5089              		.cfi_startproc
 5090              		@ args = 0, pretend = 0, frame = 0
 5091              		@ frame_needed = 0, uses_anonymous_args = 0
 5092              		@ link register save eliminated.
 342:Core/Src/device/cjson.c **** char *cJSON_PrintUnformatted(cJSON *item)	{return print_value(item,0,0,0);}
 5093              		.loc 1 342 36 view .LVU1705
 342:Core/Src/device/cjson.c **** char *cJSON_PrintUnformatted(cJSON *item)	{return print_value(item,0,0,0);}
 5094              		.loc 1 342 43 is_stmt 0 view .LVU1706
 5095 0000 0023     		movs	r3, #0
 5096 0002 0122     		movs	r2, #1
 5097 0004 1946     		mov	r1, r3
 5098 0006 FFF7FEBF 		b	print_value
 5099              	.LVL642:
 342:Core/Src/device/cjson.c **** char *cJSON_PrintUnformatted(cJSON *item)	{return print_value(item,0,0,0);}
 5100              		.loc 1 342 43 view .LVU1707
 5101              		.cfi_endproc
 5102              	.LFE22:
 5104              		.section	.text.cJSON_PrintUnformatted,"ax",%progbits
 5105              		.align	1
 5106              		.global	cJSON_PrintUnformatted
 5107              		.syntax unified
 5108              		.thumb
 5109              		.thumb_func
 5111              	cJSON_PrintUnformatted:
 5112              	.LVL643:
 5113              	.LFB23:
 343:Core/Src/device/cjson.c **** 
 5114              		.loc 1 343 43 is_stmt 1 view -0
 5115              		.cfi_startproc
 5116              		@ args = 0, pretend = 0, frame = 0
 5117              		@ frame_needed = 0, uses_anonymous_args = 0
 5118              		@ link register save eliminated.
 343:Core/Src/device/cjson.c **** 
 5119              		.loc 1 343 44 view .LVU1709
 343:Core/Src/device/cjson.c **** 
 5120              		.loc 1 343 51 is_stmt 0 view .LVU1710
ARM GAS  C:\Users\airforce\AppData\Local\Temp\ccf0vFDc.s 			page 130


 5121 0000 0023     		movs	r3, #0
 5122 0002 1A46     		mov	r2, r3
 5123 0004 1946     		mov	r1, r3
 5124 0006 FFF7FEBF 		b	print_value
 5125              	.LVL644:
 343:Core/Src/device/cjson.c **** 
 5126              		.loc 1 343 51 view .LVU1711
 5127              		.cfi_endproc
 5128              	.LFE23:
 5130              		.section	.text.cJSON_PrintBuffered,"ax",%progbits
 5131              		.align	1
 5132              		.global	cJSON_PrintBuffered
 5133              		.syntax unified
 5134              		.thumb
 5135              		.thumb_func
 5137              	cJSON_PrintBuffered:
 5138              	.LVL645:
 5139              	.LFB24:
 346:Core/Src/device/cjson.c **** 	printbuffer p;
 5140              		.loc 1 346 1 is_stmt 1 view -0
 5141              		.cfi_startproc
 5142              		@ args = 0, pretend = 0, frame = 16
 5143              		@ frame_needed = 0, uses_anonymous_args = 0
 347:Core/Src/device/cjson.c **** 	p.buffer=(char*)cJSON_malloc(prebuffer);
 5144              		.loc 1 347 2 view .LVU1713
 348:Core/Src/device/cjson.c **** 	p.length=prebuffer;
 5145              		.loc 1 348 2 view .LVU1714
 346:Core/Src/device/cjson.c **** 	printbuffer p;
 5146              		.loc 1 346 1 is_stmt 0 view .LVU1715
 5147 0000 7FB5     		push	{r0, r1, r2, r3, r4, r5, r6, lr}
 5148              	.LCFI31:
 5149              		.cfi_def_cfa_offset 32
 5150              		.cfi_offset 4, -16
 5151              		.cfi_offset 5, -12
 5152              		.cfi_offset 6, -8
 5153              		.cfi_offset 14, -4
 348:Core/Src/device/cjson.c **** 	p.length=prebuffer;
 5154              		.loc 1 348 18 view .LVU1716
 5155 0002 094B     		ldr	r3, .L583
 346:Core/Src/device/cjson.c **** 	printbuffer p;
 5156              		.loc 1 346 1 view .LVU1717
 5157 0004 0546     		mov	r5, r0
 348:Core/Src/device/cjson.c **** 	p.length=prebuffer;
 5158              		.loc 1 348 18 view .LVU1718
 5159 0006 1B68     		ldr	r3, [r3]
 5160 0008 0846     		mov	r0, r1
 5161              	.LVL646:
 346:Core/Src/device/cjson.c **** 	printbuffer p;
 5162              		.loc 1 346 1 view .LVU1719
 5163 000a 0C46     		mov	r4, r1
 5164 000c 1646     		mov	r6, r2
 348:Core/Src/device/cjson.c **** 	p.length=prebuffer;
 5165              		.loc 1 348 18 view .LVU1720
 5166 000e 9847     		blx	r3
 5167              	.LVL647:
 350:Core/Src/device/cjson.c **** 	return print_value(item,0,fmt,&p);
 5168              		.loc 1 350 10 view .LVU1721
ARM GAS  C:\Users\airforce\AppData\Local\Temp\ccf0vFDc.s 			page 131


 5169 0010 0021     		movs	r1, #0
 349:Core/Src/device/cjson.c **** 	p.offset=0;
 5170              		.loc 1 349 10 view .LVU1722
 5171 0012 CDE90104 		strd	r0, r4, [sp, #4]
 350:Core/Src/device/cjson.c **** 	return print_value(item,0,fmt,&p);
 5172              		.loc 1 350 2 is_stmt 1 view .LVU1723
 351:Core/Src/device/cjson.c **** 	return p.buffer;
 5173              		.loc 1 351 9 is_stmt 0 view .LVU1724
 5174 0016 3246     		mov	r2, r6
 5175 0018 2846     		mov	r0, r5
 5176 001a 01AB     		add	r3, sp, #4
 350:Core/Src/device/cjson.c **** 	return print_value(item,0,fmt,&p);
 5177              		.loc 1 350 10 view .LVU1725
 5178 001c 0391     		str	r1, [sp, #12]
 351:Core/Src/device/cjson.c **** 	return p.buffer;
 5179              		.loc 1 351 2 is_stmt 1 view .LVU1726
 351:Core/Src/device/cjson.c **** 	return p.buffer;
 5180              		.loc 1 351 9 is_stmt 0 view .LVU1727
 5181 001e FFF7FEFF 		bl	print_value
 5182              	.LVL648:
 353:Core/Src/device/cjson.c **** 
 5183              		.loc 1 353 1 view .LVU1728
 5184 0022 04B0     		add	sp, sp, #16
 5185              	.LCFI32:
 5186              		.cfi_def_cfa_offset 16
 5187              		@ sp needed
 5188 0024 70BD     		pop	{r4, r5, r6, pc}
 5189              	.LVL649:
 5190              	.L584:
 353:Core/Src/device/cjson.c **** 
 5191              		.loc 1 353 1 view .LVU1729
 5192 0026 00BF     		.align	2
 5193              	.L583:
 5194 0028 00000000 		.word	cJSON_malloc
 5195              		.cfi_endproc
 5196              	.LFE24:
 5198              		.section	.text.cJSON_GetArraySize,"ax",%progbits
 5199              		.align	1
 5200              		.global	cJSON_GetArraySize
 5201              		.syntax unified
 5202              		.thumb
 5203              		.thumb_func
 5205              	cJSON_GetArraySize:
 5206              	.LVL650:
 5207              	.LFB31:
 661:Core/Src/device/cjson.c **** cJSON *cJSON_GetArrayItem(cJSON *array,int item)				{cJSON *c=array->child;  while (c && item>0) it
 5208              		.loc 1 661 47 is_stmt 1 view -0
 5209              		.cfi_startproc
 5210              		@ args = 0, pretend = 0, frame = 0
 5211              		@ frame_needed = 0, uses_anonymous_args = 0
 5212              		@ link register save eliminated.
 661:Core/Src/device/cjson.c **** cJSON *cJSON_GetArrayItem(cJSON *array,int item)				{cJSON *c=array->child;  while (c && item>0) it
 5213              		.loc 1 661 48 view .LVU1731
 661:Core/Src/device/cjson.c **** cJSON *cJSON_GetArrayItem(cJSON *array,int item)				{cJSON *c=array->child;  while (c && item>0) it
 5214              		.loc 1 661 55 is_stmt 0 view .LVU1732
 5215 0000 8368     		ldr	r3, [r0, #8]
 5216              	.LVL651:
ARM GAS  C:\Users\airforce\AppData\Local\Temp\ccf0vFDc.s 			page 132


 661:Core/Src/device/cjson.c **** cJSON *cJSON_GetArrayItem(cJSON *array,int item)				{cJSON *c=array->child;  while (c && item>0) it
 5217              		.loc 1 661 70 is_stmt 1 view .LVU1733
 661:Core/Src/device/cjson.c **** cJSON *cJSON_GetArrayItem(cJSON *array,int item)				{cJSON *c=array->child;  while (c && item>0) it
 5218              		.loc 1 661 78 view .LVU1734
 661:Core/Src/device/cjson.c **** cJSON *cJSON_GetArrayItem(cJSON *array,int item)				{cJSON *c=array->child;  while (c && item>0) it
 5219              		.loc 1 661 74 is_stmt 0 view .LVU1735
 5220 0002 0020     		movs	r0, #0
 5221              	.LVL652:
 5222              	.L586:
 661:Core/Src/device/cjson.c **** cJSON *cJSON_GetArrayItem(cJSON *array,int item)				{cJSON *c=array->child;  while (c && item>0) it
 5223              		.loc 1 661 84 is_stmt 1 discriminator 1 view .LVU1736
 5224 0004 03B9     		cbnz	r3, .L587
 661:Core/Src/device/cjson.c **** cJSON *cJSON_GetArrayItem(cJSON *array,int item)				{cJSON *c=array->child;  while (c && item>0) it
 5225              		.loc 1 661 100 discriminator 4 view .LVU1737
 661:Core/Src/device/cjson.c **** cJSON *cJSON_GetArrayItem(cJSON *array,int item)				{cJSON *c=array->child;  while (c && item>0) it
 5226              		.loc 1 661 109 is_stmt 0 view .LVU1738
 5227 0006 7047     		bx	lr
 5228              	.L587:
 661:Core/Src/device/cjson.c **** cJSON *cJSON_GetArrayItem(cJSON *array,int item)				{cJSON *c=array->child;  while (c && item>0) it
 5229              		.loc 1 661 86 is_stmt 1 discriminator 3 view .LVU1739
 661:Core/Src/device/cjson.c **** cJSON *cJSON_GetArrayItem(cJSON *array,int item)				{cJSON *c=array->child;  while (c && item>0) it
 5230              		.loc 1 661 91 is_stmt 0 discriminator 3 view .LVU1740
 5231 0008 1B68     		ldr	r3, [r3]
 5232              	.LVL653:
 661:Core/Src/device/cjson.c **** cJSON *cJSON_GetArrayItem(cJSON *array,int item)				{cJSON *c=array->child;  while (c && item>0) it
 5233              		.loc 1 661 87 discriminator 3 view .LVU1741
 5234 000a 0130     		adds	r0, r0, #1
 5235              	.LVL654:
 661:Core/Src/device/cjson.c **** cJSON *cJSON_GetArrayItem(cJSON *array,int item)				{cJSON *c=array->child;  while (c && item>0) it
 5236              		.loc 1 661 87 discriminator 3 view .LVU1742
 5237 000c FAE7     		b	.L586
 5238              		.cfi_endproc
 5239              	.LFE31:
 5241              		.section	.text.cJSON_GetArrayItem,"ax",%progbits
 5242              		.align	1
 5243              		.global	cJSON_GetArrayItem
 5244              		.syntax unified
 5245              		.thumb
 5246              		.thumb_func
 5248              	cJSON_GetArrayItem:
 5249              	.LVL655:
 5250              	.LFB32:
 662:Core/Src/device/cjson.c **** cJSON *cJSON_GetObjectItem(cJSON *object,const char *string)	{cJSON *c=object->child; while (c && c
 5251              		.loc 1 662 53 is_stmt 1 view -0
 5252              		.cfi_startproc
 5253              		@ args = 0, pretend = 0, frame = 0
 5254              		@ frame_needed = 0, uses_anonymous_args = 0
 5255              		@ link register save eliminated.
 662:Core/Src/device/cjson.c **** cJSON *cJSON_GetObjectItem(cJSON *object,const char *string)	{cJSON *c=object->child; while (c && c
 5256              		.loc 1 662 54 view .LVU1744
 662:Core/Src/device/cjson.c **** cJSON *cJSON_GetObjectItem(cJSON *object,const char *string)	{cJSON *c=object->child; while (c && c
 5257              		.loc 1 662 61 is_stmt 0 view .LVU1745
 5258 0000 8068     		ldr	r0, [r0, #8]
 5259              	.LVL656:
 662:Core/Src/device/cjson.c **** cJSON *cJSON_GetObjectItem(cJSON *object,const char *string)	{cJSON *c=object->child; while (c && c
 5260              		.loc 1 662 78 is_stmt 1 view .LVU1746
 5261              	.L589:
ARM GAS  C:\Users\airforce\AppData\Local\Temp\ccf0vFDc.s 			page 133


 662:Core/Src/device/cjson.c **** cJSON *cJSON_GetObjectItem(cJSON *object,const char *string)	{cJSON *c=object->child; while (c && c
 5262              		.loc 1 662 87 discriminator 1 view .LVU1747
 5263 0002 08B1     		cbz	r0, .L588
 662:Core/Src/device/cjson.c **** cJSON *cJSON_GetObjectItem(cJSON *object,const char *string)	{cJSON *c=object->child; while (c && c
 5264              		.loc 1 662 87 is_stmt 0 discriminator 3 view .LVU1748
 5265 0004 0029     		cmp	r1, #0
 5266 0006 00DC     		bgt	.L591
 5267              	.L588:
 662:Core/Src/device/cjson.c **** cJSON *cJSON_GetObjectItem(cJSON *object,const char *string)	{cJSON *c=object->child; while (c && c
 5268              		.loc 1 662 125 view .LVU1749
 5269 0008 7047     		bx	lr
 5270              	.L591:
 662:Core/Src/device/cjson.c **** cJSON *cJSON_GetObjectItem(cJSON *object,const char *string)	{cJSON *c=object->child; while (c && c
 5271              		.loc 1 662 98 is_stmt 1 discriminator 5 view .LVU1750
 662:Core/Src/device/cjson.c **** cJSON *cJSON_GetObjectItem(cJSON *object,const char *string)	{cJSON *c=object->child; while (c && c
 5272              		.loc 1 662 106 is_stmt 0 discriminator 5 view .LVU1751
 5273 000a 0068     		ldr	r0, [r0]
 5274              	.LVL657:
 662:Core/Src/device/cjson.c **** cJSON *cJSON_GetObjectItem(cJSON *object,const char *string)	{cJSON *c=object->child; while (c && c
 5275              		.loc 1 662 102 discriminator 5 view .LVU1752
 5276 000c 0139     		subs	r1, r1, #1
 5277              	.LVL658:
 662:Core/Src/device/cjson.c **** cJSON *cJSON_GetObjectItem(cJSON *object,const char *string)	{cJSON *c=object->child; while (c && c
 5278              		.loc 1 662 102 discriminator 5 view .LVU1753
 5279 000e F8E7     		b	.L589
 5280              		.cfi_endproc
 5281              	.LFE32:
 5283              		.section	.text.cJSON_GetObjectItem,"ax",%progbits
 5284              		.align	1
 5285              		.global	cJSON_GetObjectItem
 5286              		.syntax unified
 5287              		.thumb
 5288              		.thumb_func
 5290              	cJSON_GetObjectItem:
 5291              	.LVL659:
 5292              	.LFB33:
 663:Core/Src/device/cjson.c **** 
 5293              		.loc 1 663 62 is_stmt 1 view -0
 5294              		.cfi_startproc
 5295              		@ args = 0, pretend = 0, frame = 0
 5296              		@ frame_needed = 0, uses_anonymous_args = 0
 663:Core/Src/device/cjson.c **** 
 5297              		.loc 1 663 63 view .LVU1755
 663:Core/Src/device/cjson.c **** 
 5298              		.loc 1 663 62 is_stmt 0 view .LVU1756
 5299 0000 38B5     		push	{r3, r4, r5, lr}
 5300              	.LCFI33:
 5301              		.cfi_def_cfa_offset 16
 5302              		.cfi_offset 3, -16
 5303              		.cfi_offset 4, -12
 5304              		.cfi_offset 5, -8
 5305              		.cfi_offset 14, -4
 663:Core/Src/device/cjson.c **** 
 5306              		.loc 1 663 62 view .LVU1757
 5307 0002 0D46     		mov	r5, r1
 663:Core/Src/device/cjson.c **** 
 5308              		.loc 1 663 70 view .LVU1758
ARM GAS  C:\Users\airforce\AppData\Local\Temp\ccf0vFDc.s 			page 134


 5309 0004 8468     		ldr	r4, [r0, #8]
 5310              	.LVL660:
 663:Core/Src/device/cjson.c **** 
 5311              		.loc 1 663 87 is_stmt 1 view .LVU1759
 5312              	.L596:
 663:Core/Src/device/cjson.c **** 
 5313              		.loc 1 663 96 discriminator 1 view .LVU1760
 5314 0006 24B1     		cbz	r4, .L595
 663:Core/Src/device/cjson.c **** 
 5315              		.loc 1 663 99 is_stmt 0 discriminator 3 view .LVU1761
 5316 0008 2946     		mov	r1, r5
 5317 000a 206A     		ldr	r0, [r4, #32]
 5318 000c FFF7FEFF 		bl	cJSON_strcasecmp
 5319              	.LVL661:
 663:Core/Src/device/cjson.c **** 
 5320              		.loc 1 663 96 discriminator 1 view .LVU1762
 5321 0010 08B9     		cbnz	r0, .L598
 5322              	.L595:
 663:Core/Src/device/cjson.c **** 
 5323              		.loc 1 663 155 view .LVU1763
 5324 0012 2046     		mov	r0, r4
 5325 0014 38BD     		pop	{r3, r4, r5, pc}
 5326              	.LVL662:
 5327              	.L598:
 663:Core/Src/device/cjson.c **** 
 5328              		.loc 1 663 135 is_stmt 1 discriminator 5 view .LVU1764
 663:Core/Src/device/cjson.c **** 
 5329              		.loc 1 663 136 is_stmt 0 discriminator 5 view .LVU1765
 5330 0016 2468     		ldr	r4, [r4]
 5331              	.LVL663:
 663:Core/Src/device/cjson.c **** 
 5332              		.loc 1 663 136 discriminator 5 view .LVU1766
 5333 0018 F5E7     		b	.L596
 5334              		.cfi_endproc
 5335              	.LFE33:
 5337              		.section	.text.cJSON_AddItemToArray,"ax",%progbits
 5338              		.align	1
 5339              		.global	cJSON_AddItemToArray
 5340              		.syntax unified
 5341              		.thumb
 5342              		.thumb_func
 5344              	cJSON_AddItemToArray:
 5345              	.LVL664:
 5346              	.LFB36:
 669:Core/Src/device/cjson.c **** 
 670:Core/Src/device/cjson.c **** /* Add item to array/object. */
 671:Core/Src/device/cjson.c **** void   cJSON_AddItemToArray(cJSON *array, cJSON *item)						{cJSON *c=array->child;if (!item) retur
 5347              		.loc 1 671 61 is_stmt 1 view -0
 5348              		.cfi_startproc
 5349              		@ args = 0, pretend = 0, frame = 0
 5350              		@ frame_needed = 0, uses_anonymous_args = 0
 5351              		@ link register save eliminated.
 5352              		.loc 1 671 62 view .LVU1768
 5353              		.loc 1 671 84 view .LVU1769
 5354              		.loc 1 671 87 is_stmt 0 view .LVU1770
 5355 0000 49B1     		cbz	r1, .L602
 5356              		.loc 1 671 69 view .LVU1771
ARM GAS  C:\Users\airforce\AppData\Local\Temp\ccf0vFDc.s 			page 135


 5357 0002 8368     		ldr	r3, [r0, #8]
 5358              		.loc 1 671 103 is_stmt 1 discriminator 2 view .LVU1772
 5359              		.loc 1 671 106 is_stmt 0 discriminator 2 view .LVU1773
 5360 0004 0BB9     		cbnz	r3, .L604
 5361              		.loc 1 671 112 is_stmt 1 discriminator 3 view .LVU1774
 5362              		.loc 1 671 124 is_stmt 0 discriminator 3 view .LVU1775
 5363 0006 8160     		str	r1, [r0, #8]
 5364              	.LVL665:
 5365              		.loc 1 671 124 discriminator 3 view .LVU1776
 5366 0008 7047     		bx	lr
 5367              	.LVL666:
 5368              	.L604:
 5369              		.loc 1 671 147 is_stmt 1 discriminator 5 view .LVU1777
 5370 000a 1A46     		mov	r2, r3
 5371              		.loc 1 671 151 is_stmt 0 discriminator 6 view .LVU1778
 5372 000c 1B68     		ldr	r3, [r3]
 5373              	.LVL667:
 5374              		.loc 1 671 147 discriminator 6 view .LVU1779
 5375 000e 002B     		cmp	r3, #0
 5376 0010 FBD1     		bne	.L604
 5377              		.loc 1 671 170 is_stmt 1 discriminator 9 view .LVU1780
 5378              	.LVL668:
 5379              	.LBB109:
 5380              	.LBI109:
 666:Core/Src/device/cjson.c **** /* Utility for handling references. */
 5381              		.loc 1 666 13 view .LVU1781
 5382              	.LBB110:
 666:Core/Src/device/cjson.c **** /* Utility for handling references. */
 5383              		.loc 1 666 53 view .LVU1782
 666:Core/Src/device/cjson.c **** /* Utility for handling references. */
 5384              		.loc 1 666 63 is_stmt 0 view .LVU1783
 5385 0012 1160     		str	r1, [r2]
 666:Core/Src/device/cjson.c **** /* Utility for handling references. */
 5386              		.loc 1 666 69 is_stmt 1 view .LVU1784
 666:Core/Src/device/cjson.c **** /* Utility for handling references. */
 5387              		.loc 1 666 79 is_stmt 0 view .LVU1785
 5388 0014 4A60     		str	r2, [r1, #4]
 5389              	.LVL669:
 5390              	.L602:
 666:Core/Src/device/cjson.c **** /* Utility for handling references. */
 5391              		.loc 1 666 79 view .LVU1786
 5392              	.LBE110:
 5393              	.LBE109:
 5394              		.loc 1 671 193 view .LVU1787
 5395 0016 7047     		bx	lr
 5396              		.cfi_endproc
 5397              	.LFE36:
 5399              		.section	.text.cJSON_AddItemToObject,"ax",%progbits
 5400              		.align	1
 5401              		.global	cJSON_AddItemToObject
 5402              		.syntax unified
 5403              		.thumb
 5404              		.thumb_func
 5406              	cJSON_AddItemToObject:
 5407              	.LVL670:
 5408              	.LFB37:
 672:Core/Src/device/cjson.c **** void   cJSON_AddItemToObject(cJSON *object,const char *string,cJSON *item)	{if (!item) return; if (
ARM GAS  C:\Users\airforce\AppData\Local\Temp\ccf0vFDc.s 			page 136


 5409              		.loc 1 672 76 is_stmt 1 view -0
 5410              		.cfi_startproc
 5411              		@ args = 0, pretend = 0, frame = 0
 5412              		@ frame_needed = 0, uses_anonymous_args = 0
 5413              		.loc 1 672 77 view .LVU1789
 5414              		.loc 1 672 76 is_stmt 0 view .LVU1790
 5415 0000 70B5     		push	{r4, r5, r6, lr}
 5416              	.LCFI34:
 5417              		.cfi_def_cfa_offset 16
 5418              		.cfi_offset 4, -16
 5419              		.cfi_offset 5, -12
 5420              		.cfi_offset 6, -8
 5421              		.cfi_offset 14, -4
 5422              		.loc 1 672 76 view .LVU1791
 5423 0002 0546     		mov	r5, r0
 5424 0004 0E46     		mov	r6, r1
 5425              		.loc 1 672 80 view .LVU1792
 5426 0006 1446     		mov	r4, r2
 5427 0008 72B1     		cbz	r2, .L610
 5428              		.loc 1 672 96 is_stmt 1 discriminator 2 view .LVU1793
 5429              		.loc 1 672 104 is_stmt 0 discriminator 2 view .LVU1794
 5430 000a 106A     		ldr	r0, [r2, #32]
 5431              	.LVL671:
 5432              		.loc 1 672 99 discriminator 2 view .LVU1795
 5433 000c 10B1     		cbz	r0, .L612
 5434              		.loc 1 672 114 is_stmt 1 discriminator 3 view .LVU1796
 5435 000e 074B     		ldr	r3, .L616
 5436 0010 1B68     		ldr	r3, [r3]
 5437 0012 9847     		blx	r3
 5438              	.LVL672:
 5439              	.L612:
 5440              		.loc 1 672 139 discriminator 5 view .LVU1797
 5441              		.loc 1 672 152 is_stmt 0 discriminator 5 view .LVU1798
 5442 0014 3046     		mov	r0, r6
 5443 0016 FFF7FEFF 		bl	cJSON_strdup
 5444              	.LVL673:
 5445              		.loc 1 672 173 discriminator 1 view .LVU1799
 5446 001a 2146     		mov	r1, r4
 5447              		.loc 1 672 151 discriminator 1 view .LVU1800
 5448 001c 2062     		str	r0, [r4, #32]
 5449              		.loc 1 672 173 is_stmt 1 discriminator 1 view .LVU1801
 5450 001e 2846     		mov	r0, r5
 5451              		.loc 1 672 207 is_stmt 0 view .LVU1802
 5452 0020 BDE87040 		pop	{r4, r5, r6, lr}
 5453              	.LCFI35:
 5454              		.cfi_remember_state
 5455              		.cfi_restore 14
 5456              		.cfi_restore 6
 5457              		.cfi_restore 5
 5458              		.cfi_restore 4
 5459              		.cfi_def_cfa_offset 0
 5460              	.LVL674:
 5461              		.loc 1 672 173 discriminator 1 view .LVU1803
 5462 0024 FFF7FEBF 		b	cJSON_AddItemToArray
 5463              	.LVL675:
 5464              	.L610:
 5465              	.LCFI36:
ARM GAS  C:\Users\airforce\AppData\Local\Temp\ccf0vFDc.s 			page 137


 5466              		.cfi_restore_state
 5467              		.loc 1 672 207 view .LVU1804
 5468 0028 70BD     		pop	{r4, r5, r6, pc}
 5469              	.L617:
 5470 002a 00BF     		.align	2
 5471              	.L616:
 5472 002c 00000000 		.word	cJSON_free
 5473              		.cfi_endproc
 5474              	.LFE37:
 5476              		.section	.text.cJSON_AddItemToObjectCS,"ax",%progbits
 5477              		.align	1
 5478              		.global	cJSON_AddItemToObjectCS
 5479              		.syntax unified
 5480              		.thumb
 5481              		.thumb_func
 5483              	cJSON_AddItemToObjectCS:
 5484              	.LVL676:
 5485              	.LFB38:
 673:Core/Src/device/cjson.c **** void   cJSON_AddItemToObjectCS(cJSON *object,const char *string,cJSON *item)	{if (!item) return; if
 5486              		.loc 1 673 78 is_stmt 1 view -0
 5487              		.cfi_startproc
 5488              		@ args = 0, pretend = 0, frame = 0
 5489              		@ frame_needed = 0, uses_anonymous_args = 0
 5490              		.loc 1 673 79 view .LVU1806
 5491              		.loc 1 673 78 is_stmt 0 view .LVU1807
 5492 0000 70B5     		push	{r4, r5, r6, lr}
 5493              	.LCFI37:
 5494              		.cfi_def_cfa_offset 16
 5495              		.cfi_offset 4, -16
 5496              		.cfi_offset 5, -12
 5497              		.cfi_offset 6, -8
 5498              		.cfi_offset 14, -4
 5499              		.loc 1 673 78 view .LVU1808
 5500 0002 0546     		mov	r5, r0
 5501 0004 0E46     		mov	r6, r1
 5502              		.loc 1 673 82 view .LVU1809
 5503 0006 1446     		mov	r4, r2
 5504 0008 92B1     		cbz	r2, .L618
 5505              		.loc 1 673 98 is_stmt 1 discriminator 2 view .LVU1810
 5506              		.loc 1 673 114 is_stmt 0 discriminator 2 view .LVU1811
 5507 000a D368     		ldr	r3, [r2, #12]
 5508              		.loc 1 673 101 discriminator 2 view .LVU1812
 5509 000c 9B05     		lsls	r3, r3, #22
 5510 000e 04D4     		bmi	.L620
 5511              		.loc 1 673 143 discriminator 3 view .LVU1813
 5512 0010 106A     		ldr	r0, [r2, #32]
 5513              	.LVL677:
 5514              		.loc 1 673 136 discriminator 3 view .LVU1814
 5515 0012 10B1     		cbz	r0, .L620
 5516              		.loc 1 673 153 is_stmt 1 discriminator 5 view .LVU1815
 5517 0014 074B     		ldr	r3, .L624
 5518 0016 1B68     		ldr	r3, [r3]
 5519 0018 9847     		blx	r3
 5520              	.LVL678:
 5521              	.L620:
 5522              		.loc 1 673 178 discriminator 7 view .LVU1816
 5523              		.loc 1 673 215 is_stmt 0 discriminator 7 view .LVU1817
ARM GAS  C:\Users\airforce\AppData\Local\Temp\ccf0vFDc.s 			page 138


 5524 001a E368     		ldr	r3, [r4, #12]
 5525              		.loc 1 673 237 discriminator 7 view .LVU1818
 5526 001c 2146     		mov	r1, r4
 5527              		.loc 1 673 215 discriminator 7 view .LVU1819
 5528 001e 43F40073 		orr	r3, r3, #512
 5529              		.loc 1 673 237 discriminator 7 view .LVU1820
 5530 0022 2846     		mov	r0, r5
 5531              		.loc 1 673 190 discriminator 7 view .LVU1821
 5532 0024 2662     		str	r6, [r4, #32]
 5533              		.loc 1 673 205 is_stmt 1 view .LVU1822
 5534              		.loc 1 673 215 is_stmt 0 discriminator 7 view .LVU1823
 5535 0026 E360     		str	r3, [r4, #12]
 5536              		.loc 1 673 237 is_stmt 1 view .LVU1824
 5537              		.loc 1 673 271 is_stmt 0 view .LVU1825
 5538 0028 BDE87040 		pop	{r4, r5, r6, lr}
 5539              	.LCFI38:
 5540              		.cfi_remember_state
 5541              		.cfi_restore 14
 5542              		.cfi_restore 6
 5543              		.cfi_restore 5
 5544              		.cfi_restore 4
 5545              		.cfi_def_cfa_offset 0
 5546              	.LVL679:
 5547              		.loc 1 673 237 discriminator 7 view .LVU1826
 5548 002c FFF7FEBF 		b	cJSON_AddItemToArray
 5549              	.LVL680:
 5550              	.L618:
 5551              	.LCFI39:
 5552              		.cfi_restore_state
 5553              		.loc 1 673 271 view .LVU1827
 5554 0030 70BD     		pop	{r4, r5, r6, pc}
 5555              	.L625:
 5556 0032 00BF     		.align	2
 5557              	.L624:
 5558 0034 00000000 		.word	cJSON_free
 5559              		.cfi_endproc
 5560              	.LFE38:
 5562              		.section	.text.cJSON_AddItemReferenceToArray,"ax",%progbits
 5563              		.align	1
 5564              		.global	cJSON_AddItemReferenceToArray
 5565              		.syntax unified
 5566              		.thumb
 5567              		.thumb_func
 5569              	cJSON_AddItemReferenceToArray:
 5570              	.LVL681:
 5571              	.LFB39:
 674:Core/Src/device/cjson.c **** void	cJSON_AddItemReferenceToArray(cJSON *array, cJSON *item)						{cJSON_AddItemToArray(array,crea
 5572              		.loc 1 674 68 is_stmt 1 view -0
 5573              		.cfi_startproc
 5574              		@ args = 0, pretend = 0, frame = 0
 5575              		@ frame_needed = 0, uses_anonymous_args = 0
 5576              		.loc 1 674 69 view .LVU1829
 5577              		.loc 1 674 68 is_stmt 0 view .LVU1830
 5578 0000 10B5     		push	{r4, lr}
 5579              	.LCFI40:
 5580              		.cfi_def_cfa_offset 8
 5581              		.cfi_offset 4, -8
ARM GAS  C:\Users\airforce\AppData\Local\Temp\ccf0vFDc.s 			page 139


 5582              		.cfi_offset 14, -4
 5583              		.loc 1 674 68 view .LVU1831
 5584 0002 0446     		mov	r4, r0
 5585              		.loc 1 674 69 view .LVU1832
 5586 0004 0846     		mov	r0, r1
 5587              	.LVL682:
 5588              		.loc 1 674 69 view .LVU1833
 5589 0006 FFF7FEFF 		bl	create_reference
 5590              	.LVL683:
 5591              		.loc 1 674 69 view .LVU1834
 5592 000a 0146     		mov	r1, r0
 5593              		.loc 1 674 69 discriminator 1 view .LVU1835
 5594 000c 2046     		mov	r0, r4
 5595              		.loc 1 674 120 view .LVU1836
 5596 000e BDE81040 		pop	{r4, lr}
 5597              	.LCFI41:
 5598              		.cfi_restore 14
 5599              		.cfi_restore 4
 5600              		.cfi_def_cfa_offset 0
 5601              	.LVL684:
 5602              		.loc 1 674 69 discriminator 1 view .LVU1837
 5603 0012 FFF7FEBF 		b	cJSON_AddItemToArray
 5604              	.LVL685:
 5605              		.cfi_endproc
 5606              	.LFE39:
 5608              		.section	.text.cJSON_AddItemReferenceToObject,"ax",%progbits
 5609              		.align	1
 5610              		.global	cJSON_AddItemReferenceToObject
 5611              		.syntax unified
 5612              		.thumb
 5613              		.thumb_func
 5615              	cJSON_AddItemReferenceToObject:
 5616              	.LVL686:
 5617              	.LFB40:
 675:Core/Src/device/cjson.c **** void	cJSON_AddItemReferenceToObject(cJSON *object,const char *string,cJSON *item)	{cJSON_AddItemToO
 5618              		.loc 1 675 83 is_stmt 1 view -0
 5619              		.cfi_startproc
 5620              		@ args = 0, pretend = 0, frame = 0
 5621              		@ frame_needed = 0, uses_anonymous_args = 0
 5622              		.loc 1 675 84 view .LVU1839
 5623              		.loc 1 675 83 is_stmt 0 view .LVU1840
 5624 0000 38B5     		push	{r3, r4, r5, lr}
 5625              	.LCFI42:
 5626              		.cfi_def_cfa_offset 16
 5627              		.cfi_offset 3, -16
 5628              		.cfi_offset 4, -12
 5629              		.cfi_offset 5, -8
 5630              		.cfi_offset 14, -4
 5631              		.loc 1 675 83 view .LVU1841
 5632 0002 0446     		mov	r4, r0
 5633              		.loc 1 675 84 view .LVU1842
 5634 0004 1046     		mov	r0, r2
 5635              	.LVL687:
 5636              		.loc 1 675 83 view .LVU1843
 5637 0006 0D46     		mov	r5, r1
 5638              		.loc 1 675 84 view .LVU1844
 5639 0008 FFF7FEFF 		bl	create_reference
ARM GAS  C:\Users\airforce\AppData\Local\Temp\ccf0vFDc.s 			page 140


 5640              	.LVL688:
 5641              		.loc 1 675 84 discriminator 1 view .LVU1845
 5642 000c 2946     		mov	r1, r5
 5643              		.loc 1 675 84 view .LVU1846
 5644 000e 0246     		mov	r2, r0
 5645              		.loc 1 675 84 discriminator 1 view .LVU1847
 5646 0010 2046     		mov	r0, r4
 5647              		.loc 1 675 144 view .LVU1848
 5648 0012 BDE83840 		pop	{r3, r4, r5, lr}
 5649              	.LCFI43:
 5650              		.cfi_restore 14
 5651              		.cfi_restore 5
 5652              		.cfi_restore 4
 5653              		.cfi_restore 3
 5654              		.cfi_def_cfa_offset 0
 5655              	.LVL689:
 5656              		.loc 1 675 84 discriminator 1 view .LVU1849
 5657 0016 FFF7FEBF 		b	cJSON_AddItemToObject
 5658              	.LVL690:
 5659              		.loc 1 675 84 discriminator 1 view .LVU1850
 5660              		.cfi_endproc
 5661              	.LFE40:
 5663              		.section	.text.cJSON_DetachItemFromArray,"ax",%progbits
 5664              		.align	1
 5665              		.global	cJSON_DetachItemFromArray
 5666              		.syntax unified
 5667              		.thumb
 5668              		.thumb_func
 5670              	cJSON_DetachItemFromArray:
 5671              	.LVL691:
 5672              	.LFB41:
 676:Core/Src/device/cjson.c **** 
 677:Core/Src/device/cjson.c **** cJSON *cJSON_DetachItemFromArray(cJSON *array,int which)			{cJSON *c=array->child;while (c && which
 5673              		.loc 1 677 60 is_stmt 1 view -0
 5674              		.cfi_startproc
 5675              		@ args = 0, pretend = 0, frame = 0
 5676              		@ frame_needed = 0, uses_anonymous_args = 0
 5677              		.loc 1 677 61 view .LVU1852
 5678              		.loc 1 677 60 is_stmt 0 view .LVU1853
 5679 0000 10B5     		push	{r4, lr}
 5680              	.LCFI44:
 5681              		.cfi_def_cfa_offset 8
 5682              		.cfi_offset 4, -8
 5683              		.cfi_offset 14, -4
 5684              		.loc 1 677 68 view .LVU1854
 5685 0002 8468     		ldr	r4, [r0, #8]
 5686              	.LVL692:
 5687              		.loc 1 677 83 is_stmt 1 view .LVU1855
 5688              		.loc 1 677 60 is_stmt 0 view .LVU1856
 5689 0004 0346     		mov	r3, r0
 5690              		.loc 1 677 68 view .LVU1857
 5691 0006 2046     		mov	r0, r4
 5692              	.LVL693:
 5693              	.L629:
 5694              		.loc 1 677 92 is_stmt 1 discriminator 1 view .LVU1858
 5695 0008 70B1     		cbz	r0, .L628
 5696              		.loc 1 677 92 is_stmt 0 discriminator 3 view .LVU1859
ARM GAS  C:\Users\airforce\AppData\Local\Temp\ccf0vFDc.s 			page 141


 5697 000a 0029     		cmp	r1, #0
 5698 000c 0268     		ldr	r2, [r0]
 5699 000e 0CDC     		bgt	.L631
 5700              		.loc 1 677 122 is_stmt 1 discriminator 6 view .LVU1860
 678:Core/Src/device/cjson.c **** 	if (c->prev) c->prev->next=c->next;if (c->next) c->next->prev=c->prev;if (c==array->child) array->
 5701              		.loc 1 678 2 view .LVU1861
 5702              		.loc 1 678 7 is_stmt 0 view .LVU1862
 5703 0010 4168     		ldr	r1, [r0, #4]
 5704              	.LVL694:
 5705              		.loc 1 678 5 view .LVU1863
 5706 0012 01B1     		cbz	r1, .L632
 5707              		.loc 1 678 15 is_stmt 1 discriminator 1 view .LVU1864
 5708              		.loc 1 678 28 is_stmt 0 discriminator 1 view .LVU1865
 5709 0014 0A60     		str	r2, [r1]
 5710              	.L632:
 5711              		.loc 1 678 37 is_stmt 1 discriminator 3 view .LVU1866
 5712              		.loc 1 678 42 is_stmt 0 discriminator 3 view .LVU1867
 5713 0016 0268     		ldr	r2, [r0]
 5714              		.loc 1 678 40 discriminator 3 view .LVU1868
 5715 0018 02B1     		cbz	r2, .L633
 5716              		.loc 1 678 50 is_stmt 1 discriminator 4 view .LVU1869
 5717              		.loc 1 678 63 is_stmt 0 discriminator 4 view .LVU1870
 5718 001a 5160     		str	r1, [r2, #4]
 5719              	.L633:
 5720              		.loc 1 678 72 is_stmt 1 discriminator 6 view .LVU1871
 5721              		.loc 1 678 75 is_stmt 0 discriminator 6 view .LVU1872
 5722 001c A042     		cmp	r0, r4
 5723              		.loc 1 678 93 is_stmt 1 discriminator 7 view .LVU1873
 5724              		.loc 1 678 105 is_stmt 0 discriminator 7 view .LVU1874
 5725 001e 08BF     		it	eq
 5726 0020 9A60     		streq	r2, [r3, #8]
 5727              		.loc 1 678 114 is_stmt 1 discriminator 9 view .LVU1875
 5728              		.loc 1 678 129 is_stmt 0 discriminator 9 view .LVU1876
 5729 0022 0023     		movs	r3, #0
 5730              	.LVL695:
 5731              		.loc 1 678 121 discriminator 9 view .LVU1877
 5732 0024 C0E90033 		strd	r3, r3, [r0]
 5733              		.loc 1 678 132 is_stmt 1 view .LVU1878
 5734              	.L628:
 5735              		.loc 1 678 141 is_stmt 0 view .LVU1879
 5736 0028 10BD     		pop	{r4, pc}
 5737              	.LVL696:
 5738              	.L631:
 677:Core/Src/device/cjson.c **** 	if (c->prev) c->prev->next=c->next;if (c->next) c->next->prev=c->prev;if (c==array->child) array->
 5739              		.loc 1 677 104 is_stmt 1 discriminator 5 view .LVU1880
 677:Core/Src/device/cjson.c **** 	if (c->prev) c->prev->next=c->next;if (c->next) c->next->prev=c->prev;if (c==array->child) array->
 5740              		.loc 1 677 105 is_stmt 0 discriminator 5 view .LVU1881
 5741 002a 1046     		mov	r0, r2
 5742              	.LVL697:
 677:Core/Src/device/cjson.c **** 	if (c->prev) c->prev->next=c->next;if (c->next) c->next->prev=c->prev;if (c==array->child) array->
 5743              		.loc 1 677 119 discriminator 5 view .LVU1882
 5744 002c 0139     		subs	r1, r1, #1
 5745              	.LVL698:
 677:Core/Src/device/cjson.c **** 	if (c->prev) c->prev->next=c->next;if (c->next) c->next->prev=c->prev;if (c==array->child) array->
 5746              		.loc 1 677 119 discriminator 5 view .LVU1883
 5747 002e EBE7     		b	.L629
 5748              		.cfi_endproc
ARM GAS  C:\Users\airforce\AppData\Local\Temp\ccf0vFDc.s 			page 142


 5749              	.LFE41:
 5751              		.section	.text.cJSON_DeleteItemFromArray,"ax",%progbits
 5752              		.align	1
 5753              		.global	cJSON_DeleteItemFromArray
 5754              		.syntax unified
 5755              		.thumb
 5756              		.thumb_func
 5758              	cJSON_DeleteItemFromArray:
 5759              	.LVL699:
 5760              	.LFB42:
 679:Core/Src/device/cjson.c **** void   cJSON_DeleteItemFromArray(cJSON *array,int which)			{cJSON_Delete(cJSON_DetachItemFromArray(
 5761              		.loc 1 679 60 is_stmt 1 view -0
 5762              		.cfi_startproc
 5763              		@ args = 0, pretend = 0, frame = 0
 5764              		@ frame_needed = 0, uses_anonymous_args = 0
 5765              		.loc 1 679 61 view .LVU1885
 5766              		.loc 1 679 60 is_stmt 0 view .LVU1886
 5767 0000 08B5     		push	{r3, lr}
 5768              	.LCFI45:
 5769              		.cfi_def_cfa_offset 8
 5770              		.cfi_offset 3, -8
 5771              		.cfi_offset 14, -4
 5772              		.loc 1 679 61 view .LVU1887
 5773 0002 FFF7FEFF 		bl	cJSON_DetachItemFromArray
 5774              	.LVL700:
 5775              		.loc 1 679 114 view .LVU1888
 5776 0006 BDE80840 		pop	{r3, lr}
 5777              	.LCFI46:
 5778              		.cfi_restore 14
 5779              		.cfi_restore 3
 5780              		.cfi_def_cfa_offset 0
 5781              		.loc 1 679 61 discriminator 1 view .LVU1889
 5782 000a FFF7FEBF 		b	cJSON_Delete
 5783              	.LVL701:
 5784              		.cfi_endproc
 5785              	.LFE42:
 5787              		.section	.text.cJSON_DetachItemFromObject,"ax",%progbits
 5788              		.align	1
 5789              		.global	cJSON_DetachItemFromObject
 5790              		.syntax unified
 5791              		.thumb
 5792              		.thumb_func
 5794              	cJSON_DetachItemFromObject:
 5795              	.LVL702:
 5796              	.LFB43:
 680:Core/Src/device/cjson.c **** cJSON *cJSON_DetachItemFromObject(cJSON *object,const char *string) {int i=0;cJSON *c=object->child
 5797              		.loc 1 680 69 is_stmt 1 view -0
 5798              		.cfi_startproc
 5799              		@ args = 0, pretend = 0, frame = 0
 5800              		@ frame_needed = 0, uses_anonymous_args = 0
 5801              		.loc 1 680 70 view .LVU1891
 5802              		.loc 1 680 78 view .LVU1892
 5803              		.loc 1 680 69 is_stmt 0 view .LVU1893
 5804 0000 F8B5     		push	{r3, r4, r5, r6, r7, lr}
 5805              	.LCFI47:
 5806              		.cfi_def_cfa_offset 24
 5807              		.cfi_offset 3, -24
ARM GAS  C:\Users\airforce\AppData\Local\Temp\ccf0vFDc.s 			page 143


 5808              		.cfi_offset 4, -20
 5809              		.cfi_offset 5, -16
 5810              		.cfi_offset 6, -12
 5811              		.cfi_offset 7, -8
 5812              		.cfi_offset 14, -4
 5813              		.loc 1 680 69 view .LVU1894
 5814 0002 0546     		mov	r5, r0
 5815 0004 0F46     		mov	r7, r1
 5816              		.loc 1 680 74 view .LVU1895
 5817 0006 0026     		movs	r6, #0
 5818              		.loc 1 680 85 view .LVU1896
 5819 0008 8468     		ldr	r4, [r0, #8]
 5820              	.LVL703:
 5821              		.loc 1 680 101 is_stmt 1 view .LVU1897
 5822              	.L646:
 5823              		.loc 1 680 110 discriminator 1 view .LVU1898
 5824 000a 6CB1     		cbz	r4, .L645
 5825              		.loc 1 680 113 is_stmt 0 discriminator 3 view .LVU1899
 5826 000c 3946     		mov	r1, r7
 5827 000e 206A     		ldr	r0, [r4, #32]
 5828 0010 FFF7FEFF 		bl	cJSON_strcasecmp
 5829              	.LVL704:
 5830              		.loc 1 680 110 discriminator 1 view .LVU1900
 5831 0014 28B9     		cbnz	r0, .L648
 5832              		.loc 1 680 163 is_stmt 1 discriminator 6 view .LVU1901
 5833              		.loc 1 680 170 discriminator 7 view .LVU1902
 5834              		.loc 1 680 177 is_stmt 0 discriminator 7 view .LVU1903
 5835 0016 3146     		mov	r1, r6
 5836 0018 2846     		mov	r0, r5
 5837              		.loc 1 680 222 view .LVU1904
 5838 001a BDE8F840 		pop	{r3, r4, r5, r6, r7, lr}
 5839              	.LCFI48:
 5840              		.cfi_remember_state
 5841              		.cfi_restore 14
 5842              		.cfi_restore 7
 5843              		.cfi_restore 6
 5844              		.cfi_restore 5
 5845              		.cfi_restore 4
 5846              		.cfi_restore 3
 5847              		.cfi_def_cfa_offset 0
 5848              	.LVL705:
 5849              		.loc 1 680 177 discriminator 7 view .LVU1905
 5850 001e FFF7FEBF 		b	cJSON_DetachItemFromArray
 5851              	.LVL706:
 5852              	.L648:
 5853              	.LCFI49:
 5854              		.cfi_restore_state
 5855              		.loc 1 680 149 is_stmt 1 discriminator 5 view .LVU1906
 5856              		.loc 1 680 154 is_stmt 0 discriminator 5 view .LVU1907
 5857 0022 2468     		ldr	r4, [r4]
 5858              	.LVL707:
 5859              		.loc 1 680 150 discriminator 5 view .LVU1908
 5860 0024 0136     		adds	r6, r6, #1
 5861              	.LVL708:
 5862              		.loc 1 680 150 discriminator 5 view .LVU1909
 5863 0026 F0E7     		b	.L646
 5864              	.LVL709:
ARM GAS  C:\Users\airforce\AppData\Local\Temp\ccf0vFDc.s 			page 144


 5865              	.L645:
 5866              		.loc 1 680 222 view .LVU1910
 5867 0028 2046     		mov	r0, r4
 5868 002a F8BD     		pop	{r3, r4, r5, r6, r7, pc}
 5869              		.loc 1 680 222 view .LVU1911
 5870              		.cfi_endproc
 5871              	.LFE43:
 5873              		.section	.text.cJSON_DeleteItemFromObject,"ax",%progbits
 5874              		.align	1
 5875              		.global	cJSON_DeleteItemFromObject
 5876              		.syntax unified
 5877              		.thumb
 5878              		.thumb_func
 5880              	cJSON_DeleteItemFromObject:
 5881              	.LVL710:
 5882              	.LFB44:
 681:Core/Src/device/cjson.c **** void   cJSON_DeleteItemFromObject(cJSON *object,const char *string) {cJSON_Delete(cJSON_DetachItemF
 5883              		.loc 1 681 69 is_stmt 1 view -0
 5884              		.cfi_startproc
 5885              		@ args = 0, pretend = 0, frame = 0
 5886              		@ frame_needed = 0, uses_anonymous_args = 0
 5887              		.loc 1 681 70 view .LVU1913
 5888              		.loc 1 681 69 is_stmt 0 view .LVU1914
 5889 0000 08B5     		push	{r3, lr}
 5890              	.LCFI50:
 5891              		.cfi_def_cfa_offset 8
 5892              		.cfi_offset 3, -8
 5893              		.cfi_offset 14, -4
 5894              		.loc 1 681 70 view .LVU1915
 5895 0002 FFF7FEFF 		bl	cJSON_DetachItemFromObject
 5896              	.LVL711:
 5897              		.loc 1 681 126 view .LVU1916
 5898 0006 BDE80840 		pop	{r3, lr}
 5899              	.LCFI51:
 5900              		.cfi_restore 14
 5901              		.cfi_restore 3
 5902              		.cfi_def_cfa_offset 0
 5903              		.loc 1 681 70 discriminator 1 view .LVU1917
 5904 000a FFF7FEBF 		b	cJSON_Delete
 5905              	.LVL712:
 5906              		.cfi_endproc
 5907              	.LFE44:
 5909              		.section	.text.cJSON_InsertItemInArray,"ax",%progbits
 5910              		.align	1
 5911              		.global	cJSON_InsertItemInArray
 5912              		.syntax unified
 5913              		.thumb
 5914              		.thumb_func
 5916              	cJSON_InsertItemInArray:
 5917              	.LVL713:
 5918              	.LFB45:
 682:Core/Src/device/cjson.c **** 
 683:Core/Src/device/cjson.c **** /* Replace array/object items with new ones. */
 684:Core/Src/device/cjson.c **** void   cJSON_InsertItemInArray(cJSON *array,int which,cJSON *newitem)		{cJSON *c=array->child;while
 5919              		.loc 1 684 72 is_stmt 1 view -0
 5920              		.cfi_startproc
 5921              		@ args = 0, pretend = 0, frame = 0
ARM GAS  C:\Users\airforce\AppData\Local\Temp\ccf0vFDc.s 			page 145


 5922              		@ frame_needed = 0, uses_anonymous_args = 0
 5923              		@ link register save eliminated.
 5924              		.loc 1 684 73 view .LVU1919
 5925              		.loc 1 684 72 is_stmt 0 view .LVU1920
 5926 0000 10B4     		push	{r4}
 5927              	.LCFI52:
 5928              		.cfi_def_cfa_offset 4
 5929              		.cfi_offset 4, -4
 5930              		.loc 1 684 72 view .LVU1921
 5931 0002 0C46     		mov	r4, r1
 5932 0004 1146     		mov	r1, r2
 5933              	.LVL714:
 5934              		.loc 1 684 80 view .LVU1922
 5935 0006 8268     		ldr	r2, [r0, #8]
 5936              	.LVL715:
 5937              		.loc 1 684 95 is_stmt 1 view .LVU1923
 5938              		.loc 1 684 80 is_stmt 0 view .LVU1924
 5939 0008 1346     		mov	r3, r2
 5940              	.LVL716:
 5941              	.L651:
 5942              		.loc 1 684 104 is_stmt 1 discriminator 1 view .LVU1925
 5943 000a 83B1     		cbz	r3, .L652
 5944              		.loc 1 684 104 is_stmt 0 discriminator 3 view .LVU1926
 5945 000c 002C     		cmp	r4, #0
 5946 000e 0BDC     		bgt	.L653
 5947              		.loc 1 684 134 is_stmt 1 discriminator 6 view .LVU1927
 685:Core/Src/device/cjson.c **** 	newitem->next=c;newitem->prev=c->prev;c->prev=newitem;if (c==array->child) array->child=newitem; e
 5948              		.loc 1 685 2 view .LVU1928
 5949              		.loc 1 685 33 is_stmt 0 view .LVU1929
 5950 0010 5C68     		ldr	r4, [r3, #4]
 5951              	.LVL717:
 5952              		.loc 1 685 15 view .LVU1930
 5953 0012 0B60     		str	r3, [r1]
 5954              		.loc 1 685 18 is_stmt 1 view .LVU1931
 5955              		.loc 1 685 31 is_stmt 0 view .LVU1932
 5956 0014 4C60     		str	r4, [r1, #4]
 5957              		.loc 1 685 40 is_stmt 1 view .LVU1933
 5958              		.loc 1 685 59 is_stmt 0 view .LVU1934
 5959 0016 9342     		cmp	r3, r2
 5960              		.loc 1 685 47 view .LVU1935
 5961 0018 5960     		str	r1, [r3, #4]
 5962              		.loc 1 685 56 is_stmt 1 view .LVU1936
 5963              		.loc 1 685 77 discriminator 1 view .LVU1937
 5964              		.loc 1 685 123 is_stmt 0 discriminator 2 view .LVU1938
 5965 001a 18BF     		it	ne
 5966 001c 4B68     		ldrne	r3, [r1, #4]
 5967              	.LVL718:
 5968              		.loc 1 685 132 view .LVU1939
 5969 001e 10BC     		pop	{r4}
 5970              	.LCFI53:
 5971              		.cfi_remember_state
 5972              		.cfi_restore 4
 5973              		.cfi_def_cfa_offset 0
 5974              		.loc 1 685 89 discriminator 1 view .LVU1940
 5975 0020 0CBF     		ite	eq
 5976 0022 8160     		streq	r1, [r0, #8]
 5977              		.loc 1 685 104 is_stmt 1 discriminator 2 view .LVU1941
ARM GAS  C:\Users\airforce\AppData\Local\Temp\ccf0vFDc.s 			page 146


 5978              		.loc 1 685 123 is_stmt 0 discriminator 2 view .LVU1942
 5979 0024 1960     		strne	r1, [r3]
 5980              	.LVL719:
 5981              		.loc 1 685 132 view .LVU1943
 5982 0026 7047     		bx	lr
 5983              	.LVL720:
 5984              	.L653:
 5985              	.LCFI54:
 5986              		.cfi_restore_state
 684:Core/Src/device/cjson.c **** 	newitem->next=c;newitem->prev=c->prev;c->prev=newitem;if (c==array->child) array->child=newitem; e
 5987              		.loc 1 684 116 is_stmt 1 discriminator 5 view .LVU1944
 684:Core/Src/device/cjson.c **** 	newitem->next=c;newitem->prev=c->prev;c->prev=newitem;if (c==array->child) array->child=newitem; e
 5988              		.loc 1 684 117 is_stmt 0 discriminator 5 view .LVU1945
 5989 0028 1B68     		ldr	r3, [r3]
 5990              	.LVL721:
 684:Core/Src/device/cjson.c **** 	newitem->next=c;newitem->prev=c->prev;c->prev=newitem;if (c==array->child) array->child=newitem; e
 5991              		.loc 1 684 131 discriminator 5 view .LVU1946
 5992 002a 013C     		subs	r4, r4, #1
 5993              	.LVL722:
 684:Core/Src/device/cjson.c **** 	newitem->next=c;newitem->prev=c->prev;c->prev=newitem;if (c==array->child) array->child=newitem; e
 5994              		.loc 1 684 131 discriminator 5 view .LVU1947
 5995 002c EDE7     		b	.L651
 5996              	.LVL723:
 5997              	.L652:
 684:Core/Src/device/cjson.c **** 	newitem->next=c;newitem->prev=c->prev;c->prev=newitem;if (c==array->child) array->child=newitem; e
 5998              		.loc 1 684 143 is_stmt 1 discriminator 7 view .LVU1948
 5999              		.loc 1 685 132 is_stmt 0 view .LVU1949
 6000 002e 10BC     		pop	{r4}
 6001              	.LCFI55:
 6002              		.cfi_restore 4
 6003              		.cfi_def_cfa_offset 0
 6004              	.LVL724:
 684:Core/Src/device/cjson.c **** 	newitem->next=c;newitem->prev=c->prev;c->prev=newitem;if (c==array->child) array->child=newitem; e
 6005              		.loc 1 684 143 discriminator 7 view .LVU1950
 6006 0030 FFF7FEBF 		b	cJSON_AddItemToArray
 6007              	.LVL725:
 684:Core/Src/device/cjson.c **** 	newitem->next=c;newitem->prev=c->prev;c->prev=newitem;if (c==array->child) array->child=newitem; e
 6008              		.loc 1 684 143 discriminator 7 view .LVU1951
 6009              		.cfi_endproc
 6010              	.LFE45:
 6012              		.section	.text.cJSON_ReplaceItemInArray,"ax",%progbits
 6013              		.align	1
 6014              		.global	cJSON_ReplaceItemInArray
 6015              		.syntax unified
 6016              		.thumb
 6017              		.thumb_func
 6019              	cJSON_ReplaceItemInArray:
 6020              	.LVL726:
 6021              	.LFB46:
 686:Core/Src/device/cjson.c **** void   cJSON_ReplaceItemInArray(cJSON *array,int which,cJSON *newitem)		{cJSON *c=array->child;whil
 6022              		.loc 1 686 73 is_stmt 1 view -0
 6023              		.cfi_startproc
 6024              		@ args = 0, pretend = 0, frame = 0
 6025              		@ frame_needed = 0, uses_anonymous_args = 0
 6026              		@ link register save eliminated.
 6027              		.loc 1 686 74 view .LVU1953
 6028              		.loc 1 686 73 is_stmt 0 view .LVU1954
ARM GAS  C:\Users\airforce\AppData\Local\Temp\ccf0vFDc.s 			page 147


 6029 0000 30B4     		push	{r4, r5}
 6030              	.LCFI56:
 6031              		.cfi_def_cfa_offset 8
 6032              		.cfi_offset 4, -8
 6033              		.cfi_offset 5, -4
 6034              		.loc 1 686 81 view .LVU1955
 6035 0002 8568     		ldr	r5, [r0, #8]
 6036              	.LVL727:
 6037              		.loc 1 686 96 is_stmt 1 view .LVU1956
 6038              		.loc 1 686 73 is_stmt 0 view .LVU1957
 6039 0004 0346     		mov	r3, r0
 6040              		.loc 1 686 81 view .LVU1958
 6041 0006 2846     		mov	r0, r5
 6042              	.LVL728:
 6043              	.L659:
 6044              		.loc 1 686 105 is_stmt 1 discriminator 1 view .LVU1959
 6045 0008 A8B1     		cbz	r0, .L658
 6046              		.loc 1 686 105 is_stmt 0 discriminator 3 view .LVU1960
 6047 000a 0029     		cmp	r1, #0
 6048 000c 0468     		ldr	r4, [r0]
 6049 000e 0FDC     		bgt	.L661
 6050              		.loc 1 686 135 is_stmt 1 discriminator 6 view .LVU1961
 687:Core/Src/device/cjson.c **** 	newitem->next=c->next;newitem->prev=c->prev;if (newitem->next) newitem->next->prev=newitem;
 6051              		.loc 1 687 2 view .LVU1962
 6052              		.loc 1 687 39 is_stmt 0 view .LVU1963
 6053 0010 4168     		ldr	r1, [r0, #4]
 6054              	.LVL729:
 6055              		.loc 1 687 15 view .LVU1964
 6056 0012 1460     		str	r4, [r2]
 6057              		.loc 1 687 24 is_stmt 1 view .LVU1965
 6058              		.loc 1 687 37 is_stmt 0 view .LVU1966
 6059 0014 5160     		str	r1, [r2, #4]
 6060              		.loc 1 687 46 is_stmt 1 view .LVU1967
 6061              		.loc 1 687 49 is_stmt 0 view .LVU1968
 6062 0016 04B1     		cbz	r4, .L662
 6063              		.loc 1 687 65 is_stmt 1 discriminator 1 view .LVU1969
 6064              		.loc 1 687 84 is_stmt 0 discriminator 1 view .LVU1970
 6065 0018 6260     		str	r2, [r4, #4]
 6066              	.L662:
 688:Core/Src/device/cjson.c **** 	if (c==array->child) array->child=newitem; else newitem->prev->next=newitem;c->next=c->prev=0;cJSO
 6067              		.loc 1 688 2 is_stmt 1 view .LVU1971
 6068              		.loc 1 688 5 is_stmt 0 view .LVU1972
 6069 001a A842     		cmp	r0, r5
 6070              		.loc 1 688 23 is_stmt 1 discriminator 1 view .LVU1973
 6071              		.loc 1 688 69 is_stmt 0 discriminator 2 view .LVU1974
 6072 001c 16BF     		itet	ne
 6073 001e 5368     		ldrne	r3, [r2, #4]
 6074              	.LVL730:
 6075              		.loc 1 688 35 discriminator 1 view .LVU1975
 6076 0020 9A60     		streq	r2, [r3, #8]
 6077              		.loc 1 688 50 is_stmt 1 discriminator 2 view .LVU1976
 6078              		.loc 1 688 69 is_stmt 0 discriminator 2 view .LVU1977
 6079 0022 1A60     		strne	r2, [r3]
 6080              		.loc 1 688 78 is_stmt 1 discriminator 4 view .LVU1978
 6081              		.loc 1 688 93 is_stmt 0 discriminator 4 view .LVU1979
 6082 0024 0023     		movs	r3, #0
 6083              		.loc 1 688 112 view .LVU1980
ARM GAS  C:\Users\airforce\AppData\Local\Temp\ccf0vFDc.s 			page 148


 6084 0026 30BC     		pop	{r4, r5}
 6085              	.LCFI57:
 6086              		.cfi_remember_state
 6087              		.cfi_restore 5
 6088              		.cfi_restore 4
 6089              		.cfi_def_cfa_offset 0
 6090              		.loc 1 688 85 discriminator 4 view .LVU1981
 6091 0028 C0E90033 		strd	r3, r3, [r0]
 6092              		.loc 1 688 96 is_stmt 1 view .LVU1982
 6093              		.loc 1 688 96 is_stmt 0 discriminator 4 view .LVU1983
 6094 002c FFF7FEBF 		b	cJSON_Delete
 6095              	.LVL731:
 6096              	.L661:
 6097              	.LCFI58:
 6098              		.cfi_restore_state
 686:Core/Src/device/cjson.c **** void   cJSON_ReplaceItemInArray(cJSON *array,int which,cJSON *newitem)		{cJSON *c=array->child;whil
 6099              		.loc 1 686 117 is_stmt 1 discriminator 5 view .LVU1984
 686:Core/Src/device/cjson.c **** void   cJSON_ReplaceItemInArray(cJSON *array,int which,cJSON *newitem)		{cJSON *c=array->child;whil
 6100              		.loc 1 686 118 is_stmt 0 discriminator 5 view .LVU1985
 6101 0030 2046     		mov	r0, r4
 6102              	.LVL732:
 686:Core/Src/device/cjson.c **** void   cJSON_ReplaceItemInArray(cJSON *array,int which,cJSON *newitem)		{cJSON *c=array->child;whil
 6103              		.loc 1 686 132 discriminator 5 view .LVU1986
 6104 0032 0139     		subs	r1, r1, #1
 6105              	.LVL733:
 686:Core/Src/device/cjson.c **** void   cJSON_ReplaceItemInArray(cJSON *array,int which,cJSON *newitem)		{cJSON *c=array->child;whil
 6106              		.loc 1 686 132 discriminator 5 view .LVU1987
 6107 0034 E8E7     		b	.L659
 6108              	.LVL734:
 6109              	.L658:
 6110              		.loc 1 688 112 view .LVU1988
 6111 0036 30BC     		pop	{r4, r5}
 6112              	.LCFI59:
 6113              		.cfi_restore 5
 6114              		.cfi_restore 4
 6115              		.cfi_def_cfa_offset 0
 6116 0038 7047     		bx	lr
 6117              		.cfi_endproc
 6118              	.LFE46:
 6120              		.section	.text.cJSON_ReplaceItemInObject,"ax",%progbits
 6121              		.align	1
 6122              		.global	cJSON_ReplaceItemInObject
 6123              		.syntax unified
 6124              		.thumb
 6125              		.thumb_func
 6127              	cJSON_ReplaceItemInObject:
 6128              	.LVL735:
 6129              	.LFB47:
 689:Core/Src/device/cjson.c **** void   cJSON_ReplaceItemInObject(cJSON *object,const char *string,cJSON *newitem){int i=0;cJSON *c=
 6130              		.loc 1 689 82 is_stmt 1 view -0
 6131              		.cfi_startproc
 6132              		@ args = 0, pretend = 0, frame = 0
 6133              		@ frame_needed = 0, uses_anonymous_args = 0
 6134              		.loc 1 689 83 view .LVU1990
 6135              		.loc 1 689 91 view .LVU1991
 6136              		.loc 1 689 82 is_stmt 0 view .LVU1992
 6137 0000 2DE9F041 		push	{r4, r5, r6, r7, r8, lr}
ARM GAS  C:\Users\airforce\AppData\Local\Temp\ccf0vFDc.s 			page 149


 6138              	.LCFI60:
 6139              		.cfi_def_cfa_offset 24
 6140              		.cfi_offset 4, -24
 6141              		.cfi_offset 5, -20
 6142              		.cfi_offset 6, -16
 6143              		.cfi_offset 7, -12
 6144              		.cfi_offset 8, -8
 6145              		.cfi_offset 14, -4
 6146              		.loc 1 689 82 view .LVU1993
 6147 0004 0446     		mov	r4, r0
 6148 0006 0E46     		mov	r6, r1
 6149 0008 1546     		mov	r5, r2
 6150              		.loc 1 689 87 view .LVU1994
 6151 000a 4FF00008 		mov	r8, #0
 6152              		.loc 1 689 98 view .LVU1995
 6153 000e 8768     		ldr	r7, [r0, #8]
 6154              	.LVL736:
 6155              		.loc 1 689 114 is_stmt 1 view .LVU1996
 6156              	.L669:
 6157              		.loc 1 689 122 discriminator 1 view .LVU1997
 6158 0010 9FB1     		cbz	r7, .L668
 6159              		.loc 1 689 125 is_stmt 0 discriminator 3 view .LVU1998
 6160 0012 3146     		mov	r1, r6
 6161 0014 386A     		ldr	r0, [r7, #32]
 6162 0016 FFF7FEFF 		bl	cJSON_strcasecmp
 6163              	.LVL737:
 6164              		.loc 1 689 122 discriminator 1 view .LVU1999
 6165 001a 50B9     		cbnz	r0, .L671
 6166              		.loc 1 689 174 is_stmt 1 discriminator 6 view .LVU2000
 6167              		.loc 1 689 180 discriminator 7 view .LVU2001
 6168              		.loc 1 689 196 is_stmt 0 discriminator 7 view .LVU2002
 6169 001c 3046     		mov	r0, r6
 6170 001e FFF7FEFF 		bl	cJSON_strdup
 6171              	.LVL738:
 6172              		.loc 1 689 217 discriminator 1 view .LVU2003
 6173 0022 2A46     		mov	r2, r5
 6174              		.loc 1 689 195 discriminator 1 view .LVU2004
 6175 0024 2862     		str	r0, [r5, #32]
 6176              		.loc 1 689 217 is_stmt 1 discriminator 1 view .LVU2005
 6177 0026 4146     		mov	r1, r8
 6178 0028 2046     		mov	r0, r4
 6179              		.loc 1 689 261 is_stmt 0 view .LVU2006
 6180 002a BDE8F041 		pop	{r4, r5, r6, r7, r8, lr}
 6181              	.LCFI61:
 6182              		.cfi_remember_state
 6183              		.cfi_restore 14
 6184              		.cfi_restore 8
 6185              		.cfi_restore 7
 6186              		.cfi_restore 6
 6187              		.cfi_restore 5
 6188              		.cfi_restore 4
 6189              		.cfi_def_cfa_offset 0
 6190              	.LVL739:
 6191              		.loc 1 689 217 discriminator 1 view .LVU2007
 6192 002e FFF7FEBF 		b	cJSON_ReplaceItemInArray
 6193              	.LVL740:
 6194              	.L671:
ARM GAS  C:\Users\airforce\AppData\Local\Temp\ccf0vFDc.s 			page 150


 6195              	.LCFI62:
 6196              		.cfi_restore_state
 6197              		.loc 1 689 160 is_stmt 1 discriminator 5 view .LVU2008
 6198              		.loc 1 689 165 is_stmt 0 discriminator 5 view .LVU2009
 6199 0032 3F68     		ldr	r7, [r7]
 6200              	.LVL741:
 6201              		.loc 1 689 161 discriminator 5 view .LVU2010
 6202 0034 08F10108 		add	r8, r8, #1
 6203              	.LVL742:
 6204              		.loc 1 689 161 discriminator 5 view .LVU2011
 6205 0038 EAE7     		b	.L669
 6206              	.LVL743:
 6207              	.L668:
 6208              		.loc 1 689 261 view .LVU2012
 6209 003a BDE8F081 		pop	{r4, r5, r6, r7, r8, pc}
 6210              		.loc 1 689 261 view .LVU2013
 6211              		.cfi_endproc
 6212              	.LFE47:
 6214              		.section	.text.cJSON_CreateNull,"ax",%progbits
 6215              		.align	1
 6216              		.global	cJSON_CreateNull
 6217              		.syntax unified
 6218              		.thumb
 6219              		.thumb_func
 6221              	cJSON_CreateNull:
 6222              	.LFB48:
 690:Core/Src/device/cjson.c **** 
 691:Core/Src/device/cjson.c **** /* Create basic types: */
 692:Core/Src/device/cjson.c **** cJSON *cJSON_CreateNull(void)					{cJSON *item=cJSON_New_Item();if(item)item->type=cJSON_NULL;retur
 6223              		.loc 1 692 35 is_stmt 1 view -0
 6224              		.cfi_startproc
 6225              		@ args = 0, pretend = 0, frame = 0
 6226              		@ frame_needed = 0, uses_anonymous_args = 0
 6227              		.loc 1 692 36 view .LVU2015
 6228              		.loc 1 692 35 is_stmt 0 view .LVU2016
 6229 0000 08B5     		push	{r3, lr}
 6230              	.LCFI63:
 6231              		.cfi_def_cfa_offset 8
 6232              		.cfi_offset 3, -8
 6233              		.cfi_offset 14, -4
 6234              		.loc 1 692 48 view .LVU2017
 6235 0002 FFF7FEFF 		bl	cJSON_New_Item
 6236              	.LVL744:
 6237              		.loc 1 692 65 is_stmt 1 discriminator 1 view .LVU2018
 6238              		.loc 1 692 67 is_stmt 0 discriminator 1 view .LVU2019
 6239 0006 08B1     		cbz	r0, .L672
 6240              		.loc 1 692 73 is_stmt 1 discriminator 1 view .LVU2020
 6241              		.loc 1 692 83 is_stmt 0 discriminator 1 view .LVU2021
 6242 0008 0223     		movs	r3, #2
 6243 000a C360     		str	r3, [r0, #12]
 6244              		.loc 1 692 95 is_stmt 1 discriminator 3 view .LVU2022
 6245              	.L672:
 6246              		.loc 1 692 107 is_stmt 0 view .LVU2023
 6247 000c 08BD     		pop	{r3, pc}
 6248              		.cfi_endproc
 6249              	.LFE48:
 6251              		.section	.text.cJSON_CreateTrue,"ax",%progbits
ARM GAS  C:\Users\airforce\AppData\Local\Temp\ccf0vFDc.s 			page 151


 6252              		.align	1
 6253              		.global	cJSON_CreateTrue
 6254              		.syntax unified
 6255              		.thumb
 6256              		.thumb_func
 6258              	cJSON_CreateTrue:
 6259              	.LFB49:
 693:Core/Src/device/cjson.c **** cJSON *cJSON_CreateTrue(void)					{cJSON *item=cJSON_New_Item();if(item)item->type=cJSON_True;retur
 6260              		.loc 1 693 35 is_stmt 1 view -0
 6261              		.cfi_startproc
 6262              		@ args = 0, pretend = 0, frame = 0
 6263              		@ frame_needed = 0, uses_anonymous_args = 0
 6264              		.loc 1 693 36 view .LVU2025
 6265              		.loc 1 693 35 is_stmt 0 view .LVU2026
 6266 0000 08B5     		push	{r3, lr}
 6267              	.LCFI64:
 6268              		.cfi_def_cfa_offset 8
 6269              		.cfi_offset 3, -8
 6270              		.cfi_offset 14, -4
 6271              		.loc 1 693 48 view .LVU2027
 6272 0002 FFF7FEFF 		bl	cJSON_New_Item
 6273              	.LVL745:
 6274              		.loc 1 693 65 is_stmt 1 discriminator 1 view .LVU2028
 6275              		.loc 1 693 67 is_stmt 0 discriminator 1 view .LVU2029
 6276 0006 08B1     		cbz	r0, .L677
 6277              		.loc 1 693 73 is_stmt 1 discriminator 1 view .LVU2030
 6278              		.loc 1 693 83 is_stmt 0 discriminator 1 view .LVU2031
 6279 0008 0123     		movs	r3, #1
 6280 000a C360     		str	r3, [r0, #12]
 6281              		.loc 1 693 95 is_stmt 1 discriminator 3 view .LVU2032
 6282              	.L677:
 6283              		.loc 1 693 107 is_stmt 0 view .LVU2033
 6284 000c 08BD     		pop	{r3, pc}
 6285              		.cfi_endproc
 6286              	.LFE49:
 6288              		.section	.text.cJSON_CreateFalse,"ax",%progbits
 6289              		.align	1
 6290              		.global	cJSON_CreateFalse
 6291              		.syntax unified
 6292              		.thumb
 6293              		.thumb_func
 6295              	cJSON_CreateFalse:
 6296              	.LFB50:
 694:Core/Src/device/cjson.c **** cJSON *cJSON_CreateFalse(void)					{cJSON *item=cJSON_New_Item();if(item)item->type=cJSON_False;ret
 6297              		.loc 1 694 36 is_stmt 1 view -0
 6298              		.cfi_startproc
 6299              		@ args = 0, pretend = 0, frame = 0
 6300              		@ frame_needed = 0, uses_anonymous_args = 0
 6301              		.loc 1 694 37 view .LVU2035
 6302              		.loc 1 694 36 is_stmt 0 view .LVU2036
 6303 0000 08B5     		push	{r3, lr}
 6304              	.LCFI65:
 6305              		.cfi_def_cfa_offset 8
 6306              		.cfi_offset 3, -8
 6307              		.cfi_offset 14, -4
 6308              		.loc 1 694 49 view .LVU2037
 6309 0002 FFF7FEFF 		bl	cJSON_New_Item
ARM GAS  C:\Users\airforce\AppData\Local\Temp\ccf0vFDc.s 			page 152


 6310              	.LVL746:
 6311              		.loc 1 694 66 is_stmt 1 discriminator 1 view .LVU2038
 6312              		.loc 1 694 68 is_stmt 0 discriminator 1 view .LVU2039
 6313 0006 08B1     		cbz	r0, .L682
 6314              		.loc 1 694 74 is_stmt 1 discriminator 1 view .LVU2040
 6315              		.loc 1 694 84 is_stmt 0 discriminator 1 view .LVU2041
 6316 0008 0023     		movs	r3, #0
 6317 000a C360     		str	r3, [r0, #12]
 6318              		.loc 1 694 97 is_stmt 1 discriminator 3 view .LVU2042
 6319              	.L682:
 6320              		.loc 1 694 109 is_stmt 0 view .LVU2043
 6321 000c 08BD     		pop	{r3, pc}
 6322              		.cfi_endproc
 6323              	.LFE50:
 6325              		.section	.text.cJSON_CreateBool,"ax",%progbits
 6326              		.align	1
 6327              		.global	cJSON_CreateBool
 6328              		.syntax unified
 6329              		.thumb
 6330              		.thumb_func
 6332              	cJSON_CreateBool:
 6333              	.LVL747:
 6334              	.LFB51:
 695:Core/Src/device/cjson.c **** cJSON *cJSON_CreateBool(int b)					{cJSON *item=cJSON_New_Item();if(item)item->type=b?cJSON_True:cJ
 6335              		.loc 1 695 36 is_stmt 1 view -0
 6336              		.cfi_startproc
 6337              		@ args = 0, pretend = 0, frame = 0
 6338              		@ frame_needed = 0, uses_anonymous_args = 0
 6339              		.loc 1 695 37 view .LVU2045
 6340              		.loc 1 695 36 is_stmt 0 view .LVU2046
 6341 0000 10B5     		push	{r4, lr}
 6342              	.LCFI66:
 6343              		.cfi_def_cfa_offset 8
 6344              		.cfi_offset 4, -8
 6345              		.cfi_offset 14, -4
 6346              		.loc 1 695 36 view .LVU2047
 6347 0002 0446     		mov	r4, r0
 6348              		.loc 1 695 49 view .LVU2048
 6349 0004 FFF7FEFF 		bl	cJSON_New_Item
 6350              	.LVL748:
 6351              		.loc 1 695 66 is_stmt 1 discriminator 1 view .LVU2049
 6352              		.loc 1 695 68 is_stmt 0 discriminator 1 view .LVU2050
 6353 0008 18B1     		cbz	r0, .L687
 6354              		.loc 1 695 74 is_stmt 1 discriminator 1 view .LVU2051
 6355              		.loc 1 695 97 is_stmt 0 discriminator 1 view .LVU2052
 6356 000a 003C     		subs	r4, r4, #0
 6357              		.loc 1 695 97 discriminator 1 view .LVU2053
 6358 000c 18BF     		it	ne
 6359 000e 0124     		movne	r4, #1
 6360              	.LVL749:
 6361              		.loc 1 695 84 discriminator 1 view .LVU2054
 6362 0010 C460     		str	r4, [r0, #12]
 6363              		.loc 1 695 110 is_stmt 1 discriminator 3 view .LVU2055
 6364              	.L687:
 6365              		.loc 1 695 122 is_stmt 0 view .LVU2056
 6366 0012 10BD     		pop	{r4, pc}
 6367              		.cfi_endproc
ARM GAS  C:\Users\airforce\AppData\Local\Temp\ccf0vFDc.s 			page 153


 6368              	.LFE51:
 6370              		.section	.text.cJSON_CreateNumber,"ax",%progbits
 6371              		.align	1
 6372              		.global	cJSON_CreateNumber
 6373              		.syntax unified
 6374              		.thumb
 6375              		.thumb_func
 6377              	cJSON_CreateNumber:
 6378              	.LVL750:
 6379              	.LFB52:
 696:Core/Src/device/cjson.c **** cJSON *cJSON_CreateNumber(double num)			{cJSON *item=cJSON_New_Item();if(item){item->type=cJSON_Num
 6380              		.loc 1 696 41 is_stmt 1 view -0
 6381              		.cfi_startproc
 6382              		@ args = 0, pretend = 0, frame = 0
 6383              		@ frame_needed = 0, uses_anonymous_args = 0
 6384              		.loc 1 696 42 view .LVU2058
 6385              		.loc 1 696 41 is_stmt 0 view .LVU2059
 6386 0000 D0B5     		push	{r4, r6, r7, lr}
 6387              	.LCFI67:
 6388              		.cfi_def_cfa_offset 16
 6389              		.cfi_offset 4, -16
 6390              		.cfi_offset 6, -12
 6391              		.cfi_offset 7, -8
 6392              		.cfi_offset 14, -4
 6393              		.loc 1 696 41 view .LVU2060
 6394 0002 0646     		mov	r6, r0
 6395 0004 0F46     		mov	r7, r1
 6396              		.loc 1 696 54 view .LVU2061
 6397 0006 FFF7FEFF 		bl	cJSON_New_Item
 6398              	.LVL751:
 6399              		.loc 1 696 71 is_stmt 1 discriminator 1 view .LVU2062
 6400              		.loc 1 696 73 is_stmt 0 discriminator 1 view .LVU2063
 6401 000a 0446     		mov	r4, r0
 6402 000c 40B1     		cbz	r0, .L692
 6403              		.loc 1 696 80 is_stmt 1 discriminator 1 view .LVU2064
 6404              		.loc 1 696 90 is_stmt 0 discriminator 1 view .LVU2065
 6405 000e 0323     		movs	r3, #3
 6406              		.loc 1 696 121 discriminator 1 view .LVU2066
 6407 0010 C0E90667 		strd	r6, [r0, #24]
 6408              		.loc 1 696 90 discriminator 1 view .LVU2067
 6409 0014 C360     		str	r3, [r0, #12]
 6410              		.loc 1 696 104 is_stmt 1 view .LVU2068
 6411              		.loc 1 696 126 view .LVU2069
 6412              		.loc 1 696 141 is_stmt 0 discriminator 1 view .LVU2070
 6413 0016 3946     		mov	r1, r7
 6414 0018 3046     		mov	r0, r6
 6415              	.LVL752:
 6416              		.loc 1 696 141 discriminator 1 view .LVU2071
 6417 001a FFF7FEFF 		bl	__aeabi_d2iz
 6418              	.LVL753:
 6419 001e 6061     		str	r0, [r4, #20]
 6420              		.loc 1 696 151 is_stmt 1 discriminator 3 view .LVU2072
 6421              	.L692:
 6422              		.loc 1 696 163 is_stmt 0 view .LVU2073
 6423 0020 2046     		mov	r0, r4
 6424 0022 D0BD     		pop	{r4, r6, r7, pc}
 6425              		.loc 1 696 163 view .LVU2074
ARM GAS  C:\Users\airforce\AppData\Local\Temp\ccf0vFDc.s 			page 154


 6426              		.cfi_endproc
 6427              	.LFE52:
 6429              		.section	.text.cJSON_CreateString,"ax",%progbits
 6430              		.align	1
 6431              		.global	cJSON_CreateString
 6432              		.syntax unified
 6433              		.thumb
 6434              		.thumb_func
 6436              	cJSON_CreateString:
 6437              	.LVL754:
 6438              	.LFB53:
 697:Core/Src/device/cjson.c **** cJSON *cJSON_CreateString(const char *string)	{cJSON *item=cJSON_New_Item();if(item){item->type=cJS
 6439              		.loc 1 697 47 is_stmt 1 view -0
 6440              		.cfi_startproc
 6441              		@ args = 0, pretend = 0, frame = 0
 6442              		@ frame_needed = 0, uses_anonymous_args = 0
 6443              		.loc 1 697 48 view .LVU2076
 6444              		.loc 1 697 47 is_stmt 0 view .LVU2077
 6445 0000 38B5     		push	{r3, r4, r5, lr}
 6446              	.LCFI68:
 6447              		.cfi_def_cfa_offset 16
 6448              		.cfi_offset 3, -16
 6449              		.cfi_offset 4, -12
 6450              		.cfi_offset 5, -8
 6451              		.cfi_offset 14, -4
 6452              		.loc 1 697 47 view .LVU2078
 6453 0002 0546     		mov	r5, r0
 6454              		.loc 1 697 60 view .LVU2079
 6455 0004 FFF7FEFF 		bl	cJSON_New_Item
 6456              	.LVL755:
 6457              		.loc 1 697 77 is_stmt 1 discriminator 1 view .LVU2080
 6458              		.loc 1 697 79 is_stmt 0 discriminator 1 view .LVU2081
 6459 0008 0446     		mov	r4, r0
 6460 000a 28B1     		cbz	r0, .L697
 6461              		.loc 1 697 86 is_stmt 1 discriminator 1 view .LVU2082
 6462              		.loc 1 697 96 is_stmt 0 discriminator 1 view .LVU2083
 6463 000c 0423     		movs	r3, #4
 6464 000e C360     		str	r3, [r0, #12]
 6465              		.loc 1 697 110 is_stmt 1 view .LVU2084
 6466              		.loc 1 697 128 is_stmt 0 discriminator 1 view .LVU2085
 6467 0010 2846     		mov	r0, r5
 6468              	.LVL756:
 6469              		.loc 1 697 128 discriminator 1 view .LVU2086
 6470 0012 FFF7FEFF 		bl	cJSON_strdup
 6471              	.LVL757:
 6472              		.loc 1 697 127 discriminator 1 view .LVU2087
 6473 0016 2061     		str	r0, [r4, #16]
 6474              		.loc 1 697 150 is_stmt 1 discriminator 3 view .LVU2088
 6475              	.L697:
 6476              		.loc 1 697 162 is_stmt 0 view .LVU2089
 6477 0018 2046     		mov	r0, r4
 6478 001a 38BD     		pop	{r3, r4, r5, pc}
 6479              		.loc 1 697 162 view .LVU2090
 6480              		.cfi_endproc
 6481              	.LFE53:
 6483              		.section	.text.cJSON_CreateArray,"ax",%progbits
 6484              		.align	1
ARM GAS  C:\Users\airforce\AppData\Local\Temp\ccf0vFDc.s 			page 155


 6485              		.global	cJSON_CreateArray
 6486              		.syntax unified
 6487              		.thumb
 6488              		.thumb_func
 6490              	cJSON_CreateArray:
 6491              	.LFB54:
 698:Core/Src/device/cjson.c **** cJSON *cJSON_CreateArray(void)					{cJSON *item=cJSON_New_Item();if(item)item->type=cJSON_Array;ret
 6492              		.loc 1 698 36 is_stmt 1 view -0
 6493              		.cfi_startproc
 6494              		@ args = 0, pretend = 0, frame = 0
 6495              		@ frame_needed = 0, uses_anonymous_args = 0
 6496              		.loc 1 698 37 view .LVU2092
 6497              		.loc 1 698 36 is_stmt 0 view .LVU2093
 6498 0000 08B5     		push	{r3, lr}
 6499              	.LCFI69:
 6500              		.cfi_def_cfa_offset 8
 6501              		.cfi_offset 3, -8
 6502              		.cfi_offset 14, -4
 6503              		.loc 1 698 49 view .LVU2094
 6504 0002 FFF7FEFF 		bl	cJSON_New_Item
 6505              	.LVL758:
 6506              		.loc 1 698 66 is_stmt 1 discriminator 1 view .LVU2095
 6507              		.loc 1 698 68 is_stmt 0 discriminator 1 view .LVU2096
 6508 0006 08B1     		cbz	r0, .L702
 6509              		.loc 1 698 74 is_stmt 1 discriminator 1 view .LVU2097
 6510              		.loc 1 698 84 is_stmt 0 discriminator 1 view .LVU2098
 6511 0008 0523     		movs	r3, #5
 6512 000a C360     		str	r3, [r0, #12]
 6513              		.loc 1 698 97 is_stmt 1 discriminator 3 view .LVU2099
 6514              	.L702:
 6515              		.loc 1 698 109 is_stmt 0 view .LVU2100
 6516 000c 08BD     		pop	{r3, pc}
 6517              		.cfi_endproc
 6518              	.LFE54:
 6520              		.section	.text.cJSON_CreateObject,"ax",%progbits
 6521              		.align	1
 6522              		.global	cJSON_CreateObject
 6523              		.syntax unified
 6524              		.thumb
 6525              		.thumb_func
 6527              	cJSON_CreateObject:
 6528              	.LFB55:
 699:Core/Src/device/cjson.c **** cJSON *cJSON_CreateObject(void)					{cJSON *item=cJSON_New_Item();if(item)item->type=cJSON_Object;r
 6529              		.loc 1 699 37 is_stmt 1 view -0
 6530              		.cfi_startproc
 6531              		@ args = 0, pretend = 0, frame = 0
 6532              		@ frame_needed = 0, uses_anonymous_args = 0
 6533              		.loc 1 699 38 view .LVU2102
 6534              		.loc 1 699 37 is_stmt 0 view .LVU2103
 6535 0000 08B5     		push	{r3, lr}
 6536              	.LCFI70:
 6537              		.cfi_def_cfa_offset 8
 6538              		.cfi_offset 3, -8
 6539              		.cfi_offset 14, -4
 6540              		.loc 1 699 50 view .LVU2104
 6541 0002 FFF7FEFF 		bl	cJSON_New_Item
 6542              	.LVL759:
ARM GAS  C:\Users\airforce\AppData\Local\Temp\ccf0vFDc.s 			page 156


 6543              		.loc 1 699 67 is_stmt 1 discriminator 1 view .LVU2105
 6544              		.loc 1 699 69 is_stmt 0 discriminator 1 view .LVU2106
 6545 0006 08B1     		cbz	r0, .L707
 6546              		.loc 1 699 75 is_stmt 1 discriminator 1 view .LVU2107
 6547              		.loc 1 699 85 is_stmt 0 discriminator 1 view .LVU2108
 6548 0008 0623     		movs	r3, #6
 6549 000a C360     		str	r3, [r0, #12]
 6550              		.loc 1 699 99 is_stmt 1 discriminator 3 view .LVU2109
 6551              	.L707:
 6552              		.loc 1 699 111 is_stmt 0 view .LVU2110
 6553 000c 08BD     		pop	{r3, pc}
 6554              		.cfi_endproc
 6555              	.LFE55:
 6557              		.section	.text.cJSON_CreateIntArray,"ax",%progbits
 6558              		.align	1
 6559              		.global	cJSON_CreateIntArray
 6560              		.syntax unified
 6561              		.thumb
 6562              		.thumb_func
 6564              	cJSON_CreateIntArray:
 6565              	.LVL760:
 6566              	.LFB56:
 700:Core/Src/device/cjson.c **** 
 701:Core/Src/device/cjson.c **** /* Create Arrays: */
 702:Core/Src/device/cjson.c **** cJSON *cJSON_CreateIntArray(const int *numbers,int count)		{int i;cJSON *n=0,*p=0,*a=cJSON_CreateAr
 6567              		.loc 1 702 60 is_stmt 1 view -0
 6568              		.cfi_startproc
 6569              		@ args = 0, pretend = 0, frame = 0
 6570              		@ frame_needed = 0, uses_anonymous_args = 0
 6571              		.loc 1 702 61 view .LVU2112
 6572              		.loc 1 702 67 view .LVU2113
 6573              		.loc 1 702 60 is_stmt 0 view .LVU2114
 6574 0000 2DE9F041 		push	{r4, r5, r6, r7, r8, lr}
 6575              	.LCFI71:
 6576              		.cfi_def_cfa_offset 24
 6577              		.cfi_offset 4, -24
 6578              		.cfi_offset 5, -20
 6579              		.cfi_offset 6, -16
 6580              		.cfi_offset 7, -12
 6581              		.cfi_offset 8, -8
 6582              		.cfi_offset 14, -4
 6583              		.loc 1 702 60 view .LVU2115
 6584 0004 8046     		mov	r8, r0
 6585 0006 0F46     		mov	r7, r1
 6586              		.loc 1 702 86 view .LVU2116
 6587 0008 FFF7FEFF 		bl	cJSON_CreateArray
 6588              	.LVL761:
 6589              		.loc 1 702 106 is_stmt 1 discriminator 1 view .LVU2117
 6590              		.loc 1 702 116 discriminator 6 view .LVU2118
 6591 000c 0446     		mov	r4, r0
 6592 000e 70B1     		cbz	r0, .L712
 6593              		.loc 1 702 79 is_stmt 0 view .LVU2119
 6594 0010 0026     		movs	r6, #0
 6595              		.loc 1 702 111 discriminator 1 view .LVU2120
 6596 0012 3546     		mov	r5, r6
 6597 0014 09E0     		b	.L713
 6598              	.LVL762:
ARM GAS  C:\Users\airforce\AppData\Local\Temp\ccf0vFDc.s 			page 157


 6599              	.L716:
 6600              		.loc 1 702 132 is_stmt 1 discriminator 9 view .LVU2121
 6601              		.loc 1 702 134 is_stmt 0 discriminator 9 view .LVU2122
 6602 0016 58F82500 		ldr	r0, [r8, r5, lsl #2]
 6603 001a FFF7FEFF 		bl	__aeabi_i2d
 6604              	.LVL763:
 6605 001e FFF7FEFF 		bl	cJSON_CreateNumber
 6606              	.LVL764:
 6607              		.loc 1 702 165 is_stmt 1 discriminator 9 view .LVU2123
 6608              		.loc 1 702 167 is_stmt 0 discriminator 9 view .LVU2124
 6609 0022 3DB9     		cbnz	r5, .L714
 6610              		.loc 1 702 171 is_stmt 1 discriminator 2 view .LVU2125
 6611              		.loc 1 702 179 is_stmt 0 discriminator 2 view .LVU2126
 6612 0024 A060     		str	r0, [r4, #8]
 6613              	.L715:
 6614              		.loc 1 702 206 is_stmt 1 discriminator 5 view .LVU2127
 6615              	.LVL765:
 6616              		.loc 1 702 128 view .LVU2128
 6617 0026 0646     		mov	r6, r0
 6618              		.loc 1 702 128 is_stmt 0 discriminator 5 view .LVU2129
 6619 0028 0135     		adds	r5, r5, #1
 6620              	.LVL766:
 6621              		.loc 1 702 116 is_stmt 1 discriminator 6 view .LVU2130
 6622              	.L713:
 6623              		.loc 1 702 116 is_stmt 0 discriminator 7 view .LVU2131
 6624 002a AF42     		cmp	r7, r5
 6625 002c F3DC     		bgt	.L716
 6626              	.LVL767:
 6627              	.L712:
 6628              		.loc 1 702 220 view .LVU2132
 6629 002e 2046     		mov	r0, r4
 6630 0030 BDE8F081 		pop	{r4, r5, r6, r7, r8, pc}
 6631              	.LVL768:
 6632              	.L714:
 6633              		.loc 1 702 187 is_stmt 1 discriminator 3 view .LVU2133
 6634              	.LBB111:
 6635              	.LBI111:
 666:Core/Src/device/cjson.c **** /* Utility for handling references. */
 6636              		.loc 1 666 13 view .LVU2134
 6637              	.LBB112:
 666:Core/Src/device/cjson.c **** /* Utility for handling references. */
 6638              		.loc 1 666 53 view .LVU2135
 666:Core/Src/device/cjson.c **** /* Utility for handling references. */
 6639              		.loc 1 666 63 is_stmt 0 view .LVU2136
 6640 0034 3060     		str	r0, [r6]
 666:Core/Src/device/cjson.c **** /* Utility for handling references. */
 6641              		.loc 1 666 69 is_stmt 1 view .LVU2137
 666:Core/Src/device/cjson.c **** /* Utility for handling references. */
 6642              		.loc 1 666 79 is_stmt 0 view .LVU2138
 6643 0036 4660     		str	r6, [r0, #4]
 6644              	.LVL769:
 666:Core/Src/device/cjson.c **** /* Utility for handling references. */
 6645              		.loc 1 666 85 view .LVU2139
 6646 0038 F5E7     		b	.L715
 6647              	.LBE112:
 6648              	.LBE111:
 6649              		.cfi_endproc
ARM GAS  C:\Users\airforce\AppData\Local\Temp\ccf0vFDc.s 			page 158


 6650              	.LFE56:
 6652              		.section	.text.cJSON_CreateFloatArray,"ax",%progbits
 6653              		.align	1
 6654              		.global	cJSON_CreateFloatArray
 6655              		.syntax unified
 6656              		.thumb
 6657              		.thumb_func
 6659              	cJSON_CreateFloatArray:
 6660              	.LVL770:
 6661              	.LFB57:
 703:Core/Src/device/cjson.c **** cJSON *cJSON_CreateFloatArray(const float *numbers,int count)	{int i;cJSON *n=0,*p=0,*a=cJSON_Creat
 6662              		.loc 1 703 63 is_stmt 1 view -0
 6663              		.cfi_startproc
 6664              		@ args = 0, pretend = 0, frame = 0
 6665              		@ frame_needed = 0, uses_anonymous_args = 0
 6666              		.loc 1 703 64 view .LVU2141
 6667              		.loc 1 703 70 view .LVU2142
 6668              		.loc 1 703 63 is_stmt 0 view .LVU2143
 6669 0000 2DE9F041 		push	{r4, r5, r6, r7, r8, lr}
 6670              	.LCFI72:
 6671              		.cfi_def_cfa_offset 24
 6672              		.cfi_offset 4, -24
 6673              		.cfi_offset 5, -20
 6674              		.cfi_offset 6, -16
 6675              		.cfi_offset 7, -12
 6676              		.cfi_offset 8, -8
 6677              		.cfi_offset 14, -4
 6678              		.loc 1 703 63 view .LVU2144
 6679 0004 8046     		mov	r8, r0
 6680 0006 0F46     		mov	r7, r1
 6681              		.loc 1 703 89 view .LVU2145
 6682 0008 FFF7FEFF 		bl	cJSON_CreateArray
 6683              	.LVL771:
 6684              		.loc 1 703 109 is_stmt 1 discriminator 1 view .LVU2146
 6685              		.loc 1 703 119 discriminator 6 view .LVU2147
 6686 000c 0446     		mov	r4, r0
 6687 000e 70B1     		cbz	r0, .L719
 6688              		.loc 1 703 82 is_stmt 0 view .LVU2148
 6689 0010 0026     		movs	r6, #0
 6690              		.loc 1 703 114 discriminator 1 view .LVU2149
 6691 0012 3546     		mov	r5, r6
 6692 0014 09E0     		b	.L720
 6693              	.LVL772:
 6694              	.L723:
 6695              		.loc 1 703 135 is_stmt 1 discriminator 9 view .LVU2150
 6696              		.loc 1 703 137 is_stmt 0 discriminator 9 view .LVU2151
 6697 0016 58F82500 		ldr	r0, [r8, r5, lsl #2]	@ float
 6698 001a FFF7FEFF 		bl	__aeabi_f2d
 6699              	.LVL773:
 6700 001e FFF7FEFF 		bl	cJSON_CreateNumber
 6701              	.LVL774:
 6702              		.loc 1 703 168 is_stmt 1 discriminator 9 view .LVU2152
 6703              		.loc 1 703 170 is_stmt 0 discriminator 9 view .LVU2153
 6704 0022 3DB9     		cbnz	r5, .L721
 6705              		.loc 1 703 174 is_stmt 1 discriminator 2 view .LVU2154
 6706              		.loc 1 703 182 is_stmt 0 discriminator 2 view .LVU2155
 6707 0024 A060     		str	r0, [r4, #8]
ARM GAS  C:\Users\airforce\AppData\Local\Temp\ccf0vFDc.s 			page 159


 6708              	.L722:
 6709              		.loc 1 703 209 is_stmt 1 discriminator 5 view .LVU2156
 6710              	.LVL775:
 6711              		.loc 1 703 131 view .LVU2157
 6712 0026 0646     		mov	r6, r0
 6713              		.loc 1 703 131 is_stmt 0 discriminator 5 view .LVU2158
 6714 0028 0135     		adds	r5, r5, #1
 6715              	.LVL776:
 6716              		.loc 1 703 119 is_stmt 1 discriminator 6 view .LVU2159
 6717              	.L720:
 6718              		.loc 1 703 119 is_stmt 0 discriminator 7 view .LVU2160
 6719 002a AF42     		cmp	r7, r5
 6720 002c F3DC     		bgt	.L723
 6721              	.LVL777:
 6722              	.L719:
 6723              		.loc 1 703 223 view .LVU2161
 6724 002e 2046     		mov	r0, r4
 6725 0030 BDE8F081 		pop	{r4, r5, r6, r7, r8, pc}
 6726              	.LVL778:
 6727              	.L721:
 6728              		.loc 1 703 190 is_stmt 1 discriminator 3 view .LVU2162
 6729              	.LBB113:
 6730              	.LBI113:
 666:Core/Src/device/cjson.c **** /* Utility for handling references. */
 6731              		.loc 1 666 13 view .LVU2163
 6732              	.LBB114:
 666:Core/Src/device/cjson.c **** /* Utility for handling references. */
 6733              		.loc 1 666 53 view .LVU2164
 666:Core/Src/device/cjson.c **** /* Utility for handling references. */
 6734              		.loc 1 666 63 is_stmt 0 view .LVU2165
 6735 0034 3060     		str	r0, [r6]
 666:Core/Src/device/cjson.c **** /* Utility for handling references. */
 6736              		.loc 1 666 69 is_stmt 1 view .LVU2166
 666:Core/Src/device/cjson.c **** /* Utility for handling references. */
 6737              		.loc 1 666 79 is_stmt 0 view .LVU2167
 6738 0036 4660     		str	r6, [r0, #4]
 6739              	.LVL779:
 666:Core/Src/device/cjson.c **** /* Utility for handling references. */
 6740              		.loc 1 666 85 view .LVU2168
 6741 0038 F5E7     		b	.L722
 6742              	.LBE114:
 6743              	.LBE113:
 6744              		.cfi_endproc
 6745              	.LFE57:
 6747              		.section	.text.cJSON_CreateDoubleArray,"ax",%progbits
 6748              		.align	1
 6749              		.global	cJSON_CreateDoubleArray
 6750              		.syntax unified
 6751              		.thumb
 6752              		.thumb_func
 6754              	cJSON_CreateDoubleArray:
 6755              	.LVL780:
 6756              	.LFB58:
 704:Core/Src/device/cjson.c **** cJSON *cJSON_CreateDoubleArray(const double *numbers,int count)	{int i;cJSON *n=0,*p=0,*a=cJSON_Cre
 6757              		.loc 1 704 65 is_stmt 1 view -0
 6758              		.cfi_startproc
 6759              		@ args = 0, pretend = 0, frame = 0
ARM GAS  C:\Users\airforce\AppData\Local\Temp\ccf0vFDc.s 			page 160


 6760              		@ frame_needed = 0, uses_anonymous_args = 0
 6761              		.loc 1 704 66 view .LVU2170
 6762              		.loc 1 704 72 view .LVU2171
 6763              		.loc 1 704 65 is_stmt 0 view .LVU2172
 6764 0000 2DE9F041 		push	{r4, r5, r6, r7, r8, lr}
 6765              	.LCFI73:
 6766              		.cfi_def_cfa_offset 24
 6767              		.cfi_offset 4, -24
 6768              		.cfi_offset 5, -20
 6769              		.cfi_offset 6, -16
 6770              		.cfi_offset 7, -12
 6771              		.cfi_offset 8, -8
 6772              		.cfi_offset 14, -4
 6773              		.loc 1 704 65 view .LVU2173
 6774 0004 0446     		mov	r4, r0
 6775 0006 0F46     		mov	r7, r1
 6776              		.loc 1 704 91 view .LVU2174
 6777 0008 FFF7FEFF 		bl	cJSON_CreateArray
 6778              	.LVL781:
 6779              		.loc 1 704 111 is_stmt 1 discriminator 1 view .LVU2175
 6780              		.loc 1 704 121 discriminator 6 view .LVU2176
 6781 000c 0546     		mov	r5, r0
 6782 000e 28B1     		cbz	r0, .L726
 6783              		.loc 1 704 84 is_stmt 0 view .LVU2177
 6784 0010 4FF00008 		mov	r8, #0
 6785              		.loc 1 704 116 discriminator 1 view .LVU2178
 6786 0014 4646     		mov	r6, r8
 6787 0016 083C     		subs	r4, r4, #8
 6788              	.LVL782:
 6789              	.L728:
 6790              		.loc 1 704 121 discriminator 7 view .LVU2179
 6791 0018 B742     		cmp	r7, r6
 6792 001a 02DC     		bgt	.L731
 6793              	.LVL783:
 6794              	.L726:
 6795              		.loc 1 704 225 view .LVU2180
 6796 001c 2846     		mov	r0, r5
 6797 001e BDE8F081 		pop	{r4, r5, r6, r7, r8, pc}
 6798              	.LVL784:
 6799              	.L731:
 6800              		.loc 1 704 137 is_stmt 1 discriminator 9 view .LVU2181
 6801              		.loc 1 704 139 is_stmt 0 discriminator 9 view .LVU2182
 6802 0022 F4E90201 		ldrd	r0, [r4, #8]!
 6803 0026 FFF7FEFF 		bl	cJSON_CreateNumber
 6804              	.LVL785:
 6805              		.loc 1 704 170 is_stmt 1 discriminator 9 view .LVU2183
 6806              		.loc 1 704 172 is_stmt 0 discriminator 9 view .LVU2184
 6807 002a 1EB9     		cbnz	r6, .L729
 6808              		.loc 1 704 176 is_stmt 1 discriminator 2 view .LVU2185
 6809              		.loc 1 704 184 is_stmt 0 discriminator 2 view .LVU2186
 6810 002c A860     		str	r0, [r5, #8]
 6811              	.L730:
 6812              		.loc 1 704 211 is_stmt 1 discriminator 5 view .LVU2187
 6813              	.LVL786:
 6814              		.loc 1 704 133 view .LVU2188
 6815 002e 8046     		mov	r8, r0
 6816              		.loc 1 704 133 is_stmt 0 discriminator 5 view .LVU2189
ARM GAS  C:\Users\airforce\AppData\Local\Temp\ccf0vFDc.s 			page 161


 6817 0030 0136     		adds	r6, r6, #1
 6818              	.LVL787:
 6819              		.loc 1 704 121 is_stmt 1 discriminator 6 view .LVU2190
 6820 0032 F1E7     		b	.L728
 6821              	.LVL788:
 6822              	.L729:
 6823              		.loc 1 704 192 discriminator 3 view .LVU2191
 6824              	.LBB115:
 6825              	.LBI115:
 666:Core/Src/device/cjson.c **** /* Utility for handling references. */
 6826              		.loc 1 666 13 view .LVU2192
 6827              	.LBB116:
 666:Core/Src/device/cjson.c **** /* Utility for handling references. */
 6828              		.loc 1 666 53 view .LVU2193
 666:Core/Src/device/cjson.c **** /* Utility for handling references. */
 6829              		.loc 1 666 63 is_stmt 0 view .LVU2194
 6830 0034 C8F80000 		str	r0, [r8]
 666:Core/Src/device/cjson.c **** /* Utility for handling references. */
 6831              		.loc 1 666 69 is_stmt 1 view .LVU2195
 666:Core/Src/device/cjson.c **** /* Utility for handling references. */
 6832              		.loc 1 666 79 is_stmt 0 view .LVU2196
 6833 0038 C0F80480 		str	r8, [r0, #4]
 6834              	.LVL789:
 666:Core/Src/device/cjson.c **** /* Utility for handling references. */
 6835              		.loc 1 666 85 view .LVU2197
 6836 003c F7E7     		b	.L730
 6837              	.LBE116:
 6838              	.LBE115:
 6839              		.cfi_endproc
 6840              	.LFE58:
 6842              		.section	.text.cJSON_CreateStringArray,"ax",%progbits
 6843              		.align	1
 6844              		.global	cJSON_CreateStringArray
 6845              		.syntax unified
 6846              		.thumb
 6847              		.thumb_func
 6849              	cJSON_CreateStringArray:
 6850              	.LVL790:
 6851              	.LFB59:
 705:Core/Src/device/cjson.c **** cJSON *cJSON_CreateStringArray(const char **strings,int count)	{int i;cJSON *n=0,*p=0,*a=cJSON_Crea
 6852              		.loc 1 705 64 is_stmt 1 view -0
 6853              		.cfi_startproc
 6854              		@ args = 0, pretend = 0, frame = 0
 6855              		@ frame_needed = 0, uses_anonymous_args = 0
 6856              		.loc 1 705 65 view .LVU2199
 6857              		.loc 1 705 71 view .LVU2200
 6858              		.loc 1 705 64 is_stmt 0 view .LVU2201
 6859 0000 2DE9F041 		push	{r4, r5, r6, r7, r8, lr}
 6860              	.LCFI74:
 6861              		.cfi_def_cfa_offset 24
 6862              		.cfi_offset 4, -24
 6863              		.cfi_offset 5, -20
 6864              		.cfi_offset 6, -16
 6865              		.cfi_offset 7, -12
 6866              		.cfi_offset 8, -8
 6867              		.cfi_offset 14, -4
 6868              		.loc 1 705 64 view .LVU2202
ARM GAS  C:\Users\airforce\AppData\Local\Temp\ccf0vFDc.s 			page 162


 6869 0004 8046     		mov	r8, r0
 6870 0006 0F46     		mov	r7, r1
 6871              		.loc 1 705 90 view .LVU2203
 6872 0008 FFF7FEFF 		bl	cJSON_CreateArray
 6873              	.LVL791:
 6874              		.loc 1 705 110 is_stmt 1 discriminator 1 view .LVU2204
 6875              		.loc 1 705 120 discriminator 6 view .LVU2205
 6876 000c 0446     		mov	r4, r0
 6877 000e 60B1     		cbz	r0, .L735
 6878              		.loc 1 705 83 is_stmt 0 view .LVU2206
 6879 0010 0026     		movs	r6, #0
 6880              		.loc 1 705 115 discriminator 1 view .LVU2207
 6881 0012 3546     		mov	r5, r6
 6882 0014 07E0     		b	.L736
 6883              	.LVL792:
 6884              	.L739:
 6885              		.loc 1 705 136 is_stmt 1 discriminator 9 view .LVU2208
 6886              		.loc 1 705 138 is_stmt 0 discriminator 9 view .LVU2209
 6887 0016 58F82500 		ldr	r0, [r8, r5, lsl #2]
 6888 001a FFF7FEFF 		bl	cJSON_CreateString
 6889              	.LVL793:
 6890              		.loc 1 705 169 is_stmt 1 discriminator 9 view .LVU2210
 6891              		.loc 1 705 171 is_stmt 0 discriminator 9 view .LVU2211
 6892 001e 3DB9     		cbnz	r5, .L737
 6893              		.loc 1 705 175 is_stmt 1 discriminator 2 view .LVU2212
 6894              		.loc 1 705 183 is_stmt 0 discriminator 2 view .LVU2213
 6895 0020 A060     		str	r0, [r4, #8]
 6896              	.L738:
 6897              		.loc 1 705 210 is_stmt 1 discriminator 5 view .LVU2214
 6898              	.LVL794:
 6899              		.loc 1 705 132 view .LVU2215
 6900 0022 0646     		mov	r6, r0
 6901              		.loc 1 705 132 is_stmt 0 discriminator 5 view .LVU2216
 6902 0024 0135     		adds	r5, r5, #1
 6903              	.LVL795:
 6904              		.loc 1 705 120 is_stmt 1 discriminator 6 view .LVU2217
 6905              	.L736:
 6906              		.loc 1 705 120 is_stmt 0 discriminator 7 view .LVU2218
 6907 0026 AF42     		cmp	r7, r5
 6908 0028 F5DC     		bgt	.L739
 6909              	.LVL796:
 6910              	.L735:
 6911              		.loc 1 705 224 view .LVU2219
 6912 002a 2046     		mov	r0, r4
 6913 002c BDE8F081 		pop	{r4, r5, r6, r7, r8, pc}
 6914              	.LVL797:
 6915              	.L737:
 6916              		.loc 1 705 191 is_stmt 1 discriminator 3 view .LVU2220
 6917              	.LBB117:
 6918              	.LBI117:
 666:Core/Src/device/cjson.c **** /* Utility for handling references. */
 6919              		.loc 1 666 13 view .LVU2221
 6920              	.LBB118:
 666:Core/Src/device/cjson.c **** /* Utility for handling references. */
 6921              		.loc 1 666 53 view .LVU2222
 666:Core/Src/device/cjson.c **** /* Utility for handling references. */
 6922              		.loc 1 666 63 is_stmt 0 view .LVU2223
ARM GAS  C:\Users\airforce\AppData\Local\Temp\ccf0vFDc.s 			page 163


 6923 0030 3060     		str	r0, [r6]
 666:Core/Src/device/cjson.c **** /* Utility for handling references. */
 6924              		.loc 1 666 69 is_stmt 1 view .LVU2224
 666:Core/Src/device/cjson.c **** /* Utility for handling references. */
 6925              		.loc 1 666 79 is_stmt 0 view .LVU2225
 6926 0032 4660     		str	r6, [r0, #4]
 6927              	.LVL798:
 666:Core/Src/device/cjson.c **** /* Utility for handling references. */
 6928              		.loc 1 666 85 view .LVU2226
 6929 0034 F5E7     		b	.L738
 6930              	.LBE118:
 6931              	.LBE117:
 6932              		.cfi_endproc
 6933              	.LFE59:
 6935              		.section	.text.cJSON_Duplicate,"ax",%progbits
 6936              		.align	1
 6937              		.global	cJSON_Duplicate
 6938              		.syntax unified
 6939              		.thumb
 6940              		.thumb_func
 6942              	cJSON_Duplicate:
 6943              	.LVL799:
 6944              	.LFB60:
 706:Core/Src/device/cjson.c **** 
 707:Core/Src/device/cjson.c **** /* Duplication */
 708:Core/Src/device/cjson.c **** cJSON *cJSON_Duplicate(cJSON *item,int recurse)
 709:Core/Src/device/cjson.c **** {
 6945              		.loc 1 709 1 is_stmt 1 view -0
 6946              		.cfi_startproc
 6947              		@ args = 0, pretend = 0, frame = 0
 6948              		@ frame_needed = 0, uses_anonymous_args = 0
 710:Core/Src/device/cjson.c **** 	cJSON *newitem,*cptr,*nptr=0,*newchild;
 6949              		.loc 1 710 2 view .LVU2228
 711:Core/Src/device/cjson.c **** 	/* Bail on bad ptr */
 712:Core/Src/device/cjson.c **** 	if (!item) return 0;
 6950              		.loc 1 712 2 view .LVU2229
 709:Core/Src/device/cjson.c **** 	cJSON *newitem,*cptr,*nptr=0,*newchild;
 6951              		.loc 1 709 1 is_stmt 0 view .LVU2230
 6952 0000 70B5     		push	{r4, r5, r6, lr}
 6953              	.LCFI75:
 6954              		.cfi_def_cfa_offset 16
 6955              		.cfi_offset 4, -16
 6956              		.cfi_offset 5, -12
 6957              		.cfi_offset 6, -8
 6958              		.cfi_offset 14, -4
 709:Core/Src/device/cjson.c **** 	cJSON *newitem,*cptr,*nptr=0,*newchild;
 6959              		.loc 1 709 1 view .LVU2231
 6960 0002 0E46     		mov	r6, r1
 6961              		.loc 1 712 5 view .LVU2232
 6962 0004 0546     		mov	r5, r0
 6963 0006 B0B1     		cbz	r0, .L744
 713:Core/Src/device/cjson.c **** 	/* Create new item */
 714:Core/Src/device/cjson.c **** 	newitem=cJSON_New_Item();
 6964              		.loc 1 714 2 is_stmt 1 view .LVU2233
 6965              		.loc 1 714 10 is_stmt 0 view .LVU2234
 6966 0008 FFF7FEFF 		bl	cJSON_New_Item
 6967              	.LVL800:
ARM GAS  C:\Users\airforce\AppData\Local\Temp\ccf0vFDc.s 			page 164


 715:Core/Src/device/cjson.c **** 	if (!newitem) return 0;
 6968              		.loc 1 715 2 is_stmt 1 view .LVU2235
 6969              		.loc 1 715 5 is_stmt 0 view .LVU2236
 6970 000c 0446     		mov	r4, r0
 6971 000e 90B1     		cbz	r0, .L744
 716:Core/Src/device/cjson.c **** 	/* Copy over all vars */
 717:Core/Src/device/cjson.c **** 	newitem->type=item->type&(~cJSON_IsReference),newitem->valueint=item->valueint,newitem->valuedoubl
 6972              		.loc 1 717 2 is_stmt 1 view .LVU2237
 6973              		.loc 1 717 26 is_stmt 0 view .LVU2238
 6974 0010 EB68     		ldr	r3, [r5, #12]
 6975 0012 23F48073 		bic	r3, r3, #256
 6976              		.loc 1 717 15 view .LVU2239
 6977 0016 C360     		str	r3, [r0, #12]
 6978              		.loc 1 717 70 view .LVU2240
 6979 0018 6B69     		ldr	r3, [r5, #20]
 6980              		.loc 1 717 65 view .LVU2241
 6981 001a 4361     		str	r3, [r0, #20]
 6982              		.loc 1 717 106 view .LVU2242
 6983 001c D5E90623 		ldrd	r2, [r5, #24]
 6984              		.loc 1 717 101 view .LVU2243
 6985 0020 C0E90623 		strd	r2, [r0, #24]
 718:Core/Src/device/cjson.c **** 	if (item->valuestring)	{newitem->valuestring=cJSON_strdup(item->valuestring);	if (!newitem->values
 6986              		.loc 1 718 2 is_stmt 1 view .LVU2244
 6987              		.loc 1 718 10 is_stmt 0 view .LVU2245
 6988 0024 2869     		ldr	r0, [r5, #16]
 6989              	.LVL801:
 6990              		.loc 1 718 5 view .LVU2246
 6991 0026 48B1     		cbz	r0, .L746
 6992              		.loc 1 718 26 is_stmt 1 discriminator 1 view .LVU2247
 6993              		.loc 1 718 47 is_stmt 0 discriminator 1 view .LVU2248
 6994 0028 FFF7FEFF 		bl	cJSON_strdup
 6995              	.LVL802:
 6996              		.loc 1 718 46 discriminator 1 view .LVU2249
 6997 002c 2061     		str	r0, [r4, #16]
 6998              		.loc 1 718 80 is_stmt 1 discriminator 1 view .LVU2250
 6999              		.loc 1 718 83 is_stmt 0 discriminator 1 view .LVU2251
 7000 002e 28B9     		cbnz	r0, .L746
 7001              	.LVL803:
 7002              	.L767:
 7003              		.loc 1 718 108 is_stmt 1 discriminator 2 view .LVU2252
 7004 0030 2046     		mov	r0, r4
 7005 0032 FFF7FEFF 		bl	cJSON_Delete
 7006              	.LVL804:
 7007              		.loc 1 718 130 discriminator 1 view .LVU2253
 7008              	.L744:
 712:Core/Src/device/cjson.c **** 	/* Create new item */
 7009              		.loc 1 712 20 is_stmt 0 discriminator 1 view .LVU2254
 7010 0036 0024     		movs	r4, #0
 7011              	.L742:
 719:Core/Src/device/cjson.c **** 	if (item->string)		{newitem->string=cJSON_strdup(item->string);			if (!newitem->string)		{cJSON_De
 720:Core/Src/device/cjson.c **** 	/* If non-recursive, then we're done! */
 721:Core/Src/device/cjson.c **** 	if (!recurse) return newitem;
 722:Core/Src/device/cjson.c **** 	/* Walk the ->next chain for the child. */
 723:Core/Src/device/cjson.c **** 	cptr=item->child;
 724:Core/Src/device/cjson.c **** 	while (cptr)
 725:Core/Src/device/cjson.c **** 	{
 726:Core/Src/device/cjson.c **** 		newchild=cJSON_Duplicate(cptr,1);		/* Duplicate (with recurse) each item in the ->next chain */
ARM GAS  C:\Users\airforce\AppData\Local\Temp\ccf0vFDc.s 			page 165


 727:Core/Src/device/cjson.c **** 		if (!newchild) {cJSON_Delete(newitem);return 0;}
 728:Core/Src/device/cjson.c **** 		if (nptr)	{nptr->next=newchild,newchild->prev=nptr;nptr=newchild;}	/* If newitem->child already s
 729:Core/Src/device/cjson.c **** 		else		{newitem->child=newchild;nptr=newchild;}					/* Set newitem->child and move to it */
 730:Core/Src/device/cjson.c **** 		cptr=cptr->next;
 731:Core/Src/device/cjson.c **** 	}
 732:Core/Src/device/cjson.c **** 	return newitem;
 733:Core/Src/device/cjson.c **** }
 7012              		.loc 1 733 1 view .LVU2255
 7013 0038 2046     		mov	r0, r4
 7014 003a 70BD     		pop	{r4, r5, r6, pc}
 7015              	.LVL805:
 7016              	.L746:
 719:Core/Src/device/cjson.c **** 	if (item->string)		{newitem->string=cJSON_strdup(item->string);			if (!newitem->string)		{cJSON_De
 7017              		.loc 1 719 2 is_stmt 1 view .LVU2256
 719:Core/Src/device/cjson.c **** 	if (item->string)		{newitem->string=cJSON_strdup(item->string);			if (!newitem->string)		{cJSON_De
 7018              		.loc 1 719 10 is_stmt 0 view .LVU2257
 7019 003c 286A     		ldr	r0, [r5, #32]
 719:Core/Src/device/cjson.c **** 	if (item->string)		{newitem->string=cJSON_strdup(item->string);			if (!newitem->string)		{cJSON_De
 7020              		.loc 1 719 5 view .LVU2258
 7021 003e 20B1     		cbz	r0, .L748
 719:Core/Src/device/cjson.c **** 	if (item->string)		{newitem->string=cJSON_strdup(item->string);			if (!newitem->string)		{cJSON_De
 7022              		.loc 1 719 22 is_stmt 1 discriminator 1 view .LVU2259
 719:Core/Src/device/cjson.c **** 	if (item->string)		{newitem->string=cJSON_strdup(item->string);			if (!newitem->string)		{cJSON_De
 7023              		.loc 1 719 38 is_stmt 0 discriminator 1 view .LVU2260
 7024 0040 FFF7FEFF 		bl	cJSON_strdup
 7025              	.LVL806:
 719:Core/Src/device/cjson.c **** 	if (item->string)		{newitem->string=cJSON_strdup(item->string);			if (!newitem->string)		{cJSON_De
 7026              		.loc 1 719 37 discriminator 1 view .LVU2261
 7027 0044 2062     		str	r0, [r4, #32]
 719:Core/Src/device/cjson.c **** 	if (item->string)		{newitem->string=cJSON_strdup(item->string);			if (!newitem->string)		{cJSON_De
 7028              		.loc 1 719 68 is_stmt 1 discriminator 1 view .LVU2262
 719:Core/Src/device/cjson.c **** 	if (item->string)		{newitem->string=cJSON_strdup(item->string);			if (!newitem->string)		{cJSON_De
 7029              		.loc 1 719 71 is_stmt 0 discriminator 1 view .LVU2263
 7030 0046 0028     		cmp	r0, #0
 7031 0048 F2D0     		beq	.L767
 7032              	.L748:
 721:Core/Src/device/cjson.c **** 	/* Walk the ->next chain for the child. */
 7033              		.loc 1 721 2 is_stmt 1 view .LVU2264
 721:Core/Src/device/cjson.c **** 	/* Walk the ->next chain for the child. */
 7034              		.loc 1 721 5 is_stmt 0 view .LVU2265
 7035 004a 002E     		cmp	r6, #0
 7036 004c F4D0     		beq	.L742
 723:Core/Src/device/cjson.c **** 	while (cptr)
 7037              		.loc 1 723 2 is_stmt 1 view .LVU2266
 710:Core/Src/device/cjson.c **** 	/* Bail on bad ptr */
 7038              		.loc 1 710 24 is_stmt 0 view .LVU2267
 7039 004e 0026     		movs	r6, #0
 7040              	.LVL807:
 723:Core/Src/device/cjson.c **** 	while (cptr)
 7041              		.loc 1 723 6 view .LVU2268
 7042 0050 AD68     		ldr	r5, [r5, #8]
 7043              	.LVL808:
 724:Core/Src/device/cjson.c **** 	{
 7044              		.loc 1 724 2 is_stmt 1 view .LVU2269
 7045              	.L750:
 724:Core/Src/device/cjson.c **** 	{
 7046              		.loc 1 724 9 view .LVU2270
ARM GAS  C:\Users\airforce\AppData\Local\Temp\ccf0vFDc.s 			page 166


 7047 0052 002D     		cmp	r5, #0
 7048 0054 F0D0     		beq	.L742
 726:Core/Src/device/cjson.c **** 		if (!newchild) {cJSON_Delete(newitem);return 0;}
 7049              		.loc 1 726 3 view .LVU2271
 726:Core/Src/device/cjson.c **** 		if (!newchild) {cJSON_Delete(newitem);return 0;}
 7050              		.loc 1 726 12 is_stmt 0 view .LVU2272
 7051 0056 0121     		movs	r1, #1
 7052 0058 2846     		mov	r0, r5
 7053 005a FFF7FEFF 		bl	cJSON_Duplicate
 7054              	.LVL809:
 727:Core/Src/device/cjson.c **** 		if (nptr)	{nptr->next=newchild,newchild->prev=nptr;nptr=newchild;}	/* If newitem->child already s
 7055              		.loc 1 727 3 is_stmt 1 view .LVU2273
 727:Core/Src/device/cjson.c **** 		if (nptr)	{nptr->next=newchild,newchild->prev=nptr;nptr=newchild;}	/* If newitem->child already s
 7056              		.loc 1 727 6 is_stmt 0 view .LVU2274
 7057 005e 0028     		cmp	r0, #0
 7058 0060 E6D0     		beq	.L767
 728:Core/Src/device/cjson.c **** 		else		{newitem->child=newchild;nptr=newchild;}					/* Set newitem->child and move to it */
 7059              		.loc 1 728 3 is_stmt 1 view .LVU2275
 728:Core/Src/device/cjson.c **** 		else		{newitem->child=newchild;nptr=newchild;}					/* Set newitem->child and move to it */
 7060              		.loc 1 728 6 is_stmt 0 view .LVU2276
 7061 0062 26B1     		cbz	r6, .L752
 728:Core/Src/device/cjson.c **** 		else		{newitem->child=newchild;nptr=newchild;}					/* Set newitem->child and move to it */
 7062              		.loc 1 728 14 is_stmt 1 discriminator 1 view .LVU2277
 728:Core/Src/device/cjson.c **** 		else		{newitem->child=newchild;nptr=newchild;}					/* Set newitem->child and move to it */
 7063              		.loc 1 728 24 is_stmt 0 discriminator 1 view .LVU2278
 7064 0064 3060     		str	r0, [r6]
 728:Core/Src/device/cjson.c **** 		else		{newitem->child=newchild;nptr=newchild;}					/* Set newitem->child and move to it */
 7065              		.loc 1 728 48 discriminator 1 view .LVU2279
 7066 0066 4660     		str	r6, [r0, #4]
 728:Core/Src/device/cjson.c **** 		else		{newitem->child=newchild;nptr=newchild;}					/* Set newitem->child and move to it */
 7067              		.loc 1 728 54 is_stmt 1 view .LVU2280
 7068              	.LVL810:
 7069              	.L753:
 730:Core/Src/device/cjson.c **** 	}
 7070              		.loc 1 730 3 view .LVU2281
 730:Core/Src/device/cjson.c **** 	}
 7071              		.loc 1 730 7 is_stmt 0 view .LVU2282
 7072 0068 0646     		mov	r6, r0
 7073 006a 2D68     		ldr	r5, [r5]
 7074              	.LVL811:
 730:Core/Src/device/cjson.c **** 	}
 7075              		.loc 1 730 7 view .LVU2283
 7076 006c F1E7     		b	.L750
 7077              	.LVL812:
 7078              	.L752:
 729:Core/Src/device/cjson.c **** 		cptr=cptr->next;
 7079              		.loc 1 729 10 is_stmt 1 view .LVU2284
 729:Core/Src/device/cjson.c **** 		cptr=cptr->next;
 7080              		.loc 1 729 24 is_stmt 0 view .LVU2285
 7081 006e A060     		str	r0, [r4, #8]
 729:Core/Src/device/cjson.c **** 		cptr=cptr->next;
 7082              		.loc 1 729 34 is_stmt 1 view .LVU2286
 7083 0070 FAE7     		b	.L753
 7084              		.cfi_endproc
 7085              	.LFE60:
 7087              		.section	.text.cJSON_Minify,"ax",%progbits
 7088              		.align	1
ARM GAS  C:\Users\airforce\AppData\Local\Temp\ccf0vFDc.s 			page 167


 7089              		.global	cJSON_Minify
 7090              		.syntax unified
 7091              		.thumb
 7092              		.thumb_func
 7094              	cJSON_Minify:
 7095              	.LVL813:
 7096              	.LFB61:
 734:Core/Src/device/cjson.c **** 
 735:Core/Src/device/cjson.c **** void cJSON_Minify(char *json)
 736:Core/Src/device/cjson.c **** {
 7097              		.loc 1 736 1 view -0
 7098              		.cfi_startproc
 7099              		@ args = 0, pretend = 0, frame = 0
 7100              		@ frame_needed = 0, uses_anonymous_args = 0
 737:Core/Src/device/cjson.c **** 	char *into=json;
 7101              		.loc 1 737 2 view .LVU2288
 738:Core/Src/device/cjson.c **** 	while (*json)
 7102              		.loc 1 738 2 view .LVU2289
 737:Core/Src/device/cjson.c **** 	char *into=json;
 7103              		.loc 1 737 8 is_stmt 0 view .LVU2290
 7104 0000 0246     		mov	r2, r0
 736:Core/Src/device/cjson.c **** 	char *into=json;
 7105              		.loc 1 736 1 view .LVU2291
 7106 0002 10B5     		push	{r4, lr}
 7107              	.LCFI76:
 7108              		.cfi_def_cfa_offset 8
 7109              		.cfi_offset 4, -8
 7110              		.cfi_offset 14, -4
 7111              	.LVL814:
 7112              	.L769:
 7113              		.loc 1 738 9 is_stmt 1 view .LVU2292
 7114 0004 0178     		ldrb	r1, [r0]	@ zero_extendqisi2
 7115 0006 09B9     		cbnz	r1, .L788
 739:Core/Src/device/cjson.c **** 	{
 740:Core/Src/device/cjson.c **** 		if (*json==' ') json++;
 741:Core/Src/device/cjson.c **** 		else if (*json=='\t') json++;	/* Whitespace characters. */
 742:Core/Src/device/cjson.c **** 		else if (*json=='\r') json++;
 743:Core/Src/device/cjson.c **** 		else if (*json=='\n') json++;
 744:Core/Src/device/cjson.c **** 		else if (*json=='/' && json[1]=='/')  while (*json && *json!='\n') json++;	/* double-slash commen
 745:Core/Src/device/cjson.c **** 		else if (*json=='/' && json[1]=='*') {while (*json && !(*json=='*' && json[1]=='/')) json++;json+
 746:Core/Src/device/cjson.c **** 		else if (*json=='\"'){*into++=*json++;while (*json && *json!='\"'){if (*json=='\\') *into++=*json
 747:Core/Src/device/cjson.c **** 		else *into++=*json++;			/* All other characters. */
 748:Core/Src/device/cjson.c **** 	}
 749:Core/Src/device/cjson.c **** 	*into=0;	/* and null-terminate. */
 7116              		.loc 1 749 2 view .LVU2293
 7117              		.loc 1 749 7 is_stmt 0 view .LVU2294
 7118 0008 1170     		strb	r1, [r2]
 750:Core/Src/device/cjson.c **** }
 7119              		.loc 1 750 1 view .LVU2295
 7120 000a 10BD     		pop	{r4, pc}
 7121              	.L788:
 740:Core/Src/device/cjson.c **** 		else if (*json=='\t') json++;	/* Whitespace characters. */
 7122              		.loc 1 740 3 is_stmt 1 view .LVU2296
 7123 000c 0D29     		cmp	r1, #13
 7124 000e 1DD0     		beq	.L770
 7125 0010 09D8     		bhi	.L771
 7126 0012 0929     		cmp	r1, #9
ARM GAS  C:\Users\airforce\AppData\Local\Temp\ccf0vFDc.s 			page 168


 7127 0014 00F10103 		add	r3, r0, #1
 7128 0018 1AD0     		beq	.L773
 7129 001a 0A29     		cmp	r1, #10
 7130 001c 18D0     		beq	.L773
 7131              	.L774:
 747:Core/Src/device/cjson.c **** 	}
 7132              		.loc 1 747 8 view .LVU2297
 7133              	.LVL815:
 747:Core/Src/device/cjson.c **** 	}
 7134              		.loc 1 747 21 is_stmt 0 view .LVU2298
 7135 001e 0130     		adds	r0, r0, #1
 7136              	.LVL816:
 747:Core/Src/device/cjson.c **** 	}
 7137              		.loc 1 747 15 view .LVU2299
 7138 0020 02F8011B 		strb	r1, [r2], #1
 7139              	.LVL817:
 747:Core/Src/device/cjson.c **** 	}
 7140              		.loc 1 747 15 view .LVU2300
 7141 0024 EEE7     		b	.L769
 7142              	.LVL818:
 7143              	.L771:
 747:Core/Src/device/cjson.c **** 	}
 7144              		.loc 1 747 15 view .LVU2301
 7145 0026 2029     		cmp	r1, #32
 7146 0028 10D0     		beq	.L770
 7147 002a 2F29     		cmp	r1, #47
 7148 002c 12D0     		beq	.L776
 745:Core/Src/device/cjson.c **** 		else if (*json=='\"'){*into++=*json++;while (*json && *json!='\"'){if (*json=='\\') *into++=*json
 7149              		.loc 1 745 8 is_stmt 1 view .LVU2302
 746:Core/Src/device/cjson.c **** 		else *into++=*json++;			/* All other characters. */
 7150              		.loc 1 746 8 view .LVU2303
 746:Core/Src/device/cjson.c **** 		else *into++=*json++;			/* All other characters. */
 7151              		.loc 1 746 11 is_stmt 0 view .LVU2304
 7152 002e 2229     		cmp	r1, #34
 7153 0030 F5D1     		bne	.L774
 746:Core/Src/device/cjson.c **** 		else *into++=*json++;			/* All other characters. */
 7154              		.loc 1 746 30 discriminator 1 view .LVU2305
 7155 0032 1346     		mov	r3, r2
 746:Core/Src/device/cjson.c **** 		else *into++=*json++;			/* All other characters. */
 7156              		.loc 1 746 25 is_stmt 1 discriminator 1 view .LVU2306
 7157              	.LVL819:
 740:Core/Src/device/cjson.c **** 		else if (*json=='\t') json++;	/* Whitespace characters. */
 7158              		.loc 1 740 23 is_stmt 0 discriminator 1 view .LVU2307
 7159 0034 441C     		adds	r4, r0, #1
 746:Core/Src/device/cjson.c **** 		else *into++=*json++;			/* All other characters. */
 7160              		.loc 1 746 32 discriminator 1 view .LVU2308
 7161 0036 03F8011B 		strb	r1, [r3], #1
 7162              	.LVL820:
 746:Core/Src/device/cjson.c **** 		else *into++=*json++;			/* All other characters. */
 7163              		.loc 1 746 41 is_stmt 1 view .LVU2309
 7164              	.L784:
 746:Core/Src/device/cjson.c **** 		else *into++=*json++;			/* All other characters. */
 7165              		.loc 1 746 54 discriminator 6 view .LVU2310
 746:Core/Src/device/cjson.c **** 		else *into++=*json++;			/* All other characters. */
 7166              		.loc 1 746 48 is_stmt 0 discriminator 6 view .LVU2311
 7167 003a 2046     		mov	r0, r4
 7168 003c 10F8011B 		ldrb	r1, [r0], #1	@ zero_extendqisi2
ARM GAS  C:\Users\airforce\AppData\Local\Temp\ccf0vFDc.s 			page 169


 746:Core/Src/device/cjson.c **** 		else *into++=*json++;			/* All other characters. */
 7169              		.loc 1 746 92 discriminator 3 view .LVU2312
 7170 0040 5A1C     		adds	r2, r3, #1
 746:Core/Src/device/cjson.c **** 		else *into++=*json++;			/* All other characters. */
 7171              		.loc 1 746 54 discriminator 6 view .LVU2313
 7172 0042 09B1     		cbz	r1, .L786
 746:Core/Src/device/cjson.c **** 		else *into++=*json++;			/* All other characters. */
 7173              		.loc 1 746 54 discriminator 7 view .LVU2314
 7174 0044 2229     		cmp	r1, #34
 7175 0046 1ED1     		bne	.L787
 7176              	.L786:
 746:Core/Src/device/cjson.c **** 		else *into++=*json++;			/* All other characters. */
 7177              		.loc 1 746 120 is_stmt 1 discriminator 10 view .LVU2315
 7178              	.LVL821:
 746:Core/Src/device/cjson.c **** 		else *into++=*json++;			/* All other characters. */
 7179              		.loc 1 746 127 is_stmt 0 discriminator 10 view .LVU2316
 7180 0048 1970     		strb	r1, [r3]
 7181 004a DBE7     		b	.L769
 7182              	.LVL822:
 7183              	.L770:
 742:Core/Src/device/cjson.c **** 		else if (*json=='\n') json++;
 7184              		.loc 1 742 25 is_stmt 1 discriminator 1 view .LVU2317
 742:Core/Src/device/cjson.c **** 		else if (*json=='\n') json++;
 7185              		.loc 1 742 29 is_stmt 0 discriminator 1 view .LVU2318
 7186 004c 0130     		adds	r0, r0, #1
 7187              	.LVL823:
 742:Core/Src/device/cjson.c **** 		else if (*json=='\n') json++;
 7188              		.loc 1 742 29 discriminator 1 view .LVU2319
 7189 004e D9E7     		b	.L769
 7190              	.LVL824:
 7191              	.L773:
 743:Core/Src/device/cjson.c **** 		else if (*json=='/' && json[1]=='/')  while (*json && *json!='\n') json++;	/* double-slash commen
 7192              		.loc 1 743 25 is_stmt 1 discriminator 1 view .LVU2320
 743:Core/Src/device/cjson.c **** 		else if (*json=='/' && json[1]=='/')  while (*json && *json!='\n') json++;	/* double-slash commen
 7193              		.loc 1 743 29 is_stmt 0 discriminator 1 view .LVU2321
 7194 0050 1846     		mov	r0, r3
 743:Core/Src/device/cjson.c **** 		else if (*json=='/' && json[1]=='/')  while (*json && *json!='\n') json++;	/* double-slash commen
 7195              		.loc 1 743 29 discriminator 1 view .LVU2322
 7196 0052 D7E7     		b	.L769
 7197              	.LVL825:
 7198              	.L776:
 744:Core/Src/device/cjson.c **** 		else if (*json=='/' && json[1]=='*') {while (*json && !(*json=='*' && json[1]=='/')) json++;json+
 7199              		.loc 1 744 30 discriminator 1 view .LVU2323
 7200 0054 4378     		ldrb	r3, [r0, #1]	@ zero_extendqisi2
 744:Core/Src/device/cjson.c **** 		else if (*json=='/' && json[1]=='*') {while (*json && !(*json=='*' && json[1]=='/')) json++;json+
 7201              		.loc 1 744 23 discriminator 1 view .LVU2324
 7202 0056 2F2B     		cmp	r3, #47
 7203 0058 08D1     		bne	.L779
 7204 005a 0346     		mov	r3, r0
 7205              	.L780:
 7206              	.LVL826:
 744:Core/Src/device/cjson.c **** 		else if (*json=='/' && json[1]=='*') {while (*json && !(*json=='*' && json[1]=='/')) json++;json+
 7207              		.loc 1 744 23 discriminator 1 view .LVU2325
 7208 005c 1846     		mov	r0, r3
 7209              	.LVL827:
 744:Core/Src/device/cjson.c **** 		else if (*json=='/' && json[1]=='*') {while (*json && !(*json=='*' && json[1]=='/')) json++;json+
 7210              		.loc 1 744 54 is_stmt 1 discriminator 3 view .LVU2326
ARM GAS  C:\Users\airforce\AppData\Local\Temp\ccf0vFDc.s 			page 170


 744:Core/Src/device/cjson.c **** 		else if (*json=='/' && json[1]=='*') {while (*json && !(*json=='*' && json[1]=='/')) json++;json+
 7211              		.loc 1 744 48 is_stmt 0 discriminator 3 view .LVU2327
 7212 005e 13F8011B 		ldrb	r1, [r3], #1	@ zero_extendqisi2
 744:Core/Src/device/cjson.c **** 		else if (*json=='/' && json[1]=='*') {while (*json && !(*json=='*' && json[1]=='/')) json++;json+
 7213              		.loc 1 744 54 discriminator 3 view .LVU2328
 7214 0062 0029     		cmp	r1, #0
 7215 0064 CED0     		beq	.L769
 744:Core/Src/device/cjson.c **** 		else if (*json=='/' && json[1]=='*') {while (*json && !(*json=='*' && json[1]=='/')) json++;json+
 7216              		.loc 1 744 54 discriminator 4 view .LVU2329
 7217 0066 0A29     		cmp	r1, #10
 7218 0068 F8D1     		bne	.L780
 7219 006a CBE7     		b	.L769
 7220              	.LVL828:
 7221              	.L779:
 745:Core/Src/device/cjson.c **** 		else if (*json=='\"'){*into++=*json++;while (*json && *json!='\"'){if (*json=='\\') *into++=*json
 7222              		.loc 1 745 8 is_stmt 1 view .LVU2330
 745:Core/Src/device/cjson.c **** 		else if (*json=='\"'){*into++=*json++;while (*json && *json!='\"'){if (*json=='\\') *into++=*json
 7223              		.loc 1 745 23 is_stmt 0 discriminator 1 view .LVU2331
 7224 006c 2A2B     		cmp	r3, #42
 7225 006e D6D1     		bne	.L774
 7226              	.LVL829:
 7227              	.L781:
 745:Core/Src/device/cjson.c **** 		else if (*json=='\"'){*into++=*json++;while (*json && *json!='\"'){if (*json=='\\') *into++=*json
 7228              		.loc 1 745 23 discriminator 1 view .LVU2332
 7229 0070 0146     		mov	r1, r0
 7230              	.LVL830:
 745:Core/Src/device/cjson.c **** 		else if (*json=='\"'){*into++=*json++;while (*json && *json!='\"'){if (*json=='\\') *into++=*json
 7231              		.loc 1 745 54 is_stmt 1 discriminator 3 view .LVU2333
 745:Core/Src/device/cjson.c **** 		else if (*json=='\"'){*into++=*json++;while (*json && *json!='\"'){if (*json=='\\') *into++=*json
 7232              		.loc 1 745 48 is_stmt 0 discriminator 3 view .LVU2334
 7233 0072 10F8013B 		ldrb	r3, [r0], #1	@ zero_extendqisi2
 7234              	.LVL831:
 745:Core/Src/device/cjson.c **** 		else if (*json=='\"'){*into++=*json++;while (*json && *json!='\"'){if (*json=='\\') *into++=*json
 7235              		.loc 1 745 54 discriminator 3 view .LVU2335
 7236 0076 23B1     		cbz	r3, .L782
 745:Core/Src/device/cjson.c **** 		else if (*json=='\"'){*into++=*json++;while (*json && *json!='\"'){if (*json=='\\') *into++=*json
 7237              		.loc 1 745 54 discriminator 4 view .LVU2336
 7238 0078 2A2B     		cmp	r3, #42
 7239 007a F9D1     		bne	.L781
 745:Core/Src/device/cjson.c **** 		else if (*json=='\"'){*into++=*json++;while (*json && *json!='\"'){if (*json=='\\') *into++=*json
 7240              		.loc 1 745 57 discriminator 7 view .LVU2337
 7241 007c 0378     		ldrb	r3, [r0]	@ zero_extendqisi2
 7242 007e 2F2B     		cmp	r3, #47
 7243 0080 F6D1     		bne	.L781
 7244              	.L782:
 745:Core/Src/device/cjson.c **** 		else if (*json=='\"'){*into++=*json++;while (*json && *json!='\"'){if (*json=='\\') *into++=*json
 7245              		.loc 1 745 95 is_stmt 1 discriminator 9 view .LVU2338
 745:Core/Src/device/cjson.c **** 		else if (*json=='\"'){*into++=*json++;while (*json && *json!='\"'){if (*json=='\\') *into++=*json
 7246              		.loc 1 745 99 is_stmt 0 discriminator 9 view .LVU2339
 7247 0082 881C     		adds	r0, r1, #2
 7248              	.LVL832:
 745:Core/Src/device/cjson.c **** 		else if (*json=='\"'){*into++=*json++;while (*json && *json!='\"'){if (*json=='\\') *into++=*json
 7249              		.loc 1 745 99 view .LVU2340
 7250 0084 BEE7     		b	.L769
 7251              	.LVL833:
 7252              	.L787:
 746:Core/Src/device/cjson.c **** 		else *into++=*json++;			/* All other characters. */
ARM GAS  C:\Users\airforce\AppData\Local\Temp\ccf0vFDc.s 			page 171


 7253              		.loc 1 746 70 is_stmt 1 discriminator 9 view .LVU2341
 746:Core/Src/device/cjson.c **** 		else *into++=*json++;			/* All other characters. */
 7254              		.loc 1 746 73 is_stmt 0 discriminator 9 view .LVU2342
 7255 0086 5C29     		cmp	r1, #92
 746:Core/Src/device/cjson.c **** 		else *into++=*json++;			/* All other characters. */
 7256              		.loc 1 746 87 is_stmt 1 discriminator 3 view .LVU2343
 7257              	.LVL834:
 746:Core/Src/device/cjson.c **** 		else *into++=*json++;			/* All other characters. */
 7258              		.loc 1 746 100 is_stmt 0 discriminator 3 view .LVU2344
 7259 0088 02BF     		ittt	eq
 7260 008a 0446     		moveq	r4, r0
 746:Core/Src/device/cjson.c **** 		else *into++=*json++;			/* All other characters. */
 7261              		.loc 1 746 94 discriminator 3 view .LVU2345
 7262 008c 1970     		strbeq	r1, [r3]
 746:Core/Src/device/cjson.c **** 		else *into++=*json++;			/* All other characters. */
 7263              		.loc 1 746 92 discriminator 3 view .LVU2346
 7264 008e 1346     		moveq	r3, r2
 7265              	.LVL835:
 746:Core/Src/device/cjson.c **** 		else *into++=*json++;			/* All other characters. */
 7266              		.loc 1 746 103 is_stmt 1 discriminator 5 view .LVU2347
 746:Core/Src/device/cjson.c **** 		else *into++=*json++;			/* All other characters. */
 7267              		.loc 1 746 111 is_stmt 0 discriminator 5 view .LVU2348
 7268 0090 14F8012B 		ldrb	r2, [r4], #1	@ zero_extendqisi2
 7269              	.LVL836:
 746:Core/Src/device/cjson.c **** 		else *into++=*json++;			/* All other characters. */
 7270              		.loc 1 746 110 discriminator 5 view .LVU2349
 7271 0094 03F8012B 		strb	r2, [r3], #1
 7272              	.LVL837:
 746:Core/Src/device/cjson.c **** 		else *into++=*json++;			/* All other characters. */
 7273              		.loc 1 746 110 discriminator 5 view .LVU2350
 7274 0098 CFE7     		b	.L784
 7275              		.cfi_endproc
 7276              	.LFE61:
 7278              		.section	.rodata.firstByteMark,"a"
 7281              	firstByteMark:
 7282 0000 0000C0E0 		.ascii	"\000\000\300\340\360\370\374"
 7282      F0F8FC
 7283              		.section	.data.cJSON_free,"aw"
 7284              		.align	2
 7287              	cJSON_free:
 7288 0000 00000000 		.word	free
 7289              		.section	.data.cJSON_malloc,"aw"
 7290              		.align	2
 7293              	cJSON_malloc:
 7294 0000 00000000 		.word	malloc
 7295              		.section	.bss.ep,"aw",%nobits
 7296              		.align	2
 7299              	ep:
 7300 0000 00000000 		.space	4
 7301              		.text
 7302              	.Letext0:
 7303              		.file 2 "Core/Inc/device/cJSON.h"
 7304              		.file 3 "D:/stm32tools/arm-none-eabi-gcc/14.2.1-1.1.1/.content/lib/gcc/arm-none-eabi/14.2.1/includ
 7305              		.file 4 "D:/stm32tools/arm-none-eabi-gcc/14.2.1-1.1.1/.content/arm-none-eabi/include/string.h"
 7306              		.file 5 "D:/stm32tools/arm-none-eabi-gcc/14.2.1-1.1.1/.content/arm-none-eabi/include/math.h"
 7307              		.file 6 "D:/stm32tools/arm-none-eabi-gcc/14.2.1-1.1.1/.content/arm-none-eabi/include/stdio.h"
 7308              		.file 7 "D:/stm32tools/arm-none-eabi-gcc/14.2.1-1.1.1/.content/arm-none-eabi/include/stdlib.h"
ARM GAS  C:\Users\airforce\AppData\Local\Temp\ccf0vFDc.s 			page 172


 7309              		.file 8 "D:/stm32tools/arm-none-eabi-gcc/14.2.1-1.1.1/.content/arm-none-eabi/include/ctype.h"
 7310              		.file 9 "<built-in>"
ARM GAS  C:\Users\airforce\AppData\Local\Temp\ccf0vFDc.s 			page 173


DEFINED SYMBOLS
                            *ABS*:00000000 cjson.c
C:\Users\airforce\AppData\Local\Temp\ccf0vFDc.s:19     .text.parse_hex4:00000000 $t
C:\Users\airforce\AppData\Local\Temp\ccf0vFDc.s:24     .text.parse_hex4:00000000 parse_hex4
C:\Users\airforce\AppData\Local\Temp\ccf0vFDc.s:220    .text.parse_string:00000000 $t
C:\Users\airforce\AppData\Local\Temp\ccf0vFDc.s:225    .text.parse_string:00000000 parse_string
C:\Users\airforce\AppData\Local\Temp\ccf0vFDc.s:414    .text.parse_string:0000009c $d
C:\Users\airforce\AppData\Local\Temp\ccf0vFDc.s:422    .text.parse_string:000000bc $t
C:\Users\airforce\AppData\Local\Temp\ccf0vFDc.s:655    .text.parse_string:00000190 $d
C:\Users\airforce\AppData\Local\Temp\ccf0vFDc.s:7299   .bss.ep:00000000 ep
C:\Users\airforce\AppData\Local\Temp\ccf0vFDc.s:7293   .data.cJSON_malloc:00000000 cJSON_malloc
C:\Users\airforce\AppData\Local\Temp\ccf0vFDc.s:7281   .rodata.firstByteMark:00000000 firstByteMark
C:\Users\airforce\AppData\Local\Temp\ccf0vFDc.s:663    .text.skip:00000000 $t
C:\Users\airforce\AppData\Local\Temp\ccf0vFDc.s:668    .text.skip:00000000 skip
C:\Users\airforce\AppData\Local\Temp\ccf0vFDc.s:699    .text.cJSON_New_Item:00000000 $t
C:\Users\airforce\AppData\Local\Temp\ccf0vFDc.s:704    .text.cJSON_New_Item:00000000 cJSON_New_Item
C:\Users\airforce\AppData\Local\Temp\ccf0vFDc.s:743    .text.cJSON_New_Item:0000001c $d
C:\Users\airforce\AppData\Local\Temp\ccf0vFDc.s:755    .text.parse_value:00000000 $t
C:\Users\airforce\AppData\Local\Temp\ccf0vFDc.s:760    .text.parse_value:00000000 parse_value
C:\Users\airforce\AppData\Local\Temp\ccf0vFDc.s:1503   .text.parse_value:000002b0 $d
C:\Users\airforce\AppData\Local\Temp\ccf0vFDc.s:1515   .text.parse_value:000002cc $t
C:\Users\airforce\AppData\Local\Temp\ccf0vFDc.s:1592   .text.ensure:00000000 $t
C:\Users\airforce\AppData\Local\Temp\ccf0vFDc.s:1597   .text.ensure:00000000 ensure
C:\Users\airforce\AppData\Local\Temp\ccf0vFDc.s:1743   .text.ensure:00000064 $d
C:\Users\airforce\AppData\Local\Temp\ccf0vFDc.s:7287   .data.cJSON_free:00000000 cJSON_free
C:\Users\airforce\AppData\Local\Temp\ccf0vFDc.s:1749   .text.create_reference:00000000 $t
C:\Users\airforce\AppData\Local\Temp\ccf0vFDc.s:1754   .text.create_reference:00000000 create_reference
C:\Users\airforce\AppData\Local\Temp\ccf0vFDc.s:1811   .text.cJSON_strdup:00000000 $t
C:\Users\airforce\AppData\Local\Temp\ccf0vFDc.s:1816   .text.cJSON_strdup:00000000 cJSON_strdup
C:\Users\airforce\AppData\Local\Temp\ccf0vFDc.s:1868   .text.cJSON_strdup:00000024 $d
C:\Users\airforce\AppData\Local\Temp\ccf0vFDc.s:1873   .text.update:00000000 $t
C:\Users\airforce\AppData\Local\Temp\ccf0vFDc.s:1878   .text.update:00000000 update
C:\Users\airforce\AppData\Local\Temp\ccf0vFDc.s:1934   .text.print_number:00000000 $t
C:\Users\airforce\AppData\Local\Temp\ccf0vFDc.s:1939   .text.print_number:00000000 print_number
C:\Users\airforce\AppData\Local\Temp\ccf0vFDc.s:2187   .text.print_number:00000128 $d
C:\Users\airforce\AppData\Local\Temp\ccf0vFDc.s:2214   .text.print_string_ptr:00000000 $t
C:\Users\airforce\AppData\Local\Temp\ccf0vFDc.s:2219   .text.print_string_ptr:00000000 print_string_ptr
C:\Users\airforce\AppData\Local\Temp\ccf0vFDc.s:2566   .text.print_string_ptr:0000011c $d
C:\Users\airforce\AppData\Local\Temp\ccf0vFDc.s:2572   .text.print_string_ptr:00000122 $t
C:\Users\airforce\AppData\Local\Temp\ccf0vFDc.s:2656   .text.print_string_ptr:0000015c $d
C:\Users\airforce\AppData\Local\Temp\ccf0vFDc.s:2664   .text.cJSON_strcasecmp:00000000 $t
C:\Users\airforce\AppData\Local\Temp\ccf0vFDc.s:2669   .text.cJSON_strcasecmp:00000000 cJSON_strcasecmp
C:\Users\airforce\AppData\Local\Temp\ccf0vFDc.s:2784   .text.cJSON_strcasecmp:0000004c $d
C:\Users\airforce\AppData\Local\Temp\ccf0vFDc.s:2792   .text.print_value:00000000 $t
C:\Users\airforce\AppData\Local\Temp\ccf0vFDc.s:2797   .text.print_value:00000000 print_value
C:\Users\airforce\AppData\Local\Temp\ccf0vFDc.s:2843   .text.print_value:00000026 $d
C:\Users\airforce\AppData\Local\Temp\ccf0vFDc.s:3704   .text.print_value:000002f8 $d
C:\Users\airforce\AppData\Local\Temp\ccf0vFDc.s:3744   .text.print_value:0000030c $d
C:\Users\airforce\AppData\Local\Temp\ccf0vFDc.s:3754   .text.print_value:0000031c $t
C:\Users\airforce\AppData\Local\Temp\ccf0vFDc.s:4466   .text.print_value:000005b8 $d
C:\Users\airforce\AppData\Local\Temp\ccf0vFDc.s:4474   .text.print_value:000005c8 $t
C:\Users\airforce\AppData\Local\Temp\ccf0vFDc.s:4732   .text.print_value:000006e4 $d
C:\Users\airforce\AppData\Local\Temp\ccf0vFDc.s:4739   .text.cJSON_GetErrorPtr:00000000 $t
C:\Users\airforce\AppData\Local\Temp\ccf0vFDc.s:4745   .text.cJSON_GetErrorPtr:00000000 cJSON_GetErrorPtr
C:\Users\airforce\AppData\Local\Temp\ccf0vFDc.s:4760   .text.cJSON_GetErrorPtr:00000008 $d
C:\Users\airforce\AppData\Local\Temp\ccf0vFDc.s:4765   .text.cJSON_InitHooks:00000000 $t
C:\Users\airforce\AppData\Local\Temp\ccf0vFDc.s:4771   .text.cJSON_InitHooks:00000000 cJSON_InitHooks
ARM GAS  C:\Users\airforce\AppData\Local\Temp\ccf0vFDc.s 			page 174


C:\Users\airforce\AppData\Local\Temp\ccf0vFDc.s:4819   .text.cJSON_InitHooks:00000028 $d
C:\Users\airforce\AppData\Local\Temp\ccf0vFDc.s:4827   .text.cJSON_Delete:00000000 $t
C:\Users\airforce\AppData\Local\Temp\ccf0vFDc.s:4833   .text.cJSON_Delete:00000000 cJSON_Delete
C:\Users\airforce\AppData\Local\Temp\ccf0vFDc.s:4926   .text.cJSON_Delete:00000044 $d
C:\Users\airforce\AppData\Local\Temp\ccf0vFDc.s:4931   .text.cJSON_ParseWithOpts:00000000 $t
C:\Users\airforce\AppData\Local\Temp\ccf0vFDc.s:4937   .text.cJSON_ParseWithOpts:00000000 cJSON_ParseWithOpts
C:\Users\airforce\AppData\Local\Temp\ccf0vFDc.s:5049   .text.cJSON_ParseWithOpts:0000005c $d
C:\Users\airforce\AppData\Local\Temp\ccf0vFDc.s:5054   .text.cJSON_Parse:00000000 $t
C:\Users\airforce\AppData\Local\Temp\ccf0vFDc.s:5060   .text.cJSON_Parse:00000000 cJSON_Parse
C:\Users\airforce\AppData\Local\Temp\ccf0vFDc.s:5079   .text.cJSON_Print:00000000 $t
C:\Users\airforce\AppData\Local\Temp\ccf0vFDc.s:5085   .text.cJSON_Print:00000000 cJSON_Print
C:\Users\airforce\AppData\Local\Temp\ccf0vFDc.s:5105   .text.cJSON_PrintUnformatted:00000000 $t
C:\Users\airforce\AppData\Local\Temp\ccf0vFDc.s:5111   .text.cJSON_PrintUnformatted:00000000 cJSON_PrintUnformatted
C:\Users\airforce\AppData\Local\Temp\ccf0vFDc.s:5131   .text.cJSON_PrintBuffered:00000000 $t
C:\Users\airforce\AppData\Local\Temp\ccf0vFDc.s:5137   .text.cJSON_PrintBuffered:00000000 cJSON_PrintBuffered
C:\Users\airforce\AppData\Local\Temp\ccf0vFDc.s:5194   .text.cJSON_PrintBuffered:00000028 $d
C:\Users\airforce\AppData\Local\Temp\ccf0vFDc.s:5199   .text.cJSON_GetArraySize:00000000 $t
C:\Users\airforce\AppData\Local\Temp\ccf0vFDc.s:5205   .text.cJSON_GetArraySize:00000000 cJSON_GetArraySize
C:\Users\airforce\AppData\Local\Temp\ccf0vFDc.s:5242   .text.cJSON_GetArrayItem:00000000 $t
C:\Users\airforce\AppData\Local\Temp\ccf0vFDc.s:5248   .text.cJSON_GetArrayItem:00000000 cJSON_GetArrayItem
C:\Users\airforce\AppData\Local\Temp\ccf0vFDc.s:5284   .text.cJSON_GetObjectItem:00000000 $t
C:\Users\airforce\AppData\Local\Temp\ccf0vFDc.s:5290   .text.cJSON_GetObjectItem:00000000 cJSON_GetObjectItem
C:\Users\airforce\AppData\Local\Temp\ccf0vFDc.s:5338   .text.cJSON_AddItemToArray:00000000 $t
C:\Users\airforce\AppData\Local\Temp\ccf0vFDc.s:5344   .text.cJSON_AddItemToArray:00000000 cJSON_AddItemToArray
C:\Users\airforce\AppData\Local\Temp\ccf0vFDc.s:5400   .text.cJSON_AddItemToObject:00000000 $t
C:\Users\airforce\AppData\Local\Temp\ccf0vFDc.s:5406   .text.cJSON_AddItemToObject:00000000 cJSON_AddItemToObject
C:\Users\airforce\AppData\Local\Temp\ccf0vFDc.s:5472   .text.cJSON_AddItemToObject:0000002c $d
C:\Users\airforce\AppData\Local\Temp\ccf0vFDc.s:5477   .text.cJSON_AddItemToObjectCS:00000000 $t
C:\Users\airforce\AppData\Local\Temp\ccf0vFDc.s:5483   .text.cJSON_AddItemToObjectCS:00000000 cJSON_AddItemToObjectCS
C:\Users\airforce\AppData\Local\Temp\ccf0vFDc.s:5558   .text.cJSON_AddItemToObjectCS:00000034 $d
C:\Users\airforce\AppData\Local\Temp\ccf0vFDc.s:5563   .text.cJSON_AddItemReferenceToArray:00000000 $t
C:\Users\airforce\AppData\Local\Temp\ccf0vFDc.s:5569   .text.cJSON_AddItemReferenceToArray:00000000 cJSON_AddItemReferenceToArray
C:\Users\airforce\AppData\Local\Temp\ccf0vFDc.s:5609   .text.cJSON_AddItemReferenceToObject:00000000 $t
C:\Users\airforce\AppData\Local\Temp\ccf0vFDc.s:5615   .text.cJSON_AddItemReferenceToObject:00000000 cJSON_AddItemReferenceToObject
C:\Users\airforce\AppData\Local\Temp\ccf0vFDc.s:5664   .text.cJSON_DetachItemFromArray:00000000 $t
C:\Users\airforce\AppData\Local\Temp\ccf0vFDc.s:5670   .text.cJSON_DetachItemFromArray:00000000 cJSON_DetachItemFromArray
C:\Users\airforce\AppData\Local\Temp\ccf0vFDc.s:5752   .text.cJSON_DeleteItemFromArray:00000000 $t
C:\Users\airforce\AppData\Local\Temp\ccf0vFDc.s:5758   .text.cJSON_DeleteItemFromArray:00000000 cJSON_DeleteItemFromArray
C:\Users\airforce\AppData\Local\Temp\ccf0vFDc.s:5788   .text.cJSON_DetachItemFromObject:00000000 $t
C:\Users\airforce\AppData\Local\Temp\ccf0vFDc.s:5794   .text.cJSON_DetachItemFromObject:00000000 cJSON_DetachItemFromObject
C:\Users\airforce\AppData\Local\Temp\ccf0vFDc.s:5874   .text.cJSON_DeleteItemFromObject:00000000 $t
C:\Users\airforce\AppData\Local\Temp\ccf0vFDc.s:5880   .text.cJSON_DeleteItemFromObject:00000000 cJSON_DeleteItemFromObject
C:\Users\airforce\AppData\Local\Temp\ccf0vFDc.s:5910   .text.cJSON_InsertItemInArray:00000000 $t
C:\Users\airforce\AppData\Local\Temp\ccf0vFDc.s:5916   .text.cJSON_InsertItemInArray:00000000 cJSON_InsertItemInArray
C:\Users\airforce\AppData\Local\Temp\ccf0vFDc.s:6013   .text.cJSON_ReplaceItemInArray:00000000 $t
C:\Users\airforce\AppData\Local\Temp\ccf0vFDc.s:6019   .text.cJSON_ReplaceItemInArray:00000000 cJSON_ReplaceItemInArray
C:\Users\airforce\AppData\Local\Temp\ccf0vFDc.s:6121   .text.cJSON_ReplaceItemInObject:00000000 $t
C:\Users\airforce\AppData\Local\Temp\ccf0vFDc.s:6127   .text.cJSON_ReplaceItemInObject:00000000 cJSON_ReplaceItemInObject
C:\Users\airforce\AppData\Local\Temp\ccf0vFDc.s:6215   .text.cJSON_CreateNull:00000000 $t
C:\Users\airforce\AppData\Local\Temp\ccf0vFDc.s:6221   .text.cJSON_CreateNull:00000000 cJSON_CreateNull
C:\Users\airforce\AppData\Local\Temp\ccf0vFDc.s:6252   .text.cJSON_CreateTrue:00000000 $t
C:\Users\airforce\AppData\Local\Temp\ccf0vFDc.s:6258   .text.cJSON_CreateTrue:00000000 cJSON_CreateTrue
C:\Users\airforce\AppData\Local\Temp\ccf0vFDc.s:6289   .text.cJSON_CreateFalse:00000000 $t
C:\Users\airforce\AppData\Local\Temp\ccf0vFDc.s:6295   .text.cJSON_CreateFalse:00000000 cJSON_CreateFalse
C:\Users\airforce\AppData\Local\Temp\ccf0vFDc.s:6326   .text.cJSON_CreateBool:00000000 $t
C:\Users\airforce\AppData\Local\Temp\ccf0vFDc.s:6332   .text.cJSON_CreateBool:00000000 cJSON_CreateBool
C:\Users\airforce\AppData\Local\Temp\ccf0vFDc.s:6371   .text.cJSON_CreateNumber:00000000 $t
ARM GAS  C:\Users\airforce\AppData\Local\Temp\ccf0vFDc.s 			page 175


C:\Users\airforce\AppData\Local\Temp\ccf0vFDc.s:6377   .text.cJSON_CreateNumber:00000000 cJSON_CreateNumber
C:\Users\airforce\AppData\Local\Temp\ccf0vFDc.s:6430   .text.cJSON_CreateString:00000000 $t
C:\Users\airforce\AppData\Local\Temp\ccf0vFDc.s:6436   .text.cJSON_CreateString:00000000 cJSON_CreateString
C:\Users\airforce\AppData\Local\Temp\ccf0vFDc.s:6484   .text.cJSON_CreateArray:00000000 $t
C:\Users\airforce\AppData\Local\Temp\ccf0vFDc.s:6490   .text.cJSON_CreateArray:00000000 cJSON_CreateArray
C:\Users\airforce\AppData\Local\Temp\ccf0vFDc.s:6521   .text.cJSON_CreateObject:00000000 $t
C:\Users\airforce\AppData\Local\Temp\ccf0vFDc.s:6527   .text.cJSON_CreateObject:00000000 cJSON_CreateObject
C:\Users\airforce\AppData\Local\Temp\ccf0vFDc.s:6558   .text.cJSON_CreateIntArray:00000000 $t
C:\Users\airforce\AppData\Local\Temp\ccf0vFDc.s:6564   .text.cJSON_CreateIntArray:00000000 cJSON_CreateIntArray
C:\Users\airforce\AppData\Local\Temp\ccf0vFDc.s:6653   .text.cJSON_CreateFloatArray:00000000 $t
C:\Users\airforce\AppData\Local\Temp\ccf0vFDc.s:6659   .text.cJSON_CreateFloatArray:00000000 cJSON_CreateFloatArray
C:\Users\airforce\AppData\Local\Temp\ccf0vFDc.s:6748   .text.cJSON_CreateDoubleArray:00000000 $t
C:\Users\airforce\AppData\Local\Temp\ccf0vFDc.s:6754   .text.cJSON_CreateDoubleArray:00000000 cJSON_CreateDoubleArray
C:\Users\airforce\AppData\Local\Temp\ccf0vFDc.s:6843   .text.cJSON_CreateStringArray:00000000 $t
C:\Users\airforce\AppData\Local\Temp\ccf0vFDc.s:6849   .text.cJSON_CreateStringArray:00000000 cJSON_CreateStringArray
C:\Users\airforce\AppData\Local\Temp\ccf0vFDc.s:6936   .text.cJSON_Duplicate:00000000 $t
C:\Users\airforce\AppData\Local\Temp\ccf0vFDc.s:6942   .text.cJSON_Duplicate:00000000 cJSON_Duplicate
C:\Users\airforce\AppData\Local\Temp\ccf0vFDc.s:7088   .text.cJSON_Minify:00000000 $t
C:\Users\airforce\AppData\Local\Temp\ccf0vFDc.s:7094   .text.cJSON_Minify:00000000 cJSON_Minify
C:\Users\airforce\AppData\Local\Temp\ccf0vFDc.s:7284   .data.cJSON_free:00000000 $d
C:\Users\airforce\AppData\Local\Temp\ccf0vFDc.s:7290   .data.cJSON_malloc:00000000 $d
C:\Users\airforce\AppData\Local\Temp\ccf0vFDc.s:7296   .bss.ep:00000000 $d
C:\Users\airforce\AppData\Local\Temp\ccf0vFDc.s:2850   .text.print_value:0000002d $d
C:\Users\airforce\AppData\Local\Temp\ccf0vFDc.s:2850   .text.print_value:0000002e $t
C:\Users\airforce\AppData\Local\Temp\ccf0vFDc.s:3711   .text.print_value:000002ff $d
C:\Users\airforce\AppData\Local\Temp\ccf0vFDc.s:3711   .text.print_value:00000300 $t

UNDEFINED SYMBOLS
memset
strncmp
__aeabi_dmul
__aeabi_i2d
__aeabi_dadd
__aeabi_dsub
pow
__aeabi_d2iz
memcpy
strlen
__aeabi_dcmpeq
strcpy
__aeabi_dcmple
__aeabi_dcmpge
sprintf
floor
__aeabi_dcmplt
__aeabi_dcmpgt
strchr
_ctype_
malloc
free
__aeabi_f2d
