ARM GAS  C:\Users\airforce\AppData\Local\Temp\ccFSvs2g.s 			page 1


   1              		.cpu cortex-m3
   2              		.arch armv7-m
   3              		.fpu softvfp
   4              		.eabi_attribute 20, 1
   5              		.eabi_attribute 21, 1
   6              		.eabi_attribute 23, 3
   7              		.eabi_attribute 24, 1
   8              		.eabi_attribute 25, 1
   9              		.eabi_attribute 26, 1
  10              		.eabi_attribute 30, 4
  11              		.eabi_attribute 34, 1
  12              		.eabi_attribute 18, 4
  13              		.file	"heap_4.c"
  14              		.text
  15              	.Ltext0:
  16              		.cfi_sections	.debug_frame
  17              		.file 1 "Middlewares/FreeRTOS/Source/portable/MemMang/heap_4.c"
  18              		.section	.text.prvInsertBlockIntoFreeList,"ax",%progbits
  19              		.align	1
  20              		.syntax unified
  21              		.thumb
  22              		.thumb_func
  24              	prvInsertBlockIntoFreeList:
  25              	.LVL0:
  26              	.LFB76:
   1:Middlewares/FreeRTOS/Source/portable/MemMang/heap_4.c **** /*
   2:Middlewares/FreeRTOS/Source/portable/MemMang/heap_4.c ****  * FreeRTOS Kernel V10.4.6
   3:Middlewares/FreeRTOS/Source/portable/MemMang/heap_4.c ****  * Copyright (C) 2021 Amazon.com, Inc. or its affiliates.  All Rights Reserved.
   4:Middlewares/FreeRTOS/Source/portable/MemMang/heap_4.c ****  *
   5:Middlewares/FreeRTOS/Source/portable/MemMang/heap_4.c ****  * SPDX-License-Identifier: MIT
   6:Middlewares/FreeRTOS/Source/portable/MemMang/heap_4.c ****  *
   7:Middlewares/FreeRTOS/Source/portable/MemMang/heap_4.c ****  * Permission is hereby granted, free of charge, to any person obtaining a copy of
   8:Middlewares/FreeRTOS/Source/portable/MemMang/heap_4.c ****  * this software and associated documentation files (the "Software"), to deal in
   9:Middlewares/FreeRTOS/Source/portable/MemMang/heap_4.c ****  * the Software without restriction, including without limitation the rights to
  10:Middlewares/FreeRTOS/Source/portable/MemMang/heap_4.c ****  * use, copy, modify, merge, publish, distribute, sublicense, and/or sell copies of
  11:Middlewares/FreeRTOS/Source/portable/MemMang/heap_4.c ****  * the Software, and to permit persons to whom the Software is furnished to do so,
  12:Middlewares/FreeRTOS/Source/portable/MemMang/heap_4.c ****  * subject to the following conditions:
  13:Middlewares/FreeRTOS/Source/portable/MemMang/heap_4.c ****  *
  14:Middlewares/FreeRTOS/Source/portable/MemMang/heap_4.c ****  * The above copyright notice and this permission notice shall be included in all
  15:Middlewares/FreeRTOS/Source/portable/MemMang/heap_4.c ****  * copies or substantial portions of the Software.
  16:Middlewares/FreeRTOS/Source/portable/MemMang/heap_4.c ****  *
  17:Middlewares/FreeRTOS/Source/portable/MemMang/heap_4.c ****  * THE SOFTWARE IS PROVIDED "AS IS", WITHOUT WARRANTY OF ANY KIND, EXPRESS OR
  18:Middlewares/FreeRTOS/Source/portable/MemMang/heap_4.c ****  * IMPLIED, INCLUDING BUT NOT LIMITED TO THE WARRANTIES OF MERCHANTABILITY, FITNESS
  19:Middlewares/FreeRTOS/Source/portable/MemMang/heap_4.c ****  * FOR A PARTICULAR PURPOSE AND NONINFRINGEMENT. IN NO EVENT SHALL THE AUTHORS OR
  20:Middlewares/FreeRTOS/Source/portable/MemMang/heap_4.c ****  * COPYRIGHT HOLDERS BE LIABLE FOR ANY CLAIM, DAMAGES OR OTHER LIABILITY, WHETHER
  21:Middlewares/FreeRTOS/Source/portable/MemMang/heap_4.c ****  * IN AN ACTION OF CONTRACT, TORT OR OTHERWISE, ARISING FROM, OUT OF OR IN
  22:Middlewares/FreeRTOS/Source/portable/MemMang/heap_4.c ****  * CONNECTION WITH THE SOFTWARE OR THE USE OR OTHER DEALINGS IN THE SOFTWARE.
  23:Middlewares/FreeRTOS/Source/portable/MemMang/heap_4.c ****  *
  24:Middlewares/FreeRTOS/Source/portable/MemMang/heap_4.c ****  * https://www.FreeRTOS.org
  25:Middlewares/FreeRTOS/Source/portable/MemMang/heap_4.c ****  * https://github.com/FreeRTOS
  26:Middlewares/FreeRTOS/Source/portable/MemMang/heap_4.c ****  *
  27:Middlewares/FreeRTOS/Source/portable/MemMang/heap_4.c ****  */
  28:Middlewares/FreeRTOS/Source/portable/MemMang/heap_4.c **** 
  29:Middlewares/FreeRTOS/Source/portable/MemMang/heap_4.c **** /*
  30:Middlewares/FreeRTOS/Source/portable/MemMang/heap_4.c ****  * A sample implementation of pvPortMalloc() and vPortFree() that combines
  31:Middlewares/FreeRTOS/Source/portable/MemMang/heap_4.c ****  * (coalescences) adjacent memory blocks as they are freed, and in so doing
  32:Middlewares/FreeRTOS/Source/portable/MemMang/heap_4.c ****  * limits memory fragmentation.
ARM GAS  C:\Users\airforce\AppData\Local\Temp\ccFSvs2g.s 			page 2


  33:Middlewares/FreeRTOS/Source/portable/MemMang/heap_4.c ****  *
  34:Middlewares/FreeRTOS/Source/portable/MemMang/heap_4.c ****  * See heap_1.c, heap_2.c and heap_3.c for alternative implementations, and the
  35:Middlewares/FreeRTOS/Source/portable/MemMang/heap_4.c ****  * memory management pages of https://www.FreeRTOS.org for more information.
  36:Middlewares/FreeRTOS/Source/portable/MemMang/heap_4.c ****  */
  37:Middlewares/FreeRTOS/Source/portable/MemMang/heap_4.c **** #include <stdlib.h>
  38:Middlewares/FreeRTOS/Source/portable/MemMang/heap_4.c **** 
  39:Middlewares/FreeRTOS/Source/portable/MemMang/heap_4.c **** /* Defining MPU_WRAPPERS_INCLUDED_FROM_API_FILE prevents task.h from redefining
  40:Middlewares/FreeRTOS/Source/portable/MemMang/heap_4.c ****  * all the API functions to use the MPU wrappers.  That should only be done when
  41:Middlewares/FreeRTOS/Source/portable/MemMang/heap_4.c ****  * task.h is included from an application file. */
  42:Middlewares/FreeRTOS/Source/portable/MemMang/heap_4.c **** #define MPU_WRAPPERS_INCLUDED_FROM_API_FILE
  43:Middlewares/FreeRTOS/Source/portable/MemMang/heap_4.c **** 
  44:Middlewares/FreeRTOS/Source/portable/MemMang/heap_4.c **** #include "FreeRTOS.h"
  45:Middlewares/FreeRTOS/Source/portable/MemMang/heap_4.c **** #include "task.h"
  46:Middlewares/FreeRTOS/Source/portable/MemMang/heap_4.c **** 
  47:Middlewares/FreeRTOS/Source/portable/MemMang/heap_4.c **** #undef MPU_WRAPPERS_INCLUDED_FROM_API_FILE
  48:Middlewares/FreeRTOS/Source/portable/MemMang/heap_4.c **** 
  49:Middlewares/FreeRTOS/Source/portable/MemMang/heap_4.c **** #if ( configSUPPORT_DYNAMIC_ALLOCATION == 0 )
  50:Middlewares/FreeRTOS/Source/portable/MemMang/heap_4.c ****     #error This file must not be used if configSUPPORT_DYNAMIC_ALLOCATION is 0
  51:Middlewares/FreeRTOS/Source/portable/MemMang/heap_4.c **** #endif
  52:Middlewares/FreeRTOS/Source/portable/MemMang/heap_4.c **** 
  53:Middlewares/FreeRTOS/Source/portable/MemMang/heap_4.c **** /* Block sizes must not get too small. */
  54:Middlewares/FreeRTOS/Source/portable/MemMang/heap_4.c **** #define heapMINIMUM_BLOCK_SIZE    ( ( size_t ) ( xHeapStructSize << 1 ) )
  55:Middlewares/FreeRTOS/Source/portable/MemMang/heap_4.c **** 
  56:Middlewares/FreeRTOS/Source/portable/MemMang/heap_4.c **** /* Assumes 8bit bytes! */
  57:Middlewares/FreeRTOS/Source/portable/MemMang/heap_4.c **** #define heapBITS_PER_BYTE         ( ( size_t ) 8 )
  58:Middlewares/FreeRTOS/Source/portable/MemMang/heap_4.c **** 
  59:Middlewares/FreeRTOS/Source/portable/MemMang/heap_4.c **** /* Allocate the memory for the heap. */
  60:Middlewares/FreeRTOS/Source/portable/MemMang/heap_4.c **** #if ( configAPPLICATION_ALLOCATED_HEAP == 1 )
  61:Middlewares/FreeRTOS/Source/portable/MemMang/heap_4.c **** 
  62:Middlewares/FreeRTOS/Source/portable/MemMang/heap_4.c **** /* The application writer has already defined the array used for the RTOS
  63:Middlewares/FreeRTOS/Source/portable/MemMang/heap_4.c **** * heap - probably so it can be placed in a special segment or address. */
  64:Middlewares/FreeRTOS/Source/portable/MemMang/heap_4.c ****     extern uint8_t ucHeap[ configTOTAL_HEAP_SIZE ];
  65:Middlewares/FreeRTOS/Source/portable/MemMang/heap_4.c **** #else
  66:Middlewares/FreeRTOS/Source/portable/MemMang/heap_4.c ****     PRIVILEGED_DATA static uint8_t ucHeap[ configTOTAL_HEAP_SIZE ];
  67:Middlewares/FreeRTOS/Source/portable/MemMang/heap_4.c **** #endif /* configAPPLICATION_ALLOCATED_HEAP */
  68:Middlewares/FreeRTOS/Source/portable/MemMang/heap_4.c **** 
  69:Middlewares/FreeRTOS/Source/portable/MemMang/heap_4.c **** /* Define the linked list structure.  This is used to link free blocks in order
  70:Middlewares/FreeRTOS/Source/portable/MemMang/heap_4.c ****  * of their memory address. */
  71:Middlewares/FreeRTOS/Source/portable/MemMang/heap_4.c **** typedef struct A_BLOCK_LINK
  72:Middlewares/FreeRTOS/Source/portable/MemMang/heap_4.c **** {
  73:Middlewares/FreeRTOS/Source/portable/MemMang/heap_4.c ****     struct A_BLOCK_LINK * pxNextFreeBlock; /*<< The next free block in the list. */
  74:Middlewares/FreeRTOS/Source/portable/MemMang/heap_4.c ****     size_t xBlockSize;                     /*<< The size of the free block. */
  75:Middlewares/FreeRTOS/Source/portable/MemMang/heap_4.c **** } BlockLink_t;
  76:Middlewares/FreeRTOS/Source/portable/MemMang/heap_4.c **** 
  77:Middlewares/FreeRTOS/Source/portable/MemMang/heap_4.c **** /*-----------------------------------------------------------*/
  78:Middlewares/FreeRTOS/Source/portable/MemMang/heap_4.c **** 
  79:Middlewares/FreeRTOS/Source/portable/MemMang/heap_4.c **** /*
  80:Middlewares/FreeRTOS/Source/portable/MemMang/heap_4.c ****  * Inserts a block of memory that is being freed into the correct position in
  81:Middlewares/FreeRTOS/Source/portable/MemMang/heap_4.c ****  * the list of free memory blocks.  The block being freed will be merged with
  82:Middlewares/FreeRTOS/Source/portable/MemMang/heap_4.c ****  * the block in front it and/or the block behind it if the memory blocks are
  83:Middlewares/FreeRTOS/Source/portable/MemMang/heap_4.c ****  * adjacent to each other.
  84:Middlewares/FreeRTOS/Source/portable/MemMang/heap_4.c ****  */
  85:Middlewares/FreeRTOS/Source/portable/MemMang/heap_4.c **** static void prvInsertBlockIntoFreeList( BlockLink_t * pxBlockToInsert ) PRIVILEGED_FUNCTION;
  86:Middlewares/FreeRTOS/Source/portable/MemMang/heap_4.c **** 
  87:Middlewares/FreeRTOS/Source/portable/MemMang/heap_4.c **** /*
  88:Middlewares/FreeRTOS/Source/portable/MemMang/heap_4.c ****  * Called automatically to setup the required heap structures the first time
  89:Middlewares/FreeRTOS/Source/portable/MemMang/heap_4.c ****  * pvPortMalloc() is called.
ARM GAS  C:\Users\airforce\AppData\Local\Temp\ccFSvs2g.s 			page 3


  90:Middlewares/FreeRTOS/Source/portable/MemMang/heap_4.c ****  */
  91:Middlewares/FreeRTOS/Source/portable/MemMang/heap_4.c **** static void prvHeapInit( void ) PRIVILEGED_FUNCTION;
  92:Middlewares/FreeRTOS/Source/portable/MemMang/heap_4.c **** 
  93:Middlewares/FreeRTOS/Source/portable/MemMang/heap_4.c **** /*-----------------------------------------------------------*/
  94:Middlewares/FreeRTOS/Source/portable/MemMang/heap_4.c **** 
  95:Middlewares/FreeRTOS/Source/portable/MemMang/heap_4.c **** /* The size of the structure placed at the beginning of each allocated memory
  96:Middlewares/FreeRTOS/Source/portable/MemMang/heap_4.c ****  * block must by correctly byte aligned. */
  97:Middlewares/FreeRTOS/Source/portable/MemMang/heap_4.c **** static const size_t xHeapStructSize = ( sizeof( BlockLink_t ) + ( ( size_t ) ( portBYTE_ALIGNMENT -
  98:Middlewares/FreeRTOS/Source/portable/MemMang/heap_4.c **** 
  99:Middlewares/FreeRTOS/Source/portable/MemMang/heap_4.c **** /* Create a couple of list links to mark the start and end of the list. */
 100:Middlewares/FreeRTOS/Source/portable/MemMang/heap_4.c **** PRIVILEGED_DATA static BlockLink_t xStart, * pxEnd = NULL;
 101:Middlewares/FreeRTOS/Source/portable/MemMang/heap_4.c **** 
 102:Middlewares/FreeRTOS/Source/portable/MemMang/heap_4.c **** /* Keeps track of the number of calls to allocate and free memory as well as the
 103:Middlewares/FreeRTOS/Source/portable/MemMang/heap_4.c ****  * number of free bytes remaining, but says nothing about fragmentation. */
 104:Middlewares/FreeRTOS/Source/portable/MemMang/heap_4.c **** PRIVILEGED_DATA static size_t xFreeBytesRemaining = 0U;
 105:Middlewares/FreeRTOS/Source/portable/MemMang/heap_4.c **** PRIVILEGED_DATA static size_t xMinimumEverFreeBytesRemaining = 0U;
 106:Middlewares/FreeRTOS/Source/portable/MemMang/heap_4.c **** PRIVILEGED_DATA static size_t xNumberOfSuccessfulAllocations = 0;
 107:Middlewares/FreeRTOS/Source/portable/MemMang/heap_4.c **** PRIVILEGED_DATA static size_t xNumberOfSuccessfulFrees = 0;
 108:Middlewares/FreeRTOS/Source/portable/MemMang/heap_4.c **** 
 109:Middlewares/FreeRTOS/Source/portable/MemMang/heap_4.c **** /* Gets set to the top bit of an size_t type.  When this bit in the xBlockSize
 110:Middlewares/FreeRTOS/Source/portable/MemMang/heap_4.c ****  * member of an BlockLink_t structure is set then the block belongs to the
 111:Middlewares/FreeRTOS/Source/portable/MemMang/heap_4.c ****  * application.  When the bit is free the block is still part of the free heap
 112:Middlewares/FreeRTOS/Source/portable/MemMang/heap_4.c ****  * space. */
 113:Middlewares/FreeRTOS/Source/portable/MemMang/heap_4.c **** PRIVILEGED_DATA static size_t xBlockAllocatedBit = 0;
 114:Middlewares/FreeRTOS/Source/portable/MemMang/heap_4.c **** 
 115:Middlewares/FreeRTOS/Source/portable/MemMang/heap_4.c **** /*-----------------------------------------------------------*/
 116:Middlewares/FreeRTOS/Source/portable/MemMang/heap_4.c **** 
 117:Middlewares/FreeRTOS/Source/portable/MemMang/heap_4.c **** void * pvPortMalloc( size_t xWantedSize )
 118:Middlewares/FreeRTOS/Source/portable/MemMang/heap_4.c **** {
 119:Middlewares/FreeRTOS/Source/portable/MemMang/heap_4.c ****     BlockLink_t * pxBlock, * pxPreviousBlock, * pxNewBlockLink;
 120:Middlewares/FreeRTOS/Source/portable/MemMang/heap_4.c ****     void * pvReturn = NULL;
 121:Middlewares/FreeRTOS/Source/portable/MemMang/heap_4.c **** 
 122:Middlewares/FreeRTOS/Source/portable/MemMang/heap_4.c ****     vTaskSuspendAll();
 123:Middlewares/FreeRTOS/Source/portable/MemMang/heap_4.c ****     {
 124:Middlewares/FreeRTOS/Source/portable/MemMang/heap_4.c ****         /* If this is the first call to malloc then the heap will require
 125:Middlewares/FreeRTOS/Source/portable/MemMang/heap_4.c ****          * initialisation to setup the list of free blocks. */
 126:Middlewares/FreeRTOS/Source/portable/MemMang/heap_4.c ****         if( pxEnd == NULL )
 127:Middlewares/FreeRTOS/Source/portable/MemMang/heap_4.c ****         {
 128:Middlewares/FreeRTOS/Source/portable/MemMang/heap_4.c ****             prvHeapInit();
 129:Middlewares/FreeRTOS/Source/portable/MemMang/heap_4.c ****         }
 130:Middlewares/FreeRTOS/Source/portable/MemMang/heap_4.c ****         else
 131:Middlewares/FreeRTOS/Source/portable/MemMang/heap_4.c ****         {
 132:Middlewares/FreeRTOS/Source/portable/MemMang/heap_4.c ****             mtCOVERAGE_TEST_MARKER();
 133:Middlewares/FreeRTOS/Source/portable/MemMang/heap_4.c ****         }
 134:Middlewares/FreeRTOS/Source/portable/MemMang/heap_4.c **** 
 135:Middlewares/FreeRTOS/Source/portable/MemMang/heap_4.c ****         /* Check the requested block size is not so large that the top bit is
 136:Middlewares/FreeRTOS/Source/portable/MemMang/heap_4.c ****          * set.  The top bit of the block size member of the BlockLink_t structure
 137:Middlewares/FreeRTOS/Source/portable/MemMang/heap_4.c ****          * is used to determine who owns the block - the application or the
 138:Middlewares/FreeRTOS/Source/portable/MemMang/heap_4.c ****          * kernel, so it must be free. */
 139:Middlewares/FreeRTOS/Source/portable/MemMang/heap_4.c ****         if( ( xWantedSize & xBlockAllocatedBit ) == 0 )
 140:Middlewares/FreeRTOS/Source/portable/MemMang/heap_4.c ****         {
 141:Middlewares/FreeRTOS/Source/portable/MemMang/heap_4.c ****             /* The wanted size must be increased so it can contain a BlockLink_t
 142:Middlewares/FreeRTOS/Source/portable/MemMang/heap_4.c ****              * structure in addition to the requested amount of bytes. */
 143:Middlewares/FreeRTOS/Source/portable/MemMang/heap_4.c ****             if( ( xWantedSize > 0 ) &&
 144:Middlewares/FreeRTOS/Source/portable/MemMang/heap_4.c ****                 ( ( xWantedSize + xHeapStructSize ) >  xWantedSize ) ) /* Overflow check */
 145:Middlewares/FreeRTOS/Source/portable/MemMang/heap_4.c ****             {
 146:Middlewares/FreeRTOS/Source/portable/MemMang/heap_4.c ****                 xWantedSize += xHeapStructSize;
ARM GAS  C:\Users\airforce\AppData\Local\Temp\ccFSvs2g.s 			page 4


 147:Middlewares/FreeRTOS/Source/portable/MemMang/heap_4.c **** 
 148:Middlewares/FreeRTOS/Source/portable/MemMang/heap_4.c ****                 /* Ensure that blocks are always aligned. */
 149:Middlewares/FreeRTOS/Source/portable/MemMang/heap_4.c ****                 if( ( xWantedSize & portBYTE_ALIGNMENT_MASK ) != 0x00 )
 150:Middlewares/FreeRTOS/Source/portable/MemMang/heap_4.c ****                 {
 151:Middlewares/FreeRTOS/Source/portable/MemMang/heap_4.c ****                     /* Byte alignment required. Check for overflow. */
 152:Middlewares/FreeRTOS/Source/portable/MemMang/heap_4.c ****                     if( ( xWantedSize + ( portBYTE_ALIGNMENT - ( xWantedSize & portBYTE_ALIGNMENT_M
 153:Middlewares/FreeRTOS/Source/portable/MemMang/heap_4.c ****                             > xWantedSize )
 154:Middlewares/FreeRTOS/Source/portable/MemMang/heap_4.c ****                     {
 155:Middlewares/FreeRTOS/Source/portable/MemMang/heap_4.c ****                         xWantedSize += ( portBYTE_ALIGNMENT - ( xWantedSize & portBYTE_ALIGNMENT_MA
 156:Middlewares/FreeRTOS/Source/portable/MemMang/heap_4.c ****                         configASSERT( ( xWantedSize & portBYTE_ALIGNMENT_MASK ) == 0 );
 157:Middlewares/FreeRTOS/Source/portable/MemMang/heap_4.c ****                     }
 158:Middlewares/FreeRTOS/Source/portable/MemMang/heap_4.c ****                     else
 159:Middlewares/FreeRTOS/Source/portable/MemMang/heap_4.c ****                     {
 160:Middlewares/FreeRTOS/Source/portable/MemMang/heap_4.c ****                         xWantedSize = 0;
 161:Middlewares/FreeRTOS/Source/portable/MemMang/heap_4.c ****                     }
 162:Middlewares/FreeRTOS/Source/portable/MemMang/heap_4.c ****                 }
 163:Middlewares/FreeRTOS/Source/portable/MemMang/heap_4.c ****                 else
 164:Middlewares/FreeRTOS/Source/portable/MemMang/heap_4.c ****                 {
 165:Middlewares/FreeRTOS/Source/portable/MemMang/heap_4.c ****                     mtCOVERAGE_TEST_MARKER();
 166:Middlewares/FreeRTOS/Source/portable/MemMang/heap_4.c ****                 }
 167:Middlewares/FreeRTOS/Source/portable/MemMang/heap_4.c ****             }
 168:Middlewares/FreeRTOS/Source/portable/MemMang/heap_4.c ****             else
 169:Middlewares/FreeRTOS/Source/portable/MemMang/heap_4.c ****             {
 170:Middlewares/FreeRTOS/Source/portable/MemMang/heap_4.c ****                 xWantedSize = 0;
 171:Middlewares/FreeRTOS/Source/portable/MemMang/heap_4.c ****             }
 172:Middlewares/FreeRTOS/Source/portable/MemMang/heap_4.c **** 
 173:Middlewares/FreeRTOS/Source/portable/MemMang/heap_4.c ****             if( ( xWantedSize > 0 ) && ( xWantedSize <= xFreeBytesRemaining ) )
 174:Middlewares/FreeRTOS/Source/portable/MemMang/heap_4.c ****             {
 175:Middlewares/FreeRTOS/Source/portable/MemMang/heap_4.c ****                 /* Traverse the list from the start (lowest address) block until
 176:Middlewares/FreeRTOS/Source/portable/MemMang/heap_4.c ****                  * one of adequate size is found. */
 177:Middlewares/FreeRTOS/Source/portable/MemMang/heap_4.c ****                 pxPreviousBlock = &xStart;
 178:Middlewares/FreeRTOS/Source/portable/MemMang/heap_4.c ****                 pxBlock = xStart.pxNextFreeBlock;
 179:Middlewares/FreeRTOS/Source/portable/MemMang/heap_4.c **** 
 180:Middlewares/FreeRTOS/Source/portable/MemMang/heap_4.c ****                 while( ( pxBlock->xBlockSize < xWantedSize ) && ( pxBlock->pxNextFreeBlock != NULL 
 181:Middlewares/FreeRTOS/Source/portable/MemMang/heap_4.c ****                 {
 182:Middlewares/FreeRTOS/Source/portable/MemMang/heap_4.c ****                     pxPreviousBlock = pxBlock;
 183:Middlewares/FreeRTOS/Source/portable/MemMang/heap_4.c ****                     pxBlock = pxBlock->pxNextFreeBlock;
 184:Middlewares/FreeRTOS/Source/portable/MemMang/heap_4.c ****                 }
 185:Middlewares/FreeRTOS/Source/portable/MemMang/heap_4.c **** 
 186:Middlewares/FreeRTOS/Source/portable/MemMang/heap_4.c ****                 /* If the end marker was reached then a block of adequate size
 187:Middlewares/FreeRTOS/Source/portable/MemMang/heap_4.c ****                  * was not found. */
 188:Middlewares/FreeRTOS/Source/portable/MemMang/heap_4.c ****                 if( pxBlock != pxEnd )
 189:Middlewares/FreeRTOS/Source/portable/MemMang/heap_4.c ****                 {
 190:Middlewares/FreeRTOS/Source/portable/MemMang/heap_4.c ****                     /* Return the memory space pointed to - jumping over the
 191:Middlewares/FreeRTOS/Source/portable/MemMang/heap_4.c ****                      * BlockLink_t structure at its start. */
 192:Middlewares/FreeRTOS/Source/portable/MemMang/heap_4.c ****                     pvReturn = ( void * ) ( ( ( uint8_t * ) pxPreviousBlock->pxNextFreeBlock ) + xH
 193:Middlewares/FreeRTOS/Source/portable/MemMang/heap_4.c **** 
 194:Middlewares/FreeRTOS/Source/portable/MemMang/heap_4.c ****                     /* This block is being returned for use so must be taken out
 195:Middlewares/FreeRTOS/Source/portable/MemMang/heap_4.c ****                      * of the list of free blocks. */
 196:Middlewares/FreeRTOS/Source/portable/MemMang/heap_4.c ****                     pxPreviousBlock->pxNextFreeBlock = pxBlock->pxNextFreeBlock;
 197:Middlewares/FreeRTOS/Source/portable/MemMang/heap_4.c **** 
 198:Middlewares/FreeRTOS/Source/portable/MemMang/heap_4.c ****                     /* If the block is larger than required it can be split into
 199:Middlewares/FreeRTOS/Source/portable/MemMang/heap_4.c ****                      * two. */
 200:Middlewares/FreeRTOS/Source/portable/MemMang/heap_4.c ****                     if( ( pxBlock->xBlockSize - xWantedSize ) > heapMINIMUM_BLOCK_SIZE )
 201:Middlewares/FreeRTOS/Source/portable/MemMang/heap_4.c ****                     {
 202:Middlewares/FreeRTOS/Source/portable/MemMang/heap_4.c ****                         /* This block is to be split into two.  Create a new
 203:Middlewares/FreeRTOS/Source/portable/MemMang/heap_4.c ****                          * block following the number of bytes requested. The void
ARM GAS  C:\Users\airforce\AppData\Local\Temp\ccFSvs2g.s 			page 5


 204:Middlewares/FreeRTOS/Source/portable/MemMang/heap_4.c ****                          * cast is used to prevent byte alignment warnings from the
 205:Middlewares/FreeRTOS/Source/portable/MemMang/heap_4.c ****                          * compiler. */
 206:Middlewares/FreeRTOS/Source/portable/MemMang/heap_4.c ****                         pxNewBlockLink = ( void * ) ( ( ( uint8_t * ) pxBlock ) + xWantedSize );
 207:Middlewares/FreeRTOS/Source/portable/MemMang/heap_4.c ****                         configASSERT( ( ( ( size_t ) pxNewBlockLink ) & portBYTE_ALIGNMENT_MASK ) =
 208:Middlewares/FreeRTOS/Source/portable/MemMang/heap_4.c **** 
 209:Middlewares/FreeRTOS/Source/portable/MemMang/heap_4.c ****                         /* Calculate the sizes of two blocks split from the
 210:Middlewares/FreeRTOS/Source/portable/MemMang/heap_4.c ****                          * single block. */
 211:Middlewares/FreeRTOS/Source/portable/MemMang/heap_4.c ****                         pxNewBlockLink->xBlockSize = pxBlock->xBlockSize - xWantedSize;
 212:Middlewares/FreeRTOS/Source/portable/MemMang/heap_4.c ****                         pxBlock->xBlockSize = xWantedSize;
 213:Middlewares/FreeRTOS/Source/portable/MemMang/heap_4.c **** 
 214:Middlewares/FreeRTOS/Source/portable/MemMang/heap_4.c ****                         /* Insert the new block into the list of free blocks. */
 215:Middlewares/FreeRTOS/Source/portable/MemMang/heap_4.c ****                         prvInsertBlockIntoFreeList( pxNewBlockLink );
 216:Middlewares/FreeRTOS/Source/portable/MemMang/heap_4.c ****                     }
 217:Middlewares/FreeRTOS/Source/portable/MemMang/heap_4.c ****                     else
 218:Middlewares/FreeRTOS/Source/portable/MemMang/heap_4.c ****                     {
 219:Middlewares/FreeRTOS/Source/portable/MemMang/heap_4.c ****                         mtCOVERAGE_TEST_MARKER();
 220:Middlewares/FreeRTOS/Source/portable/MemMang/heap_4.c ****                     }
 221:Middlewares/FreeRTOS/Source/portable/MemMang/heap_4.c **** 
 222:Middlewares/FreeRTOS/Source/portable/MemMang/heap_4.c ****                     xFreeBytesRemaining -= pxBlock->xBlockSize;
 223:Middlewares/FreeRTOS/Source/portable/MemMang/heap_4.c **** 
 224:Middlewares/FreeRTOS/Source/portable/MemMang/heap_4.c ****                     if( xFreeBytesRemaining < xMinimumEverFreeBytesRemaining )
 225:Middlewares/FreeRTOS/Source/portable/MemMang/heap_4.c ****                     {
 226:Middlewares/FreeRTOS/Source/portable/MemMang/heap_4.c ****                         xMinimumEverFreeBytesRemaining = xFreeBytesRemaining;
 227:Middlewares/FreeRTOS/Source/portable/MemMang/heap_4.c ****                     }
 228:Middlewares/FreeRTOS/Source/portable/MemMang/heap_4.c ****                     else
 229:Middlewares/FreeRTOS/Source/portable/MemMang/heap_4.c ****                     {
 230:Middlewares/FreeRTOS/Source/portable/MemMang/heap_4.c ****                         mtCOVERAGE_TEST_MARKER();
 231:Middlewares/FreeRTOS/Source/portable/MemMang/heap_4.c ****                     }
 232:Middlewares/FreeRTOS/Source/portable/MemMang/heap_4.c **** 
 233:Middlewares/FreeRTOS/Source/portable/MemMang/heap_4.c ****                     /* The block is being returned - it is allocated and owned
 234:Middlewares/FreeRTOS/Source/portable/MemMang/heap_4.c ****                      * by the application and has no "next" block. */
 235:Middlewares/FreeRTOS/Source/portable/MemMang/heap_4.c ****                     pxBlock->xBlockSize |= xBlockAllocatedBit;
 236:Middlewares/FreeRTOS/Source/portable/MemMang/heap_4.c ****                     pxBlock->pxNextFreeBlock = NULL;
 237:Middlewares/FreeRTOS/Source/portable/MemMang/heap_4.c ****                     xNumberOfSuccessfulAllocations++;
 238:Middlewares/FreeRTOS/Source/portable/MemMang/heap_4.c ****                 }
 239:Middlewares/FreeRTOS/Source/portable/MemMang/heap_4.c ****                 else
 240:Middlewares/FreeRTOS/Source/portable/MemMang/heap_4.c ****                 {
 241:Middlewares/FreeRTOS/Source/portable/MemMang/heap_4.c ****                     mtCOVERAGE_TEST_MARKER();
 242:Middlewares/FreeRTOS/Source/portable/MemMang/heap_4.c ****                 }
 243:Middlewares/FreeRTOS/Source/portable/MemMang/heap_4.c ****             }
 244:Middlewares/FreeRTOS/Source/portable/MemMang/heap_4.c ****             else
 245:Middlewares/FreeRTOS/Source/portable/MemMang/heap_4.c ****             {
 246:Middlewares/FreeRTOS/Source/portable/MemMang/heap_4.c ****                 mtCOVERAGE_TEST_MARKER();
 247:Middlewares/FreeRTOS/Source/portable/MemMang/heap_4.c ****             }
 248:Middlewares/FreeRTOS/Source/portable/MemMang/heap_4.c ****         }
 249:Middlewares/FreeRTOS/Source/portable/MemMang/heap_4.c ****         else
 250:Middlewares/FreeRTOS/Source/portable/MemMang/heap_4.c ****         {
 251:Middlewares/FreeRTOS/Source/portable/MemMang/heap_4.c ****             mtCOVERAGE_TEST_MARKER();
 252:Middlewares/FreeRTOS/Source/portable/MemMang/heap_4.c ****         }
 253:Middlewares/FreeRTOS/Source/portable/MemMang/heap_4.c **** 
 254:Middlewares/FreeRTOS/Source/portable/MemMang/heap_4.c ****         traceMALLOC( pvReturn, xWantedSize );
 255:Middlewares/FreeRTOS/Source/portable/MemMang/heap_4.c ****     }
 256:Middlewares/FreeRTOS/Source/portable/MemMang/heap_4.c ****     ( void ) xTaskResumeAll();
 257:Middlewares/FreeRTOS/Source/portable/MemMang/heap_4.c **** 
 258:Middlewares/FreeRTOS/Source/portable/MemMang/heap_4.c ****     #if ( configUSE_MALLOC_FAILED_HOOK == 1 )
 259:Middlewares/FreeRTOS/Source/portable/MemMang/heap_4.c ****         {
 260:Middlewares/FreeRTOS/Source/portable/MemMang/heap_4.c ****             if( pvReturn == NULL )
ARM GAS  C:\Users\airforce\AppData\Local\Temp\ccFSvs2g.s 			page 6


 261:Middlewares/FreeRTOS/Source/portable/MemMang/heap_4.c ****             {
 262:Middlewares/FreeRTOS/Source/portable/MemMang/heap_4.c ****                 extern void vApplicationMallocFailedHook( void );
 263:Middlewares/FreeRTOS/Source/portable/MemMang/heap_4.c ****                 vApplicationMallocFailedHook();
 264:Middlewares/FreeRTOS/Source/portable/MemMang/heap_4.c ****             }
 265:Middlewares/FreeRTOS/Source/portable/MemMang/heap_4.c ****             else
 266:Middlewares/FreeRTOS/Source/portable/MemMang/heap_4.c ****             {
 267:Middlewares/FreeRTOS/Source/portable/MemMang/heap_4.c ****                 mtCOVERAGE_TEST_MARKER();
 268:Middlewares/FreeRTOS/Source/portable/MemMang/heap_4.c ****             }
 269:Middlewares/FreeRTOS/Source/portable/MemMang/heap_4.c ****         }
 270:Middlewares/FreeRTOS/Source/portable/MemMang/heap_4.c ****     #endif /* if ( configUSE_MALLOC_FAILED_HOOK == 1 ) */
 271:Middlewares/FreeRTOS/Source/portable/MemMang/heap_4.c **** 
 272:Middlewares/FreeRTOS/Source/portable/MemMang/heap_4.c ****     configASSERT( ( ( ( size_t ) pvReturn ) & ( size_t ) portBYTE_ALIGNMENT_MASK ) == 0 );
 273:Middlewares/FreeRTOS/Source/portable/MemMang/heap_4.c ****     return pvReturn;
 274:Middlewares/FreeRTOS/Source/portable/MemMang/heap_4.c **** }
 275:Middlewares/FreeRTOS/Source/portable/MemMang/heap_4.c **** /*-----------------------------------------------------------*/
 276:Middlewares/FreeRTOS/Source/portable/MemMang/heap_4.c **** 
 277:Middlewares/FreeRTOS/Source/portable/MemMang/heap_4.c **** void vPortFree( void * pv )
 278:Middlewares/FreeRTOS/Source/portable/MemMang/heap_4.c **** {
 279:Middlewares/FreeRTOS/Source/portable/MemMang/heap_4.c ****     uint8_t * puc = ( uint8_t * ) pv;
 280:Middlewares/FreeRTOS/Source/portable/MemMang/heap_4.c ****     BlockLink_t * pxLink;
 281:Middlewares/FreeRTOS/Source/portable/MemMang/heap_4.c **** 
 282:Middlewares/FreeRTOS/Source/portable/MemMang/heap_4.c ****     if( pv != NULL )
 283:Middlewares/FreeRTOS/Source/portable/MemMang/heap_4.c ****     {
 284:Middlewares/FreeRTOS/Source/portable/MemMang/heap_4.c ****         /* The memory being freed will have an BlockLink_t structure immediately
 285:Middlewares/FreeRTOS/Source/portable/MemMang/heap_4.c ****          * before it. */
 286:Middlewares/FreeRTOS/Source/portable/MemMang/heap_4.c ****         puc -= xHeapStructSize;
 287:Middlewares/FreeRTOS/Source/portable/MemMang/heap_4.c **** 
 288:Middlewares/FreeRTOS/Source/portable/MemMang/heap_4.c ****         /* This casting is to keep the compiler from issuing warnings. */
 289:Middlewares/FreeRTOS/Source/portable/MemMang/heap_4.c ****         pxLink = ( void * ) puc;
 290:Middlewares/FreeRTOS/Source/portable/MemMang/heap_4.c **** 
 291:Middlewares/FreeRTOS/Source/portable/MemMang/heap_4.c ****         /* Check the block is actually allocated. */
 292:Middlewares/FreeRTOS/Source/portable/MemMang/heap_4.c ****         configASSERT( ( pxLink->xBlockSize & xBlockAllocatedBit ) != 0 );
 293:Middlewares/FreeRTOS/Source/portable/MemMang/heap_4.c ****         configASSERT( pxLink->pxNextFreeBlock == NULL );
 294:Middlewares/FreeRTOS/Source/portable/MemMang/heap_4.c **** 
 295:Middlewares/FreeRTOS/Source/portable/MemMang/heap_4.c ****         if( ( pxLink->xBlockSize & xBlockAllocatedBit ) != 0 )
 296:Middlewares/FreeRTOS/Source/portable/MemMang/heap_4.c ****         {
 297:Middlewares/FreeRTOS/Source/portable/MemMang/heap_4.c ****             if( pxLink->pxNextFreeBlock == NULL )
 298:Middlewares/FreeRTOS/Source/portable/MemMang/heap_4.c ****             {
 299:Middlewares/FreeRTOS/Source/portable/MemMang/heap_4.c ****                 /* The block is being returned to the heap - it is no longer
 300:Middlewares/FreeRTOS/Source/portable/MemMang/heap_4.c ****                  * allocated. */
 301:Middlewares/FreeRTOS/Source/portable/MemMang/heap_4.c ****                 pxLink->xBlockSize &= ~xBlockAllocatedBit;
 302:Middlewares/FreeRTOS/Source/portable/MemMang/heap_4.c **** 
 303:Middlewares/FreeRTOS/Source/portable/MemMang/heap_4.c ****                 vTaskSuspendAll();
 304:Middlewares/FreeRTOS/Source/portable/MemMang/heap_4.c ****                 {
 305:Middlewares/FreeRTOS/Source/portable/MemMang/heap_4.c ****                     /* Add this block to the list of free blocks. */
 306:Middlewares/FreeRTOS/Source/portable/MemMang/heap_4.c ****                     xFreeBytesRemaining += pxLink->xBlockSize;
 307:Middlewares/FreeRTOS/Source/portable/MemMang/heap_4.c ****                     traceFREE( pv, pxLink->xBlockSize );
 308:Middlewares/FreeRTOS/Source/portable/MemMang/heap_4.c ****                     prvInsertBlockIntoFreeList( ( ( BlockLink_t * ) pxLink ) );
 309:Middlewares/FreeRTOS/Source/portable/MemMang/heap_4.c ****                     xNumberOfSuccessfulFrees++;
 310:Middlewares/FreeRTOS/Source/portable/MemMang/heap_4.c ****                 }
 311:Middlewares/FreeRTOS/Source/portable/MemMang/heap_4.c ****                 ( void ) xTaskResumeAll();
 312:Middlewares/FreeRTOS/Source/portable/MemMang/heap_4.c ****             }
 313:Middlewares/FreeRTOS/Source/portable/MemMang/heap_4.c ****             else
 314:Middlewares/FreeRTOS/Source/portable/MemMang/heap_4.c ****             {
 315:Middlewares/FreeRTOS/Source/portable/MemMang/heap_4.c ****                 mtCOVERAGE_TEST_MARKER();
 316:Middlewares/FreeRTOS/Source/portable/MemMang/heap_4.c ****             }
 317:Middlewares/FreeRTOS/Source/portable/MemMang/heap_4.c ****         }
ARM GAS  C:\Users\airforce\AppData\Local\Temp\ccFSvs2g.s 			page 7


 318:Middlewares/FreeRTOS/Source/portable/MemMang/heap_4.c ****         else
 319:Middlewares/FreeRTOS/Source/portable/MemMang/heap_4.c ****         {
 320:Middlewares/FreeRTOS/Source/portable/MemMang/heap_4.c ****             mtCOVERAGE_TEST_MARKER();
 321:Middlewares/FreeRTOS/Source/portable/MemMang/heap_4.c ****         }
 322:Middlewares/FreeRTOS/Source/portable/MemMang/heap_4.c ****     }
 323:Middlewares/FreeRTOS/Source/portable/MemMang/heap_4.c **** }
 324:Middlewares/FreeRTOS/Source/portable/MemMang/heap_4.c **** /*-----------------------------------------------------------*/
 325:Middlewares/FreeRTOS/Source/portable/MemMang/heap_4.c **** 
 326:Middlewares/FreeRTOS/Source/portable/MemMang/heap_4.c **** size_t xPortGetFreeHeapSize( void )
 327:Middlewares/FreeRTOS/Source/portable/MemMang/heap_4.c **** {
 328:Middlewares/FreeRTOS/Source/portable/MemMang/heap_4.c ****     return xFreeBytesRemaining;
 329:Middlewares/FreeRTOS/Source/portable/MemMang/heap_4.c **** }
 330:Middlewares/FreeRTOS/Source/portable/MemMang/heap_4.c **** /*-----------------------------------------------------------*/
 331:Middlewares/FreeRTOS/Source/portable/MemMang/heap_4.c **** 
 332:Middlewares/FreeRTOS/Source/portable/MemMang/heap_4.c **** size_t xPortGetMinimumEverFreeHeapSize( void )
 333:Middlewares/FreeRTOS/Source/portable/MemMang/heap_4.c **** {
 334:Middlewares/FreeRTOS/Source/portable/MemMang/heap_4.c ****     return xMinimumEverFreeBytesRemaining;
 335:Middlewares/FreeRTOS/Source/portable/MemMang/heap_4.c **** }
 336:Middlewares/FreeRTOS/Source/portable/MemMang/heap_4.c **** /*-----------------------------------------------------------*/
 337:Middlewares/FreeRTOS/Source/portable/MemMang/heap_4.c **** 
 338:Middlewares/FreeRTOS/Source/portable/MemMang/heap_4.c **** void vPortInitialiseBlocks( void )
 339:Middlewares/FreeRTOS/Source/portable/MemMang/heap_4.c **** {
 340:Middlewares/FreeRTOS/Source/portable/MemMang/heap_4.c ****     /* This just exists to keep the linker quiet. */
 341:Middlewares/FreeRTOS/Source/portable/MemMang/heap_4.c **** }
 342:Middlewares/FreeRTOS/Source/portable/MemMang/heap_4.c **** /*-----------------------------------------------------------*/
 343:Middlewares/FreeRTOS/Source/portable/MemMang/heap_4.c **** 
 344:Middlewares/FreeRTOS/Source/portable/MemMang/heap_4.c **** static void prvHeapInit( void ) /* PRIVILEGED_FUNCTION */
 345:Middlewares/FreeRTOS/Source/portable/MemMang/heap_4.c **** {
 346:Middlewares/FreeRTOS/Source/portable/MemMang/heap_4.c ****     BlockLink_t * pxFirstFreeBlock;
 347:Middlewares/FreeRTOS/Source/portable/MemMang/heap_4.c ****     uint8_t * pucAlignedHeap;
 348:Middlewares/FreeRTOS/Source/portable/MemMang/heap_4.c ****     size_t uxAddress;
 349:Middlewares/FreeRTOS/Source/portable/MemMang/heap_4.c ****     size_t xTotalHeapSize = configTOTAL_HEAP_SIZE;
 350:Middlewares/FreeRTOS/Source/portable/MemMang/heap_4.c **** 
 351:Middlewares/FreeRTOS/Source/portable/MemMang/heap_4.c ****     /* Ensure the heap starts on a correctly aligned boundary. */
 352:Middlewares/FreeRTOS/Source/portable/MemMang/heap_4.c ****     uxAddress = ( size_t ) ucHeap;
 353:Middlewares/FreeRTOS/Source/portable/MemMang/heap_4.c **** 
 354:Middlewares/FreeRTOS/Source/portable/MemMang/heap_4.c ****     if( ( uxAddress & portBYTE_ALIGNMENT_MASK ) != 0 )
 355:Middlewares/FreeRTOS/Source/portable/MemMang/heap_4.c ****     {
 356:Middlewares/FreeRTOS/Source/portable/MemMang/heap_4.c ****         uxAddress += ( portBYTE_ALIGNMENT - 1 );
 357:Middlewares/FreeRTOS/Source/portable/MemMang/heap_4.c ****         uxAddress &= ~( ( size_t ) portBYTE_ALIGNMENT_MASK );
 358:Middlewares/FreeRTOS/Source/portable/MemMang/heap_4.c ****         xTotalHeapSize -= uxAddress - ( size_t ) ucHeap;
 359:Middlewares/FreeRTOS/Source/portable/MemMang/heap_4.c ****     }
 360:Middlewares/FreeRTOS/Source/portable/MemMang/heap_4.c **** 
 361:Middlewares/FreeRTOS/Source/portable/MemMang/heap_4.c ****     pucAlignedHeap = ( uint8_t * ) uxAddress;
 362:Middlewares/FreeRTOS/Source/portable/MemMang/heap_4.c **** 
 363:Middlewares/FreeRTOS/Source/portable/MemMang/heap_4.c ****     /* xStart is used to hold a pointer to the first item in the list of free
 364:Middlewares/FreeRTOS/Source/portable/MemMang/heap_4.c ****      * blocks.  The void cast is used to prevent compiler warnings. */
 365:Middlewares/FreeRTOS/Source/portable/MemMang/heap_4.c ****     xStart.pxNextFreeBlock = ( void * ) pucAlignedHeap;
 366:Middlewares/FreeRTOS/Source/portable/MemMang/heap_4.c ****     xStart.xBlockSize = ( size_t ) 0;
 367:Middlewares/FreeRTOS/Source/portable/MemMang/heap_4.c **** 
 368:Middlewares/FreeRTOS/Source/portable/MemMang/heap_4.c ****     /* pxEnd is used to mark the end of the list of free blocks and is inserted
 369:Middlewares/FreeRTOS/Source/portable/MemMang/heap_4.c ****      * at the end of the heap space. */
 370:Middlewares/FreeRTOS/Source/portable/MemMang/heap_4.c ****     uxAddress = ( ( size_t ) pucAlignedHeap ) + xTotalHeapSize;
 371:Middlewares/FreeRTOS/Source/portable/MemMang/heap_4.c ****     uxAddress -= xHeapStructSize;
 372:Middlewares/FreeRTOS/Source/portable/MemMang/heap_4.c ****     uxAddress &= ~( ( size_t ) portBYTE_ALIGNMENT_MASK );
 373:Middlewares/FreeRTOS/Source/portable/MemMang/heap_4.c ****     pxEnd = ( void * ) uxAddress;
 374:Middlewares/FreeRTOS/Source/portable/MemMang/heap_4.c ****     pxEnd->xBlockSize = 0;
ARM GAS  C:\Users\airforce\AppData\Local\Temp\ccFSvs2g.s 			page 8


 375:Middlewares/FreeRTOS/Source/portable/MemMang/heap_4.c ****     pxEnd->pxNextFreeBlock = NULL;
 376:Middlewares/FreeRTOS/Source/portable/MemMang/heap_4.c **** 
 377:Middlewares/FreeRTOS/Source/portable/MemMang/heap_4.c ****     /* To start with there is a single free block that is sized to take up the
 378:Middlewares/FreeRTOS/Source/portable/MemMang/heap_4.c ****      * entire heap space, minus the space taken by pxEnd. */
 379:Middlewares/FreeRTOS/Source/portable/MemMang/heap_4.c ****     pxFirstFreeBlock = ( void * ) pucAlignedHeap;
 380:Middlewares/FreeRTOS/Source/portable/MemMang/heap_4.c ****     pxFirstFreeBlock->xBlockSize = uxAddress - ( size_t ) pxFirstFreeBlock;
 381:Middlewares/FreeRTOS/Source/portable/MemMang/heap_4.c ****     pxFirstFreeBlock->pxNextFreeBlock = pxEnd;
 382:Middlewares/FreeRTOS/Source/portable/MemMang/heap_4.c **** 
 383:Middlewares/FreeRTOS/Source/portable/MemMang/heap_4.c ****     /* Only one block exists - and it covers the entire usable heap space. */
 384:Middlewares/FreeRTOS/Source/portable/MemMang/heap_4.c ****     xMinimumEverFreeBytesRemaining = pxFirstFreeBlock->xBlockSize;
 385:Middlewares/FreeRTOS/Source/portable/MemMang/heap_4.c ****     xFreeBytesRemaining = pxFirstFreeBlock->xBlockSize;
 386:Middlewares/FreeRTOS/Source/portable/MemMang/heap_4.c **** 
 387:Middlewares/FreeRTOS/Source/portable/MemMang/heap_4.c ****     /* Work out the position of the top bit in a size_t variable. */
 388:Middlewares/FreeRTOS/Source/portable/MemMang/heap_4.c ****     xBlockAllocatedBit = ( ( size_t ) 1 ) << ( ( sizeof( size_t ) * heapBITS_PER_BYTE ) - 1 );
 389:Middlewares/FreeRTOS/Source/portable/MemMang/heap_4.c **** }
 390:Middlewares/FreeRTOS/Source/portable/MemMang/heap_4.c **** /*-----------------------------------------------------------*/
 391:Middlewares/FreeRTOS/Source/portable/MemMang/heap_4.c **** 
 392:Middlewares/FreeRTOS/Source/portable/MemMang/heap_4.c **** static void prvInsertBlockIntoFreeList( BlockLink_t * pxBlockToInsert ) /* PRIVILEGED_FUNCTION */
 393:Middlewares/FreeRTOS/Source/portable/MemMang/heap_4.c **** {
  27              		.loc 1 393 1 view -0
  28              		.cfi_startproc
  29              		@ args = 0, pretend = 0, frame = 0
  30              		@ frame_needed = 0, uses_anonymous_args = 0
 394:Middlewares/FreeRTOS/Source/portable/MemMang/heap_4.c ****     BlockLink_t * pxIterator;
  31              		.loc 1 394 5 view .LVU1
 395:Middlewares/FreeRTOS/Source/portable/MemMang/heap_4.c ****     uint8_t * puc;
  32              		.loc 1 395 5 view .LVU2
 396:Middlewares/FreeRTOS/Source/portable/MemMang/heap_4.c **** 
 397:Middlewares/FreeRTOS/Source/portable/MemMang/heap_4.c ****     /* Iterate through the list until a block is found that has a higher address
 398:Middlewares/FreeRTOS/Source/portable/MemMang/heap_4.c ****      * than the block being inserted. */
 399:Middlewares/FreeRTOS/Source/portable/MemMang/heap_4.c ****     for( pxIterator = &xStart; pxIterator->pxNextFreeBlock < pxBlockToInsert; pxIterator = pxIterat
  33              		.loc 1 399 5 view .LVU3
 393:Middlewares/FreeRTOS/Source/portable/MemMang/heap_4.c ****     BlockLink_t * pxIterator;
  34              		.loc 1 393 1 is_stmt 0 view .LVU4
  35 0000 10B5     		push	{r4, lr}
  36              	.LCFI0:
  37              		.cfi_def_cfa_offset 8
  38              		.cfi_offset 4, -8
  39              		.cfi_offset 14, -4
  40              		.loc 1 399 21 view .LVU5
  41 0002 104B     		ldr	r3, .L8
  42              	.LVL1:
  43              	.L2:
  44              		.loc 1 399 60 is_stmt 1 discriminator 1 view .LVU6
  45 0004 1A46     		mov	r2, r3
  46              		.loc 1 399 42 is_stmt 0 discriminator 1 view .LVU7
  47 0006 1B68     		ldr	r3, [r3]
  48              	.LVL2:
  49              		.loc 1 399 60 discriminator 1 view .LVU8
  50 0008 8342     		cmp	r3, r0
  51 000a FBD3     		bcc	.L2
 400:Middlewares/FreeRTOS/Source/portable/MemMang/heap_4.c ****     {
 401:Middlewares/FreeRTOS/Source/portable/MemMang/heap_4.c ****         /* Nothing to do here, just iterate to the right position. */
 402:Middlewares/FreeRTOS/Source/portable/MemMang/heap_4.c ****     }
 403:Middlewares/FreeRTOS/Source/portable/MemMang/heap_4.c **** 
 404:Middlewares/FreeRTOS/Source/portable/MemMang/heap_4.c ****     /* Do the block being inserted, and the block it is being inserted after
 405:Middlewares/FreeRTOS/Source/portable/MemMang/heap_4.c ****      * make a contiguous block of memory? */
ARM GAS  C:\Users\airforce\AppData\Local\Temp\ccFSvs2g.s 			page 9


 406:Middlewares/FreeRTOS/Source/portable/MemMang/heap_4.c ****     puc = ( uint8_t * ) pxIterator;
  52              		.loc 1 406 5 is_stmt 1 view .LVU9
  53              	.LVL3:
 407:Middlewares/FreeRTOS/Source/portable/MemMang/heap_4.c **** 
 408:Middlewares/FreeRTOS/Source/portable/MemMang/heap_4.c ****     if( ( puc + pxIterator->xBlockSize ) == ( uint8_t * ) pxBlockToInsert )
  54              		.loc 1 408 5 view .LVU10
  55              		.loc 1 408 27 is_stmt 0 view .LVU11
  56 000c 5468     		ldr	r4, [r2, #4]
  57              		.loc 1 408 15 view .LVU12
  58 000e 1119     		adds	r1, r2, r4
  59              		.loc 1 408 7 view .LVU13
  60 0010 8842     		cmp	r0, r1
 409:Middlewares/FreeRTOS/Source/portable/MemMang/heap_4.c ****     {
 410:Middlewares/FreeRTOS/Source/portable/MemMang/heap_4.c ****         pxIterator->xBlockSize += pxBlockToInsert->xBlockSize;
  61              		.loc 1 410 9 is_stmt 1 view .LVU14
  62              		.loc 1 410 32 is_stmt 0 view .LVU15
  63 0012 01BF     		itttt	eq
  64 0014 4168     		ldreq	r1, [r0, #4]
 411:Middlewares/FreeRTOS/Source/portable/MemMang/heap_4.c ****         pxBlockToInsert = pxIterator;
  65              		.loc 1 411 25 view .LVU16
  66 0016 1046     		moveq	r0, r2
  67              	.LVL4:
 410:Middlewares/FreeRTOS/Source/portable/MemMang/heap_4.c ****         pxBlockToInsert = pxIterator;
  68              		.loc 1 410 32 view .LVU17
  69 0018 0919     		addeq	r1, r1, r4
  70 001a 5160     		streq	r1, [r2, #4]
  71              		.loc 1 411 9 is_stmt 1 view .LVU18
  72              	.LVL5:
 412:Middlewares/FreeRTOS/Source/portable/MemMang/heap_4.c ****     }
 413:Middlewares/FreeRTOS/Source/portable/MemMang/heap_4.c ****     else
 414:Middlewares/FreeRTOS/Source/portable/MemMang/heap_4.c ****     {
 415:Middlewares/FreeRTOS/Source/portable/MemMang/heap_4.c ****         mtCOVERAGE_TEST_MARKER();
  73              		.loc 1 415 33 view .LVU19
 416:Middlewares/FreeRTOS/Source/portable/MemMang/heap_4.c ****     }
 417:Middlewares/FreeRTOS/Source/portable/MemMang/heap_4.c **** 
 418:Middlewares/FreeRTOS/Source/portable/MemMang/heap_4.c ****     /* Do the block being inserted, and the block it is being inserted before
 419:Middlewares/FreeRTOS/Source/portable/MemMang/heap_4.c ****      * make a contiguous block of memory? */
 420:Middlewares/FreeRTOS/Source/portable/MemMang/heap_4.c ****     puc = ( uint8_t * ) pxBlockToInsert;
  74              		.loc 1 420 5 view .LVU20
 421:Middlewares/FreeRTOS/Source/portable/MemMang/heap_4.c **** 
 422:Middlewares/FreeRTOS/Source/portable/MemMang/heap_4.c ****     if( ( puc + pxBlockToInsert->xBlockSize ) == ( uint8_t * ) pxIterator->pxNextFreeBlock )
  75              		.loc 1 422 5 view .LVU21
  76              		.loc 1 422 32 is_stmt 0 view .LVU22
  77 001c 4468     		ldr	r4, [r0, #4]
  78              		.loc 1 422 15 view .LVU23
  79 001e 0119     		adds	r1, r0, r4
  80              		.loc 1 422 7 view .LVU24
  81 0020 8B42     		cmp	r3, r1
  82 0022 0CD1     		bne	.L6
 423:Middlewares/FreeRTOS/Source/portable/MemMang/heap_4.c ****     {
 424:Middlewares/FreeRTOS/Source/portable/MemMang/heap_4.c ****         if( pxIterator->pxNextFreeBlock != pxEnd )
  83              		.loc 1 424 9 is_stmt 1 view .LVU25
  84              		.loc 1 424 41 is_stmt 0 view .LVU26
  85 0024 0849     		ldr	r1, .L8+4
  86 0026 0968     		ldr	r1, [r1]
  87              		.loc 1 424 11 view .LVU27
  88 0028 8B42     		cmp	r3, r1
ARM GAS  C:\Users\airforce\AppData\Local\Temp\ccFSvs2g.s 			page 10


  89 002a 03D0     		beq	.L4
 425:Middlewares/FreeRTOS/Source/portable/MemMang/heap_4.c ****         {
 426:Middlewares/FreeRTOS/Source/portable/MemMang/heap_4.c ****             /* Form one big block from the two blocks. */
 427:Middlewares/FreeRTOS/Source/portable/MemMang/heap_4.c ****             pxBlockToInsert->xBlockSize += pxIterator->pxNextFreeBlock->xBlockSize;
  90              		.loc 1 427 13 is_stmt 1 view .LVU28
  91              		.loc 1 427 41 is_stmt 0 view .LVU29
  92 002c 5968     		ldr	r1, [r3, #4]
  93 002e 2144     		add	r1, r1, r4
  94 0030 4160     		str	r1, [r0, #4]
 428:Middlewares/FreeRTOS/Source/portable/MemMang/heap_4.c ****             pxBlockToInsert->pxNextFreeBlock = pxIterator->pxNextFreeBlock->pxNextFreeBlock;
  95              		.loc 1 428 13 is_stmt 1 view .LVU30
  96              		.loc 1 428 75 is_stmt 0 view .LVU31
  97 0032 1968     		ldr	r1, [r3]
  98              	.L4:
 429:Middlewares/FreeRTOS/Source/portable/MemMang/heap_4.c ****         }
 430:Middlewares/FreeRTOS/Source/portable/MemMang/heap_4.c ****         else
 431:Middlewares/FreeRTOS/Source/portable/MemMang/heap_4.c ****         {
 432:Middlewares/FreeRTOS/Source/portable/MemMang/heap_4.c ****             pxBlockToInsert->pxNextFreeBlock = pxEnd;
 433:Middlewares/FreeRTOS/Source/portable/MemMang/heap_4.c ****         }
 434:Middlewares/FreeRTOS/Source/portable/MemMang/heap_4.c ****     }
 435:Middlewares/FreeRTOS/Source/portable/MemMang/heap_4.c ****     else
 436:Middlewares/FreeRTOS/Source/portable/MemMang/heap_4.c ****     {
 437:Middlewares/FreeRTOS/Source/portable/MemMang/heap_4.c ****         pxBlockToInsert->pxNextFreeBlock = pxIterator->pxNextFreeBlock;
 438:Middlewares/FreeRTOS/Source/portable/MemMang/heap_4.c ****     }
 439:Middlewares/FreeRTOS/Source/portable/MemMang/heap_4.c **** 
 440:Middlewares/FreeRTOS/Source/portable/MemMang/heap_4.c ****     /* If the block being inserted plugged a gab, so was merged with the block
 441:Middlewares/FreeRTOS/Source/portable/MemMang/heap_4.c ****      * before and the block after, then it's pxNextFreeBlock pointer will have
 442:Middlewares/FreeRTOS/Source/portable/MemMang/heap_4.c ****      * already been set, and should not be set here as that would make it point
 443:Middlewares/FreeRTOS/Source/portable/MemMang/heap_4.c ****      * to itself. */
 444:Middlewares/FreeRTOS/Source/portable/MemMang/heap_4.c ****     if( pxIterator != pxBlockToInsert )
  99              		.loc 1 444 7 view .LVU32
 100 0034 9042     		cmp	r0, r2
 432:Middlewares/FreeRTOS/Source/portable/MemMang/heap_4.c ****         }
 101              		.loc 1 432 46 view .LVU33
 102 0036 0160     		str	r1, [r0]
 103              		.loc 1 444 5 is_stmt 1 view .LVU34
 445:Middlewares/FreeRTOS/Source/portable/MemMang/heap_4.c ****     {
 446:Middlewares/FreeRTOS/Source/portable/MemMang/heap_4.c ****         pxIterator->pxNextFreeBlock = pxBlockToInsert;
 104              		.loc 1 446 9 view .LVU35
 105              		.loc 1 446 37 is_stmt 0 view .LVU36
 106 0038 18BF     		it	ne
 107 003a 1060     		strne	r0, [r2]
 447:Middlewares/FreeRTOS/Source/portable/MemMang/heap_4.c ****     }
 448:Middlewares/FreeRTOS/Source/portable/MemMang/heap_4.c ****     else
 449:Middlewares/FreeRTOS/Source/portable/MemMang/heap_4.c ****     {
 450:Middlewares/FreeRTOS/Source/portable/MemMang/heap_4.c ****         mtCOVERAGE_TEST_MARKER();
 108              		.loc 1 450 33 is_stmt 1 view .LVU37
 451:Middlewares/FreeRTOS/Source/portable/MemMang/heap_4.c ****     }
 452:Middlewares/FreeRTOS/Source/portable/MemMang/heap_4.c **** }
 109              		.loc 1 452 1 is_stmt 0 view .LVU38
 110 003c 10BD     		pop	{r4, pc}
 111              	.L6:
 112              		.loc 1 452 1 view .LVU39
 113 003e 1946     		mov	r1, r3
 114 0040 F8E7     		b	.L4
 115              	.L9:
 116 0042 00BF     		.align	2
ARM GAS  C:\Users\airforce\AppData\Local\Temp\ccFSvs2g.s 			page 11


 117              	.L8:
 118 0044 00000000 		.word	xStart
 119 0048 00000000 		.word	pxEnd
 120              		.cfi_endproc
 121              	.LFE76:
 123              		.section	.text.pvPortMalloc,"ax",%progbits
 124              		.align	1
 125              		.global	pvPortMalloc
 126              		.syntax unified
 127              		.thumb
 128              		.thumb_func
 130              	pvPortMalloc:
 131              	.LVL6:
 132              	.LFB70:
 118:Middlewares/FreeRTOS/Source/portable/MemMang/heap_4.c ****     BlockLink_t * pxBlock, * pxPreviousBlock, * pxNewBlockLink;
 133              		.loc 1 118 1 is_stmt 1 view -0
 134              		.cfi_startproc
 135              		@ args = 0, pretend = 0, frame = 0
 136              		@ frame_needed = 0, uses_anonymous_args = 0
 119:Middlewares/FreeRTOS/Source/portable/MemMang/heap_4.c ****     void * pvReturn = NULL;
 137              		.loc 1 119 5 view .LVU41
 120:Middlewares/FreeRTOS/Source/portable/MemMang/heap_4.c **** 
 138              		.loc 1 120 5 view .LVU42
 122:Middlewares/FreeRTOS/Source/portable/MemMang/heap_4.c ****     {
 139              		.loc 1 122 5 view .LVU43
 118:Middlewares/FreeRTOS/Source/portable/MemMang/heap_4.c ****     BlockLink_t * pxBlock, * pxPreviousBlock, * pxNewBlockLink;
 140              		.loc 1 118 1 is_stmt 0 view .LVU44
 141 0000 2DE9F041 		push	{r4, r5, r6, r7, r8, lr}
 142              	.LCFI1:
 143              		.cfi_def_cfa_offset 24
 144              		.cfi_offset 4, -24
 145              		.cfi_offset 5, -20
 146              		.cfi_offset 6, -16
 147              		.cfi_offset 7, -12
 148              		.cfi_offset 8, -8
 149              		.cfi_offset 14, -4
 118:Middlewares/FreeRTOS/Source/portable/MemMang/heap_4.c ****     BlockLink_t * pxBlock, * pxPreviousBlock, * pxNewBlockLink;
 150              		.loc 1 118 1 view .LVU45
 151 0004 0546     		mov	r5, r0
 122:Middlewares/FreeRTOS/Source/portable/MemMang/heap_4.c ****     {
 152              		.loc 1 122 5 view .LVU46
 153 0006 FFF7FEFF 		bl	vTaskSuspendAll
 154              	.LVL7:
 126:Middlewares/FreeRTOS/Source/portable/MemMang/heap_4.c ****         {
 155              		.loc 1 126 9 is_stmt 1 view .LVU47
 126:Middlewares/FreeRTOS/Source/portable/MemMang/heap_4.c ****         {
 156              		.loc 1 126 19 is_stmt 0 view .LVU48
 157 000a 3849     		ldr	r1, .L27
 158 000c 384C     		ldr	r4, .L27+4
 126:Middlewares/FreeRTOS/Source/portable/MemMang/heap_4.c ****         {
 159              		.loc 1 126 11 view .LVU49
 160 000e 0B68     		ldr	r3, [r1]
 161 0010 0BBB     		cbnz	r3, .L11
 128:Middlewares/FreeRTOS/Source/portable/MemMang/heap_4.c ****         }
 162              		.loc 1 128 13 is_stmt 1 view .LVU50
 163              	.LBB4:
 164              	.LBI4:
ARM GAS  C:\Users\airforce\AppData\Local\Temp\ccFSvs2g.s 			page 12


 344:Middlewares/FreeRTOS/Source/portable/MemMang/heap_4.c **** {
 165              		.loc 1 344 13 view .LVU51
 166              	.LBB5:
 346:Middlewares/FreeRTOS/Source/portable/MemMang/heap_4.c ****     uint8_t * pucAlignedHeap;
 167              		.loc 1 346 5 view .LVU52
 347:Middlewares/FreeRTOS/Source/portable/MemMang/heap_4.c ****     size_t uxAddress;
 168              		.loc 1 347 5 view .LVU53
 348:Middlewares/FreeRTOS/Source/portable/MemMang/heap_4.c ****     size_t xTotalHeapSize = configTOTAL_HEAP_SIZE;
 169              		.loc 1 348 5 view .LVU54
 349:Middlewares/FreeRTOS/Source/portable/MemMang/heap_4.c **** 
 170              		.loc 1 349 5 view .LVU55
 171              	.LVL8:
 352:Middlewares/FreeRTOS/Source/portable/MemMang/heap_4.c **** 
 172              		.loc 1 352 5 view .LVU56
 352:Middlewares/FreeRTOS/Source/portable/MemMang/heap_4.c **** 
 173              		.loc 1 352 15 is_stmt 0 view .LVU57
 174 0012 384A     		ldr	r2, .L27+8
 175              	.LVL9:
 354:Middlewares/FreeRTOS/Source/portable/MemMang/heap_4.c ****     {
 176              		.loc 1 354 5 is_stmt 1 view .LVU58
 365:Middlewares/FreeRTOS/Source/portable/MemMang/heap_4.c ****     xStart.xBlockSize = ( size_t ) 0;
 177              		.loc 1 365 28 is_stmt 0 view .LVU59
 178 0014 384E     		ldr	r6, .L27+12
 354:Middlewares/FreeRTOS/Source/portable/MemMang/heap_4.c ****     {
 179              		.loc 1 354 7 view .LVU60
 180 0016 5007     		lsls	r0, r2, #29
 356:Middlewares/FreeRTOS/Source/portable/MemMang/heap_4.c ****         uxAddress &= ~( ( size_t ) portBYTE_ALIGNMENT_MASK );
 181              		.loc 1 356 9 is_stmt 1 view .LVU61
 356:Middlewares/FreeRTOS/Source/portable/MemMang/heap_4.c ****         uxAddress &= ~( ( size_t ) portBYTE_ALIGNMENT_MASK );
 182              		.loc 1 356 19 is_stmt 0 view .LVU62
 183 0018 1FBF     		itttt	ne
 184 001a D01D     		addne	r0, r2, #7
 185              	.LVL10:
 357:Middlewares/FreeRTOS/Source/portable/MemMang/heap_4.c ****         xTotalHeapSize -= uxAddress - ( size_t ) ucHeap;
 186              		.loc 1 357 9 is_stmt 1 view .LVU63
 357:Middlewares/FreeRTOS/Source/portable/MemMang/heap_4.c ****         xTotalHeapSize -= uxAddress - ( size_t ) ucHeap;
 187              		.loc 1 357 19 is_stmt 0 view .LVU64
 188 001c 20F00700 		bicne	r0, r0, #7
 189              	.LVL11:
 358:Middlewares/FreeRTOS/Source/portable/MemMang/heap_4.c ****     }
 190              		.loc 1 358 9 is_stmt 1 view .LVU65
 358:Middlewares/FreeRTOS/Source/portable/MemMang/heap_4.c ****     }
 191              		.loc 1 358 24 is_stmt 0 view .LVU66
 192 0020 02F52052 		addne	r2, r2, #10240
 193 0024 131A     		subne	r3, r2, r0
 194              	.LVL12:
 349:Middlewares/FreeRTOS/Source/portable/MemMang/heap_4.c **** 
 195              		.loc 1 349 12 view .LVU67
 196 0026 0CBF     		ite	eq
 197 0028 4FF42053 		moveq	r3, #10240
 198              	.LVL13:
 357:Middlewares/FreeRTOS/Source/portable/MemMang/heap_4.c ****         xTotalHeapSize -= uxAddress - ( size_t ) ucHeap;
 199              		.loc 1 357 19 view .LVU68
 200 002c 0246     		movne	r2, r0
 201              	.LVL14:
 361:Middlewares/FreeRTOS/Source/portable/MemMang/heap_4.c **** 
 202              		.loc 1 361 5 is_stmt 1 view .LVU69
ARM GAS  C:\Users\airforce\AppData\Local\Temp\ccFSvs2g.s 			page 13


 365:Middlewares/FreeRTOS/Source/portable/MemMang/heap_4.c ****     xStart.xBlockSize = ( size_t ) 0;
 203              		.loc 1 365 5 view .LVU70
 366:Middlewares/FreeRTOS/Source/portable/MemMang/heap_4.c **** 
 204              		.loc 1 366 23 is_stmt 0 view .LVU71
 205 002e 0020     		movs	r0, #0
 370:Middlewares/FreeRTOS/Source/portable/MemMang/heap_4.c ****     uxAddress -= xHeapStructSize;
 206              		.loc 1 370 15 view .LVU72
 207 0030 1344     		add	r3, r3, r2
 208              	.LVL15:
 371:Middlewares/FreeRTOS/Source/portable/MemMang/heap_4.c ****     uxAddress &= ~( ( size_t ) portBYTE_ALIGNMENT_MASK );
 209              		.loc 1 371 15 view .LVU73
 210 0032 083B     		subs	r3, r3, #8
 372:Middlewares/FreeRTOS/Source/portable/MemMang/heap_4.c ****     pxEnd = ( void * ) uxAddress;
 211              		.loc 1 372 15 view .LVU74
 212 0034 23F00703 		bic	r3, r3, #7
 366:Middlewares/FreeRTOS/Source/portable/MemMang/heap_4.c **** 
 213              		.loc 1 366 23 view .LVU75
 214 0038 7060     		str	r0, [r6, #4]
 365:Middlewares/FreeRTOS/Source/portable/MemMang/heap_4.c ****     xStart.xBlockSize = ( size_t ) 0;
 215              		.loc 1 365 28 view .LVU76
 216 003a 3260     		str	r2, [r6]
 366:Middlewares/FreeRTOS/Source/portable/MemMang/heap_4.c **** 
 217              		.loc 1 366 5 is_stmt 1 view .LVU77
 370:Middlewares/FreeRTOS/Source/portable/MemMang/heap_4.c ****     uxAddress -= xHeapStructSize;
 218              		.loc 1 370 5 view .LVU78
 219              	.LVL16:
 371:Middlewares/FreeRTOS/Source/portable/MemMang/heap_4.c ****     uxAddress &= ~( ( size_t ) portBYTE_ALIGNMENT_MASK );
 220              		.loc 1 371 5 view .LVU79
 372:Middlewares/FreeRTOS/Source/portable/MemMang/heap_4.c ****     pxEnd = ( void * ) uxAddress;
 221              		.loc 1 372 5 view .LVU80
 373:Middlewares/FreeRTOS/Source/portable/MemMang/heap_4.c ****     pxEnd->xBlockSize = 0;
 222              		.loc 1 373 5 view .LVU81
 375:Middlewares/FreeRTOS/Source/portable/MemMang/heap_4.c **** 
 223              		.loc 1 375 28 is_stmt 0 view .LVU82
 224 003c C3E90000 		strd	r0, r0, [r3]
 380:Middlewares/FreeRTOS/Source/portable/MemMang/heap_4.c ****     pxFirstFreeBlock->pxNextFreeBlock = pxEnd;
 225              		.loc 1 380 46 view .LVU83
 226 0040 981A     		subs	r0, r3, r2
 381:Middlewares/FreeRTOS/Source/portable/MemMang/heap_4.c **** 
 227              		.loc 1 381 39 view .LVU84
 228 0042 C2E90030 		strd	r3, r0, [r2]
 373:Middlewares/FreeRTOS/Source/portable/MemMang/heap_4.c ****     pxEnd->xBlockSize = 0;
 229              		.loc 1 373 11 view .LVU85
 230 0046 0B60     		str	r3, [r1]
 374:Middlewares/FreeRTOS/Source/portable/MemMang/heap_4.c ****     pxEnd->pxNextFreeBlock = NULL;
 231              		.loc 1 374 5 is_stmt 1 view .LVU86
 379:Middlewares/FreeRTOS/Source/portable/MemMang/heap_4.c ****     pxFirstFreeBlock->xBlockSize = uxAddress - ( size_t ) pxFirstFreeBlock;
 232              		.loc 1 379 5 view .LVU87
 233              	.LVL17:
 380:Middlewares/FreeRTOS/Source/portable/MemMang/heap_4.c ****     pxFirstFreeBlock->pxNextFreeBlock = pxEnd;
 234              		.loc 1 380 5 view .LVU88
 384:Middlewares/FreeRTOS/Source/portable/MemMang/heap_4.c ****     xFreeBytesRemaining = pxFirstFreeBlock->xBlockSize;
 235              		.loc 1 384 5 view .LVU89
 384:Middlewares/FreeRTOS/Source/portable/MemMang/heap_4.c ****     xFreeBytesRemaining = pxFirstFreeBlock->xBlockSize;
 236              		.loc 1 384 36 is_stmt 0 view .LVU90
 237 0048 2C4B     		ldr	r3, .L27+16
 238              	.LVL18:
ARM GAS  C:\Users\airforce\AppData\Local\Temp\ccFSvs2g.s 			page 14


 384:Middlewares/FreeRTOS/Source/portable/MemMang/heap_4.c ****     xFreeBytesRemaining = pxFirstFreeBlock->xBlockSize;
 239              		.loc 1 384 36 view .LVU91
 240 004a 1860     		str	r0, [r3]
 385:Middlewares/FreeRTOS/Source/portable/MemMang/heap_4.c **** 
 241              		.loc 1 385 5 is_stmt 1 view .LVU92
 385:Middlewares/FreeRTOS/Source/portable/MemMang/heap_4.c **** 
 242              		.loc 1 385 25 is_stmt 0 view .LVU93
 243 004c 2C4B     		ldr	r3, .L27+20
 244 004e 1860     		str	r0, [r3]
 388:Middlewares/FreeRTOS/Source/portable/MemMang/heap_4.c **** }
 245              		.loc 1 388 5 is_stmt 1 view .LVU94
 388:Middlewares/FreeRTOS/Source/portable/MemMang/heap_4.c **** }
 246              		.loc 1 388 24 is_stmt 0 view .LVU95
 247 0050 4FF00043 		mov	r3, #-2147483648
 248 0054 2360     		str	r3, [r4]
 249              	.LVL19:
 250              	.L11:
 388:Middlewares/FreeRTOS/Source/portable/MemMang/heap_4.c **** }
 251              		.loc 1 388 24 view .LVU96
 252              	.LBE5:
 253              	.LBE4:
 132:Middlewares/FreeRTOS/Source/portable/MemMang/heap_4.c ****         }
 254              		.loc 1 132 37 is_stmt 1 view .LVU97
 139:Middlewares/FreeRTOS/Source/portable/MemMang/heap_4.c ****         {
 255              		.loc 1 139 9 view .LVU98
 139:Middlewares/FreeRTOS/Source/portable/MemMang/heap_4.c ****         {
 256              		.loc 1 139 27 is_stmt 0 view .LVU99
 257 0056 2768     		ldr	r7, [r4]
 139:Middlewares/FreeRTOS/Source/portable/MemMang/heap_4.c ****         {
 258              		.loc 1 139 11 view .LVU100
 259 0058 17EA0504 		ands	r4, r7, r5
 260 005c 44D1     		bne	.L26
 143:Middlewares/FreeRTOS/Source/portable/MemMang/heap_4.c ****                 ( ( xWantedSize + xHeapStructSize ) >  xWantedSize ) ) /* Overflow check */
 261              		.loc 1 143 13 is_stmt 1 view .LVU101
 143:Middlewares/FreeRTOS/Source/portable/MemMang/heap_4.c ****                 ( ( xWantedSize + xHeapStructSize ) >  xWantedSize ) ) /* Overflow check */
 262              		.loc 1 143 37 is_stmt 0 view .LVU102
 263 005e 6B1E     		subs	r3, r5, #1
 143:Middlewares/FreeRTOS/Source/portable/MemMang/heap_4.c ****                 ( ( xWantedSize + xHeapStructSize ) >  xWantedSize ) ) /* Overflow check */
 264              		.loc 1 143 15 view .LVU103
 265 0060 0A33     		adds	r3, r3, #10
 266 0062 08D8     		bhi	.L13
 146:Middlewares/FreeRTOS/Source/portable/MemMang/heap_4.c **** 
 267              		.loc 1 146 17 is_stmt 1 view .LVU104
 149:Middlewares/FreeRTOS/Source/portable/MemMang/heap_4.c ****                 {
 268              		.loc 1 149 19 is_stmt 0 view .LVU105
 269 0064 6B07     		lsls	r3, r5, #29
 146:Middlewares/FreeRTOS/Source/portable/MemMang/heap_4.c **** 
 270              		.loc 1 146 29 view .LVU106
 271 0066 05F10802 		add	r2, r5, #8
 272              	.LVL20:
 149:Middlewares/FreeRTOS/Source/portable/MemMang/heap_4.c ****                 {
 273              		.loc 1 149 17 is_stmt 1 view .LVU107
 149:Middlewares/FreeRTOS/Source/portable/MemMang/heap_4.c ****                 {
 274              		.loc 1 149 19 is_stmt 0 view .LVU108
 275 006a 09D0     		beq	.L22
 152:Middlewares/FreeRTOS/Source/portable/MemMang/heap_4.c ****                             > xWantedSize )
 276              		.loc 1 152 21 is_stmt 1 view .LVU109
ARM GAS  C:\Users\airforce\AppData\Local\Temp\ccFSvs2g.s 			page 15


 152:Middlewares/FreeRTOS/Source/portable/MemMang/heap_4.c ****                             > xWantedSize )
 277              		.loc 1 152 39 is_stmt 0 view .LVU110
 278 006c 22F00703 		bic	r3, r2, #7
 279 0070 0833     		adds	r3, r3, #8
 152:Middlewares/FreeRTOS/Source/portable/MemMang/heap_4.c ****                             > xWantedSize )
 280              		.loc 1 152 23 view .LVU111
 281 0072 9342     		cmp	r3, r2
 282 0074 05D8     		bhi	.L14
 283              	.LVL21:
 284              	.L13:
 251:Middlewares/FreeRTOS/Source/portable/MemMang/heap_4.c ****         }
 285              		.loc 1 251 37 is_stmt 1 view .LVU112
 254:Middlewares/FreeRTOS/Source/portable/MemMang/heap_4.c ****     }
 286              		.loc 1 254 45 view .LVU113
 256:Middlewares/FreeRTOS/Source/portable/MemMang/heap_4.c **** 
 287              		.loc 1 256 5 view .LVU114
 256:Middlewares/FreeRTOS/Source/portable/MemMang/heap_4.c **** 
 288              		.loc 1 256 14 is_stmt 0 view .LVU115
 289 0076 FFF7FEFF 		bl	xTaskResumeAll
 290              	.LVL22:
 272:Middlewares/FreeRTOS/Source/portable/MemMang/heap_4.c ****     return pvReturn;
 291              		.loc 1 272 90 is_stmt 1 view .LVU116
 273:Middlewares/FreeRTOS/Source/portable/MemMang/heap_4.c **** }
 292              		.loc 1 273 5 view .LVU117
 274:Middlewares/FreeRTOS/Source/portable/MemMang/heap_4.c **** /*-----------------------------------------------------------*/
 293              		.loc 1 274 1 is_stmt 0 view .LVU118
 294 007a 2046     		mov	r0, r4
 295 007c BDE8F081 		pop	{r4, r5, r6, r7, r8, pc}
 296              	.LVL23:
 297              	.L22:
 146:Middlewares/FreeRTOS/Source/portable/MemMang/heap_4.c **** 
 298              		.loc 1 146 29 view .LVU119
 299 0080 1346     		mov	r3, r2
 300              	.L14:
 301              	.LVL24:
 173:Middlewares/FreeRTOS/Source/portable/MemMang/heap_4.c ****             {
 302              		.loc 1 173 13 is_stmt 1 view .LVU120
 173:Middlewares/FreeRTOS/Source/portable/MemMang/heap_4.c ****             {
 303              		.loc 1 173 54 is_stmt 0 discriminator 1 view .LVU121
 304 0082 DFF87C80 		ldr	r8, .L27+20
 305 0086 D8F80060 		ldr	r6, [r8]
 173:Middlewares/FreeRTOS/Source/portable/MemMang/heap_4.c ****             {
 306              		.loc 1 173 37 discriminator 1 view .LVU122
 307 008a 9E42     		cmp	r6, r3
 308 008c 2CD3     		bcc	.L26
 177:Middlewares/FreeRTOS/Source/portable/MemMang/heap_4.c ****                 pxBlock = xStart.pxNextFreeBlock;
 309              		.loc 1 177 17 is_stmt 1 view .LVU123
 310              	.LVL25:
 178:Middlewares/FreeRTOS/Source/portable/MemMang/heap_4.c **** 
 311              		.loc 1 178 17 view .LVU124
 178:Middlewares/FreeRTOS/Source/portable/MemMang/heap_4.c **** 
 312              		.loc 1 178 25 is_stmt 0 view .LVU125
 313 008e 1A4A     		ldr	r2, .L27+12
 314 0090 1568     		ldr	r5, [r2]
 315              	.LVL26:
 180:Middlewares/FreeRTOS/Source/portable/MemMang/heap_4.c ****                 {
 316              		.loc 1 180 17 is_stmt 1 view .LVU126
ARM GAS  C:\Users\airforce\AppData\Local\Temp\ccFSvs2g.s 			page 16


 317              	.L16:
 180:Middlewares/FreeRTOS/Source/portable/MemMang/heap_4.c ****                 {
 318              		.loc 1 180 62 view .LVU127
 180:Middlewares/FreeRTOS/Source/portable/MemMang/heap_4.c ****                 {
 319              		.loc 1 180 33 is_stmt 0 view .LVU128
 320 0092 6868     		ldr	r0, [r5, #4]
 180:Middlewares/FreeRTOS/Source/portable/MemMang/heap_4.c ****                 {
 321              		.loc 1 180 62 view .LVU129
 322 0094 9842     		cmp	r0, r3
 323 0096 01D2     		bcs	.L15
 180:Middlewares/FreeRTOS/Source/portable/MemMang/heap_4.c ****                 {
 324              		.loc 1 180 74 discriminator 1 view .LVU130
 325 0098 2C68     		ldr	r4, [r5]
 180:Middlewares/FreeRTOS/Source/portable/MemMang/heap_4.c ****                 {
 326              		.loc 1 180 62 discriminator 1 view .LVU131
 327 009a 14BB     		cbnz	r4, .L25
 328              	.L15:
 188:Middlewares/FreeRTOS/Source/portable/MemMang/heap_4.c ****                 {
 329              		.loc 1 188 17 is_stmt 1 view .LVU132
 188:Middlewares/FreeRTOS/Source/portable/MemMang/heap_4.c ****                 {
 330              		.loc 1 188 19 is_stmt 0 view .LVU133
 331 009c 0968     		ldr	r1, [r1]
 332 009e A942     		cmp	r1, r5
 333 00a0 22D0     		beq	.L26
 192:Middlewares/FreeRTOS/Source/portable/MemMang/heap_4.c **** 
 334              		.loc 1 192 21 is_stmt 1 view .LVU134
 196:Middlewares/FreeRTOS/Source/portable/MemMang/heap_4.c **** 
 335              		.loc 1 196 63 is_stmt 0 view .LVU135
 336 00a2 2968     		ldr	r1, [r5]
 192:Middlewares/FreeRTOS/Source/portable/MemMang/heap_4.c **** 
 337              		.loc 1 192 30 view .LVU136
 338 00a4 1468     		ldr	r4, [r2]
 196:Middlewares/FreeRTOS/Source/portable/MemMang/heap_4.c **** 
 339              		.loc 1 196 54 view .LVU137
 340 00a6 1160     		str	r1, [r2]
 200:Middlewares/FreeRTOS/Source/portable/MemMang/heap_4.c ****                     {
 341              		.loc 1 200 47 view .LVU138
 342 00a8 C21A     		subs	r2, r0, r3
 200:Middlewares/FreeRTOS/Source/portable/MemMang/heap_4.c ****                     {
 343              		.loc 1 200 23 view .LVU139
 344 00aa 102A     		cmp	r2, #16
 192:Middlewares/FreeRTOS/Source/portable/MemMang/heap_4.c **** 
 345              		.loc 1 192 30 view .LVU140
 346 00ac 04F10804 		add	r4, r4, #8
 347              	.LVL27:
 196:Middlewares/FreeRTOS/Source/portable/MemMang/heap_4.c **** 
 348              		.loc 1 196 21 is_stmt 1 view .LVU141
 200:Middlewares/FreeRTOS/Source/portable/MemMang/heap_4.c ****                     {
 349              		.loc 1 200 21 view .LVU142
 200:Middlewares/FreeRTOS/Source/portable/MemMang/heap_4.c ****                     {
 350              		.loc 1 200 23 is_stmt 0 view .LVU143
 351 00b0 04D9     		bls	.L17
 206:Middlewares/FreeRTOS/Source/portable/MemMang/heap_4.c ****                         configASSERT( ( ( ( size_t ) pxNewBlockLink ) & portBYTE_ALIGNMENT_MASK ) =
 352              		.loc 1 206 25 is_stmt 1 view .LVU144
 206:Middlewares/FreeRTOS/Source/portable/MemMang/heap_4.c ****                         configASSERT( ( ( ( size_t ) pxNewBlockLink ) & portBYTE_ALIGNMENT_MASK ) =
 353              		.loc 1 206 40 is_stmt 0 view .LVU145
 354 00b2 E818     		adds	r0, r5, r3
ARM GAS  C:\Users\airforce\AppData\Local\Temp\ccFSvs2g.s 			page 17


 355              	.LVL28:
 207:Middlewares/FreeRTOS/Source/portable/MemMang/heap_4.c **** 
 356              		.loc 1 207 105 is_stmt 1 view .LVU146
 211:Middlewares/FreeRTOS/Source/portable/MemMang/heap_4.c ****                         pxBlock->xBlockSize = xWantedSize;
 357              		.loc 1 211 25 view .LVU147
 211:Middlewares/FreeRTOS/Source/portable/MemMang/heap_4.c ****                         pxBlock->xBlockSize = xWantedSize;
 358              		.loc 1 211 52 is_stmt 0 view .LVU148
 359 00b4 4260     		str	r2, [r0, #4]
 212:Middlewares/FreeRTOS/Source/portable/MemMang/heap_4.c **** 
 360              		.loc 1 212 25 is_stmt 1 view .LVU149
 212:Middlewares/FreeRTOS/Source/portable/MemMang/heap_4.c **** 
 361              		.loc 1 212 45 is_stmt 0 view .LVU150
 362 00b6 6B60     		str	r3, [r5, #4]
 215:Middlewares/FreeRTOS/Source/portable/MemMang/heap_4.c ****                     }
 363              		.loc 1 215 25 is_stmt 1 view .LVU151
 364 00b8 FFF7FEFF 		bl	prvInsertBlockIntoFreeList
 365              	.LVL29:
 366              	.L17:
 219:Middlewares/FreeRTOS/Source/portable/MemMang/heap_4.c ****                     }
 367              		.loc 1 219 49 view .LVU152
 222:Middlewares/FreeRTOS/Source/portable/MemMang/heap_4.c **** 
 368              		.loc 1 222 21 view .LVU153
 236:Middlewares/FreeRTOS/Source/portable/MemMang/heap_4.c ****                     xNumberOfSuccessfulAllocations++;
 369              		.loc 1 236 46 is_stmt 0 view .LVU154
 370 00bc 0023     		movs	r3, #0
 222:Middlewares/FreeRTOS/Source/portable/MemMang/heap_4.c **** 
 371              		.loc 1 222 51 view .LVU155
 372 00be 6A68     		ldr	r2, [r5, #4]
 224:Middlewares/FreeRTOS/Source/portable/MemMang/heap_4.c ****                     {
 373              		.loc 1 224 45 view .LVU156
 374 00c0 0E49     		ldr	r1, .L27+16
 222:Middlewares/FreeRTOS/Source/portable/MemMang/heap_4.c **** 
 375              		.loc 1 222 41 view .LVU157
 376 00c2 B61A     		subs	r6, r6, r2
 235:Middlewares/FreeRTOS/Source/portable/MemMang/heap_4.c ****                     pxBlock->pxNextFreeBlock = NULL;
 377              		.loc 1 235 41 view .LVU158
 378 00c4 1743     		orrs	r7, r7, r2
 237:Middlewares/FreeRTOS/Source/portable/MemMang/heap_4.c ****                 }
 379              		.loc 1 237 51 view .LVU159
 380 00c6 0F4A     		ldr	r2, .L27+24
 224:Middlewares/FreeRTOS/Source/portable/MemMang/heap_4.c ****                     {
 381              		.loc 1 224 23 view .LVU160
 382 00c8 0868     		ldr	r0, [r1]
 236:Middlewares/FreeRTOS/Source/portable/MemMang/heap_4.c ****                     xNumberOfSuccessfulAllocations++;
 383              		.loc 1 236 46 view .LVU161
 384 00ca 2B60     		str	r3, [r5]
 237:Middlewares/FreeRTOS/Source/portable/MemMang/heap_4.c ****                 }
 385              		.loc 1 237 51 view .LVU162
 386 00cc 1368     		ldr	r3, [r2]
 224:Middlewares/FreeRTOS/Source/portable/MemMang/heap_4.c ****                     {
 387              		.loc 1 224 23 view .LVU163
 388 00ce 8642     		cmp	r6, r0
 237:Middlewares/FreeRTOS/Source/portable/MemMang/heap_4.c ****                 }
 389              		.loc 1 237 51 view .LVU164
 390 00d0 03F10103 		add	r3, r3, #1
 222:Middlewares/FreeRTOS/Source/portable/MemMang/heap_4.c **** 
 391              		.loc 1 222 41 view .LVU165
ARM GAS  C:\Users\airforce\AppData\Local\Temp\ccFSvs2g.s 			page 18


 392 00d4 C8F80060 		str	r6, [r8]
 224:Middlewares/FreeRTOS/Source/portable/MemMang/heap_4.c ****                     {
 393              		.loc 1 224 21 is_stmt 1 view .LVU166
 226:Middlewares/FreeRTOS/Source/portable/MemMang/heap_4.c ****                     }
 394              		.loc 1 226 25 view .LVU167
 226:Middlewares/FreeRTOS/Source/portable/MemMang/heap_4.c ****                     }
 395              		.loc 1 226 56 is_stmt 0 view .LVU168
 396 00d8 38BF     		it	cc
 397 00da 0E60     		strcc	r6, [r1]
 230:Middlewares/FreeRTOS/Source/portable/MemMang/heap_4.c ****                     }
 398              		.loc 1 230 49 is_stmt 1 view .LVU169
 235:Middlewares/FreeRTOS/Source/portable/MemMang/heap_4.c ****                     pxBlock->pxNextFreeBlock = NULL;
 399              		.loc 1 235 21 view .LVU170
 235:Middlewares/FreeRTOS/Source/portable/MemMang/heap_4.c ****                     pxBlock->pxNextFreeBlock = NULL;
 400              		.loc 1 235 41 is_stmt 0 view .LVU171
 401 00dc 6F60     		str	r7, [r5, #4]
 236:Middlewares/FreeRTOS/Source/portable/MemMang/heap_4.c ****                     xNumberOfSuccessfulAllocations++;
 402              		.loc 1 236 21 is_stmt 1 view .LVU172
 237:Middlewares/FreeRTOS/Source/portable/MemMang/heap_4.c ****                 }
 403              		.loc 1 237 21 view .LVU173
 237:Middlewares/FreeRTOS/Source/portable/MemMang/heap_4.c ****                 }
 404              		.loc 1 237 51 is_stmt 0 view .LVU174
 405 00de 1360     		str	r3, [r2]
 406 00e0 C9E7     		b	.L13
 407              	.LVL30:
 408              	.L25:
 182:Middlewares/FreeRTOS/Source/portable/MemMang/heap_4.c ****                     pxBlock = pxBlock->pxNextFreeBlock;
 409              		.loc 1 182 37 view .LVU175
 410 00e2 2A46     		mov	r2, r5
 183:Middlewares/FreeRTOS/Source/portable/MemMang/heap_4.c ****                 }
 411              		.loc 1 183 29 view .LVU176
 412 00e4 2546     		mov	r5, r4
 413              	.LVL31:
 183:Middlewares/FreeRTOS/Source/portable/MemMang/heap_4.c ****                 }
 414              		.loc 1 183 29 view .LVU177
 415 00e6 D4E7     		b	.L16
 416              	.LVL32:
 417              	.L26:
 120:Middlewares/FreeRTOS/Source/portable/MemMang/heap_4.c **** 
 418              		.loc 1 120 12 view .LVU178
 419 00e8 0024     		movs	r4, #0
 420 00ea C4E7     		b	.L13
 421              	.L28:
 422              		.align	2
 423              	.L27:
 424 00ec 00000000 		.word	pxEnd
 425 00f0 00000000 		.word	xBlockAllocatedBit
 426 00f4 00000000 		.word	ucHeap
 427 00f8 00000000 		.word	xStart
 428 00fc 00000000 		.word	xMinimumEverFreeBytesRemaining
 429 0100 00000000 		.word	xFreeBytesRemaining
 430 0104 00000000 		.word	xNumberOfSuccessfulAllocations
 431              		.cfi_endproc
 432              	.LFE70:
 434              		.section	.text.vPortFree,"ax",%progbits
 435              		.align	1
 436              		.global	vPortFree
ARM GAS  C:\Users\airforce\AppData\Local\Temp\ccFSvs2g.s 			page 19


 437              		.syntax unified
 438              		.thumb
 439              		.thumb_func
 441              	vPortFree:
 442              	.LVL33:
 443              	.LFB71:
 278:Middlewares/FreeRTOS/Source/portable/MemMang/heap_4.c ****     uint8_t * puc = ( uint8_t * ) pv;
 444              		.loc 1 278 1 is_stmt 1 view -0
 445              		.cfi_startproc
 446              		@ args = 0, pretend = 0, frame = 0
 447              		@ frame_needed = 0, uses_anonymous_args = 0
 279:Middlewares/FreeRTOS/Source/portable/MemMang/heap_4.c ****     BlockLink_t * pxLink;
 448              		.loc 1 279 5 view .LVU180
 280:Middlewares/FreeRTOS/Source/portable/MemMang/heap_4.c **** 
 449              		.loc 1 280 5 view .LVU181
 282:Middlewares/FreeRTOS/Source/portable/MemMang/heap_4.c ****     {
 450              		.loc 1 282 5 view .LVU182
 278:Middlewares/FreeRTOS/Source/portable/MemMang/heap_4.c ****     uint8_t * puc = ( uint8_t * ) pv;
 451              		.loc 1 278 1 is_stmt 0 view .LVU183
 452 0000 10B5     		push	{r4, lr}
 453              	.LCFI2:
 454              		.cfi_def_cfa_offset 8
 455              		.cfi_offset 4, -8
 456              		.cfi_offset 14, -4
 282:Middlewares/FreeRTOS/Source/portable/MemMang/heap_4.c ****     {
 457              		.loc 1 282 7 view .LVU184
 458 0002 0446     		mov	r4, r0
 459 0004 00B3     		cbz	r0, .L29
 286:Middlewares/FreeRTOS/Source/portable/MemMang/heap_4.c **** 
 460              		.loc 1 286 9 is_stmt 1 view .LVU185
 461              	.LVL34:
 289:Middlewares/FreeRTOS/Source/portable/MemMang/heap_4.c **** 
 462              		.loc 1 289 9 view .LVU186
 292:Middlewares/FreeRTOS/Source/portable/MemMang/heap_4.c ****         configASSERT( pxLink->pxNextFreeBlock == NULL );
 463              		.loc 1 292 73 view .LVU187
 293:Middlewares/FreeRTOS/Source/portable/MemMang/heap_4.c **** 
 464              		.loc 1 293 56 view .LVU188
 295:Middlewares/FreeRTOS/Source/portable/MemMang/heap_4.c ****         {
 465              		.loc 1 295 9 view .LVU189
 295:Middlewares/FreeRTOS/Source/portable/MemMang/heap_4.c ****         {
 466              		.loc 1 295 34 is_stmt 0 view .LVU190
 467 0006 114A     		ldr	r2, .L37
 295:Middlewares/FreeRTOS/Source/portable/MemMang/heap_4.c ****         {
 468              		.loc 1 295 21 view .LVU191
 469 0008 50F8043C 		ldr	r3, [r0, #-4]
 295:Middlewares/FreeRTOS/Source/portable/MemMang/heap_4.c ****         {
 470              		.loc 1 295 34 view .LVU192
 471 000c 1268     		ldr	r2, [r2]
 295:Middlewares/FreeRTOS/Source/portable/MemMang/heap_4.c ****         {
 472              		.loc 1 295 11 view .LVU193
 473 000e 1342     		tst	r3, r2
 474 0010 1AD0     		beq	.L29
 297:Middlewares/FreeRTOS/Source/portable/MemMang/heap_4.c ****             {
 475              		.loc 1 297 13 is_stmt 1 view .LVU194
 297:Middlewares/FreeRTOS/Source/portable/MemMang/heap_4.c ****             {
 476              		.loc 1 297 15 is_stmt 0 view .LVU195
 477 0012 50F8081C 		ldr	r1, [r0, #-8]
ARM GAS  C:\Users\airforce\AppData\Local\Temp\ccFSvs2g.s 			page 20


 478 0016 B9B9     		cbnz	r1, .L29
 301:Middlewares/FreeRTOS/Source/portable/MemMang/heap_4.c **** 
 479              		.loc 1 301 17 is_stmt 1 view .LVU196
 301:Middlewares/FreeRTOS/Source/portable/MemMang/heap_4.c **** 
 480              		.loc 1 301 36 is_stmt 0 view .LVU197
 481 0018 23EA0203 		bic	r3, r3, r2
 482 001c 40F8043C 		str	r3, [r0, #-4]
 303:Middlewares/FreeRTOS/Source/portable/MemMang/heap_4.c ****                 {
 483              		.loc 1 303 17 is_stmt 1 view .LVU198
 484 0020 FFF7FEFF 		bl	vTaskSuspendAll
 485              	.LVL35:
 306:Middlewares/FreeRTOS/Source/portable/MemMang/heap_4.c ****                     traceFREE( pv, pxLink->xBlockSize );
 486              		.loc 1 306 21 view .LVU199
 306:Middlewares/FreeRTOS/Source/portable/MemMang/heap_4.c ****                     traceFREE( pv, pxLink->xBlockSize );
 487              		.loc 1 306 41 is_stmt 0 view .LVU200
 488 0024 0A4A     		ldr	r2, .L37+4
 489 0026 54F8043C 		ldr	r3, [r4, #-4]
 490 002a 1168     		ldr	r1, [r2]
 308:Middlewares/FreeRTOS/Source/portable/MemMang/heap_4.c ****                     xNumberOfSuccessfulFrees++;
 491              		.loc 1 308 21 view .LVU201
 492 002c A4F10800 		sub	r0, r4, #8
 493              	.LVL36:
 306:Middlewares/FreeRTOS/Source/portable/MemMang/heap_4.c ****                     traceFREE( pv, pxLink->xBlockSize );
 494              		.loc 1 306 41 view .LVU202
 495 0030 0B44     		add	r3, r3, r1
 496 0032 1360     		str	r3, [r2]
 307:Middlewares/FreeRTOS/Source/portable/MemMang/heap_4.c ****                     prvInsertBlockIntoFreeList( ( ( BlockLink_t * ) pxLink ) );
 497              		.loc 1 307 56 is_stmt 1 view .LVU203
 308:Middlewares/FreeRTOS/Source/portable/MemMang/heap_4.c ****                     xNumberOfSuccessfulFrees++;
 498              		.loc 1 308 21 view .LVU204
 499 0034 FFF7FEFF 		bl	prvInsertBlockIntoFreeList
 500              	.LVL37:
 309:Middlewares/FreeRTOS/Source/portable/MemMang/heap_4.c ****                 }
 501              		.loc 1 309 21 view .LVU205
 323:Middlewares/FreeRTOS/Source/portable/MemMang/heap_4.c **** /*-----------------------------------------------------------*/
 502              		.loc 1 323 1 is_stmt 0 view .LVU206
 503 0038 BDE81040 		pop	{r4, lr}
 504              	.LCFI3:
 505              		.cfi_remember_state
 506              		.cfi_restore 14
 507              		.cfi_restore 4
 508              		.cfi_def_cfa_offset 0
 509              	.LVL38:
 309:Middlewares/FreeRTOS/Source/portable/MemMang/heap_4.c ****                 }
 510              		.loc 1 309 45 view .LVU207
 511 003c 054A     		ldr	r2, .L37+8
 512 003e 1368     		ldr	r3, [r2]
 513 0040 0133     		adds	r3, r3, #1
 514 0042 1360     		str	r3, [r2]
 311:Middlewares/FreeRTOS/Source/portable/MemMang/heap_4.c ****             }
 515              		.loc 1 311 17 is_stmt 1 view .LVU208
 311:Middlewares/FreeRTOS/Source/portable/MemMang/heap_4.c ****             }
 516              		.loc 1 311 26 is_stmt 0 view .LVU209
 517 0044 FFF7FEBF 		b	xTaskResumeAll
 518              	.LVL39:
 519              	.L29:
 520              	.LCFI4:
ARM GAS  C:\Users\airforce\AppData\Local\Temp\ccFSvs2g.s 			page 21


 521              		.cfi_restore_state
 323:Middlewares/FreeRTOS/Source/portable/MemMang/heap_4.c **** /*-----------------------------------------------------------*/
 522              		.loc 1 323 1 view .LVU210
 523 0048 10BD     		pop	{r4, pc}
 524              	.L38:
 525 004a 00BF     		.align	2
 526              	.L37:
 527 004c 00000000 		.word	xBlockAllocatedBit
 528 0050 00000000 		.word	xFreeBytesRemaining
 529 0054 00000000 		.word	xNumberOfSuccessfulFrees
 530              		.cfi_endproc
 531              	.LFE71:
 533              		.section	.text.xPortGetFreeHeapSize,"ax",%progbits
 534              		.align	1
 535              		.global	xPortGetFreeHeapSize
 536              		.syntax unified
 537              		.thumb
 538              		.thumb_func
 540              	xPortGetFreeHeapSize:
 541              	.LFB72:
 327:Middlewares/FreeRTOS/Source/portable/MemMang/heap_4.c ****     return xFreeBytesRemaining;
 542              		.loc 1 327 1 is_stmt 1 view -0
 543              		.cfi_startproc
 544              		@ args = 0, pretend = 0, frame = 0
 545              		@ frame_needed = 0, uses_anonymous_args = 0
 546              		@ link register save eliminated.
 328:Middlewares/FreeRTOS/Source/portable/MemMang/heap_4.c **** }
 547              		.loc 1 328 5 view .LVU212
 329:Middlewares/FreeRTOS/Source/portable/MemMang/heap_4.c **** /*-----------------------------------------------------------*/
 548              		.loc 1 329 1 is_stmt 0 view .LVU213
 549 0000 014B     		ldr	r3, .L40
 550 0002 1868     		ldr	r0, [r3]
 551 0004 7047     		bx	lr
 552              	.L41:
 553 0006 00BF     		.align	2
 554              	.L40:
 555 0008 00000000 		.word	xFreeBytesRemaining
 556              		.cfi_endproc
 557              	.LFE72:
 559              		.section	.text.xPortGetMinimumEverFreeHeapSize,"ax",%progbits
 560              		.align	1
 561              		.global	xPortGetMinimumEverFreeHeapSize
 562              		.syntax unified
 563              		.thumb
 564              		.thumb_func
 566              	xPortGetMinimumEverFreeHeapSize:
 567              	.LFB73:
 333:Middlewares/FreeRTOS/Source/portable/MemMang/heap_4.c ****     return xMinimumEverFreeBytesRemaining;
 568              		.loc 1 333 1 is_stmt 1 view -0
 569              		.cfi_startproc
 570              		@ args = 0, pretend = 0, frame = 0
 571              		@ frame_needed = 0, uses_anonymous_args = 0
 572              		@ link register save eliminated.
 334:Middlewares/FreeRTOS/Source/portable/MemMang/heap_4.c **** }
 573              		.loc 1 334 5 view .LVU215
 335:Middlewares/FreeRTOS/Source/portable/MemMang/heap_4.c **** /*-----------------------------------------------------------*/
 574              		.loc 1 335 1 is_stmt 0 view .LVU216
ARM GAS  C:\Users\airforce\AppData\Local\Temp\ccFSvs2g.s 			page 22


 575 0000 014B     		ldr	r3, .L43
 576 0002 1868     		ldr	r0, [r3]
 577 0004 7047     		bx	lr
 578              	.L44:
 579 0006 00BF     		.align	2
 580              	.L43:
 581 0008 00000000 		.word	xMinimumEverFreeBytesRemaining
 582              		.cfi_endproc
 583              	.LFE73:
 585              		.section	.text.vPortInitialiseBlocks,"ax",%progbits
 586              		.align	1
 587              		.global	vPortInitialiseBlocks
 588              		.syntax unified
 589              		.thumb
 590              		.thumb_func
 592              	vPortInitialiseBlocks:
 593              	.LFB74:
 339:Middlewares/FreeRTOS/Source/portable/MemMang/heap_4.c ****     /* This just exists to keep the linker quiet. */
 594              		.loc 1 339 1 is_stmt 1 view -0
 595              		.cfi_startproc
 596              		@ args = 0, pretend = 0, frame = 0
 597              		@ frame_needed = 0, uses_anonymous_args = 0
 598              		@ link register save eliminated.
 341:Middlewares/FreeRTOS/Source/portable/MemMang/heap_4.c **** /*-----------------------------------------------------------*/
 599              		.loc 1 341 1 view .LVU218
 600 0000 7047     		bx	lr
 601              		.cfi_endproc
 602              	.LFE74:
 604              		.section	.text.vPortGetHeapStats,"ax",%progbits
 605              		.align	1
 606              		.global	vPortGetHeapStats
 607              		.syntax unified
 608              		.thumb
 609              		.thumb_func
 611              	vPortGetHeapStats:
 612              	.LVL40:
 613              	.LFB77:
 453:Middlewares/FreeRTOS/Source/portable/MemMang/heap_4.c **** /*-----------------------------------------------------------*/
 454:Middlewares/FreeRTOS/Source/portable/MemMang/heap_4.c **** 
 455:Middlewares/FreeRTOS/Source/portable/MemMang/heap_4.c **** void vPortGetHeapStats( HeapStats_t * pxHeapStats )
 456:Middlewares/FreeRTOS/Source/portable/MemMang/heap_4.c **** {
 614              		.loc 1 456 1 view -0
 615              		.cfi_startproc
 616              		@ args = 0, pretend = 0, frame = 0
 617              		@ frame_needed = 0, uses_anonymous_args = 0
 457:Middlewares/FreeRTOS/Source/portable/MemMang/heap_4.c ****     BlockLink_t * pxBlock;
 618              		.loc 1 457 5 view .LVU220
 458:Middlewares/FreeRTOS/Source/portable/MemMang/heap_4.c ****     size_t xBlocks = 0, xMaxSize = 0, xMinSize = portMAX_DELAY; /* portMAX_DELAY used as a portable
 619              		.loc 1 458 5 view .LVU221
 459:Middlewares/FreeRTOS/Source/portable/MemMang/heap_4.c **** 
 460:Middlewares/FreeRTOS/Source/portable/MemMang/heap_4.c ****     vTaskSuspendAll();
 620              		.loc 1 460 5 view .LVU222
 456:Middlewares/FreeRTOS/Source/portable/MemMang/heap_4.c ****     BlockLink_t * pxBlock;
 621              		.loc 1 456 1 is_stmt 0 view .LVU223
 622 0000 F8B5     		push	{r3, r4, r5, r6, r7, lr}
 623              	.LCFI5:
 624              		.cfi_def_cfa_offset 24
ARM GAS  C:\Users\airforce\AppData\Local\Temp\ccFSvs2g.s 			page 23


 625              		.cfi_offset 3, -24
 626              		.cfi_offset 4, -20
 627              		.cfi_offset 5, -16
 628              		.cfi_offset 6, -12
 629              		.cfi_offset 7, -8
 630              		.cfi_offset 14, -4
 456:Middlewares/FreeRTOS/Source/portable/MemMang/heap_4.c ****     BlockLink_t * pxBlock;
 631              		.loc 1 456 1 view .LVU224
 632 0002 0446     		mov	r4, r0
 633              		.loc 1 460 5 view .LVU225
 634 0004 FFF7FEFF 		bl	vTaskSuspendAll
 635              	.LVL41:
 461:Middlewares/FreeRTOS/Source/portable/MemMang/heap_4.c ****     {
 462:Middlewares/FreeRTOS/Source/portable/MemMang/heap_4.c ****         pxBlock = xStart.pxNextFreeBlock;
 636              		.loc 1 462 9 is_stmt 1 view .LVU226
 637              		.loc 1 462 17 is_stmt 0 view .LVU227
 638 0008 184B     		ldr	r3, .L51
 639 000a 1B68     		ldr	r3, [r3]
 640              	.LVL42:
 463:Middlewares/FreeRTOS/Source/portable/MemMang/heap_4.c **** 
 464:Middlewares/FreeRTOS/Source/portable/MemMang/heap_4.c ****         /* pxBlock will be NULL if the heap has not been initialised.  The heap
 465:Middlewares/FreeRTOS/Source/portable/MemMang/heap_4.c ****          * is initialised automatically when the first allocation is made. */
 466:Middlewares/FreeRTOS/Source/portable/MemMang/heap_4.c ****         if( pxBlock != NULL )
 641              		.loc 1 466 9 is_stmt 1 view .LVU228
 642              		.loc 1 466 11 is_stmt 0 view .LVU229
 643 000c 43B3     		cbz	r3, .L49
 458:Middlewares/FreeRTOS/Source/portable/MemMang/heap_4.c **** 
 644              		.loc 1 458 25 view .LVU230
 645 000e 0025     		movs	r5, #0
 458:Middlewares/FreeRTOS/Source/portable/MemMang/heap_4.c **** 
 646              		.loc 1 458 39 view .LVU231
 647 0010 4FF0FF37 		mov	r7, #-1
 458:Middlewares/FreeRTOS/Source/portable/MemMang/heap_4.c **** 
 648              		.loc 1 458 12 view .LVU232
 649 0014 2E46     		mov	r6, r5
 467:Middlewares/FreeRTOS/Source/portable/MemMang/heap_4.c ****         {
 468:Middlewares/FreeRTOS/Source/portable/MemMang/heap_4.c ****             do
 469:Middlewares/FreeRTOS/Source/portable/MemMang/heap_4.c ****             {
 470:Middlewares/FreeRTOS/Source/portable/MemMang/heap_4.c ****                 /* Increment the number of blocks and record the largest block seen
 471:Middlewares/FreeRTOS/Source/portable/MemMang/heap_4.c ****                  * so far. */
 472:Middlewares/FreeRTOS/Source/portable/MemMang/heap_4.c ****                 xBlocks++;
 473:Middlewares/FreeRTOS/Source/portable/MemMang/heap_4.c **** 
 474:Middlewares/FreeRTOS/Source/portable/MemMang/heap_4.c ****                 if( pxBlock->xBlockSize > xMaxSize )
 475:Middlewares/FreeRTOS/Source/portable/MemMang/heap_4.c ****                 {
 476:Middlewares/FreeRTOS/Source/portable/MemMang/heap_4.c ****                     xMaxSize = pxBlock->xBlockSize;
 477:Middlewares/FreeRTOS/Source/portable/MemMang/heap_4.c ****                 }
 478:Middlewares/FreeRTOS/Source/portable/MemMang/heap_4.c **** 
 479:Middlewares/FreeRTOS/Source/portable/MemMang/heap_4.c ****                 if( pxBlock->xBlockSize < xMinSize )
 480:Middlewares/FreeRTOS/Source/portable/MemMang/heap_4.c ****                 {
 481:Middlewares/FreeRTOS/Source/portable/MemMang/heap_4.c ****                     xMinSize = pxBlock->xBlockSize;
 482:Middlewares/FreeRTOS/Source/portable/MemMang/heap_4.c ****                 }
 483:Middlewares/FreeRTOS/Source/portable/MemMang/heap_4.c **** 
 484:Middlewares/FreeRTOS/Source/portable/MemMang/heap_4.c ****                 /* Move to the next block in the chain until the last block is
 485:Middlewares/FreeRTOS/Source/portable/MemMang/heap_4.c ****                  * reached. */
 486:Middlewares/FreeRTOS/Source/portable/MemMang/heap_4.c ****                 pxBlock = pxBlock->pxNextFreeBlock;
 487:Middlewares/FreeRTOS/Source/portable/MemMang/heap_4.c ****             } while( pxBlock != pxEnd );
 650              		.loc 1 487 30 view .LVU233
ARM GAS  C:\Users\airforce\AppData\Local\Temp\ccFSvs2g.s 			page 24


 651 0016 164A     		ldr	r2, .L51+4
 652 0018 1168     		ldr	r1, [r2]
 653              	.LVL43:
 654              	.L48:
 468:Middlewares/FreeRTOS/Source/portable/MemMang/heap_4.c ****             {
 655              		.loc 1 468 13 is_stmt 1 view .LVU234
 472:Middlewares/FreeRTOS/Source/portable/MemMang/heap_4.c **** 
 656              		.loc 1 472 17 view .LVU235
 474:Middlewares/FreeRTOS/Source/portable/MemMang/heap_4.c ****                 {
 657              		.loc 1 474 28 is_stmt 0 view .LVU236
 658 001a 5A68     		ldr	r2, [r3, #4]
 486:Middlewares/FreeRTOS/Source/portable/MemMang/heap_4.c ****             } while( pxBlock != pxEnd );
 659              		.loc 1 486 25 view .LVU237
 660 001c 1B68     		ldr	r3, [r3]
 661              	.LVL44:
 474:Middlewares/FreeRTOS/Source/portable/MemMang/heap_4.c ****                 {
 662              		.loc 1 474 19 view .LVU238
 663 001e 9542     		cmp	r5, r2
 664 0020 38BF     		it	cc
 665 0022 1546     		movcc	r5, r2
 666              	.LVL45:
 479:Middlewares/FreeRTOS/Source/portable/MemMang/heap_4.c ****                 {
 667              		.loc 1 479 19 view .LVU239
 668 0024 9742     		cmp	r7, r2
 669 0026 28BF     		it	cs
 670 0028 1746     		movcs	r7, r2
 671              	.LVL46:
 672              		.loc 1 487 30 view .LVU240
 673 002a 9942     		cmp	r1, r3
 472:Middlewares/FreeRTOS/Source/portable/MemMang/heap_4.c **** 
 674              		.loc 1 472 24 view .LVU241
 675 002c 06F10106 		add	r6, r6, #1
 676              	.LVL47:
 474:Middlewares/FreeRTOS/Source/portable/MemMang/heap_4.c ****                 {
 677              		.loc 1 474 17 is_stmt 1 view .LVU242
 479:Middlewares/FreeRTOS/Source/portable/MemMang/heap_4.c ****                 {
 678              		.loc 1 479 17 view .LVU243
 486:Middlewares/FreeRTOS/Source/portable/MemMang/heap_4.c ****             } while( pxBlock != pxEnd );
 679              		.loc 1 486 17 view .LVU244
 680              		.loc 1 487 30 view .LVU245
 681 0030 F3D1     		bne	.L48
 682              	.LVL48:
 683              	.L47:
 488:Middlewares/FreeRTOS/Source/portable/MemMang/heap_4.c ****         }
 489:Middlewares/FreeRTOS/Source/portable/MemMang/heap_4.c ****     }
 490:Middlewares/FreeRTOS/Source/portable/MemMang/heap_4.c ****     ( void ) xTaskResumeAll();
 684              		.loc 1 490 5 view .LVU246
 685              		.loc 1 490 14 is_stmt 0 view .LVU247
 686 0032 FFF7FEFF 		bl	xTaskResumeAll
 687              	.LVL49:
 491:Middlewares/FreeRTOS/Source/portable/MemMang/heap_4.c **** 
 492:Middlewares/FreeRTOS/Source/portable/MemMang/heap_4.c ****     pxHeapStats->xSizeOfLargestFreeBlockInBytes = xMaxSize;
 688              		.loc 1 492 5 is_stmt 1 view .LVU248
 493:Middlewares/FreeRTOS/Source/portable/MemMang/heap_4.c ****     pxHeapStats->xSizeOfSmallestFreeBlockInBytes = xMinSize;
 689              		.loc 1 493 50 is_stmt 0 view .LVU249
 690 0036 C4E90157 		strd	r5, r7, [r4, #4]
 494:Middlewares/FreeRTOS/Source/portable/MemMang/heap_4.c ****     pxHeapStats->xNumberOfFreeBlocks = xBlocks;
ARM GAS  C:\Users\airforce\AppData\Local\Temp\ccFSvs2g.s 			page 25


 691              		.loc 1 494 5 is_stmt 1 view .LVU250
 692              		.loc 1 494 38 is_stmt 0 view .LVU251
 693 003a E660     		str	r6, [r4, #12]
 495:Middlewares/FreeRTOS/Source/portable/MemMang/heap_4.c **** 
 496:Middlewares/FreeRTOS/Source/portable/MemMang/heap_4.c ****     taskENTER_CRITICAL();
 694              		.loc 1 496 5 is_stmt 1 view .LVU252
 695 003c FFF7FEFF 		bl	vPortEnterCritical
 696              	.LVL50:
 497:Middlewares/FreeRTOS/Source/portable/MemMang/heap_4.c ****     {
 498:Middlewares/FreeRTOS/Source/portable/MemMang/heap_4.c ****         pxHeapStats->xAvailableHeapSpaceInBytes = xFreeBytesRemaining;
 697              		.loc 1 498 9 view .LVU253
 698              		.loc 1 498 49 is_stmt 0 view .LVU254
 699 0040 0C4B     		ldr	r3, .L51+8
 700 0042 1B68     		ldr	r3, [r3]
 701 0044 2360     		str	r3, [r4]
 499:Middlewares/FreeRTOS/Source/portable/MemMang/heap_4.c ****         pxHeapStats->xNumberOfSuccessfulAllocations = xNumberOfSuccessfulAllocations;
 702              		.loc 1 499 9 is_stmt 1 view .LVU255
 703              		.loc 1 499 53 is_stmt 0 view .LVU256
 704 0046 0C4B     		ldr	r3, .L51+12
 705 0048 1B68     		ldr	r3, [r3]
 706 004a 6361     		str	r3, [r4, #20]
 500:Middlewares/FreeRTOS/Source/portable/MemMang/heap_4.c ****         pxHeapStats->xNumberOfSuccessfulFrees = xNumberOfSuccessfulFrees;
 707              		.loc 1 500 9 is_stmt 1 view .LVU257
 708              		.loc 1 500 47 is_stmt 0 view .LVU258
 709 004c 0B4B     		ldr	r3, .L51+16
 710 004e 1B68     		ldr	r3, [r3]
 711 0050 A361     		str	r3, [r4, #24]
 501:Middlewares/FreeRTOS/Source/portable/MemMang/heap_4.c ****         pxHeapStats->xMinimumEverFreeBytesRemaining = xMinimumEverFreeBytesRemaining;
 712              		.loc 1 501 9 is_stmt 1 view .LVU259
 713              		.loc 1 501 53 is_stmt 0 view .LVU260
 714 0052 0B4B     		ldr	r3, .L51+20
 715 0054 1B68     		ldr	r3, [r3]
 716 0056 2361     		str	r3, [r4, #16]
 502:Middlewares/FreeRTOS/Source/portable/MemMang/heap_4.c ****     }
 503:Middlewares/FreeRTOS/Source/portable/MemMang/heap_4.c ****     taskEXIT_CRITICAL();
 717              		.loc 1 503 5 is_stmt 1 view .LVU261
 504:Middlewares/FreeRTOS/Source/portable/MemMang/heap_4.c **** }
 718              		.loc 1 504 1 is_stmt 0 view .LVU262
 719 0058 BDE8F840 		pop	{r3, r4, r5, r6, r7, lr}
 720              	.LCFI6:
 721              		.cfi_remember_state
 722              		.cfi_restore 14
 723              		.cfi_restore 7
 724              		.cfi_restore 6
 725              		.cfi_restore 5
 726              		.cfi_restore 4
 727              		.cfi_restore 3
 728              		.cfi_def_cfa_offset 0
 729              	.LVL51:
 503:Middlewares/FreeRTOS/Source/portable/MemMang/heap_4.c **** }
 730              		.loc 1 503 5 view .LVU263
 731 005c FFF7FEBF 		b	vPortExitCritical
 732              	.LVL52:
 733              	.L49:
 734              	.LCFI7:
 735              		.cfi_restore_state
 458:Middlewares/FreeRTOS/Source/portable/MemMang/heap_4.c **** 
ARM GAS  C:\Users\airforce\AppData\Local\Temp\ccFSvs2g.s 			page 26


 736              		.loc 1 458 39 view .LVU264
 737 0060 4FF0FF37 		mov	r7, #-1
 458:Middlewares/FreeRTOS/Source/portable/MemMang/heap_4.c **** 
 738              		.loc 1 458 25 view .LVU265
 739 0064 1D46     		mov	r5, r3
 458:Middlewares/FreeRTOS/Source/portable/MemMang/heap_4.c **** 
 740              		.loc 1 458 12 view .LVU266
 741 0066 1E46     		mov	r6, r3
 742 0068 E3E7     		b	.L47
 743              	.L52:
 744 006a 00BF     		.align	2
 745              	.L51:
 746 006c 00000000 		.word	xStart
 747 0070 00000000 		.word	pxEnd
 748 0074 00000000 		.word	xFreeBytesRemaining
 749 0078 00000000 		.word	xNumberOfSuccessfulAllocations
 750 007c 00000000 		.word	xNumberOfSuccessfulFrees
 751 0080 00000000 		.word	xMinimumEverFreeBytesRemaining
 752              		.cfi_endproc
 753              	.LFE77:
 755              		.section	.bss.xBlockAllocatedBit,"aw",%nobits
 756              		.align	2
 759              	xBlockAllocatedBit:
 760 0000 00000000 		.space	4
 761              		.section	.bss.xNumberOfSuccessfulFrees,"aw",%nobits
 762              		.align	2
 765              	xNumberOfSuccessfulFrees:
 766 0000 00000000 		.space	4
 767              		.section	.bss.xNumberOfSuccessfulAllocations,"aw",%nobits
 768              		.align	2
 771              	xNumberOfSuccessfulAllocations:
 772 0000 00000000 		.space	4
 773              		.section	.bss.xMinimumEverFreeBytesRemaining,"aw",%nobits
 774              		.align	2
 777              	xMinimumEverFreeBytesRemaining:
 778 0000 00000000 		.space	4
 779              		.section	.bss.xFreeBytesRemaining,"aw",%nobits
 780              		.align	2
 783              	xFreeBytesRemaining:
 784 0000 00000000 		.space	4
 785              		.section	.bss.pxEnd,"aw",%nobits
 786              		.align	2
 789              	pxEnd:
 790 0000 00000000 		.space	4
 791              		.section	.bss.xStart,"aw",%nobits
 792              		.align	2
 795              	xStart:
 796 0000 00000000 		.space	8
 796      00000000 
 797              		.section	.bss.ucHeap,"aw",%nobits
 800              	ucHeap:
 801 0000 00000000 		.space	10240
 801      00000000 
 801      00000000 
 801      00000000 
 801      00000000 
 802              		.text
ARM GAS  C:\Users\airforce\AppData\Local\Temp\ccFSvs2g.s 			page 27


 803              	.Letext0:
 804              		.file 2 "D:/stm32tools/arm-none-eabi-gcc/14.2.1-1.1.1/.content/lib/gcc/arm-none-eabi/14.2.1/includ
 805              		.file 3 "D:/stm32tools/arm-none-eabi-gcc/14.2.1-1.1.1/.content/arm-none-eabi/include/machine/_defa
 806              		.file 4 "D:/stm32tools/arm-none-eabi-gcc/14.2.1-1.1.1/.content/arm-none-eabi/include/sys/_stdint.h
 807              		.file 5 "Middlewares/FreeRTOS/Source/portable/GCC/ARM_CM3/portmacro.h"
 808              		.file 6 "Middlewares/FreeRTOS/Source/include/portable.h"
 809              		.file 7 "Middlewares/FreeRTOS/Source/include/task.h"
ARM GAS  C:\Users\airforce\AppData\Local\Temp\ccFSvs2g.s 			page 28


DEFINED SYMBOLS
                            *ABS*:00000000 heap_4.c
C:\Users\airforce\AppData\Local\Temp\ccFSvs2g.s:19     .text.prvInsertBlockIntoFreeList:00000000 $t
C:\Users\airforce\AppData\Local\Temp\ccFSvs2g.s:24     .text.prvInsertBlockIntoFreeList:00000000 prvInsertBlockIntoFreeList
C:\Users\airforce\AppData\Local\Temp\ccFSvs2g.s:118    .text.prvInsertBlockIntoFreeList:00000044 $d
C:\Users\airforce\AppData\Local\Temp\ccFSvs2g.s:795    .bss.xStart:00000000 xStart
C:\Users\airforce\AppData\Local\Temp\ccFSvs2g.s:789    .bss.pxEnd:00000000 pxEnd
C:\Users\airforce\AppData\Local\Temp\ccFSvs2g.s:124    .text.pvPortMalloc:00000000 $t
C:\Users\airforce\AppData\Local\Temp\ccFSvs2g.s:130    .text.pvPortMalloc:00000000 pvPortMalloc
C:\Users\airforce\AppData\Local\Temp\ccFSvs2g.s:424    .text.pvPortMalloc:000000ec $d
C:\Users\airforce\AppData\Local\Temp\ccFSvs2g.s:759    .bss.xBlockAllocatedBit:00000000 xBlockAllocatedBit
C:\Users\airforce\AppData\Local\Temp\ccFSvs2g.s:800    .bss.ucHeap:00000000 ucHeap
C:\Users\airforce\AppData\Local\Temp\ccFSvs2g.s:777    .bss.xMinimumEverFreeBytesRemaining:00000000 xMinimumEverFreeBytesRemaining
C:\Users\airforce\AppData\Local\Temp\ccFSvs2g.s:783    .bss.xFreeBytesRemaining:00000000 xFreeBytesRemaining
C:\Users\airforce\AppData\Local\Temp\ccFSvs2g.s:771    .bss.xNumberOfSuccessfulAllocations:00000000 xNumberOfSuccessfulAllocations
C:\Users\airforce\AppData\Local\Temp\ccFSvs2g.s:435    .text.vPortFree:00000000 $t
C:\Users\airforce\AppData\Local\Temp\ccFSvs2g.s:441    .text.vPortFree:00000000 vPortFree
C:\Users\airforce\AppData\Local\Temp\ccFSvs2g.s:527    .text.vPortFree:0000004c $d
C:\Users\airforce\AppData\Local\Temp\ccFSvs2g.s:765    .bss.xNumberOfSuccessfulFrees:00000000 xNumberOfSuccessfulFrees
C:\Users\airforce\AppData\Local\Temp\ccFSvs2g.s:534    .text.xPortGetFreeHeapSize:00000000 $t
C:\Users\airforce\AppData\Local\Temp\ccFSvs2g.s:540    .text.xPortGetFreeHeapSize:00000000 xPortGetFreeHeapSize
C:\Users\airforce\AppData\Local\Temp\ccFSvs2g.s:555    .text.xPortGetFreeHeapSize:00000008 $d
C:\Users\airforce\AppData\Local\Temp\ccFSvs2g.s:560    .text.xPortGetMinimumEverFreeHeapSize:00000000 $t
C:\Users\airforce\AppData\Local\Temp\ccFSvs2g.s:566    .text.xPortGetMinimumEverFreeHeapSize:00000000 xPortGetMinimumEverFreeHeapSize
C:\Users\airforce\AppData\Local\Temp\ccFSvs2g.s:581    .text.xPortGetMinimumEverFreeHeapSize:00000008 $d
C:\Users\airforce\AppData\Local\Temp\ccFSvs2g.s:586    .text.vPortInitialiseBlocks:00000000 $t
C:\Users\airforce\AppData\Local\Temp\ccFSvs2g.s:592    .text.vPortInitialiseBlocks:00000000 vPortInitialiseBlocks
C:\Users\airforce\AppData\Local\Temp\ccFSvs2g.s:605    .text.vPortGetHeapStats:00000000 $t
C:\Users\airforce\AppData\Local\Temp\ccFSvs2g.s:611    .text.vPortGetHeapStats:00000000 vPortGetHeapStats
C:\Users\airforce\AppData\Local\Temp\ccFSvs2g.s:746    .text.vPortGetHeapStats:0000006c $d
C:\Users\airforce\AppData\Local\Temp\ccFSvs2g.s:756    .bss.xBlockAllocatedBit:00000000 $d
C:\Users\airforce\AppData\Local\Temp\ccFSvs2g.s:762    .bss.xNumberOfSuccessfulFrees:00000000 $d
C:\Users\airforce\AppData\Local\Temp\ccFSvs2g.s:768    .bss.xNumberOfSuccessfulAllocations:00000000 $d
C:\Users\airforce\AppData\Local\Temp\ccFSvs2g.s:774    .bss.xMinimumEverFreeBytesRemaining:00000000 $d
C:\Users\airforce\AppData\Local\Temp\ccFSvs2g.s:780    .bss.xFreeBytesRemaining:00000000 $d
C:\Users\airforce\AppData\Local\Temp\ccFSvs2g.s:786    .bss.pxEnd:00000000 $d
C:\Users\airforce\AppData\Local\Temp\ccFSvs2g.s:792    .bss.xStart:00000000 $d
C:\Users\airforce\AppData\Local\Temp\ccFSvs2g.s:801    .bss.ucHeap:00000000 $d

UNDEFINED SYMBOLS
vTaskSuspendAll
xTaskResumeAll
vPortEnterCritical
vPortExitCritical
