:020000040800F2
:1000000000500020E9680008091300080B130008DD
:100010000D1300080F130008111300080000000062
:10002000000000000000000000000000E1420008A5
:100030001313000800000000414300088543000836
:100040003169000831690008316900083169000828
:10005000316900083169000815130008316900088A
:100060003169000831690008316900083169000808
:1000700031690008316900082113000831130008B4
:10008000411300083169000831690008316900082E
:1000900031690008316900083169000831690008D8
:1000A00031690008316900083169000831690008C8
:1000B00051130008316900083169000831690008EE
:1000C00031690008316900083169000831690008A8
:1000D00031690008611300087113000831690008D4
:1000E000316900083169000831690008000000002A
:1000F0000000000000000000000000000000000000
:0C01000000000000000000005FF808F1A3
:10011000034613F8012B002AFBD1181A0138704747
:100120004FF0FF0C1CEAD0521EBF1CEAD15392EADA
:100130000C0F93EA0C0F6FD01A4480EA010C4002B6
:1001400018BF5FEA41211ED04FF0006343EA501010
:1001500043EA5111A0FB01310CF00040B1F5000F52
:100160003EBF490041EAD3715B0040EA010062F101
:100170007F02FD2A1DD8B3F1004F40EBC25008BFEB
:1001800020F00100704790F0000F0CF0004C08BF09
:1001900049024CEA502040EA51207F3AC2BFD2F1D6
:1001A000FF0340EAC250704740F400004FF00003E4
:1001B000013A5DDC12F1190FDCBF00F0004070471E
:1001C000C2F10002410021FA02F1C2F1200200FA5C
:1001D00002FC5FEA310040F1000053EA4C0308BF23
:1001E00020EADC70704792F0000F00F0004C02BF74
:1001F000400010F4000F013AF9D040EA0C0093F0EF
:10020000000F01F0004C02BF490011F4000F013B48
:10021000F9D041EA0C018FE70CEAD15392EA0C0FB6
:1002200018BF93EA0C0F0AD030F0004C18BF31F021
:10023000004CD8D180EA010000F00040704790F0F7
:10024000000F17BF90F0004F084691F0000F91F09B
:10025000004F14D092EA0C0F01D142020FD193EA61
:100260000C0F03D14B0218BF084608D180EA0100E9
:1002700000F0004040F0FE4040F40000704740F0C5
:10028000FE4040F44000704781F0004102E000BFB2
:1002900083F0004330B54FEA41044FEA430594EA46
:1002A000050F08BF90EA020F1FBF54EA000C55EA81
:1002B000020C7FEA645C7FEA655C00F0E2804FEA52
:1002C0005454D4EB5555B8BF6D420CDD2C4480EA34
:1002D000020281EA030382EA000083EA010180EA64
:1002E000020281EA0303362D88BF30BD11F0004FB2
:1002F0004FEA01314FF4801C4CEA113102D04042E8
:1003000061EB410113F0004F4FEA03334CEA133322
:1003100002D0524263EB430394EA050F00F0A7803A
:10032000A4F10104D5F1200E0DDB02FA0EFC22FA35
:1003300005F2801841F1000103FA0EF2801843FA29
:1003400005F359410EE0A5F120050EF1200E012A1A
:1003500003FA0EFC28BF4CF0020C43FA05F3C01858
:1003600051EBE37101F0004507D54FF0000EDCF1D1
:10037000000C7EEB00006EEB0101B1F5801F1BD37A
:10038000B1F5001F0CD349085FEA30004FEA3C0C7E
:1003900004F101044FEA445212F5800F80F09A8074
:1003A000BCF1004F08BF5FEA500C50F1000041EB78
:1003B000045141EA050130BD5FEA4C0C404141EB7C
:1003C0000101013C28BFB1F5801FE9D291F0000F77
:1003D00004BF01460020B1FA81F308BF2033A3F126
:1003E0000B03B3F120020CDA0C3208DD02F1140C1D
:1003F000C2F10C0201FA0CF021FA02F10CE002F158
:100400001402D8BFC2F1200C01FA02F120FA0CFC50
:10041000DCBF41EA0C019040E41AA2BF01EB045199
:10042000294330BD6FEA04041F3C1CDA0C340EDC97
:1004300004F11404C4F1200220FA04F001FA02F3DA
:1004400040EA030021FA04F345EA030130BDC4F198
:100450000C04C4F1200220FA02F001FA04F340EA8D
:100460000300294630BD21FA04F0294630BD94F03E
:10047000000F83F4801306BF81F480110134013D25
:100480004EE77FEA645C18BF7FEA655C29D094EA96
:10049000050F08BF90EA020F05D054EA000C04BF14
:1004A0001946104630BD91EA030F1EBF00210020FF
:1004B00030BD5FEA545C05D14000494128BF41F09E
:1004C000004130BD14F580043CBF01F5801130BD02
:1004D00001F0004545F0FE4141F470014FF000008D
:1004E00030BD7FEA645C1ABF194610467FEA655C3E
:1004F0001CBF0B46024650EA013406BF52EA0335E0
:1005000091EA030F41F4002130BD00BF90F0000FCD
:1005100004BF0021704730B54FF4806404F1320409
:100520004FF000054FF0000150E700BF90F0000FC2
:1005300004BF0021704730B54FF4806404F13204E9
:1005400010F0004548BF40424FF000013EE700BFB9
:1005500042004FEAE2014FEA31014FEA02701FBF49
:1005600012F07F4393F07F4F81F06051704732F07B
:100570007F4208BF704793F07F4F04BF41F40021D2
:10058000704730B54FF4607401F0004521F0004130
:100590001CE700BF50EA010208BF704730B54FF0BA
:1005A00000050AE050EA010208BF704730B511F0BB
:1005B000004502D5404261EB41014FF4806404F1F3
:1005C00032045FEA915C3FF4D8AE4FF003025FEA79
:1005D000DC0C18BF03325FEADC0C18BF033202EBFD
:1005E000DC02C2F1200300FA03FC20FA02F001FA57
:1005F00003FE40EA0E0021FA02F11444BDE600BFFA
:1006000070B54FF0FF0C4CF4E06C1CEA11541DBFA8
:100610001CEA135594EA0C0F95EA0C0F00F0DEF873
:100620002C4481EA030621EA4C5123EA4C5350EA58
:10063000013518BF52EA033541F4801143F48013A9
:1006400038D0A0FB02CE4FF00005E1FB02E506F03A
:100650000042E0FB03E54FF00006E1FB03569CF08F
:10066000000F18BF4EF0010EA4F1FF04B6F5007F95
:1006700064F5407404D25FEA4E0E6D4146EB060607
:1006800042EAC62141EA55514FEAC52040EA5E5090
:100690004FEACE2EB4F1FD0C88BFBCF5E06F1ED83A
:1006A000BEF1004F08BF5FEA500E50F1000041EB71
:1006B000045170BD06F0004646EA010140EA02001E
:1006C00081EA0301B4EB5C04C2BFD4EB0C0541EA40
:1006D000045170BD41F480114FF0000E013C00F355
:1006E000AB8014F1360FDEBF002001F0004170BD79
:1006F000C4F10004203C35DA0C341BDC04F1140492
:10070000C4F1200500FA05F320FA04F001FA05F21D
:1007100040EA020001F0004221F0004110EBD370EA
:1007200021FA04F642EB06015EEA430E08BF20EA16
:10073000D37070BDC4F10C04C4F1200500FA04F3B9
:1007400020FA05F001FA04F240EA020001F000414B
:1007500010EBD37041F100015EEA430E08BF20EABE
:10076000D37070BDC4F1200500FA05F24EEA020E06
:1007700020FA04F301FA05F243EA020321FA04F035
:1007800001F0004121FA04F220EA020000EBD370EC
:100790005EEA430E08BF20EAD37070BD94F0000FEC
:1007A0000FD101F00046400041EB010111F4801F20
:1007B00008BF013CF7D041EA060195F0000F18BFD1
:1007C000704703F00046520043EB030313F4801F0D
:1007D00008BF013DF7D043EA0603704794EA0C0FC7
:1007E0000CEA135518BF95EA0C0F0CD050EA4106DD
:1007F00018BF52EA4306D1D181EA030101F000415A
:100800004FF0000070BD50EA410606BF1046194681
:1008100052EA430619D094EA0C0F02D150EA01368D
:1008200013D195EA0C0F05D152EA03361CBF1046CE
:1008300019460AD181EA030101F0004141F0FE416D
:1008400041F470014FF0000070BD41F0FE4141F4F1
:10085000780170BD70B54FF0FF0C4CF4E06C1CEAF1
:1008600011541DBF1CEA135594EA0C0F95EA0C0FA6
:1008700000F0A7F8A4EB050481EA030E52EA033561
:100880004FEA013100F088804FEA03334FF0805582
:1008900045EA131343EA12634FEA022245EA1115AF
:1008A00045EA10654FEA00260EF000419D4208BF60
:1008B000964244F1FD0404F5407402D25B084FEA0D
:1008C0003202B61A65EB03055B084FEA32024FF4B9
:1008D00080104FF4002CB6EB020E75EB030E22BF16
:1008E000B61A754640EA0C005B084FEA3202B6EBD6
:1008F000020E75EB030E22BFB61A754640EA5C0085
:100900005B084FEA3202B6EB020E75EB030E22BF14
:10091000B61A754640EA9C005B084FEA3202B6EB15
:10092000020E75EB030E22BFB61A754640EADC00D4
:1009300055EA060E18D04FEA051545EA16754FEA36
:1009400006164FEAC30343EA52734FEAC2025FEA54
:100950001C1CC0D111F4801F0BD141EA00014FF0E3
:1009600000004FF0004CB6E711F4801F04BF0143B4
:100970000020B4F1FD0C88BFBCF5E06F3FF6AFAED0
:10098000B5EB030C04BFB6EB020C5FEA500C50F160
:10099000000041EB045170BD0EF0004E4EEA1131E3
:1009A00014EB5C04C2BFD4EB0C0541EA045170BDEA
:1009B00041F480114FF0000E013C90E645EA060E2E
:1009C0008DE60CEA135594EA0C0F08BF95EA0C0F5C
:1009D0003FF43BAF94EA0C0F0AD150EA01347FF4A4
:1009E00034AF95EA0C0F7FF425AF104619462CE77B
:1009F00095EA0C0F06D152EA03353FF4FDAE1046DE
:100A0000194622E750EA410618BF52EA43067FF42E
:100A1000C5AE50EA41047FF40DAF52EA43057FF4BE
:100A2000EBAE12E74FF0FF3C06E000BF4FF0010CC9
:100A300002E000BF4FF0010C4DF804CD4FEA410C2D
:100A40007FEA6C5C4FEA430C18BF7FEA6C5C1BD0FA
:100A500001B050EA410C0CBF52EA430C91EA030F7B
:100A600002BF90EA020F0020704710F1000F91EAD8
:100A7000030F58BF994208BF90422CBFD8176FEAA6
:100A8000E37040F0010070474FEA410C7FEA6C5C74
:100A900002D150EA013C07D14FEA430C7FEA6C5C7B
:100AA000D6D152EA033CD3D05DF8040B704700BFA7
:100AB0008446104662468C461946634600E000BFF5
:100AC00001B5FFF7B7FF002848BF10F1000F01BDC7
:100AD0004DF808EDFFF7F4FF0CBF012000205DF892
:100AE00008FB00BF4DF808EDFFF7EAFF34BF012017
:100AF00000205DF808FB00BF4DF808EDFFF7E0FFB0
:100B000094BF012000205DF808FB00BF4DF808ED00
:100B1000FFF7CEFF94BF012000205DF808FB00BF67
:100B20004DF808EDFFF7C4FF34BF012000205DF849
:100B300008FB00BF4FEA410C7FEA6C5C02D150EA2F
:100B4000013C0AD14FEA430C7FEA6C5C02D152EAC5
:100B5000033C02D14FF0000070474FF00100704796
:100B60004FEA410212F5001215D211D56FF47873D5
:100B7000B3EB625212D94FEAC12343F0004343EA78
:100B8000505311F0004F23FA02F018BF4042704753
:100B90004FF00000704750EA013005D111F00040DD
:100BA00008BF6FF0004070474FF00000704700BF73
:100BB00080F0004002E000BF81F0004142001FBF12
:100BC0005FEA410392EA030F7FEA226C7FEA236C1B
:100BD0006AD04FEA1262D2EB1363C1BFD218414010
:100BE00048404140B8BF5B42192B88BF704710F0A6
:100BF000004F40F4000020F07F4018BF404211F049
:100C0000004F41F4000121F07F4118BF494292EAB0
:100C1000030F3FD0A2F1010241FA03FC10EB0C00DC
:100C2000C3F1200301FA03F100F0004302D5494269
:100C300060EB4000B0F5000F13D3B0F1807F06D316
:100C400040084FEA310102F10102FE2A51D2B1F10E
:100C5000004F40EBC25008BF20F0010040EA030003
:100C60007047490040EB0000013A28BFB0F5000F83
:100C7000EDD2B0FA80FCACF1080CB2EB0C0200FA39
:100C80000CF0AABF00EBC25052421843BCBFD04088
:100C90001843704792F0000F81F4000106BF80F402
:100CA00000000132013BB5E74FEA41037FEA226CC5
:100CB00018BF7FEA236C21D092EA030F04D092F090
:100CC000000F08BF0846704790EA010F1CBF0020C4
:100CD000704712F07F4F04D1400028BF40F0004021
:100CE000704712F100723CBF00F50000704700F041
:100CF000004343F0FE4040F4000070477FEA226268
:100D000016BF08467FEA23630146420206BF5FEA38
:100D1000412390EA010F40F4800070474FF0000338
:100D200004E000BF10F0004348BF40425FEA000CFF
:100D300008BF704743F0964301464FF000001CE0A7
:100D400050EA010208BF70474FF000030AE000BFFD
:100D500050EA010208BF704711F0004302D540423B
:100D600061EB41015FEA010C02BF844601460020AD
:100D700043F0B64308BFA3F18053A3F50003BCFAC8
:100D80008CF2083AA3EBC25310DB01FA02FC634475
:100D900000FA02FCC2F12002BCF1004F20FA02F27C
:100DA00043EB020008BF20F00100704702F120026F
:100DB00001FA02FCC2F1200250EA4C0021FA02F2D0
:100DC00043EB020008BF20EADC7070474FEA4002A4
:100DD000B2F1FE4F0FD34FF09E03B3EB12620DD969
:100DE0004FEA002343F0004310F0004F23FA02F0D3
:100DF00018BF404270474FF00000704712F1610F7A
:100E000001D1420205D110F0004008BF6FF0004050
:100E100070474FF00000704710B5054C237833B988
:100E2000044B13B10448AFF300800123237010BDBD
:100E3000DC01002000000000E0A1000808B5034B21
:100E40001BB103490348AFF3008008BD0000000058
:100E5000E0010020E0A1000830B585B0054600247F
:100E60000BE04FF40051164801F08CFD00231A46A8
:100E700019461448006802F0C4FE4FF0FF31124BCF
:100E8000186803F057F80128F7D1C8210D4B1868EE
:100E900003F050F80128F0D1684603F06EFE0028F8
:100EA000E4D10134002364226946284602F0A9FEF9
:100EB0000128D6D02146054806F012FBD6E700BF30
:100EC00000100140780400207404002020A20008D3
:100ED00070B58CB00546046846684FF0FF3208A92B
:100EE000204602F09FFF0128F7D1BDF92000B5F997
:100EF0000830C01AFFF716FF4FF06251FFF710F9E4
:100F00000190BDF92200B5F90A30C01AFFF70AFFB7
:100F10004FF06251FFF704F90290BDF92400B5F9D2
:100F20000C30C01AFFF7FEFE4FF06251FFF7F8F8E1
:100F30000390079B013307930023642201A93046E5
:100F400002F05FFE019A064B1A60029A054B1A6086
:100F5000039A054B1A60079A044B1A60BDE700BF5D
:100F6000700400206C040020680400206404002049
:100F7000F0B58DB00446002003F014FF274A00218D
:100F8000084603F05DFF2146254806F0A9FA002532
:100F900014E00598FFF7DCFA06460F460798FFF7BE
:100FA000D7FACDE902010698FFF7D2FACDE90001A0
:100FB00032463B4629461B4806F092FA4FF0FF3274
:100FC00005A9204602F02EFF0128F7D10135642142
:100FD000154B186802F0AEFF0128DAD1059A0121FD
:100FE000022003F049FF069A0121032003F044FF89
:100FF000079A0121042003F03FFF2846FFF78EFEE9
:1010000002466421042003F037FF00231A461946E4
:101010000548006802F0F5FDBBE700BF44A20008E8
:101020004CA2000868A200087804002008B541F22C
:10103000883002F039FA034806F0BAFA04F01CFDD1
:10104000F5E700BF94A20008034B0360034B0B605D
:1010500080231360704700BFF8030020F8010020D0
:1010600008B5024806F03CFA72B6FEE7ACA20008EA
:1010700008B50368B3F1804F00D008BD01F00AF84D
:10108000FBE772B6FEE710B590B006AC282200214F
:10109000204606F0F1FB002301930293039304938F
:1010A00005930223069301230A9310230B932046F2
:1010B00001F02CF860B90F230193002102910391F4
:1010C0000491059101A801F053FA18B910B010BDB0
:1010D000FFF7D7FFFFF7D5FF00B585B000F0C8FFD9
:1010E000FFF7D1FF03220021012002F05FFD684BD2
:1010F000186003F0CBF903F023FA03F01DFB03F0B3
:10110000F3FE03F037FA03F041FB03F07DFE03F03A
:10111000E0FC18B15F4806F04BFAFEE703F01DFD56
:1011200001465D4806F0DCF90023ADF80E30ADF85D
:101130000C30ADF80A300DF10A0203A90DF10E00D2
:1011400003F05AFD012002F0F7FD544B186000280F
:1011500074D000220E21082002F028FD504C20609F
:1011600000221C21042002F021FD4E4B1860236850
:10117000002B67D0002865D04B4C23606060BDF821
:101180000E202281BDF80C206281BDF80A20A281C8
:1011900000250195022600964FF480724349444889
:1011A00001F0C0FF0195009623464FF4807241493B
:1011B000414801F0B7FF019503230093394B1B68A9
:1011C0004FF480723D493E4801F0ACFF0195012388
:1011D00000932B464FF480723A493B4801F0A2FF3E
:1011E0003A4806F0E5F93A4806F0E2F9394806F0DF
:1011F000DFF94FF4FA6000F05FFF04F0C1F804F08B
:1012000021F8354806F0D4F904F004FB10B3334854
:1012100006F0CEF904F080FBC0B9314806F0C8F9F9
:101220000023304A1360304A1360304A1360304B59
:101230001D6004F05FFC04F01FFC11E02D4806F077
:10124000B7F9FEE72C4806F0B3F9FEE72B4806F0A5
:10125000AFF905E02A4806F0ABF904F05DFB28B1D0
:10126000284806F0A5F901F08FFFFEE71C4806F0BC
:101270009FF900231B4A13601B4A13601B4A13602B
:101280001B4B00221A6004F035FC04F0F5FBE7E785
:1012900074040020CCA20008F8A200087804002002
:1012A000800400207C0400205404002060A3000877
:1012B000590E00086CA30008D10E000878A300089E
:1012C000710F000884A300082D10000890A30008E7
:1012D000D4A3000824A400084CA400086CA40008AF
:1012E00084A40008700400206C040020680400201E
:1012F000640400201CA3000840A300089CA400086C
:10130000B8A40008E8A40008FEE7FEE7FEE7FEE751
:10131000FEE7704708B5012001F03EFB08BD000064
:1013200008B5024801F038FC08BD00BF9830002025
:1013300008B5024801F030FC08BD00BF5430002061
:1013400008B5024801F028FC08BD00BF103000209D
:1013500008B5024800F06EF808BD00BFC82F002095
:1013600008B5024800F036FC08BD00BF243100205B
:1013700008B5024800F02EFC08BD00BFDC3000209C
:1013800082B00E4B9A6942F001029A619A6902F0AA
:1013900001020092009ADA6942F08052DA61DB6958
:1013A00003F080530193019B054A536823F0E063E7
:1013B00043F00073536002B0704700BF001002405A
:1013C000000001407047000090F83D30012B27D10C
:1013D000022380F83D300268D36843F00103D360F4
:1013E0000368114A934210D0B3F1804F0DD0A2F59B
:1013F0009432934209D002F58062934205D01A6874
:1014000042F001021A60002070479A6802F0070259
:10141000062A07D01A6842F001021A6000207047BD
:101420000120704700207047002C01407047704732
:101430007047704770B504460368DE681D6915F093
:10144000020F10D016F0020F0DD06FF002021A61D9
:101450000123037703689B6913F0030F5ED0FFF746
:10146000E6FF0023237715F0040F12D016F0040FC7
:101470000FD023686FF004021A61022323772368D8
:101480009B6913F4407F4FD02046FFF7D0FF002325
:10149000237715F0080F12D016F0080F0FD023682D
:1014A0006FF008021A61042323772368DB6913F0C5
:1014B000030F40D02046FFF7BAFF0023237715F033
:1014C000100F12D016F0100F0FD023686FF010021B
:1014D0001A61082323772368DB6913F4407F31D036
:1014E0002046FFF7A4FF0023237715F0010F02D059
:1014F00016F0010F2DD115F0800F02D016F0800FDD
:101500002FD115F0400F02D016F0400F31D115F059
:10151000200F02D016F0200F33D170BDFFF786FFE9
:101520002046FFF785FF9CE72046FFF77FFF204618
:10153000FFF77EFFABE72046FFF778FF2046FFF777
:1015400077FFBAE72046FFF771FF2046FFF770FFED
:10155000C9E723686FF001021A612046FFF788FD92
:10156000C9E723686FF080021A61204600F081F815
:10157000C7E723686FF040021A612046FFF759FF62
:10158000C5E723686FF020021A61204600F070F86A
:10159000C3E7000003681F4A90420AD0B0F1804FB1
:1015A00007D0A2F59432904203D002F580629042B7
:1015B00003D123F070034A681343164A90420AD0BD
:1015C000B0F1804F07D0A2F59432904203D002F5DB
:1015D0008062904203D123F44073CA68134323F01E
:1015E00080034A69134303608B68C3620B6883629C
:1015F000084B98420AD001234361036913F0010F9D
:1016000003D0036923F00103036170470B6903638F
:10161000F1E700BF002C014040B310B5044690F83C
:101620003D30F3B1022384F83D30214651F8040BDC
:10163000FFF7B0FF012384F8463084F83E3084F889
:101640003F3084F8403084F8413084F8423084F8E8
:10165000433084F8443084F8453084F83D3000202D
:1016600010BD80F83C30FFF7ADFEDBE7012070478E
:1016700070477047026802F10C0353E8003F23F003
:10168000C0030C3242E800310029F3D1202380F856
:1016900041307047026802F10C0353E8003F23F425
:1016A00090730C3242E800310029F3D1026802F154
:1016B000140353E8003F23F00103143242E80031E1
:1016C0000029F3D1036B012B05D0202380F8423091
:1016D000002303637047026802F10C0353E8003FE4
:1016E00023F010030C3242E800310029F3D1ECE77B
:1016F00090F84130212B01D0022070478368B3F568
:10170000805F17D0036A5A1C02621A7803685A6015
:10171000C38C9BB2013B9BB2C3844BB90268D368B4
:1017200023F08003D3600268D36843F04003D360A2
:10173000002070470369002BE4D1036A1B8802680C
:10174000C3F308035360036A02330362E0E7000057
:1017500010B504460268136923F44053C1680B4373
:10176000136183680269134342691A430168CB68B5
:1017700023F4B05323F00C031343CB600268536986
:1017800023F4407381690B4353610268134B9A42FF
:1017900020D000F0A9FF024602EB820202EB820297
:1017A00063689B00B2FBF3F20D48A0FB02314909CC
:1017B000642303FB11231B013233A0FB03035B09EA
:1017C00003F0F00202EB011203F00F03216813444F
:1017D0008B6010BD00F098FF0246DDE70038014045
:1017E0001F85EB512DE9F04383B005460E461746A1
:1017F0009946DDF828802B681C6836EA04040CBF83
:1018000001240024BC4228D1B8F1FF3FF3D000F0FE
:101810004DFCA0EB0900404523D8B8F1000F22D0C1
:101820002B68DA6812F0040FE5D0802EE3D0402E4A
:10183000E1D01A6812F0080FDDD0002401941A6874
:1018400001925B680193019B2846FFF723FF082361
:101850006B6485F84040012000E0002003B0BDE843
:10186000F0830320FAE70320F8E760B310B50446DD
:1018700090F8413013B3242384F841302268D368B0
:1018800023F40053D3602046FFF762FF22681369F8
:1018900023F4904313612268536923F02A035361B0
:1018A0002268D36843F40053D3600020606420238F
:1018B00084F8413084F84230606310BD80F84030D5
:1018C00002F072FED7E7012070472DE9F04182B0A7
:1018D0001E4690F84130202B56D104460D469046C6
:1018E000002955D00AB901204FE000234364212389
:1018F00080F8413000F0DAFB0746A4F82480A4F811
:101900002680A368B3F5805F02D04FF0000814E092
:1019100023692BB34FF000080FE0202384F84130F7
:10192000032032E038F8023B2268C3F30803536017
:10193000E28C92B2013A92B2E284E38C9BB293B110
:1019400000963B46002280212046FFF74BFF0028EF
:10195000E3D1002DE6D015F8012B23685A60E7E7A4
:10196000A8460025E9E700963B4600224021204694
:10197000FFF738FF18B9202384F8413005E0202311
:1019800084F84130032000E0022002B0BDE8F0817D
:101990000120FAE738B590F84130202B30D10446C9
:1019A00000292FD00AB9012038BD01628284C28487
:1019B00000234364212084F84100A06B124D85620E
:1019C000A06B124DC562A06B114D0563A06B436304
:1019D00020681346021DA06B01F036F823686FF0F3
:1019E00040021A60226802F1140353E8003F43F0FA
:1019F0008003143242E800310029F3D10020D3E7FC
:101A00000220D1E70120CFE7151A00087D1A00084F
:101A10008B1A000808B50346406A1B681B6813F060
:101A2000200F1AD10023C384026802F1140353E883
:101A3000003F23F08003143242E800310029F3D143
:101A4000026802F10C0353E8003F43F040030C32FC
:101A500042E800310029F3D108BD03F0C1FAFBE7E9
:101A600008B50168CA6822F04002CA60202280F8E6
:101A7000412003F0B5FA002008BD704708B5406A60
:101A8000FFF7FBFF08BD7047704710B5446A236835
:101A90005B6994F84120212A0FD023685B6903F029
:101AA000400394F84220222A11D0636C43F01003C3
:101AB00063642046FFF7E8FF10BD03F08003002BAE
:101AC000EBD00023E3842046FFF7D4FDE5E7002BAD
:101AD000EBD00023E3852046FFF7DCFDE5E708B502
:101AE000406A0023C385C384FFF7CEFF08BD90F88A
:101AF0004230222B69D18368B3F5805F4FD0826A70
:101B0000B3F5805F04D0002B56D10369002B53D16D
:101B100003685B681370836A01338362C38D9BB271
:101B2000013B9BB2C385002B51D100B583B0026845
:101B3000D36823F02003D3600268D36823F4807352
:101B4000D3600268536923F001035361202380F8B6
:101B5000423000234363036B012B33D10023036323
:101B6000026802F10C0353E8003F23F010030C322B
:101B700042E800310029F3D103681A6812F0100F0F
:101B800006D0002201921A6801925B680193019BC2
:101B9000818D03F073FA002003B05DF804FB026945
:101BA000002AACD1826A03685B68C3F30803138020
:101BB000836A02338362B1E703685B6803F07F03E3
:101BC0001370A8E703F0B4FBE5E70220704700209C
:101BD0007047000010B582B0044602681368D068F0
:101BE000516913F00F0F09D113F0200F0CD010F032
:101BF000200F09D02046FFF77AFF16E011F001010F
:101C000015D110F4907F12D1216B012979D013F0F6
:101C1000800F03D010F0800F40F0138113F0400FBD
:101C200003D010F0400F40F0108102B010BD13F04F
:101C3000010F06D010F4807F03D0626C42F00102E5
:101C4000626413F0040F04D019B1626C42F0020216
:101C5000626413F0020F04D019B1626C42F0040206
:101C6000626413F0080F07D010F0200F00D119B1F3
:101C7000626C42F008026264626C002AD5D013F0F4
:101C8000200F02D010F0200F29D123685B6903F0E8
:101C90004003626C12F0080F00D163B32046FFF7D7
:101CA000F9FC23685B6913F0400F20D0226802F131
:101CB000140353E8003F23F04003143242E800319C
:101CC0000029F3D1E36B73B1624A5A63E06B00F011
:101CD00017FF0028A9D0E06B436B9847A5E7204683
:101CE000FFF705FFD1E72046FFF7CEFE9DE7204630
:101CF000FFF7CAFE99E72046FFF7C6FE002363649C
:101D000093E713F0100F82D010F0100F3FF47FAF65
:101D1000002301931368019353680193019B536956
:101D200013F0400F51D0E26B13685B689BB2002B3D
:101D30003FF47BAFA18D99427FF677AFE38593693E
:101D4000202B37D0226802F10C0353E8003F23F424
:101D500080730C3242E800310029F3D1226802F18D
:101D6000140353E8003F23F00103143242E800312A
:101D70000029F3D1226802F1140353E8003F23F055
:101D80004003143242E800310029F3D1202384F8C3
:101D9000423000232363226802F10C0353E8003F22
:101DA00023F010030C3242E800310029F3D1E06B3C
:101DB00000F084FE02236363A18DE38D9BB2C91AF8
:101DC00089B2204603F05AF92FE7A18DE38D9BB22B
:101DD000C91A89B2E38D9BB2002B3FF426AF0029CC
:101DE0003FF423AF226802F10C0353E8003F23F4D1
:101DF00090730C3242E800300028F3D1226802F1DF
:101E0000140353E8003F23F00103143242E800308A
:101E10000028F3D1202384F8423000232363226872
:101E200002F10C0353E8003F23F010030C3242E8A8
:101E300000300028F3D102236363204603F01EF92B
:101E4000F3E62046FFF754FCEFE62046FFF708FED6
:101E5000EBE600BFDF1A000808B5406A01234363C0
:101E6000036B012B02D0FFF70EFE08BD818D4908E0
:101E700003F004F9F9E708B50346406A1B681B68DC
:101E800013F0200F2BD10023C385026802F10C034D
:101E900053E8003F23F480730C3242E800310029FC
:101EA000F3D1026802F1140353E8003F23F0010369
:101EB000143242E800310029F3D1026802F1140320
:101EC00053E8003F23F04003143242E80031002978
:101ED000F3D1202380F84230036B012B07D000237D
:101EE0004363036B012B0FD003F022FA08BD026895
:101EF00002F10C0353E8003F23F010030C3242E8D8
:101F000000310029F3D1EAE7818D03F0B7F8EDE75E
:101F100081628285C28500234364222380F8423097
:101F2000036923B10268D36843F48073D360026805
:101F3000536943F0010353610268D36843F02003FF
:101F4000D3600020704708B590F84230202B08D1AC
:101F500049B10AB9012008BD00230363FFF7D8FF88
:101F6000F9E70220F7E70120F5E7000030B583B07C
:101F7000044613468162828500254564222280F84A
:101F80004220C26B1F489062E26B1F48D062E26B36
:101F90001E481063E26B556320680A46011DE06B22
:101FA00000F052FD019523681A6801925B68019365
:101FB000019B23695BB1226802F10C0353E8003FE7
:101FC00043F480730C3242E800310029F3D12268D7
:101FD00002F1140353E8003F43F00103143242E8D6
:101FE00000310029F3D1226802F1140353E8003FC5
:101FF00043F04003143242E800310029F3D10020BD
:1020000003B030BD771E0008591E00088B1A000867
:1020100090F84230202B27D110B582B0044629B366
:1020200012B9012002B010BD0123036300234363F2
:10203000FFF79CFF236B012B01D00120F2E7002367
:10204000019323681A6801925B680193019B2268DF
:1020500002F10C0353E8003F43F010030C3242E856
:1020600000310029F3D1DDE7022070470120D9E7D4
:1020700008B5074A136843F010031360032000F00B
:1020800061FE0F2002F0C6F9FFF77AF9002008BDC3
:1020900000200240034A1168034B1B780B44136075
:1020A000704700BF8404002000000020014B186826
:1020B000704700BF8404002038B50446FFF7F6FFE0
:1020C0000546B4F1FF3F02D0044B1B781C44FFF7D8
:1020D000EDFF401BA042FAD338BD00BF0000002036
:1020E00082B0084B1B68084AA2FB03235B0A00FB73
:1020F00003F3019300BF019B5A1E0192002BF9D1FB
:1021000002B0704708000020D34D6210002800F094
:10211000F18170B582B00446036813F0010F2CD032
:10212000994B5B6803F00C03042B1DD0964B5B6846
:1021300003F00C03082B12D06368B3F5803F41D045
:10214000002B55D103F1804303F504331A6822F4C0
:1021500080321A601A6822F480221A6037E08A4BB3
:102160005B6813F4803FE7D0874B1B6813F4003F94
:1021700003D06368002B00F0BF81236813F0020FC7
:1021800075D0814B5B6813F00C0F5FD07E4B5B68A2
:1021900003F00C03082B54D02369002B00F08A8035
:1021A0007A4B01221A60FFF781FF0546764B1B68C8
:1021B00013F0020F75D1FFF779FF401B0228F5D904
:1021C00003209EE1704A136843F480331360636810
:1021D00043B3FFF76BFF05466B4B1B6813F4003FDF
:1021E000CBD1FFF763FF401B6428F5D9032088E1BA
:1021F000B3F5A02F09D0644B1A6822F480321A601C
:102200001A6822F480221A60E1E703F18043A3F503
:102210003C331A6842F480221A601A6842F4803211
:102220001A60D4E7FFF742FF0546574B1B6813F4CB
:10223000003FA2D0FFF73AFF401B6428F5D90320E6
:102240005FE1514B5B6813F4803FA5D14E4B1B6897
:1022500013F0020F03D02369012B40F04F814A4A4B
:10226000136823F0F803616943EAC103136023682C
:1022700013F0080F33D0A369002B5CD0434B01222D
:10228000C3F88024FFF712FF05463F4B5B6A13F04B
:10229000020F21D1FFF70AFF401B0228F5D90320C6
:1022A0002FE1394A136823F0F803616943EAC10357
:1022B0001360DCE7354B00221A60FFF7F7FE054696
:1022C000314B1B6813F0020FD1D0FFF7EFFE401B1C
:1022D0000228F5D9032014E10120FFF701FF23684C
:1022E00013F0040F00F09680274BDB6913F0805F3A
:1022F00034D1254BDA6942F08052DA61DB6903F0B0
:1023000080530193019B0125214B1B6813F4807FAF
:1023100026D0E368012B3DD0002B53D103F180433D
:1023200003F504331A6A22F001021A621A6A22F0D3
:1023300004021A6233E0154B0022C3F88024FFF731
:10234000B5FE0546104B5B6A13F0020FC7D0FFF7CE
:10235000ADFE401B0228F5D90320D2E00025D3E7CB
:102360000B4A136843F480731360FFF79FFE064621
:10237000074B1B6813F4807FCBD1FFF797FE801BC0
:102380006428F5D90320BCE000100240000042425E
:10239000007000405F4A136A43F001031362E36870
:1023A00033B3FFF783FE06465A4B1B6A13F0020F46
:1023B0002FD1FFF77BFE801B41F288339842F3D97F
:1023C00003209EE0052B09D0524B1A6A22F001022D
:1023D0001A621A6A22F004021A62E0E74D4B1A6A86
:1023E00042F004021A621A6A42F001021A62D6E747
:1023F000FFF75CFE0646474B1B6A13F0020F08D03E
:10240000FFF754FE801B41F288339842F3D9032032
:1024100077E0E5B9E369002B72D03E4A526802F0DA
:102420000C02082A56D0022B17D03B4B00221A660A
:10243000FFF73CFE0446374B1B6813F0007F47D084
:10244000FFF734FE001B0228F5D9032059E0314A7A
:10245000D36923F08053D361DCE72F4B00221A6647
:10246000FFF724FE05462B4B1B6813F0007F06D0B8
:10247000FFF71CFE401B0228F5D9032041E0236A28
:10248000B3F5803F1AD023494B6823F47413226AB2
:10249000606A024313434B601F4B01221A66FFF729
:1024A00005FE04461B4B1B6813F0007F0ED1FFF79F
:1024B000FDFD001B0228F5D9032022E0154A5368D0
:1024C00023F40033A1680B435360DCE7002018E0DD
:1024D000002016E0012B16D00E4B5B6803F4803110
:1024E000226A914211D103F47013626A93420ED1B1
:1024F000002006E001207047012002E0012000E0FA
:10250000002002B070BD0120FBE70120F9E70120A7
:10251000F7E700BF00100240000042420F4B5B682B
:1025200003F00C02082A01D00D487047C3F3834220
:102530000C49885C13F4803F0BD0084B5B68C3F3F5
:102540004043094AD35C064A02FB00F0B0FBF3F0BB
:102550007047064B03FB00F0704700BF00100240BD
:1025600000127A00B0AB0008ACAB000800093D00D7
:10257000002800F0A08070B50D460446524B1B6841
:1025800003F007038B420BD24F4A136823F0070373
:102590000B431360136803F007038B4240F08D80F8
:1025A000236813F0020F17D013F0040F04D0474A2A
:1025B000536843F4E0635360236813F0080F04D0BA
:1025C000424A536843F460535360404A536823F0CF
:1025D000F003A1680B435360236813F0010F31D05F
:1025E0006368012B20D0022B25D0384A126812F0E4
:1025F000020F64D035494A6822F0030213434B604E
:10260000FFF754FD0646314B5B6803F00C0362682C
:10261000B3EB820F16D0FFF749FD801B41F28833E0
:102620009842F0D9032045E0284A126812F4003F8E
:10263000E0D101203EE0254A126812F0007FD9D196
:10264000012037E0204B1B6803F00703AB420AD997
:102650001D4A136823F007032B431360136803F02C
:102660000703AB422DD1236813F0040F06D0174A9D
:10267000536823F4E063E1680B435360236813F06D
:10268000080F07D0114A536823F46053216943EAC5
:10269000C1035360FFF742FF0C4B5B68C3F30313A6
:1026A0000B4AD35CD8400B4B18600B4B186801F0F9
:1026B000B1FE002070BD012070470120FAE7012023
:1026C000F8E70120F6E700BF0020024000100240BA
:1026D000C8AB00080800002004000020014B186867
:1026E000704700BF0800002008B5FFF7F7FF044B54
:1026F0005B68C3F30223034AD35CD84008BD00BF24
:1027000000100240C0AB000808B5FFF7E7FF044B1C
:102710005B68C3F3C223034AD35CD84008BD00BF43
:1027200000100240C0AB00080F2303600B4B5A6837
:1027300002F0030242605A6802F0F00282605A68B6
:1027400002F4E062C2605B68DB0803F4E0630361EB
:10275000034B1B6803F007030B6070470010024037
:102760000020024070B582B00024A4469EE07C4D5B
:10277000AB4214D00CD8A5F58015AB420FD005F5AF
:102780007025AB420BD0A5F58015AB421FD106E0FA
:10279000744DAB4203D005F58035AB4217D18B6841
:1027A000A3B1012B0DD04261082410E0CC680EE0EB
:1027B000CC6804340BE0CC68083408E0CC680C34F6
:1027C00005E00261082402E0002400E00424BEF1D8
:1027D000FF0F37D806464FEA8C0233680F25954025
:1027E00023EA050304FA02F2134333604B6813F043
:1027F000805F59D05C4B9A6942F001029A619B69F3
:1028000003F001030193019B4FEA9C02951C574B77
:1028100053F825600CF00305AD000F23AB4026EA0A
:102820000306534B984214D003F58063984279D045
:1028300003F58063984277D003F58063984206D011
:10284000042307E0061DACF108029200C5E703234C
:1028500000E00023AB4033430232444D45F82230C0
:102860004B6813F4801F61D0424A936843EA0E0319
:1028700093604B6813F4001F5ED03E4AD36843EA6E
:102880000E03D3604B6813F4003F5BD0394A5368A2
:1028900043EA0E0353604B6813F4803F58D0354A27
:1028A000136843EA0E0313600CF1010C0B6833FA52
:1028B0000CF253D0012202FA0CF203EA020E32EAC1
:1028C0000303F1D14B68122B3FF651AF122B3FF6A9
:1028D0007EAF01A555F823F09F270008AD2700081B
:1028E000B7270008C9270008CF270008CF2700080E
:1028F000CF270008CF270008CF270008CF270008E0
:10290000CF270008CF270008CF270008CF270008CF
:10291000CF270008CF270008CF270008B1270008DD
:10292000BD270008012395E7022393E7114A936826
:1029300023EA0E0393609CE70E4AD36823EA0E0352
:10294000D3609FE70B4A536823EA0E035360A2E764
:10295000084A136823EA0E031360A5E702B070BDAE
:102960000000221000003110001002400000014061
:1029700000080140000401400AB1016170470904E8
:1029800001617047C36801EA030221EA030141EAD9
:10299000024101617047000008B5054B5B690342C5
:1029A00000D108BD024B586102F072F9F9E700BF8F
:1029B0000004014030B40124056CAC40C56B6C6070
:1029C000046863604368102B05D00368996003684E
:1029D000DA6030BC704703689A600368D960F8E732
:1029E00050B310B402460168144B0B441448A0FBCA
:1029F00003031B099B001364124BD363022382F869
:102A0000213008686FF30D10536894682343D4682D
:102A10002343146923435469234394692343D469AA
:102A2000234303430B6000209063012382F821308D
:102A300082F8200010BC704701207047F8FFFDBFEE
:102A4000CDCCCCCC0000024038B5044690F8200034
:102A5000012831D0012084F8200094F821000128B9
:102A600004D0002384F82030022038BD022084F8EE
:102A700021000020A0632568286820F0010028605C
:102A80002046FFF797FFE36A5BB12268136843F0C3
:102A90000E0313602268136843F0010313600020E3
:102AA000E3E72268136823F00403136022681368C5
:102AB00043F00A031360EDE70220D6E7034690F8DF
:102AC0002120022A06D004228263002280F82020DE
:102AD0000120704701680A6822F00E020A6001684E
:102AE0000A6822F001020A60026CC06B012101FA3F
:102AF00002F2426083F82110002083F82000704722
:102B000008B590F82130022B03D004238363012001
:102B100008BD0268136823F00E031360026813688F
:102B200023F0010313600368194A934214D014324E
:102B300093421FD0143293421ED0143293421ED0BF
:102B4000143293421ED01432934202D04FF080725E
:102B500003E04FF4801200E001220E4B5A60012383
:102B600080F82130002380F82030436B6BB1984708
:102B70000020CDE71022F0E74FF48072EDE74FF42C
:102B80008052EAE74FF48032E7E70020C0E700BF59
:102B9000080002400000024038B5C36B1A680468A0
:102BA0002568016C04238B40134235D015F0040FC7
:102BB00032D0236813F0200F03D1236823F00403DD
:102BC00023600368434A934214D01432934218D0CE
:102BD0001432934217D01432934217D014329342D6
:102BE00017D01432934202D04FF0806203E04FF4CA
:102BF000800200E00422384B5A60C36A03B1984750
:102C000038BD4022F7E74FF48062F4E74FF480428A
:102C1000F1E74FF48022EEE702238B4013423CD0D1
:102C200015F0020F39D0236813F0200F06D1236866
:102C300023F00A032360012380F821300368254A2A
:102C4000934214D0143293421CD0143293421BD0BE
:102C5000143293421BD0143293421BD0143293424D
:102C600002D04FF0007203E04FF4001200E00222A5
:102C7000194B5A60002380F82030836A002BBFD0A4
:102C80009847BDE72022F3E74FF40072F0E74FF4D6
:102C90000052EDE74FF40032EAE708238B4013427D
:102CA000AED015F0080FABD0236823F00E032360DD
:102CB000026CC16B012303FA02F24A60836380F85D
:102CC0002130002380F82030036B002B98D09847E8
:102CD00096E700BF0800024000000240002808DB21
:102CE0000901C9B200F1604000F5614080F80013AD
:102CF000704700F00F000901C9B2014B1954704729
:102D000014ED00E000B500F00700C0F1070CBCF1C5
:102D1000040F28BF4FF0040C031D062B0FD9C31E50
:102D20004FF0FF3E0EFA0CF021EA000199400EFA36
:102D300003FE22EA0E0241EA02005DF804FB0023D2
:102D4000EEE70000074AD36823F4E0631B041B0C82
:102D5000000200F4E060034343F0BF6343F4003338
:102D6000D360704700ED00E010B50446054BD8680D
:102D7000C0F30220FFF7C6FF01462046FFF7AEFF73
:102D800010BD00BF00ED00E0002807DB00F01F02CF
:102D9000400901239340024A42F82030704700BFA7
:102DA00000E100E070470000074B1B681B6823B977
:102DB000064B4FF0FF321A607047034B1B68DB680D
:102DC0001A68024B1A607047F80400209004002033
:102DD0002DE9F04780460D4617469946089EDDF8D6
:102DE00024A00A9C9200A521206B04F045FD236BD2
:102DF00007F18042013A03EB820727F00707A5B3EA
:102E00004FF0000CBCF10F0F09D815F80C3004EB93
:102E10000C0282F8343013B10CF1010CF2E70023FC
:102E200084F843301F2E00D91F26E662E664002591
:102E30002565201D00F087FD04F1180000F083FDDA
:102E40002461C6F12006A6616462656584F8585065
:102E50004A464146384601F031FA2060BAF1000F87
:102E600001D0CAF80040BDE8F087002384F8343070
:102E7000D8E7000038B5002407E004EB8402930093
:102E80000E48184400F054FD01341F2CF5D90C4DA8
:102E9000284600F04DFD0B4C204600F049FD0A4845
:102EA00000F046FD094800F043FD094800F040FDF0
:102EB000084B1D60084B1C6038BD00BF2405002076
:102EC00010050020FC040020E0040020CC040020B9
:102ED000B4040020F8040020F404002010B50446D7
:102EE00001F010FA294A136801331360284B1B685C
:102EF0005BB1284B1B686BB9254B1B68DA6AE36A28
:102F00009A4207D8224B1C6004E0214B1C601368D6
:102F1000012B37D0204A1368013313606364E36ADE
:102F200001229A401D49086802430A601C4A03EBCB
:102F3000830302EB83035B68A3609868E060211D54
:102F400041609960E36A03EB8301880002EB810131
:102F5000616111580131115001F0E4F90D4B1B680A
:102F60007BB10B4B1B68DA6AE36A9A4209D24FF0D5
:102F7000E0234FF08052C3F8042DBFF34F8FBFF30F
:102F80006F8F10BDFFF776FFC4E700BFB0040020CD
:102F9000A4070020A404002094040020A80400201A
:102FA0002405002010B5044690F8593013B1012BC8
:102FB00007D010BD006B01F035F9204601F032F961
:102FC000F7E701F02FF9F4E70F4B1B68D3B110B509
:102FD00001F098F90D4BDB68DC68201D00F0CFFC98
:102FE0000B4A1368013B1360074A1368013B1360E7
:102FF00001F098F92046FFF7D5FF034B1B68002B23
:10300000E6D110BD704700BFC8040020CC040020EA
:10301000B004002008B5FFF7D7FF074B1B68012B52
:10302000F9D94FF0E0234FF08052C3F8042DBFF3DD
:103030004F8FBFF36F8FEEE72405002070B5044675
:103040000D46234B1E68234B1868043000F097FC94
:1030500048B9204B1B68DB6A01229A401E490B6865
:1030600023EA02030B60B4F1FF3F0DD03444194B47
:103070001B685C60A6421DD9184B1868154B19686F
:10308000043100F063FC70BD002DEFD0144A51688C
:10309000104B1868816018688C68C4601868043028
:1030A00060601868043088601B685A6113680133D7
:1030B0001360E8E70B4B1868064B1968043100F001
:1030C00045FC094B1B68A342DDD9074B1C60DAE7BE
:1030D000AC040020A4070020A8040020F404002071
:1030E000B4040020F80400209004002030B587B01C
:1030F0000B9D0C9C8CB185B12563022584F8595039
:1031000000250395029405AD01950A9D0095FFF7F2
:103110005FFE2046FFF7E2FE01E0002305930598DD
:1031200007B030BD2DE9F04385B007468846144608
:103130001E46900001F004F808B381465C2000F0C0
:10314000FFFF0546A8B1C0F83090002380F8593041
:10315000039302900D9B01930C9B009333462246F0
:1031600041463846FFF734FE2846FFF7B7FE0120F8
:1031700007E0484601F056F84FF0FF3001E04FF00D
:10318000FF3005B0BDE8F08310B588B00024059489
:10319000069407AA06A905A8FDF756FF059B02930A
:1031A000069B019300942346079A0F490F48FFF7A7
:1031B0009DFF0F4B186090B14FF0500383F31188BF
:1031C000BFF36F8FBFF34F8F0A4B4FF0FF321A6080
:1031D000094B01221A60094B1C6001F0FDF8084BF5
:1031E0001B6808B010BD00BF00A50008153000081E
:1031F0008C04002090040020A4040020AC040020D3
:10320000D8AB0008024A136801331360704700BF4F
:1032100088040020F8B54C4B1B68002B40F08D80D3
:103220004A4B1C6801341C60ACB1494B1B68A3427B
:103230001ED90020474B1B68DB6A03EB83039A000F
:10324000454B9B58012B00D90120444B1B68002B98
:1032500078D0012076E0424A1168424B186810602D
:103260001960414A136801331360FFF79DFDDCE7E5
:10327000002037E0364B4FF0FF321A60DAE7344B6C
:103280001A60D7E7D968516042E00021996211685D
:1032900001391160DA6A01219140344E37683943AF
:1032A00031602D4902EB82024FEA820C8C44DCF83B
:1032B00004209A609668DE6075609560DA6A02EBB9
:1032C000820C4FEA8C056E185E614D5901354FEA4C
:1032D0008C0C41F80C50DA6A1E4B1B68DB6A9A4270
:1032E00000D301201E4B1B681B68002BC2D01C4B57
:1032F0001B68DB68DB685A689442C0D35A699D68D2
:10330000D968A9609D684D6051681D1DA942B9D05A
:10331000002159611168013911609A6A002AB9D0F7
:10332000DE69196AB160DE694E60566803F1180102
:103330008E42AAD1196A5160A7E70D4A136801337A
:1033400013600020F8BD00BF88040020AC040020FA
:1033500090040020A4070020240500209C040020E5
:10336000F8040020F404002098040020A8040020A1
:10337000A004002038B500F0C5FF434B1A68013A9D
:103380001A601B68002B7AD1404B1B683BB90024A4
:1033900076E0196A516015E0D968516021E0002398
:1033A0003B4A1268002A47D0394BDB68DB689A6ACF
:1033B000D869196A8160D8694860506803F11801BA
:1033C0008842E6D0002199621168013911605A697A
:1033D0009868D9688160986848605168181D814272
:1033E000DAD000215961116801391160DA6A0121CE
:1033F0009140284C256829432160274902EB82022D
:1034000001EB820252689A609468DC6060609060B0
:10341000DA6A02EB8200840001EB800058610859EF
:1034200001300851D96A1D4A1268D26A9142B7D355
:103430001B4A01211160B3E70BB1FFF7B5FC194B33
:103440001C6884B9164B1C68D4B14FF0E0234FF0D0
:103450008052C3F8042DBFF34F8FBFF36F8F012449
:103460000EE0013C07D0FFF7D5FE0028F9D00C4B49
:1034700001221A60F5E70B4B00221A60E2E70024F4
:1034800000F050FF204638BD88040020B004002022
:10349000E0040020A804002024050020A407002048
:1034A0009C040020A004002010B550B94FF0E02388
:1034B0004FF08052C3F8042DBFF34F8FBFF36F8FCF
:1034C00010BD0446FFF79EFE00212046FFF7B6FD23
:1034D000FFF750FF0028F3D1E8E7000008B5264BBE
:1034E0001B681BB1254B01221A6008BD234B00222B
:1034F0001A60234B1B681B6B1A68B2F1A53F03D1FE
:103500005A68B2F1A53F26D01D4B186819683431AE
:10351000FDF7A6FD1B4B1B68B3FA83F3DBB2C3F1C7
:103520001F03194803EB83018A000244516849686C
:10353000516003EB830C4FEA8C0208320244914243
:1035400012D003EB83039A000F4B13445B68DA68D5
:103550000B4B1A60C9E79A68B2F1A53FD4D1DB687A
:10356000B3F1A53FD0D1D5E7486862469100064A3D
:103570000A445060E5E700BF880400209C04002056
:10358000A4070020A80400202405002010B50C4644
:10359000044B1968183100F0D9F901212046FFF7D2
:1035A0004DFD10BDA407002030B4C368DB689A6AE3
:1035B000D869196A8160D8694860516803F11800B8
:1035C00081423ED000219962116801391160274A79
:1035D0001268002A3BD15A699868D9688160986856
:1035E00048605168181D81422ED000215961116830
:1035F00001391160DA6A012191401D4C2568294387
:1036000021601C4902EB820201EB820252689A603F
:103610009468DC6060609060DA6A02EB820084008B
:1036200001EB80005861085901300851DA6A124BE9
:103630001B68DB6A9A4216D90120104B186030BC17
:103640007047196A5160BDE7D9685160CDE70C4AEF
:103650005168D9618C681C62606088609A621168E8
:1036600001311160E2E70020E9E700BF8804002093
:10367000A804002024050020A40700209C040020AA
:10368000E0040020034B1B680360034B1B6843608E
:10369000704700BF98040020AC04002070B50446B9
:1036A0000D4600F02FFE134B19686368C81A2A688C
:1036B000B2F1FF3F19D0104E3668D4F800C0B445BF
:1036C00005D08B4203D800232B6001240EE08242F8
:1036D00003D800232B60012408E05B1A13442B60FD
:1036E0002046FFF7CFFF002400E0002400F01AFE80
:1036F000204670BDAC04002098040020014B01223C
:103700001A6070479C040020054B1B6833B1054BC1
:103710001B680BB1002070470220704701207047E2
:10372000A404002088040020002854D070B504466A
:10373000C36A2B4A1268D26A934244D28269002A31
:1037400005DB274A1268D26AC2F1200282616169F0
:1037500003EB8303234A02EB8303994205D0204BFA
:103760001B68DB6AE362012070BD251D284600F05E
:1037700006F938B9E36A01229A401B490B6823EA2B
:1037800002030B60164B1B68DB6AE362012000FA40
:1037900003F215490E6832430A60124A03EB8303B1
:1037A00002EB83035B68A3609968E1604D609D60F4
:1037B000E36A03EB83018D0002EB810161615159E2
:1037C00001445151D0E7C26C054B1B68DB6A9A4239
:1037D00003D30020C8E7002070470120C4E700BFE2
:1037E000A407002024050020A804002000283AD0C7
:1037F00070B50446036D013B0365C16AC26C91421A
:1038000033D00BB1002070BD051D284600F0B7F87D
:1038100038B9E36A01229A4015490B6823EA02038A
:103820000B60E36CE362C3F12002A261012000FAA5
:1038300003F20F490E6832430A600E4A03EB83031A
:1038400002EB83035B68A3609968E1604D609D6053
:10385000E36A03EB83018D0002EB81016161515941
:1038600001445151CFE7002070470020CBE700BF53
:10387000A804002024050020002845D038B50446BF
:10388000C36C8B4200D20B46E26A9A4202D0216D91
:10389000012900D038BDE362A169002902DBC3F130
:1038A0002003A361616902EB8202184B03EB8203E0
:1038B0009942EFD1251D284600F061F838B9E36A36
:1038C00001229A4012490B6823EA02030B60E36A63
:1038D00001229A400E49086802430A600B4A03EB32
:1038E000830302EB83035B68A3609968E1604D602A
:1038F0009D60E36A03EB8301880002EB8101616153
:10390000115801311150C5E7704700BF2405002050
:10391000A8040020054B1B6823B1044B1A68136DE3
:1039200001331365014B1868704700BFA4070020DE
:1039300000F1080343604FF0FF328260C36003610F
:1039400000230360704700230361704730B40D68A3
:10395000B5F1FF3F11D000F108031C465B681A68FF
:10396000AA42FAD963684B6099608C606160086113
:1039700003680133036030BC70470469F2E70369F0
:10398000416882688A60416851605A68824206D004
:10399000002202611A68013A1A601868704782684A
:1039A0005A60F5E70346406A18B11B6B1868C0F10E
:1039B0002000704710B5044600F0A4FCA26BE36B36
:1039C0009A4204D0002400F0ADFC204610BD012432
:1039D000F9E710B5044600F095FCA36B23B9012468
:1039E00000F0A0FC204610BD0024F9E770B50446A5
:1039F0001546866B026C5AB903681BB1002001366C
:103A0000A66370BD8068FFF7F1FE0023A360F6E7B0
:103A10006DB9406804F00DF86368226C134463606C
:103A2000A268934219D3236863602846E7E7C06819
:103A300003F0FFFFE368226C51429B1AE3602268A7
:103A4000934202D2A3680B44E360022D01D0002010
:103A5000D5E726B1013E0020D1E72846CFE7002078
:103A6000CDE708B50346026C62B10846D968114437
:103A7000D960D3F808C0614501D31968D960D96805
:103A800003F0D7FF08BD38B5054600F03BFC95F8BC
:103A9000454064B201E0013C64B2002C0ADD6B6A6F
:103AA00043B105F12400FFF77FFD0028F3D0FFF7B5
:103AB00025FEF0E7FF2385F8453000F033FC00F0E9
:103AC00021FC95F8444064B201E0013C64B2002C52
:103AD0000ADD2B6943B105F11000FFF765FD0028F1
:103AE000F3D0FFF70BFEF0E7FF2385F8443000F03A
:103AF00019FC38BD002844D038B50D460446C36BC8
:103B0000002B40D0026C0021A2FB032313B919B192
:103B1000002039E00121FAE700F0F4FB2368E26BB2
:103B2000216C01FB0230A0600020A0636360013AB9
:103B300002FB0133E360FF2384F8443084F845300E
:103B4000B5B923691BB900F0EDFB01201CE004F1BD
:103B50001000FFF729FD0028F5D04FF0E0234FF0CB
:103B60008052C3F8042DBFF34F8FBFF36F8FEAE786
:103B700004F11000FFF7DCFE04F12400FFF7D8FE8B
:103B8000E1E700207047002038BD38B51D46049C91
:103B90000B4649B92460E063236401212046FFF706
:103BA000A9FF84F84C5038BD2260F4E7F0B583B02B
:103BB000F8B10C46174606460023A4FB0012B2B922
:103BC000DBB904FB06F010F1510F18D8503000F0AB
:103BD000B7FA054670B1002380F8463000903B46A6
:103BE00000F1500221463046FFF7CFFF02E00123EB
:103BF000E6E70025284603B0F0BD0025FAE70025DA
:103C0000F8E7F0B585B004460F4601921D46002640
:103C10003DE02A4639462046FFF7E8FE636A7BB955
:103C200048B14FF0E0234FF08052C3F8042DBFF3AA
:103C30004F8FBFF36F8F00F075FB012005B0F0BD13
:103C400004F12400FFF7B0FC0028F4D04FF0E0238B
:103C50004FF08052C3F8042DBFF34F8FBFF36F8F27
:103C6000E9E700F05FFB0020E8E702A8FFF70AFDA4
:103C7000012619E0002384F8443021E0002384F871
:103C8000453023E02046FFF7FEFEFFF773FB00F010
:103C900039FBA26BE36B9A42BBD3022DB9D0019BD7
:103CA000002BDED0002EE0D000F03CFBFFF7AAFA9C
:103CB00000F028FB94F8440040B2B0F1FF3FD9D0A7
:103CC00094F8450040B2B0F1FF3FD7D000F02AFB96
:103CD00001A902A8FFF7E2FCD8B92046FFF76AFE67
:103CE0000028CFD0019904F11000FFF74FFC2046C7
:103CF000FFF7C9FEFFF73EFB0028C8D14FF0E023D5
:103D00004FF08052C3F8042DBFF34F8FBFF36F8F76
:103D1000BDE72046FFF7B7FEFFF72CFB00208DE73D
:103D200048B108B5002181600160C1600B460A46B8
:103D3000FFF767FF08BD704710B50246002101205C
:103D4000FFF734FF0446FFF7EBFF204610BDF8B540
:103D5000044617461A46EFF311864FF0500383F3DB
:103D60001188BFF36F8FBFF34F8F806BE36B984267
:103D700005D3022A03D0002086F31188F8BD94F8F9
:103D800045506DB2A36B2046FFF730FEB5F1FF3F03
:103D900005D001356DB284F845500120ECE7636A27
:103DA0000BB90120E8E704F12400FFF7FDFB18B18F
:103DB00027B101203860DFE70120DDE70120DBE7E4
:103DC00038B5EFF311844FF0500383F31188BFF33C
:103DD0006F8FBFF34F8F826BC36B93421AD90D461F
:103DE00090F845305BB201328263B3F1FF3F05D0FA
:103DF00001335BB280F8453001200CE0436A0BB917
:103E0000012008E02430FFF7CFFB38B145B1012095
:103E1000286000E0002084F3118838BD0120FAE713
:103E20000120F8E7F0B585B004460F460192002660
:103E30003EE039462046FFF714FE013DA5632369A5
:103E400023B900F06FFA012005B0F0BD04F11000B5
:103E5000FFF7AAFB0028F4D04FF0E0234FF0805288
:103E6000C3F8042DBFF34F8FBFF36F8FE9E700F066
:103E700059FA0020E8E702A8FFF704FC012621E038
:103E8000002384F8443029E0002384F845302BE0F7
:103E90002046FFF7F8FDFFF76DFA09E02046FFF72F
:103EA000F2FDFFF767FA2046FFF793FD00283FD1A8
:103EB00000F028FAA56B002DBBD1019B002BD6D0BA
:103EC000002ED8D000F02EFAFFF79CF900F01AFA75
:103ED00094F844305BB2B3F1FF3FD1D094F8453051
:103EE0005BB2B3F1FF3FCFD000F01CFA01A902A8EA
:103EF000FFF7D4FB0028D1D12046FFF76AFD002848
:103F0000C6D0019904F12400FFF740FB2046FFF7DB
:103F1000BAFDFFF72FFA0028CAD14FF0E0234FF087
:103F20008052C3F8042DBFF34F8FBFF36F8FBFE7ED
:103F3000002089E770B584B004460191002635461B
:103F400049E0013BA363236833B1236943B900F01F
:103F5000E9F9012004B070BDFFF7DCFCA060F4E7D4
:103F600004F11000FFF720FB0028F0D04FF0E02311
:103F70004FF08052C3F8042DBFF34F8FBFF36F8F04
:103F8000E5E700F0CFF90020E4E702A8FFF77AFBAD
:103F900001252AE0002384F8443032E0002384F82D
:103FA000453034E000F0AEF9A068FFF7BDFB0646EF
:103FB00000F0B8F93BE02046FFF765FDFFF7DAF9BE
:103FC00009E02046FFF75FFDFFF7D4F92046FFF731
:103FD00000FD002842D100F095F9A36B002BB0D171
:103FE000019B002BCDD0002DCFD000F09BF9FFF727
:103FF00009F900F087F994F844305BB2B3F1FF3F60
:10400000C8D094F845305BB2B3F1FF3FC6D000F0A2
:1040100089F901A902A8FFF741FB0028D1D1204668
:10402000FFF7D7FC0028C6D02368002BBAD001992F
:1040300004F12400FFF7AAFA2046FFF724FDFFF75A
:1040400099F90028C7D14FF0E0234FF08052C3F810
:10405000042DBFF34F8FBFF36F8FBCE70EB9002065
:1040600078E700F04FF92046FFF79CFC0146A06876
:10407000FFF702FC00F056F9F1E70000124A12F0D7
:10408000070F1ED0D11D21F00701C1F520531344A5
:104090000A460E480260002141601344083B23F0A9
:1040A00007030B48036059601960991A5160136047
:1040B000084B1960084B1960084B4FF000421A601A
:1040C00070474FF42053E4E7C8070020C0070020E2
:1040D000BC070020B4070020B8070020A807002074
:1040E000154B1A461B688342FBD3516802EB010C47
:1040F000844509D0416800EB010C634509D0036099
:10410000904218D0106070474068014451601046DA
:10411000F0E710B4094C2468A3420AD05B68194444
:10412000416013681B680360904200D0106010BCAF
:1041300070470460F8E77047C0070020BC07002004
:1041400038B50446FFF75EF8304B1B68DBB1304BE7
:104150001B681C424AD1631E13F10A0F4BD804F1AD
:10416000080214F0070F05D022F00703083393422A
:1041700043D91A46002A42D0264B1B68934240D3AB
:1041800025490C6804E0FFF779FFE0E721461C466B
:104190006368934202D22368002BF7D11B4B1B6844
:1041A000A34230D00D68083523680B6063689B1A02
:1041B000102B15D8626817490B689B1A0B601749BA
:1041C00009688B4201D215490B60114B1B681343E0
:1041D000636000232360124A13680133136006E012
:1041E000A01843606260FFF77BFFE3E70025FFF75D
:1041F000C1F8284638BD0025F9E70025F7E7002576
:10420000F5E70025F3E70025F1E700BFBC07002034
:10421000A8070020B8070020C0070020B40700202E
:10422000B007002018B338B50446A0F1080550F8CF
:10423000043C0F4A1268134202D050F8081C01B126
:1042400038BD23EA020340F8043CFEF7DBFF54F8D4
:10425000041C084A13680B4413602846FFF740FF0C
:10426000054A136801331360FFF784F8E8E77047E5
:10427000A8070020B8070020AC07002082B0002368
:1042800001934FF0500383F31188BFF36F8FBFF397
:104290004F8F019B002BFCD002B07047064800688E
:1042A000006880F3088862B661B6BFF34F8FBFF332
:1042B0006F8F00DF00BF000008ED00E04FF080735B
:1042C00040F8043C21F0010140F8081C034B40F881
:1042D0000C3C40F8202C4038704700BF7D4200085D
:1042E000074B19680868B0E8F00F80F30988BFF33E
:1042F0006F8F4FF0000080F311884EF00D0E704765
:10430000A40700204FF0500383F31188BFF36F8F91
:10431000BFF34F8F024A136801331360704700BF29
:104320000C000020034A1368013B13600BB983F3B0
:10433000118870470C000020000000000000000001
:10434000EFF30980BFF36F8F0D4B1A6820E9F00F70
:1043500010602DE908404FF0500080F31188FFF7FE
:10436000BDF84FF0000080F31188BDE808401968DF
:104370000868B0E8F00F80F30988BFF36F8F7047CB
:10438000A407002008B54FF0500383F31188BFF352
:104390006F8FBFF34F8FFEF73DFF28B14FF0E02343
:1043A0004FF08052C3F8042D002383F3118808BD19
:1043B0004FF0E022002313619361054B1B68054910
:1043C000A1FB03139B09013B536107231361704752
:1043D00008000020D34D621010B54FF0E023D3F851
:1043E000202D42F47002C3F8202DD3F8202D42F086
:1043F0007042C3F8202DFFF7DBFF0024044B1C6044
:10440000FFF74CFFFFF76AF8FFF738FF204610BDB3
:104410000C00002000B589B0014600221C20FEF7E8
:10442000A3FC1C20FEF7B0FC154BDA6942F0010238
:10443000DA61DB6903F001030193019B02A903A880
:10444000FEF772F9FEF750F90E4BA3FB00239B0C0D
:10445000013B0D484FF08042026040F2E732C260FB
:104460004360002303618360FDF7D6F818B1012093
:1044700009B05DF804FB0448FCF7A6FFF8E700BFAD
:104480000010024083DE1B43C82F0020F0B589B026
:1044900004AD00240494059406940794244B9A696F
:1044A00042F010029A619A6902F010020092009A9A
:1044B0009A6942F020029A619A6902F02002019200
:1044C000019A9A6942F004029A619A6902F0040220
:1044D0000292029A9A6942F008029A619B6903F07B
:1044E00008030393039B134F22464FF46041384661
:1044F000FEF742FA4FF460430493012605960694B2
:104500000223079329463846FEF72CF904960A4BF6
:104510000593069429460948FEF724F92246052109
:104520000620FEF721FC0620FEF72EFC09B0F0BDA8
:10453000001002400010014000001110000801406E
:1045400008B50A480A4B03604FF4E1334360002387
:104550008360C36003610C2242618361C361FDF724
:1045600084F900B908BDFCF78CFDFBE7243100207D
:104570000038014008B50A480A4B03604FF4E133A4
:10458000436000238360C36003610C224261836146
:10459000C361FDF76AF900B908BDFCF772FDFBE7DE
:1045A000DC30002000440040F0B589B00446002310
:1045B00004930593069307930368554A934204D0E6
:1045C000544A93425ED009B0F0BD534B9A6942F40D
:1045D00080429A619A6902F480420092009A9A6934
:1045E00042F004029A619B6903F004030193019B6A
:1045F0004FF400730493022305930323079304AF3E
:10460000464E39463046FEF7ADF84FF480630493CA
:1046100000250595069539463046FEF7A3F8404833
:10462000404B03601023436085608023C3600561B5
:1046300045618561C561FEF7D3F9E8B9384BA363DD
:104640005C623948394B03600023436083608022F9
:10465000C260036143618361C361FEF7C1F970B950
:10466000314BE3635C62002211462520FEF77CFBA0
:104670002520FEF789FBA6E7FCF703FDDEE7FCF744
:1046800000FDEDE7244BDA6942F40032DA61DA69C1
:1046900002F400320292029A9A6942F004029A618C
:1046A0009B6903F004030393039B042304930223F5
:1046B00005930323079304AF184E39463046FEF79F
:1046C00051F8082304930025059506953946304690
:1046D000FEF748F81648174B036045608560802355
:1046E000C360056145618561C561FEF779F958B917
:1046F0000F4BE3635C62002204212620FEF734FBAB
:104700002620FEF741FB5EE7FCF7BBFCF0E700BFAD
:104710000038014000440040001002400008014001
:1047200098300020440002405430002058000240DD
:10473000103000206C00024000B583B0124B5A6963
:1047400042F001025A615B6903F001030193019B8E
:10475000002211460E20FEF707FB0E20FEF714FB89
:10476000002211460F20FEF7FFFA0F20FEF70CFB88
:10477000002211461020FEF7F7FA1020FEF704FB86
:1047800003B05DF804FB00BF0010024008B500F064
:104790000BF808BD034B986800F08000003818BF84
:1047A00001207047000C014010B584B00F4B1A680F
:1047B00022F001021A601A6822F001021A606946AA
:1047C00000230093019302930393C02300931123CA
:1047D000019303230393064C2046FDF7C3FF4023B8
:1047E00023618023236104B010BD00BF005400404A
:1047F000000C014084B0144B80221A610023019305
:1048000002E0019B01330193019B0E2BF9DD0E4B5E
:1048100040221A610023029302E0029B01330293BB
:10482000029B0E2BF9DD084B80225A610023039373
:1048300002E0039B01330393039B0E2BF9DD024B34
:1048400040225A6104B07047000C014084B0134B01
:1048500080225A610023019302E0019B01330193FE
:10486000019B0E2BF9DD0D4B40221A6100230293B0
:1048700002E0029B01330293029B0E2BF9DD074BF2
:1048800080221A610023039302E0039B0133039308
:10489000039B0E2BF9DD04B0704700BF000C0140F4
:1048A0000022072A36D884B025E01B4B80215961AD
:1048B0002BE0019B01330193019B0E2BF9DD164B7D
:1048C000402119610023029302E0029B013302930D
:1048D000029B0E2BF9DD104B4021596100230393FD
:1048E00002E0039B01330393039B0E2BF9DD01329E
:1048F000D2B2072A0CD8C2F1070340FA03F313F02F
:10490000010FD2D0044B8021196100230193D3E71A
:1049100004B07047704700BF000C014000B583B081
:104920000A4B80221A6140221A610023019302E09F
:10493000019B01330193019B0E2BF9DDFFF72AFF49
:10494000024B40225A6103B05DF804FB000C0140A9
:1049500082B040B10B4B80221A610A4B40221A618F
:104960000023019306E0074B80225A61F5E7019B83
:1049700001330193019B0E2BF9DD024B40225A615A
:1049800002B07047000C014070B582B00646174B6C
:1049900080221A61002425461AE0009B013300930F
:1049A000009B0E2BF9DDFFF7F5FE18B180232341A4
:1049B0002B43DDB20D4B40225A610023019302E0EC
:1049C000019B01330193019B0E2BF9DD0134E4B20D
:1049D000072C05D8054B40221A6100230093DFE71E
:1049E0003046FFF7B5FF284602B070BD000C01400D
:1049F00070B504460D461646FFF7FCFE640004F051
:104A0000FE00FFF74DFFFFF789FF78B92846FFF753
:104A100047FFFFF783FF70B93046FFF741FFFFF70D
:104A20007DFF044658B9FFF711FF02E0FFF70EFFC4
:104A30000124204670BDFFF709FF0124F9E7FFF7C5
:104A400005FF0124F5E7F8B504460F4616461D4656
:104A5000FFF7D0FE600000F0FE00FFF721FFFFF738
:104A60005DFFA8B93846FFF71BFFFFF757FF98B95E
:104A7000FFF7ECFEFFF7BEFE600040F00100C0B2A1
:104A8000FFF70EFFFFF74AFF074648B9044615E057
:104A9000FFF7DCFE012715E0FFF7D8FE012711E044
:104AA000FFF7D4FE01270DE0681E844214BF0020EA
:104AB0000120FFF769FF30550134E4B2AC42F3D373
:104AC000FFF7C4FE3846F8BD08B50123FFF7BBFF6A
:104AD00008BD00B583B00DF1070275216820FFF70E
:104AE000F3FFC0BB9DF80730682B03D0012003B053
:104AF0005DF804FB00226B216820FFF779FF08B105
:104B00000120F4E7312219216820FFF771FF08B175
:104B10000120ECE700221C216820FFF769FF08B1A3
:104B20000120E4E700221B216820FFF761FF08B1A4
:104B30000120DCE7102237216820FFF759FF08B178
:104B40000120D4E7012238216820FFF751FF002817
:104B5000CDD00120CBE70120C9E700B583B00DF12E
:104B6000070275216820FFF7AFFF18B1002003B0DE
:104B70005DF804FB9DF80700F9E710B584B0044622
:104B80000E236A463B216820FFF75DFF90BB9DF82E
:104B900000209DF8013043EA022323809DF8022083
:104BA0009DF8033043EA022363809DF804209DF8BA
:104BB000053043EA0223A3809DF806209DF80730C4
:104BC00043EA0223A3819DF808209DF8093043EAB7
:104BD0000223E3809DF80A209DF80B3043EA02236C
:104BE00023819DF80C209DF80D3043EA0223638158
:104BF00004B010BD0120FBE72DE9F04784B08046EA
:104C0000894692461F4802F0D3FC002425462646DA
:104C1000274603E00A20FDF74FFA0134632C10DC2D
:104C20006846FFF7AAFF0028F4D1BDF900301F4401
:104C3000BDF902301E44BDF90430A3F580431D4484
:104C4000E8E7114A82FB0731FB17C3EB6113A8F8B1
:104C5000003082FB0631F317C3EB6113A9F8003073
:104C600082FB0532EB17C3EB62131BB2AAF80030CC
:104C7000B9F90020B8F90010044802F031FC04B082
:104C8000BDE8F08708A500081F85EB5134A5000892
:104C9000012800D0704700B583B00023019301A91B
:104CA0000B4B1868FFF78CF8019B4BB14FF0E023DA
:104CB0004FF08052C3F8042DBFF34F8FBFF36F8FB7
:104CC0004FF480410348FDF75DFE03B05DF804FB3F
:104CD000740400200010014070B506460D46FFF731
:104CE00089FD7820FFF7DCFDFFF718FE88B900206A
:104CF000FFF7D6FDFFF712FE044668B9AC4211D2A9
:104D0000305DFFF7CDFDFFF709FE40B90134E4B295
:104D1000F4E7FFF79BFD70BDFFF798FDFBE7FFF79A
:104D200095FDF8E7FFF792FDF5E770B506460D46ED
:104D3000FFF760FD7820FFF7B3FDFFF7EFFD88B9BF
:104D40004020FFF7ADFDFFF7E9FD044668B9AC422E
:104D500011D2305DFFF7A4FDFFF7E0FD40B901344B
:104D6000E4B2F4E7FFF772FD70BDFFF76FFDFBE7FC
:104D7000FFF76CFDF8E7FFF769FDF5E700B583B0D5
:104D800050388DF8040001F00F038DF80530090943
:104D900010318DF80610032101A8FFF79DFF03B025
:104DA0005DF804FB10B5124B1B784BB1114B1B780F
:104DB00083420DD0002303E00F4AD0540133DBB20D
:104DC00013F0800FF8D00A4B01221A70094B1870AB
:104DD000002409E000212046FFF7D0FF802106488B
:104DE000FFF7A3FF0134E4B2072CF3D910BD00BFD5
:104DF000EC310020100000206C31002008B50020AC
:104E0000FFF7D0FF08BD000010B588B06420FDF7A3
:104E100053F90DF1040C094C0FCCACE80F0094E8E9
:104E20000700ACE80300ACF800201A2101A8FFF746
:104E300053FFFFF7E3FF08B010BD00BFF8A1000863
:104E400010B51446FFF79AFF09E0203800EB400048
:104E50000621084B03EB4000FFF767FF0134207881
:104E600030B1A0F12003DBB25E2BEED90134F6E7BE
:104E700010BD00BFDCAB000870B586B004460D461F
:104E800003AE1046FBF764FBCDE90001054A0C2197
:104E9000304602F095FB324629462046FFF7D0FF08
:104EA00006B070BD74A5000800B593B04FF0FF3296
:104EB00001A90A4B1868FEF7B5FF0128F6D1BDF825
:104EC000442001A90648FCF765FD0028EED14FF00B
:104ED000FF31044B1868FFF72DF8E7E77832002020
:104EE00024310020703200201A4B1B6803B1704738
:104EF00000B583B0032200210120FEF757FE164BB8
:104F0000186018B3002242211020FEF74FFE114B0B
:104F1000186048B100230193022200924FF480727E
:104F20000E490F48FEF7FEF8002242210820FEF746
:104F30003DFE0C4B186048B1002301930222009201
:104F40004FF4807208490948FEF7ECF803B05DF8A9
:104F500004FB00BF78320020703200207CA50008DE
:104F6000A94E00087432002084A5000841500008B2
:104F70002DE9F04192B088461646174B1B681BB1CD
:104F8000FEF7C2FB022824D04FF0FF33B2B24146F5
:104F90001248FCF79AFC304612B0BDE8F08101AF30
:104FA000224608EB0501384602F043FDADF84440C7
:104FB00000230A22394608480068FEF722FE01282D
:104FC000E9D12544AE42E6D9741B402CE7D94024F0
:104FD000E5E70025F6E700BF783200202431002005
:104FE00002680F4B9A4200D070470E4B1868002899
:104FF000FAD000B583B00023019301A9FEF7E0FECB
:10500000019B4BB14FF0E0234FF08052C3F8042DC9
:10501000BFF34F8FBFF36F8F03B05DF804FB00BF8A
:10502000003801407032002008B580220249034850
:10503000FCF7EEFF08BD00BFF03100202431002056
:1050400000B593B0FFF7F0FF4FF0FF3201A9094B15
:105050001868FEF7E7FE0128F6D1BDF84430483362
:105060006B44002203F8442C01A9034802F038FAEB
:10507000EAE700BF743200208CA5000802681D4BCF
:105080009A4200D07047F0B593B00E4681B31A4BE8
:105090001B686BB30024009411E001AF2A46174946
:1050A0002144384602F0C5FCADF8445000236A465E
:1050B000394611480068FEF74AFE2C44A4B2B442B7
:1050C00005D2351BADB2402DE7D94025E5E780225A
:1050D0000A490B48FCF79CFF009B4BB14FF0E023C3
:1050E0004FF08052C3F8042DBFF34F8FBFF36F8F83
:1050F00013B0F0BD0038014074320020F0310020C0
:10510000243100200C4B1B889BB293B10A4B1A88A8
:1051100092B20A4B1B889BB29A4206D0064B1B8860
:105120009BB2064A1380012070470020024B188072
:1051300070470120704700BF803200207E3200207F
:1051400008B54FF0FF33FCF7C0FB08BD08B5FCF70E
:10515000B3FF08BD08B54FF400720021034802F008
:105160008BFB034B00221A8008BD00BF8432002055
:105170008032002070B504460E46FAF7C9FF82B2AD
:1051800021460E48FFF7DCFFC82203E00A20FFF7A4
:10519000DDFF2246531EDCB272B1FFF7B3FF0546B6
:1051A0000028F3D13146064802F09DFB0028EDD0DF
:1051B000FFF7D0FF284670BD0125FBE7DC3000205B
:1051C0008432002070B588B005460C46FFF7C2FF58
:1051D0002346094A2021684602F0F2F90749684649
:1051E000FFF7C8FF08B108B070BD22462946044841
:1051F000FFF7A6FFF7E700BF98A50008A8A50008DD
:10520000DC30002010B5044606E00520FFF79EFFC5
:10521000631E9BB284B11C46FFF774FF0028F4D1D3
:105220000649074802F05FFB0028EED03A2102F061
:105230003AFB10B1013000E0002010BDACA5000821
:105240008432002000B5A3B0FFF784FF294802F0A4
:10525000AFF903E04FF4FA70FFF778FF26492748CB
:10526000FFF788FF0028F5D1254802F0A1F903E0F7
:105270004FF4FA70FFF76AFF1F492248FFF77AFFE1
:105280000028F5D1204802F093F903E04FF4FA70BA
:10529000FFF75CFF18491D48FFF76CFF0028F5D1A8
:1052A0001B4802F085F903E04FF4FA70FFF74EFF58
:1052B00011491848FFF75EFF0028F5D1164802F0A3
:1052C00077F9164B0093164B164A802102A802F07C
:1052D00077F903E04FF4FA70FFF738FF124902A89C
:1052E000FFF748FF0028F5D1104802F061F923B01C
:1052F0005DF804FBB4A50008C4A50008C8A5000813
:10530000D0A50008E0A50008E8A50008FCA5000855
:105310000CA6000820A6000830A6000864A6000815
:1053200040A600084CA6000870A6000878A6000851
:1053300008B502680D4B9A4200D008BD0C4B1B8883
:105340009BB2B3F5007F02D3094B00221A800849B3
:105350000B889BB25A1C92B20A8006490878064A0A
:10536000D05401220548FCF7EEFDE6E7004400407A
:10537000803200207C32002084320020DC3000208B
:1053800008B5012202490348FCF7DDFD08BD00BF56
:105390007C320020DC30002008B5FCF78DFE08BD13
:1053A0002DE9F0418AB00646FAF7B2FE002E00F071
:1053B000DA80C7B21B2F40F2D8800023BB420AD24A
:1053C000F15C03F128026A4402F8281C0022F2541E
:1053D0000133DBB2F2E728336B44002403F8284C96
:1053E00025466CE006EB05084046FAF791FE0346B9
:1053F0005F4A106848F803000335EDB25DE006EB44
:1054000005084046FAF784FE03465A4A106848F8F1
:1054100003000335EDB250E006EB05084046FAF70D
:1054200077FE0346544A106848F803000335EDB28E
:1054300043E006EB05084046FAF76AFE03464F4A8A
:10544000106848F803000335EDB236E006EB0508B6
:105450004046FAF75DFE0346494A106848F80300E3
:105460000335EDB229E006EB05084046FAF750FE99
:105470000346444A106848F803000335EDB21CE0C7
:1054800006EB05084046FAF743FE03463E4A10681D
:1054900048F803000335EDB20FE006EB050840467F
:1054A000FAF736FE0346394A106848F80300033518
:1054B000EDB202E072550135EDB20134E4B2BC4206
:1054C0004CD204F128036B4413F8282CA2F12003DA
:1054D0001F2BEFD801A151F823F000BFFF530008A4
:1054E000B5540008B554000867540008B5540008C6
:1054F0004D54000881540008B5540008B554000804
:10550000B5540008B5540008E5530008B554000828
:10551000B5540008B554000819540008B5540008E3
:10552000B5540008B5540008B5540008B554000837
:10553000B5540008B5540008B5540008B554000827
:10554000B5540008B5540008B5540008B554000817
:105550009B540008B55400083354000800207055CF
:105560000AB0BDE8F0810120FAE70120F8E700BFAA
:1055700088A600088CA6000890A6000894A600083B
:1055800098A600089CA60008A0A60008A4A60008EB
:105590002DE9F04FCDB01546BDF860619DF86471FE
:1055A00000224B920690002800F099800C46984605
:1055B0008346002900F095804F4B9D4240F2938036
:1055C000B8F1000F00F09380579B002B00F0918002
:1055D000772E01D8012087E00DF16C094FF0400AC9
:1055E00052460021484602F047F94046FAF790FD3E
:1055F000009043464BAA5146484600F03FFB4822E4
:10560000002109A802F038F9002F4AD0CDF808B0DF
:1056100001943A4B00932B46394A482109A801F0DE
:10562000CFFF0DF1AC084FF040094A46002140463B
:1056300002F022F90DF16C0A5046FAF769FD079065
:105640000DF1240B5846FAF763FD0346CDF80080B0
:105650005A460799504600F017FD00214B910DF175
:10566000EC0A4A46504602F007F94046FAF750FD68
:10567000009043464BAA4946504600F06DFA50460A
:10568000FFF78EFEDFB1CDF80CA01C4B0293019505
:105690000094069B1B4A3146579801F091FF002069
:1056A00022E0069B0393569B02930194134B0093B5
:1056B0002B46154A482109A801F082FFB1E73BAB10
:1056C00004930E4B03930295569B01930094069B03
:1056D0000E4A3146579801F073FF002004E0012084
:1056E00002E0012000E001204DB0BDE8F08F012074
:1056F000FAE70120F8E700BF9454415DC0A6000816
:10570000A8A60008E8A60008C8A6000820A7000868
:10571000F0B58DB004463549354B1868FAF700FDF1
:10572000FBF754FB0746334D0FCD20606160A2604C
:10573000E36028682061AA88AB79A282A37530262D
:1057400032460021684602F097F82B4A2B496846FA
:1057500001F06CFF6946204602F096F832460021BF
:10576000684602F089F802222549684601F05EFF8A
:105770006946204602F088F832460021684602F069
:105780007BF83A461F49684601F050FF69462046BB
:1057900002F07AF832460021684602F06DF80322E2
:1057A0001949684601F042FF6946204602F06CF84C
:1057B00032460021684602F05FF8642213496846C9
:1057C00001F034FF6946204602F05EF82046FAF701
:1057D0009FFC22180E4B19889B782152937020460B
:1057E000FAF796FCC0B20DB0F0BD00BF00007A44DD
:1057F0006804002068A7000880A7000888A70008A0
:105800009CA70008B4A70008CCA70008E4A70008DC
:10581000FCA7000870B5AEB000242E492E48FFF753
:10582000A9FC054668B101340A2C04DC4FF4FA7077
:10583000FFF7B2FDF1E7294801F0BAFE28462EB085
:1058400070BD01230393902302930AAE01960023B7
:105850000093234B234A24492448FFF799FE244C04
:10586000244B01930D2300933346234A4FF40071D8
:10587000204601F0A5FE2046FAF74AFC81B22046F8
:10588000FFF7A0FCFA20FFF7BDFCD8B11B4902F0DE
:105890002AF8C8B100230593194B019305AB009377
:1058A00006AB184A184901F0E3FE042801D001258F
:1058B0000BE0134B0093059B06AA1249134801F015
:1058C0000FFE02E0012500E0012511491148FFF714
:1058D00051FCB3E720A8000828A8000800A8000889
:1058E00058A8000800CF9D7488A8000894A8000854
:1058F0008434002030A90008A0A8000834A90008BA
:1059000084360020B436002040A900088CA9000885
:10591000C4A50008B4A9000870B5B2B000242E9444
:105920002F9430943194424E0394A023029306ABFB
:105930000193404D0095404B404A31464048FFF7A7
:1059400027FE324629463F4801F0CAFD3E493F48FE
:10595000FFF710FC054690B101340A2C08DC214603
:105960003B4801F0BDFD4FF4FA70FFF715FDEDE780
:105970002146384801F0B4FD284632B070BD2EAB48
:10598000059300230493039302930193012300934F
:105990004FF48073274A06A9254800F0B5FC00287B
:1059A00040D1BDF8BC102E98FFF70CFCFA20FFF791
:1059B00029FC044688B300F073FC022801D00125BD
:1059C0002CE0204600F0F2FD052821D8DFE800F0A9
:1059D00003070C11161B204801F0EAFD1EE01F48CA
:1059E00001F0E6FD012519E01D4801F0E1FD01256A
:1059F00014E01C4801F0DCFD01250FE01A4801F01D
:105A0000D7FD01250AE0194801F0D2FD012505E086
:105A1000174801F0CDFD012500E001252EA800F07A
:105A2000F6FBA9E7134801F0C3FD0125A4E700BF79
:105A300088A8000830A9000858A8000800CF9D7465
:105A400094A80008C4A9000820A8000828A80008F5
:105A500014AA0008E0A9000830AA00084CAA00080F
:105A60006CAA00088CAA0008ACAA0008CCAA0008FE
:105A7000E8AA000808AB000810B5C6B000214291A2
:105A800043914491459102AC4FF48072204601F05D
:105A9000F3FE2046FFF73CFE04B20CB946B010BD41
:105AA00042AB0093002322460F49104800F0FEFE4F
:105AB0000028F3D1002308E0439A511C439102A926
:105AC000C85C4299885401331BB2A342F4DBBDF891
:105AD0000C114298FFF776FB4399054801F000FD51
:105AE00042A800F094FBD9E730A9000888A8000874
:105AF0002CAB000870B596B012AD0024129413942C
:105B00001494159404AE03960F4B00930F4B104A58
:105B10003821304601F054FD31460E4801F0E0FCDA
:105B20000095012303AA2146142000F04BFD08B183
:105B300016B070BDBDF84C101298FFF743FB284615
:105B400000F065FBF4E700BF30A9000888A8000852
:105B500048AB000868AB00082DE9F043079FD7B1B8
:105B6000444DA5FB07456E0825F0010404EB5504E0
:105B70003C1B003C18BF012404EB5504B4F1804FDA
:105B80000CD2A40001348C420ED868B106EB460654
:105B90008446002538E00020106061E04FF0FF33BC
:105BA00013606FF029005BE014606FF0290057E08C
:105BB00093F80080597893F802E04FEA98092E4C48
:105BC00014F809908CF800904FEA081808F0300893
:105BD00008EB211808F03F0814F808808CF80180C1
:105BE000890001F03C0101EBAE1101F03F01615C65
:105BF0008CF802100EF03F0E14F80E108CF8031003
:105C000003350CF1040C0333B542D1D3BD4221D28C
:105C100019780135BD4225D25C788B08164EF35CAD
:105C20008CF800300B0103F0300303EB241303F076
:105C30003F03F35C8CF80130BD4215D2A40004F0A0
:105C40003C040CF10303315D8CF802109C463D23AB
:105C50000CF8013BACEB0000106000208CF8000059
:105C6000BDE8F0830024D8E70CF103033D218CF854
:105C70000210EBE7ABAAAAAA98AE00082DE9F04102
:105C800004460D4616469E460699002738463B4672
:105C90002EE0013301328B4204D21EF803C0BCF166
:105CA000200FF6D08B4235D0A1EB030CBCF1010FD5
:105CB00004D91EF803C0BCF10D0F1DD01EF803C09F
:105CC000BCF10A0F13D0002A7AD1BCF13D0F1BD0D2
:105CD0001CF0800F77D1404A12F80CC0BCF17F0F46
:105CE00074D0BCF13F0F01D8002F72D101300133C5
:105CF0008B420FD20022CEE70EEB030C9CF801C0C2
:105D0000BCF10A0FDAD1F2E70137022FE0D96FF0C8
:105D10002B0053E0A0B1C20802EB420100F0070CD7
:105D20000CEB4C0042000732D20802EB4102D21BBE
:105D300044B1AA4206D8A44600270325384615E0F8
:105D400030603BE032606FF0290037E0224A12F801
:105D50000820402A08BF013D02F03F0242EA8717AF
:105D60000130042811D0013B0EF1010E13B39EF84F
:105D70000080A8F10A02D2B2162AE7D8174921FA00
:105D800002F212F0010FE1D0EDE74DB1C7F3074287
:105D90000CF8012B012D09D9C7F307220CF8012BB0
:105DA000022D05D90CF8017B0020DCE70020DAE7A2
:105DB0000020D8E7ACEB040434600020BDE8F0819B
:105DC0006FF02B00FAE76FF02B00F7E76FF02B0076
:105DD000F4E76FF02B00F1E718AE0008090040006F
:105DE000132806DC0A4023EA010382EA030C60461A
:105DF0007047272803DC514081EA030CF7E73B2872
:105E000007DC82EA030C0CEA010C1A4082EA0C0C53
:105E1000EDE74F28EBDC514081EA030CE7E7000097
:105E2000132807DD272808DD3B2808DD4F2802DC82
:105E3000044B00E0044B18467047044BFBE7044B4F
:105E4000F9E700BFD6C162CA9979825AA1EBD96E2F
:105E5000DCBC1B8FC0F1200C012303FA0CF35A1E8B
:105E60005B420A4002FA00F00B4023FA0CF318439D
:105E7000704700002DE9F04FDFB005460846164692
:105E800001F10903C9001A46002B0EDB4FEAA21CE0
:105E90005A4203F03F0302F03F0258BF5342002B27
:105EA00001DD0CF1010C034605E003F13F02EDE7D3
:105EB0000022EA5401334FEA8C12B3EB8C1FF7DB5C
:105EC00080232B54531EE954931EC1F30720E8543A
:105ED000D31EC1F30740E854043A090EA954684B95
:105EE000599303F188335A9303F12943A3F5961389
:105EF000A3F68B635B93A3F188335C93614B5D9353
:105F00004FF0000BDA46CDF818C007967DE0A200EE
:105F100002EB8A12AB5C1B0609A941F824302A4423
:105F2000507803EB004341F82430907803EB0023D2
:105F300041F82430D278134441F8243001344F2CF6
:105F40001AD80F2CE3D9E31E09AE56F82330A4F17A
:105F5000080256F822205340A4F10E0256F82220DF
:105F60005340A4F1100256F8221059400120FFF7C7
:105F700071FF46F82400E1E759995A9A5B9B5C9FB0
:105F800000975D98019004469846934689460026FE
:105F9000CDF808A00391049205931FE0494605201F
:105FA000FFF758FF82463B46424659463046FFF7C8
:105FB00017FF8244A2443046FFF732FF504409AB3A
:105FC00053F8263003EB000A59461E20FFF742FF24
:105FD00001363C4647468046CB46D1464F2EDDD95A
:105FE000DDF808A00399049A059B09EB010059907C
:105FF0000BEB02015A9143445B93009B1F445C9757
:10600000019B1C445D940AF1010A069B9A4501DA42
:10601000002494E7079E599BF370C3F30722B270E4
:10602000C3F3074272701B0E33705A9BF371C3F3B4
:106030000722B271C3F3074272711B0E33715B9B6F
:10604000F372C3F30722B272C3F3074272721B0EDC
:1060500033725C9BF373C3F30722B273C3F307423B
:1060600072731B0E33735D9BF374C3F30722B27418
:10607000C3F3074272741B0E33745FB0BDE8F08F38
:1060800001234567F0E1D2C370B5ADF5B36D164697
:106090001D46DDF8A8454FF0000C07E00CF5B36392
:1060A0006B44002203F8402C0CF1010CBCF13F0FB3
:1060B000F4DD402920D003DC3F291BDD002130E046
:1060C0002246FFF7D7FE002306E0E15C03F5B3624A
:1060D0006A4402F8401C0133132BF6DDEEE710F89A
:1060E00003C003F5B3626A4402F840CC01338B422B
:1060F000F5DBE3E70023FAE700233F2BDEDCC15C9E
:1061000003F5B3626A4402F8401C0133F5E701F578
:10611000B3636B4413F8400C80F0360003F8800C36
:1061200001313F29F3DD002107E001F5B3636B4442
:1061300013F8802C16AB5A5401313F29F5DD0023AA
:1061400005E003F14002F05C16A988540133AB422C
:10615000F7DB224605F1400116A8FFF78BFE00236E
:106160000AE003F5B3620DEB020111F8402C82F056
:106170005C0201F8C02C01333F2BF2DD002307E065
:1061800003F5B3626A4412F8C01C01AAD15401336A
:106190003F2BF5DD002305E003F14002E05C01A99F
:1061A00088540133132BF7DD2246542101A8FFF751
:1061B00061FE0DF5B36D70BD38B504460D4603683C
:1061C0001BB102230373002318E001230373084665
:1061D000FDF7B6FF2060C8B100236360A56003E04F
:1061E00022680021D1540133A2689A42F8D80DE008
:1061F00022684FF0000C02F803C00133A2689A42F3
:10620000F6D800236360AA4200D2236038BD10B5DF
:106210000446037B012B05D0002323606360A36049
:10622000237310BD0068FDF7FDFFF5E7034601206D
:1062300004280CDCDAB203F07F0C81F800C0DB0923
:1062400007D062F07F0201F8012B0130F0E74FF038
:10625000FF307047002313604FF0010C8B421BDAB4
:1062600010B5C45C04F07F04D2F800E00CFB04E439
:106270001460C456002C0ADA4FEACC1CBCF5001F8F
:1062800007D201338B42ECDB4FF0FF3003E0581CA8
:1062900001E06FF0010010BD4FF0FF3070470000CB
:1062A00030B583B004782409631EDBB20D2B26D8E9
:1062B0000546032C02D0204603B030BD00230193D5
:1062C00001AA04210130FFF7C5FF431CE818019A19
:1062D000012A12D9297811F0010F0ED1E95C437817
:1062E00043EA012302339A4207D30649023001F000
:1062F000FAFA0028DFD00F24DDE7FF24DBE7FF24D4
:10630000D9E700BF84AB00082DE9F04F85B00190BC
:106310000F46164603939DF838509DF83CB0139CE9
:106320001046F9F7F5FE0290002E00F034810FFAC6
:1063300080FA00F111091FFA89F9FDB94FF0000840
:10634000109B7BB148F004081846F9F7E1FEC5B28E
:106350001198F9F7DDFE2B189BB24B449BB2043326
:106360001FFA83F9BBF1010F0BD0BBF1020F00F054
:10637000EB80BBF1000F06D00220E2E04FF00208F4
:10638000DEE748F00C08129B0BB148F02408019896
:10639000002800F00281002F00F0018148F0C00BBE
:1063A000F9F7B6FE05463846F9F7B2FE0544ADB238
:1063B0004D44ADB20435ADB229462046FFF7FCFE90
:1063C0002068002800F0ED802A46002101F054FAF0
:1063D00022686368591C61601021D1542168636888
:1063E0001944681FFFF722FF00B20028C0F2AF80F7
:1063F0006368184460602368421C626000221A547B
:10640000216863685A1C62600422CA542168636868
:10641000581C60604D20C85421686368581C606037
:106420005120C85420686368591C61605421C154CC
:10643000206863685D1C6560C15421686368581CEE
:106440006060CA5422686368591C616002F803B036
:1064500022686368591C61600398010AD15422685C
:106460006368591C6160D05422686368591C61607C
:10647000CAF30721D15422686368591C61600299EC
:10648000D1542068636852463146184401F018FA26
:1064900065685544656018F0040F34D0119B002BDB
:1064A0005AD01098F9F734FE86B223686A1C6260ED
:1064B000C0F307225A5522686368591C6160D054A2
:1064C0002068636832461099184401F0F9F965684C
:1064D000354465601198F9F71BFE86B223686A1C83
:1064E0006260C0F307225A5522686368591C6160D4
:1064F000D0542068636832461199184401F0E0F9DD
:106500006368334463601BF0800F28D13846F9F785
:10651000FFFD85B222686368591C6160C0F30721E2
:10652000D15422686368591C6160D0542068636844
:106530002A463946184401F0C3F963682B44636066
:10654000002005B0BDE8F08F48F014081BE7204696
:10655000FFF75DFE0520F4E7134B1193A1E7019EC1
:106560003046F9F7D5FD85B222686368591C616031
:10657000C0F30721D15422686368591C6160D0546C
:10658000206863682A463146184401F099F9636827
:106590002B446360BAE70120D3E70320D1E703204F
:1065A000CFE70420CDE700BF60A600084378022BA8
:1065B00004D18378012B03D8C0787047012070473D
:1065C000FF2070472DE9F047089D002867D08946D5
:1065D00017469846824600242646444509D257F875
:1065E000240000285ED0F9F793FD06440134E4B29C
:1065F000F3E708EB480131448C1C07312846FFF7CC
:10660000DBFD2B68002B4FD06A68511C696082212A
:10661000995429686B6819442046FFF707FE03B2B6
:10662000002B10DB6A6813446B602A68591C696090
:106630004FEA1A21D1542A686B68591C696002F824
:1066400003A0002427E02846FFF7E1FD042027E00F
:1066500057F82400F9F75CFD06462A686B68591C58
:106660006960C0F30721D1542A686B68591C6960BE
:10667000D05428686B68324657F82410184401F04B
:106680001FF96B6833446B602A68591C696002F813
:1066900003900134E4B24445DAD3002000E0012045
:1066A000BDE8F0870220FBE70320F9E72DE9F04F72
:1066B00085B000939DF83890DDF844800190002863
:1066C00000F0E6800E461746002500E00135745DB7
:1066D00034B1232C00F0E1802B2CF7D10224D8E038
:1066E0000F9B8BB930230293009BEB1803F1020A36
:1066F000B9F1010F0BD0B9F1020F00F08D80B9F1A3
:10670000000F0AD00324C4E031230293ECE7029A7D
:1067100042F00202029203F1040A002F00F093807B
:106720003B78022B7FD100231A460133B95C7D29C7
:10673000FAD1531D0393009AA3EB020BD3440BF140
:10674000030B59464046FFF737FDD8F800000028F4
:1067500000F0A5805A46002101F08EF8D8F80020FC
:10676000D8F80430591CC8F804100299D154D8F84C
:106770000010D8F8043019445046FFF757FD031EA7
:1067800071DBD8F804201344C8F80430D8F800208E
:10679000591CC8F80410C5F30721D154D8F80020BB
:1067A000D8F80430591CC8F80410D554D8F80000A3
:1067B000D8F804302A463146184401F081F8D8F858
:1067C00004302B44C8F80430B9F1000F0FD0D8F8CA
:1067D0000020591CC8F804100198010AD154D8F8B7
:1067E0000020D8F80430591CC8F80410D054002FE9
:1067F0004FD03B78022B3BD0D8F80000D8F80430BB
:10680000009D2A463946184401F013F9D8F804309F
:106810002B44C8F804303CE0029A42F00402029291
:1068200003F1040A79E70AF1050B59464046FFF7E0
:10683000C3FCD8F80000A0B35A46002101F01CF8B0
:10684000002303938AE70AF1050B59464046FFF7F8
:10685000B3FCD8F8000030B35A46002101F00CF820
:10686000002303937AE74046FFF7D1FC052410E0AC
:10687000D8F80000D8F80430039D2A463946184459
:1068800001F0D7F8D8F804302B44C8F8043000E001
:106890000124204605B0BDE8F08F0224F9E7042466
:1068A000F7E70424F5E70424F3E7000030B591B0DE
:1068B0000346144604AD00910A4A3021284600F0F0
:1068C0007FFE149B03930123029300220192009305
:1068D000234629460A20FFF7E9FE08B911B030BD6A
:1068E0000120FBE78CAB0008FCF75CFA0B480C4975
:1068F0000C4A002302E0D458C4500433C4188C421C
:10690000F9D3094A094C002301E013600432A24282
:10691000FBD301F059F8FAF7DFFB704700000020C5
:10692000DC010020C8B20008DC010020143800207F
:10693000FEE70000024B0146186800F025B800BFD2
:106940002000002070B50F4E0C463168054611B985
:1069500001F018F830602146284601F013F8431C76
:1069600003D14FF0FF34204670BDC41C24F0030453
:10697000A042F8D0211A284601F004F80130F2D1E3
:10698000EFE700BFC43600202DE9F843CD1C25F009
:10699000030508350C2D38BF0C25002D064601DBFC
:1069A000A94204D90C2333600020BDE8F883DFF846
:1069B000D48000F069F8D8F800301C4644BB294662
:1069C0003046FFF7BFFF431C044658D1D8F80040BB
:1069D0002746002F43D1002C4BD023683946304640
:1069E00004EB030900F0CEFF814542D12168304617
:1069F0006D1A2946FFF7A6FF01303AD023682B44D1
:106A00002360D8F800305A6862BBC8F800700FE005
:106A10002268521B20D40B2A17D96119A342256082
:106A200018BF5960636808BFC8F8001062514B6016
:106A3000304600F02FF804F10B00231D20F0070072
:106A4000C21A1CBF1B1AA350AFE76268A3420CBF57
:106A5000C8F800205A60EBE723466468AEE73C467E
:106A60007F68B6E71A465B68A342FBD100235360F8
:106A7000DEE70C233046336000F00CF894E7056045
:106A8000D6E700BFC8360020014800F0C2BF00BFF3
:106A90000C380020014800F0BDBF00BF0C380020BA
:106AA000002B2DE9F0471D46BBBF03F100431D46F7
:106AB00000232D2388B01446B8BF1446129A109EA6
:106AC0001370149BDDF84CA023F02008B8F1460F9A
:106AD00005D0B8F1450F00D10136022300E00323B1
:106AE00007AA049206AACDE902A2CDE90036224601
:106AF0002B4601F035F8B8F1470F074619D1119B25
:106B0000DB070ED500EB06090022002320462946AC
:106B1000F9F7DEFF08B1CDF81C903022079B4B45FA
:106B20001ED33846079B159ADB1B136008B0BDE8DF
:106B3000F087B8F1460F00EB0609E5D10378302B5A
:106B40000AD10022002320462946F9F7C1FF18B9CF
:106B5000C6F10106CAF80060DAF800309944D3E7BC
:106B6000591C07911A70D9E7F7B50029B6BF2D2334
:106B70002B23494209290270437029DD0DF10704D6
:106B800025460A27B1FBF7F6224607FB16133033DA
:106B900002F8013C0B46632B314604F1FF34F1DC73
:106BA0003031931E04F8011C1C46411CAB420AD331
:106BB0000DF109039B1AA54238BF0023821C134420
:106BC000181A03B0F0BD13F8016B01F8016FEDE77F
:106BD000302330318370C170031DF1E72DE9F04F90
:106BE00091B00C46DDF8688016461F46054600F059
:106BF00091FE036818460A93F9F78AFA00230E9368
:106C0000D8F8003094F818A0073323F00703F3E80E
:106C10000212D4F800B0CDE90812C8F800301346CB
:106C20000A46C4E91223DDE9088323F000490B90EA
:106C30004FF0FF32404649469B4BF9F77BFF70BB54
:106C40004FF0FF3240464946974BF9F755FF30BBAE
:106C5000DDE9080100220023F9F744FF10B12D23DC
:106C600084F84330914A924BBAF1470F8CBF90465B
:106C7000984603234FF0000923612BF0040323609F
:106C800033462146284600970FAA00F0D3F9013079
:106C900040F08F804FF0FF3011B0BDE8F08FDDE99C
:106CA000082310461946F9F745FF40B1099B814A70
:106CB000002BBCBF2D2384F843307F4BD4E763689F
:106CC0000AF0DF095A1C3ED10623636000224BF410
:106CD0008063236006920EAACDE904A20DAA039256
:106CE0000DF13302CDE90132636828460093DDE9F6
:106CF0000823FFF7D5FEB9F1470F80460D9929D13A
:106D0000C81C02DB63688B4241DAAAF1020A5FFA0F
:106D10008AFA5246013904F150000D91FFF724FF21
:106D20000E9A81461318012A236102DC2268D207D9
:106D300001D5013323619DF83330002BA0D02D23E2
:106D400084F843309CE7B9F1470FBFD1002BBDD188
:106D50000123BAE7BAF1650FDBD9BAF1660F18D192
:106D6000002963680BDD216113B92268D00702D5C1
:106D700001330B4423614FF00009A165DBE713B930
:106D80002268D20701D50233F4E70123F2E74FF07E
:106D9000670A0E9B8B4205DC23682161D807EAD580
:106DA0004B1CE7E70029CCBF0122C1F102021344CA
:106DB000E0E723685A0507D423694246314628464E
:106DC000B84701302BD165E7BAF1650F40F2DC809E
:106DD000D4E9120100220023F9F77AFE002833D00B
:106DE000012331462846354AB84701303FF452AFB7
:106DF000DDE90D38434502DB2368D8070FD5DDE90F
:106E00000A2331462846B84701303FF443AF4FF0DC
:106E1000000908F1FF3804F11A0AC84509DC2368A3
:106E20009B0700F10281E0680F9B9842B8BF1846AB
:106E300032E70123524631462846B84701303FF435
:106E400029AF09F10109E8E70D9B002B38DC01238C
:106E500031462846194AB84701303FF41BAFDDE9F7
:106E60000D3959EA030302D12368D907D7D5DDE9E3
:106E70000A2331462846B84701303FF40BAF4FF0A4
:106E8000000A04F11A0B0D9B5B42534501DC4B4693
:106E900093E701235A4631462846B84701303FF46C
:106EA000F9AE0AF1010AEEE7FFFFEF7FDDAF000860
:106EB000D9AF0008E5AF0008E1AF00086CB10008E9
:106EC000A36DDDF838A05345A8BF5346002B994663
:106ED00036DC4FF0000B29EAE97904F11A02A36DC0
:106EE0000893A3EB09035B4531DC0D9B9A453ADC23
:106EF0002368DA0737D40D9BAAEB0309089BAAEB9A
:106F000003039945A8BF9946B9F1000F33DC4FF050
:106F1000000829EAE97904F11A0B0D9BAAEB030397
:106F2000A3EB090343457FF77AAF01235A46314665
:106F30002846B84701303FF4ADAE08F10108ECE750
:106F4000424631462846B8470130C2D1A2E6012365
:106F5000314628460892B84701303FF49BAE089A64
:106F60000BF1010BBBE73146DDE90A232846B847A0
:106F70000130C0D18EE6089A4B463146284642443D
:106F8000B8470130C3D185E6DDF838A0BAF1010F6A
:106F900001DCDB0736D50123424631462846B84797
:106FA00001303FF477AEDDE90A2331462846B84781
:106FB00001303FF46FAED4E91201002200230AF140
:106FC000FF3AF9F785FDC0B9534608F10102314691
:106FD0002846B84701300CD15CE601235A463146B9
:106FE0002846B84701303FF455AE08F10108D045B6
:106FF000F3DB4B4604F15002E0E64FF0000804F1E9
:107000001A0BF4E701234246E1E701234A463146E1
:107010002846B84701303FF43DAE08F10108E36867
:107020000F995B1A4345F0DCFDE64FF0000804F1D0
:107030001909F4E72DE9F047164698468A680B6966
:1070400007469342B8BF1346336091F843200C467D
:10705000DDF820900AB1013333602368990642BFFE
:10706000336802333360256815F0060506D104F154
:10707000190AE36832689B1AAB422BDC94F8433060
:107080002268003B18BF0123920630D4414638469F
:1070900004F14302C847013023D02368226903F07A
:1070A0000603042B14BF002533684FF0000608BF09
:1070B000E56804F11A0408BFED1A54F8123C08BF41
:1070C00025EAE5759342C4BF9B1AED18B5421AD163
:1070D000002008E00123524641463846C8470130A7
:1070E00003D14FF0FF30BDE8F0870135C1E7302014
:1070F000E11881F843005A1C94F8451022440233E9
:1071000082F84310C2E70123224641463846C84769
:107110000130E6D00136D9E72DE9FF470F7E9146D1
:10712000782F80460C469A460C9E01F1430207D800
:10713000622F0AD8002F00F0D280582F00F0B780BD
:1071400004F1420684F842703AE0A7F16303152B7C
:10715000F6D801A151F823F0B1710008C5710008FB
:107160004171000841710008417100084171000837
:10717000C5710008417100084171000841710008A3
:1071800041710008C5720008EF7100087B720008A9
:107190004171000841710008E77200084171000860
:1071A000EF71000841710008417100088372000806
:1071B00033681A1D1B68326004F1420684F84230BD
:1071C00001239DE033682068191D3160060601D552
:1071D0001D6803E04506FBD5B3F90050002D03DA26
:1071E0002D236D4284F843300A23594810E021686A
:1071F0003368080653F8045B02D4490648BFADB2B1
:107200006F2F5348336059D10823002184F843106D
:107210006668002EA66005DB21682E4321F004017C
:1072200021604DD01646B5FBF3F103FB1157C75D46
:1072300006F8017D2F46BB420D46F4D9082B0BD131
:107240002368DF0708D5236961689942DEBF3023D0
:1072500006F8013C06F1FF36921B22614B4621469F
:107260004046CDF800A003AAFFF7E4FE01304CD160
:107270004FF0FF3004B0BDE8F087236843F02003EF
:1072800023607827334884F84570236831681F06E7
:1072900051F8045B02D45F0648BFADB23160D90734
:1072A00044BF43F0200323601DB11023ADE72848FD
:1072B000E9E7236823F020032360F6E70A23A4E725
:1072C0001646BBE733682568181D616930602E06D5
:1072D0001B6801D5196002E06806FBD51980002300
:1072E00016462361BAE7336800211A1D32601E6812
:1072F0006268304600F08FFB08B1801B60606368F5
:107300002361002384F84330A8E7324649464046CB
:107310002369D0470130ABD023689B0713D4E068C2
:10732000039B9842B8BF1846A4E70123324649465A
:107330004046D04701309BD00135E36803995B1A82
:10734000AB42F2DCEBE7002504F11906F5E700BFDC
:10735000E9AF0008FAAF0008002310B50446C0E901
:107360000033C0E90433836081814366C281836155
:10737000194608225C3000F07FFA0D4B24626362EC
:107380000C4BA3620C4BE3620C4B23630C4B9C42F3
:1073900006D003F16802944202D0D0339C4205D15A
:1073A00004F15800BDE8104000F032BB10BD00BF32
:1073B000C9760008EF760008277700084D770008A7
:1073C000CC360020024A0349034800F06BB800BFE6
:1073D000140000203D9B00082400002041680C4B55
:1073E00010B59942044601D002F0A8FBA168094BF0
:1073F000994202D0204602F0A1FBE168064B994277
:1074000004D02046BDE8104002F098BB10BD00BF7C
:10741000CC360020343700209C3700200C4B0D4A1E
:1074200010B504211A600C480022FFF795FF0A4BA3
:1074300001221C46092103F16800FFF78DFF04F1CA
:10744000D0000222BDE810401221FFF785BF00BF27
:1074500004380020C5730008CC360020014800F035
:10746000D8BA00BF0D380020014800F0D3BA00BFE1
:107470000D38002010B50446FFF7F0FF236A1BB15A
:10748000BDE81040FFF7F0BF044B2362044B1B68BC
:10749000002BF5D1FFF7C2FFF2E700BFDD73000854
:1074A000043800202DE9F843074688461446002694
:1074B000D4E90195B9F1010905D52468002CF7D16B
:1074C0003046BDE8F883AB89012B07D9B5F90E30FA
:1074D000013303D029463846C04706436835E9E7FB
:1074E0000FB407B5064904AB086853F8042B81684C
:1074F000019302F043F803B05DF804EB04B0704769
:1075000020000020036A70B505460E4684680BB95A
:10751000FFF7B0FF636EDB0705D4A389980502D49B
:10752000A06D00F076FAA389190702D52369002B14
:1075300035D12146284600F04BF980B34FF0FF3596
:10754000636EDA0705D4A3899B0502D4A06D00F011
:1075500061FA284670BD002B04DAA269934217DB5A
:107560000A2915D023685A1C22601970A36816F8DE
:10757000011F013BA3600029EDD1002B11DA224647
:107580000A21284600F0E6F80130D7D00A25D7E7CF
:107590002246284600F0DEF80130E7D1CEE7013E72
:1075A000E4E723685A1C22600A221A70EEE7000002
:1075B000024B01461868FFF7A5BF00BF200000205E
:1075C0000CB430B5184B0C1E1D689DB008DA8B2327
:1075D0004FF0FF302B601DB0BDE8304002B0704767
:1075E0004FF40273ADF814304FF000031B930CBF3F
:1075F000234604F1FF33049307934FF6FF73029081
:107600000690ADF81630284621AB209A02A90193C6
:1076100001F0B8FC431CBCBF8B232B60002CDAD0DC
:107620000022029B1A70D6E7200000200EB46FF0F3
:10763000004110B500249DB01FAB02900690079149
:1076400004910948094953F8042B0591006802A9DF
:1076500001931B9401F096FC029B1C701DB0BDE8C9
:10766000104003B0704700BF200000200802FFFF59
:107670000EB44FF4017270B500259DB021AC54F8E2
:10768000046BADF814201B9502900690F8F740FDAE
:107690000B4B03900B934FF6FF7307900948ADF81F
:1076A00016303246234602A900680F9514950194BE
:1076B00001F0BEFD1DB0BDE8704003B0704700BFD3
:1076C000EB7600082000002010B50C46B1F90E1032
:1076D00000F046F90028ABBF636DA3891B1823F4A3
:1076E0008053ACBF6365A38110BD002070472DE9B6
:1076F000F0411F468B890546DB050C46164605D52D
:1077000002230022B1F90E1000F018F9A3893246C5
:1077100023F48053A38128463B46B4F90E10BDE8FC
:10772000F04100F03FB910B50C46B1F90E1000F071
:1077300005F9B4F90C30421C0BBF23F4805343F419
:107740008053A381A38118BF606510BDB1F90E10ED
:1077500000F0E4B8F8B50E461446054618B1036AC1
:107760000BB9FFF787FEA369A360A3891A0701D5A8
:10777000236943B92146284600F02AF818B14FF092
:10778000FF373846F8BD23682269F6B2981A636954
:107790003746834205DC2146284602F0CFF900280F
:1077A000EDD1A368013BA36023685A1C22601E70C0
:1077B0006269431C9A4204D0A389DB07E1D50A2EF3
:1077C000DFD12146284602F0B9F90028D9D0D6E702
:1077D00038B5284B054618680C4618B1036A0BB932
:1077E000FFF748FEB4F90C301A0721D4D80607D4A5
:1077F00009222A6043F040034FF0FF30A38130E0BC
:10780000590712D5616B41B104F14403994202D08A
:10781000284600F08BFF002363630022B4F90C308C
:107820006260226923F02403226043F00803A381ED
:1078300022693AB99A0501D5180603D5214628468A
:1078400002F0C8F9B4F90C3013F001020AD000229A
:10785000A26062695242A261226942B913F08000BB
:10786000C8D138BD990758BF6269A260F4E700200B
:10787000F7E700BF2000002003460244934200D1F6
:10788000704703F8011BF9E7024610B51478134658
:107890000132002CFAD1013B11F8012B03F8012F22
:1078A000002AF9D110BD0346C9B2184613F8012BBE
:1078B00012B18A42F9D17047002918BF00207047E1
:1078C00030B50446257823460134002DFAD1013A1B
:1078D00004D311F8014B03F8014B04B930BD002A61
:1078E000F5D11A70F3E70A7870B56AB970BD9A429B
:1078F00009D10C46054614F8013F002BF6D015F8C7
:10790000016F9E42F7D001300378002BEFD118466B
:10791000ECE70000004870476001002038B5002304
:10792000054D044608462B6002F012FC431C02D1B0
:107930002B6803B1236038BD0838002038B50446F1
:10794000084611460022054D2A601A4602F028FC1E
:10795000431C02D12B6803B1236038BD08380020D6
:1079600038B50446084611460022054D2A601A46DD
:1079700002F01EFC431C02D12B6803B1236038BD0A
:107980000838002038B50023054D044608462B6012
:1079900002F016FC431C02D12B6803B1236038BDF2
:1079A0000838002038B50446084611460022054D27
:1079B0002A601A46FDF7DCFA431C02D12B6803B19A
:1079C000236038BD0838002070B500260C4D0D4BE3
:1079D0005B1B9C10A64209D1002602F001FC0A4D57
:1079E0000A4B5B1B9C10A64205D170BD55F8043BA9
:1079F00098470136EEE755F8043B98470136F2E721
:107A0000C0B20008C0B20008C0B20008C4B200088A
:107A1000704770477047034610B5C9B2024493429D
:107A2000184601D1002003E0047801338C42F6D1DE
:107A300010BD0A44914200F1FF3300D1704710B5E8
:107A400011F8014B914203F8014FF9D110BD2DE916
:107A5000F74F03690C690746A3427EDB013CA30094
:107A600000F1140501F11408009305EB8403019360
:107A700058F8243055F8242001339A42B2FBF3F62B
:107A800008EB84092ED34FF0000AC446AE46D34615
:107A90005CF8043B98B206FB00A01B0C020C06FB32
:107AA0000323DEF8002080B292B2121A5A44DEF8A4
:107AB00000004FEA134A9BB2C3EB224303EB10438F
:107AC00092B242EA0342E1454FEA234B4EF8042BBF
:107AD000DED2009BEB582BB9019B043B9D421A461A
:107AE0002FD33C61384601F0E1F8002825DB294618
:107AF000002058F8042BD1F800C01FFA82FE1FFAAC
:107B00008CF3A3EB0E030344120CC2EB234202EBF3
:107B10001C429BB243EA0243C1454FEA224041F86E
:107B2000043BE6D255F8242005EB840322B9043B3C
:107B30009D421A460BD33C610136304603B0BDE886
:107B4000F08F1268043B002ACBD1013CC6E71268D3
:107B5000043B002AEFD1013CEAE70020EEE70000F9
:107B60002DE9F04F16461F46C26999B08146CDE90E
:107B70000E67259C82B91020FEF7DCFE0246C9F88C
:107B80001C0020B9EF21A84BA84802F009F90023F6
:107B9000C0E901330360C360116859B10123526821
:107BA000484693404A608B6000F046FE0022D9F8B8
:107BB0001C301A60B7F10008B5BF01230023236011
:107BC00023609B4BBCBF28F00048CDF83C8033EAD3
:107BD00008031AD142F20F73249AC8F3130858EA23
:107BE0000608136000F07485269B53B9914B21E081
:107BF000914B03930833269A1360039819B0BDE89C
:107C0000F08F8C4B03930333F5E7DDE90E34CDE9B8
:107C10000A34DDE90A0100220023F8F759FF824601
:107C200050B10123249A1360269B13B1834B269AEB
:107C30001360834B0393E0E716AB019317AB0093FC
:107C40004846DDE90A2301F0E5F85FEA1854169D7D
:107C500004907BD0DDE90A010B9BA4F2FF34C3F34F
:107C6000130343F07F5343F44013CDF850A019465B
:107C70000022744BF8F70CFB65A3D3E90023F8F757
:107C8000BFFC65A3D3E90023F8F704FB06462046B2
:107C90000F46F8F74BFC62A3D3E90023F8F7B0FCDA
:107CA00002460B4630463946F8F7F4FA06460F46C8
:107CB000F8F756FF00228046002330463946F8F791
:107CC00011FF48B14046F8F731FC32463B46F8F721
:107CD000FFFE08B908F1FF38B8F1160F53D8DDE9F7
:107CE0000A01594B03EBC803D3E90023F8F7FAFE66
:107CF00000284AD0002308F1FF3811932D1B6B1E7A
:107D0000099349BF00230027C5F101070993B8F182
:107D1000000F3CDB099BCDF84080434409930023CE
:107D20000C93229B092B66D8052BC4BF043B2293DE
:107D3000229BC8BF0024A3F10203D8BF0124032B58
:107D400000F28680DFE803F05355362B179C2C4455
:107D500004F23243202BC1BFC3F1400308FA03F8F9
:107D600004F2124326FA03F3D6BFC3F1200348EA14
:107D7000030006FA03F0F8F7C9FB0122A1F1F8733A
:107D8000013C149273E70123B7E71190B6E7C8F1FD
:107D900000030C930023A7EB08071093C1E701230E
:107DA0000D93239B434408930133012B0593B8BFE4
:107DB000012306E001230D93239B002B4BDD089349
:107DC000059300210422D9F81C0002F114059D42FC
:107DD00001F1010644D94160484600F0EFFC0390F0
:107DE000002840D1024640F2AF11184BCCE60023E8
:107DF000E1E70023D4E7012400230D9422934FF000
:107E0000FF3300220893059312232392D9E700BF82
:107E100061436F63A787D23FB3C8608B288AC63F90
:107E2000FB799F501344D33F18B000082FB00008CF
:107E30000000F07F14B000080BB000086DB100081E
:107E40006CB100080000F83FF0B10008B1B00008C4
:107E500001230D93D3E701231A4608930593D4E732
:107E600031465200B1E7D9F81C30039A1A60059BDD
:107E70000E2B00F2A180002C00F09E80B8F1000FC4
:107E800036DD9F4B08F00F0203EBC20318F4807F2E
:107E90004FEA2815D3E900AB16D0DDE90A01994B6A
:107EA0000324D3E90823F8F7D5FCCDE9060105F052
:107EB0000F05944E75B9DDE9060152465B46F8F7A9
:107EC000C9FC82468B462DE0DDE90A34CDE9063453
:107ED0000224EEE7E90708D5D6E9002350465946C3
:107EE000F8F78EFB82468B4601346D100836E1E7C9
:107EF00000F0AD80DDE90A01C8F10005804B05F016
:107F00000F0203EBC203D3E90023F8F779FB022445
:107F100082468B4600237B4E2D11002D40F08C8035
:107F2000002BCED1119B002B00F0958000225046F3
:107F30005946754BF8F7D6FD002800F08C80059B5C
:107F4000002B00F08880089B002B35DD08F1FF3303
:107F500050465946069300226C4BF8F751FB824677
:107F60008B46089E01342046F8F7E0FA52465B46FD
:107F7000F8F746FB0022664BF8F78CF90446A1F1AE
:107F80005075CDE91245002E69D100225046594660
:107F9000604BF8F77DF922462B4682468B46F8F770
:107FA000BFFD002840F0998222465046594605F10F
:107FB0000043F8F797FD20BB179B002BC0F26581AB
:107FC000B8F10E0F00F361814D4B03EBC803D3E909
:107FD00000AB239B002B80F2EF80059B002B00F36E
:107FE000EB800ED100224B4B50465946F8F708FB68
:107FF00002460B46DDE90A01F8F77EFD002800F095
:108000006F8200252C46239B039EDB430693274665
:1080100000242946484600F00FFC002F00F0C280E3
:108020002CB1BC4203D02146484600F005FC39463D
:10803000484600F001FCB5E0EA0705D5D6E9002383
:10804000F8F7DEFA012301346D10083665E70224E3
:10805000DDE90AAB66E7059ECDF8188083E7284B7B
:1080600003EBC60353E902010D9B002B56D00246D9
:108070000B4600202849F8F7EDFBDDE91223F8F75D
:1080800007F9039BCDE912019D191E46594650463A
:10809000F8F766FD0446F8F749FA02460B465046E3
:1080A0005946F8F7F5F8DDE91223303406F8014BAC
:1080B00082468B46F8F716FD002873D152465B4680
:1080C00000201149F8F7E4F8DDE91223F8F70AFD7A
:1080D000002840F0BB80AE423FF46EAFDDE91201F4
:1080E00000220A4BF8F78CFA0022CDE91201074B67
:1080F00050465946F8F784FA82468B46C6E700BFD9
:10810000F0B10008C8B100080000F03F00002440B2
:1081100000001C40000014400000E03FDDE9122395
:10812000F8F76EFA039BCDE912013344039D1593D2
:1081300059465046F8F714FD0446F8F7F7F90B4690
:10814000024659465046F8F7A3F83034159B05F817
:10815000014B9D4282468B4627D1DDE91201039BEC
:1081600000221E44B54BF8F795F802460B465046E0
:108170005946F8F7D5FC002868D1DDE91223002024
:10818000AE49F8F785F802460B4650465946F8F7CF
:10819000A9FC00283FF410AF334616F8012D302A11
:1081A000FAD01E46DDF818803EE00022A44BF8F716
:1081B00027FA82468B46BBE70024039EA04D524619
:1081C000DDE90A015B46F8F745FBF8F7C9FC07460D
:1081D000F8F7ACF952465B46F8F712FA02460B463E
:1081E000DDE90A01F8F754F807F1300C06F801CB85
:1081F000DDF80CC0DDF814E0A6EB0C0CE6450246F9
:108200000B4633D1F8F746F852465B4604460D4616
:10821000F8F786FCC0B952465B4620462946F8F777
:1082200057FC08B1FB070FD44846049900F004FB43
:108230000023249A337008F101031360269B002B5E
:108240003FF4DBAC1E60D8E4CDF8188033461E4600
:1082500013F8012D392A06D1039A9A42F7D1069ACA
:1082600001320692302201321A709BE722462B46D9
:10827000F8F7C6F902460B46CDE90A23002200238F
:10828000F8F726FC00289AD0CEE70D9A002A00F0D5
:10829000E380229A012A00F3C280149A002A00F097
:1082A000BA8003F233430C9D3E46099A01211A44D9
:1082B00048461F44099200F073FB044656B1099BDF
:1082C000002B07DDB342A8BF3346099AFF1AF61AFE
:1082D000D31A09930C9B0BB30D9B002B00F0C380AA
:1082E000002D00F0BD8021462A46484600F016FCCD
:1082F000049A01460446484600F068FB0499824609
:10830000484600F099FA0C9B5B1B0C9300F0AE8082
:1083100051460C9A484600F001FC04900121484661
:1083200000F03EFB109B0546002B00F0D8811A465A
:108330000146484600F0F2FB229B0546012B00F364
:108340009D800E9B002B40F094800F9BC3F3130382
:10835000002B40F08E800F9B23F000431B0D1B056C
:10836000002B00F089804FF0010A099B013701338F
:108370000993109B002B00F0B8812B6905EB830358
:10838000186900F0C1FAC0F12000099B184410F0F0
:108390001F007ED0C0F12003042B72DD099BC0F1C9
:1083A0001C000344074406440993002F05DD3A46A8
:1083B0004846049900F00EFC0490099B002B05DD53
:1083C00029461A46484600F005FC0546119B002B3D
:1083D00061D02946049800F069FC00285BDA08F1B6
:1083E000FF3306930A2200234846049900F046FA18
:1083F0000D9B0490002B00F07A81002321460A2275
:10840000484600F03BFA089B0446002B72DC229B96
:10841000022B49DC6EE0169BC3F1360343E7059B54
:108420005D1E0C9BAB420DDB5D1B059B002BBFF65D
:108430003BAF059BFE1A002337E700BF0000E03F7B
:10844000000024400C9B109AEB1A1A440C953E46EF
:108450000025059B109228E73E460C9D0D9C2DE7BC
:10846000DDF810A054E70C9A049953E7CDF810A05A
:1084700054E74FF0000A7CE79A467AE74FF0000A8B
:108480007BE792D0099A1C331A441F441E44099278
:108490008BE70346F6E7059BCDF81880002B23DC1D
:1084A0000893229B022B21DD089B002B7FF4ABADB0
:1084B00029460522484600F0E1F9014605460498A0
:1084C00000F0F4FB00287FF79EAD3123039E06F8F1
:1084D000013B069B0133069399E535462C46F4E7AC
:1084E000059DCDF81880F9E7059B08930D9B002B9F
:1084F00000F00181002E05DD21463246484600F09D
:1085000069FB0446BAF1000F5AD04846616800F092
:1085100055F9064628B9024640F2EF21814BFFF794
:1085200033BB226904F10C01023292000C30FFF7D8
:1085300080FA01223146484600F04CFB0746039B77
:10854000039A03F1010B089B13440A930E9B03F05B
:10855000010309930BF1FF33294604980593FFF7B4
:1085600076FA2146089000F1300A049800F09EFB4C
:108570003A4680462946484600F0B4FBC2680646A3
:1085800002BB0146049800F091FB02463146484682
:108590000C9200F051F9229B0C9A5E4642EA0301CC
:1085A000099B194310D1BAF1390F2BD0B8F1000F44
:1085B00002DD089B03F1310A059B83F800A028E542
:1085C0002746BCE70122E1E7B8F1000F06DB229B5A
:1085D00048EA0308099B58EA030820D1002AEBDD8A
:1085E00001220499484600F0F5FA2946049000F06B
:1085F0005DFB002803DCDFD11AF0010FDCD0BAF1FB
:10860000390FD6D13923059A137033461E4616F812
:10861000012C013B392A53D001321A70F9E4002AA7
:1086200007DDBAF1390FEDD0059A0AF10103137095
:10863000EFE40A9B0BF801AC5B452BD000230A2228
:108640000499484600F01AF9BC4204904FF0000328
:108650004FF00A022146484606D100F00FF90446C1
:1086600007460BF1010B75E700F008F9394604469F
:1086700000230A22484600F001F90746F1E7089B6B
:108680002746002B03F1FF36D8BF00260024039BAA
:108690005A1C164401220499484600F09BFA2946C8
:1086A000049000F003FB0028AFDC02D11AF0010FA8
:1086B000ABD133461E4613F8012D302AFAD0A8E478
:1086C000039A9A42A2D1069B013306933123AEE767
:1086D000269B002B7FF48CAA134BFFF7ABBA229B8F
:1086E000012B7FF72EAEDDF840A001204DE6089B60
:1086F000002B7FF7D6AE039E29460498FFF7A7F913
:10870000039B00F1300A06F801ABF21A089B934272
:10871000B5DD00230A224846049900F0AFF8049022
:10872000EAE700BFB1B000080BB0000838B5054655
:10873000002940D051F8043C0C1F002BB8BFE418AE
:10874000FEF7A2F91C4A136833B963601460284627
:10875000BDE83840FEF79EB9A34208D92068211829
:108760008B4201BF19685B6809182160EDE71A4662
:108770005B680BB1A342FAD911685018A0420BD123
:1087800020680144501883421160E0D118685B688A
:10879000084410605360DAE702D90C232B60D6E757
:1087A000206821188B4201BF19685B680918216095
:1087B00063605460CBE738BDC836002070B5C4692B
:1087C00005460E4684B91020FEF7B4F80446E86169
:1087D00028B902466B21164B164801F0E1FA002336
:1087E000C0E901330360C360E36853B92122042167
:1087F000284601F0F3FAEB69E060DB680BB9002072
:1088000070BD53F8260030B1026843F826200023DB
:10881000C0E90333F4E7012101FA06F4621D28469A
:10882000920001F0DBFA0028E9D0C0E90164EEE72C
:1088300018B00008C2B0000870B5C66905460C46FD
:1088400076B91020FEF776F80246E86120B98F214C
:10885000084B094801F0A4FAC0E901660660C66049
:108860003CB1EB696268DB6853F82210216043F881
:10887000224070BD18B00008C2B000082DE9F041D8
:1088800007460C461E4600200D6901F1140CDCF869
:108890000030013099B202FB01611E0C0B0C02FB8F
:1088A000063389B201EB034185424FEA13464CF887
:1088B000041BECDC0EB3A368AB4219DC61683846DC
:1088C0000131FFF77BFF804628B90246BA210C4BE5
:1088D0000C4801F065FA226904F10C0102329200A1
:1088E0000C30FFF7A6F821463846FFF7A5FF4446AF
:1088F00004EB850301355E6125612046BDE8F0810A
:10890000B1B00008C2B000080346B0F5803F3ABFDE
:10891000030410200020B3F1807F3CBF1B0208300D
:10892000B3F1805F3CBF1B010430B3F1804F3CBF0B
:108930009B000230002B05DB13F0804F00F101009B
:1089400008BF202070470368024613F007000BD0D1
:10895000D90721D4980749BF5B089B080120136001
:108960005CBF02201360704799B209B910201B0C3C
:10897000D9B209B908301B0A190704BF1B09043012
:10898000990704BF9B080230D90703D45B0800F1A4
:10899000010003D01360704700207047202070470B
:1089A00010B50C460121FFF709FF024628B940F235
:1089B0004511044B044801F0F3F9012344610361BC
:1089C00010BD00BFB1B00008C2B000082DE9F04FE3
:1089D000D1F81090D2F810A08846D145144685B041
:1089E00004DB53460C46CA4690469946A368616824
:1089F0000AEB0906B342B8BF0131FFF7DFFE30B919
:108A000002464FF4B171434B434801F0C9F900F1FC
:108A100014052B46002205EB8607BB421FD304F149
:108A2000140C08F114010CEB8A0301EB8902029289
:108A30001A1B153A22F0030215349C4288BF00220B
:108A40000192029A03918A420CD8002E03DD57F856
:108A5000043D002B5CD0066105B0BDE8F08F43F803
:108A6000042BDAE7B1F800A0BAF1000F23D0E046FA
:108A7000A9464FF0000E58F8042BD9F800401FFA11
:108A800082FBA4B20AFB0B447444D9F800E0120C38
:108A90004FEA1E4E0AFB02E202EB1442A4B244EA81
:108AA000024443454FEA124E49F8044BE3D8019A79
:108AB000AA18C2F804E0039A0431B2F80280B8F1AF
:108AC000000F23D02A68E6469146AA464FF0000BD5
:108AD000BEF8004092B208FB04B404EB194442EA29
:108AE00004424AF8042B5EF8042BDAF800904FEAAF
:108AF000124B1FFA89F208FB0B22734502EB14425A
:108B00004FEA124BE4D8019C2C196260043598E7B7
:108B1000013E9AE7B1B00008C2B000082DE9F84361
:108B2000174612F0030280460D4607D0264C013A44
:108B3000002354F82220FFF7A1FE0546BF103FD0C6
:108B4000D8F81C4094B91020FDF7F4FE0446C8F88C
:108B50001C0030B9024640F2B3111C4B1C4801F016
:108B60001FF90023C0E901330360C360A66846B95A
:108B700040F271214046FFF713FF00230646A06034
:108B800003602C464FF0000907F001037F1053B13A
:108B9000294632464046FFF719FF21460546404622
:108BA000FFF74AFE67B1306838B932463146404671
:108BB000FFF70CFF3060C0F8009006462C46E3E754
:108BC0002846BDE8F88300BFB8B1000818B0000817
:108BD000C2B000082DE9F84F0C4607461546236938
:108BE000496803EB6218A3684FEA621A08F10109A9
:108BF0004B450BDB3846FFF7E1FD064648B9024618
:108C00004FF4EF71274B284801F0CAF801315B009F
:108C1000EEE70023194600F1140C00F11002534551
:108C200034DB22692AEAEA7A0CEB8A0C04F1140399
:108C300015F01F0E614603EB82022BD00025CEF10A
:108C4000200A8B461868043100FA0EF02843CBF84E
:108C5000000053F8045B9A4225FA0AF5F1D8131B79
:108C6000153B23F0030304F115018A4238BF0023AA
:108C70009C44CCF8045005B9C14638462146C6F894
:108C80001090FFF7D9FD3046BDE8F88F42F8041F79
:108C90000133C4E753F8045B04319A4241F8045CA1
:108CA000F8D8E9E7B1B00008C2B0000803460A6985
:108CB000006930B5801A0ED11433143103EB8204ED
:108CC00001EB820154F8045D51F8042D954203D064
:108CD00005D24FF0FF3030BDA342F3D3FBE70120B4
:108CE000F9E700002DE9F74F8A460646114650463F
:108CF0001446FFF7DBFF051E12D129463046FFF769
:108D00005DFD024628B940F23721404B404801F052
:108D100047F80123C0E90435104603B0BDE8F08FE1
:108D2000BCBF5346A2463046DAF80410BABF1C4610
:108D300001250025FFF742FD024618B940F2452102
:108D4000324BE3E7C56000F11405AB464FF0000C71
:108D5000DAF8107026690AF1140904F1140E0AF108
:108D6000100309EB87080EEB86060193019B5EF862
:108D7000040B53F804AF81B201931FFA8AF35B1A14
:108D8000000C6344C0EB1A4000EB23409BB243EA63
:108D9000004376454FEA204C4BF8043BE6D8331BA2
:108DA000153B153423F00303A64238BF0023E8180F
:108DB0004B441C1D26460430A5EB0905464506EB31
:108DC000050E0ED308F10301091B21F00301013345
:108DD000984538BF0021014451F8043DA3B1176103
:108DE0009AE7E24656F8041B1FFA81FCD4444FEA86
:108DF0001149514409EB2C4989B241EA09414FEA32
:108E0000294CCEF80010D9E7013FE5E7B1B00008E2
:108E1000C2B000082DE97343012190469946089E8F
:108E2000FFF7CCFC044630B9024640F20F31234B29
:108E3000234800F0B5FFC9F30A55C9F313030DB178
:108E400043F480130193B8F1000324D068460093E3
:108E5000FFF779FD0099E0B1019AC0F1200302FA11
:108E600003F30B43C24063610192019B002B0CBFD3
:108E700001220222A3612261ADB1A5F2334505446E
:108E80003560C0F13500099B1860204602B0BDE88E
:108E900070836161E9E701A8FFF755FD019B01229D
:108EA00063612030E7E7A0F2324004EB82033060D8
:108EB0001869FFF729FDC0EB4210E4E7B1B00008E4
:108EC000C2B000082DE9F0471F468E688246BE42B8
:108ED0000C469046334653D8B1F90C0010F4906F0D
:108EE0002BD065692368096905EB4505A3EB0109EA
:108EF00005EBD5757B1C6D104B44AB422A4684BFF5
:108F00001D462A46430527D511465046FDF73CFD30
:108F1000064658B34A462169FEF78BFDA38923F420
:108F2000906343F08003A38126614E4426603B4654
:108F30003E466561A5EB0905A5601F463A464146D8
:108F4000206800F0F1FE0020A3689B1BA36023684B
:108F50003B442360BDE8F087504600F065FF0646BD
:108F60000028E1D150462169FFF7E0FB0C23CAF845
:108F70000030A3894FF0FF3043F04003A381E9E7BD
:108F80003E46DBE72DE9F04F98468B8907461B06E6
:108F90000D4614469DB010D50B6973B94021FDF7FD
:108FA000F3FC2860286130B90C233B604FF0FF30A0
:108FB0001DB0BDE8F08F40236B610023099320238F
:108FC0008DF8293030234FF00109CDF80C80DFF8FF
:108FD00098818DF82A3023469A4613F8012B0AB15E
:108FE000252AF9D1BAEB040B0BD05B462246294661
:108FF0003846FFF767FF013000F0A780099A5A440E
:1090000009929AF80030002B00F09F8000234FF067
:10901000FF32CDE905230AF1010A049307938DF885
:1090200053301A935446052214F8011B4E48FEF79C
:10903000F2FC049AD8B9D00644BF20238DF85330EF
:10904000110744BF2B238DF853309AF800302A2B98
:1090500015D0544600204FF00A0C079A214611F80B
:10906000013B303B092B4BD9B0B1079214E0A0EB88
:10907000080309FA03F31343A2460493D2E7039BC0
:10908000191D1B680391002BBBBF5B4242F002021B
:1090900007930793B8BF049223782E2B0AD16378E5
:1090A0002A2B32D1039B02341A1D1B68039243EA18
:1090B000E3730593DFF8B4A0032250462178FEF74E
:1090C000AAFC38B14022049BA0EB0A008240134363
:1090D0000134049314F8011B062225488DF828104A
:1090E000FEF799FC002836D0224B1BBB039B0733AD
:1090F00023F0070308330393099B334409936AE77A
:109100000C4601200CFB0232A8E700234FF00A0CAA
:10911000194601340593204610F8012B303A092AEC
:1091200003D9002BC6D00591C4E7044601230CFBEC
:109130000121F0E703AB00932A4638460E4B04A901
:10914000FDF74CFD421C0646D6D1AB895B063FF5C8
:109150002DAF09982CE703AB00932A463846064BFF
:1091600004A9FDF7D9FFEDE745B100084BB10008B0
:109170004FB10008DD6B0008C58E000838B54B1CE8
:10918000144603D14FF0FF35284638BD9389CDB240
:1091900023F020039381636B52688BB1A36B9342DE
:1091A00008DD23685A1E226003F8015C63680133FE
:1091B0006360E9E7214600F07FFD0028F1D0E1E798
:1091C0002169236851B1994208D213F8011CA942C0
:1091D00004D1013B013223606260D5E7C4E90F325C
:1091E00004F1440363630323A363234603F8465F48
:1091F00023600123DCE710B50C46496B69B104F12B
:109200004403994201D0FFF791FA0020236C606378
:10921000636013B1E36B236010BD23694FF0FF302F
:10922000236000236360A38943F02003A381F3E755
:109230002DE9F04F0D460021ADF5237D0746E846A8
:1092400041ACC4E9031101A96161AE49DFF8B8B2CC
:10925000C4F87C11AD490093C4F8801192F80090D5
:10926000B9F1000F00F060811BF80930561C13F0B3
:1092700008031BD06B68002B10DD2B681A781BF8D5
:109280000220120701D43246E8E722690133013295
:1092900022616A682B60013A6A60EBE7294638462A
:1092A000D4F8803198470028E7D0ECE7B9F1250FD2
:1092B00040F085802360A36053782A2B04BF1023DD
:1092C000961C4FF00A0208BF2360B2461AF8011B31
:1092D000A1F13003092B1DD98D4B03221846FEF74F
:1092E0009AFB38B18A4B5646C01A01232268834044
:1092F0001343236016F8013B782B06D8572B10D860
:10930000252B5CD056D8002B75D00323A3610A23EC
:10931000636088E0A368564602FB03113039A16000
:10932000D3E7A3F15802202AEFD801A151F822F087
:10933000059400080B9300080B9300086194000843
:109340000B9300080B9300080B9300080B93000885
:109350000B9300080B9300080B9300087794000808
:109360005D940008BB930008BB930008BB93000802
:109370000B930008179400080B9300080B93000848
:109380000B9300080B930008879400081F940008B3
:10939000FD9300080B9300080B93000883940008CA
:1093A0000B9300085D9400080B9300080B930008D2
:1093B00005940008453B022BA7D8052332E06B68D3
:1093C000002B0DDD2B681A784A4540F0AD80013343
:1093D0006A682B602369013A01336A60236152E7AE
:1093E00029463846D4F8803198470028EAD0E0680A
:1093F000002840F091804FF0FF3091E0226842F069
:1094000020022260226842F40072226010226E2B39
:10941000626006D801E000236360032302E00823B2
:1094200063600423A3616B68002B3CDD236859064D
:1094300005D42B681A781BF8022012073BD4A369C5
:10944000022B4BDC43462A462146384600F0AEF953
:10945000012869D002287FF416AFC8E70A22D6E7B0
:10946000314601A800F0EFFB2368064643F04003B5
:1094700023600123D6E7236843F0400323600023E1
:10948000D0E70223CEE72068C3063FF5FCAED8F84C
:1094900000302269191DC8F800101B68C0074CBFB6
:1094A0001A801A60EFE629463846D4F8803198478A
:1094B0000028BBD09BE72269013222616A68013A29
:1094C000002A6A6002DD01332B60B2E72946384684
:1094D000D4F8803198470028ABD088E7042B06DC0D
:1094E00043462A462146384600F0BAF9B0E7094B10
:1094F000002B3FF4C8AE43462A4621463846AFF318
:109500000080A5E77D910008D9AE0008F79100081A
:109510004BB1000800000000AB895B063FF56BAF64
:109520000DF5237DBDE8F08FE068F9E7936810B48E
:10953000013B002B936007DA9469A34201DB0A29FF
:1095400002D110BCFEF706B91368581C10601970E0
:10955000084610BC7047F8B506460F461446D518A5
:10956000AC4201D1002007E03A46304614F8011B16
:10957000FFF7DCFF431CF3D1F8BD00002DE9F04FED
:109580000D461446984606469DB018B1036A0BB9BD
:10959000FDF770FF6B6ED90705D4AB899A0502D42D
:1095A000A86DFEF736FAAB891B0701D52B699BB96D
:1095B00029463046FEF70CF970B16B6EDC0704D516
:1095C0004FF0FF301DB0BDE8F08FAB899805F7D4A0
:1095D000A86DFEF71FFAF3E70023099320238DF807
:1095E000293030234FF00109CDF80C80DFF8A88135
:1095F0008DF82A3023469A4613F8012B0AB1252A02
:10960000F9D1BAEB040B0BD05B4622462946304613
:10961000FFF7A1FF013000F0A780099A5A44099290
:109620009AF80030002B00F09F8000234FF0FF32AB
:10963000CDE905230AF1010A049307938DF853300D
:109640001A935446052214F8011B5348FEF7E3F918
:10965000049AD8B9D10644BF20238DF8533013079C
:1096600044BF2B238DF853309AF800302A2B15D0A5
:10967000544600204FF00A0C079A214611F8013B8E
:10968000303B092B4BD9B0B1079214E0A0EB080393
:1096900009FA03F31343A2460493D2E7039B191D6F
:1096A0001B680391002BBBBF5B4242F00202079391
:1096B0000793B8BF049223782E2B0AD163782A2B04
:1096C00032D1039B02341A1D1B68039243EAE373F1
:1096D0000593DFF8C8A0032250462178FEF79BF9D6
:1096E00038B14022049BA0EB0A00824013430134AE
:1096F000049314F8011B062229488DF82810FEF760
:109700008AF900283FD0274B1BBB039B073323F06C
:10971000070308330393099B3B4409936AE70C460C
:1097200001200CFB0232A8E700234FF00A0C194677
:1097300001340593204610F8012B303A092A03D949
:10974000002BC6D00591C4E7044601230CFB012180
:10975000F0E703AB00932A463046134B04A9FDF70C
:109760003DFA0746781CD6D16B6ED90705D4AB8974
:109770009A0502D4A86DFEF74DF9AB895B063FF55B
:109780001FAF09981EE703AB00932A463046064BED
:1097900004A9FDF7C1FCE4E745B100084BB100089E
:1097A0004FB10008DD6B0008579500082DE9F8431C
:1097B00015468A6880460C4632B98A69002A14BF69
:1097C0004FF0FF3201228A6000272268DFF88C9078
:1097D000D1065FBF1A68111D19601668A06988B1AB
:1097E000012807D12B681A7863699B5C53B9002F55
:1097F00031D022E0022820D12B681B7819F80330E1
:109800001B071AD423680137DA065EBF2B681B7862
:1098100006F8013B2A686B6801322A60A268013BA6
:10982000013A6B60A26042B1002BD7DC294640466A
:10983000D4F8803198470028D0D0236813F0100363
:1098400005D1E2680132E260A26902B13370002002
:1098500023693B442361BDE8F88300BFD9AE00080B
:109860002DE9F04F0C469846714B87B0824616465C
:1098700093E8070003AB83E807006E4BA1696E4ACB
:109880002746032908BF1A46A36801925A1EB2F55B
:10989000AE7F81BF6FF4AE7503EB050940F25D1337
:1098A000A36057F81C3B98BF4FF000093D464FF0AE
:1098B000000B43F450632360316803AB0222097844
:1098C00053F82B00FEF7A7F828B3BBF1010F58D1CE
:1098D00062682AB908212268616042F4007222603D
:1098E000226822F4A0622260A268511EA16092B197
:1098F0003268511C3160127805F8012B7268013A08
:10990000002A726007DC31465046D4F88021904727
:10991000002840F083800BF1010BBBF1030FCBD18A
:10992000616809B90A216160444B6069591A00F005
:109930008AF94FF0000BA3682268002B3DD03168F4
:10994000606991F800C010F80C00002835D0BCF117
:10995000300F24D1100522D50BF1010BB9F1000F06
:1099600003D0013309F1FF39A3607368013B002B79
:1099700073601BDD336801333360A368013BA36070
:10998000D9E7BBF1020FAFD1226802F4C061B1F593
:10999000007FC5D1102142F480726160A3E722F4F8
:1099A000106222600B7805F8013BDEE73146504635
:1099B000D4F8803198470028DFD02368DB050DD527
:1099C000BD4209D915F8011C32465046D4F87C3105
:1099D00005F1FF3998474D46BD4227D0226812F065
:1099E000100212D12A7039466368019E5046B04772
:1099F000D8F8003021681A1DC8F800208E061B68B0
:109A00000FD51860E3680133E36000202369ED1B84
:109A10005D442B44236107B0BDE8F08F4FF0000B8D
:109A2000CBE7CA074CBF18801860EBE70120F2E7CC
:109A300014A20008799F000859A0000866B1000828
:109A4000B1F90C20F8B5160705460C4651D44B6801
:109A5000002B02DC0B6C002B49DDE66A002E46D0A1
:109A6000002312F480522F682B6031D0626DA389DD
:109A7000590705D56368D21A636B0BB1236CD21AF0
:109A800000232846E66A216AB047421CB4F90C302C
:109A900006D129681D2945D8274ACA40D60741D58D
:109AA000002262602269D904226004D5421C01D1DF
:109AB0002B6803B96065616B2F60C1B104F1440389
:109AC000994202D02846FEF731FE002363630EE080
:109AD00001232846216AB0470246501CC7D12B6893
:109AE000002BC4D01D2B01D0162B19D12F600020C4
:109AF0001DE00F69002FFAD0930718BF00230E68EE
:109B000008BF4B69F61B0F608B60002EEFDD3346FC
:109B10003A462846216AD4F828C0E047002807DCE6
:109B2000B4F90C304FF0FF3043F04003A381F8BD8F
:109B30000744361AE9E700BF0100402038B50B6939
:109B400005460C4613B90025284638BD18B1036AEE
:109B50000BB9FDF78FFCB4F90C30002BF3D0626E1B
:109B6000D00704D4990502D4A06DFDF752FF284612
:109B70002146FFF765FF636E0546DA07E4D4A38943
:109B80009B05E1D4A06DFDF745FFDDE770B50C4600
:109B9000B1F90E10154600291E4696B00ADAA189C1
:109BA00011F0800113D14FF48062002031602A60EF
:109BB00016B070BD6A4600F0D1F80028EFDB0199BD
:109BC00001F47041A1F5005359425941EBE70021DE
:109BD0004022EAE78B8973B59E0705460C4607D5F8
:109BE00004F14703236023610123636102B070BD68
:109BF00001AB6A46FFF7CAFF009E28463146FCF7D4
:109C0000C3FEB4F90C3038B99A05EFD423F003033E
:109C100043F00203A381E3E743F08003A381019BA8
:109C2000C4E904062060002BE0D02846B4F90E10E9
:109C300000F0A6F80028D9D0A38923F0030343F04D
:109C40000103A381D2E770B50B7804465E2B0BBFEE
:109C50004B784A1C8A1C002108BF0121013804F1FD
:109C6000FF0500F8011FA842FBD10BB9501E70BDC3
:109C700081F001011046E154024612F8015B2D2DDE
:109C800005D05D2D16D0002DF1D02B46F2E7467899
:109C90005D2EFAD0B342F8DC1A4602300132964209
:109CA000A154FBDCF21A013AB342A8BF00220133EF
:109CB0001344E1E71046DAE72DE9F0410C46496B21
:109CC00004F1440399421BD14FF48061FCF75CFE20
:109CD00018B94FF0FF30BDE8F0814FF48063A36303
:109CE00094F84630606380F8FF3394F8453000F212
:109CF000FD30437094F84430037020600020EAE7A0
:109D0000A66B77003A4600F08FF805460028E0D0B1
:109D100000EB0608014632464046FDF78AFEC4E9DC
:109D20000D57C4F80080E9E7884210B501EB020442
:109D300002D98442234607D8431EA14207D011F816
:109D4000012B03F8012FF8E70244824200D110BD35
:109D500013F8011D02F8011DF7E7000038B50023D4
:109D6000064D0446084611462B6000F0F9F9431CE5
:109D700002D12B6803B1236038BD00BF0838002032
:109D800038B50023054D044608462B6000F0F8F96D
:109D9000431C02D12B6803B1236038BD0838002072
:109DA0001FB514461A46094B05461B68D8684CB1C6
:109DB000074BCDE9013400912B46064900F05CF9D0
:109DC00000F072F9044B1C46F3E700BF20000020AE
:109DD0007BB1000888B10008B6B1000870B5A1FBDE
:109DE000025434B92946FCF7CFFD064628B930465F
:109DF00070BD0C2200260260F9E72A462146FDF7D5
:109E00003BFDF4E782B001B901A942B14BB113782F
:109E10000B601278101E18BF012002B07047104668
:109E2000FBE76FF00100F8E72DE9F0410746144623
:109E30000D4621B91146BDE8F041FCF7A5BD2AB990
:109E4000FEF774FC25462846BDE8F08100F033F9A2
:109E50008442064602D8B4EB500FF4D82146384667
:109E6000FCF792FD804608B94546ECE7B44222462D
:109E7000294628BF3246FDF7DCFD29463846FEF765
:109E800055FCF1E7242B2DE9F0478646904601D892
:109E9000012B06D100F002F9162303600020BDE873
:109EA000F0870D4633482A4615F8014B065D16F03B
:109EB0000806F8D12D2C10D101262C78951C33F0F2
:109EC000100215D1302C0DD12A7802F0DF02582A69
:109ED00008D16C78023510230AE02B2C04BF2C78B3
:109EE000951CECE7002BF6D1302C14BF0A23082375
:109EF000002206F1004C0CF1FF3CBCFBF3F91046CC
:109F000003FB19CAA4F13007092F0FD83C46A3421E
:109F10001BDD571C07D0814514D301D1A24511DBAD
:109F2000012200FB034015F8014BEBE7A4F14107C8
:109F3000192F01D8373CEAE7A4F16107192F04D89B
:109F4000573CE4E74FF0FF32EDE7531C08D12223E2
:109F50006046CEF80030B8F1000FA0D0691E06E0D0
:109F600006B14042B8F1000F99D0002AF6D1C8F8E6
:109F7000001094E7D9AE0008FFF784BF2DE9F04345
:109F800086460D46334E284615F8014B375D17F0CF
:109F90000807F8D12D2C10D101272C78851C33F01F
:109FA000100015D1302C0DD1287800F0DF00582892
:109FB00008D16C78023510230AE02B2C04BF2C78D2
:109FC000851CECE7002BF6D1302C14BF0A230823A4
:109FD0004FF0FF38B8FBF3F8002603FB08F93046D2
:109FE0006FEA0909A4F1300CBCF1090F10D86446DE
:109FF000A3421EDDB6F1FF3F07D0804516D301D145
:10A00000A14513DB012600FB034015F8014BE9E7EE
:10A01000A4F1410CBCF1190F01D8373CE8E7A4F1D9
:10A02000610CBCF1190F04D8573CE1E74FF0FF3643
:10A03000EBE7731C06D122233046CEF8003032B94C
:10A04000BDE8F08307B14042002AF9D006B1691E8D
:10A050001160F5E7D9AE0008FFF790BF0346084648
:10A0600041B1FF2A04D98A224FF0FF301A607047AD
:10A0700001200A70704700000EB403B5014603AB1F
:10A08000054853F8042B00680193FFF777FA02B0F4
:10A090005DF804EB03B0704720000020014B186806
:10A0A000704700BF20000020062008B500F034F8FB
:10A0B000012000F093F851F8043C181F002BBCBF9E
:10A0C0000B58C01870471F2938B505460C4604D9EF
:10A0D000162303604FF0FF3038BDC26B12B152F847
:10A0E00021304BB9284600F031F822460146284677
:10A0F000BDE8384000F018B8012B0AD0591C03D134
:10A10000162303600120E7E70021204642F82410CF
:10A1100098470020E0E70000024B01461868FFF76F
:10A12000D2BF00BF2000002038B50023064D0446F2
:10A13000084611462B6000F02BF8431C02D12B6817
:10A1400003B1236038BD00BF0838002000F010B80C
:10A150005822024B4FF0FF301A6070470838002039
:10A160005822024B4FF0FF301A6070470838002029
:10A170005822024B4FF0FF301A6070470838002019
:10A180005822024B00201A60704700BF0838002098
:10A190005822024B4FF0FF301A60704708380020F9
:10A1A0005822024B4FF0FF301A60704708380020E9
:10A1B0005822024B4FF0FF301A60704708380020D9
:10A1C000044A05491368002B08BF0B461844106069
:10A1D000184670471038002018380020FEE700BFEE
:10A1E000F8B500BFF8BC08BC9E467047F8B500BF84
:08A1F000F8BC08BC9E46704754
:10A1F800AED580A83FD300408D142002A1C8DA1242
:10A2080081CFD9F1DB40A4A62EAF000068B10008C9
:10A218006BB100086EB100085B4D50555D2051755B
:10A228006575652066756C6C2C2064726F7070653E
:10A23800642023256C750D0A0000000068656C6CAD
:10A248006F0000005B4F4C45445D205461736B20E8
:10A25800737461727465642C20713D25700D0A0059
:10A268005B4F4C45445D2023256C752061783D2566
:10A278002B2E33662061793D252B2E336620617A9B
:10A288003D252B2E33660D0A000000005B4F4E451E
:10A298004E45545D2055706C6F6164696E672E2E53
:10A2A8002E0D00000D0A21212120535441434B203B
:10A2B8004F564552464C4F573A20257320212121AD
:10A2C8000D0A00005B4552525D204D505536303521
:10A2D8003020696E6974206661696C656421204369
:10A2E8006865636B20776972696E672E0D000000E0
:10A2F8005B4F4B5D204D5055363035302057484F19
:10A308005F414D5F49203D203078253032580D0A95
:10A31800000000005B4552525D204661696C65642F
:10A3280020746F2063726561746520493243206D23
:10A3380075746578210D00005B4552525D204661B9
:10A34800696C656420746F2063726561746520713F
:10A358007565756573210D004D50555F52656164D3
:10A36800000000004461746150726F6300000000D7
:10A378004F4C45445F446973700000004F6E654E52
:10A3880045545F55706C00000D0A3D3D3D3D3D3D17
:10A398003D3D3D3D204672656552544F53202B206C
:10A3A8004D505536303530202B204F4C45442044F5
:10A3B80061746120506970656C696E65203D3D3D32
:10A3C8003D3D3D3D3D3D3D0D000000005461736B3A
:10A3D800733A204D50555F52656164283229202D0B
:10A3E8003E2051756575655B385D202D3E204461C2
:10A3F800746150726F63283229202D3E2051756593
:10A4080075655B345D202D3E204F4C45445F4469A3
:10A4180073702831290D0A0D000000005B45535068
:10A428005D2057616974696E6720666F72206D6F71
:10A4380064756C6520626F6F7420283273292E2E24
:10A448002E0D00005B4F4E454E45545D205265670A
:10A458006973746572696E67206465766963652ED1
:10A468002E2E0D005B4F4E454E45545D20526567BC
:10A478006973746572204F4B0D0000005B4F4E45A9
:10A488004E45545D204D515454204C696E6B204FFD
:10A498004B0D00005B4F4E454E45545D204D5154C9
:10A4A80054204C696E6B204641494C45440D0000D0
:10A4B8005B4F4E454E45545D205265676973746520
:10A4C80072206465766963652C207573696E6720F0
:10A4D80064656661756C74206B65790D0000000019
:10A4E8005374617274696E67207363686564756C10
:10A4F80065722E2E2E0D000049444C4500000000C8
:10A508005B4D50555D2043616C6962726174696E80
:10A518006720286B6565702073656E736F72207392
:10A5280074696C6C292E2E2E0D0000005B4D505561
:10A538005D2043616C6962726174696F6E20646F3B
:10A548006E653A20626961735F61783D25642C20ED
:10A55800626961735F61793D25642C20626961736A
:10A568005F617A3D25640D0A00000000252E3366E0
:10A5780000000000556172745458000055617274EF
:10A58800525800005B52585D2025730D0A000000E8
:10A5980041542B43495053454E443D25640D0A0010
:10A5A8003E0000004950442C000000005B45535019
:10A5B8005D20312E2041540D000000004F4B00005B
:10A5C80041540D0A000000005B4553505D20322EB7
:10A5D80020415445300D0000415445300D0A00001B
:10A5E8005B4553505D20332E2043574D4F44453D26
:10A5F800310D000041542B43574D4F44453D310D1B
:10A608000A0000005B4553505D20342E2043574418
:10A618004843500D0000000041542B435744484321
:10A62800503D312C310D0A005B4553505D20352ECD
:10A638002043574A41500D005869616F6D692031B8
:10A648003300000041542B43574A41503D222573A3
:10A65800222C222573220D0A0000000031323334E7
:10A668003536373839000000474F5420495000002C
:10A678005B4553505D20496E6974204F4B0D0000B7
:10A688002532420025323000253246002533460067
:10A698002532350025323300253236002533440073
:10A6A80025640A25730A70726F64756374732F25A5
:10A6B800730A257300000000736861310000000010
:10A6C80025640A25730A70726F64756374732F2585
:10A6D800732F646576696365732F25730A25730084
:10A6E80076657273696F6E3D2573267265733D706A
:10A6F800726F6475637473252532462573266574F5
:10A708003D2564266D6574686F643D2573267369FD
:10A71800676E3D257300000076657273696F6E3D44
:10A728002573267265733D70726F64756374732543
:10A738002532462573252532466465766963657337
:10A748002525324625732665743D2564266D657476
:10A75800686F643D2573267369676E3D2573000035
:10A768007B226964223A22313233222C22706172B0
:10A77800616D73223A7B000066616C7365000000AE
:10A78800226C6564223A7B2276616C7565223A25D3
:10A79800737D2C0022546172676574223A7B22769D
:10A7A800616C7565223A25647D2C00002274656D04
:10A7B8007031223A7B2276616C7565223A25647D78
:10A7C8002C0000002274656D7032223A7B2276617B
:10A7D8006C7565223A25647D2C0000002274656D35
:10A7E8007033223A7B2276616C7565223A25647D46
:10A7F800000000007D7D00005B4F4E454E45545DD6
:10A8080020526567697374657220544350207469D7
:10A818006D656F75740D0000434F4E4E45435400EF
:10A8280041542B43495053544152543D22544350B0
:10A83800222C226D717474732E6865636C6F756455
:10A84800732E636F6D222C313838330D0A000000E7
:10A85800526A4E7162464E7153484261526E41359A
:10A86800556D6C7952454E734D4442594D33464DA2
:10A8780059546C594D6B3944636B383D00000000E6
:10A888003964633935414B565953000032303138F9
:10A898002D31302D33310000504F5354202F6D711E
:10A8A80074742F76312F646576696365732F7265CA
:10A8B8006720485454502F312E310D0A4175746861
:10A8C8006F72697A6174696F6E3A25730D0A486F01
:10A8D80073743A6F74612E6865636C6F7564732E58
:10A8E800636F6D0D0A436F6E74656E742D547970C5
:10A8F800653A6170706C69636174696F6E2F6A7311
:10A908006F6E0D0A436F6E74656E742D4C656E67BD
:10A9180074683A25640D0A0D0A7B226E616D652202
:10A928003A222573227D000064310000646576694F
:10A9380063655F69640000006465766963655F69E3
:10A948006422203A2022255B5E225D222C0D0A22F9
:10A958006E616D6522203A2022255B5E225D222CE5
:10A968000D0A0D0A2270696422203A2025642C0DF4
:10A978000A226B657922203A2022255B5E225D221D
:10A98800000000005B4F4E454E45545D2052656700
:10A99800697374657265643A2025732C2025732CBD
:10A9A8002025642C2025730D0A00000041542B43F8
:10A9B8004950434C4F53450D0A0000005B4F4E452C
:10A9C8004E45545D204465764C696E6B3A2025737C
:10A9D8002C2025730D0A00005B4F4E454E45545DF3
:10A9E8002054435020636F6E6E6563742074696DE4
:10A9F800656F7574202872657472696564202564B2
:10AA08002074696D6573290D0A0000005B4F4E457F
:10AA18004E45545D20544350207265747279202548
:10AA2800642E2E2E0D0A00005B4F4E454E45545D98
:10AA3800204D51545420436F6E6E656374656421D4
:10AA48000D0000005B4F4E454E45545D204D51545E
:10AA5800543A2070726F746F636F6C206572726FF6
:10AA6800720D00005B4F4E454E45545D204D5154CC
:10AA7800543A2062616420636C69656E7469640D80
:10AA8800000000005B4F4E454E45545D204D51542B
:10AA9800543A20736572766572206572726F720D12
:10AAA800000000005B4F4E454E45545D204D51540B
:10AAB800543A2062616420757365722F70617373F4
:10AAC8000D0000005B4F4E454E45545D204D5154DE
:10AAD800543A2062616420746F6B656E0D0000004B
:10AAE8005B4F4E454E45545D204D5154543A2075A8
:10AAF8006E6B6E6F776E206572726F720D0000005C
:10AB08005B4F4E454E45545D204D5154545F506146
:10AB1800636B6574436F6E6E656374206661696C00
:10AB280065640D005B4F4E454E45545D2053656E80
:10AB3800742025642062797465730D0A0000000092
:10AB4800247379732F25732F25732F7468696E67A3
:10AB58002F70726F70657274792F736574000000BE
:10AB68005B4F4E454E45545D205375627363726961
:10AB780062653A2025730D0A00000000246372659F
:10AB880071000000247379732F25732F25732F7498
:10AB980068696E672F70726F70657274792F706F45
:10ABA8007374000001020000020304050607080987
:10ABB8000A0B0C0D0E0F1010000000000102030418
:10ABC8000000000000000000010203040607080955
:10ABD8001F00000000000000000000005F000000EF
:10ABE800000700070000147F147F1400242A7F2A1E
:10ABF80012002313086462003649552250000005EC
:10AC080003000000001C224100000041221C00003B
:10AC180014083E08140008083E08080000503000D8
:10AC28000000080808080800006060000000201004
:10AC3800080402003E5149453E0000427F400000A2
:10AC48004261514946002141454B31001814127F99
:10AC580010002745454539003C4A494930000171F3
:10AC680009050300364949493600064949291E00A5
:10AC78000036360000000056360000000814224155
:10AC880000001414141414000041221408000201D6
:10AC980051090600324979413E007E1111117E00AA
:10ACA8007F49494936003E41414122007F414122C6
:10ACB8001C007F49494941007F09090901003E41BB
:10ACC80049497A007F0808087F0000417F41000059
:10ACD8002040413F01007F08142241007F4040404E
:10ACE80040007F020C027F007F0408107F003E4175
:10ACF80041413E007F09090906003E4151215E009D
:10AD08007F091929460046494949310001017F0157
:10AD180001003F4040403F001F2040201F003F40AF
:10AD280038403F00631408146300070870080700E0
:10AD3800615149454300007F414100000204081069
:10AD480020000041417F000004020102040040404D
:10AD58004040400000010204000020545454780090
:10AD68007F48444438003844444420003844444828
:10AD78007F00385454541800087E090102000C5210
:10AD880052523E007F080404780000447D400000D1
:10AD98002040443D00007F102844000000417F40CF
:10ADA80000007C04180478007C0804047800384407
:10ADB800444438007C1414140800081414187C0047
:10ADC8007C0804040800485454542000043F4440BC
:10ADD80020003C4040207C001C2040201C003C40BF
:10ADE80030403C004428102844000C5050503C008F
:10ADF8004464544C440008364100000000007F00C1
:10AE0800000000413608000008040810080000008F
:10AE18007F7F7F7F7F7F7F7F7F7F7F7F7F7F7F7F3A
:10AE28007F7F7F7F7F7F7F7F7F7F7F7F7F7F7F7F2A
:10AE38007F7F7F7F7F7F7F7F7F7F7F3E7F7F7F3F9B
:10AE48003435363738393A3B3C3D7F7F7F407F7F0A
:10AE58007F000102030405060708090A0B0C0D0E02
:10AE68000F101112131415161718197F7F7F7F7F83
:10AE78007F1A1B1C1D1E1F2021222324252627285C
:10AE8800292A2B2C2D2E2F303132337F7F7F7F7F45
:10AE98004142434445464748494A4B4C4D4E4F5022
:10AEA8005152535455565758595A616263646566EE
:10AEB8006768696A6B6C6D6E6F70717273747576A2
:10AEC8007778797A303132333435363738392B2F31
:10AED8000020202020202020202028282828282062
:10AEE800202020202020202020202020202020205A
:10AEF80020881010101010101010101010101010C2
:10AF080010040404040404040404041010101010B1
:10AF1800101041414141414101010101010101017B
:10AF280001010101010101010101010110101010CD
:10AF3800101042424242424202020202020202024D
:10AF480002020202020202020202020210101010A1
:10AF580020000000000000000000000000000000C9
:10AF680000000000000000000000000000000000D9
:10AF780000000000000000000000000000000000C9
:10AF880000000000000000000000000000000000B9
:10AF980000000000000000000000000000000000A9
:10AFA8000000000000000000000000000000000099
:10AFB8000000000000000000000000000000000089
:10AFC8000000000000000000000000000000000079
:10AFD80000494E4600696E66004E414E006E616E35
:10AFE80000303132333435363738394142434445FD
:10AFF800460030313233343536373839616263646C
:10B00800656600496E66696E697479004E614E0026
:10B018005245454E54206D616C6C6F6320737563A7
:10B02800636565646564002F5F5F772F61726D2DBE
:10B038006E6F6E652D656162692D6763632D78702B
:10B0480061636B2F61726D2D6E6F6E652D65616228
:10B05800692D6763632D787061636B2F6275696C06
:10B06800642D6173736574732F6275696C642F77CF
:10B07800696E33322D7836342F736F75726365734A
:10B088002F6E65776C69622D63796777696E2F6EAD
:10B0980065776C69622F6C6962632F7374646C697D
:10B0A800622F64746F612E630042616C6C6F632061
:10B0B800737563636565646564002F5F5F772F61EF
:10B0C800726D2D6E6F6E652D656162692D676363A4
:10B0D8002D787061636B2F61726D2D6E6F6E652DAB
:10B0E800656162692D6763632D787061636B2F6298
:10B0F80075696C642D6173736574732F6275696CFF
:10B10800642F77696E33322D7836342F736F7572EA
:10B118006365732F6E65776C69622D6379677769EC
:10B128006E2F6E65776C69622F6C6962632F73741A
:10B13800646C69622F6D707265632E6300232D3015
:10B148002B2000686C4C0065666745464700412D1A
:10B1580046612D66383930313233343536375D0043
:10B168002B2D003030007858004300504F53495879
:10B17800002E002C2066756E6374696F6E3A20008D
:10B18800617373657274696F6E202225732220665D
:10B1980061696C65643A2066696C652022257322B2
:10B1A8002C206C696E65202564257325730A0000C0
:10B1B80005000000190000007D00000000000000EC
:10B1C8000080E03779C34143176E05B5B5B893469B
:10B1D800F5F93FE9034F384D321D30F94877825A67
:10B1E8003CBF737FDD4F1575000000000000F03F85
:10B1F800000000000000244000000000000059404A
:10B208000000000000408F40000000000088C3409C
:10B2180000000000006AF8400000000080842E4111
:10B2280000000000D01263410000000084D797415D
:10B238000000000065CDCD41000000205FA0024263
:10B24800000000E876483742000000A2941A6D42D8
:10B25800000040E59C30A2420000901EC4BCD642CB
:10B2680000003426F56B0C430080E03779C3414376
:10B2780000A0D8855734764300C84E676DC1AB43EC
:10B28800003D9160E458E143408CB5781DAF15440A
:10B2980050EFE2D6E41A4B4492D54D06CFF08044E5
:10B2A800F64AE1C7022DB544B49DD9794378EA44FA
:08B2B800584EFF7F0100000069
:04B2C0003D0E000837
:04B2C400190E000857
:10B2C800010000001000000000127A00AAAAAAAA31
:10B2D800FF0000000000000003000000CC36002042
:10B2E8002400002000000000CC3600203437002065
:10B2F8009C37002000000000000000000000000053
:10B308000000000000000000000000000000000035
:10B318000000000000000000000000000000000025
:10B328000000000000000000000000000000000015
:10B3380043000000000000000000000000000000C2
:10B3480000000000000000000000000000000000F5
:10B3580043000000000000000000000000000000A2
:10B3680000000000000000000000000000000000D5
:10B378004300000000000000000000000000000082
:10B3880000000000000000000000000000000000B5
:10B398004300000000000000000000000000000062
:10B3A8000000000000000000000000000000000095
:10B3B8004300000000000000000000000000000042
:10B3C8000000000000000000000000000000000075
:10B3D8004300000000000000000000000000000022
:10B3E8000000000000000000000000000000000055
:10B3F8004300000000000000000000000000000002
:10B408000000000000000000000000000000000034
:10B418005DA00008059E000800000000D8AE0008E6
:10B4280079B10008B6B10008B6B10008B6B1000895
:10B43800B6B10008B6B10008B6B10008B6B1000848
:10B44800B6B10008B6B10008FFFFFFFFFFFFFFFF1E
:10B45800FFFFFFFFFFFF0000010041534349490080
:10B4680000000000000000000000000000000000D4
:10B47800000000000000000000004153434949005B
:10B4880000000000000000000000000000000000B4
:0CB49800000000000000000000000000A8
:04000005080068E99E
:00000001FF
