ARM GAS  C:\Users\airforce\AppData\Local\Temp\ccDyHakX.s 			page 1


   1              		.cpu cortex-m3
   2              		.arch armv7-m
   3              		.fpu softvfp
   4              		.eabi_attribute 20, 1
   5              		.eabi_attribute 21, 1
   6              		.eabi_attribute 23, 3
   7              		.eabi_attribute 24, 1
   8              		.eabi_attribute 25, 1
   9              		.eabi_attribute 26, 1
  10              		.eabi_attribute 30, 4
  11              		.eabi_attribute 34, 1
  12              		.eabi_attribute 18, 4
  13              		.file	"ota_download.c"
  14              		.text
  15              	.Ltext0:
  16              		.cfi_sections	.debug_frame
  17              		.file 1 "Core/Src/device/ota_download.c"
  18              		.section	.rodata.OTA_HttpRequest.str1.1,"aMS",%progbits,1
  19              	.LC0:
  20 0000 00       		.ascii	"\000"
  21              	.LC1:
  22 0001 696F742D 		.ascii	"iot-api.heclouds.com\000"
  22      6170692E 
  22      6865636C 
  22      6F756473 
  22      2E636F6D 
  23              	.LC2:
  24 0016 41542B43 		.ascii	"AT+CIPSTART=\"TCP\",\"%s\",%d\015\012\000"
  24      49505354 
  24      4152543D 
  24      22544350 
  24      222C2225 
  25              	.LC3:
  26 0032 5B4F5441 		.ascii	"[OTA] TCP connect timeout\015\000"
  26      5D205443 
  26      5020636F 
  26      6E6E6563 
  26      74207469 
  27              	.LC4:
  28 004d 434F4E4E 		.ascii	"CONNECT\000"
  28      45435400 
  29              	.LC5:
  30 0055 526A4E71 		.ascii	"RjNqbFNqSHBaRnA5UmlyRENsMDBYM3FMYTlYMk9Dck8=\000"
  30      62464E71 
  30      53484261 
  30      526E4135 
  30      556D6C79 
  31              	.LC6:
  32 0082 39646339 		.ascii	"9dc95AKVYS\000"
  32      35414B56 
  32      595300
  33              	.LC7:
  34 008d 32303138 		.ascii	"2018-10-31\000"
  34      2D31302D 
  34      333100
  35              	.LC8:
  36 0098 643100   		.ascii	"d1\000"
ARM GAS  C:\Users\airforce\AppData\Local\Temp\ccDyHakX.s 			page 2


  37              	.LC9:
  38 009b 25732025 		.ascii	"%s %s HTTP/1.1\015\012Content-Type: application/jso"
  38      73204854 
  38      54502F31 
  38      2E310D0A 
  38      436F6E74 
  39 00c8 6E0D0A41 		.ascii	"n\015\012Authorization:%s\015\012host:%s\015\012Con"
  39      7574686F 
  39      72697A61 
  39      74696F6E 
  39      3A25730D 
  40 00e9 74656E74 		.ascii	"tent-Length:%d\015\012%s\015\012%s\000"
  40      2D4C656E 
  40      6774683A 
  40      25640D0A 
  40      25730D0A 
  41              	.LC10:
  42 0100 25732025 		.ascii	"%s %s HTTP/1.1\015\012Authorization:%s\015\012host:"
  42      73204854 
  42      54502F31 
  42      2E310D0A 
  42      41757468 
  43 0127 25730D0A 		.ascii	"%s\015\012%s\015\012\000"
  43      25730D0A 
  43      00
  44              	.LC11:
  45 0130 4950442C 		.ascii	"IPD,\000"
  45      00
  46              	.LC12:
  47 0135 0D0A0D0A 		.ascii	"\015\012\015\012\000"
  47      00
  48              	.LC13:
  49 013a 436F6E74 		.ascii	"Content-Length:\000"
  49      656E742D 
  49      4C656E67 
  49      74683A00 
  50              	.LC14:
  51 014a 5B4F5441 		.ascii	"[OTA] HTTP response timeout\015\000"
  51      5D204854 
  51      54502072 
  51      6573706F 
  51      6E736520 
  52              	.LC15:
  53 0167 4F4B00   		.ascii	"OK\000"
  54              	.LC16:
  55 016a 41542B43 		.ascii	"AT+CIPCLOSE\015\012\000"
  55      4950434C 
  55      4F53450D 
  55      0A00
  56              		.section	.text.OTA_HttpRequest,"ax",%progbits
  57              		.align	1
  58              		.syntax unified
  59              		.thumb
  60              		.thumb_func
  62              	OTA_HttpRequest:
  63              	.LVL0:
  64              	.LFB70:
ARM GAS  C:\Users\airforce\AppData\Local\Temp\ccDyHakX.s 			page 3


   1:Core/Src/device/ota_download.c **** /**
   2:Core/Src/device/ota_download.c ****  * @file    ota_download.c
   3:Core/Src/device/ota_download.c ****  * @brief   OneNET HTTP OTA 固件升级模块
   4:Core/Src/device/ota_download.c ****  *
   5:Core/Src/device/ota_download.c ****  * 流程：
   6:Core/Src/device/ota_download.c ****  *   1. POST /fuse-ota/{pid}/{dev}/version  → 上报版本号
   7:Core/Src/device/ota_download.c ****  *   2. GET  /fuse-ota/{pid}/{dev}/check?type=2&version=X.X → 查询任务
   8:Core/Src/device/ota_download.c ****  *   3. 有任务 → GET /fuse-ota/{pid}/{dev}/{tid}/download → 分片下载(256B/片)
   9:Core/Src/device/ota_download.c ****  *   4. 下载完 → 存 EEPROM 标志 → NVIC_SystemReset()
  10:Core/Src/device/ota_download.c ****  *
  11:Core/Src/device/ota_download.c ****  * OTA 服务器: iot-api.heclouds.com (HTTP)
  12:Core/Src/device/ota_download.c ****  * MQTT 服务器: mqtts.heclouds.com:1883 (TCP)
  13:Core/Src/device/ota_download.c ****  */
  14:Core/Src/device/ota_download.c **** #include "ota_download.h"
  15:Core/Src/device/ota_download.c **** #include "onenet.h"
  16:Core/Src/device/ota_download.c **** #include "w25q64.h"
  17:Core/Src/device/ota_download.c **** #include "at24c02.h"
  18:Core/Src/device/ota_download.c **** #include "esp8266.h"
  19:Core/Src/device/ota_download.c **** #include <string.h>
  20:Core/Src/device/ota_download.c **** #include <stdio.h>
  21:Core/Src/device/ota_download.c **** #include <stdlib.h>
  22:Core/Src/device/ota_download.c **** 
  23:Core/Src/device/ota_download.c **** #define OTA_HOST    "iot-api.heclouds.com"
  24:Core/Src/device/ota_download.c **** #define OTA_PORT    80
  25:Core/Src/device/ota_download.c **** 
  26:Core/Src/device/ota_download.c **** /* OTA 状态 */
  27:Core/Src/device/ota_download.c **** static OTA_State_t ota_state   = OTA_IDLE;
  28:Core/Src/device/ota_download.c **** static uint8_t     ota_progress = 0;
  29:Core/Src/device/ota_download.c **** 
  30:Core/Src/device/ota_download.c **** /* 固件信息 */
  31:Core/Src/device/ota_download.c **** static char     ota_tid[16]     = {0};   /* 下载任务 ID */
  32:Core/Src/device/ota_download.c **** static char     ota_new_ver[16] = {0};   /* 新版本号 */
  33:Core/Src/device/ota_download.c **** static uint32_t ota_file_size   = 0;      /* 文件总大小 */
  34:Core/Src/device/ota_download.c **** static uint32_t ota_offset      = 0;      /* 已下载字节数 */
  35:Core/Src/device/ota_download.c **** static char     ota_server_md5[33] = {0}; /* 服务器下发的 MD5 */
  36:Core/Src/device/ota_download.c **** 
  37:Core/Src/device/ota_download.c **** /* ---- 当前版本号（从 EEPROM 读取）---- */
  38:Core/Src/device/ota_download.c **** static char current_version[16] = "V1.0";
  39:Core/Src/device/ota_download.c **** 
  40:Core/Src/device/ota_download.c **** static void OTA_LoadVersion(void)
  41:Core/Src/device/ota_download.c **** {
  42:Core/Src/device/ota_download.c ****     /* 从 EEPROM 读取版本号 */
  43:Core/Src/device/ota_download.c ****     AT24C02_ReadBuf(EE_VERSION_STR, (uint8_t *)current_version, sizeof(current_version) - 1);
  44:Core/Src/device/ota_download.c ****     current_version[sizeof(current_version) - 1] = '\0';
  45:Core/Src/device/ota_download.c **** 
  46:Core/Src/device/ota_download.c ****     /* 如果 EEPROM 里是空或非法，用默认值 */
  47:Core/Src/device/ota_download.c ****     if (current_version[0] == '\0' || current_version[0] == 0xFF) {
  48:Core/Src/device/ota_download.c ****         strcpy(current_version, "V1.0");
  49:Core/Src/device/ota_download.c ****     }
  50:Core/Src/device/ota_download.c **** }
  51:Core/Src/device/ota_download.c **** 
  52:Core/Src/device/ota_download.c **** /* ---- 内部函数 ---- */
  53:Core/Src/device/ota_download.c **** static bool OTA_HttpRequest(const char *method, const char *path,
  54:Core/Src/device/ota_download.c ****                             const char *extra_header, const char *body,
  55:Core/Src/device/ota_download.c ****                             char *resp, uint16_t resp_max, uint16_t timeout,
  56:Core/Src/device/ota_download.c ****                             uint16_t *resp_len);
  57:Core/Src/device/ota_download.c **** static bool OTA_ReportVersion(void);
ARM GAS  C:\Users\airforce\AppData\Local\Temp\ccDyHakX.s 			page 4


  58:Core/Src/device/ota_download.c **** static bool OTA_CheckTask(void);
  59:Core/Src/device/ota_download.c **** static bool OTA_DownloadFirmware(void);
  60:Core/Src/device/ota_download.c **** static void OTA_Finish(void);
  61:Core/Src/device/ota_download.c **** 
  62:Core/Src/device/ota_download.c **** /* ==================================================================
  63:Core/Src/device/ota_download.c ****  *  主入口：开机时调用，在连接 MQTT 之前
  64:Core/Src/device/ota_download.c ****  *  返回 true=有升级发生(已重启), false=无任务,继续正常启动
  65:Core/Src/device/ota_download.c ****  * ================================================================== */
  66:Core/Src/device/ota_download.c **** bool OTA_CheckAndDownload(void)
  67:Core/Src/device/ota_download.c **** {
  68:Core/Src/device/ota_download.c ****     /* 从 EEPROM 加载当前版本号 */
  69:Core/Src/device/ota_download.c ****     OTA_LoadVersion();
  70:Core/Src/device/ota_download.c ****     printf("[OTA] Current version: %s\r\n", current_version);
  71:Core/Src/device/ota_download.c **** 
  72:Core/Src/device/ota_download.c ****     /* 1. 上报版本号 */
  73:Core/Src/device/ota_download.c ****     if (!OTA_ReportVersion()) {
  74:Core/Src/device/ota_download.c ****         printf("[OTA] Report version failed\r\n");
  75:Core/Src/device/ota_download.c ****         return false;
  76:Core/Src/device/ota_download.c ****     }
  77:Core/Src/device/ota_download.c **** 
  78:Core/Src/device/ota_download.c ****     /* 2. 查询 OTA 任务 */
  79:Core/Src/device/ota_download.c ****     if (!OTA_CheckTask()) {
  80:Core/Src/device/ota_download.c ****         printf("[OTA] No upgrade task, continue normal boot\r\n");
  81:Core/Src/device/ota_download.c ****         return false;
  82:Core/Src/device/ota_download.c ****     }
  83:Core/Src/device/ota_download.c **** 
  84:Core/Src/device/ota_download.c ****     /* 3. 安全检查 */
  85:Core/Src/device/ota_download.c ****     if (ota_tid[0] == '\0' || ota_file_size == 0) {
  86:Core/Src/device/ota_download.c ****         printf("[OTA] Invalid tid or size, abort (no version change)\r\n");
  87:Core/Src/device/ota_download.c ****         return false;
  88:Core/Src/device/ota_download.c ****     }
  89:Core/Src/device/ota_download.c **** 
  90:Core/Src/device/ota_download.c ****     /* 4. 下载固件 */
  91:Core/Src/device/ota_download.c ****     printf("[OTA] Upgrade found: %s -> %s, size=%lu\r\n",
  92:Core/Src/device/ota_download.c ****            current_version, ota_new_ver, (unsigned long)ota_file_size);
  93:Core/Src/device/ota_download.c **** 
  94:Core/Src/device/ota_download.c ****     if (!OTA_DownloadFirmware()) {
  95:Core/Src/device/ota_download.c ****         printf("[OTA] Download failed, version NOT changed\r\n");
  96:Core/Src/device/ota_download.c ****         ota_state = OTA_FAILED;
  97:Core/Src/device/ota_download.c ****         return false;
  98:Core/Src/device/ota_download.c ****     }
  99:Core/Src/device/ota_download.c **** 
 100:Core/Src/device/ota_download.c ****     /* 5. 下载成功 → 写 EEPROM → 重启进入 Bootloader */
 101:Core/Src/device/ota_download.c ****     OTA_Finish();
 102:Core/Src/device/ota_download.c ****     return true;  /* 不会执行到这里(OTA_Finish 里会复位) */
 103:Core/Src/device/ota_download.c **** }
 104:Core/Src/device/ota_download.c **** 
 105:Core/Src/device/ota_download.c **** /* ==================================================================
 106:Core/Src/device/ota_download.c ****  *  HTTP 请求封装（阻塞，调度器启动前可用）
 107:Core/Src/device/ota_download.c ****  *
 108:Core/Src/device/ota_download.c ****  *  method:  "POST" / "GET"
 109:Core/Src/device/ota_download.c ****  *  path:    如 "/fuse-ota/xxx/d1/version"
 110:Core/Src/device/ota_download.c ****  *  extra_header: 如 "Range:bytes=0-255\r\n" 或 NULL
 111:Core/Src/device/ota_download.c ****  *  body:    POST body，GET 时传 NULL
 112:Core/Src/device/ota_download.c ****  *  resp:    输出响应缓冲区
 113:Core/Src/device/ota_download.c ****  *  timeout: 超时时间 (×10ms)
 114:Core/Src/device/ota_download.c ****  * ================================================================== */
ARM GAS  C:\Users\airforce\AppData\Local\Temp\ccDyHakX.s 			page 5


 115:Core/Src/device/ota_download.c **** static bool OTA_HttpRequest(const char *method, const char *path,
 116:Core/Src/device/ota_download.c ****                             const char *extra_header, const char *body,
 117:Core/Src/device/ota_download.c ****                             char *resp, uint16_t resp_max, uint16_t timeout,
 118:Core/Src/device/ota_download.c ****                             uint16_t *resp_len)
 119:Core/Src/device/ota_download.c **** {
  65              		.loc 1 119 1 view -0
  66              		.cfi_startproc
  67              		@ args = 16, pretend = 0, frame = 744
  68              		@ frame_needed = 0, uses_anonymous_args = 0
 120:Core/Src/device/ota_download.c ****     char send_buf[512];
  69              		.loc 1 120 5 view .LVU1
 121:Core/Src/device/ota_download.c ****     char cmd[64];
  70              		.loc 1 121 5 view .LVU2
 122:Core/Src/device/ota_download.c ****     int len;
  71              		.loc 1 122 5 view .LVU3
 123:Core/Src/device/ota_download.c **** 
 124:Core/Src/device/ota_download.c ****     /* 连接 OTA HTTP 服务器 */
 125:Core/Src/device/ota_download.c ****     snprintf(cmd, sizeof(cmd), "AT+CIPSTART=\"TCP\",\"%s\",%d\r\n", OTA_HOST, OTA_PORT);
  72              		.loc 1 125 5 view .LVU4
 119:Core/Src/device/ota_download.c ****     char send_buf[512];
  73              		.loc 1 119 1 is_stmt 0 view .LVU5
  74 0000 2DE9F04F 		push	{r4, r5, r6, r7, r8, r9, r10, fp, lr}
  75              	.LCFI0:
  76              		.cfi_def_cfa_offset 36
  77              		.cfi_offset 4, -36
  78              		.cfi_offset 5, -32
  79              		.cfi_offset 6, -28
  80              		.cfi_offset 7, -24
  81              		.cfi_offset 8, -20
  82              		.cfi_offset 9, -16
  83              		.cfi_offset 10, -12
  84              		.cfi_offset 11, -8
  85              		.cfi_offset 14, -4
  86 0004 ADF5417D 		sub	sp, sp, #772
  87              	.LCFI1:
  88              		.cfi_def_cfa_offset 808
 119:Core/Src/device/ota_download.c ****     char send_buf[512];
  89              		.loc 1 119 1 view .LVU6
  90 0008 1D46     		mov	r5, r3
  91 000a BDF83033 		ldrh	r3, [sp, #816]
  92              	.LVL1:
 119:Core/Src/device/ota_download.c ****     char send_buf[512];
  93              		.loc 1 119 1 view .LVU7
  94 000e 0746     		mov	r7, r0
  95 0010 0793     		str	r3, [sp, #28]
  96              		.loc 1 125 5 view .LVU8
  97 0012 5023     		movs	r3, #80
 119:Core/Src/device/ota_download.c ****     char send_buf[512];
  98              		.loc 1 119 1 view .LVU9
  99 0014 8846     		mov	r8, r1
 100              		.loc 1 125 5 view .LVU10
 101 0016 0093     		str	r3, [sp]
 119:Core/Src/device/ota_download.c ****     char send_buf[512];
 102              		.loc 1 119 1 view .LVU11
 103 0018 1446     		mov	r4, r2
 104              		.loc 1 125 5 view .LVU12
 105 001a 4021     		movs	r1, #64
ARM GAS  C:\Users\airforce\AppData\Local\Temp\ccDyHakX.s 			page 6


 106              	.LVL2:
 107              		.loc 1 125 5 view .LVU13
 108 001c 6E4B     		ldr	r3, .L53
 109 001e 6F4A     		ldr	r2, .L53+4
 110              	.LVL3:
 111              		.loc 1 125 5 view .LVU14
 112 0020 08A8     		add	r0, sp, #32
 113              	.LVL4:
 119:Core/Src/device/ota_download.c ****     char send_buf[512];
 114              		.loc 1 119 1 view .LVU15
 115 0022 DDF82893 		ldr	r9, [sp, #808]
 116 0026 BDF82CB3 		ldrh	fp, [sp, #812]
 117              	.LBB6:
 126:Core/Src/device/ota_download.c ****     {
 127:Core/Src/device/ota_download.c ****         int retry = 0;
 128:Core/Src/device/ota_download.c ****         while (ESP8266_SendCmd(cmd, "CONNECT")) {
 118              		.loc 1 128 15 view .LVU16
 119 002a 4FF00B0A 		mov	r10, #11
 120              	.LBE6:
 125:Core/Src/device/ota_download.c ****     {
 121              		.loc 1 125 5 view .LVU17
 122 002e FFF7FEFF 		bl	snprintf
 123              	.LVL5:
 124              	.LBB7:
 127:Core/Src/device/ota_download.c ****         while (ESP8266_SendCmd(cmd, "CONNECT")) {
 125              		.loc 1 127 9 is_stmt 1 view .LVU18
 126              		.loc 1 128 9 view .LVU19
 127              	.L2:
 128              		.loc 1 128 16 view .LVU20
 129 0032 6B49     		ldr	r1, .L53+8
 130 0034 08A8     		add	r0, sp, #32
 131 0036 FFF7FEFF 		bl	ESP8266_SendCmd
 132              	.LVL6:
 133              		.loc 1 128 16 is_stmt 0 discriminator 1 view .LVU21
 134 003a 0646     		mov	r6, r0
 135 003c 0028     		cmp	r0, #0
 136 003e 40F09280 		bne	.L5
 137              	.LBE7:
 129:Core/Src/device/ota_download.c ****             if (++retry > 10) {
 130:Core/Src/device/ota_download.c ****                 printf("[OTA] TCP connect timeout\r\n");
 131:Core/Src/device/ota_download.c ****                 return false;
 132:Core/Src/device/ota_download.c ****             }
 133:Core/Src/device/ota_download.c ****             HAL_Delay(500);
 134:Core/Src/device/ota_download.c ****         }
 135:Core/Src/device/ota_download.c ****     }
 136:Core/Src/device/ota_download.c **** 
 137:Core/Src/device/ota_download.c ****     /* 构建 HTTP 请求 */
 138:Core/Src/device/ota_download.c ****     /* Authorization 签名与 MQTT 相同 */
 139:Core/Src/device/ota_download.c ****     char auth_buf[160];
 138              		.loc 1 139 5 is_stmt 1 view .LVU22
 140:Core/Src/device/ota_download.c ****     OneNET_Authorization("2018-10-31", ONENET_PROID, 1956499200,
 139              		.loc 1 140 5 view .LVU23
 140 0042 A023     		movs	r3, #160
 141 0044 0293     		str	r3, [sp, #8]
 142 0046 674B     		ldr	r3, .L53+12
 143 0048 0DF1600A 		add	r10, sp, #96
 144              	.LVL7:
ARM GAS  C:\Users\airforce\AppData\Local\Temp\ccDyHakX.s 			page 7


 145              		.loc 1 140 5 is_stmt 0 view .LVU24
 146 004c 0390     		str	r0, [sp, #12]
 147 004e 0093     		str	r3, [sp]
 148 0050 654A     		ldr	r2, .L53+16
 149 0052 664B     		ldr	r3, .L53+20
 150 0054 6649     		ldr	r1, .L53+24
 151 0056 6748     		ldr	r0, .L53+28
 152 0058 CDF804A0 		str	r10, [sp, #4]
 153 005c FFF7FEFF 		bl	OneNET_Authorization
 154              	.LVL8:
 141:Core/Src/device/ota_download.c ****                          ONENET_AUTH_KEY, ONENET_DEV_NAME, auth_buf, sizeof(auth_buf), 0);
 142:Core/Src/device/ota_download.c **** 
 143:Core/Src/device/ota_download.c ****     if (body) {
 155              		.loc 1 143 5 is_stmt 1 view .LVU25
 156 0060 5D4B     		ldr	r3, .L53
 157              		.loc 1 143 8 is_stmt 0 view .LVU26
 158 0062 002D     		cmp	r5, #0
 159 0064 00F08F80 		beq	.L6
 144:Core/Src/device/ota_download.c ****         snprintf(send_buf, sizeof(send_buf),
 160              		.loc 1 144 9 is_stmt 1 view .LVU27
 145:Core/Src/device/ota_download.c ****             "%s %s HTTP/1.1\r\n"
 146:Core/Src/device/ota_download.c ****             "Content-Type: application/json\r\n"
 147:Core/Src/device/ota_download.c ****             "Authorization:%s\r\n"
 148:Core/Src/device/ota_download.c ****             "host:%s\r\n"
 149:Core/Src/device/ota_download.c ****             "Content-Length:%d\r\n"
 150:Core/Src/device/ota_download.c ****             "%s\r\n"         /* extra header (e.g. Range) */
 151:Core/Src/device/ota_download.c ****             "%s",
 152:Core/Src/device/ota_download.c ****             method, path, auth_buf, OTA_HOST,
 153:Core/Src/device/ota_download.c ****             (int)strlen(body),
 161              		.loc 1 153 18 is_stmt 0 view .LVU28
 162 0068 2846     		mov	r0, r5
 163 006a FFF7FEFF 		bl	strlen
 164              	.LVL9:
 144:Core/Src/device/ota_download.c ****         snprintf(send_buf, sizeof(send_buf),
 165              		.loc 1 144 9 discriminator 2 view .LVU29
 166 006e 624A     		ldr	r2, .L53+32
 144:Core/Src/device/ota_download.c ****         snprintf(send_buf, sizeof(send_buf),
 167              		.loc 1 144 9 discriminator 4 view .LVU30
 168 0070 594B     		ldr	r3, .L53
 144:Core/Src/device/ota_download.c ****         snprintf(send_buf, sizeof(send_buf),
 169              		.loc 1 144 9 discriminator 2 view .LVU31
 170 0072 002C     		cmp	r4, #0
 171 0074 08BF     		it	eq
 172 0076 1446     		moveq	r4, r2
 173              	.LVL10:
 144:Core/Src/device/ota_download.c ****         snprintf(send_buf, sizeof(send_buf),
 174              		.loc 1 144 9 discriminator 4 view .LVU32
 175 0078 CDE901A3 		strd	r10, r3, [sp, #4]
 176 007c 0390     		str	r0, [sp, #12]
 177 007e 3B46     		mov	r3, r7
 178 0080 4FF40071 		mov	r1, #512
 179 0084 CDE90445 		strd	r4, r5, [sp, #16]
 180 0088 5C4A     		ldr	r2, .L53+36
 181 008a CDF80080 		str	r8, [sp]
 182 008e 40A8     		add	r0, sp, #256
 183 0090 FFF7FEFF 		bl	snprintf
 184              	.LVL11:
ARM GAS  C:\Users\airforce\AppData\Local\Temp\ccDyHakX.s 			page 8


 185              	.L8:
 154:Core/Src/device/ota_download.c ****             extra_header ? extra_header : "",
 155:Core/Src/device/ota_download.c ****             body);
 156:Core/Src/device/ota_download.c ****     } else {
 157:Core/Src/device/ota_download.c ****         snprintf(send_buf, sizeof(send_buf),
 158:Core/Src/device/ota_download.c ****             "%s %s HTTP/1.1\r\n"
 159:Core/Src/device/ota_download.c ****             "Authorization:%s\r\n"
 160:Core/Src/device/ota_download.c ****             "host:%s\r\n"
 161:Core/Src/device/ota_download.c ****             "%s\r\n",          /* extra header (e.g. Range) */
 162:Core/Src/device/ota_download.c ****             method, path, auth_buf, OTA_HOST,
 163:Core/Src/device/ota_download.c ****             extra_header ? extra_header : "");
 164:Core/Src/device/ota_download.c ****     }
 165:Core/Src/device/ota_download.c **** 
 166:Core/Src/device/ota_download.c ****     len = strlen(send_buf);
 186              		.loc 1 166 5 is_stmt 1 view .LVU33
 187              		.loc 1 166 11 is_stmt 0 view .LVU34
 188 0094 40A8     		add	r0, sp, #256
 189 0096 FFF7FEFF 		bl	strlen
 190              	.LVL12:
 191 009a 0446     		mov	r4, r0
 192              	.LVL13:
 167:Core/Src/device/ota_download.c ****     ESP8266_Clear();
 193              		.loc 1 167 5 is_stmt 1 view .LVU35
 194 009c FFF7FEFF 		bl	ESP8266_Clear
 195              	.LVL14:
 168:Core/Src/device/ota_download.c ****     ESP8266_SendData((unsigned char *)send_buf, len);
 196              		.loc 1 168 5 view .LVU36
 197 00a0 A1B2     		uxth	r1, r4
 198 00a2 40A8     		add	r0, sp, #256
 199 00a4 FFF7FEFF 		bl	ESP8266_SendData
 200              	.LVL15:
 169:Core/Src/device/ota_download.c **** 
 170:Core/Src/device/ota_download.c ****     /* 循环拼接多个 +IPD 片段，直到 HTTP 头+体完整 */
 171:Core/Src/device/ota_download.c ****     uint16_t total_copy = 0;
 201              		.loc 1 171 5 view .LVU37
 172:Core/Src/device/ota_download.c ****     uint16_t rounds = 0;
 202              		.loc 1 172 5 view .LVU38
 173:Core/Src/device/ota_download.c ****     uint32_t expected_total = 0;
 203              		.loc 1 173 5 view .LVU39
 174:Core/Src/device/ota_download.c ****     bool got_header = false;
 204              		.loc 1 174 5 view .LVU40
 175:Core/Src/device/ota_download.c **** 
 176:Core/Src/device/ota_download.c ****     while (rounds++ < 8 && total_copy < (uint16_t)(resp_max - 1)) {
 205              		.loc 1 176 5 view .LVU41
 206              		.loc 1 176 25 view .LVU42
 207              		.loc 1 176 41 is_stmt 0 discriminator 1 view .LVU43
 208 00a8 40F2FF12 		movw	r2, #511
 209 00ac 40F27753 		movw	r3, #1399
 173:Core/Src/device/ota_download.c ****     bool got_header = false;
 210              		.loc 1 173 14 view .LVU44
 211 00b0 0027     		movs	r7, #0
 212              	.LVL16:
 213              		.loc 1 176 41 discriminator 1 view .LVU45
 214 00b2 BBF5007F 		cmp	fp, #512
 215 00b6 18BF     		it	ne
 216 00b8 1A46     		movne	r2, r3
 217 00ba 4FF00808 		mov	r8, #8
ARM GAS  C:\Users\airforce\AppData\Local\Temp\ccDyHakX.s 			page 9


 218              	.LVL17:
 171:Core/Src/device/ota_download.c ****     uint16_t rounds = 0;
 219              		.loc 1 171 14 view .LVU46
 220 00be 3D46     		mov	r5, r7
 221              	.LVL18:
 222              		.loc 1 176 41 discriminator 1 view .LVU47
 223 00c0 0692     		str	r2, [sp, #24]
 224              	.LVL19:
 225              	.L18:
 226              	.LBB8:
 177:Core/Src/device/ota_download.c ****         char *ptr = (char *)ESP8266_GetIPD(timeout);
 227              		.loc 1 177 9 is_stmt 1 view .LVU48
 228              		.loc 1 177 29 is_stmt 0 view .LVU49
 229 00c2 0798     		ldr	r0, [sp, #28]
 230 00c4 FFF7FEFF 		bl	ESP8266_GetIPD
 231              	.LVL20:
 178:Core/Src/device/ota_download.c ****         if (ptr == NULL) {
 232              		.loc 1 178 9 is_stmt 1 view .LVU50
 233              		.loc 1 178 12 is_stmt 0 view .LVU51
 234 00c8 8246     		mov	r10, r0
 235 00ca 0028     		cmp	r0, #0
 236 00cc 77D0     		beq	.L10
 179:Core/Src/device/ota_download.c ****             break;
 180:Core/Src/device/ota_download.c ****         }
 181:Core/Src/device/ota_download.c **** 
 182:Core/Src/device/ota_download.c ****         uint32_t ipd_len = 0;
 237              		.loc 1 182 9 is_stmt 1 view .LVU52
 238              	.LVL21:
 183:Core/Src/device/ota_download.c ****         char *ipd = strstr((char *)esp8266_buf, "IPD,");
 239              		.loc 1 183 9 view .LVU53
 240              		.loc 1 183 21 is_stmt 0 view .LVU54
 241 00ce 4C49     		ldr	r1, .L53+40
 242 00d0 4C48     		ldr	r0, .L53+44
 243              	.LVL22:
 244              		.loc 1 183 21 view .LVU55
 245 00d2 FFF7FEFF 		bl	strstr
 246              	.LVL23:
 184:Core/Src/device/ota_download.c ****         if (ipd != NULL) {
 247              		.loc 1 184 9 is_stmt 1 view .LVU56
 248 00d6 0BF1FF34 		add	r4, fp, #-1
 249              		.loc 1 184 12 is_stmt 0 view .LVU57
 250 00da 0028     		cmp	r0, #0
 251 00dc 63D0     		beq	.L11
 185:Core/Src/device/ota_download.c ****             ipd_len = (uint32_t)strtoul(ipd + 4, NULL, 10);
 252              		.loc 1 185 13 is_stmt 1 view .LVU58
 253              		.loc 1 185 23 is_stmt 0 view .LVU59
 254 00de 0A22     		movs	r2, #10
 255 00e0 0021     		movs	r1, #0
 256 00e2 0430     		adds	r0, r0, #4
 257              	.LVL24:
 258              		.loc 1 185 23 view .LVU60
 259 00e4 FFF7FEFF 		bl	strtoul
 260              	.LVL25:
 186:Core/Src/device/ota_download.c ****         }
 187:Core/Src/device/ota_download.c **** 
 188:Core/Src/device/ota_download.c ****         uint16_t copy_len;
 261              		.loc 1 188 9 is_stmt 1 view .LVU61
ARM GAS  C:\Users\airforce\AppData\Local\Temp\ccDyHakX.s 			page 10


 189:Core/Src/device/ota_download.c ****         if (ipd_len > 0) {
 262              		.loc 1 189 9 view .LVU62
 263              		.loc 1 189 12 is_stmt 0 view .LVU63
 264 00e8 0028     		cmp	r0, #0
 265 00ea 5CD0     		beq	.L11
 190:Core/Src/device/ota_download.c ****             if (ipd_len > (uint32_t)(resp_max - 1 - total_copy)) {
 266              		.loc 1 190 13 is_stmt 1 view .LVU64
 267              		.loc 1 190 51 is_stmt 0 view .LVU65
 268 00ec 641B     		subs	r4, r4, r5
 269              		.loc 1 190 16 view .LVU66
 270 00ee 8442     		cmp	r4, r0
 191:Core/Src/device/ota_download.c ****                 copy_len = (uint16_t)(resp_max - 1 - total_copy);
 271              		.loc 1 191 17 is_stmt 1 view .LVU67
 272              		.loc 1 191 26 is_stmt 0 view .LVU68
 273 00f0 34BF     		ite	cc
 274 00f2 A4B2     		uxthcc	r4, r4
 275              	.LVL26:
 192:Core/Src/device/ota_download.c ****             } else {
 193:Core/Src/device/ota_download.c ****                 copy_len = (uint16_t)ipd_len;
 276              		.loc 1 193 17 is_stmt 1 view .LVU69
 277              		.loc 1 193 26 is_stmt 0 view .LVU70
 278 00f4 84B2     		uxthcs	r4, r0
 279              	.LVL27:
 280              	.L13:
 194:Core/Src/device/ota_download.c ****             }
 195:Core/Src/device/ota_download.c ****         } else {
 196:Core/Src/device/ota_download.c ****             copy_len = strlen(ptr);
 197:Core/Src/device/ota_download.c ****             if (copy_len > (uint16_t)(resp_max - 1 - total_copy)) {
 198:Core/Src/device/ota_download.c ****                 copy_len = (uint16_t)(resp_max - 1 - total_copy);
 199:Core/Src/device/ota_download.c ****             }
 200:Core/Src/device/ota_download.c ****         }
 201:Core/Src/device/ota_download.c **** 
 202:Core/Src/device/ota_download.c ****         memcpy(resp + total_copy, ptr, copy_len);
 281              		.loc 1 202 9 is_stmt 1 view .LVU71
 282 00f6 2246     		mov	r2, r4
 283 00f8 09EB0500 		add	r0, r9, r5
 284 00fc 5146     		mov	r1, r10
 285 00fe FFF7FEFF 		bl	memcpy
 286              	.LVL28:
 203:Core/Src/device/ota_download.c ****         total_copy += copy_len;
 287              		.loc 1 203 9 view .LVU72
 204:Core/Src/device/ota_download.c ****         resp[total_copy] = '\0';
 288              		.loc 1 204 26 is_stmt 0 view .LVU73
 289 0102 0023     		movs	r3, #0
 203:Core/Src/device/ota_download.c ****         total_copy += copy_len;
 290              		.loc 1 203 20 view .LVU74
 291 0104 2C44     		add	r4, r4, r5
 292              	.LVL29:
 203:Core/Src/device/ota_download.c ****         total_copy += copy_len;
 293              		.loc 1 203 20 view .LVU75
 294 0106 A5B2     		uxth	r5, r4
 295              	.LVL30:
 296              		.loc 1 204 9 is_stmt 1 view .LVU76
 297              		.loc 1 204 26 is_stmt 0 view .LVU77
 298 0108 09F80530 		strb	r3, [r9, r5]
 205:Core/Src/device/ota_download.c **** 
 206:Core/Src/device/ota_download.c ****         if (!got_header) {
ARM GAS  C:\Users\airforce\AppData\Local\Temp\ccDyHakX.s 			page 11


 299              		.loc 1 206 9 is_stmt 1 view .LVU78
 300              		.loc 1 206 12 is_stmt 0 view .LVU79
 301 010c 9EB9     		cbnz	r6, .L14
 302              	.LBB9:
 207:Core/Src/device/ota_download.c ****             char *hdr_end = strstr(resp, "\r\n\r\n");
 303              		.loc 1 207 13 is_stmt 1 view .LVU80
 304              		.loc 1 207 29 is_stmt 0 view .LVU81
 305 010e 4846     		mov	r0, r9
 306 0110 3D49     		ldr	r1, .L53+48
 307 0112 FFF7FEFF 		bl	strstr
 308              	.LVL31:
 208:Core/Src/device/ota_download.c ****             if (hdr_end != NULL) {
 309              		.loc 1 208 13 is_stmt 1 view .LVU82
 310              		.loc 1 208 16 is_stmt 0 view .LVU83
 311 0116 88B1     		cbz	r0, .L15
 312              	.LBB10:
 209:Core/Src/device/ota_download.c ****                 got_header = true;
 313              		.loc 1 209 17 is_stmt 1 view .LVU84
 314              	.LVL32:
 210:Core/Src/device/ota_download.c ****                 uint32_t header_len = (uint32_t)(hdr_end + 4 - resp);
 315              		.loc 1 210 17 view .LVU85
 316              		.loc 1 210 58 is_stmt 0 view .LVU86
 317 0118 0430     		adds	r0, r0, #4
 318              	.LVL33:
 319              		.loc 1 210 62 view .LVU87
 320 011a A0EB0907 		sub	r7, r0, r9
 321              	.LVL34:
 211:Core/Src/device/ota_download.c ****                 uint32_t body_len = 0;
 322              		.loc 1 211 17 is_stmt 1 view .LVU88
 212:Core/Src/device/ota_download.c ****                 char *cl = strstr(resp, "Content-Length:");
 323              		.loc 1 212 17 view .LVU89
 324              		.loc 1 212 28 is_stmt 0 view .LVU90
 325 011e 3B49     		ldr	r1, .L53+52
 326 0120 4846     		mov	r0, r9
 327              	.LVL35:
 328              		.loc 1 212 28 view .LVU91
 329 0122 FFF7FEFF 		bl	strstr
 330              	.LVL36:
 213:Core/Src/device/ota_download.c ****                 if (cl != NULL) {
 331              		.loc 1 213 17 is_stmt 1 view .LVU92
 332              		.loc 1 213 20 is_stmt 0 view .LVU93
 333 0126 0028     		cmp	r0, #0
 334 0128 47D0     		beq	.L26
 214:Core/Src/device/ota_download.c ****                     body_len = (uint32_t)strtoul(cl + 15, NULL, 10);
 335              		.loc 1 214 21 is_stmt 1 view .LVU94
 336              		.loc 1 214 32 is_stmt 0 view .LVU95
 337 012a 0A22     		movs	r2, #10
 338 012c 3146     		mov	r1, r6
 339 012e 0F30     		adds	r0, r0, #15
 340              	.LVL37:
 341              		.loc 1 214 32 view .LVU96
 342 0130 FFF7FEFF 		bl	strtoul
 343              	.LVL38:
 344              	.L16:
 215:Core/Src/device/ota_download.c ****                 }
 216:Core/Src/device/ota_download.c ****                 expected_total = header_len + body_len;
 345              		.loc 1 216 17 is_stmt 1 view .LVU97
ARM GAS  C:\Users\airforce\AppData\Local\Temp\ccDyHakX.s 			page 12


 346              		.loc 1 216 32 is_stmt 0 view .LVU98
 347 0134 0744     		add	r7, r7, r0
 348              	.LVL39:
 349              		.loc 1 216 32 view .LVU99
 350              	.LBE10:
 351              	.LBE9:
 217:Core/Src/device/ota_download.c ****             }
 218:Core/Src/device/ota_download.c ****         }
 219:Core/Src/device/ota_download.c **** 
 220:Core/Src/device/ota_download.c ****         if (got_header) {
 352              		.loc 1 220 9 is_stmt 1 view .LVU100
 353              	.L14:
 221:Core/Src/device/ota_download.c ****             if (expected_total == 0 || total_copy >= expected_total) {
 354              		.loc 1 221 13 view .LVU101
 355              		.loc 1 221 37 is_stmt 0 discriminator 1 view .LVU102
 356 0136 BD42     		cmp	r5, r7
 357 0138 4BD2     		bcs	.L17
 358 013a 0126     		movs	r6, #1
 359              	.L15:
 360              	.LVL40:
 361              		.loc 1 221 37 discriminator 1 view .LVU103
 362              	.LBE8:
 176:Core/Src/device/ota_download.c ****         char *ptr = (char *)ESP8266_GetIPD(timeout);
 363              		.loc 1 176 25 is_stmt 1 view .LVU104
 176:Core/Src/device/ota_download.c ****         char *ptr = (char *)ESP8266_GetIPD(timeout);
 364              		.loc 1 176 25 is_stmt 0 view .LVU105
 365 013c 08F1FF38 		add	r8, r8, #-1
 366              	.LVL41:
 176:Core/Src/device/ota_download.c ****         char *ptr = (char *)ESP8266_GetIPD(timeout);
 367              		.loc 1 176 25 view .LVU106
 368 0140 1FFA88F8 		uxth	r8, r8
 369              	.LVL42:
 176:Core/Src/device/ota_download.c ****         char *ptr = (char *)ESP8266_GetIPD(timeout);
 370              		.loc 1 176 25 view .LVU107
 371 0144 B8F1000F 		cmp	r8, #0
 372 0148 39D0     		beq	.L10
 176:Core/Src/device/ota_download.c ****         char *ptr = (char *)ESP8266_GetIPD(timeout);
 373              		.loc 1 176 25 discriminator 1 view .LVU108
 374 014a 069B     		ldr	r3, [sp, #24]
 375 014c 9D42     		cmp	r5, r3
 376 014e B8D3     		bcc	.L18
 377              	.LVL43:
 378              	.L19:
 222:Core/Src/device/ota_download.c ****                 break;
 223:Core/Src/device/ota_download.c ****             }
 224:Core/Src/device/ota_download.c ****         }
 225:Core/Src/device/ota_download.c ****     }
 226:Core/Src/device/ota_download.c **** 
 227:Core/Src/device/ota_download.c ****     if (total_copy == 0 || !got_header) {
 379              		.loc 1 227 25 discriminator 1 view .LVU109
 380 0150 002E     		cmp	r6, #0
 381 0152 36D0     		beq	.L20
 382              	.LVL44:
 383              	.L21:
 228:Core/Src/device/ota_download.c ****         printf("[OTA] HTTP response timeout\r\n");
 229:Core/Src/device/ota_download.c ****         ESP8266_SendCmd("AT+CIPCLOSE\r\n", "OK");
 230:Core/Src/device/ota_download.c ****         return false;
ARM GAS  C:\Users\airforce\AppData\Local\Temp\ccDyHakX.s 			page 13


 231:Core/Src/device/ota_download.c ****     }
 232:Core/Src/device/ota_download.c **** 
 233:Core/Src/device/ota_download.c ****     if (resp_len != NULL) {
 384              		.loc 1 233 5 is_stmt 1 view .LVU110
 385              		.loc 1 233 8 is_stmt 0 view .LVU111
 386 0154 CD9B     		ldr	r3, [sp, #820]
 387 0156 03B1     		cbz	r3, .L23
 234:Core/Src/device/ota_download.c ****         *resp_len = total_copy;
 388              		.loc 1 234 9 is_stmt 1 view .LVU112
 389              		.loc 1 234 19 is_stmt 0 view .LVU113
 390 0158 1D80     		strh	r5, [r3]	@ movhi
 391              	.L23:
 235:Core/Src/device/ota_download.c ****     }
 236:Core/Src/device/ota_download.c **** 
 237:Core/Src/device/ota_download.c ****     ESP8266_SendCmd("AT+CIPCLOSE\r\n", "OK");
 392              		.loc 1 237 5 is_stmt 1 view .LVU114
 393 015a 2D49     		ldr	r1, .L53+56
 394 015c 2D48     		ldr	r0, .L53+60
 395 015e FFF7FEFF 		bl	ESP8266_SendCmd
 396              	.LVL45:
 238:Core/Src/device/ota_download.c ****     return true;
 397              		.loc 1 238 5 view .LVU115
 398              		.loc 1 238 12 is_stmt 0 view .LVU116
 399 0162 0120     		movs	r0, #1
 400 0164 06E0     		b	.L52
 401              	.LVL46:
 402              	.L5:
 403              	.LBB13:
 129:Core/Src/device/ota_download.c ****                 printf("[OTA] TCP connect timeout\r\n");
 404              		.loc 1 129 13 is_stmt 1 view .LVU117
 129:Core/Src/device/ota_download.c ****                 printf("[OTA] TCP connect timeout\r\n");
 405              		.loc 1 129 16 is_stmt 0 view .LVU118
 406 0166 BAF1010A 		subs	r10, r10, #1
 407              	.LVL47:
 129:Core/Src/device/ota_download.c ****                 printf("[OTA] TCP connect timeout\r\n");
 408              		.loc 1 129 16 view .LVU119
 409 016a 07D1     		bne	.L3
 130:Core/Src/device/ota_download.c ****                 return false;
 410              		.loc 1 130 17 is_stmt 1 view .LVU120
 411 016c 2A48     		ldr	r0, .L53+64
 412 016e FFF7FEFF 		bl	puts
 413              	.LVL48:
 131:Core/Src/device/ota_download.c ****             }
 414              		.loc 1 131 17 view .LVU121
 415              	.L4:
 131:Core/Src/device/ota_download.c ****             }
 416              		.loc 1 131 24 is_stmt 0 view .LVU122
 417 0172 0020     		movs	r0, #0
 418              	.L52:
 419              	.LBE13:
 239:Core/Src/device/ota_download.c **** }
 420              		.loc 1 239 1 view .LVU123
 421 0174 0DF5417D 		add	sp, sp, #772
 422              	.LCFI2:
 423              		.cfi_remember_state
 424              		.cfi_def_cfa_offset 36
 425              		@ sp needed
ARM GAS  C:\Users\airforce\AppData\Local\Temp\ccDyHakX.s 			page 14


 426 0178 BDE8F08F 		pop	{r4, r5, r6, r7, r8, r9, r10, fp, pc}
 427              	.LVL49:
 428              	.L3:
 429              	.LCFI3:
 430              		.cfi_restore_state
 431              	.LBB14:
 133:Core/Src/device/ota_download.c ****         }
 432              		.loc 1 133 13 is_stmt 1 view .LVU124
 433 017c 4FF4FA70 		mov	r0, #500
 434 0180 FFF7FEFF 		bl	HAL_Delay
 435              	.LVL50:
 436 0184 55E7     		b	.L2
 437              	.LVL51:
 438              	.L6:
 133:Core/Src/device/ota_download.c ****         }
 439              		.loc 1 133 13 is_stmt 0 view .LVU125
 440              	.LBE14:
 157:Core/Src/device/ota_download.c ****             "%s %s HTTP/1.1\r\n"
 441              		.loc 1 157 9 is_stmt 1 view .LVU126
 157:Core/Src/device/ota_download.c ****             "%s %s HTTP/1.1\r\n"
 442              		.loc 1 157 9 is_stmt 0 discriminator 2 view .LVU127
 443 0186 1C4A     		ldr	r2, .L53+32
 157:Core/Src/device/ota_download.c ****             "%s %s HTTP/1.1\r\n"
 444              		.loc 1 157 9 discriminator 4 view .LVU128
 445 0188 4FF40071 		mov	r1, #512
 157:Core/Src/device/ota_download.c ****             "%s %s HTTP/1.1\r\n"
 446              		.loc 1 157 9 discriminator 2 view .LVU129
 447 018c 002C     		cmp	r4, #0
 448 018e 08BF     		it	eq
 449 0190 1446     		moveq	r4, r2
 450              	.LVL52:
 157:Core/Src/device/ota_download.c ****             "%s %s HTTP/1.1\r\n"
 451              		.loc 1 157 9 discriminator 4 view .LVU130
 452 0192 CDE9008A 		strd	r8, r10, [sp]
 453 0196 CDE90234 		strd	r3, r4, [sp, #8]
 454 019a 204A     		ldr	r2, .L53+68
 455 019c 3B46     		mov	r3, r7
 456 019e 40A8     		add	r0, sp, #256
 457 01a0 FFF7FEFF 		bl	snprintf
 458              	.LVL53:
 459 01a4 76E7     		b	.L8
 460              	.LVL54:
 461              	.L11:
 462              	.LBB15:
 196:Core/Src/device/ota_download.c ****             if (copy_len > (uint16_t)(resp_max - 1 - total_copy)) {
 463              		.loc 1 196 13 is_stmt 1 view .LVU131
 196:Core/Src/device/ota_download.c ****             if (copy_len > (uint16_t)(resp_max - 1 - total_copy)) {
 464              		.loc 1 196 24 is_stmt 0 view .LVU132
 465 01a6 5046     		mov	r0, r10
 466 01a8 FFF7FEFF 		bl	strlen
 467              	.LVL55:
 197:Core/Src/device/ota_download.c ****                 copy_len = (uint16_t)(resp_max - 1 - total_copy);
 468              		.loc 1 197 13 is_stmt 1 view .LVU133
 197:Core/Src/device/ota_download.c ****                 copy_len = (uint16_t)(resp_max - 1 - total_copy);
 469              		.loc 1 197 28 is_stmt 0 view .LVU134
 470 01ac 641B     		subs	r4, r4, r5
 197:Core/Src/device/ota_download.c ****                 copy_len = (uint16_t)(resp_max - 1 - total_copy);
ARM GAS  C:\Users\airforce\AppData\Local\Temp\ccDyHakX.s 			page 15


 471              		.loc 1 197 16 view .LVU135
 472 01ae A4B2     		uxth	r4, r4
 473 01b0 80B2     		uxth	r0, r0
 197:Core/Src/device/ota_download.c ****                 copy_len = (uint16_t)(resp_max - 1 - total_copy);
 474              		.loc 1 197 16 view .LVU136
 475 01b2 8442     		cmp	r4, r0
 476 01b4 28BF     		it	cs
 477 01b6 0446     		movcs	r4, r0
 478 01b8 9DE7     		b	.L13
 479              	.LVL56:
 480              	.L26:
 481              	.LBB12:
 482              	.LBB11:
 211:Core/Src/device/ota_download.c ****                 char *cl = strstr(resp, "Content-Length:");
 483              		.loc 1 211 26 view .LVU137
 484 01ba 3046     		mov	r0, r6
 485              	.LVL57:
 211:Core/Src/device/ota_download.c ****                 char *cl = strstr(resp, "Content-Length:");
 486              		.loc 1 211 26 view .LVU138
 487 01bc BAE7     		b	.L16
 488              	.LVL58:
 489              	.L10:
 211:Core/Src/device/ota_download.c ****                 char *cl = strstr(resp, "Content-Length:");
 490              		.loc 1 211 26 view .LVU139
 491              	.LBE11:
 492              	.LBE12:
 493              	.LBE15:
 227:Core/Src/device/ota_download.c ****         printf("[OTA] HTTP response timeout\r\n");
 494              		.loc 1 227 5 is_stmt 1 view .LVU140
 227:Core/Src/device/ota_download.c ****         printf("[OTA] HTTP response timeout\r\n");
 495              		.loc 1 227 8 is_stmt 0 view .LVU141
 496 01be 002D     		cmp	r5, #0
 497 01c0 C6D1     		bne	.L19
 498              	.LVL59:
 499              	.L20:
 228:Core/Src/device/ota_download.c ****         ESP8266_SendCmd("AT+CIPCLOSE\r\n", "OK");
 500              		.loc 1 228 9 is_stmt 1 view .LVU142
 501 01c2 1748     		ldr	r0, .L53+72
 502 01c4 FFF7FEFF 		bl	puts
 503              	.LVL60:
 229:Core/Src/device/ota_download.c ****         return false;
 504              		.loc 1 229 9 view .LVU143
 505 01c8 1149     		ldr	r1, .L53+56
 506 01ca 1248     		ldr	r0, .L53+60
 507 01cc FFF7FEFF 		bl	ESP8266_SendCmd
 508              	.LVL61:
 230:Core/Src/device/ota_download.c ****     }
 509              		.loc 1 230 9 view .LVU144
 230:Core/Src/device/ota_download.c ****     }
 510              		.loc 1 230 16 is_stmt 0 view .LVU145
 511 01d0 CFE7     		b	.L4
 512              	.LVL62:
 513              	.L17:
 227:Core/Src/device/ota_download.c ****         printf("[OTA] HTTP response timeout\r\n");
 514              		.loc 1 227 5 is_stmt 1 view .LVU146
 227:Core/Src/device/ota_download.c ****         printf("[OTA] HTTP response timeout\r\n");
 515              		.loc 1 227 8 is_stmt 0 view .LVU147
ARM GAS  C:\Users\airforce\AppData\Local\Temp\ccDyHakX.s 			page 16


 516 01d2 002D     		cmp	r5, #0
 517 01d4 BED1     		bne	.L21
 518 01d6 F4E7     		b	.L20
 519              	.L54:
 520              		.align	2
 521              	.L53:
 522 01d8 01000000 		.word	.LC1
 523 01dc 16000000 		.word	.LC2
 524 01e0 4D000000 		.word	.LC4
 525 01e4 98000000 		.word	.LC8
 526 01e8 00CF9D74 		.word	1956499200
 527 01ec 55000000 		.word	.LC5
 528 01f0 82000000 		.word	.LC6
 529 01f4 8D000000 		.word	.LC7
 530 01f8 00000000 		.word	.LC0
 531 01fc 9B000000 		.word	.LC9
 532 0200 30010000 		.word	.LC11
 533 0204 00000000 		.word	esp8266_buf
 534 0208 35010000 		.word	.LC12
 535 020c 3A010000 		.word	.LC13
 536 0210 67010000 		.word	.LC15
 537 0214 6A010000 		.word	.LC16
 538 0218 32000000 		.word	.LC3
 539 021c 00010000 		.word	.LC10
 540 0220 4A010000 		.word	.LC14
 541              		.cfi_endproc
 542              	.LFE70:
 544              		.section	.rodata.OTA_ReportVersion.str1.1,"aMS",%progbits,1
 545              	.LC17:
 546 0000 7B22735F 		.ascii	"{\"s_version\":\"%s\", \"f_version\": \"V9.9\"}\000"
 546      76657273 
 546      696F6E22 
 546      3A222573 
 546      222C2022 
 547              	.LC18:
 548 0028 2F667573 		.ascii	"/fuse-ota/9dc95AKVYS/d1/version\000"
 548      652D6F74 
 548      612F3964 
 548      63393541 
 548      4B565953 
 549              	.LC19:
 550 0048 504F5354 		.ascii	"POST\000"
 550      00
 551              	.LC20:
 552 004d 226D7367 		.ascii	"\"msg\":\"succ\"\000"
 552      223A2273 
 552      75636322 
 552      00
 553              	.LC21:
 554 005a 5B4F5441 		.ascii	"[OTA] Version report: %s\015\012\000"
 554      5D205665 
 554      7273696F 
 554      6E207265 
 554      706F7274 
 555              	.LC22:
 556 0075 5B4F5441 		.ascii	"[OTA] Version reported OK\015\000"
 556      5D205665 
ARM GAS  C:\Users\airforce\AppData\Local\Temp\ccDyHakX.s 			page 17


 556      7273696F 
 556      6E207265 
 556      706F7274 
 557              		.section	.text.OTA_ReportVersion,"ax",%progbits
 558              		.align	1
 559              		.syntax unified
 560              		.thumb
 561              		.thumb_func
 563              	OTA_ReportVersion:
 564              	.LFB71:
 240:Core/Src/device/ota_download.c **** 
 241:Core/Src/device/ota_download.c **** /* ==================================================================
 242:Core/Src/device/ota_download.c ****  *  步骤1：上报版本号
 243:Core/Src/device/ota_download.c ****  * ================================================================== */
 244:Core/Src/device/ota_download.c **** static bool OTA_ReportVersion(void)
 245:Core/Src/device/ota_download.c **** {
 565              		.loc 1 245 1 is_stmt 1 view -0
 566              		.cfi_startproc
 567              		@ args = 0, pretend = 0, frame = 576
 568              		@ frame_needed = 0, uses_anonymous_args = 0
 246:Core/Src/device/ota_download.c ****     char resp[512];
 569              		.loc 1 246 5 view .LVU149
 247:Core/Src/device/ota_download.c ****     char body[64];
 570              		.loc 1 247 5 view .LVU150
 248:Core/Src/device/ota_download.c **** 
 249:Core/Src/device/ota_download.c ****     /* 版本号格式: s_version=当前版本, f_version=支持的升级版本范围 */
 250:Core/Src/device/ota_download.c ****     snprintf(body, sizeof(body),
 571              		.loc 1 250 5 view .LVU151
 245:Core/Src/device/ota_download.c ****     char resp[512];
 572              		.loc 1 245 1 is_stmt 0 view .LVU152
 573 0000 30B5     		push	{r4, r5, lr}
 574              	.LCFI4:
 575              		.cfi_def_cfa_offset 12
 576              		.cfi_offset 4, -12
 577              		.cfi_offset 5, -8
 578              		.cfi_offset 14, -4
 579 0002 ADF5157D 		sub	sp, sp, #596
 580              	.LCFI5:
 581              		.cfi_def_cfa_offset 608
 582              		.loc 1 250 5 view .LVU153
 583 0006 4021     		movs	r1, #64
 584 0008 134B     		ldr	r3, .L62
 585 000a 144A     		ldr	r2, .L62+4
 586 000c 04A8     		add	r0, sp, #16
 587 000e FFF7FEFF 		bl	snprintf
 588              	.LVL63:
 251:Core/Src/device/ota_download.c ****              "{\"s_version\":\"%s\", \"f_version\": \"V9.9\"}", current_version);
 252:Core/Src/device/ota_download.c **** 
 253:Core/Src/device/ota_download.c ****     if (!OTA_HttpRequest("POST", "/fuse-ota/" ONENET_PROID "/" ONENET_DEV_NAME "/version",
 589              		.loc 1 253 5 is_stmt 1 view .LVU154
 590              		.loc 1 253 10 is_stmt 0 view .LVU155
 591 0012 4FF4FA73 		mov	r3, #500
 592 0016 0022     		movs	r2, #0
 593 0018 CDE90232 		strd	r3, r2, [sp, #8]
 594 001c 4FF40073 		mov	r3, #512
 595 0020 14AD     		add	r5, sp, #80
 596 0022 0193     		str	r3, [sp, #4]
ARM GAS  C:\Users\airforce\AppData\Local\Temp\ccDyHakX.s 			page 18


 597 0024 0E49     		ldr	r1, .L62+8
 598 0026 0F48     		ldr	r0, .L62+12
 599 0028 0095     		str	r5, [sp]
 600 002a 04AB     		add	r3, sp, #16
 601 002c FFF7FEFF 		bl	OTA_HttpRequest
 602              	.LVL64:
 603              		.loc 1 253 8 discriminator 1 view .LVU156
 604 0030 0446     		mov	r4, r0
 605 0032 40B1     		cbz	r0, .L56
 254:Core/Src/device/ota_download.c ****                          NULL, body, resp, sizeof(resp), 500, NULL)) {
 255:Core/Src/device/ota_download.c ****         return false;
 256:Core/Src/device/ota_download.c ****     }
 257:Core/Src/device/ota_download.c **** 
 258:Core/Src/device/ota_download.c ****     if (strstr(resp, "\"msg\":\"succ\"") == NULL) {
 606              		.loc 1 258 5 is_stmt 1 view .LVU157
 607              		.loc 1 258 9 is_stmt 0 view .LVU158
 608 0034 2846     		mov	r0, r5
 609 0036 0C49     		ldr	r1, .L62+16
 610 0038 FFF7FEFF 		bl	strstr
 611              	.LVL65:
 612              		.loc 1 258 8 discriminator 1 view .LVU159
 613 003c 40B9     		cbnz	r0, .L57
 259:Core/Src/device/ota_download.c ****         printf("[OTA] Version report: %s\r\n", resp);
 614              		.loc 1 259 9 is_stmt 1 view .LVU160
 615 003e 2946     		mov	r1, r5
 616 0040 0A48     		ldr	r0, .L62+20
 617 0042 FFF7FEFF 		bl	printf
 618              	.LVL66:
 260:Core/Src/device/ota_download.c ****         return false;
 619              		.loc 1 260 9 view .LVU161
 620              	.L56:
 255:Core/Src/device/ota_download.c ****     }
 621              		.loc 1 255 16 is_stmt 0 view .LVU162
 622 0046 0024     		movs	r4, #0
 623              	.L58:
 261:Core/Src/device/ota_download.c ****     }
 262:Core/Src/device/ota_download.c **** 
 263:Core/Src/device/ota_download.c ****     printf("[OTA] Version reported OK\r\n");
 264:Core/Src/device/ota_download.c ****     return true;
 265:Core/Src/device/ota_download.c **** }
 624              		.loc 1 265 1 view .LVU163
 625 0048 2046     		mov	r0, r4
 626 004a 0DF5157D 		add	sp, sp, #596
 627              	.LCFI6:
 628              		.cfi_remember_state
 629              		.cfi_def_cfa_offset 12
 630              		@ sp needed
 631 004e 30BD     		pop	{r4, r5, pc}
 632              	.L57:
 633              	.LCFI7:
 634              		.cfi_restore_state
 263:Core/Src/device/ota_download.c ****     return true;
 635              		.loc 1 263 5 is_stmt 1 view .LVU164
 636 0050 0748     		ldr	r0, .L62+24
 637 0052 FFF7FEFF 		bl	puts
 638              	.LVL67:
 264:Core/Src/device/ota_download.c **** }
ARM GAS  C:\Users\airforce\AppData\Local\Temp\ccDyHakX.s 			page 19


 639              		.loc 1 264 5 view .LVU165
 264:Core/Src/device/ota_download.c **** }
 640              		.loc 1 264 12 is_stmt 0 view .LVU166
 641 0056 F7E7     		b	.L58
 642              	.L63:
 643              		.align	2
 644              	.L62:
 645 0058 00000000 		.word	current_version
 646 005c 00000000 		.word	.LC17
 647 0060 28000000 		.word	.LC18
 648 0064 48000000 		.word	.LC19
 649 0068 4D000000 		.word	.LC20
 650 006c 5A000000 		.word	.LC21
 651 0070 75000000 		.word	.LC22
 652              		.cfi_endproc
 653              	.LFE71:
 655              		.section	.rodata.OTA_CheckTask.str1.1,"aMS",%progbits,1
 656              	.LC23:
 657 0000 2F667573 		.ascii	"/fuse-ota/%s/%s/check?type=2&version=%s\000"
 657      652D6F74 
 657      612F2573 
 657      2F25732F 
 657      63686563 
 658              	.LC24:
 659 0028 47455400 		.ascii	"GET\000"
 660              	.LC25:
 661 002c 226D7367 		.ascii	"\"msg\":\"not exist\"\000"
 661      223A226E 
 661      6F742065 
 661      78697374 
 661      2200
 662              	.LC26:
 663 003e 5B4F5441 		.ascii	"[OTA] No upgrade task\015\000"
 663      5D204E6F 
 663      20757067 
 663      72616465 
 663      20746173 
 664              	.LC27:
 665 0055 5B4F5441 		.ascii	"[OTA] Check response: %s\015\012\000"
 665      5D204368 
 665      65636B20 
 665      72657370 
 665      6F6E7365 
 666              	.LC28:
 667 0070 22746172 		.ascii	"\"target\":\"\000"
 667      67657422 
 667      3A2200
 668              	.LC29:
 669 007b 22746964 		.ascii	"\"tid\":\000"
 669      223A00
 670              	.LC30:
 671 0082 2273697A 		.ascii	"\"size\":\000"
 671      65223A00 
 672              	.LC31:
 673 008a 226D6435 		.ascii	"\"md5\":\"\000"
 673      223A2200 
 674              	.LC32:
ARM GAS  C:\Users\airforce\AppData\Local\Temp\ccDyHakX.s 			page 20


 675 0092 5B4F5441 		.ascii	"[OTA] Parsed: target=%s, tid=%s, size=%lu, md5=%s\015"
 675      5D205061 
 675      72736564 
 675      3A207461 
 675      72676574 
 676 00c4 0A00     		.ascii	"\012\000"
 677              	.LC33:
 678 00c6 5B4F5441 		.ascii	"[OTA] Parse failed: target=%p, tid=%p, size=%p\015\012"
 678      5D205061 
 678      72736520 
 678      6661696C 
 678      65643A20 
 679 00f6 00       		.ascii	"\000"
 680              		.section	.text.OTA_CheckTask,"ax",%progbits
 681              		.align	1
 682              		.syntax unified
 683              		.thumb
 684              		.thumb_func
 686              	OTA_CheckTask:
 687              	.LFB72:
 266:Core/Src/device/ota_download.c **** 
 267:Core/Src/device/ota_download.c **** /* ==================================================================
 268:Core/Src/device/ota_download.c ****  *  步骤2：查询 OTA 任务
 269:Core/Src/device/ota_download.c ****  * ================================================================== */
 270:Core/Src/device/ota_download.c **** static bool OTA_CheckTask(void)
 271:Core/Src/device/ota_download.c **** {
 688              		.loc 1 271 1 is_stmt 1 view -0
 689              		.cfi_startproc
 690              		@ args = 0, pretend = 0, frame = 584
 691              		@ frame_needed = 0, uses_anonymous_args = 0
 272:Core/Src/device/ota_download.c ****     char resp[512];
 692              		.loc 1 272 5 view .LVU168
 273:Core/Src/device/ota_download.c ****     char path[64];
 693              		.loc 1 273 5 view .LVU169
 274:Core/Src/device/ota_download.c **** 
 275:Core/Src/device/ota_download.c ****     /* 提取主版本号 "V1.0" → "1.0" */
 276:Core/Src/device/ota_download.c ****     char ver_num[8];
 694              		.loc 1 276 5 view .LVU170
 277:Core/Src/device/ota_download.c ****     strncpy(ver_num, current_version + 1, sizeof(ver_num) - 1);  /* 跳过 'V' */
 695              		.loc 1 277 5 view .LVU171
 271:Core/Src/device/ota_download.c ****     char resp[512];
 696              		.loc 1 271 1 is_stmt 0 view .LVU172
 697 0000 2DE9F043 		push	{r4, r5, r6, r7, r8, r9, lr}
 698              	.LCFI8:
 699              		.cfi_def_cfa_offset 28
 700              		.cfi_offset 4, -28
 701              		.cfi_offset 5, -24
 702              		.cfi_offset 6, -20
 703              		.cfi_offset 7, -16
 704              		.cfi_offset 8, -12
 705              		.cfi_offset 9, -8
 706              		.cfi_offset 14, -4
 707 0004 ADF5177D 		sub	sp, sp, #604
 708              	.LCFI9:
 709              		.cfi_def_cfa_offset 632
 710              		.loc 1 277 5 view .LVU173
 711 0008 04AB     		add	r3, sp, #16
ARM GAS  C:\Users\airforce\AppData\Local\Temp\ccDyHakX.s 			page 21


 712 000a 0722     		movs	r2, #7
 713 000c 1846     		mov	r0, r3
 714 000e 5549     		ldr	r1, .L120
 715 0010 FFF7FEFF 		bl	strncpy
 716              	.LVL68:
 278:Core/Src/device/ota_download.c **** 
 279:Core/Src/device/ota_download.c ****     snprintf(path, sizeof(path), "/fuse-ota/%s/%s/check?type=2&version=%s",
 717              		.loc 1 279 5 is_stmt 1 view .LVU174
 718 0014 544B     		ldr	r3, .L120+4
 719 0016 4021     		movs	r1, #64
 720 0018 544A     		ldr	r2, .L120+8
 721 001a 0190     		str	r0, [sp, #4]
 722 001c 0093     		str	r3, [sp]
 723 001e 06A8     		add	r0, sp, #24
 724 0020 534B     		ldr	r3, .L120+12
 725 0022 FFF7FEFF 		bl	snprintf
 726              	.LVL69:
 280:Core/Src/device/ota_download.c ****              ONENET_PROID, ONENET_DEV_NAME, ver_num);
 281:Core/Src/device/ota_download.c **** 
 282:Core/Src/device/ota_download.c ****     if (!OTA_HttpRequest("GET", path, NULL, NULL, resp, sizeof(resp), 500, NULL)) {
 727              		.loc 1 282 5 view .LVU175
 728              		.loc 1 282 10 is_stmt 0 view .LVU176
 729 0026 0023     		movs	r3, #0
 730 0028 4FF4FA72 		mov	r2, #500
 731 002c CDE90223 		strd	r2, r3, [sp, #8]
 732 0030 4FF40072 		mov	r2, #512
 733 0034 16AD     		add	r5, sp, #88
 734 0036 0192     		str	r2, [sp, #4]
 735 0038 4E48     		ldr	r0, .L120+16
 736 003a 1A46     		mov	r2, r3
 737 003c 0095     		str	r5, [sp]
 738 003e 06A9     		add	r1, sp, #24
 739 0040 FFF7FEFF 		bl	OTA_HttpRequest
 740              	.LVL70:
 741              		.loc 1 282 8 discriminator 1 view .LVU177
 742 0044 0646     		mov	r6, r0
 743 0046 40B1     		cbz	r0, .L65
 283:Core/Src/device/ota_download.c ****         return false;
 284:Core/Src/device/ota_download.c ****     }
 285:Core/Src/device/ota_download.c **** 
 286:Core/Src/device/ota_download.c ****     /* 检查是否无任务 */
 287:Core/Src/device/ota_download.c ****     if (strstr(resp, "\"msg\":\"not exist\"") != NULL) {
 744              		.loc 1 287 5 is_stmt 1 view .LVU178
 745              		.loc 1 287 9 is_stmt 0 view .LVU179
 746 0048 2846     		mov	r0, r5
 747 004a 4B49     		ldr	r1, .L120+20
 748 004c FFF7FEFF 		bl	strstr
 749              	.LVL71:
 750              		.loc 1 287 8 discriminator 1 view .LVU180
 751 0050 0746     		mov	r7, r0
 752 0052 40B1     		cbz	r0, .L66
 288:Core/Src/device/ota_download.c ****         printf("[OTA] No upgrade task\r\n");
 753              		.loc 1 288 9 is_stmt 1 view .LVU181
 754 0054 4948     		ldr	r0, .L120+24
 755 0056 FFF7FEFF 		bl	puts
 756              	.LVL72:
 289:Core/Src/device/ota_download.c ****         return false;
ARM GAS  C:\Users\airforce\AppData\Local\Temp\ccDyHakX.s 			page 22


 757              		.loc 1 289 9 view .LVU182
 758              	.L65:
 283:Core/Src/device/ota_download.c ****         return false;
 759              		.loc 1 283 16 is_stmt 0 view .LVU183
 760 005a 0026     		movs	r6, #0
 761              	.L67:
 290:Core/Src/device/ota_download.c ****     }
 291:Core/Src/device/ota_download.c **** 
 292:Core/Src/device/ota_download.c ****     /* 打印原始响应帮助调试 */
 293:Core/Src/device/ota_download.c ****     printf("[OTA] Check response: %s\r\n", resp);
 294:Core/Src/device/ota_download.c **** 
 295:Core/Src/device/ota_download.c ****     /* 解析任务信息 */
 296:Core/Src/device/ota_download.c ****     char *target = strstr(resp, "\"target\":\"");
 297:Core/Src/device/ota_download.c ****     char *tid    = strstr(resp, "\"tid\":");
 298:Core/Src/device/ota_download.c ****     char *size   = strstr(resp, "\"size\":");
 299:Core/Src/device/ota_download.c **** 
 300:Core/Src/device/ota_download.c ****     if (target && tid && size) {
 301:Core/Src/device/ota_download.c ****         /* 提取 target 版本 */
 302:Core/Src/device/ota_download.c ****         char *p = target + 10;
 303:Core/Src/device/ota_download.c ****         int i = 0;
 304:Core/Src/device/ota_download.c ****         while (*p && *p != '"' && i < (int)sizeof(ota_new_ver) - 1) {
 305:Core/Src/device/ota_download.c ****             ota_new_ver[i++] = *p++;
 306:Core/Src/device/ota_download.c ****         }
 307:Core/Src/device/ota_download.c ****         ota_new_ver[i] = '\0';
 308:Core/Src/device/ota_download.c **** 
 309:Core/Src/device/ota_download.c ****         /* 提取 tid（数字类型，JSON 中 "tid":1481581） */
 310:Core/Src/device/ota_download.c ****         p = strchr(tid, ':');
 311:Core/Src/device/ota_download.c ****         if (p) {
 312:Core/Src/device/ota_download.c ****             p++;
 313:Core/Src/device/ota_download.c ****             while (*p == ' ') p++;
 314:Core/Src/device/ota_download.c ****             i = 0;
 315:Core/Src/device/ota_download.c ****             while (*p >= '0' && *p <= '9' && i < (int)sizeof(ota_tid) - 1) {
 316:Core/Src/device/ota_download.c ****                 ota_tid[i++] = *p++;
 317:Core/Src/device/ota_download.c ****             }
 318:Core/Src/device/ota_download.c ****             ota_tid[i] = '\0';
 319:Core/Src/device/ota_download.c ****         }
 320:Core/Src/device/ota_download.c **** 
 321:Core/Src/device/ota_download.c ****         /* 提取 size（数字类型，"size":39020） */
 322:Core/Src/device/ota_download.c ****         p = strchr(size, ':');
 323:Core/Src/device/ota_download.c ****         if (p) {
 324:Core/Src/device/ota_download.c ****             p++;
 325:Core/Src/device/ota_download.c ****             while (*p == ' ') p++;
 326:Core/Src/device/ota_download.c ****             ota_file_size = (uint32_t)strtoul(p, NULL, 10);
 327:Core/Src/device/ota_download.c ****         }
 328:Core/Src/device/ota_download.c **** 
 329:Core/Src/device/ota_download.c ****         /* 提取 md5（JSON 中 "md5":"xxx"，长度 32 字符） */
 330:Core/Src/device/ota_download.c ****         char *md5 = strstr(resp, "\"md5\":\"");
 331:Core/Src/device/ota_download.c ****         if (md5) {
 332:Core/Src/device/ota_download.c ****             p = md5 + 7;  /* 跳过 "md5":" */
 333:Core/Src/device/ota_download.c ****             i = 0;
 334:Core/Src/device/ota_download.c ****             while (*p && *p != '"' && i < (int)sizeof(ota_server_md5) - 1) {
 335:Core/Src/device/ota_download.c ****                 ota_server_md5[i++] = *p++;
 336:Core/Src/device/ota_download.c ****             }
 337:Core/Src/device/ota_download.c ****             ota_server_md5[i] = '\0';
 338:Core/Src/device/ota_download.c ****         }
 339:Core/Src/device/ota_download.c **** 
 340:Core/Src/device/ota_download.c ****         printf("[OTA] Parsed: target=%s, tid=%s, size=%lu, md5=%s\r\n",
ARM GAS  C:\Users\airforce\AppData\Local\Temp\ccDyHakX.s 			page 23


 341:Core/Src/device/ota_download.c ****                ota_new_ver, ota_tid, (unsigned long)ota_file_size, ota_server_md5);
 342:Core/Src/device/ota_download.c ****         return true;
 343:Core/Src/device/ota_download.c ****     }
 344:Core/Src/device/ota_download.c **** 
 345:Core/Src/device/ota_download.c ****     printf("[OTA] Parse failed: target=%p, tid=%p, size=%p\r\n",
 346:Core/Src/device/ota_download.c ****            (void*)target, (void*)tid, (void*)size);
 347:Core/Src/device/ota_download.c ****     return false;
 348:Core/Src/device/ota_download.c **** }
 762              		.loc 1 348 1 view .LVU184
 763 005c 3046     		mov	r0, r6
 764 005e 0DF5177D 		add	sp, sp, #604
 765              	.LCFI10:
 766              		.cfi_remember_state
 767              		.cfi_def_cfa_offset 28
 768              		@ sp needed
 769 0062 BDE8F083 		pop	{r4, r5, r6, r7, r8, r9, pc}
 770              	.L66:
 771              	.LCFI11:
 772              		.cfi_restore_state
 293:Core/Src/device/ota_download.c **** 
 773              		.loc 1 293 5 is_stmt 1 view .LVU185
 774 0066 2946     		mov	r1, r5
 775 0068 4548     		ldr	r0, .L120+28
 776 006a FFF7FEFF 		bl	printf
 777              	.LVL73:
 296:Core/Src/device/ota_download.c ****     char *tid    = strstr(resp, "\"tid\":");
 778              		.loc 1 296 5 view .LVU186
 296:Core/Src/device/ota_download.c ****     char *tid    = strstr(resp, "\"tid\":");
 779              		.loc 1 296 20 is_stmt 0 view .LVU187
 780 006e 4549     		ldr	r1, .L120+32
 781 0070 2846     		mov	r0, r5
 782 0072 FFF7FEFF 		bl	strstr
 783              	.LVL74:
 297:Core/Src/device/ota_download.c ****     char *size   = strstr(resp, "\"size\":");
 784              		.loc 1 297 20 view .LVU188
 785 0076 4449     		ldr	r1, .L120+36
 296:Core/Src/device/ota_download.c ****     char *tid    = strstr(resp, "\"tid\":");
 786              		.loc 1 296 20 view .LVU189
 787 0078 0446     		mov	r4, r0
 788              	.LVL75:
 297:Core/Src/device/ota_download.c ****     char *size   = strstr(resp, "\"size\":");
 789              		.loc 1 297 5 is_stmt 1 view .LVU190
 297:Core/Src/device/ota_download.c ****     char *size   = strstr(resp, "\"size\":");
 790              		.loc 1 297 20 is_stmt 0 view .LVU191
 791 007a 2846     		mov	r0, r5
 792              	.LVL76:
 297:Core/Src/device/ota_download.c ****     char *size   = strstr(resp, "\"size\":");
 793              		.loc 1 297 20 view .LVU192
 794 007c FFF7FEFF 		bl	strstr
 795              	.LVL77:
 298:Core/Src/device/ota_download.c **** 
 796              		.loc 1 298 20 view .LVU193
 797 0080 4249     		ldr	r1, .L120+40
 297:Core/Src/device/ota_download.c ****     char *size   = strstr(resp, "\"size\":");
 798              		.loc 1 297 20 view .LVU194
 799 0082 8146     		mov	r9, r0
 800              	.LVL78:
ARM GAS  C:\Users\airforce\AppData\Local\Temp\ccDyHakX.s 			page 24


 298:Core/Src/device/ota_download.c **** 
 801              		.loc 1 298 5 is_stmt 1 view .LVU195
 298:Core/Src/device/ota_download.c **** 
 802              		.loc 1 298 20 is_stmt 0 view .LVU196
 803 0084 2846     		mov	r0, r5
 804              	.LVL79:
 298:Core/Src/device/ota_download.c **** 
 805              		.loc 1 298 20 view .LVU197
 806 0086 FFF7FEFF 		bl	strstr
 807              	.LVL80:
 808 008a 8046     		mov	r8, r0
 809              	.LVL81:
 300:Core/Src/device/ota_download.c ****         /* 提取 target 版本 */
 810              		.loc 1 300 5 is_stmt 1 view .LVU198
 300:Core/Src/device/ota_download.c ****         /* 提取 target 版本 */
 811              		.loc 1 300 8 is_stmt 0 view .LVU199
 812 008c 002C     		cmp	r4, #0
 813 008e 61D0     		beq	.L68
 300:Core/Src/device/ota_download.c ****         /* 提取 target 版本 */
 814              		.loc 1 300 16 discriminator 1 view .LVU200
 815 0090 B9F1000F 		cmp	r9, #0
 816 0094 5ED0     		beq	.L68
 300:Core/Src/device/ota_download.c ****         /* 提取 target 版本 */
 817              		.loc 1 300 23 discriminator 2 view .LVU201
 818 0096 0028     		cmp	r0, #0
 819 0098 5CD0     		beq	.L68
 820              	.LBB16:
 302:Core/Src/device/ota_download.c ****         int i = 0;
 821              		.loc 1 302 9 is_stmt 1 view .LVU202
 822              	.LVL82:
 303:Core/Src/device/ota_download.c ****         while (*p && *p != '"' && i < (int)sizeof(ota_new_ver) - 1) {
 823              		.loc 1 303 9 view .LVU203
 304:Core/Src/device/ota_download.c ****             ota_new_ver[i++] = *p++;
 824              		.loc 1 304 9 view .LVU204
 825 009a 3D4A     		ldr	r2, .L120+44
 303:Core/Src/device/ota_download.c ****         while (*p && *p != '"' && i < (int)sizeof(ota_new_ver) - 1) {
 826              		.loc 1 303 13 is_stmt 0 view .LVU205
 827 009c 3946     		mov	r1, r7
 828 009e 1046     		mov	r0, r2
 829              	.LVL83:
 303:Core/Src/device/ota_download.c ****         while (*p && *p != '"' && i < (int)sizeof(ota_new_ver) - 1) {
 830              		.loc 1 303 13 view .LVU206
 831 00a0 0934     		adds	r4, r4, #9
 832              	.LVL84:
 833              	.L69:
 304:Core/Src/device/ota_download.c ****             ota_new_ver[i++] = *p++;
 834              		.loc 1 304 32 is_stmt 1 view .LVU207
 304:Core/Src/device/ota_download.c ****             ota_new_ver[i++] = *p++;
 835              		.loc 1 304 16 is_stmt 0 view .LVU208
 836 00a2 14F8013F 		ldrb	r3, [r4, #1]!	@ zero_extendqisi2
 304:Core/Src/device/ota_download.c ****             ota_new_ver[i++] = *p++;
 837              		.loc 1 304 32 view .LVU209
 838 00a6 1BB1     		cbz	r3, .L70
 304:Core/Src/device/ota_download.c ****             ota_new_ver[i++] = *p++;
 839              		.loc 1 304 19 discriminator 1 view .LVU210
 840 00a8 222B     		cmp	r3, #34
 841 00aa 01D0     		beq	.L70
ARM GAS  C:\Users\airforce\AppData\Local\Temp\ccDyHakX.s 			page 25


 304:Core/Src/device/ota_download.c ****             ota_new_ver[i++] = *p++;
 842              		.loc 1 304 32 discriminator 2 view .LVU211
 843 00ac 0F29     		cmp	r1, #15
 844 00ae 45D1     		bne	.L71
 845              	.L70:
 307:Core/Src/device/ota_download.c **** 
 846              		.loc 1 307 9 is_stmt 1 view .LVU212
 307:Core/Src/device/ota_download.c **** 
 847              		.loc 1 307 24 is_stmt 0 view .LVU213
 848 00b0 0023     		movs	r3, #0
 849 00b2 4354     		strb	r3, [r0, r1]
 310:Core/Src/device/ota_download.c ****         if (p) {
 850              		.loc 1 310 9 is_stmt 1 view .LVU214
 310:Core/Src/device/ota_download.c ****         if (p) {
 851              		.loc 1 310 13 is_stmt 0 view .LVU215
 852 00b4 3A21     		movs	r1, #58
 853              	.LVL85:
 310:Core/Src/device/ota_download.c ****         if (p) {
 854              		.loc 1 310 13 view .LVU216
 855 00b6 4846     		mov	r0, r9
 856 00b8 FFF7FEFF 		bl	strchr
 857              	.LVL86:
 311:Core/Src/device/ota_download.c ****             p++;
 858              		.loc 1 311 9 is_stmt 1 view .LVU217
 311:Core/Src/device/ota_download.c ****             p++;
 859              		.loc 1 311 12 is_stmt 0 view .LVU218
 860 00bc 0246     		mov	r2, r0
 861 00be 88B1     		cbz	r0, .L72
 312:Core/Src/device/ota_download.c ****             while (*p == ' ') p++;
 862              		.loc 1 312 13 is_stmt 1 view .LVU219
 863              	.LVL87:
 313:Core/Src/device/ota_download.c ****             i = 0;
 864              		.loc 1 313 13 view .LVU220
 312:Core/Src/device/ota_download.c ****             while (*p == ' ') p++;
 865              		.loc 1 312 14 is_stmt 0 view .LVU221
 866 00c0 0132     		adds	r2, r2, #1
 867              	.LVL88:
 868              	.L73:
 312:Core/Src/device/ota_download.c ****             while (*p == ' ') p++;
 869              		.loc 1 312 14 view .LVU222
 870 00c2 1046     		mov	r0, r2
 871              	.LVL89:
 313:Core/Src/device/ota_download.c ****             i = 0;
 872              		.loc 1 313 23 is_stmt 1 discriminator 1 view .LVU223
 873 00c4 12F8013B 		ldrb	r3, [r2], #1	@ zero_extendqisi2
 874 00c8 202B     		cmp	r3, #32
 875 00ca FAD0     		beq	.L73
 876 00cc 314A     		ldr	r2, .L120+48
 314:Core/Src/device/ota_download.c ****             while (*p >= '0' && *p <= '9' && i < (int)sizeof(ota_tid) - 1) {
 877              		.loc 1 314 15 is_stmt 0 view .LVU224
 878 00ce 0023     		movs	r3, #0
 879 00d0 1446     		mov	r4, r2
 880              	.LVL90:
 881              	.L74:
 315:Core/Src/device/ota_download.c ****                 ota_tid[i++] = *p++;
 882              		.loc 1 315 43 is_stmt 1 view .LVU225
 315:Core/Src/device/ota_download.c ****                 ota_tid[i++] = *p++;
ARM GAS  C:\Users\airforce\AppData\Local\Temp\ccDyHakX.s 			page 26


 883              		.loc 1 315 20 is_stmt 0 view .LVU226
 884 00d2 C15C     		ldrb	r1, [r0, r3]	@ zero_extendqisi2
 315:Core/Src/device/ota_download.c ****                 ota_tid[i++] = *p++;
 885              		.loc 1 315 43 view .LVU227
 886 00d4 A1F13007 		sub	r7, r1, #48
 887 00d8 092F     		cmp	r7, #9
 888 00da 01D8     		bhi	.L75
 315:Core/Src/device/ota_download.c ****                 ota_tid[i++] = *p++;
 889              		.loc 1 315 43 discriminator 1 view .LVU228
 890 00dc 0F2B     		cmp	r3, #15
 891 00de 31D1     		bne	.L76
 892              	.L75:
 318:Core/Src/device/ota_download.c ****         }
 893              		.loc 1 318 13 is_stmt 1 view .LVU229
 318:Core/Src/device/ota_download.c ****         }
 894              		.loc 1 318 24 is_stmt 0 view .LVU230
 895 00e0 0022     		movs	r2, #0
 896 00e2 E254     		strb	r2, [r4, r3]
 897              	.LVL91:
 898              	.L72:
 322:Core/Src/device/ota_download.c ****         if (p) {
 899              		.loc 1 322 9 is_stmt 1 view .LVU231
 322:Core/Src/device/ota_download.c ****         if (p) {
 900              		.loc 1 322 13 is_stmt 0 view .LVU232
 901 00e4 3A21     		movs	r1, #58
 902 00e6 4046     		mov	r0, r8
 903 00e8 FFF7FEFF 		bl	strchr
 904              	.LVL92:
 323:Core/Src/device/ota_download.c ****             p++;
 905              		.loc 1 323 9 is_stmt 1 view .LVU233
 323:Core/Src/device/ota_download.c ****             p++;
 906              		.loc 1 323 12 is_stmt 0 view .LVU234
 907 00ec 58B1     		cbz	r0, .L77
 324:Core/Src/device/ota_download.c ****             while (*p == ' ') p++;
 908              		.loc 1 324 13 is_stmt 1 view .LVU235
 909              	.LVL93:
 325:Core/Src/device/ota_download.c ****             ota_file_size = (uint32_t)strtoul(p, NULL, 10);
 910              		.loc 1 325 13 view .LVU236
 324:Core/Src/device/ota_download.c ****             while (*p == ' ') p++;
 911              		.loc 1 324 14 is_stmt 0 view .LVU237
 912 00ee 431C     		adds	r3, r0, #1
 913              	.LVL94:
 914              	.L78:
 324:Core/Src/device/ota_download.c ****             while (*p == ' ') p++;
 915              		.loc 1 324 14 view .LVU238
 916 00f0 1846     		mov	r0, r3
 917              	.LVL95:
 325:Core/Src/device/ota_download.c ****             ota_file_size = (uint32_t)strtoul(p, NULL, 10);
 918              		.loc 1 325 23 is_stmt 1 discriminator 1 view .LVU239
 919 00f2 0278     		ldrb	r2, [r0]	@ zero_extendqisi2
 920 00f4 0133     		adds	r3, r3, #1
 921 00f6 202A     		cmp	r2, #32
 922 00f8 FAD0     		beq	.L78
 326:Core/Src/device/ota_download.c ****         }
 923              		.loc 1 326 13 view .LVU240
 326:Core/Src/device/ota_download.c ****         }
 924              		.loc 1 326 29 is_stmt 0 view .LVU241
ARM GAS  C:\Users\airforce\AppData\Local\Temp\ccDyHakX.s 			page 27


 925 00fa 0A22     		movs	r2, #10
 926 00fc 0021     		movs	r1, #0
 927 00fe FFF7FEFF 		bl	strtoul
 928              	.LVL96:
 326:Core/Src/device/ota_download.c ****         }
 929              		.loc 1 326 27 discriminator 1 view .LVU242
 930 0102 254B     		ldr	r3, .L120+52
 931 0104 1860     		str	r0, [r3]
 932              	.LVL97:
 933              	.L77:
 330:Core/Src/device/ota_download.c ****         if (md5) {
 934              		.loc 1 330 9 is_stmt 1 view .LVU243
 330:Core/Src/device/ota_download.c ****         if (md5) {
 935              		.loc 1 330 21 is_stmt 0 view .LVU244
 936 0106 2846     		mov	r0, r5
 937 0108 2449     		ldr	r1, .L120+56
 938 010a FFF7FEFF 		bl	strstr
 939              	.LVL98:
 331:Core/Src/device/ota_download.c ****             p = md5 + 7;  /* 跳过 "md5":" */
 940              		.loc 1 331 9 is_stmt 1 view .LVU245
 941 010e 244A     		ldr	r2, .L120+60
 331:Core/Src/device/ota_download.c ****             p = md5 + 7;  /* 跳过 "md5":" */
 942              		.loc 1 331 12 is_stmt 0 view .LVU246
 943 0110 58B1     		cbz	r0, .L79
 332:Core/Src/device/ota_download.c ****             i = 0;
 944              		.loc 1 332 13 is_stmt 1 view .LVU247
 945              	.LVL99:
 333:Core/Src/device/ota_download.c ****             while (*p && *p != '"' && i < (int)sizeof(ota_server_md5) - 1) {
 946              		.loc 1 333 13 view .LVU248
 334:Core/Src/device/ota_download.c ****                 ota_server_md5[i++] = *p++;
 947              		.loc 1 334 13 view .LVU249
 948 0112 1446     		mov	r4, r2
 333:Core/Src/device/ota_download.c ****             while (*p && *p != '"' && i < (int)sizeof(ota_server_md5) - 1) {
 949              		.loc 1 333 15 is_stmt 0 view .LVU250
 950 0114 0023     		movs	r3, #0
 951 0116 0630     		adds	r0, r0, #6
 952              	.LVL100:
 953              	.L80:
 334:Core/Src/device/ota_download.c ****                 ota_server_md5[i++] = *p++;
 954              		.loc 1 334 36 is_stmt 1 view .LVU251
 334:Core/Src/device/ota_download.c ****                 ota_server_md5[i++] = *p++;
 955              		.loc 1 334 20 is_stmt 0 view .LVU252
 956 0118 10F8011F 		ldrb	r1, [r0, #1]!	@ zero_extendqisi2
 334:Core/Src/device/ota_download.c ****                 ota_server_md5[i++] = *p++;
 957              		.loc 1 334 36 view .LVU253
 958 011c 19B1     		cbz	r1, .L81
 334:Core/Src/device/ota_download.c ****                 ota_server_md5[i++] = *p++;
 959              		.loc 1 334 23 discriminator 1 view .LVU254
 960 011e 2229     		cmp	r1, #34
 961 0120 01D0     		beq	.L81
 334:Core/Src/device/ota_download.c ****                 ota_server_md5[i++] = *p++;
 962              		.loc 1 334 36 discriminator 2 view .LVU255
 963 0122 202B     		cmp	r3, #32
 964 0124 12D1     		bne	.L82
 965              	.L81:
 337:Core/Src/device/ota_download.c ****         }
 966              		.loc 1 337 13 is_stmt 1 view .LVU256
ARM GAS  C:\Users\airforce\AppData\Local\Temp\ccDyHakX.s 			page 28


 337:Core/Src/device/ota_download.c ****         }
 967              		.loc 1 337 31 is_stmt 0 view .LVU257
 968 0126 0021     		movs	r1, #0
 969 0128 D154     		strb	r1, [r2, r3]
 970              	.LVL101:
 971              	.L79:
 340:Core/Src/device/ota_download.c ****                ota_new_ver, ota_tid, (unsigned long)ota_file_size, ota_server_md5);
 972              		.loc 1 340 9 is_stmt 1 view .LVU258
 973 012a 1B4B     		ldr	r3, .L120+52
 974 012c 0092     		str	r2, [sp]
 975 012e 1B68     		ldr	r3, [r3]
 976 0130 184A     		ldr	r2, .L120+48
 977 0132 1749     		ldr	r1, .L120+44
 978 0134 1B48     		ldr	r0, .L120+64
 979 0136 FFF7FEFF 		bl	printf
 980              	.LVL102:
 342:Core/Src/device/ota_download.c ****     }
 981              		.loc 1 342 9 view .LVU259
 342:Core/Src/device/ota_download.c ****     }
 982              		.loc 1 342 16 is_stmt 0 view .LVU260
 983 013a 8FE7     		b	.L67
 984              	.LVL103:
 985              	.L71:
 305:Core/Src/device/ota_download.c ****         }
 986              		.loc 1 305 13 is_stmt 1 view .LVU261
 305:Core/Src/device/ota_download.c ****         }
 987              		.loc 1 305 26 is_stmt 0 view .LVU262
 988 013c 0131     		adds	r1, r1, #1
 989              	.LVL104:
 305:Core/Src/device/ota_download.c ****         }
 990              		.loc 1 305 30 view .LVU263
 991 013e 02F8013B 		strb	r3, [r2], #1
 992 0142 AEE7     		b	.L69
 993              	.LVL105:
 994              	.L76:
 316:Core/Src/device/ota_download.c ****             }
 995              		.loc 1 316 17 is_stmt 1 view .LVU264
 316:Core/Src/device/ota_download.c ****             }
 996              		.loc 1 316 26 is_stmt 0 view .LVU265
 997 0144 0133     		adds	r3, r3, #1
 998              	.LVL106:
 316:Core/Src/device/ota_download.c ****             }
 999              		.loc 1 316 30 view .LVU266
 1000 0146 02F8011B 		strb	r1, [r2], #1
 1001 014a C2E7     		b	.L74
 1002              	.LVL107:
 1003              	.L82:
 335:Core/Src/device/ota_download.c ****             }
 1004              		.loc 1 335 17 is_stmt 1 view .LVU267
 335:Core/Src/device/ota_download.c ****             }
 1005              		.loc 1 335 33 is_stmt 0 view .LVU268
 1006 014c 0133     		adds	r3, r3, #1
 1007              	.LVL108:
 335:Core/Src/device/ota_download.c ****             }
 1008              		.loc 1 335 37 view .LVU269
 1009 014e 04F8011B 		strb	r1, [r4], #1
 1010 0152 E1E7     		b	.L80
ARM GAS  C:\Users\airforce\AppData\Local\Temp\ccDyHakX.s 			page 29


 1011              	.LVL109:
 1012              	.L68:
 335:Core/Src/device/ota_download.c ****             }
 1013              		.loc 1 335 37 view .LVU270
 1014              	.LBE16:
 345:Core/Src/device/ota_download.c ****            (void*)target, (void*)tid, (void*)size);
 1015              		.loc 1 345 5 is_stmt 1 view .LVU271
 1016 0154 4346     		mov	r3, r8
 1017 0156 4A46     		mov	r2, r9
 1018 0158 2146     		mov	r1, r4
 1019 015a 1348     		ldr	r0, .L120+68
 1020              	.LVL110:
 345:Core/Src/device/ota_download.c ****            (void*)target, (void*)tid, (void*)size);
 1021              		.loc 1 345 5 is_stmt 0 view .LVU272
 1022 015c FFF7FEFF 		bl	printf
 1023              	.LVL111:
 347:Core/Src/device/ota_download.c **** }
 1024              		.loc 1 347 5 is_stmt 1 view .LVU273
 347:Core/Src/device/ota_download.c **** }
 1025              		.loc 1 347 12 is_stmt 0 view .LVU274
 1026 0160 7BE7     		b	.L65
 1027              	.L121:
 1028 0162 00BF     		.align	2
 1029              	.L120:
 1030 0164 01000000 		.word	current_version+1
 1031 0168 98000000 		.word	.LC8
 1032 016c 00000000 		.word	.LC23
 1033 0170 82000000 		.word	.LC6
 1034 0174 28000000 		.word	.LC24
 1035 0178 2C000000 		.word	.LC25
 1036 017c 3E000000 		.word	.LC26
 1037 0180 55000000 		.word	.LC27
 1038 0184 70000000 		.word	.LC28
 1039 0188 7B000000 		.word	.LC29
 1040 018c 82000000 		.word	.LC30
 1041 0190 00000000 		.word	ota_new_ver
 1042 0194 00000000 		.word	ota_tid
 1043 0198 00000000 		.word	ota_file_size
 1044 019c 8A000000 		.word	.LC31
 1045 01a0 00000000 		.word	ota_server_md5
 1046 01a4 92000000 		.word	.LC32
 1047 01a8 C6000000 		.word	.LC33
 1048              		.cfi_endproc
 1049              	.LFE72:
 1051              		.section	.rodata.OTA_DownloadFirmware.str1.1,"aMS",%progbits,1
 1052              	.LC34:
 1053 0000 5B4F5441 		.ascii	"[OTA] Erasing W25Q64 slot A...\015\000"
 1053      5D204572 
 1053      6173696E 
 1053      67205732 
 1053      35513634 
 1054              	.LC35:
 1055 0020 5B4F5441 		.ascii	"[OTA] Erase done, downloading %lu bytes...\015\012\000"
 1055      5D204572 
 1055      61736520 
 1055      646F6E65 
 1055      2C20646F 
ARM GAS  C:\Users\airforce\AppData\Local\Temp\ccDyHakX.s 			page 30


 1056              	.LC36:
 1057 004d 5B4F5441 		.ascii	"[OTA] Error: firmware size is 0\015\000"
 1057      5D204572 
 1057      726F723A 
 1057      20666972 
 1057      6D776172 
 1058              	.LC37:
 1059 006e 2F667573 		.ascii	"/fuse-ota/%s/%s/%s/download\000"
 1059      652D6F74 
 1059      612F2573 
 1059      2F25732F 
 1059      25732F64 
 1060              	.LC38:
 1061 008a 5B4F5441 		.ascii	"[OTA] Download URL: %s, tid=%s\015\012\000"
 1061      5D20446F 
 1061      776E6C6F 
 1061      61642055 
 1061      524C3A20 
 1062              	.LC39:
 1063 00ab 52616E67 		.ascii	"Range:bytes=%lu-%lu\015\012\000"
 1063      653A6279 
 1063      7465733D 
 1063      256C752D 
 1063      256C750D 
 1064              	.LC40:
 1065 00c1 5B4F5441 		.ascii	"[OTA] Chunk timeout at offset %lu (retry %d/2)\015\012"
 1065      5D204368 
 1065      756E6B20 
 1065      74696D65 
 1065      6F757420 
 1066 00f1 00       		.ascii	"\000"
 1067              	.LC41:
 1068 00f2 5B4F5441 		.ascii	"[OTA] No data in response (retry %d/2)\015\012\000"
 1068      5D204E6F 
 1068      20646174 
 1068      6120696E 
 1068      20726573 
 1069              	.LC42:
 1070 011b 5B4F5441 		.ascii	"[OTA] Incomplete chunk: got=%lu need=%lu (retry %d/"
 1070      5D20496E 
 1070      636F6D70 
 1070      6C657465 
 1070      20636875 
 1071 014e 32290D0A 		.ascii	"2)\015\012\000"
 1071      00
 1072              	.LC43:
 1073 0153 5B4F5441 		.ascii	"[OTA] %lu/%lu (%d%%)\015\012\000"
 1073      5D20256C 
 1073      752F256C 
 1073      75202825 
 1073      64252529 
 1074              	.LC44:
 1075 016a 5B4F5441 		.ascii	"[OTA] Download chunk failed at offset %lu\015\012\000"
 1075      5D20446F 
 1075      776E6C6F 
 1075      61642063 
 1075      68756E6B 
ARM GAS  C:\Users\airforce\AppData\Local\Temp\ccDyHakX.s 			page 31


 1076              		.section	.text.OTA_DownloadFirmware,"ax",%progbits
 1077              		.align	1
 1078              		.syntax unified
 1079              		.thumb
 1080              		.thumb_func
 1082              	OTA_DownloadFirmware:
 1083              	.LFB73:
 349:Core/Src/device/ota_download.c **** 
 350:Core/Src/device/ota_download.c **** /* ==================================================================
 351:Core/Src/device/ota_download.c ****  *  步骤3：分片下载固件到 W25Q64
 352:Core/Src/device/ota_download.c ****  *  每片 256 字节，HTTP Range 请求
 353:Core/Src/device/ota_download.c ****  * ================================================================== */
 354:Core/Src/device/ota_download.c **** static bool OTA_DownloadFirmware(void)
 355:Core/Src/device/ota_download.c **** {
 1084              		.loc 1 355 1 is_stmt 1 view -0
 1085              		.cfi_startproc
 1086              		@ args = 0, pretend = 0, frame = 1536
 1087              		@ frame_needed = 0, uses_anonymous_args = 0
 356:Core/Src/device/ota_download.c ****     char resp[1400];   /* 多个 +IPD 片段拼接缓存 */
 1088              		.loc 1 356 5 view .LVU276
 357:Core/Src/device/ota_download.c ****     char path[64];
 1089              		.loc 1 357 5 view .LVU277
 358:Core/Src/device/ota_download.c ****     char extra[64];
 1090              		.loc 1 358 5 view .LVU278
 359:Core/Src/device/ota_download.c ****     uint32_t total = ota_file_size;
 1091              		.loc 1 359 5 view .LVU279
 355:Core/Src/device/ota_download.c ****     char resp[1400];   /* 多个 +IPD 片段拼接缓存 */
 1092              		.loc 1 355 1 is_stmt 0 view .LVU280
 1093 0000 2DE9F04F 		push	{r4, r5, r6, r7, r8, r9, r10, fp, lr}
 1094              	.LCFI12:
 1095              		.cfi_def_cfa_offset 36
 1096              		.cfi_offset 4, -36
 1097              		.cfi_offset 5, -32
 1098              		.cfi_offset 6, -28
 1099              		.cfi_offset 7, -24
 1100              		.cfi_offset 8, -20
 1101              		.cfi_offset 9, -16
 1102              		.cfi_offset 10, -12
 1103              		.cfi_offset 11, -8
 1104              		.cfi_offset 14, -4
 1105              		.loc 1 359 14 view .LVU281
 1106 0004 5B4B     		ldr	r3, .L145
 360:Core/Src/device/ota_download.c ****     uint32_t offset = 0;
 361:Core/Src/device/ota_download.c ****     uint32_t w25q_addr = W25Q64_OTA_SLOT_A;
 362:Core/Src/device/ota_download.c **** 
 363:Core/Src/device/ota_download.c ****     printf("[OTA] Erasing W25Q64 slot A...\r\n");
 1107              		.loc 1 363 5 view .LVU282
 1108 0006 5C48     		ldr	r0, .L145+4
 355:Core/Src/device/ota_download.c ****     char resp[1400];   /* 多个 +IPD 片段拼接缓存 */
 1109              		.loc 1 355 1 view .LVU283
 1110 0008 ADF2146D 		subw	sp, sp, #1556
 1111              	.LCFI13:
 1112              		.cfi_def_cfa_offset 1592
 359:Core/Src/device/ota_download.c ****     uint32_t offset = 0;
 1113              		.loc 1 359 14 view .LVU284
 1114 000c 1D68     		ldr	r5, [r3]
 1115              	.LVL112:
ARM GAS  C:\Users\airforce\AppData\Local\Temp\ccDyHakX.s 			page 32


 360:Core/Src/device/ota_download.c ****     uint32_t offset = 0;
 1116              		.loc 1 360 5 is_stmt 1 view .LVU285
 361:Core/Src/device/ota_download.c **** 
 1117              		.loc 1 361 5 view .LVU286
 1118              		.loc 1 363 5 view .LVU287
 1119              	.LBB17:
 364:Core/Src/device/ota_download.c ****     for (uint32_t addr = w25q_addr; addr < w25q_addr + W25Q64_OTA_SLOT_SIZE;
 1120              		.loc 1 364 19 is_stmt 0 view .LVU288
 1121 000e 4FF47044 		mov	r4, #61440
 1122              	.LBE17:
 363:Core/Src/device/ota_download.c ****     for (uint32_t addr = w25q_addr; addr < w25q_addr + W25Q64_OTA_SLOT_SIZE;
 1123              		.loc 1 363 5 view .LVU289
 1124 0012 FFF7FEFF 		bl	puts
 1125              	.LVL113:
 1126              		.loc 1 364 5 is_stmt 1 view .LVU290
 1127              	.LBB18:
 1128              		.loc 1 364 10 view .LVU291
 1129              		.loc 1 364 42 discriminator 1 view .LVU292
 1130              	.L123:
 365:Core/Src/device/ota_download.c ****          addr += W25Q64_SECTOR_SIZE) {
 366:Core/Src/device/ota_download.c ****         W25Q64_SectorErase(addr);
 1131              		.loc 1 366 9 view .LVU293
 1132 0016 2046     		mov	r0, r4
 365:Core/Src/device/ota_download.c ****          addr += W25Q64_SECTOR_SIZE) {
 1133              		.loc 1 365 15 is_stmt 0 view .LVU294
 1134 0018 04F58054 		add	r4, r4, #4096
 1135              	.LVL114:
 1136              		.loc 1 366 9 view .LVU295
 1137 001c FFF7FEFF 		bl	W25Q64_SectorErase
 1138              	.LVL115:
 365:Core/Src/device/ota_download.c ****          addr += W25Q64_SECTOR_SIZE) {
 1139              		.loc 1 365 15 is_stmt 1 view .LVU296
 364:Core/Src/device/ota_download.c ****          addr += W25Q64_SECTOR_SIZE) {
 1140              		.loc 1 364 42 discriminator 1 view .LVU297
 1141 0020 B4F5F03F 		cmp	r4, #122880
 1142 0024 F7D1     		bne	.L123
 1143              	.LBE18:
 367:Core/Src/device/ota_download.c ****     }
 368:Core/Src/device/ota_download.c ****     printf("[OTA] Erase done, downloading %lu bytes...\r\n", total);
 1144              		.loc 1 368 5 view .LVU298
 1145 0026 2946     		mov	r1, r5
 1146 0028 5448     		ldr	r0, .L145+8
 1147 002a FFF7FEFF 		bl	printf
 1148              	.LVL116:
 369:Core/Src/device/ota_download.c **** 
 370:Core/Src/device/ota_download.c ****     if (total == 0) {
 1149              		.loc 1 370 5 view .LVU299
 1150              		.loc 1 370 8 is_stmt 0 view .LVU300
 1151 002e 4DB9     		cbnz	r5, .L124
 371:Core/Src/device/ota_download.c ****         printf("[OTA] Error: firmware size is 0\r\n");
 1152              		.loc 1 371 9 is_stmt 1 view .LVU301
 1153 0030 5348     		ldr	r0, .L145+12
 1154 0032 FFF7FEFF 		bl	puts
 1155              	.LVL117:
 372:Core/Src/device/ota_download.c ****         return false;
 1156              		.loc 1 372 9 view .LVU302
 1157              	.L125:
ARM GAS  C:\Users\airforce\AppData\Local\Temp\ccDyHakX.s 			page 33


 1158              		.loc 1 372 16 is_stmt 0 view .LVU303
 1159 0036 4FF00009 		mov	r9, #0
 1160              	.L138:
 373:Core/Src/device/ota_download.c ****     }
 374:Core/Src/device/ota_download.c **** 
 375:Core/Src/device/ota_download.c ****     ota_state = OTA_DOWNLOADING;
 376:Core/Src/device/ota_download.c **** 
 377:Core/Src/device/ota_download.c ****     while (offset < total) {
 378:Core/Src/device/ota_download.c ****         uint32_t end = offset + 255;
 379:Core/Src/device/ota_download.c ****         if (end >= total) end = total - 1;
 380:Core/Src/device/ota_download.c **** 
 381:Core/Src/device/ota_download.c ****         snprintf(path, sizeof(path), "/fuse-ota/%s/%s/%s/download",
 382:Core/Src/device/ota_download.c ****                  ONENET_PROID, ONENET_DEV_NAME, ota_tid);
 383:Core/Src/device/ota_download.c **** 
 384:Core/Src/device/ota_download.c ****         printf("[OTA] Download URL: %s, tid=%s\r\n", path, ota_tid);
 385:Core/Src/device/ota_download.c **** 
 386:Core/Src/device/ota_download.c ****         snprintf(extra, sizeof(extra), "Range:bytes=%lu-%lu\r\n", offset, end);
 387:Core/Src/device/ota_download.c **** 
 388:Core/Src/device/ota_download.c ****         bool chunk_ok = false;
 389:Core/Src/device/ota_download.c ****         for (int retry = 0; retry < 2 && !chunk_ok; retry++) {
 390:Core/Src/device/ota_download.c ****             uint16_t resp_len = 0;
 391:Core/Src/device/ota_download.c ****             if (!OTA_HttpRequest("GET", path, extra, NULL, resp, sizeof(resp), 700, &resp_len)) {
 392:Core/Src/device/ota_download.c ****                 printf("[OTA] Chunk timeout at offset %lu (retry %d/2)\r\n",
 393:Core/Src/device/ota_download.c ****                        offset, retry + 1);
 394:Core/Src/device/ota_download.c ****                 HAL_Delay(30);
 395:Core/Src/device/ota_download.c ****                 continue;
 396:Core/Src/device/ota_download.c ****             }
 397:Core/Src/device/ota_download.c **** 
 398:Core/Src/device/ota_download.c ****             /* 找到 \r\n\r\n 后的数据起始位置 */
 399:Core/Src/device/ota_download.c ****             char *data_start = strstr(resp, "\r\n\r\n");
 400:Core/Src/device/ota_download.c ****             if (data_start == NULL) {
 401:Core/Src/device/ota_download.c ****                 printf("[OTA] No data in response (retry %d/2)\r\n", retry + 1);
 402:Core/Src/device/ota_download.c ****                 HAL_Delay(30);
 403:Core/Src/device/ota_download.c ****                 continue;
 404:Core/Src/device/ota_download.c ****             }
 405:Core/Src/device/ota_download.c ****             data_start += 4;
 406:Core/Src/device/ota_download.c **** 
 407:Core/Src/device/ota_download.c ****             uint32_t header_len = (uint32_t)(data_start - resp);
 408:Core/Src/device/ota_download.c ****             uint32_t payload_len = (resp_len > header_len) ? (resp_len - header_len) : 0;
 409:Core/Src/device/ota_download.c **** 
 410:Core/Src/device/ota_download.c ****             /* 从 Content-Length 获取实际数据长度（不能用 strlen，二进制含 \0） 
 411:Core/Src/device/ota_download.c ****             uint32_t chunk_len = 256;  /* 默认 */
 412:Core/Src/device/ota_download.c ****             char *cl = strstr(resp, "Content-Length:");
 413:Core/Src/device/ota_download.c ****             if (cl) {
 414:Core/Src/device/ota_download.c ****                 chunk_len = (uint32_t)strtoul(cl + 15, NULL, 10);
 415:Core/Src/device/ota_download.c ****             }
 416:Core/Src/device/ota_download.c ****             if (chunk_len == 0 || chunk_len > 256) chunk_len = 256;
 417:Core/Src/device/ota_download.c **** 
 418:Core/Src/device/ota_download.c ****             if (payload_len < chunk_len) {
 419:Core/Src/device/ota_download.c ****                 printf("[OTA] Incomplete chunk: got=%lu need=%lu (retry %d/2)\r\n",
 420:Core/Src/device/ota_download.c ****                        (unsigned long)payload_len, (unsigned long)chunk_len, retry + 1);
 421:Core/Src/device/ota_download.c ****                 HAL_Delay(30);
 422:Core/Src/device/ota_download.c ****                 continue;
 423:Core/Src/device/ota_download.c ****             }
 424:Core/Src/device/ota_download.c **** 
 425:Core/Src/device/ota_download.c ****             /* 成功收满当前片后，再写入 W25Q64 */
 426:Core/Src/device/ota_download.c ****             W25Q64_Write(w25q_addr + offset, (uint8_t *)data_start, chunk_len);
ARM GAS  C:\Users\airforce\AppData\Local\Temp\ccDyHakX.s 			page 34


 427:Core/Src/device/ota_download.c ****             offset += chunk_len;
 428:Core/Src/device/ota_download.c ****             chunk_ok = true;
 429:Core/Src/device/ota_download.c ****         }
 430:Core/Src/device/ota_download.c **** 
 431:Core/Src/device/ota_download.c ****         if (!chunk_ok) {
 432:Core/Src/device/ota_download.c ****             printf("[OTA] Download chunk failed at offset %lu\r\n", offset);
 433:Core/Src/device/ota_download.c ****             return false;
 434:Core/Src/device/ota_download.c ****         }
 435:Core/Src/device/ota_download.c **** 
 436:Core/Src/device/ota_download.c ****         ota_progress = (uint8_t)((offset * 100) / total);
 437:Core/Src/device/ota_download.c ****         printf("[OTA] %lu/%lu (%d%%)\r\n", offset, total, ota_progress);
 438:Core/Src/device/ota_download.c ****     }
 439:Core/Src/device/ota_download.c **** 
 440:Core/Src/device/ota_download.c ****     ota_state = OTA_VERIFY;
 441:Core/Src/device/ota_download.c ****     return true;
 442:Core/Src/device/ota_download.c **** }
 1161              		.loc 1 442 1 view .LVU304
 1162 003a 4846     		mov	r0, r9
 1163 003c 0DF2146D 		addw	sp, sp, #1556
 1164              	.LCFI14:
 1165              		.cfi_remember_state
 1166              		.cfi_def_cfa_offset 36
 1167              		@ sp needed
 1168 0040 BDE8F08F 		pop	{r4, r5, r6, r7, r8, r9, r10, fp, pc}
 1169              	.LVL118:
 1170              	.L124:
 1171              	.LCFI15:
 1172              		.cfi_restore_state
 375:Core/Src/device/ota_download.c **** 
 1173              		.loc 1 375 5 is_stmt 1 view .LVU305
 375:Core/Src/device/ota_download.c **** 
 1174              		.loc 1 375 15 is_stmt 0 view .LVU306
 1175 0044 0123     		movs	r3, #1
 360:Core/Src/device/ota_download.c ****     uint32_t w25q_addr = W25Q64_OTA_SLOT_A;
 1176              		.loc 1 360 14 view .LVU307
 1177 0046 0024     		movs	r4, #0
 1178              	.LVL119:
 375:Core/Src/device/ota_download.c **** 
 1179              		.loc 1 375 15 view .LVU308
 1180 0048 4E4A     		ldr	r2, .L145+16
 1181 004a 1370     		strb	r3, [r2]
 377:Core/Src/device/ota_download.c ****         uint32_t end = offset + 255;
 1182              		.loc 1 377 5 is_stmt 1 view .LVU309
 377:Core/Src/device/ota_download.c ****         uint32_t end = offset + 255;
 1183              		.loc 1 377 19 view .LVU310
 1184              	.LVL120:
 1185              	.L135:
 1186              	.LBB19:
 378:Core/Src/device/ota_download.c ****         if (end >= total) end = total - 1;
 1187              		.loc 1 378 9 view .LVU311
 381:Core/Src/device/ota_download.c ****                  ONENET_PROID, ONENET_DEV_NAME, ota_tid);
 1188              		.loc 1 381 9 is_stmt 0 view .LVU312
 1189 004c 4E4B     		ldr	r3, .L145+20
 378:Core/Src/device/ota_download.c ****         if (end >= total) end = total - 1;
 1190              		.loc 1 378 18 view .LVU313
 1191 004e 04F1FF06 		add	r6, r4, #255
 1192              	.LVL121:
ARM GAS  C:\Users\airforce\AppData\Local\Temp\ccDyHakX.s 			page 35


 379:Core/Src/device/ota_download.c **** 
 1193              		.loc 1 379 9 is_stmt 1 view .LVU314
 381:Core/Src/device/ota_download.c ****                  ONENET_PROID, ONENET_DEV_NAME, ota_tid);
 1194              		.loc 1 381 9 is_stmt 0 view .LVU315
 1195 0052 0193     		str	r3, [sp, #4]
 1196 0054 4D4B     		ldr	r3, .L145+24
 379:Core/Src/device/ota_download.c **** 
 1197              		.loc 1 379 12 view .LVU316
 1198 0056 B542     		cmp	r5, r6
 379:Core/Src/device/ota_download.c **** 
 1199              		.loc 1 379 27 is_stmt 1 discriminator 1 view .LVU317
 381:Core/Src/device/ota_download.c ****                  ONENET_PROID, ONENET_DEV_NAME, ota_tid);
 1200              		.loc 1 381 9 is_stmt 0 view .LVU318
 1201 0058 4FF04001 		mov	r1, #64
 1202 005c 4C4A     		ldr	r2, .L145+28
 1203 005e 0093     		str	r3, [sp]
 1204 0060 06A8     		add	r0, sp, #24
 1205 0062 4C4B     		ldr	r3, .L145+32
 379:Core/Src/device/ota_download.c **** 
 1206              		.loc 1 379 31 discriminator 1 view .LVU319
 1207 0064 98BF     		it	ls
 1208 0066 05F1FF36 		addls	r6, r5, #-1
 1209              	.LVL122:
 381:Core/Src/device/ota_download.c ****                  ONENET_PROID, ONENET_DEV_NAME, ota_tid);
 1210              		.loc 1 381 9 is_stmt 1 view .LVU320
 1211 006a FFF7FEFF 		bl	snprintf
 1212              	.LVL123:
 384:Core/Src/device/ota_download.c **** 
 1213              		.loc 1 384 9 view .LVU321
 1214 006e 464A     		ldr	r2, .L145+20
 1215 0070 06A9     		add	r1, sp, #24
 1216 0072 4948     		ldr	r0, .L145+36
 1217 0074 FFF7FEFF 		bl	printf
 1218              	.LVL124:
 386:Core/Src/device/ota_download.c **** 
 1219              		.loc 1 386 9 view .LVU322
 1220 0078 0096     		str	r6, [sp]
 1221 007a 2346     		mov	r3, r4
 1222 007c 4021     		movs	r1, #64
 1223 007e 474A     		ldr	r2, .L145+40
 1224 0080 16A8     		add	r0, sp, #88
 1225 0082 FFF7FEFF 		bl	snprintf
 1226              	.LVL125:
 388:Core/Src/device/ota_download.c ****         for (int retry = 0; retry < 2 && !chunk_ok; retry++) {
 1227              		.loc 1 388 9 view .LVU323
 389:Core/Src/device/ota_download.c ****             uint16_t resp_len = 0;
 1228              		.loc 1 389 9 view .LVU324
 1229              	.LBB20:
 389:Core/Src/device/ota_download.c ****             uint16_t resp_len = 0;
 1230              		.loc 1 389 14 view .LVU325
 389:Core/Src/device/ota_download.c ****             uint16_t resp_len = 0;
 1231              		.loc 1 389 39 discriminator 1 view .LVU326
 389:Core/Src/device/ota_download.c ****             uint16_t resp_len = 0;
 1232              		.loc 1 389 18 is_stmt 0 view .LVU327
 1233 0086 0026     		movs	r6, #0
 1234              	.LVL126:
 1235              	.LBB21:
ARM GAS  C:\Users\airforce\AppData\Local\Temp\ccDyHakX.s 			page 36


 390:Core/Src/device/ota_download.c ****             if (!OTA_HttpRequest("GET", path, extra, NULL, resp, sizeof(resp), 700, &resp_len)) {
 1236              		.loc 1 390 22 view .LVU328
 1237 0088 0DF11607 		add	r7, sp, #22
 1238              	.LVL127:
 1239              	.L137:
 390:Core/Src/device/ota_download.c ****             if (!OTA_HttpRequest("GET", path, extra, NULL, resp, sizeof(resp), 700, &resp_len)) {
 1240              		.loc 1 390 13 is_stmt 1 view .LVU329
 390:Core/Src/device/ota_download.c ****             if (!OTA_HttpRequest("GET", path, extra, NULL, resp, sizeof(resp), 700, &resp_len)) {
 1241              		.loc 1 390 22 is_stmt 0 view .LVU330
 1242 008c 4FF00003 		mov	r3, #0	@ movhi
 391:Core/Src/device/ota_download.c ****                 printf("[OTA] Chunk timeout at offset %lu (retry %d/2)\r\n",
 1243              		.loc 1 391 18 view .LVU331
 1244 0090 4FF42F72 		mov	r2, #700
 390:Core/Src/device/ota_download.c ****             if (!OTA_HttpRequest("GET", path, extra, NULL, resp, sizeof(resp), 700, &resp_len)) {
 1245              		.loc 1 390 22 view .LVU332
 1246 0094 3B80     		strh	r3, [r7]	@ movhi
 391:Core/Src/device/ota_download.c ****                 printf("[OTA] Chunk timeout at offset %lu (retry %d/2)\r\n",
 1247              		.loc 1 391 13 is_stmt 1 view .LVU333
 391:Core/Src/device/ota_download.c ****                 printf("[OTA] Chunk timeout at offset %lu (retry %d/2)\r\n",
 1248              		.loc 1 391 18 is_stmt 0 view .LVU334
 1249 0096 4FF4AF63 		mov	r3, #1400
 1250 009a 0DF1980B 		add	fp, sp, #152
 1251 009e CDE90132 		strd	r3, r2, [sp, #4]
 1252 00a2 3F48     		ldr	r0, .L145+44
 1253 00a4 0023     		movs	r3, #0
 1254 00a6 0397     		str	r7, [sp, #12]
 1255 00a8 CDF800B0 		str	fp, [sp]
 1256 00ac 16AA     		add	r2, sp, #88
 1257 00ae 06A9     		add	r1, sp, #24
 1258 00b0 FFF7FEFF 		bl	OTA_HttpRequest
 1259              	.LVL128:
 392:Core/Src/device/ota_download.c ****                        offset, retry + 1);
 1260              		.loc 1 392 17 view .LVU335
 1261 00b4 06F1010A 		add	r10, r6, #1
 391:Core/Src/device/ota_download.c ****                 printf("[OTA] Chunk timeout at offset %lu (retry %d/2)\r\n",
 1262              		.loc 1 391 16 discriminator 1 view .LVU336
 1263 00b8 8146     		mov	r9, r0
 1264 00ba 88B9     		cbnz	r0, .L127
 392:Core/Src/device/ota_download.c ****                        offset, retry + 1);
 1265              		.loc 1 392 17 is_stmt 1 view .LVU337
 1266 00bc 5246     		mov	r2, r10
 1267 00be 2146     		mov	r1, r4
 1268 00c0 3848     		ldr	r0, .L145+48
 1269 00c2 FFF7FEFF 		bl	printf
 1270              	.LVL129:
 394:Core/Src/device/ota_download.c ****                 continue;
 1271              		.loc 1 394 17 view .LVU338
 1272              	.L144:
 421:Core/Src/device/ota_download.c ****                 continue;
 1273              		.loc 1 421 17 view .LVU339
 1274 00c6 1E20     		movs	r0, #30
 1275 00c8 FFF7FEFF 		bl	HAL_Delay
 1276              	.LVL130:
 422:Core/Src/device/ota_download.c ****             }
 1277              		.loc 1 422 17 view .LVU340
 422:Core/Src/device/ota_download.c ****             }
 1278              		.loc 1 422 17 is_stmt 0 view .LVU341
ARM GAS  C:\Users\airforce\AppData\Local\Temp\ccDyHakX.s 			page 37


 1279              	.LBE21:
 389:Core/Src/device/ota_download.c ****             uint16_t resp_len = 0;
 1280              		.loc 1 389 58 is_stmt 1 discriminator 2 view .LVU342
 389:Core/Src/device/ota_download.c ****             uint16_t resp_len = 0;
 1281              		.loc 1 389 39 discriminator 1 view .LVU343
 389:Core/Src/device/ota_download.c ****             uint16_t resp_len = 0;
 1282              		.loc 1 389 39 is_stmt 0 discriminator 1 view .LVU344
 1283 00cc BAF1020F 		cmp	r10, #2
 1284 00d0 4FF00106 		mov	r6, #1
 1285 00d4 DAD1     		bne	.L137
 1286              	.LBE20:
 431:Core/Src/device/ota_download.c ****             printf("[OTA] Download chunk failed at offset %lu\r\n", offset);
 1287              		.loc 1 431 9 is_stmt 1 view .LVU345
 432:Core/Src/device/ota_download.c ****             return false;
 1288              		.loc 1 432 13 view .LVU346
 1289 00d6 2146     		mov	r1, r4
 1290 00d8 3348     		ldr	r0, .L145+52
 1291 00da FFF7FEFF 		bl	printf
 1292              	.LVL131:
 433:Core/Src/device/ota_download.c ****         }
 1293              		.loc 1 433 13 view .LVU347
 433:Core/Src/device/ota_download.c ****         }
 1294              		.loc 1 433 20 is_stmt 0 view .LVU348
 1295 00de AAE7     		b	.L125
 1296              	.LVL132:
 1297              	.L127:
 1298              	.LBB24:
 1299              	.LBB22:
 399:Core/Src/device/ota_download.c ****             if (data_start == NULL) {
 1300              		.loc 1 399 13 is_stmt 1 view .LVU349
 399:Core/Src/device/ota_download.c ****             if (data_start == NULL) {
 1301              		.loc 1 399 32 is_stmt 0 view .LVU350
 1302 00e0 5846     		mov	r0, fp
 1303 00e2 3249     		ldr	r1, .L145+56
 1304 00e4 FFF7FEFF 		bl	strstr
 1305              	.LVL133:
 400:Core/Src/device/ota_download.c ****                 printf("[OTA] No data in response (retry %d/2)\r\n", retry + 1);
 1306              		.loc 1 400 13 is_stmt 1 view .LVU351
 400:Core/Src/device/ota_download.c ****                 printf("[OTA] No data in response (retry %d/2)\r\n", retry + 1);
 1307              		.loc 1 400 16 is_stmt 0 view .LVU352
 1308 00e8 20B9     		cbnz	r0, .L129
 401:Core/Src/device/ota_download.c ****                 HAL_Delay(30);
 1309              		.loc 1 401 17 is_stmt 1 view .LVU353
 1310 00ea 5146     		mov	r1, r10
 1311 00ec 3048     		ldr	r0, .L145+60
 1312              	.LVL134:
 401:Core/Src/device/ota_download.c ****                 HAL_Delay(30);
 1313              		.loc 1 401 17 is_stmt 0 view .LVU354
 1314 00ee FFF7FEFF 		bl	printf
 1315              	.LVL135:
 402:Core/Src/device/ota_download.c ****                 continue;
 1316              		.loc 1 402 17 is_stmt 1 view .LVU355
 1317 00f2 E8E7     		b	.L144
 1318              	.LVL136:
 1319              	.L129:
 405:Core/Src/device/ota_download.c **** 
 1320              		.loc 1 405 13 view .LVU356
ARM GAS  C:\Users\airforce\AppData\Local\Temp\ccDyHakX.s 			page 38


 408:Core/Src/device/ota_download.c **** 
 1321              		.loc 1 408 46 is_stmt 0 view .LVU357
 1322 00f4 B7F80080 		ldrh	r8, [r7]
 405:Core/Src/device/ota_download.c **** 
 1323              		.loc 1 405 24 view .LVU358
 1324 00f8 061D     		adds	r6, r0, #4
 1325              	.LVL137:
 407:Core/Src/device/ota_download.c ****             uint32_t payload_len = (resp_len > header_len) ? (resp_len - header_len) : 0;
 1326              		.loc 1 407 13 is_stmt 1 view .LVU359
 407:Core/Src/device/ota_download.c ****             uint32_t payload_len = (resp_len > header_len) ? (resp_len - header_len) : 0;
 1327              		.loc 1 407 57 is_stmt 0 view .LVU360
 1328 00fa A6EB0B03 		sub	r3, r6, fp
 1329              	.LVL138:
 408:Core/Src/device/ota_download.c **** 
 1330              		.loc 1 408 13 is_stmt 1 view .LVU361
 408:Core/Src/device/ota_download.c **** 
 1331              		.loc 1 408 86 is_stmt 0 view .LVU362
 1332 00fe 9845     		cmp	r8, r3
 412:Core/Src/device/ota_download.c ****             if (cl) {
 1333              		.loc 1 412 24 view .LVU363
 1334 0100 5846     		mov	r0, fp
 1335 0102 2C49     		ldr	r1, .L145+64
 408:Core/Src/device/ota_download.c **** 
 1336              		.loc 1 408 86 discriminator 2 view .LVU364
 1337 0104 94BF     		ite	ls
 1338 0106 4FF00008 		movls	r8, #0
 408:Core/Src/device/ota_download.c **** 
 1339              		.loc 1 408 86 discriminator 1 view .LVU365
 1340 010a A8EB0308 		subhi	r8, r8, r3
 1341              	.LVL139:
 411:Core/Src/device/ota_download.c ****             char *cl = strstr(resp, "Content-Length:");
 1342              		.loc 1 411 13 is_stmt 1 view .LVU366
 412:Core/Src/device/ota_download.c ****             if (cl) {
 1343              		.loc 1 412 13 view .LVU367
 412:Core/Src/device/ota_download.c ****             if (cl) {
 1344              		.loc 1 412 24 is_stmt 0 view .LVU368
 1345 010e FFF7FEFF 		bl	strstr
 1346              	.LVL140:
 413:Core/Src/device/ota_download.c ****                 chunk_len = (uint32_t)strtoul(cl + 15, NULL, 10);
 1347              		.loc 1 413 13 is_stmt 1 view .LVU369
 413:Core/Src/device/ota_download.c ****                 chunk_len = (uint32_t)strtoul(cl + 15, NULL, 10);
 1348              		.loc 1 413 16 is_stmt 0 view .LVU370
 1349 0112 50B9     		cbnz	r0, .L131
 1350              	.LVL141:
 1351              	.L133:
 416:Core/Src/device/ota_download.c **** 
 1352              		.loc 1 416 62 discriminator 1 view .LVU371
 1353 0114 4FF4807B 		mov	fp, #256
 1354              	.L132:
 1355              	.LVL142:
 418:Core/Src/device/ota_download.c ****                 printf("[OTA] Incomplete chunk: got=%lu need=%lu (retry %d/2)\r\n",
 1356              		.loc 1 418 13 is_stmt 1 view .LVU372
 418:Core/Src/device/ota_download.c ****                 printf("[OTA] Incomplete chunk: got=%lu need=%lu (retry %d/2)\r\n",
 1357              		.loc 1 418 16 is_stmt 0 view .LVU373
 1358 0118 C345     		cmp	fp, r8
 1359 011a 10D9     		bls	.L134
 419:Core/Src/device/ota_download.c ****                        (unsigned long)payload_len, (unsigned long)chunk_len, retry + 1);
ARM GAS  C:\Users\airforce\AppData\Local\Temp\ccDyHakX.s 			page 39


 1360              		.loc 1 419 17 is_stmt 1 view .LVU374
 1361 011c 5346     		mov	r3, r10
 1362 011e 5A46     		mov	r2, fp
 1363 0120 4146     		mov	r1, r8
 1364 0122 2548     		ldr	r0, .L145+68
 1365 0124 FFF7FEFF 		bl	printf
 1366              	.LVL143:
 1367 0128 CDE7     		b	.L144
 1368              	.LVL144:
 1369              	.L131:
 414:Core/Src/device/ota_download.c ****             }
 1370              		.loc 1 414 17 view .LVU375
 414:Core/Src/device/ota_download.c ****             }
 1371              		.loc 1 414 29 is_stmt 0 view .LVU376
 1372 012a 0A22     		movs	r2, #10
 1373 012c 0021     		movs	r1, #0
 1374 012e 0F30     		adds	r0, r0, #15
 1375              	.LVL145:
 414:Core/Src/device/ota_download.c ****             }
 1376              		.loc 1 414 29 view .LVU377
 1377 0130 FFF7FEFF 		bl	strtoul
 1378              	.LVL146:
 416:Core/Src/device/ota_download.c **** 
 1379              		.loc 1 416 32 view .LVU378
 1380 0134 431E     		subs	r3, r0, #1
 416:Core/Src/device/ota_download.c **** 
 1381              		.loc 1 416 16 view .LVU379
 1382 0136 FF2B     		cmp	r3, #255
 414:Core/Src/device/ota_download.c ****             }
 1383              		.loc 1 414 29 view .LVU380
 1384 0138 8346     		mov	fp, r0
 1385              	.LVL147:
 416:Core/Src/device/ota_download.c **** 
 1386              		.loc 1 416 13 is_stmt 1 view .LVU381
 416:Core/Src/device/ota_download.c **** 
 1387              		.loc 1 416 16 is_stmt 0 view .LVU382
 1388 013a EBD8     		bhi	.L133
 1389 013c ECE7     		b	.L132
 1390              	.LVL148:
 1391              	.L134:
 426:Core/Src/device/ota_download.c ****             offset += chunk_len;
 1392              		.loc 1 426 13 is_stmt 1 view .LVU383
 1393 013e 5A46     		mov	r2, fp
 1394 0140 3146     		mov	r1, r6
 1395 0142 04F57040 		add	r0, r4, #61440
 1396 0146 FFF7FEFF 		bl	W25Q64_Write
 1397              	.LVL149:
 427:Core/Src/device/ota_download.c ****             chunk_ok = true;
 1398              		.loc 1 427 13 view .LVU384
 1399              	.LBE22:
 1400              	.LBE24:
 436:Core/Src/device/ota_download.c ****         printf("[OTA] %lu/%lu (%d%%)\r\n", offset, total, ota_progress);
 1401              		.loc 1 436 42 is_stmt 0 view .LVU385
 1402 014a 6423     		movs	r3, #100
 1403              	.LBB25:
 1404              	.LBB23:
 427:Core/Src/device/ota_download.c ****             chunk_ok = true;
ARM GAS  C:\Users\airforce\AppData\Local\Temp\ccDyHakX.s 			page 40


 1405              		.loc 1 427 20 view .LVU386
 1406 014c 5C44     		add	r4, r4, fp
 1407              	.LVL150:
 428:Core/Src/device/ota_download.c ****         }
 1408              		.loc 1 428 13 is_stmt 1 view .LVU387
 428:Core/Src/device/ota_download.c ****         }
 1409              		.loc 1 428 13 is_stmt 0 view .LVU388
 1410              	.LBE23:
 389:Core/Src/device/ota_download.c ****             uint16_t resp_len = 0;
 1411              		.loc 1 389 58 is_stmt 1 discriminator 2 view .LVU389
 389:Core/Src/device/ota_download.c ****             uint16_t resp_len = 0;
 1412              		.loc 1 389 39 discriminator 1 view .LVU390
 1413              	.LBE25:
 431:Core/Src/device/ota_download.c ****             printf("[OTA] Download chunk failed at offset %lu\r\n", offset);
 1414              		.loc 1 431 9 view .LVU391
 436:Core/Src/device/ota_download.c ****         printf("[OTA] %lu/%lu (%d%%)\r\n", offset, total, ota_progress);
 1415              		.loc 1 436 9 view .LVU392
 436:Core/Src/device/ota_download.c ****         printf("[OTA] %lu/%lu (%d%%)\r\n", offset, total, ota_progress);
 1416              		.loc 1 436 42 is_stmt 0 view .LVU393
 1417 014e 6343     		muls	r3, r4, r3
 436:Core/Src/device/ota_download.c ****         printf("[OTA] %lu/%lu (%d%%)\r\n", offset, total, ota_progress);
 1418              		.loc 1 436 49 view .LVU394
 1419 0150 B3FBF5F3 		udiv	r3, r3, r5
 436:Core/Src/device/ota_download.c ****         printf("[OTA] %lu/%lu (%d%%)\r\n", offset, total, ota_progress);
 1420              		.loc 1 436 22 view .LVU395
 1421 0154 194A     		ldr	r2, .L145+72
 437:Core/Src/device/ota_download.c ****     }
 1422              		.loc 1 437 9 view .LVU396
 1423 0156 2146     		mov	r1, r4
 436:Core/Src/device/ota_download.c ****         printf("[OTA] %lu/%lu (%d%%)\r\n", offset, total, ota_progress);
 1424              		.loc 1 436 24 view .LVU397
 1425 0158 1370     		strb	r3, [r2]
 437:Core/Src/device/ota_download.c ****     }
 1426              		.loc 1 437 9 is_stmt 1 view .LVU398
 1427 015a 1948     		ldr	r0, .L145+76
 1428 015c 2A46     		mov	r2, r5
 1429 015e DBB2     		uxtb	r3, r3
 1430 0160 FFF7FEFF 		bl	printf
 1431              	.LVL151:
 437:Core/Src/device/ota_download.c ****     }
 1432              		.loc 1 437 9 is_stmt 0 view .LVU399
 1433              	.LBE19:
 377:Core/Src/device/ota_download.c ****         uint32_t end = offset + 255;
 1434              		.loc 1 377 19 is_stmt 1 view .LVU400
 1435 0164 A542     		cmp	r5, r4
 1436 0166 3FF671AF 		bhi	.L135
 440:Core/Src/device/ota_download.c ****     return true;
 1437              		.loc 1 440 5 view .LVU401
 440:Core/Src/device/ota_download.c ****     return true;
 1438              		.loc 1 440 15 is_stmt 0 view .LVU402
 1439 016a 0223     		movs	r3, #2
 1440 016c 054A     		ldr	r2, .L145+16
 1441 016e 1370     		strb	r3, [r2]
 441:Core/Src/device/ota_download.c **** }
 1442              		.loc 1 441 5 is_stmt 1 view .LVU403
 441:Core/Src/device/ota_download.c **** }
 1443              		.loc 1 441 12 is_stmt 0 view .LVU404
ARM GAS  C:\Users\airforce\AppData\Local\Temp\ccDyHakX.s 			page 41


 1444 0170 63E7     		b	.L138
 1445              	.L146:
 1446 0172 00BF     		.align	2
 1447              	.L145:
 1448 0174 00000000 		.word	ota_file_size
 1449 0178 00000000 		.word	.LC34
 1450 017c 20000000 		.word	.LC35
 1451 0180 4D000000 		.word	.LC36
 1452 0184 00000000 		.word	ota_state
 1453 0188 00000000 		.word	ota_tid
 1454 018c 98000000 		.word	.LC8
 1455 0190 6E000000 		.word	.LC37
 1456 0194 82000000 		.word	.LC6
 1457 0198 8A000000 		.word	.LC38
 1458 019c AB000000 		.word	.LC39
 1459 01a0 28000000 		.word	.LC24
 1460 01a4 C1000000 		.word	.LC40
 1461 01a8 6A010000 		.word	.LC44
 1462 01ac 35010000 		.word	.LC12
 1463 01b0 F2000000 		.word	.LC41
 1464 01b4 3A010000 		.word	.LC13
 1465 01b8 1B010000 		.word	.LC42
 1466 01bc 00000000 		.word	ota_progress
 1467 01c0 53010000 		.word	.LC43
 1468              		.cfi_endproc
 1469              	.LFE73:
 1471              		.section	.rodata.OTA_CheckAndDownload.str1.1,"aMS",%progbits,1
 1472              	.LC45:
 1473 0000 56312E30 		.ascii	"V1.0\000"
 1473      00
 1474              	.LC46:
 1475 0005 5B4F5441 		.ascii	"[OTA] Current version: %s\015\012\000"
 1475      5D204375 
 1475      7272656E 
 1475      74207665 
 1475      7273696F 
 1476              	.LC47:
 1477 0021 5B4F5441 		.ascii	"[OTA] Report version failed\015\000"
 1477      5D205265 
 1477      706F7274 
 1477      20766572 
 1477      73696F6E 
 1478              	.LC48:
 1479 003e 5B4F5441 		.ascii	"[OTA] No upgrade task, continue normal boot\015\000"
 1479      5D204E6F 
 1479      20757067 
 1479      72616465 
 1479      20746173 
 1480              	.LC49:
 1481 006b 5B4F5441 		.ascii	"[OTA] Invalid tid or size, abort (no version change"
 1481      5D20496E 
 1481      76616C69 
 1481      64207469 
 1481      64206F72 
 1482 009e 290D00   		.ascii	")\015\000"
 1483              	.LC50:
 1484 00a1 5B4F5441 		.ascii	"[OTA] Upgrade found: %s -> %s, size=%lu\015\012\000"
ARM GAS  C:\Users\airforce\AppData\Local\Temp\ccDyHakX.s 			page 42


 1484      5D205570 
 1484      67726164 
 1484      6520666F 
 1484      756E643A 
 1485              	.LC51:
 1486 00cb 5B4F5441 		.ascii	"[OTA] Download failed, version NOT changed\015\000"
 1486      5D20446F 
 1486      776E6C6F 
 1486      61642066 
 1486      61696C65 
 1487              	.LC52:
 1488 00f7 5B4F5441 		.ascii	"[OTA] Download complete, verifying...\015\000"
 1488      5D20446F 
 1488      776E6C6F 
 1488      61642063 
 1488      6F6D706C 
 1489              	.LC53:
 1490 011e 5B4F5441 		.ascii	"[OTA] CRC32 = 0x%08lX\015\012\000"
 1490      5D204352 
 1490      43333220 
 1490      3D203078 
 1490      2530386C 
 1491              	.LC54:
 1492 0136 5B4F5441 		.ascii	"[OTA] Server MD5: %s\015\012\000"
 1492      5D205365 
 1492      72766572 
 1492      204D4435 
 1492      3A202573 
 1493              	.LC55:
 1494 014d 257300   		.ascii	"%s\000"
 1495              	.LC56:
 1496 0150 5B4F5441 		.ascii	"[OTA] Rebooting...\015\000"
 1496      5D205265 
 1496      626F6F74 
 1496      696E672E 
 1496      2E2E0D00 
 1497              		.section	.text.OTA_CheckAndDownload,"ax",%progbits
 1498              		.align	1
 1499              		.global	OTA_CheckAndDownload
 1500              		.syntax unified
 1501              		.thumb
 1502              		.thumb_func
 1504              	OTA_CheckAndDownload:
 1505              	.LFB69:
  67:Core/Src/device/ota_download.c ****     /* 从 EEPROM 加载当前版本号 */
 1506              		.loc 1 67 1 is_stmt 1 view -0
 1507              		.cfi_startproc
 1508              		@ args = 0, pretend = 0, frame = 24
 1509              		@ frame_needed = 0, uses_anonymous_args = 0
  69:Core/Src/device/ota_download.c ****     printf("[OTA] Current version: %s\r\n", current_version);
 1510              		.loc 1 69 5 view .LVU406
 1511              	.LBB36:
 1512              	.LBI36:
  40:Core/Src/device/ota_download.c **** {
 1513              		.loc 1 40 13 view .LVU407
 1514              	.LBB37:
  43:Core/Src/device/ota_download.c ****     current_version[sizeof(current_version) - 1] = '\0';
ARM GAS  C:\Users\airforce\AppData\Local\Temp\ccDyHakX.s 			page 43


 1515              		.loc 1 43 5 view .LVU408
 1516              	.LBE37:
 1517              	.LBE36:
  67:Core/Src/device/ota_download.c ****     /* 从 EEPROM 加载当前版本号 */
 1518              		.loc 1 67 1 is_stmt 0 view .LVU409
 1519 0000 70B5     		push	{r4, r5, r6, lr}
 1520              	.LCFI16:
 1521              		.cfi_def_cfa_offset 16
 1522              		.cfi_offset 4, -16
 1523              		.cfi_offset 5, -12
 1524              		.cfi_offset 6, -8
 1525              		.cfi_offset 14, -4
 1526              	.LBB40:
 1527              	.LBB38:
  43:Core/Src/device/ota_download.c ****     current_version[sizeof(current_version) - 1] = '\0';
 1528              		.loc 1 43 5 view .LVU410
 1529 0002 464C     		ldr	r4, .L164
 1530 0004 0F22     		movs	r2, #15
 1531 0006 2146     		mov	r1, r4
 1532 0008 2020     		movs	r0, #32
 1533              	.LBE38:
 1534              	.LBE40:
  67:Core/Src/device/ota_download.c ****     /* 从 EEPROM 加载当前版本号 */
 1535              		.loc 1 67 1 view .LVU411
 1536 000a 86B0     		sub	sp, sp, #24
 1537              	.LCFI17:
 1538              		.cfi_def_cfa_offset 40
 1539              	.LBB41:
 1540              	.LBB39:
  43:Core/Src/device/ota_download.c ****     current_version[sizeof(current_version) - 1] = '\0';
 1541              		.loc 1 43 5 view .LVU412
 1542 000c FFF7FEFF 		bl	AT24C02_ReadBuf
 1543              	.LVL152:
  44:Core/Src/device/ota_download.c **** 
 1544              		.loc 1 44 5 is_stmt 1 view .LVU413
  44:Core/Src/device/ota_download.c **** 
 1545              		.loc 1 44 50 is_stmt 0 view .LVU414
 1546 0010 0023     		movs	r3, #0
 1547 0012 E373     		strb	r3, [r4, #15]
  47:Core/Src/device/ota_download.c ****         strcpy(current_version, "V1.0");
 1548              		.loc 1 47 5 is_stmt 1 view .LVU415
  47:Core/Src/device/ota_download.c ****         strcpy(current_version, "V1.0");
 1549              		.loc 1 47 36 is_stmt 0 view .LVU416
 1550 0014 2378     		ldrb	r3, [r4]	@ zero_extendqisi2
 1551 0016 013B     		subs	r3, r3, #1
  47:Core/Src/device/ota_download.c ****         strcpy(current_version, "V1.0");
 1552              		.loc 1 47 8 view .LVU417
 1553 0018 DBB2     		uxtb	r3, r3
 1554 001a FD2B     		cmp	r3, #253
 1555 001c 03D9     		bls	.L148
  48:Core/Src/device/ota_download.c ****     }
 1556              		.loc 1 48 9 is_stmt 1 view .LVU418
 1557 001e 2046     		mov	r0, r4
 1558 0020 3F49     		ldr	r1, .L164+4
 1559 0022 FFF7FEFF 		bl	strcpy
 1560              	.LVL153:
 1561              	.L148:
ARM GAS  C:\Users\airforce\AppData\Local\Temp\ccDyHakX.s 			page 44


 1562              	.LBE39:
 1563              	.LBE41:
  70:Core/Src/device/ota_download.c **** 
 1564              		.loc 1 70 5 view .LVU419
 1565 0026 3D49     		ldr	r1, .L164
 1566 0028 3E48     		ldr	r0, .L164+8
 1567 002a FFF7FEFF 		bl	printf
 1568              	.LVL154:
  73:Core/Src/device/ota_download.c ****         printf("[OTA] Report version failed\r\n");
 1569              		.loc 1 73 5 view .LVU420
  73:Core/Src/device/ota_download.c ****         printf("[OTA] Report version failed\r\n");
 1570              		.loc 1 73 10 is_stmt 0 view .LVU421
 1571 002e FFF7FEFF 		bl	OTA_ReportVersion
 1572              	.LVL155:
  73:Core/Src/device/ota_download.c ****         printf("[OTA] Report version failed\r\n");
 1573              		.loc 1 73 8 discriminator 1 view .LVU422
 1574 0032 28B9     		cbnz	r0, .L149
  74:Core/Src/device/ota_download.c ****         return false;
 1575              		.loc 1 74 9 is_stmt 1 view .LVU423
 1576 0034 3C48     		ldr	r0, .L164+12
 1577              	.L163:
  86:Core/Src/device/ota_download.c ****         return false;
 1578              		.loc 1 86 9 is_stmt 0 view .LVU424
 1579 0036 FFF7FEFF 		bl	puts
 1580              	.LVL156:
  87:Core/Src/device/ota_download.c ****     }
 1581              		.loc 1 87 9 is_stmt 1 view .LVU425
 1582              	.L150:
 103:Core/Src/device/ota_download.c **** 
 1583              		.loc 1 103 1 is_stmt 0 view .LVU426
 1584 003a 0020     		movs	r0, #0
 1585 003c 06B0     		add	sp, sp, #24
 1586              	.LCFI18:
 1587              		.cfi_remember_state
 1588              		.cfi_def_cfa_offset 16
 1589              		@ sp needed
 1590 003e 70BD     		pop	{r4, r5, r6, pc}
 1591              	.L149:
 1592              	.LCFI19:
 1593              		.cfi_restore_state
  79:Core/Src/device/ota_download.c ****         printf("[OTA] No upgrade task, continue normal boot\r\n");
 1594              		.loc 1 79 5 is_stmt 1 view .LVU427
  79:Core/Src/device/ota_download.c ****         printf("[OTA] No upgrade task, continue normal boot\r\n");
 1595              		.loc 1 79 10 is_stmt 0 view .LVU428
 1596 0040 FFF7FEFF 		bl	OTA_CheckTask
 1597              	.LVL157:
  79:Core/Src/device/ota_download.c ****         printf("[OTA] No upgrade task, continue normal boot\r\n");
 1598              		.loc 1 79 8 discriminator 1 view .LVU429
 1599 0044 08B9     		cbnz	r0, .L151
  80:Core/Src/device/ota_download.c ****         return false;
 1600              		.loc 1 80 9 is_stmt 1 view .LVU430
 1601 0046 3948     		ldr	r0, .L164+16
 1602 0048 F5E7     		b	.L163
 1603              	.L151:
  85:Core/Src/device/ota_download.c ****         printf("[OTA] Invalid tid or size, abort (no version change)\r\n");
 1604              		.loc 1 85 5 view .LVU431
  85:Core/Src/device/ota_download.c ****         printf("[OTA] Invalid tid or size, abort (no version change)\r\n");
ARM GAS  C:\Users\airforce\AppData\Local\Temp\ccDyHakX.s 			page 45


 1605              		.loc 1 85 16 is_stmt 0 view .LVU432
 1606 004a 394B     		ldr	r3, .L164+20
  85:Core/Src/device/ota_download.c ****         printf("[OTA] Invalid tid or size, abort (no version change)\r\n");
 1607              		.loc 1 85 8 view .LVU433
 1608 004c 1B78     		ldrb	r3, [r3]	@ zero_extendqisi2
 1609 004e 13B1     		cbz	r3, .L152
  85:Core/Src/device/ota_download.c ****         printf("[OTA] Invalid tid or size, abort (no version change)\r\n");
 1610              		.loc 1 85 45 discriminator 1 view .LVU434
 1611 0050 384E     		ldr	r6, .L164+24
 1612 0052 3368     		ldr	r3, [r6]
  85:Core/Src/device/ota_download.c ****         printf("[OTA] Invalid tid or size, abort (no version change)\r\n");
 1613              		.loc 1 85 28 discriminator 1 view .LVU435
 1614 0054 0BB9     		cbnz	r3, .L153
 1615              	.L152:
  86:Core/Src/device/ota_download.c ****         return false;
 1616              		.loc 1 86 9 is_stmt 1 view .LVU436
 1617 0056 3848     		ldr	r0, .L164+28
 1618 0058 EDE7     		b	.L163
 1619              	.L153:
  91:Core/Src/device/ota_download.c ****            current_version, ota_new_ver, (unsigned long)ota_file_size);
 1620              		.loc 1 91 5 view .LVU437
 1621 005a 384A     		ldr	r2, .L164+32
 1622 005c 2F49     		ldr	r1, .L164
 1623 005e 3848     		ldr	r0, .L164+36
 1624 0060 FFF7FEFF 		bl	printf
 1625              	.LVL158:
  94:Core/Src/device/ota_download.c ****         printf("[OTA] Download failed, version NOT changed\r\n");
 1626              		.loc 1 94 5 view .LVU438
  94:Core/Src/device/ota_download.c ****         printf("[OTA] Download failed, version NOT changed\r\n");
 1627              		.loc 1 94 10 is_stmt 0 view .LVU439
 1628 0064 FFF7FEFF 		bl	OTA_DownloadFirmware
 1629              	.LVL159:
 1630 0068 364D     		ldr	r5, .L164+40
  94:Core/Src/device/ota_download.c ****         printf("[OTA] Download failed, version NOT changed\r\n");
 1631              		.loc 1 94 8 discriminator 1 view .LVU440
 1632 006a 28B9     		cbnz	r0, .L154
  95:Core/Src/device/ota_download.c ****         ota_state = OTA_FAILED;
 1633              		.loc 1 95 9 is_stmt 1 view .LVU441
 1634 006c 3648     		ldr	r0, .L164+44
 1635 006e FFF7FEFF 		bl	puts
 1636              	.LVL160:
  96:Core/Src/device/ota_download.c ****         return false;
 1637              		.loc 1 96 9 view .LVU442
  96:Core/Src/device/ota_download.c ****         return false;
 1638              		.loc 1 96 19 is_stmt 0 view .LVU443
 1639 0072 0423     		movs	r3, #4
 1640 0074 2B70     		strb	r3, [r5]
  97:Core/Src/device/ota_download.c ****     }
 1641              		.loc 1 97 9 is_stmt 1 view .LVU444
  97:Core/Src/device/ota_download.c ****     }
 1642              		.loc 1 97 16 is_stmt 0 view .LVU445
 1643 0076 E0E7     		b	.L150
 1644              	.L154:
 101:Core/Src/device/ota_download.c ****     return true;  /* 不会执行到这里(OTA_Finish 里会复位) */
 1645              		.loc 1 101 5 is_stmt 1 view .LVU446
 1646              	.LBB42:
 1647              	.LBI42:
ARM GAS  C:\Users\airforce\AppData\Local\Temp\ccDyHakX.s 			page 46


 443:Core/Src/device/ota_download.c **** 
 444:Core/Src/device/ota_download.c **** /* ==================================================================
 445:Core/Src/device/ota_download.c ****  *  步骤4：完成 → 写 EEPROM → 复位
 446:Core/Src/device/ota_download.c ****  * ================================================================== */
 447:Core/Src/device/ota_download.c **** static void OTA_Finish(void)
 1648              		.loc 1 447 13 view .LVU447
 1649              	.LBB43:
 448:Core/Src/device/ota_download.c **** {
 449:Core/Src/device/ota_download.c ****     printf("[OTA] Download complete, verifying...\r\n");
 1650              		.loc 1 449 5 view .LVU448
 1651 0078 3448     		ldr	r0, .L164+48
 1652 007a FFF7FEFF 		bl	puts
 1653              	.LVL161:
 450:Core/Src/device/ota_download.c **** 
 451:Core/Src/device/ota_download.c ****     /* 计算 W25Q64 上固件的 CRC32 */
 452:Core/Src/device/ota_download.c ****     uint32_t crc = W25Q64_CRC32(W25Q64_OTA_SLOT_A, ota_file_size);
 1654              		.loc 1 452 5 view .LVU449
 1655              		.loc 1 452 20 is_stmt 0 view .LVU450
 1656 007e 3168     		ldr	r1, [r6]
 1657 0080 4FF47040 		mov	r0, #61440
 1658 0084 FFF7FEFF 		bl	W25Q64_CRC32
 1659              	.LVL162:
 453:Core/Src/device/ota_download.c ****     printf("[OTA] CRC32 = 0x%08lX\r\n", crc);
 1660              		.loc 1 453 5 view .LVU451
 1661 0088 0146     		mov	r1, r0
 452:Core/Src/device/ota_download.c ****     printf("[OTA] CRC32 = 0x%08lX\r\n", crc);
 1662              		.loc 1 452 20 view .LVU452
 1663 008a 0446     		mov	r4, r0
 1664              	.LVL163:
 1665              		.loc 1 453 5 is_stmt 1 view .LVU453
 1666 008c 3048     		ldr	r0, .L164+52
 1667              	.LVL164:
 1668              		.loc 1 453 5 is_stmt 0 view .LVU454
 1669 008e FFF7FEFF 		bl	printf
 1670              	.LVL165:
 454:Core/Src/device/ota_download.c **** 
 455:Core/Src/device/ota_download.c ****     /* 和服务器下发的 MD5 做简单比对（CRC32 ≠ MD5，但可作为快速检查）。
 456:Core/Src/device/ota_download.c ****      * 服务器返回的 md5 是固件的 MD5，而 CRC32 是另一个校验值。
 457:Core/Src/device/ota_download.c ****      * 这里主要依靠 CRC32 → Bootloader 搬移前校验。 */
 458:Core/Src/device/ota_download.c ****     if (ota_server_md5[0] != '\0') {
 1671              		.loc 1 458 5 is_stmt 1 view .LVU455
 1672              		.loc 1 458 23 is_stmt 0 view .LVU456
 1673 0092 3049     		ldr	r1, .L164+56
 1674              		.loc 1 458 8 view .LVU457
 1675 0094 0B78     		ldrb	r3, [r1]	@ zero_extendqisi2
 1676 0096 13B1     		cbz	r3, .L155
 459:Core/Src/device/ota_download.c ****         printf("[OTA] Server MD5: %s\r\n", ota_server_md5);
 1677              		.loc 1 459 9 is_stmt 1 view .LVU458
 1678 0098 2F48     		ldr	r0, .L164+60
 1679 009a FFF7FEFF 		bl	printf
 1680              	.LVL166:
 1681              	.L155:
 460:Core/Src/device/ota_download.c ****     }
 461:Core/Src/device/ota_download.c **** 
 462:Core/Src/device/ota_download.c ****     /* 存新版本号 */
 463:Core/Src/device/ota_download.c ****     uint8_t ver_buf[16];
 1682              		.loc 1 463 5 view .LVU459
ARM GAS  C:\Users\airforce\AppData\Local\Temp\ccDyHakX.s 			page 47


 464:Core/Src/device/ota_download.c ****     memset(ver_buf, 0, sizeof(ver_buf));
 1683              		.loc 1 464 5 view .LVU460
 1684 009e 1022     		movs	r2, #16
 1685 00a0 0021     		movs	r1, #0
 1686 00a2 02A8     		add	r0, sp, #8
 1687 00a4 FFF7FEFF 		bl	memset
 1688              	.LVL167:
 465:Core/Src/device/ota_download.c ****     snprintf((char *)ver_buf, sizeof(ver_buf), "%s", ota_new_ver);
 1689              		.loc 1 465 5 view .LVU461
 1690 00a8 244B     		ldr	r3, .L164+32
 1691 00aa 1021     		movs	r1, #16
 1692 00ac 2B4A     		ldr	r2, .L164+64
 1693 00ae 02A8     		add	r0, sp, #8
 1694 00b0 FFF7FEFF 		bl	snprintf
 1695              	.LVL168:
 466:Core/Src/device/ota_download.c ****     AT24C02_WriteBuf(EE_VERSION_STR, ver_buf, sizeof(ver_buf));
 1696              		.loc 1 466 5 view .LVU462
 1697 00b4 02A9     		add	r1, sp, #8
 1698 00b6 1022     		movs	r2, #16
 1699 00b8 2020     		movs	r0, #32
 1700 00ba FFF7FEFF 		bl	AT24C02_WriteBuf
 1701              	.LVL169:
 467:Core/Src/device/ota_download.c **** 
 468:Core/Src/device/ota_download.c ****     /* 存文件大小（大端序） */
 469:Core/Src/device/ota_download.c ****     uint8_t buf4[4];
 1702              		.loc 1 469 5 view .LVU463
 470:Core/Src/device/ota_download.c ****     buf4[0] = (ota_file_size >> 24) & 0xFF;
 1703              		.loc 1 470 5 view .LVU464
 471:Core/Src/device/ota_download.c ****     buf4[1] = (ota_file_size >> 16) & 0xFF;
 472:Core/Src/device/ota_download.c ****     buf4[2] = (ota_file_size >> 8)  & 0xFF;
 473:Core/Src/device/ota_download.c ****     buf4[3] = (ota_file_size)       & 0xFF;
 474:Core/Src/device/ota_download.c ****     AT24C02_WriteBuf(EE_FW_SIZE, buf4, 4);
 1704              		.loc 1 474 5 is_stmt 0 view .LVU465
 1705 00be 0422     		movs	r2, #4
 1706 00c0 3368     		ldr	r3, [r6]
 1707 00c2 0DEB0201 		add	r1, sp, r2
 1708 00c6 1BBA     		rev	r3, r3
 471:Core/Src/device/ota_download.c ****     buf4[1] = (ota_file_size >> 16) & 0xFF;
 1709              		.loc 1 471 5 is_stmt 1 view .LVU466
 472:Core/Src/device/ota_download.c ****     buf4[3] = (ota_file_size)       & 0xFF;
 1710              		.loc 1 472 5 view .LVU467
 473:Core/Src/device/ota_download.c ****     AT24C02_WriteBuf(EE_FW_SIZE, buf4, 4);
 1711              		.loc 1 473 5 view .LVU468
 1712              		.loc 1 474 5 is_stmt 0 view .LVU469
 1713 00c8 0520     		movs	r0, #5
 470:Core/Src/device/ota_download.c ****     buf4[1] = (ota_file_size >> 16) & 0xFF;
 1714              		.loc 1 470 13 view .LVU470
 1715 00ca 0193     		str	r3, [sp, #4]
 1716              		.loc 1 474 5 is_stmt 1 view .LVU471
 1717 00cc FFF7FEFF 		bl	AT24C02_WriteBuf
 1718              	.LVL170:
 475:Core/Src/device/ota_download.c **** 
 476:Core/Src/device/ota_download.c ****     /* 存 CRC32（大端序） */
 477:Core/Src/device/ota_download.c ****     buf4[0] = (crc >> 24) & 0xFF;
 1719              		.loc 1 477 5 view .LVU472
 478:Core/Src/device/ota_download.c ****     buf4[1] = (crc >> 16) & 0xFF;
 1720              		.loc 1 478 5 view .LVU473
ARM GAS  C:\Users\airforce\AppData\Local\Temp\ccDyHakX.s 			page 48


 479:Core/Src/device/ota_download.c ****     buf4[2] = (crc >> 8)  & 0xFF;
 1721              		.loc 1 479 5 view .LVU474
 480:Core/Src/device/ota_download.c ****     buf4[3] = (crc)       & 0xFF;
 1722              		.loc 1 480 5 view .LVU475
 481:Core/Src/device/ota_download.c ****     AT24C02_WriteBuf(EE_FW_CRC32, buf4, 4);
 1723              		.loc 1 481 5 is_stmt 0 view .LVU476
 1724 00d0 0422     		movs	r2, #4
 1725 00d2 24BA     		rev	r4, r4
 1726              	.LVL171:
 1727              		.loc 1 481 5 view .LVU477
 1728 00d4 0DEB0201 		add	r1, sp, r2
 1729 00d8 0920     		movs	r0, #9
 477:Core/Src/device/ota_download.c ****     buf4[1] = (crc >> 16) & 0xFF;
 1730              		.loc 1 477 13 view .LVU478
 1731 00da 0194     		str	r4, [sp, #4]
 1732              		.loc 1 481 5 is_stmt 1 view .LVU479
 1733 00dc FFF7FEFF 		bl	AT24C02_WriteBuf
 1734              	.LVL172:
 482:Core/Src/device/ota_download.c **** 
 483:Core/Src/device/ota_download.c ****     /* 升级标志 */
 484:Core/Src/device/ota_download.c ****     AT24C02_WriteByte(EE_DOWNLOAD_STATUS, 2);
 1735              		.loc 1 484 5 view .LVU480
 1736 00e0 0221     		movs	r1, #2
 1737 00e2 1120     		movs	r0, #17
 1738 00e4 FFF7FEFF 		bl	AT24C02_WriteByte
 1739              	.LVL173:
 485:Core/Src/device/ota_download.c ****     AT24C02_WriteByte(EE_BOOT_CMD, 1);
 1740              		.loc 1 485 5 view .LVU481
 1741 00e8 0121     		movs	r1, #1
 1742 00ea 0420     		movs	r0, #4
 1743 00ec FFF7FEFF 		bl	AT24C02_WriteByte
 1744              	.LVL174:
 486:Core/Src/device/ota_download.c **** 
 487:Core/Src/device/ota_download.c ****     ota_state = OTA_DONE;
 1745              		.loc 1 487 5 view .LVU482
 1746              		.loc 1 487 15 is_stmt 0 view .LVU483
 1747 00f0 0323     		movs	r3, #3
 488:Core/Src/device/ota_download.c ****     printf("[OTA] Rebooting...\r\n");
 1748              		.loc 1 488 5 view .LVU484
 1749 00f2 1B48     		ldr	r0, .L164+68
 487:Core/Src/device/ota_download.c ****     printf("[OTA] Rebooting...\r\n");
 1750              		.loc 1 487 15 view .LVU485
 1751 00f4 2B70     		strb	r3, [r5]
 1752              		.loc 1 488 5 is_stmt 1 view .LVU486
 1753 00f6 FFF7FEFF 		bl	puts
 1754              	.LVL175:
 489:Core/Src/device/ota_download.c ****     HAL_Delay(1000);
 1755              		.loc 1 489 5 view .LVU487
 1756 00fa 4FF47A70 		mov	r0, #1000
 1757 00fe FFF7FEFF 		bl	HAL_Delay
 1758              	.LVL176:
 490:Core/Src/device/ota_download.c ****     NVIC_SystemReset();
 1759              		.loc 1 490 5 view .LVU488
 1760              	.LBB44:
 1761              	.LBI44:
 1762              		.file 2 "Drivers/CMSIS/Include/core_cm3.h"
   1:Drivers/CMSIS/Include/core_cm3.h **** /**************************************************************************//**
ARM GAS  C:\Users\airforce\AppData\Local\Temp\ccDyHakX.s 			page 49


   2:Drivers/CMSIS/Include/core_cm3.h ****  * @file     core_cm3.h
   3:Drivers/CMSIS/Include/core_cm3.h ****  * @brief    CMSIS Cortex-M3 Core Peripheral Access Layer Header File
   4:Drivers/CMSIS/Include/core_cm3.h ****  * @version  V5.0.8
   5:Drivers/CMSIS/Include/core_cm3.h ****  * @date     04. June 2018
   6:Drivers/CMSIS/Include/core_cm3.h ****  ******************************************************************************/
   7:Drivers/CMSIS/Include/core_cm3.h **** /*
   8:Drivers/CMSIS/Include/core_cm3.h ****  * Copyright (c) 2009-2018 Arm Limited. All rights reserved.
   9:Drivers/CMSIS/Include/core_cm3.h ****  *
  10:Drivers/CMSIS/Include/core_cm3.h ****  * SPDX-License-Identifier: Apache-2.0
  11:Drivers/CMSIS/Include/core_cm3.h ****  *
  12:Drivers/CMSIS/Include/core_cm3.h ****  * Licensed under the Apache License, Version 2.0 (the License); you may
  13:Drivers/CMSIS/Include/core_cm3.h ****  * not use this file except in compliance with the License.
  14:Drivers/CMSIS/Include/core_cm3.h ****  * You may obtain a copy of the License at
  15:Drivers/CMSIS/Include/core_cm3.h ****  *
  16:Drivers/CMSIS/Include/core_cm3.h ****  * www.apache.org/licenses/LICENSE-2.0
  17:Drivers/CMSIS/Include/core_cm3.h ****  *
  18:Drivers/CMSIS/Include/core_cm3.h ****  * Unless required by applicable law or agreed to in writing, software
  19:Drivers/CMSIS/Include/core_cm3.h ****  * distributed under the License is distributed on an AS IS BASIS, WITHOUT
  20:Drivers/CMSIS/Include/core_cm3.h ****  * WARRANTIES OR CONDITIONS OF ANY KIND, either express or implied.
  21:Drivers/CMSIS/Include/core_cm3.h ****  * See the License for the specific language governing permissions and
  22:Drivers/CMSIS/Include/core_cm3.h ****  * limitations under the License.
  23:Drivers/CMSIS/Include/core_cm3.h ****  */
  24:Drivers/CMSIS/Include/core_cm3.h **** 
  25:Drivers/CMSIS/Include/core_cm3.h **** #if   defined ( __ICCARM__ )
  26:Drivers/CMSIS/Include/core_cm3.h ****   #pragma system_include         /* treat file as system include file for MISRA check */
  27:Drivers/CMSIS/Include/core_cm3.h **** #elif defined (__clang__)
  28:Drivers/CMSIS/Include/core_cm3.h ****   #pragma clang system_header   /* treat file as system include file */
  29:Drivers/CMSIS/Include/core_cm3.h **** #endif
  30:Drivers/CMSIS/Include/core_cm3.h **** 
  31:Drivers/CMSIS/Include/core_cm3.h **** #ifndef __CORE_CM3_H_GENERIC
  32:Drivers/CMSIS/Include/core_cm3.h **** #define __CORE_CM3_H_GENERIC
  33:Drivers/CMSIS/Include/core_cm3.h **** 
  34:Drivers/CMSIS/Include/core_cm3.h **** #include <stdint.h>
  35:Drivers/CMSIS/Include/core_cm3.h **** 
  36:Drivers/CMSIS/Include/core_cm3.h **** #ifdef __cplusplus
  37:Drivers/CMSIS/Include/core_cm3.h ****  extern "C" {
  38:Drivers/CMSIS/Include/core_cm3.h **** #endif
  39:Drivers/CMSIS/Include/core_cm3.h **** 
  40:Drivers/CMSIS/Include/core_cm3.h **** /**
  41:Drivers/CMSIS/Include/core_cm3.h ****   \page CMSIS_MISRA_Exceptions  MISRA-C:2004 Compliance Exceptions
  42:Drivers/CMSIS/Include/core_cm3.h ****   CMSIS violates the following MISRA-C:2004 rules:
  43:Drivers/CMSIS/Include/core_cm3.h **** 
  44:Drivers/CMSIS/Include/core_cm3.h ****    \li Required Rule 8.5, object/function definition in header file.<br>
  45:Drivers/CMSIS/Include/core_cm3.h ****      Function definitions in header files are used to allow 'inlining'.
  46:Drivers/CMSIS/Include/core_cm3.h **** 
  47:Drivers/CMSIS/Include/core_cm3.h ****    \li Required Rule 18.4, declaration of union type or object of union type: '{...}'.<br>
  48:Drivers/CMSIS/Include/core_cm3.h ****      Unions are used for effective representation of core registers.
  49:Drivers/CMSIS/Include/core_cm3.h **** 
  50:Drivers/CMSIS/Include/core_cm3.h ****    \li Advisory Rule 19.7, Function-like macro defined.<br>
  51:Drivers/CMSIS/Include/core_cm3.h ****      Function-like macros are used to allow more efficient code.
  52:Drivers/CMSIS/Include/core_cm3.h ****  */
  53:Drivers/CMSIS/Include/core_cm3.h **** 
  54:Drivers/CMSIS/Include/core_cm3.h **** 
  55:Drivers/CMSIS/Include/core_cm3.h **** /*******************************************************************************
  56:Drivers/CMSIS/Include/core_cm3.h ****  *                 CMSIS definitions
  57:Drivers/CMSIS/Include/core_cm3.h ****  ******************************************************************************/
  58:Drivers/CMSIS/Include/core_cm3.h **** /**
ARM GAS  C:\Users\airforce\AppData\Local\Temp\ccDyHakX.s 			page 50


  59:Drivers/CMSIS/Include/core_cm3.h ****   \ingroup Cortex_M3
  60:Drivers/CMSIS/Include/core_cm3.h ****   @{
  61:Drivers/CMSIS/Include/core_cm3.h ****  */
  62:Drivers/CMSIS/Include/core_cm3.h **** 
  63:Drivers/CMSIS/Include/core_cm3.h **** #include "cmsis_version.h"
  64:Drivers/CMSIS/Include/core_cm3.h **** 
  65:Drivers/CMSIS/Include/core_cm3.h **** /*  CMSIS CM3 definitions */
  66:Drivers/CMSIS/Include/core_cm3.h **** #define __CM3_CMSIS_VERSION_MAIN  (__CM_CMSIS_VERSION_MAIN)              /*!< \deprecated [31:16] C
  67:Drivers/CMSIS/Include/core_cm3.h **** #define __CM3_CMSIS_VERSION_SUB   (__CM_CMSIS_VERSION_SUB)               /*!< \deprecated [15:0]  C
  68:Drivers/CMSIS/Include/core_cm3.h **** #define __CM3_CMSIS_VERSION       ((__CM3_CMSIS_VERSION_MAIN << 16U) | \
  69:Drivers/CMSIS/Include/core_cm3.h ****                                     __CM3_CMSIS_VERSION_SUB           )  /*!< \deprecated CMSIS HAL
  70:Drivers/CMSIS/Include/core_cm3.h **** 
  71:Drivers/CMSIS/Include/core_cm3.h **** #define __CORTEX_M                (3U)                                   /*!< Cortex-M Core */
  72:Drivers/CMSIS/Include/core_cm3.h **** 
  73:Drivers/CMSIS/Include/core_cm3.h **** /** __FPU_USED indicates whether an FPU is used or not.
  74:Drivers/CMSIS/Include/core_cm3.h ****     This core does not support an FPU at all
  75:Drivers/CMSIS/Include/core_cm3.h **** */
  76:Drivers/CMSIS/Include/core_cm3.h **** #define __FPU_USED       0U
  77:Drivers/CMSIS/Include/core_cm3.h **** 
  78:Drivers/CMSIS/Include/core_cm3.h **** #if defined ( __CC_ARM )
  79:Drivers/CMSIS/Include/core_cm3.h ****   #if defined __TARGET_FPU_VFP
  80:Drivers/CMSIS/Include/core_cm3.h ****     #error "Compiler generates FPU instructions for a device without an FPU (check __FPU_PRESENT)"
  81:Drivers/CMSIS/Include/core_cm3.h ****   #endif
  82:Drivers/CMSIS/Include/core_cm3.h **** 
  83:Drivers/CMSIS/Include/core_cm3.h **** #elif defined (__ARMCC_VERSION) && (__ARMCC_VERSION >= 6010050)
  84:Drivers/CMSIS/Include/core_cm3.h ****   #if defined __ARM_PCS_VFP
  85:Drivers/CMSIS/Include/core_cm3.h ****     #error "Compiler generates FPU instructions for a device without an FPU (check __FPU_PRESENT)"
  86:Drivers/CMSIS/Include/core_cm3.h ****   #endif
  87:Drivers/CMSIS/Include/core_cm3.h **** 
  88:Drivers/CMSIS/Include/core_cm3.h **** #elif defined ( __GNUC__ )
  89:Drivers/CMSIS/Include/core_cm3.h ****   #if defined (__VFP_FP__) && !defined(__SOFTFP__)
  90:Drivers/CMSIS/Include/core_cm3.h ****     #error "Compiler generates FPU instructions for a device without an FPU (check __FPU_PRESENT)"
  91:Drivers/CMSIS/Include/core_cm3.h ****   #endif
  92:Drivers/CMSIS/Include/core_cm3.h **** 
  93:Drivers/CMSIS/Include/core_cm3.h **** #elif defined ( __ICCARM__ )
  94:Drivers/CMSIS/Include/core_cm3.h ****   #if defined __ARMVFP__
  95:Drivers/CMSIS/Include/core_cm3.h ****     #error "Compiler generates FPU instructions for a device without an FPU (check __FPU_PRESENT)"
  96:Drivers/CMSIS/Include/core_cm3.h ****   #endif
  97:Drivers/CMSIS/Include/core_cm3.h **** 
  98:Drivers/CMSIS/Include/core_cm3.h **** #elif defined ( __TI_ARM__ )
  99:Drivers/CMSIS/Include/core_cm3.h ****   #if defined __TI_VFP_SUPPORT__
 100:Drivers/CMSIS/Include/core_cm3.h ****     #error "Compiler generates FPU instructions for a device without an FPU (check __FPU_PRESENT)"
 101:Drivers/CMSIS/Include/core_cm3.h ****   #endif
 102:Drivers/CMSIS/Include/core_cm3.h **** 
 103:Drivers/CMSIS/Include/core_cm3.h **** #elif defined ( __TASKING__ )
 104:Drivers/CMSIS/Include/core_cm3.h ****   #if defined __FPU_VFP__
 105:Drivers/CMSIS/Include/core_cm3.h ****     #error "Compiler generates FPU instructions for a device without an FPU (check __FPU_PRESENT)"
 106:Drivers/CMSIS/Include/core_cm3.h ****   #endif
 107:Drivers/CMSIS/Include/core_cm3.h **** 
 108:Drivers/CMSIS/Include/core_cm3.h **** #elif defined ( __CSMC__ )
 109:Drivers/CMSIS/Include/core_cm3.h ****   #if ( __CSMC__ & 0x400U)
 110:Drivers/CMSIS/Include/core_cm3.h ****     #error "Compiler generates FPU instructions for a device without an FPU (check __FPU_PRESENT)"
 111:Drivers/CMSIS/Include/core_cm3.h ****   #endif
 112:Drivers/CMSIS/Include/core_cm3.h **** 
 113:Drivers/CMSIS/Include/core_cm3.h **** #endif
 114:Drivers/CMSIS/Include/core_cm3.h **** 
 115:Drivers/CMSIS/Include/core_cm3.h **** #include "cmsis_compiler.h"               /* CMSIS compiler specific defines */
ARM GAS  C:\Users\airforce\AppData\Local\Temp\ccDyHakX.s 			page 51


 116:Drivers/CMSIS/Include/core_cm3.h **** 
 117:Drivers/CMSIS/Include/core_cm3.h **** 
 118:Drivers/CMSIS/Include/core_cm3.h **** #ifdef __cplusplus
 119:Drivers/CMSIS/Include/core_cm3.h **** }
 120:Drivers/CMSIS/Include/core_cm3.h **** #endif
 121:Drivers/CMSIS/Include/core_cm3.h **** 
 122:Drivers/CMSIS/Include/core_cm3.h **** #endif /* __CORE_CM3_H_GENERIC */
 123:Drivers/CMSIS/Include/core_cm3.h **** 
 124:Drivers/CMSIS/Include/core_cm3.h **** #ifndef __CMSIS_GENERIC
 125:Drivers/CMSIS/Include/core_cm3.h **** 
 126:Drivers/CMSIS/Include/core_cm3.h **** #ifndef __CORE_CM3_H_DEPENDANT
 127:Drivers/CMSIS/Include/core_cm3.h **** #define __CORE_CM3_H_DEPENDANT
 128:Drivers/CMSIS/Include/core_cm3.h **** 
 129:Drivers/CMSIS/Include/core_cm3.h **** #ifdef __cplusplus
 130:Drivers/CMSIS/Include/core_cm3.h ****  extern "C" {
 131:Drivers/CMSIS/Include/core_cm3.h **** #endif
 132:Drivers/CMSIS/Include/core_cm3.h **** 
 133:Drivers/CMSIS/Include/core_cm3.h **** /* check device defines and use defaults */
 134:Drivers/CMSIS/Include/core_cm3.h **** #if defined __CHECK_DEVICE_DEFINES
 135:Drivers/CMSIS/Include/core_cm3.h ****   #ifndef __CM3_REV
 136:Drivers/CMSIS/Include/core_cm3.h ****     #define __CM3_REV               0x0200U
 137:Drivers/CMSIS/Include/core_cm3.h ****     #warning "__CM3_REV not defined in device header file; using default!"
 138:Drivers/CMSIS/Include/core_cm3.h ****   #endif
 139:Drivers/CMSIS/Include/core_cm3.h **** 
 140:Drivers/CMSIS/Include/core_cm3.h ****   #ifndef __MPU_PRESENT
 141:Drivers/CMSIS/Include/core_cm3.h ****     #define __MPU_PRESENT             0U
 142:Drivers/CMSIS/Include/core_cm3.h ****     #warning "__MPU_PRESENT not defined in device header file; using default!"
 143:Drivers/CMSIS/Include/core_cm3.h ****   #endif
 144:Drivers/CMSIS/Include/core_cm3.h **** 
 145:Drivers/CMSIS/Include/core_cm3.h ****   #ifndef __NVIC_PRIO_BITS
 146:Drivers/CMSIS/Include/core_cm3.h ****     #define __NVIC_PRIO_BITS          3U
 147:Drivers/CMSIS/Include/core_cm3.h ****     #warning "__NVIC_PRIO_BITS not defined in device header file; using default!"
 148:Drivers/CMSIS/Include/core_cm3.h ****   #endif
 149:Drivers/CMSIS/Include/core_cm3.h **** 
 150:Drivers/CMSIS/Include/core_cm3.h ****   #ifndef __Vendor_SysTickConfig
 151:Drivers/CMSIS/Include/core_cm3.h ****     #define __Vendor_SysTickConfig    0U
 152:Drivers/CMSIS/Include/core_cm3.h ****     #warning "__Vendor_SysTickConfig not defined in device header file; using default!"
 153:Drivers/CMSIS/Include/core_cm3.h ****   #endif
 154:Drivers/CMSIS/Include/core_cm3.h **** #endif
 155:Drivers/CMSIS/Include/core_cm3.h **** 
 156:Drivers/CMSIS/Include/core_cm3.h **** /* IO definitions (access restrictions to peripheral registers) */
 157:Drivers/CMSIS/Include/core_cm3.h **** /**
 158:Drivers/CMSIS/Include/core_cm3.h ****     \defgroup CMSIS_glob_defs CMSIS Global Defines
 159:Drivers/CMSIS/Include/core_cm3.h **** 
 160:Drivers/CMSIS/Include/core_cm3.h ****     <strong>IO Type Qualifiers</strong> are used
 161:Drivers/CMSIS/Include/core_cm3.h ****     \li to specify the access to peripheral variables.
 162:Drivers/CMSIS/Include/core_cm3.h ****     \li for automatic generation of peripheral register debug information.
 163:Drivers/CMSIS/Include/core_cm3.h **** */
 164:Drivers/CMSIS/Include/core_cm3.h **** #ifdef __cplusplus
 165:Drivers/CMSIS/Include/core_cm3.h ****   #define   __I     volatile             /*!< Defines 'read only' permissions */
 166:Drivers/CMSIS/Include/core_cm3.h **** #else
 167:Drivers/CMSIS/Include/core_cm3.h ****   #define   __I     volatile const       /*!< Defines 'read only' permissions */
 168:Drivers/CMSIS/Include/core_cm3.h **** #endif
 169:Drivers/CMSIS/Include/core_cm3.h **** #define     __O     volatile             /*!< Defines 'write only' permissions */
 170:Drivers/CMSIS/Include/core_cm3.h **** #define     __IO    volatile             /*!< Defines 'read / write' permissions */
 171:Drivers/CMSIS/Include/core_cm3.h **** 
 172:Drivers/CMSIS/Include/core_cm3.h **** /* following defines should be used for structure members */
ARM GAS  C:\Users\airforce\AppData\Local\Temp\ccDyHakX.s 			page 52


 173:Drivers/CMSIS/Include/core_cm3.h **** #define     __IM     volatile const      /*! Defines 'read only' structure member permissions */
 174:Drivers/CMSIS/Include/core_cm3.h **** #define     __OM     volatile            /*! Defines 'write only' structure member permissions */
 175:Drivers/CMSIS/Include/core_cm3.h **** #define     __IOM    volatile            /*! Defines 'read / write' structure member permissions */
 176:Drivers/CMSIS/Include/core_cm3.h **** 
 177:Drivers/CMSIS/Include/core_cm3.h **** /*@} end of group Cortex_M3 */
 178:Drivers/CMSIS/Include/core_cm3.h **** 
 179:Drivers/CMSIS/Include/core_cm3.h **** 
 180:Drivers/CMSIS/Include/core_cm3.h **** 
 181:Drivers/CMSIS/Include/core_cm3.h **** /*******************************************************************************
 182:Drivers/CMSIS/Include/core_cm3.h ****  *                 Register Abstraction
 183:Drivers/CMSIS/Include/core_cm3.h ****   Core Register contain:
 184:Drivers/CMSIS/Include/core_cm3.h ****   - Core Register
 185:Drivers/CMSIS/Include/core_cm3.h ****   - Core NVIC Register
 186:Drivers/CMSIS/Include/core_cm3.h ****   - Core SCB Register
 187:Drivers/CMSIS/Include/core_cm3.h ****   - Core SysTick Register
 188:Drivers/CMSIS/Include/core_cm3.h ****   - Core Debug Register
 189:Drivers/CMSIS/Include/core_cm3.h ****   - Core MPU Register
 190:Drivers/CMSIS/Include/core_cm3.h ****  ******************************************************************************/
 191:Drivers/CMSIS/Include/core_cm3.h **** /**
 192:Drivers/CMSIS/Include/core_cm3.h ****   \defgroup CMSIS_core_register Defines and Type Definitions
 193:Drivers/CMSIS/Include/core_cm3.h ****   \brief Type definitions and defines for Cortex-M processor based devices.
 194:Drivers/CMSIS/Include/core_cm3.h **** */
 195:Drivers/CMSIS/Include/core_cm3.h **** 
 196:Drivers/CMSIS/Include/core_cm3.h **** /**
 197:Drivers/CMSIS/Include/core_cm3.h ****   \ingroup    CMSIS_core_register
 198:Drivers/CMSIS/Include/core_cm3.h ****   \defgroup   CMSIS_CORE  Status and Control Registers
 199:Drivers/CMSIS/Include/core_cm3.h ****   \brief      Core Register type definitions.
 200:Drivers/CMSIS/Include/core_cm3.h ****   @{
 201:Drivers/CMSIS/Include/core_cm3.h ****  */
 202:Drivers/CMSIS/Include/core_cm3.h **** 
 203:Drivers/CMSIS/Include/core_cm3.h **** /**
 204:Drivers/CMSIS/Include/core_cm3.h ****   \brief  Union type to access the Application Program Status Register (APSR).
 205:Drivers/CMSIS/Include/core_cm3.h ****  */
 206:Drivers/CMSIS/Include/core_cm3.h **** typedef union
 207:Drivers/CMSIS/Include/core_cm3.h **** {
 208:Drivers/CMSIS/Include/core_cm3.h ****   struct
 209:Drivers/CMSIS/Include/core_cm3.h ****   {
 210:Drivers/CMSIS/Include/core_cm3.h ****     uint32_t _reserved0:27;              /*!< bit:  0..26  Reserved */
 211:Drivers/CMSIS/Include/core_cm3.h ****     uint32_t Q:1;                        /*!< bit:     27  Saturation condition flag */
 212:Drivers/CMSIS/Include/core_cm3.h ****     uint32_t V:1;                        /*!< bit:     28  Overflow condition code flag */
 213:Drivers/CMSIS/Include/core_cm3.h ****     uint32_t C:1;                        /*!< bit:     29  Carry condition code flag */
 214:Drivers/CMSIS/Include/core_cm3.h ****     uint32_t Z:1;                        /*!< bit:     30  Zero condition code flag */
 215:Drivers/CMSIS/Include/core_cm3.h ****     uint32_t N:1;                        /*!< bit:     31  Negative condition code flag */
 216:Drivers/CMSIS/Include/core_cm3.h ****   } b;                                   /*!< Structure used for bit  access */
 217:Drivers/CMSIS/Include/core_cm3.h ****   uint32_t w;                            /*!< Type      used for word access */
 218:Drivers/CMSIS/Include/core_cm3.h **** } APSR_Type;
 219:Drivers/CMSIS/Include/core_cm3.h **** 
 220:Drivers/CMSIS/Include/core_cm3.h **** /* APSR Register Definitions */
 221:Drivers/CMSIS/Include/core_cm3.h **** #define APSR_N_Pos                         31U                                            /*!< APSR
 222:Drivers/CMSIS/Include/core_cm3.h **** #define APSR_N_Msk                         (1UL << APSR_N_Pos)                            /*!< APSR
 223:Drivers/CMSIS/Include/core_cm3.h **** 
 224:Drivers/CMSIS/Include/core_cm3.h **** #define APSR_Z_Pos                         30U                                            /*!< APSR
 225:Drivers/CMSIS/Include/core_cm3.h **** #define APSR_Z_Msk                         (1UL << APSR_Z_Pos)                            /*!< APSR
 226:Drivers/CMSIS/Include/core_cm3.h **** 
 227:Drivers/CMSIS/Include/core_cm3.h **** #define APSR_C_Pos                         29U                                            /*!< APSR
 228:Drivers/CMSIS/Include/core_cm3.h **** #define APSR_C_Msk                         (1UL << APSR_C_Pos)                            /*!< APSR
 229:Drivers/CMSIS/Include/core_cm3.h **** 
ARM GAS  C:\Users\airforce\AppData\Local\Temp\ccDyHakX.s 			page 53


 230:Drivers/CMSIS/Include/core_cm3.h **** #define APSR_V_Pos                         28U                                            /*!< APSR
 231:Drivers/CMSIS/Include/core_cm3.h **** #define APSR_V_Msk                         (1UL << APSR_V_Pos)                            /*!< APSR
 232:Drivers/CMSIS/Include/core_cm3.h **** 
 233:Drivers/CMSIS/Include/core_cm3.h **** #define APSR_Q_Pos                         27U                                            /*!< APSR
 234:Drivers/CMSIS/Include/core_cm3.h **** #define APSR_Q_Msk                         (1UL << APSR_Q_Pos)                            /*!< APSR
 235:Drivers/CMSIS/Include/core_cm3.h **** 
 236:Drivers/CMSIS/Include/core_cm3.h **** 
 237:Drivers/CMSIS/Include/core_cm3.h **** /**
 238:Drivers/CMSIS/Include/core_cm3.h ****   \brief  Union type to access the Interrupt Program Status Register (IPSR).
 239:Drivers/CMSIS/Include/core_cm3.h ****  */
 240:Drivers/CMSIS/Include/core_cm3.h **** typedef union
 241:Drivers/CMSIS/Include/core_cm3.h **** {
 242:Drivers/CMSIS/Include/core_cm3.h ****   struct
 243:Drivers/CMSIS/Include/core_cm3.h ****   {
 244:Drivers/CMSIS/Include/core_cm3.h ****     uint32_t ISR:9;                      /*!< bit:  0.. 8  Exception number */
 245:Drivers/CMSIS/Include/core_cm3.h ****     uint32_t _reserved0:23;              /*!< bit:  9..31  Reserved */
 246:Drivers/CMSIS/Include/core_cm3.h ****   } b;                                   /*!< Structure used for bit  access */
 247:Drivers/CMSIS/Include/core_cm3.h ****   uint32_t w;                            /*!< Type      used for word access */
 248:Drivers/CMSIS/Include/core_cm3.h **** } IPSR_Type;
 249:Drivers/CMSIS/Include/core_cm3.h **** 
 250:Drivers/CMSIS/Include/core_cm3.h **** /* IPSR Register Definitions */
 251:Drivers/CMSIS/Include/core_cm3.h **** #define IPSR_ISR_Pos                        0U                                            /*!< IPSR
 252:Drivers/CMSIS/Include/core_cm3.h **** #define IPSR_ISR_Msk                       (0x1FFUL /*<< IPSR_ISR_Pos*/)                  /*!< IPSR
 253:Drivers/CMSIS/Include/core_cm3.h **** 
 254:Drivers/CMSIS/Include/core_cm3.h **** 
 255:Drivers/CMSIS/Include/core_cm3.h **** /**
 256:Drivers/CMSIS/Include/core_cm3.h ****   \brief  Union type to access the Special-Purpose Program Status Registers (xPSR).
 257:Drivers/CMSIS/Include/core_cm3.h ****  */
 258:Drivers/CMSIS/Include/core_cm3.h **** typedef union
 259:Drivers/CMSIS/Include/core_cm3.h **** {
 260:Drivers/CMSIS/Include/core_cm3.h ****   struct
 261:Drivers/CMSIS/Include/core_cm3.h ****   {
 262:Drivers/CMSIS/Include/core_cm3.h ****     uint32_t ISR:9;                      /*!< bit:  0.. 8  Exception number */
 263:Drivers/CMSIS/Include/core_cm3.h ****     uint32_t _reserved0:1;               /*!< bit:      9  Reserved */
 264:Drivers/CMSIS/Include/core_cm3.h ****     uint32_t ICI_IT_1:6;                 /*!< bit: 10..15  ICI/IT part 1 */
 265:Drivers/CMSIS/Include/core_cm3.h ****     uint32_t _reserved1:8;               /*!< bit: 16..23  Reserved */
 266:Drivers/CMSIS/Include/core_cm3.h ****     uint32_t T:1;                        /*!< bit:     24  Thumb bit */
 267:Drivers/CMSIS/Include/core_cm3.h ****     uint32_t ICI_IT_2:2;                 /*!< bit: 25..26  ICI/IT part 2 */
 268:Drivers/CMSIS/Include/core_cm3.h ****     uint32_t Q:1;                        /*!< bit:     27  Saturation condition flag */
 269:Drivers/CMSIS/Include/core_cm3.h ****     uint32_t V:1;                        /*!< bit:     28  Overflow condition code flag */
 270:Drivers/CMSIS/Include/core_cm3.h ****     uint32_t C:1;                        /*!< bit:     29  Carry condition code flag */
 271:Drivers/CMSIS/Include/core_cm3.h ****     uint32_t Z:1;                        /*!< bit:     30  Zero condition code flag */
 272:Drivers/CMSIS/Include/core_cm3.h ****     uint32_t N:1;                        /*!< bit:     31  Negative condition code flag */
 273:Drivers/CMSIS/Include/core_cm3.h ****   } b;                                   /*!< Structure used for bit  access */
 274:Drivers/CMSIS/Include/core_cm3.h ****   uint32_t w;                            /*!< Type      used for word access */
 275:Drivers/CMSIS/Include/core_cm3.h **** } xPSR_Type;
 276:Drivers/CMSIS/Include/core_cm3.h **** 
 277:Drivers/CMSIS/Include/core_cm3.h **** /* xPSR Register Definitions */
 278:Drivers/CMSIS/Include/core_cm3.h **** #define xPSR_N_Pos                         31U                                            /*!< xPSR
 279:Drivers/CMSIS/Include/core_cm3.h **** #define xPSR_N_Msk                         (1UL << xPSR_N_Pos)                            /*!< xPSR
 280:Drivers/CMSIS/Include/core_cm3.h **** 
 281:Drivers/CMSIS/Include/core_cm3.h **** #define xPSR_Z_Pos                         30U                                            /*!< xPSR
 282:Drivers/CMSIS/Include/core_cm3.h **** #define xPSR_Z_Msk                         (1UL << xPSR_Z_Pos)                            /*!< xPSR
 283:Drivers/CMSIS/Include/core_cm3.h **** 
 284:Drivers/CMSIS/Include/core_cm3.h **** #define xPSR_C_Pos                         29U                                            /*!< xPSR
 285:Drivers/CMSIS/Include/core_cm3.h **** #define xPSR_C_Msk                         (1UL << xPSR_C_Pos)                            /*!< xPSR
 286:Drivers/CMSIS/Include/core_cm3.h **** 
ARM GAS  C:\Users\airforce\AppData\Local\Temp\ccDyHakX.s 			page 54


 287:Drivers/CMSIS/Include/core_cm3.h **** #define xPSR_V_Pos                         28U                                            /*!< xPSR
 288:Drivers/CMSIS/Include/core_cm3.h **** #define xPSR_V_Msk                         (1UL << xPSR_V_Pos)                            /*!< xPSR
 289:Drivers/CMSIS/Include/core_cm3.h **** 
 290:Drivers/CMSIS/Include/core_cm3.h **** #define xPSR_Q_Pos                         27U                                            /*!< xPSR
 291:Drivers/CMSIS/Include/core_cm3.h **** #define xPSR_Q_Msk                         (1UL << xPSR_Q_Pos)                            /*!< xPSR
 292:Drivers/CMSIS/Include/core_cm3.h **** 
 293:Drivers/CMSIS/Include/core_cm3.h **** #define xPSR_ICI_IT_2_Pos                  25U                                            /*!< xPSR
 294:Drivers/CMSIS/Include/core_cm3.h **** #define xPSR_ICI_IT_2_Msk                  (3UL << xPSR_ICI_IT_2_Pos)                     /*!< xPSR
 295:Drivers/CMSIS/Include/core_cm3.h **** 
 296:Drivers/CMSIS/Include/core_cm3.h **** #define xPSR_T_Pos                         24U                                            /*!< xPSR
 297:Drivers/CMSIS/Include/core_cm3.h **** #define xPSR_T_Msk                         (1UL << xPSR_T_Pos)                            /*!< xPSR
 298:Drivers/CMSIS/Include/core_cm3.h **** 
 299:Drivers/CMSIS/Include/core_cm3.h **** #define xPSR_ICI_IT_1_Pos                  10U                                            /*!< xPSR
 300:Drivers/CMSIS/Include/core_cm3.h **** #define xPSR_ICI_IT_1_Msk                  (0x3FUL << xPSR_ICI_IT_1_Pos)                  /*!< xPSR
 301:Drivers/CMSIS/Include/core_cm3.h **** 
 302:Drivers/CMSIS/Include/core_cm3.h **** #define xPSR_ISR_Pos                        0U                                            /*!< xPSR
 303:Drivers/CMSIS/Include/core_cm3.h **** #define xPSR_ISR_Msk                       (0x1FFUL /*<< xPSR_ISR_Pos*/)                  /*!< xPSR
 304:Drivers/CMSIS/Include/core_cm3.h **** 
 305:Drivers/CMSIS/Include/core_cm3.h **** 
 306:Drivers/CMSIS/Include/core_cm3.h **** /**
 307:Drivers/CMSIS/Include/core_cm3.h ****   \brief  Union type to access the Control Registers (CONTROL).
 308:Drivers/CMSIS/Include/core_cm3.h ****  */
 309:Drivers/CMSIS/Include/core_cm3.h **** typedef union
 310:Drivers/CMSIS/Include/core_cm3.h **** {
 311:Drivers/CMSIS/Include/core_cm3.h ****   struct
 312:Drivers/CMSIS/Include/core_cm3.h ****   {
 313:Drivers/CMSIS/Include/core_cm3.h ****     uint32_t nPRIV:1;                    /*!< bit:      0  Execution privilege in Thread mode */
 314:Drivers/CMSIS/Include/core_cm3.h ****     uint32_t SPSEL:1;                    /*!< bit:      1  Stack to be used */
 315:Drivers/CMSIS/Include/core_cm3.h ****     uint32_t _reserved1:30;              /*!< bit:  2..31  Reserved */
 316:Drivers/CMSIS/Include/core_cm3.h ****   } b;                                   /*!< Structure used for bit  access */
 317:Drivers/CMSIS/Include/core_cm3.h ****   uint32_t w;                            /*!< Type      used for word access */
 318:Drivers/CMSIS/Include/core_cm3.h **** } CONTROL_Type;
 319:Drivers/CMSIS/Include/core_cm3.h **** 
 320:Drivers/CMSIS/Include/core_cm3.h **** /* CONTROL Register Definitions */
 321:Drivers/CMSIS/Include/core_cm3.h **** #define CONTROL_SPSEL_Pos                   1U                                            /*!< CONT
 322:Drivers/CMSIS/Include/core_cm3.h **** #define CONTROL_SPSEL_Msk                  (1UL << CONTROL_SPSEL_Pos)                     /*!< CONT
 323:Drivers/CMSIS/Include/core_cm3.h **** 
 324:Drivers/CMSIS/Include/core_cm3.h **** #define CONTROL_nPRIV_Pos                   0U                                            /*!< CONT
 325:Drivers/CMSIS/Include/core_cm3.h **** #define CONTROL_nPRIV_Msk                  (1UL /*<< CONTROL_nPRIV_Pos*/)                 /*!< CONT
 326:Drivers/CMSIS/Include/core_cm3.h **** 
 327:Drivers/CMSIS/Include/core_cm3.h **** /*@} end of group CMSIS_CORE */
 328:Drivers/CMSIS/Include/core_cm3.h **** 
 329:Drivers/CMSIS/Include/core_cm3.h **** 
 330:Drivers/CMSIS/Include/core_cm3.h **** /**
 331:Drivers/CMSIS/Include/core_cm3.h ****   \ingroup    CMSIS_core_register
 332:Drivers/CMSIS/Include/core_cm3.h ****   \defgroup   CMSIS_NVIC  Nested Vectored Interrupt Controller (NVIC)
 333:Drivers/CMSIS/Include/core_cm3.h ****   \brief      Type definitions for the NVIC Registers
 334:Drivers/CMSIS/Include/core_cm3.h ****   @{
 335:Drivers/CMSIS/Include/core_cm3.h ****  */
 336:Drivers/CMSIS/Include/core_cm3.h **** 
 337:Drivers/CMSIS/Include/core_cm3.h **** /**
 338:Drivers/CMSIS/Include/core_cm3.h ****   \brief  Structure type to access the Nested Vectored Interrupt Controller (NVIC).
 339:Drivers/CMSIS/Include/core_cm3.h ****  */
 340:Drivers/CMSIS/Include/core_cm3.h **** typedef struct
 341:Drivers/CMSIS/Include/core_cm3.h **** {
 342:Drivers/CMSIS/Include/core_cm3.h ****   __IOM uint32_t ISER[8U];               /*!< Offset: 0x000 (R/W)  Interrupt Set Enable Register */
 343:Drivers/CMSIS/Include/core_cm3.h ****         uint32_t RESERVED0[24U];
ARM GAS  C:\Users\airforce\AppData\Local\Temp\ccDyHakX.s 			page 55


 344:Drivers/CMSIS/Include/core_cm3.h ****   __IOM uint32_t ICER[8U];               /*!< Offset: 0x080 (R/W)  Interrupt Clear Enable Register 
 345:Drivers/CMSIS/Include/core_cm3.h ****         uint32_t RSERVED1[24U];
 346:Drivers/CMSIS/Include/core_cm3.h ****   __IOM uint32_t ISPR[8U];               /*!< Offset: 0x100 (R/W)  Interrupt Set Pending Register *
 347:Drivers/CMSIS/Include/core_cm3.h ****         uint32_t RESERVED2[24U];
 348:Drivers/CMSIS/Include/core_cm3.h ****   __IOM uint32_t ICPR[8U];               /*!< Offset: 0x180 (R/W)  Interrupt Clear Pending Register
 349:Drivers/CMSIS/Include/core_cm3.h ****         uint32_t RESERVED3[24U];
 350:Drivers/CMSIS/Include/core_cm3.h ****   __IOM uint32_t IABR[8U];               /*!< Offset: 0x200 (R/W)  Interrupt Active bit Register */
 351:Drivers/CMSIS/Include/core_cm3.h ****         uint32_t RESERVED4[56U];
 352:Drivers/CMSIS/Include/core_cm3.h ****   __IOM uint8_t  IP[240U];               /*!< Offset: 0x300 (R/W)  Interrupt Priority Register (8Bi
 353:Drivers/CMSIS/Include/core_cm3.h ****         uint32_t RESERVED5[644U];
 354:Drivers/CMSIS/Include/core_cm3.h ****   __OM  uint32_t STIR;                   /*!< Offset: 0xE00 ( /W)  Software Trigger Interrupt Regis
 355:Drivers/CMSIS/Include/core_cm3.h **** }  NVIC_Type;
 356:Drivers/CMSIS/Include/core_cm3.h **** 
 357:Drivers/CMSIS/Include/core_cm3.h **** /* Software Triggered Interrupt Register Definitions */
 358:Drivers/CMSIS/Include/core_cm3.h **** #define NVIC_STIR_INTID_Pos                 0U                                         /*!< STIR: I
 359:Drivers/CMSIS/Include/core_cm3.h **** #define NVIC_STIR_INTID_Msk                (0x1FFUL /*<< NVIC_STIR_INTID_Pos*/)        /*!< STIR: I
 360:Drivers/CMSIS/Include/core_cm3.h **** 
 361:Drivers/CMSIS/Include/core_cm3.h **** /*@} end of group CMSIS_NVIC */
 362:Drivers/CMSIS/Include/core_cm3.h **** 
 363:Drivers/CMSIS/Include/core_cm3.h **** 
 364:Drivers/CMSIS/Include/core_cm3.h **** /**
 365:Drivers/CMSIS/Include/core_cm3.h ****   \ingroup  CMSIS_core_register
 366:Drivers/CMSIS/Include/core_cm3.h ****   \defgroup CMSIS_SCB     System Control Block (SCB)
 367:Drivers/CMSIS/Include/core_cm3.h ****   \brief    Type definitions for the System Control Block Registers
 368:Drivers/CMSIS/Include/core_cm3.h ****   @{
 369:Drivers/CMSIS/Include/core_cm3.h ****  */
 370:Drivers/CMSIS/Include/core_cm3.h **** 
 371:Drivers/CMSIS/Include/core_cm3.h **** /**
 372:Drivers/CMSIS/Include/core_cm3.h ****   \brief  Structure type to access the System Control Block (SCB).
 373:Drivers/CMSIS/Include/core_cm3.h ****  */
 374:Drivers/CMSIS/Include/core_cm3.h **** typedef struct
 375:Drivers/CMSIS/Include/core_cm3.h **** {
 376:Drivers/CMSIS/Include/core_cm3.h ****   __IM  uint32_t CPUID;                  /*!< Offset: 0x000 (R/ )  CPUID Base Register */
 377:Drivers/CMSIS/Include/core_cm3.h ****   __IOM uint32_t ICSR;                   /*!< Offset: 0x004 (R/W)  Interrupt Control and State Regi
 378:Drivers/CMSIS/Include/core_cm3.h ****   __IOM uint32_t VTOR;                   /*!< Offset: 0x008 (R/W)  Vector Table Offset Register */
 379:Drivers/CMSIS/Include/core_cm3.h ****   __IOM uint32_t AIRCR;                  /*!< Offset: 0x00C (R/W)  Application Interrupt and Reset 
 380:Drivers/CMSIS/Include/core_cm3.h ****   __IOM uint32_t SCR;                    /*!< Offset: 0x010 (R/W)  System Control Register */
 381:Drivers/CMSIS/Include/core_cm3.h ****   __IOM uint32_t CCR;                    /*!< Offset: 0x014 (R/W)  Configuration Control Register *
 382:Drivers/CMSIS/Include/core_cm3.h ****   __IOM uint8_t  SHP[12U];               /*!< Offset: 0x018 (R/W)  System Handlers Priority Registe
 383:Drivers/CMSIS/Include/core_cm3.h ****   __IOM uint32_t SHCSR;                  /*!< Offset: 0x024 (R/W)  System Handler Control and State
 384:Drivers/CMSIS/Include/core_cm3.h ****   __IOM uint32_t CFSR;                   /*!< Offset: 0x028 (R/W)  Configurable Fault Status Regist
 385:Drivers/CMSIS/Include/core_cm3.h ****   __IOM uint32_t HFSR;                   /*!< Offset: 0x02C (R/W)  HardFault Status Register */
 386:Drivers/CMSIS/Include/core_cm3.h ****   __IOM uint32_t DFSR;                   /*!< Offset: 0x030 (R/W)  Debug Fault Status Register */
 387:Drivers/CMSIS/Include/core_cm3.h ****   __IOM uint32_t MMFAR;                  /*!< Offset: 0x034 (R/W)  MemManage Fault Address Register
 388:Drivers/CMSIS/Include/core_cm3.h ****   __IOM uint32_t BFAR;                   /*!< Offset: 0x038 (R/W)  BusFault Address Register */
 389:Drivers/CMSIS/Include/core_cm3.h ****   __IOM uint32_t AFSR;                   /*!< Offset: 0x03C (R/W)  Auxiliary Fault Status Register 
 390:Drivers/CMSIS/Include/core_cm3.h ****   __IM  uint32_t PFR[2U];                /*!< Offset: 0x040 (R/ )  Processor Feature Register */
 391:Drivers/CMSIS/Include/core_cm3.h ****   __IM  uint32_t DFR;                    /*!< Offset: 0x048 (R/ )  Debug Feature Register */
 392:Drivers/CMSIS/Include/core_cm3.h ****   __IM  uint32_t ADR;                    /*!< Offset: 0x04C (R/ )  Auxiliary Feature Register */
 393:Drivers/CMSIS/Include/core_cm3.h ****   __IM  uint32_t MMFR[4U];               /*!< Offset: 0x050 (R/ )  Memory Model Feature Register */
 394:Drivers/CMSIS/Include/core_cm3.h ****   __IM  uint32_t ISAR[5U];               /*!< Offset: 0x060 (R/ )  Instruction Set Attributes Regis
 395:Drivers/CMSIS/Include/core_cm3.h ****         uint32_t RESERVED0[5U];
 396:Drivers/CMSIS/Include/core_cm3.h ****   __IOM uint32_t CPACR;                  /*!< Offset: 0x088 (R/W)  Coprocessor Access Control Regis
 397:Drivers/CMSIS/Include/core_cm3.h **** } SCB_Type;
 398:Drivers/CMSIS/Include/core_cm3.h **** 
 399:Drivers/CMSIS/Include/core_cm3.h **** /* SCB CPUID Register Definitions */
 400:Drivers/CMSIS/Include/core_cm3.h **** #define SCB_CPUID_IMPLEMENTER_Pos          24U                                            /*!< SCB 
ARM GAS  C:\Users\airforce\AppData\Local\Temp\ccDyHakX.s 			page 56


 401:Drivers/CMSIS/Include/core_cm3.h **** #define SCB_CPUID_IMPLEMENTER_Msk          (0xFFUL << SCB_CPUID_IMPLEMENTER_Pos)          /*!< SCB 
 402:Drivers/CMSIS/Include/core_cm3.h **** 
 403:Drivers/CMSIS/Include/core_cm3.h **** #define SCB_CPUID_VARIANT_Pos              20U                                            /*!< SCB 
 404:Drivers/CMSIS/Include/core_cm3.h **** #define SCB_CPUID_VARIANT_Msk              (0xFUL << SCB_CPUID_VARIANT_Pos)               /*!< SCB 
 405:Drivers/CMSIS/Include/core_cm3.h **** 
 406:Drivers/CMSIS/Include/core_cm3.h **** #define SCB_CPUID_ARCHITECTURE_Pos         16U                                            /*!< SCB 
 407:Drivers/CMSIS/Include/core_cm3.h **** #define SCB_CPUID_ARCHITECTURE_Msk         (0xFUL << SCB_CPUID_ARCHITECTURE_Pos)          /*!< SCB 
 408:Drivers/CMSIS/Include/core_cm3.h **** 
 409:Drivers/CMSIS/Include/core_cm3.h **** #define SCB_CPUID_PARTNO_Pos                4U                                            /*!< SCB 
 410:Drivers/CMSIS/Include/core_cm3.h **** #define SCB_CPUID_PARTNO_Msk               (0xFFFUL << SCB_CPUID_PARTNO_Pos)              /*!< SCB 
 411:Drivers/CMSIS/Include/core_cm3.h **** 
 412:Drivers/CMSIS/Include/core_cm3.h **** #define SCB_CPUID_REVISION_Pos              0U                                            /*!< SCB 
 413:Drivers/CMSIS/Include/core_cm3.h **** #define SCB_CPUID_REVISION_Msk             (0xFUL /*<< SCB_CPUID_REVISION_Pos*/)          /*!< SCB 
 414:Drivers/CMSIS/Include/core_cm3.h **** 
 415:Drivers/CMSIS/Include/core_cm3.h **** /* SCB Interrupt Control State Register Definitions */
 416:Drivers/CMSIS/Include/core_cm3.h **** #define SCB_ICSR_NMIPENDSET_Pos            31U                                            /*!< SCB 
 417:Drivers/CMSIS/Include/core_cm3.h **** #define SCB_ICSR_NMIPENDSET_Msk            (1UL << SCB_ICSR_NMIPENDSET_Pos)               /*!< SCB 
 418:Drivers/CMSIS/Include/core_cm3.h **** 
 419:Drivers/CMSIS/Include/core_cm3.h **** #define SCB_ICSR_PENDSVSET_Pos             28U                                            /*!< SCB 
 420:Drivers/CMSIS/Include/core_cm3.h **** #define SCB_ICSR_PENDSVSET_Msk             (1UL << SCB_ICSR_PENDSVSET_Pos)                /*!< SCB 
 421:Drivers/CMSIS/Include/core_cm3.h **** 
 422:Drivers/CMSIS/Include/core_cm3.h **** #define SCB_ICSR_PENDSVCLR_Pos             27U                                            /*!< SCB 
 423:Drivers/CMSIS/Include/core_cm3.h **** #define SCB_ICSR_PENDSVCLR_Msk             (1UL << SCB_ICSR_PENDSVCLR_Pos)                /*!< SCB 
 424:Drivers/CMSIS/Include/core_cm3.h **** 
 425:Drivers/CMSIS/Include/core_cm3.h **** #define SCB_ICSR_PENDSTSET_Pos             26U                                            /*!< SCB 
 426:Drivers/CMSIS/Include/core_cm3.h **** #define SCB_ICSR_PENDSTSET_Msk             (1UL << SCB_ICSR_PENDSTSET_Pos)                /*!< SCB 
 427:Drivers/CMSIS/Include/core_cm3.h **** 
 428:Drivers/CMSIS/Include/core_cm3.h **** #define SCB_ICSR_PENDSTCLR_Pos             25U                                            /*!< SCB 
 429:Drivers/CMSIS/Include/core_cm3.h **** #define SCB_ICSR_PENDSTCLR_Msk             (1UL << SCB_ICSR_PENDSTCLR_Pos)                /*!< SCB 
 430:Drivers/CMSIS/Include/core_cm3.h **** 
 431:Drivers/CMSIS/Include/core_cm3.h **** #define SCB_ICSR_ISRPREEMPT_Pos            23U                                            /*!< SCB 
 432:Drivers/CMSIS/Include/core_cm3.h **** #define SCB_ICSR_ISRPREEMPT_Msk            (1UL << SCB_ICSR_ISRPREEMPT_Pos)               /*!< SCB 
 433:Drivers/CMSIS/Include/core_cm3.h **** 
 434:Drivers/CMSIS/Include/core_cm3.h **** #define SCB_ICSR_ISRPENDING_Pos            22U                                            /*!< SCB 
 435:Drivers/CMSIS/Include/core_cm3.h **** #define SCB_ICSR_ISRPENDING_Msk            (1UL << SCB_ICSR_ISRPENDING_Pos)               /*!< SCB 
 436:Drivers/CMSIS/Include/core_cm3.h **** 
 437:Drivers/CMSIS/Include/core_cm3.h **** #define SCB_ICSR_VECTPENDING_Pos           12U                                            /*!< SCB 
 438:Drivers/CMSIS/Include/core_cm3.h **** #define SCB_ICSR_VECTPENDING_Msk           (0x1FFUL << SCB_ICSR_VECTPENDING_Pos)          /*!< SCB 
 439:Drivers/CMSIS/Include/core_cm3.h **** 
 440:Drivers/CMSIS/Include/core_cm3.h **** #define SCB_ICSR_RETTOBASE_Pos             11U                                            /*!< SCB 
 441:Drivers/CMSIS/Include/core_cm3.h **** #define SCB_ICSR_RETTOBASE_Msk             (1UL << SCB_ICSR_RETTOBASE_Pos)                /*!< SCB 
 442:Drivers/CMSIS/Include/core_cm3.h **** 
 443:Drivers/CMSIS/Include/core_cm3.h **** #define SCB_ICSR_VECTACTIVE_Pos             0U                                            /*!< SCB 
 444:Drivers/CMSIS/Include/core_cm3.h **** #define SCB_ICSR_VECTACTIVE_Msk            (0x1FFUL /*<< SCB_ICSR_VECTACTIVE_Pos*/)       /*!< SCB 
 445:Drivers/CMSIS/Include/core_cm3.h **** 
 446:Drivers/CMSIS/Include/core_cm3.h **** /* SCB Vector Table Offset Register Definitions */
 447:Drivers/CMSIS/Include/core_cm3.h **** #if defined (__CM3_REV) && (__CM3_REV < 0x0201U)                   /* core r2p1 */
 448:Drivers/CMSIS/Include/core_cm3.h **** #define SCB_VTOR_TBLBASE_Pos               29U                                            /*!< SCB 
 449:Drivers/CMSIS/Include/core_cm3.h **** #define SCB_VTOR_TBLBASE_Msk               (1UL << SCB_VTOR_TBLBASE_Pos)                  /*!< SCB 
 450:Drivers/CMSIS/Include/core_cm3.h **** 
 451:Drivers/CMSIS/Include/core_cm3.h **** #define SCB_VTOR_TBLOFF_Pos                 7U                                            /*!< SCB 
 452:Drivers/CMSIS/Include/core_cm3.h **** #define SCB_VTOR_TBLOFF_Msk                (0x3FFFFFUL << SCB_VTOR_TBLOFF_Pos)            /*!< SCB 
 453:Drivers/CMSIS/Include/core_cm3.h **** #else
 454:Drivers/CMSIS/Include/core_cm3.h **** #define SCB_VTOR_TBLOFF_Pos                 7U                                            /*!< SCB 
 455:Drivers/CMSIS/Include/core_cm3.h **** #define SCB_VTOR_TBLOFF_Msk                (0x1FFFFFFUL << SCB_VTOR_TBLOFF_Pos)           /*!< SCB 
 456:Drivers/CMSIS/Include/core_cm3.h **** #endif
 457:Drivers/CMSIS/Include/core_cm3.h **** 
ARM GAS  C:\Users\airforce\AppData\Local\Temp\ccDyHakX.s 			page 57


 458:Drivers/CMSIS/Include/core_cm3.h **** /* SCB Application Interrupt and Reset Control Register Definitions */
 459:Drivers/CMSIS/Include/core_cm3.h **** #define SCB_AIRCR_VECTKEY_Pos              16U                                            /*!< SCB 
 460:Drivers/CMSIS/Include/core_cm3.h **** #define SCB_AIRCR_VECTKEY_Msk              (0xFFFFUL << SCB_AIRCR_VECTKEY_Pos)            /*!< SCB 
 461:Drivers/CMSIS/Include/core_cm3.h **** 
 462:Drivers/CMSIS/Include/core_cm3.h **** #define SCB_AIRCR_VECTKEYSTAT_Pos          16U                                            /*!< SCB 
 463:Drivers/CMSIS/Include/core_cm3.h **** #define SCB_AIRCR_VECTKEYSTAT_Msk          (0xFFFFUL << SCB_AIRCR_VECTKEYSTAT_Pos)        /*!< SCB 
 464:Drivers/CMSIS/Include/core_cm3.h **** 
 465:Drivers/CMSIS/Include/core_cm3.h **** #define SCB_AIRCR_ENDIANESS_Pos            15U                                            /*!< SCB 
 466:Drivers/CMSIS/Include/core_cm3.h **** #define SCB_AIRCR_ENDIANESS_Msk            (1UL << SCB_AIRCR_ENDIANESS_Pos)               /*!< SCB 
 467:Drivers/CMSIS/Include/core_cm3.h **** 
 468:Drivers/CMSIS/Include/core_cm3.h **** #define SCB_AIRCR_PRIGROUP_Pos              8U                                            /*!< SCB 
 469:Drivers/CMSIS/Include/core_cm3.h **** #define SCB_AIRCR_PRIGROUP_Msk             (7UL << SCB_AIRCR_PRIGROUP_Pos)                /*!< SCB 
 470:Drivers/CMSIS/Include/core_cm3.h **** 
 471:Drivers/CMSIS/Include/core_cm3.h **** #define SCB_AIRCR_SYSRESETREQ_Pos           2U                                            /*!< SCB 
 472:Drivers/CMSIS/Include/core_cm3.h **** #define SCB_AIRCR_SYSRESETREQ_Msk          (1UL << SCB_AIRCR_SYSRESETREQ_Pos)             /*!< SCB 
 473:Drivers/CMSIS/Include/core_cm3.h **** 
 474:Drivers/CMSIS/Include/core_cm3.h **** #define SCB_AIRCR_VECTCLRACTIVE_Pos         1U                                            /*!< SCB 
 475:Drivers/CMSIS/Include/core_cm3.h **** #define SCB_AIRCR_VECTCLRACTIVE_Msk        (1UL << SCB_AIRCR_VECTCLRACTIVE_Pos)           /*!< SCB 
 476:Drivers/CMSIS/Include/core_cm3.h **** 
 477:Drivers/CMSIS/Include/core_cm3.h **** #define SCB_AIRCR_VECTRESET_Pos             0U                                            /*!< SCB 
 478:Drivers/CMSIS/Include/core_cm3.h **** #define SCB_AIRCR_VECTRESET_Msk            (1UL /*<< SCB_AIRCR_VECTRESET_Pos*/)           /*!< SCB 
 479:Drivers/CMSIS/Include/core_cm3.h **** 
 480:Drivers/CMSIS/Include/core_cm3.h **** /* SCB System Control Register Definitions */
 481:Drivers/CMSIS/Include/core_cm3.h **** #define SCB_SCR_SEVONPEND_Pos               4U                                            /*!< SCB 
 482:Drivers/CMSIS/Include/core_cm3.h **** #define SCB_SCR_SEVONPEND_Msk              (1UL << SCB_SCR_SEVONPEND_Pos)                 /*!< SCB 
 483:Drivers/CMSIS/Include/core_cm3.h **** 
 484:Drivers/CMSIS/Include/core_cm3.h **** #define SCB_SCR_SLEEPDEEP_Pos               2U                                            /*!< SCB 
 485:Drivers/CMSIS/Include/core_cm3.h **** #define SCB_SCR_SLEEPDEEP_Msk              (1UL << SCB_SCR_SLEEPDEEP_Pos)                 /*!< SCB 
 486:Drivers/CMSIS/Include/core_cm3.h **** 
 487:Drivers/CMSIS/Include/core_cm3.h **** #define SCB_SCR_SLEEPONEXIT_Pos             1U                                            /*!< SCB 
 488:Drivers/CMSIS/Include/core_cm3.h **** #define SCB_SCR_SLEEPONEXIT_Msk            (1UL << SCB_SCR_SLEEPONEXIT_Pos)               /*!< SCB 
 489:Drivers/CMSIS/Include/core_cm3.h **** 
 490:Drivers/CMSIS/Include/core_cm3.h **** /* SCB Configuration Control Register Definitions */
 491:Drivers/CMSIS/Include/core_cm3.h **** #define SCB_CCR_STKALIGN_Pos                9U                                            /*!< SCB 
 492:Drivers/CMSIS/Include/core_cm3.h **** #define SCB_CCR_STKALIGN_Msk               (1UL << SCB_CCR_STKALIGN_Pos)                  /*!< SCB 
 493:Drivers/CMSIS/Include/core_cm3.h **** 
 494:Drivers/CMSIS/Include/core_cm3.h **** #define SCB_CCR_BFHFNMIGN_Pos               8U                                            /*!< SCB 
 495:Drivers/CMSIS/Include/core_cm3.h **** #define SCB_CCR_BFHFNMIGN_Msk              (1UL << SCB_CCR_BFHFNMIGN_Pos)                 /*!< SCB 
 496:Drivers/CMSIS/Include/core_cm3.h **** 
 497:Drivers/CMSIS/Include/core_cm3.h **** #define SCB_CCR_DIV_0_TRP_Pos               4U                                            /*!< SCB 
 498:Drivers/CMSIS/Include/core_cm3.h **** #define SCB_CCR_DIV_0_TRP_Msk              (1UL << SCB_CCR_DIV_0_TRP_Pos)                 /*!< SCB 
 499:Drivers/CMSIS/Include/core_cm3.h **** 
 500:Drivers/CMSIS/Include/core_cm3.h **** #define SCB_CCR_UNALIGN_TRP_Pos             3U                                            /*!< SCB 
 501:Drivers/CMSIS/Include/core_cm3.h **** #define SCB_CCR_UNALIGN_TRP_Msk            (1UL << SCB_CCR_UNALIGN_TRP_Pos)               /*!< SCB 
 502:Drivers/CMSIS/Include/core_cm3.h **** 
 503:Drivers/CMSIS/Include/core_cm3.h **** #define SCB_CCR_USERSETMPEND_Pos            1U                                            /*!< SCB 
 504:Drivers/CMSIS/Include/core_cm3.h **** #define SCB_CCR_USERSETMPEND_Msk           (1UL << SCB_CCR_USERSETMPEND_Pos)              /*!< SCB 
 505:Drivers/CMSIS/Include/core_cm3.h **** 
 506:Drivers/CMSIS/Include/core_cm3.h **** #define SCB_CCR_NONBASETHRDENA_Pos          0U                                            /*!< SCB 
 507:Drivers/CMSIS/Include/core_cm3.h **** #define SCB_CCR_NONBASETHRDENA_Msk         (1UL /*<< SCB_CCR_NONBASETHRDENA_Pos*/)        /*!< SCB 
 508:Drivers/CMSIS/Include/core_cm3.h **** 
 509:Drivers/CMSIS/Include/core_cm3.h **** /* SCB System Handler Control and State Register Definitions */
 510:Drivers/CMSIS/Include/core_cm3.h **** #define SCB_SHCSR_USGFAULTENA_Pos          18U                                            /*!< SCB 
 511:Drivers/CMSIS/Include/core_cm3.h **** #define SCB_SHCSR_USGFAULTENA_Msk          (1UL << SCB_SHCSR_USGFAULTENA_Pos)             /*!< SCB 
 512:Drivers/CMSIS/Include/core_cm3.h **** 
 513:Drivers/CMSIS/Include/core_cm3.h **** #define SCB_SHCSR_BUSFAULTENA_Pos          17U                                            /*!< SCB 
 514:Drivers/CMSIS/Include/core_cm3.h **** #define SCB_SHCSR_BUSFAULTENA_Msk          (1UL << SCB_SHCSR_BUSFAULTENA_Pos)             /*!< SCB 
ARM GAS  C:\Users\airforce\AppData\Local\Temp\ccDyHakX.s 			page 58


 515:Drivers/CMSIS/Include/core_cm3.h **** 
 516:Drivers/CMSIS/Include/core_cm3.h **** #define SCB_SHCSR_MEMFAULTENA_Pos          16U                                            /*!< SCB 
 517:Drivers/CMSIS/Include/core_cm3.h **** #define SCB_SHCSR_MEMFAULTENA_Msk          (1UL << SCB_SHCSR_MEMFAULTENA_Pos)             /*!< SCB 
 518:Drivers/CMSIS/Include/core_cm3.h **** 
 519:Drivers/CMSIS/Include/core_cm3.h **** #define SCB_SHCSR_SVCALLPENDED_Pos         15U                                            /*!< SCB 
 520:Drivers/CMSIS/Include/core_cm3.h **** #define SCB_SHCSR_SVCALLPENDED_Msk         (1UL << SCB_SHCSR_SVCALLPENDED_Pos)            /*!< SCB 
 521:Drivers/CMSIS/Include/core_cm3.h **** 
 522:Drivers/CMSIS/Include/core_cm3.h **** #define SCB_SHCSR_BUSFAULTPENDED_Pos       14U                                            /*!< SCB 
 523:Drivers/CMSIS/Include/core_cm3.h **** #define SCB_SHCSR_BUSFAULTPENDED_Msk       (1UL << SCB_SHCSR_BUSFAULTPENDED_Pos)          /*!< SCB 
 524:Drivers/CMSIS/Include/core_cm3.h **** 
 525:Drivers/CMSIS/Include/core_cm3.h **** #define SCB_SHCSR_MEMFAULTPENDED_Pos       13U                                            /*!< SCB 
 526:Drivers/CMSIS/Include/core_cm3.h **** #define SCB_SHCSR_MEMFAULTPENDED_Msk       (1UL << SCB_SHCSR_MEMFAULTPENDED_Pos)          /*!< SCB 
 527:Drivers/CMSIS/Include/core_cm3.h **** 
 528:Drivers/CMSIS/Include/core_cm3.h **** #define SCB_SHCSR_USGFAULTPENDED_Pos       12U                                            /*!< SCB 
 529:Drivers/CMSIS/Include/core_cm3.h **** #define SCB_SHCSR_USGFAULTPENDED_Msk       (1UL << SCB_SHCSR_USGFAULTPENDED_Pos)          /*!< SCB 
 530:Drivers/CMSIS/Include/core_cm3.h **** 
 531:Drivers/CMSIS/Include/core_cm3.h **** #define SCB_SHCSR_SYSTICKACT_Pos           11U                                            /*!< SCB 
 532:Drivers/CMSIS/Include/core_cm3.h **** #define SCB_SHCSR_SYSTICKACT_Msk           (1UL << SCB_SHCSR_SYSTICKACT_Pos)              /*!< SCB 
 533:Drivers/CMSIS/Include/core_cm3.h **** 
 534:Drivers/CMSIS/Include/core_cm3.h **** #define SCB_SHCSR_PENDSVACT_Pos            10U                                            /*!< SCB 
 535:Drivers/CMSIS/Include/core_cm3.h **** #define SCB_SHCSR_PENDSVACT_Msk            (1UL << SCB_SHCSR_PENDSVACT_Pos)               /*!< SCB 
 536:Drivers/CMSIS/Include/core_cm3.h **** 
 537:Drivers/CMSIS/Include/core_cm3.h **** #define SCB_SHCSR_MONITORACT_Pos            8U                                            /*!< SCB 
 538:Drivers/CMSIS/Include/core_cm3.h **** #define SCB_SHCSR_MONITORACT_Msk           (1UL << SCB_SHCSR_MONITORACT_Pos)              /*!< SCB 
 539:Drivers/CMSIS/Include/core_cm3.h **** 
 540:Drivers/CMSIS/Include/core_cm3.h **** #define SCB_SHCSR_SVCALLACT_Pos             7U                                            /*!< SCB 
 541:Drivers/CMSIS/Include/core_cm3.h **** #define SCB_SHCSR_SVCALLACT_Msk            (1UL << SCB_SHCSR_SVCALLACT_Pos)               /*!< SCB 
 542:Drivers/CMSIS/Include/core_cm3.h **** 
 543:Drivers/CMSIS/Include/core_cm3.h **** #define SCB_SHCSR_USGFAULTACT_Pos           3U                                            /*!< SCB 
 544:Drivers/CMSIS/Include/core_cm3.h **** #define SCB_SHCSR_USGFAULTACT_Msk          (1UL << SCB_SHCSR_USGFAULTACT_Pos)             /*!< SCB 
 545:Drivers/CMSIS/Include/core_cm3.h **** 
 546:Drivers/CMSIS/Include/core_cm3.h **** #define SCB_SHCSR_BUSFAULTACT_Pos           1U                                            /*!< SCB 
 547:Drivers/CMSIS/Include/core_cm3.h **** #define SCB_SHCSR_BUSFAULTACT_Msk          (1UL << SCB_SHCSR_BUSFAULTACT_Pos)             /*!< SCB 
 548:Drivers/CMSIS/Include/core_cm3.h **** 
 549:Drivers/CMSIS/Include/core_cm3.h **** #define SCB_SHCSR_MEMFAULTACT_Pos           0U                                            /*!< SCB 
 550:Drivers/CMSIS/Include/core_cm3.h **** #define SCB_SHCSR_MEMFAULTACT_Msk          (1UL /*<< SCB_SHCSR_MEMFAULTACT_Pos*/)         /*!< SCB 
 551:Drivers/CMSIS/Include/core_cm3.h **** 
 552:Drivers/CMSIS/Include/core_cm3.h **** /* SCB Configurable Fault Status Register Definitions */
 553:Drivers/CMSIS/Include/core_cm3.h **** #define SCB_CFSR_USGFAULTSR_Pos            16U                                            /*!< SCB 
 554:Drivers/CMSIS/Include/core_cm3.h **** #define SCB_CFSR_USGFAULTSR_Msk            (0xFFFFUL << SCB_CFSR_USGFAULTSR_Pos)          /*!< SCB 
 555:Drivers/CMSIS/Include/core_cm3.h **** 
 556:Drivers/CMSIS/Include/core_cm3.h **** #define SCB_CFSR_BUSFAULTSR_Pos             8U                                            /*!< SCB 
 557:Drivers/CMSIS/Include/core_cm3.h **** #define SCB_CFSR_BUSFAULTSR_Msk            (0xFFUL << SCB_CFSR_BUSFAULTSR_Pos)            /*!< SCB 
 558:Drivers/CMSIS/Include/core_cm3.h **** 
 559:Drivers/CMSIS/Include/core_cm3.h **** #define SCB_CFSR_MEMFAULTSR_Pos             0U                                            /*!< SCB 
 560:Drivers/CMSIS/Include/core_cm3.h **** #define SCB_CFSR_MEMFAULTSR_Msk            (0xFFUL /*<< SCB_CFSR_MEMFAULTSR_Pos*/)        /*!< SCB 
 561:Drivers/CMSIS/Include/core_cm3.h **** 
 562:Drivers/CMSIS/Include/core_cm3.h **** /* MemManage Fault Status Register (part of SCB Configurable Fault Status Register) */
 563:Drivers/CMSIS/Include/core_cm3.h **** #define SCB_CFSR_MMARVALID_Pos             (SCB_SHCSR_MEMFAULTACT_Pos + 7U)               /*!< SCB 
 564:Drivers/CMSIS/Include/core_cm3.h **** #define SCB_CFSR_MMARVALID_Msk             (1UL << SCB_CFSR_MMARVALID_Pos)                /*!< SCB 
 565:Drivers/CMSIS/Include/core_cm3.h **** 
 566:Drivers/CMSIS/Include/core_cm3.h **** #define SCB_CFSR_MSTKERR_Pos               (SCB_SHCSR_MEMFAULTACT_Pos + 4U)               /*!< SCB 
 567:Drivers/CMSIS/Include/core_cm3.h **** #define SCB_CFSR_MSTKERR_Msk               (1UL << SCB_CFSR_MSTKERR_Pos)                  /*!< SCB 
 568:Drivers/CMSIS/Include/core_cm3.h **** 
 569:Drivers/CMSIS/Include/core_cm3.h **** #define SCB_CFSR_MUNSTKERR_Pos             (SCB_SHCSR_MEMFAULTACT_Pos + 3U)               /*!< SCB 
 570:Drivers/CMSIS/Include/core_cm3.h **** #define SCB_CFSR_MUNSTKERR_Msk             (1UL << SCB_CFSR_MUNSTKERR_Pos)                /*!< SCB 
 571:Drivers/CMSIS/Include/core_cm3.h **** 
ARM GAS  C:\Users\airforce\AppData\Local\Temp\ccDyHakX.s 			page 59


 572:Drivers/CMSIS/Include/core_cm3.h **** #define SCB_CFSR_DACCVIOL_Pos              (SCB_SHCSR_MEMFAULTACT_Pos + 1U)               /*!< SCB 
 573:Drivers/CMSIS/Include/core_cm3.h **** #define SCB_CFSR_DACCVIOL_Msk              (1UL << SCB_CFSR_DACCVIOL_Pos)                 /*!< SCB 
 574:Drivers/CMSIS/Include/core_cm3.h **** 
 575:Drivers/CMSIS/Include/core_cm3.h **** #define SCB_CFSR_IACCVIOL_Pos              (SCB_SHCSR_MEMFAULTACT_Pos + 0U)               /*!< SCB 
 576:Drivers/CMSIS/Include/core_cm3.h **** #define SCB_CFSR_IACCVIOL_Msk              (1UL /*<< SCB_CFSR_IACCVIOL_Pos*/)             /*!< SCB 
 577:Drivers/CMSIS/Include/core_cm3.h **** 
 578:Drivers/CMSIS/Include/core_cm3.h **** /* BusFault Status Register (part of SCB Configurable Fault Status Register) */
 579:Drivers/CMSIS/Include/core_cm3.h **** #define SCB_CFSR_BFARVALID_Pos            (SCB_CFSR_BUSFAULTSR_Pos + 7U)                  /*!< SCB 
 580:Drivers/CMSIS/Include/core_cm3.h **** #define SCB_CFSR_BFARVALID_Msk            (1UL << SCB_CFSR_BFARVALID_Pos)                 /*!< SCB 
 581:Drivers/CMSIS/Include/core_cm3.h **** 
 582:Drivers/CMSIS/Include/core_cm3.h **** #define SCB_CFSR_STKERR_Pos               (SCB_CFSR_BUSFAULTSR_Pos + 4U)                  /*!< SCB 
 583:Drivers/CMSIS/Include/core_cm3.h **** #define SCB_CFSR_STKERR_Msk               (1UL << SCB_CFSR_STKERR_Pos)                    /*!< SCB 
 584:Drivers/CMSIS/Include/core_cm3.h **** 
 585:Drivers/CMSIS/Include/core_cm3.h **** #define SCB_CFSR_UNSTKERR_Pos             (SCB_CFSR_BUSFAULTSR_Pos + 3U)                  /*!< SCB 
 586:Drivers/CMSIS/Include/core_cm3.h **** #define SCB_CFSR_UNSTKERR_Msk             (1UL << SCB_CFSR_UNSTKERR_Pos)                  /*!< SCB 
 587:Drivers/CMSIS/Include/core_cm3.h **** 
 588:Drivers/CMSIS/Include/core_cm3.h **** #define SCB_CFSR_IMPRECISERR_Pos          (SCB_CFSR_BUSFAULTSR_Pos + 2U)                  /*!< SCB 
 589:Drivers/CMSIS/Include/core_cm3.h **** #define SCB_CFSR_IMPRECISERR_Msk          (1UL << SCB_CFSR_IMPRECISERR_Pos)               /*!< SCB 
 590:Drivers/CMSIS/Include/core_cm3.h **** 
 591:Drivers/CMSIS/Include/core_cm3.h **** #define SCB_CFSR_PRECISERR_Pos            (SCB_CFSR_BUSFAULTSR_Pos + 1U)                  /*!< SCB 
 592:Drivers/CMSIS/Include/core_cm3.h **** #define SCB_CFSR_PRECISERR_Msk            (1UL << SCB_CFSR_PRECISERR_Pos)                 /*!< SCB 
 593:Drivers/CMSIS/Include/core_cm3.h **** 
 594:Drivers/CMSIS/Include/core_cm3.h **** #define SCB_CFSR_IBUSERR_Pos              (SCB_CFSR_BUSFAULTSR_Pos + 0U)                  /*!< SCB 
 595:Drivers/CMSIS/Include/core_cm3.h **** #define SCB_CFSR_IBUSERR_Msk              (1UL << SCB_CFSR_IBUSERR_Pos)                   /*!< SCB 
 596:Drivers/CMSIS/Include/core_cm3.h **** 
 597:Drivers/CMSIS/Include/core_cm3.h **** /* UsageFault Status Register (part of SCB Configurable Fault Status Register) */
 598:Drivers/CMSIS/Include/core_cm3.h **** #define SCB_CFSR_DIVBYZERO_Pos            (SCB_CFSR_USGFAULTSR_Pos + 9U)                  /*!< SCB 
 599:Drivers/CMSIS/Include/core_cm3.h **** #define SCB_CFSR_DIVBYZERO_Msk            (1UL << SCB_CFSR_DIVBYZERO_Pos)                 /*!< SCB 
 600:Drivers/CMSIS/Include/core_cm3.h **** 
 601:Drivers/CMSIS/Include/core_cm3.h **** #define SCB_CFSR_UNALIGNED_Pos            (SCB_CFSR_USGFAULTSR_Pos + 8U)                  /*!< SCB 
 602:Drivers/CMSIS/Include/core_cm3.h **** #define SCB_CFSR_UNALIGNED_Msk            (1UL << SCB_CFSR_UNALIGNED_Pos)                 /*!< SCB 
 603:Drivers/CMSIS/Include/core_cm3.h **** 
 604:Drivers/CMSIS/Include/core_cm3.h **** #define SCB_CFSR_NOCP_Pos                 (SCB_CFSR_USGFAULTSR_Pos + 3U)                  /*!< SCB 
 605:Drivers/CMSIS/Include/core_cm3.h **** #define SCB_CFSR_NOCP_Msk                 (1UL << SCB_CFSR_NOCP_Pos)                      /*!< SCB 
 606:Drivers/CMSIS/Include/core_cm3.h **** 
 607:Drivers/CMSIS/Include/core_cm3.h **** #define SCB_CFSR_INVPC_Pos                (SCB_CFSR_USGFAULTSR_Pos + 2U)                  /*!< SCB 
 608:Drivers/CMSIS/Include/core_cm3.h **** #define SCB_CFSR_INVPC_Msk                (1UL << SCB_CFSR_INVPC_Pos)                     /*!< SCB 
 609:Drivers/CMSIS/Include/core_cm3.h **** 
 610:Drivers/CMSIS/Include/core_cm3.h **** #define SCB_CFSR_INVSTATE_Pos             (SCB_CFSR_USGFAULTSR_Pos + 1U)                  /*!< SCB 
 611:Drivers/CMSIS/Include/core_cm3.h **** #define SCB_CFSR_INVSTATE_Msk             (1UL << SCB_CFSR_INVSTATE_Pos)                  /*!< SCB 
 612:Drivers/CMSIS/Include/core_cm3.h **** 
 613:Drivers/CMSIS/Include/core_cm3.h **** #define SCB_CFSR_UNDEFINSTR_Pos           (SCB_CFSR_USGFAULTSR_Pos + 0U)                  /*!< SCB 
 614:Drivers/CMSIS/Include/core_cm3.h **** #define SCB_CFSR_UNDEFINSTR_Msk           (1UL << SCB_CFSR_UNDEFINSTR_Pos)                /*!< SCB 
 615:Drivers/CMSIS/Include/core_cm3.h **** 
 616:Drivers/CMSIS/Include/core_cm3.h **** /* SCB Hard Fault Status Register Definitions */
 617:Drivers/CMSIS/Include/core_cm3.h **** #define SCB_HFSR_DEBUGEVT_Pos              31U                                            /*!< SCB 
 618:Drivers/CMSIS/Include/core_cm3.h **** #define SCB_HFSR_DEBUGEVT_Msk              (1UL << SCB_HFSR_DEBUGEVT_Pos)                 /*!< SCB 
 619:Drivers/CMSIS/Include/core_cm3.h **** 
 620:Drivers/CMSIS/Include/core_cm3.h **** #define SCB_HFSR_FORCED_Pos                30U                                            /*!< SCB 
 621:Drivers/CMSIS/Include/core_cm3.h **** #define SCB_HFSR_FORCED_Msk                (1UL << SCB_HFSR_FORCED_Pos)                   /*!< SCB 
 622:Drivers/CMSIS/Include/core_cm3.h **** 
 623:Drivers/CMSIS/Include/core_cm3.h **** #define SCB_HFSR_VECTTBL_Pos                1U                                            /*!< SCB 
 624:Drivers/CMSIS/Include/core_cm3.h **** #define SCB_HFSR_VECTTBL_Msk               (1UL << SCB_HFSR_VECTTBL_Pos)                  /*!< SCB 
 625:Drivers/CMSIS/Include/core_cm3.h **** 
 626:Drivers/CMSIS/Include/core_cm3.h **** /* SCB Debug Fault Status Register Definitions */
 627:Drivers/CMSIS/Include/core_cm3.h **** #define SCB_DFSR_EXTERNAL_Pos               4U                                            /*!< SCB 
 628:Drivers/CMSIS/Include/core_cm3.h **** #define SCB_DFSR_EXTERNAL_Msk              (1UL << SCB_DFSR_EXTERNAL_Pos)                 /*!< SCB 
ARM GAS  C:\Users\airforce\AppData\Local\Temp\ccDyHakX.s 			page 60


 629:Drivers/CMSIS/Include/core_cm3.h **** 
 630:Drivers/CMSIS/Include/core_cm3.h **** #define SCB_DFSR_VCATCH_Pos                 3U                                            /*!< SCB 
 631:Drivers/CMSIS/Include/core_cm3.h **** #define SCB_DFSR_VCATCH_Msk                (1UL << SCB_DFSR_VCATCH_Pos)                   /*!< SCB 
 632:Drivers/CMSIS/Include/core_cm3.h **** 
 633:Drivers/CMSIS/Include/core_cm3.h **** #define SCB_DFSR_DWTTRAP_Pos                2U                                            /*!< SCB 
 634:Drivers/CMSIS/Include/core_cm3.h **** #define SCB_DFSR_DWTTRAP_Msk               (1UL << SCB_DFSR_DWTTRAP_Pos)                  /*!< SCB 
 635:Drivers/CMSIS/Include/core_cm3.h **** 
 636:Drivers/CMSIS/Include/core_cm3.h **** #define SCB_DFSR_BKPT_Pos                   1U                                            /*!< SCB 
 637:Drivers/CMSIS/Include/core_cm3.h **** #define SCB_DFSR_BKPT_Msk                  (1UL << SCB_DFSR_BKPT_Pos)                     /*!< SCB 
 638:Drivers/CMSIS/Include/core_cm3.h **** 
 639:Drivers/CMSIS/Include/core_cm3.h **** #define SCB_DFSR_HALTED_Pos                 0U                                            /*!< SCB 
 640:Drivers/CMSIS/Include/core_cm3.h **** #define SCB_DFSR_HALTED_Msk                (1UL /*<< SCB_DFSR_HALTED_Pos*/)               /*!< SCB 
 641:Drivers/CMSIS/Include/core_cm3.h **** 
 642:Drivers/CMSIS/Include/core_cm3.h **** /*@} end of group CMSIS_SCB */
 643:Drivers/CMSIS/Include/core_cm3.h **** 
 644:Drivers/CMSIS/Include/core_cm3.h **** 
 645:Drivers/CMSIS/Include/core_cm3.h **** /**
 646:Drivers/CMSIS/Include/core_cm3.h ****   \ingroup  CMSIS_core_register
 647:Drivers/CMSIS/Include/core_cm3.h ****   \defgroup CMSIS_SCnSCB System Controls not in SCB (SCnSCB)
 648:Drivers/CMSIS/Include/core_cm3.h ****   \brief    Type definitions for the System Control and ID Register not in the SCB
 649:Drivers/CMSIS/Include/core_cm3.h ****   @{
 650:Drivers/CMSIS/Include/core_cm3.h ****  */
 651:Drivers/CMSIS/Include/core_cm3.h **** 
 652:Drivers/CMSIS/Include/core_cm3.h **** /**
 653:Drivers/CMSIS/Include/core_cm3.h ****   \brief  Structure type to access the System Control and ID Register not in the SCB.
 654:Drivers/CMSIS/Include/core_cm3.h ****  */
 655:Drivers/CMSIS/Include/core_cm3.h **** typedef struct
 656:Drivers/CMSIS/Include/core_cm3.h **** {
 657:Drivers/CMSIS/Include/core_cm3.h ****         uint32_t RESERVED0[1U];
 658:Drivers/CMSIS/Include/core_cm3.h ****   __IM  uint32_t ICTR;                   /*!< Offset: 0x004 (R/ )  Interrupt Controller Type Regist
 659:Drivers/CMSIS/Include/core_cm3.h **** #if defined (__CM3_REV) && (__CM3_REV >= 0x200U)
 660:Drivers/CMSIS/Include/core_cm3.h ****   __IOM uint32_t ACTLR;                  /*!< Offset: 0x008 (R/W)  Auxiliary Control Register */
 661:Drivers/CMSIS/Include/core_cm3.h **** #else
 662:Drivers/CMSIS/Include/core_cm3.h ****         uint32_t RESERVED1[1U];
 663:Drivers/CMSIS/Include/core_cm3.h **** #endif
 664:Drivers/CMSIS/Include/core_cm3.h **** } SCnSCB_Type;
 665:Drivers/CMSIS/Include/core_cm3.h **** 
 666:Drivers/CMSIS/Include/core_cm3.h **** /* Interrupt Controller Type Register Definitions */
 667:Drivers/CMSIS/Include/core_cm3.h **** #define SCnSCB_ICTR_INTLINESNUM_Pos         0U                                         /*!< ICTR: I
 668:Drivers/CMSIS/Include/core_cm3.h **** #define SCnSCB_ICTR_INTLINESNUM_Msk        (0xFUL /*<< SCnSCB_ICTR_INTLINESNUM_Pos*/)  /*!< ICTR: I
 669:Drivers/CMSIS/Include/core_cm3.h **** 
 670:Drivers/CMSIS/Include/core_cm3.h **** /* Auxiliary Control Register Definitions */
 671:Drivers/CMSIS/Include/core_cm3.h **** 
 672:Drivers/CMSIS/Include/core_cm3.h **** #define SCnSCB_ACTLR_DISFOLD_Pos            2U                                         /*!< ACTLR: 
 673:Drivers/CMSIS/Include/core_cm3.h **** #define SCnSCB_ACTLR_DISFOLD_Msk           (1UL << SCnSCB_ACTLR_DISFOLD_Pos)           /*!< ACTLR: 
 674:Drivers/CMSIS/Include/core_cm3.h **** 
 675:Drivers/CMSIS/Include/core_cm3.h **** #define SCnSCB_ACTLR_DISDEFWBUF_Pos         1U                                         /*!< ACTLR: 
 676:Drivers/CMSIS/Include/core_cm3.h **** #define SCnSCB_ACTLR_DISDEFWBUF_Msk        (1UL << SCnSCB_ACTLR_DISDEFWBUF_Pos)        /*!< ACTLR: 
 677:Drivers/CMSIS/Include/core_cm3.h **** 
 678:Drivers/CMSIS/Include/core_cm3.h **** #define SCnSCB_ACTLR_DISMCYCINT_Pos         0U                                         /*!< ACTLR: 
 679:Drivers/CMSIS/Include/core_cm3.h **** #define SCnSCB_ACTLR_DISMCYCINT_Msk        (1UL /*<< SCnSCB_ACTLR_DISMCYCINT_Pos*/)    /*!< ACTLR: 
 680:Drivers/CMSIS/Include/core_cm3.h **** 
 681:Drivers/CMSIS/Include/core_cm3.h **** /*@} end of group CMSIS_SCnotSCB */
 682:Drivers/CMSIS/Include/core_cm3.h **** 
 683:Drivers/CMSIS/Include/core_cm3.h **** 
 684:Drivers/CMSIS/Include/core_cm3.h **** /**
 685:Drivers/CMSIS/Include/core_cm3.h ****   \ingroup  CMSIS_core_register
ARM GAS  C:\Users\airforce\AppData\Local\Temp\ccDyHakX.s 			page 61


 686:Drivers/CMSIS/Include/core_cm3.h ****   \defgroup CMSIS_SysTick     System Tick Timer (SysTick)
 687:Drivers/CMSIS/Include/core_cm3.h ****   \brief    Type definitions for the System Timer Registers.
 688:Drivers/CMSIS/Include/core_cm3.h ****   @{
 689:Drivers/CMSIS/Include/core_cm3.h ****  */
 690:Drivers/CMSIS/Include/core_cm3.h **** 
 691:Drivers/CMSIS/Include/core_cm3.h **** /**
 692:Drivers/CMSIS/Include/core_cm3.h ****   \brief  Structure type to access the System Timer (SysTick).
 693:Drivers/CMSIS/Include/core_cm3.h ****  */
 694:Drivers/CMSIS/Include/core_cm3.h **** typedef struct
 695:Drivers/CMSIS/Include/core_cm3.h **** {
 696:Drivers/CMSIS/Include/core_cm3.h ****   __IOM uint32_t CTRL;                   /*!< Offset: 0x000 (R/W)  SysTick Control and Status Regis
 697:Drivers/CMSIS/Include/core_cm3.h ****   __IOM uint32_t LOAD;                   /*!< Offset: 0x004 (R/W)  SysTick Reload Value Register */
 698:Drivers/CMSIS/Include/core_cm3.h ****   __IOM uint32_t VAL;                    /*!< Offset: 0x008 (R/W)  SysTick Current Value Register *
 699:Drivers/CMSIS/Include/core_cm3.h ****   __IM  uint32_t CALIB;                  /*!< Offset: 0x00C (R/ )  SysTick Calibration Register */
 700:Drivers/CMSIS/Include/core_cm3.h **** } SysTick_Type;
 701:Drivers/CMSIS/Include/core_cm3.h **** 
 702:Drivers/CMSIS/Include/core_cm3.h **** /* SysTick Control / Status Register Definitions */
 703:Drivers/CMSIS/Include/core_cm3.h **** #define SysTick_CTRL_COUNTFLAG_Pos         16U                                            /*!< SysT
 704:Drivers/CMSIS/Include/core_cm3.h **** #define SysTick_CTRL_COUNTFLAG_Msk         (1UL << SysTick_CTRL_COUNTFLAG_Pos)            /*!< SysT
 705:Drivers/CMSIS/Include/core_cm3.h **** 
 706:Drivers/CMSIS/Include/core_cm3.h **** #define SysTick_CTRL_CLKSOURCE_Pos          2U                                            /*!< SysT
 707:Drivers/CMSIS/Include/core_cm3.h **** #define SysTick_CTRL_CLKSOURCE_Msk         (1UL << SysTick_CTRL_CLKSOURCE_Pos)            /*!< SysT
 708:Drivers/CMSIS/Include/core_cm3.h **** 
 709:Drivers/CMSIS/Include/core_cm3.h **** #define SysTick_CTRL_TICKINT_Pos            1U                                            /*!< SysT
 710:Drivers/CMSIS/Include/core_cm3.h **** #define SysTick_CTRL_TICKINT_Msk           (1UL << SysTick_CTRL_TICKINT_Pos)              /*!< SysT
 711:Drivers/CMSIS/Include/core_cm3.h **** 
 712:Drivers/CMSIS/Include/core_cm3.h **** #define SysTick_CTRL_ENABLE_Pos             0U                                            /*!< SysT
 713:Drivers/CMSIS/Include/core_cm3.h **** #define SysTick_CTRL_ENABLE_Msk            (1UL /*<< SysTick_CTRL_ENABLE_Pos*/)           /*!< SysT
 714:Drivers/CMSIS/Include/core_cm3.h **** 
 715:Drivers/CMSIS/Include/core_cm3.h **** /* SysTick Reload Register Definitions */
 716:Drivers/CMSIS/Include/core_cm3.h **** #define SysTick_LOAD_RELOAD_Pos             0U                                            /*!< SysT
 717:Drivers/CMSIS/Include/core_cm3.h **** #define SysTick_LOAD_RELOAD_Msk            (0xFFFFFFUL /*<< SysTick_LOAD_RELOAD_Pos*/)    /*!< SysT
 718:Drivers/CMSIS/Include/core_cm3.h **** 
 719:Drivers/CMSIS/Include/core_cm3.h **** /* SysTick Current Register Definitions */
 720:Drivers/CMSIS/Include/core_cm3.h **** #define SysTick_VAL_CURRENT_Pos             0U                                            /*!< SysT
 721:Drivers/CMSIS/Include/core_cm3.h **** #define SysTick_VAL_CURRENT_Msk            (0xFFFFFFUL /*<< SysTick_VAL_CURRENT_Pos*/)    /*!< SysT
 722:Drivers/CMSIS/Include/core_cm3.h **** 
 723:Drivers/CMSIS/Include/core_cm3.h **** /* SysTick Calibration Register Definitions */
 724:Drivers/CMSIS/Include/core_cm3.h **** #define SysTick_CALIB_NOREF_Pos            31U                                            /*!< SysT
 725:Drivers/CMSIS/Include/core_cm3.h **** #define SysTick_CALIB_NOREF_Msk            (1UL << SysTick_CALIB_NOREF_Pos)               /*!< SysT
 726:Drivers/CMSIS/Include/core_cm3.h **** 
 727:Drivers/CMSIS/Include/core_cm3.h **** #define SysTick_CALIB_SKEW_Pos             30U                                            /*!< SysT
 728:Drivers/CMSIS/Include/core_cm3.h **** #define SysTick_CALIB_SKEW_Msk             (1UL << SysTick_CALIB_SKEW_Pos)                /*!< SysT
 729:Drivers/CMSIS/Include/core_cm3.h **** 
 730:Drivers/CMSIS/Include/core_cm3.h **** #define SysTick_CALIB_TENMS_Pos             0U                                            /*!< SysT
 731:Drivers/CMSIS/Include/core_cm3.h **** #define SysTick_CALIB_TENMS_Msk            (0xFFFFFFUL /*<< SysTick_CALIB_TENMS_Pos*/)    /*!< SysT
 732:Drivers/CMSIS/Include/core_cm3.h **** 
 733:Drivers/CMSIS/Include/core_cm3.h **** /*@} end of group CMSIS_SysTick */
 734:Drivers/CMSIS/Include/core_cm3.h **** 
 735:Drivers/CMSIS/Include/core_cm3.h **** 
 736:Drivers/CMSIS/Include/core_cm3.h **** /**
 737:Drivers/CMSIS/Include/core_cm3.h ****   \ingroup  CMSIS_core_register
 738:Drivers/CMSIS/Include/core_cm3.h ****   \defgroup CMSIS_ITM     Instrumentation Trace Macrocell (ITM)
 739:Drivers/CMSIS/Include/core_cm3.h ****   \brief    Type definitions for the Instrumentation Trace Macrocell (ITM)
 740:Drivers/CMSIS/Include/core_cm3.h ****   @{
 741:Drivers/CMSIS/Include/core_cm3.h ****  */
 742:Drivers/CMSIS/Include/core_cm3.h **** 
ARM GAS  C:\Users\airforce\AppData\Local\Temp\ccDyHakX.s 			page 62


 743:Drivers/CMSIS/Include/core_cm3.h **** /**
 744:Drivers/CMSIS/Include/core_cm3.h ****   \brief  Structure type to access the Instrumentation Trace Macrocell Register (ITM).
 745:Drivers/CMSIS/Include/core_cm3.h ****  */
 746:Drivers/CMSIS/Include/core_cm3.h **** typedef struct
 747:Drivers/CMSIS/Include/core_cm3.h **** {
 748:Drivers/CMSIS/Include/core_cm3.h ****   __OM  union
 749:Drivers/CMSIS/Include/core_cm3.h ****   {
 750:Drivers/CMSIS/Include/core_cm3.h ****     __OM  uint8_t    u8;                 /*!< Offset: 0x000 ( /W)  ITM Stimulus Port 8-bit */
 751:Drivers/CMSIS/Include/core_cm3.h ****     __OM  uint16_t   u16;                /*!< Offset: 0x000 ( /W)  ITM Stimulus Port 16-bit */
 752:Drivers/CMSIS/Include/core_cm3.h ****     __OM  uint32_t   u32;                /*!< Offset: 0x000 ( /W)  ITM Stimulus Port 32-bit */
 753:Drivers/CMSIS/Include/core_cm3.h ****   }  PORT [32U];                         /*!< Offset: 0x000 ( /W)  ITM Stimulus Port Registers */
 754:Drivers/CMSIS/Include/core_cm3.h ****         uint32_t RESERVED0[864U];
 755:Drivers/CMSIS/Include/core_cm3.h ****   __IOM uint32_t TER;                    /*!< Offset: 0xE00 (R/W)  ITM Trace Enable Register */
 756:Drivers/CMSIS/Include/core_cm3.h ****         uint32_t RESERVED1[15U];
 757:Drivers/CMSIS/Include/core_cm3.h ****   __IOM uint32_t TPR;                    /*!< Offset: 0xE40 (R/W)  ITM Trace Privilege Register */
 758:Drivers/CMSIS/Include/core_cm3.h ****         uint32_t RESERVED2[15U];
 759:Drivers/CMSIS/Include/core_cm3.h ****   __IOM uint32_t TCR;                    /*!< Offset: 0xE80 (R/W)  ITM Trace Control Register */
 760:Drivers/CMSIS/Include/core_cm3.h ****         uint32_t RESERVED3[29U];
 761:Drivers/CMSIS/Include/core_cm3.h ****   __OM  uint32_t IWR;                    /*!< Offset: 0xEF8 ( /W)  ITM Integration Write Register *
 762:Drivers/CMSIS/Include/core_cm3.h ****   __IM  uint32_t IRR;                    /*!< Offset: 0xEFC (R/ )  ITM Integration Read Register */
 763:Drivers/CMSIS/Include/core_cm3.h ****   __IOM uint32_t IMCR;                   /*!< Offset: 0xF00 (R/W)  ITM Integration Mode Control Reg
 764:Drivers/CMSIS/Include/core_cm3.h ****         uint32_t RESERVED4[43U];
 765:Drivers/CMSIS/Include/core_cm3.h ****   __OM  uint32_t LAR;                    /*!< Offset: 0xFB0 ( /W)  ITM Lock Access Register */
 766:Drivers/CMSIS/Include/core_cm3.h ****   __IM  uint32_t LSR;                    /*!< Offset: 0xFB4 (R/ )  ITM Lock Status Register */
 767:Drivers/CMSIS/Include/core_cm3.h ****         uint32_t RESERVED5[6U];
 768:Drivers/CMSIS/Include/core_cm3.h ****   __IM  uint32_t PID4;                   /*!< Offset: 0xFD0 (R/ )  ITM Peripheral Identification Re
 769:Drivers/CMSIS/Include/core_cm3.h ****   __IM  uint32_t PID5;                   /*!< Offset: 0xFD4 (R/ )  ITM Peripheral Identification Re
 770:Drivers/CMSIS/Include/core_cm3.h ****   __IM  uint32_t PID6;                   /*!< Offset: 0xFD8 (R/ )  ITM Peripheral Identification Re
 771:Drivers/CMSIS/Include/core_cm3.h ****   __IM  uint32_t PID7;                   /*!< Offset: 0xFDC (R/ )  ITM Peripheral Identification Re
 772:Drivers/CMSIS/Include/core_cm3.h ****   __IM  uint32_t PID0;                   /*!< Offset: 0xFE0 (R/ )  ITM Peripheral Identification Re
 773:Drivers/CMSIS/Include/core_cm3.h ****   __IM  uint32_t PID1;                   /*!< Offset: 0xFE4 (R/ )  ITM Peripheral Identification Re
 774:Drivers/CMSIS/Include/core_cm3.h ****   __IM  uint32_t PID2;                   /*!< Offset: 0xFE8 (R/ )  ITM Peripheral Identification Re
 775:Drivers/CMSIS/Include/core_cm3.h ****   __IM  uint32_t PID3;                   /*!< Offset: 0xFEC (R/ )  ITM Peripheral Identification Re
 776:Drivers/CMSIS/Include/core_cm3.h ****   __IM  uint32_t CID0;                   /*!< Offset: 0xFF0 (R/ )  ITM Component  Identification Re
 777:Drivers/CMSIS/Include/core_cm3.h ****   __IM  uint32_t CID1;                   /*!< Offset: 0xFF4 (R/ )  ITM Component  Identification Re
 778:Drivers/CMSIS/Include/core_cm3.h ****   __IM  uint32_t CID2;                   /*!< Offset: 0xFF8 (R/ )  ITM Component  Identification Re
 779:Drivers/CMSIS/Include/core_cm3.h ****   __IM  uint32_t CID3;                   /*!< Offset: 0xFFC (R/ )  ITM Component  Identification Re
 780:Drivers/CMSIS/Include/core_cm3.h **** } ITM_Type;
 781:Drivers/CMSIS/Include/core_cm3.h **** 
 782:Drivers/CMSIS/Include/core_cm3.h **** /* ITM Trace Privilege Register Definitions */
 783:Drivers/CMSIS/Include/core_cm3.h **** #define ITM_TPR_PRIVMASK_Pos                0U                                            /*!< ITM 
 784:Drivers/CMSIS/Include/core_cm3.h **** #define ITM_TPR_PRIVMASK_Msk               (0xFFFFFFFFUL /*<< ITM_TPR_PRIVMASK_Pos*/)     /*!< ITM 
 785:Drivers/CMSIS/Include/core_cm3.h **** 
 786:Drivers/CMSIS/Include/core_cm3.h **** /* ITM Trace Control Register Definitions */
 787:Drivers/CMSIS/Include/core_cm3.h **** #define ITM_TCR_BUSY_Pos                   23U                                            /*!< ITM 
 788:Drivers/CMSIS/Include/core_cm3.h **** #define ITM_TCR_BUSY_Msk                   (1UL << ITM_TCR_BUSY_Pos)                      /*!< ITM 
 789:Drivers/CMSIS/Include/core_cm3.h **** 
 790:Drivers/CMSIS/Include/core_cm3.h **** #define ITM_TCR_TraceBusID_Pos             16U                                            /*!< ITM 
 791:Drivers/CMSIS/Include/core_cm3.h **** #define ITM_TCR_TraceBusID_Msk             (0x7FUL << ITM_TCR_TraceBusID_Pos)             /*!< ITM 
 792:Drivers/CMSIS/Include/core_cm3.h **** 
 793:Drivers/CMSIS/Include/core_cm3.h **** #define ITM_TCR_GTSFREQ_Pos                10U                                            /*!< ITM 
 794:Drivers/CMSIS/Include/core_cm3.h **** #define ITM_TCR_GTSFREQ_Msk                (3UL << ITM_TCR_GTSFREQ_Pos)                   /*!< ITM 
 795:Drivers/CMSIS/Include/core_cm3.h **** 
 796:Drivers/CMSIS/Include/core_cm3.h **** #define ITM_TCR_TSPrescale_Pos              8U                                            /*!< ITM 
 797:Drivers/CMSIS/Include/core_cm3.h **** #define ITM_TCR_TSPrescale_Msk             (3UL << ITM_TCR_TSPrescale_Pos)                /*!< ITM 
 798:Drivers/CMSIS/Include/core_cm3.h **** 
 799:Drivers/CMSIS/Include/core_cm3.h **** #define ITM_TCR_SWOENA_Pos                  4U                                            /*!< ITM 
ARM GAS  C:\Users\airforce\AppData\Local\Temp\ccDyHakX.s 			page 63


 800:Drivers/CMSIS/Include/core_cm3.h **** #define ITM_TCR_SWOENA_Msk                 (1UL << ITM_TCR_SWOENA_Pos)                    /*!< ITM 
 801:Drivers/CMSIS/Include/core_cm3.h **** 
 802:Drivers/CMSIS/Include/core_cm3.h **** #define ITM_TCR_DWTENA_Pos                  3U                                            /*!< ITM 
 803:Drivers/CMSIS/Include/core_cm3.h **** #define ITM_TCR_DWTENA_Msk                 (1UL << ITM_TCR_DWTENA_Pos)                    /*!< ITM 
 804:Drivers/CMSIS/Include/core_cm3.h **** 
 805:Drivers/CMSIS/Include/core_cm3.h **** #define ITM_TCR_SYNCENA_Pos                 2U                                            /*!< ITM 
 806:Drivers/CMSIS/Include/core_cm3.h **** #define ITM_TCR_SYNCENA_Msk                (1UL << ITM_TCR_SYNCENA_Pos)                   /*!< ITM 
 807:Drivers/CMSIS/Include/core_cm3.h **** 
 808:Drivers/CMSIS/Include/core_cm3.h **** #define ITM_TCR_TSENA_Pos                   1U                                            /*!< ITM 
 809:Drivers/CMSIS/Include/core_cm3.h **** #define ITM_TCR_TSENA_Msk                  (1UL << ITM_TCR_TSENA_Pos)                     /*!< ITM 
 810:Drivers/CMSIS/Include/core_cm3.h **** 
 811:Drivers/CMSIS/Include/core_cm3.h **** #define ITM_TCR_ITMENA_Pos                  0U                                            /*!< ITM 
 812:Drivers/CMSIS/Include/core_cm3.h **** #define ITM_TCR_ITMENA_Msk                 (1UL /*<< ITM_TCR_ITMENA_Pos*/)                /*!< ITM 
 813:Drivers/CMSIS/Include/core_cm3.h **** 
 814:Drivers/CMSIS/Include/core_cm3.h **** /* ITM Integration Write Register Definitions */
 815:Drivers/CMSIS/Include/core_cm3.h **** #define ITM_IWR_ATVALIDM_Pos                0U                                            /*!< ITM 
 816:Drivers/CMSIS/Include/core_cm3.h **** #define ITM_IWR_ATVALIDM_Msk               (1UL /*<< ITM_IWR_ATVALIDM_Pos*/)              /*!< ITM 
 817:Drivers/CMSIS/Include/core_cm3.h **** 
 818:Drivers/CMSIS/Include/core_cm3.h **** /* ITM Integration Read Register Definitions */
 819:Drivers/CMSIS/Include/core_cm3.h **** #define ITM_IRR_ATREADYM_Pos                0U                                            /*!< ITM 
 820:Drivers/CMSIS/Include/core_cm3.h **** #define ITM_IRR_ATREADYM_Msk               (1UL /*<< ITM_IRR_ATREADYM_Pos*/)              /*!< ITM 
 821:Drivers/CMSIS/Include/core_cm3.h **** 
 822:Drivers/CMSIS/Include/core_cm3.h **** /* ITM Integration Mode Control Register Definitions */
 823:Drivers/CMSIS/Include/core_cm3.h **** #define ITM_IMCR_INTEGRATION_Pos            0U                                            /*!< ITM 
 824:Drivers/CMSIS/Include/core_cm3.h **** #define ITM_IMCR_INTEGRATION_Msk           (1UL /*<< ITM_IMCR_INTEGRATION_Pos*/)          /*!< ITM 
 825:Drivers/CMSIS/Include/core_cm3.h **** 
 826:Drivers/CMSIS/Include/core_cm3.h **** /* ITM Lock Status Register Definitions */
 827:Drivers/CMSIS/Include/core_cm3.h **** #define ITM_LSR_ByteAcc_Pos                 2U                                            /*!< ITM 
 828:Drivers/CMSIS/Include/core_cm3.h **** #define ITM_LSR_ByteAcc_Msk                (1UL << ITM_LSR_ByteAcc_Pos)                   /*!< ITM 
 829:Drivers/CMSIS/Include/core_cm3.h **** 
 830:Drivers/CMSIS/Include/core_cm3.h **** #define ITM_LSR_Access_Pos                  1U                                            /*!< ITM 
 831:Drivers/CMSIS/Include/core_cm3.h **** #define ITM_LSR_Access_Msk                 (1UL << ITM_LSR_Access_Pos)                    /*!< ITM 
 832:Drivers/CMSIS/Include/core_cm3.h **** 
 833:Drivers/CMSIS/Include/core_cm3.h **** #define ITM_LSR_Present_Pos                 0U                                            /*!< ITM 
 834:Drivers/CMSIS/Include/core_cm3.h **** #define ITM_LSR_Present_Msk                (1UL /*<< ITM_LSR_Present_Pos*/)               /*!< ITM 
 835:Drivers/CMSIS/Include/core_cm3.h **** 
 836:Drivers/CMSIS/Include/core_cm3.h **** /*@}*/ /* end of group CMSIS_ITM */
 837:Drivers/CMSIS/Include/core_cm3.h **** 
 838:Drivers/CMSIS/Include/core_cm3.h **** 
 839:Drivers/CMSIS/Include/core_cm3.h **** /**
 840:Drivers/CMSIS/Include/core_cm3.h ****   \ingroup  CMSIS_core_register
 841:Drivers/CMSIS/Include/core_cm3.h ****   \defgroup CMSIS_DWT     Data Watchpoint and Trace (DWT)
 842:Drivers/CMSIS/Include/core_cm3.h ****   \brief    Type definitions for the Data Watchpoint and Trace (DWT)
 843:Drivers/CMSIS/Include/core_cm3.h ****   @{
 844:Drivers/CMSIS/Include/core_cm3.h ****  */
 845:Drivers/CMSIS/Include/core_cm3.h **** 
 846:Drivers/CMSIS/Include/core_cm3.h **** /**
 847:Drivers/CMSIS/Include/core_cm3.h ****   \brief  Structure type to access the Data Watchpoint and Trace Register (DWT).
 848:Drivers/CMSIS/Include/core_cm3.h ****  */
 849:Drivers/CMSIS/Include/core_cm3.h **** typedef struct
 850:Drivers/CMSIS/Include/core_cm3.h **** {
 851:Drivers/CMSIS/Include/core_cm3.h ****   __IOM uint32_t CTRL;                   /*!< Offset: 0x000 (R/W)  Control Register */
 852:Drivers/CMSIS/Include/core_cm3.h ****   __IOM uint32_t CYCCNT;                 /*!< Offset: 0x004 (R/W)  Cycle Count Register */
 853:Drivers/CMSIS/Include/core_cm3.h ****   __IOM uint32_t CPICNT;                 /*!< Offset: 0x008 (R/W)  CPI Count Register */
 854:Drivers/CMSIS/Include/core_cm3.h ****   __IOM uint32_t EXCCNT;                 /*!< Offset: 0x00C (R/W)  Exception Overhead Count Registe
 855:Drivers/CMSIS/Include/core_cm3.h ****   __IOM uint32_t SLEEPCNT;               /*!< Offset: 0x010 (R/W)  Sleep Count Register */
 856:Drivers/CMSIS/Include/core_cm3.h ****   __IOM uint32_t LSUCNT;                 /*!< Offset: 0x014 (R/W)  LSU Count Register */
ARM GAS  C:\Users\airforce\AppData\Local\Temp\ccDyHakX.s 			page 64


 857:Drivers/CMSIS/Include/core_cm3.h ****   __IOM uint32_t FOLDCNT;                /*!< Offset: 0x018 (R/W)  Folded-instruction Count Registe
 858:Drivers/CMSIS/Include/core_cm3.h ****   __IM  uint32_t PCSR;                   /*!< Offset: 0x01C (R/ )  Program Counter Sample Register 
 859:Drivers/CMSIS/Include/core_cm3.h ****   __IOM uint32_t COMP0;                  /*!< Offset: 0x020 (R/W)  Comparator Register 0 */
 860:Drivers/CMSIS/Include/core_cm3.h ****   __IOM uint32_t MASK0;                  /*!< Offset: 0x024 (R/W)  Mask Register 0 */
 861:Drivers/CMSIS/Include/core_cm3.h ****   __IOM uint32_t FUNCTION0;              /*!< Offset: 0x028 (R/W)  Function Register 0 */
 862:Drivers/CMSIS/Include/core_cm3.h ****         uint32_t RESERVED0[1U];
 863:Drivers/CMSIS/Include/core_cm3.h ****   __IOM uint32_t COMP1;                  /*!< Offset: 0x030 (R/W)  Comparator Register 1 */
 864:Drivers/CMSIS/Include/core_cm3.h ****   __IOM uint32_t MASK1;                  /*!< Offset: 0x034 (R/W)  Mask Register 1 */
 865:Drivers/CMSIS/Include/core_cm3.h ****   __IOM uint32_t FUNCTION1;              /*!< Offset: 0x038 (R/W)  Function Register 1 */
 866:Drivers/CMSIS/Include/core_cm3.h ****         uint32_t RESERVED1[1U];
 867:Drivers/CMSIS/Include/core_cm3.h ****   __IOM uint32_t COMP2;                  /*!< Offset: 0x040 (R/W)  Comparator Register 2 */
 868:Drivers/CMSIS/Include/core_cm3.h ****   __IOM uint32_t MASK2;                  /*!< Offset: 0x044 (R/W)  Mask Register 2 */
 869:Drivers/CMSIS/Include/core_cm3.h ****   __IOM uint32_t FUNCTION2;              /*!< Offset: 0x048 (R/W)  Function Register 2 */
 870:Drivers/CMSIS/Include/core_cm3.h ****         uint32_t RESERVED2[1U];
 871:Drivers/CMSIS/Include/core_cm3.h ****   __IOM uint32_t COMP3;                  /*!< Offset: 0x050 (R/W)  Comparator Register 3 */
 872:Drivers/CMSIS/Include/core_cm3.h ****   __IOM uint32_t MASK3;                  /*!< Offset: 0x054 (R/W)  Mask Register 3 */
 873:Drivers/CMSIS/Include/core_cm3.h ****   __IOM uint32_t FUNCTION3;              /*!< Offset: 0x058 (R/W)  Function Register 3 */
 874:Drivers/CMSIS/Include/core_cm3.h **** } DWT_Type;
 875:Drivers/CMSIS/Include/core_cm3.h **** 
 876:Drivers/CMSIS/Include/core_cm3.h **** /* DWT Control Register Definitions */
 877:Drivers/CMSIS/Include/core_cm3.h **** #define DWT_CTRL_NUMCOMP_Pos               28U                                         /*!< DWT CTR
 878:Drivers/CMSIS/Include/core_cm3.h **** #define DWT_CTRL_NUMCOMP_Msk               (0xFUL << DWT_CTRL_NUMCOMP_Pos)             /*!< DWT CTR
 879:Drivers/CMSIS/Include/core_cm3.h **** 
 880:Drivers/CMSIS/Include/core_cm3.h **** #define DWT_CTRL_NOTRCPKT_Pos              27U                                         /*!< DWT CTR
 881:Drivers/CMSIS/Include/core_cm3.h **** #define DWT_CTRL_NOTRCPKT_Msk              (0x1UL << DWT_CTRL_NOTRCPKT_Pos)            /*!< DWT CTR
 882:Drivers/CMSIS/Include/core_cm3.h **** 
 883:Drivers/CMSIS/Include/core_cm3.h **** #define DWT_CTRL_NOEXTTRIG_Pos             26U                                         /*!< DWT CTR
 884:Drivers/CMSIS/Include/core_cm3.h **** #define DWT_CTRL_NOEXTTRIG_Msk             (0x1UL << DWT_CTRL_NOEXTTRIG_Pos)           /*!< DWT CTR
 885:Drivers/CMSIS/Include/core_cm3.h **** 
 886:Drivers/CMSIS/Include/core_cm3.h **** #define DWT_CTRL_NOCYCCNT_Pos              25U                                         /*!< DWT CTR
 887:Drivers/CMSIS/Include/core_cm3.h **** #define DWT_CTRL_NOCYCCNT_Msk              (0x1UL << DWT_CTRL_NOCYCCNT_Pos)            /*!< DWT CTR
 888:Drivers/CMSIS/Include/core_cm3.h **** 
 889:Drivers/CMSIS/Include/core_cm3.h **** #define DWT_CTRL_NOPRFCNT_Pos              24U                                         /*!< DWT CTR
 890:Drivers/CMSIS/Include/core_cm3.h **** #define DWT_CTRL_NOPRFCNT_Msk              (0x1UL << DWT_CTRL_NOPRFCNT_Pos)            /*!< DWT CTR
 891:Drivers/CMSIS/Include/core_cm3.h **** 
 892:Drivers/CMSIS/Include/core_cm3.h **** #define DWT_CTRL_CYCEVTENA_Pos             22U                                         /*!< DWT CTR
 893:Drivers/CMSIS/Include/core_cm3.h **** #define DWT_CTRL_CYCEVTENA_Msk             (0x1UL << DWT_CTRL_CYCEVTENA_Pos)           /*!< DWT CTR
 894:Drivers/CMSIS/Include/core_cm3.h **** 
 895:Drivers/CMSIS/Include/core_cm3.h **** #define DWT_CTRL_FOLDEVTENA_Pos            21U                                         /*!< DWT CTR
 896:Drivers/CMSIS/Include/core_cm3.h **** #define DWT_CTRL_FOLDEVTENA_Msk            (0x1UL << DWT_CTRL_FOLDEVTENA_Pos)          /*!< DWT CTR
 897:Drivers/CMSIS/Include/core_cm3.h **** 
 898:Drivers/CMSIS/Include/core_cm3.h **** #define DWT_CTRL_LSUEVTENA_Pos             20U                                         /*!< DWT CTR
 899:Drivers/CMSIS/Include/core_cm3.h **** #define DWT_CTRL_LSUEVTENA_Msk             (0x1UL << DWT_CTRL_LSUEVTENA_Pos)           /*!< DWT CTR
 900:Drivers/CMSIS/Include/core_cm3.h **** 
 901:Drivers/CMSIS/Include/core_cm3.h **** #define DWT_CTRL_SLEEPEVTENA_Pos           19U                                         /*!< DWT CTR
 902:Drivers/CMSIS/Include/core_cm3.h **** #define DWT_CTRL_SLEEPEVTENA_Msk           (0x1UL << DWT_CTRL_SLEEPEVTENA_Pos)         /*!< DWT CTR
 903:Drivers/CMSIS/Include/core_cm3.h **** 
 904:Drivers/CMSIS/Include/core_cm3.h **** #define DWT_CTRL_EXCEVTENA_Pos             18U                                         /*!< DWT CTR
 905:Drivers/CMSIS/Include/core_cm3.h **** #define DWT_CTRL_EXCEVTENA_Msk             (0x1UL << DWT_CTRL_EXCEVTENA_Pos)           /*!< DWT CTR
 906:Drivers/CMSIS/Include/core_cm3.h **** 
 907:Drivers/CMSIS/Include/core_cm3.h **** #define DWT_CTRL_CPIEVTENA_Pos             17U                                         /*!< DWT CTR
 908:Drivers/CMSIS/Include/core_cm3.h **** #define DWT_CTRL_CPIEVTENA_Msk             (0x1UL << DWT_CTRL_CPIEVTENA_Pos)           /*!< DWT CTR
 909:Drivers/CMSIS/Include/core_cm3.h **** 
 910:Drivers/CMSIS/Include/core_cm3.h **** #define DWT_CTRL_EXCTRCENA_Pos             16U                                         /*!< DWT CTR
 911:Drivers/CMSIS/Include/core_cm3.h **** #define DWT_CTRL_EXCTRCENA_Msk             (0x1UL << DWT_CTRL_EXCTRCENA_Pos)           /*!< DWT CTR
 912:Drivers/CMSIS/Include/core_cm3.h **** 
 913:Drivers/CMSIS/Include/core_cm3.h **** #define DWT_CTRL_PCSAMPLENA_Pos            12U                                         /*!< DWT CTR
ARM GAS  C:\Users\airforce\AppData\Local\Temp\ccDyHakX.s 			page 65


 914:Drivers/CMSIS/Include/core_cm3.h **** #define DWT_CTRL_PCSAMPLENA_Msk            (0x1UL << DWT_CTRL_PCSAMPLENA_Pos)          /*!< DWT CTR
 915:Drivers/CMSIS/Include/core_cm3.h **** 
 916:Drivers/CMSIS/Include/core_cm3.h **** #define DWT_CTRL_SYNCTAP_Pos               10U                                         /*!< DWT CTR
 917:Drivers/CMSIS/Include/core_cm3.h **** #define DWT_CTRL_SYNCTAP_Msk               (0x3UL << DWT_CTRL_SYNCTAP_Pos)             /*!< DWT CTR
 918:Drivers/CMSIS/Include/core_cm3.h **** 
 919:Drivers/CMSIS/Include/core_cm3.h **** #define DWT_CTRL_CYCTAP_Pos                 9U                                         /*!< DWT CTR
 920:Drivers/CMSIS/Include/core_cm3.h **** #define DWT_CTRL_CYCTAP_Msk                (0x1UL << DWT_CTRL_CYCTAP_Pos)              /*!< DWT CTR
 921:Drivers/CMSIS/Include/core_cm3.h **** 
 922:Drivers/CMSIS/Include/core_cm3.h **** #define DWT_CTRL_POSTINIT_Pos               5U                                         /*!< DWT CTR
 923:Drivers/CMSIS/Include/core_cm3.h **** #define DWT_CTRL_POSTINIT_Msk              (0xFUL << DWT_CTRL_POSTINIT_Pos)            /*!< DWT CTR
 924:Drivers/CMSIS/Include/core_cm3.h **** 
 925:Drivers/CMSIS/Include/core_cm3.h **** #define DWT_CTRL_POSTPRESET_Pos             1U                                         /*!< DWT CTR
 926:Drivers/CMSIS/Include/core_cm3.h **** #define DWT_CTRL_POSTPRESET_Msk            (0xFUL << DWT_CTRL_POSTPRESET_Pos)          /*!< DWT CTR
 927:Drivers/CMSIS/Include/core_cm3.h **** 
 928:Drivers/CMSIS/Include/core_cm3.h **** #define DWT_CTRL_CYCCNTENA_Pos              0U                                         /*!< DWT CTR
 929:Drivers/CMSIS/Include/core_cm3.h **** #define DWT_CTRL_CYCCNTENA_Msk             (0x1UL /*<< DWT_CTRL_CYCCNTENA_Pos*/)       /*!< DWT CTR
 930:Drivers/CMSIS/Include/core_cm3.h **** 
 931:Drivers/CMSIS/Include/core_cm3.h **** /* DWT CPI Count Register Definitions */
 932:Drivers/CMSIS/Include/core_cm3.h **** #define DWT_CPICNT_CPICNT_Pos               0U                                         /*!< DWT CPI
 933:Drivers/CMSIS/Include/core_cm3.h **** #define DWT_CPICNT_CPICNT_Msk              (0xFFUL /*<< DWT_CPICNT_CPICNT_Pos*/)       /*!< DWT CPI
 934:Drivers/CMSIS/Include/core_cm3.h **** 
 935:Drivers/CMSIS/Include/core_cm3.h **** /* DWT Exception Overhead Count Register Definitions */
 936:Drivers/CMSIS/Include/core_cm3.h **** #define DWT_EXCCNT_EXCCNT_Pos               0U                                         /*!< DWT EXC
 937:Drivers/CMSIS/Include/core_cm3.h **** #define DWT_EXCCNT_EXCCNT_Msk              (0xFFUL /*<< DWT_EXCCNT_EXCCNT_Pos*/)       /*!< DWT EXC
 938:Drivers/CMSIS/Include/core_cm3.h **** 
 939:Drivers/CMSIS/Include/core_cm3.h **** /* DWT Sleep Count Register Definitions */
 940:Drivers/CMSIS/Include/core_cm3.h **** #define DWT_SLEEPCNT_SLEEPCNT_Pos           0U                                         /*!< DWT SLE
 941:Drivers/CMSIS/Include/core_cm3.h **** #define DWT_SLEEPCNT_SLEEPCNT_Msk          (0xFFUL /*<< DWT_SLEEPCNT_SLEEPCNT_Pos*/)   /*!< DWT SLE
 942:Drivers/CMSIS/Include/core_cm3.h **** 
 943:Drivers/CMSIS/Include/core_cm3.h **** /* DWT LSU Count Register Definitions */
 944:Drivers/CMSIS/Include/core_cm3.h **** #define DWT_LSUCNT_LSUCNT_Pos               0U                                         /*!< DWT LSU
 945:Drivers/CMSIS/Include/core_cm3.h **** #define DWT_LSUCNT_LSUCNT_Msk              (0xFFUL /*<< DWT_LSUCNT_LSUCNT_Pos*/)       /*!< DWT LSU
 946:Drivers/CMSIS/Include/core_cm3.h **** 
 947:Drivers/CMSIS/Include/core_cm3.h **** /* DWT Folded-instruction Count Register Definitions */
 948:Drivers/CMSIS/Include/core_cm3.h **** #define DWT_FOLDCNT_FOLDCNT_Pos             0U                                         /*!< DWT FOL
 949:Drivers/CMSIS/Include/core_cm3.h **** #define DWT_FOLDCNT_FOLDCNT_Msk            (0xFFUL /*<< DWT_FOLDCNT_FOLDCNT_Pos*/)     /*!< DWT FOL
 950:Drivers/CMSIS/Include/core_cm3.h **** 
 951:Drivers/CMSIS/Include/core_cm3.h **** /* DWT Comparator Mask Register Definitions */
 952:Drivers/CMSIS/Include/core_cm3.h **** #define DWT_MASK_MASK_Pos                   0U                                         /*!< DWT MAS
 953:Drivers/CMSIS/Include/core_cm3.h **** #define DWT_MASK_MASK_Msk                  (0x1FUL /*<< DWT_MASK_MASK_Pos*/)           /*!< DWT MAS
 954:Drivers/CMSIS/Include/core_cm3.h **** 
 955:Drivers/CMSIS/Include/core_cm3.h **** /* DWT Comparator Function Register Definitions */
 956:Drivers/CMSIS/Include/core_cm3.h **** #define DWT_FUNCTION_MATCHED_Pos           24U                                         /*!< DWT FUN
 957:Drivers/CMSIS/Include/core_cm3.h **** #define DWT_FUNCTION_MATCHED_Msk           (0x1UL << DWT_FUNCTION_MATCHED_Pos)         /*!< DWT FUN
 958:Drivers/CMSIS/Include/core_cm3.h **** 
 959:Drivers/CMSIS/Include/core_cm3.h **** #define DWT_FUNCTION_DATAVADDR1_Pos        16U                                         /*!< DWT FUN
 960:Drivers/CMSIS/Include/core_cm3.h **** #define DWT_FUNCTION_DATAVADDR1_Msk        (0xFUL << DWT_FUNCTION_DATAVADDR1_Pos)      /*!< DWT FUN
 961:Drivers/CMSIS/Include/core_cm3.h **** 
 962:Drivers/CMSIS/Include/core_cm3.h **** #define DWT_FUNCTION_DATAVADDR0_Pos        12U                                         /*!< DWT FUN
 963:Drivers/CMSIS/Include/core_cm3.h **** #define DWT_FUNCTION_DATAVADDR0_Msk        (0xFUL << DWT_FUNCTION_DATAVADDR0_Pos)      /*!< DWT FUN
 964:Drivers/CMSIS/Include/core_cm3.h **** 
 965:Drivers/CMSIS/Include/core_cm3.h **** #define DWT_FUNCTION_DATAVSIZE_Pos         10U                                         /*!< DWT FUN
 966:Drivers/CMSIS/Include/core_cm3.h **** #define DWT_FUNCTION_DATAVSIZE_Msk         (0x3UL << DWT_FUNCTION_DATAVSIZE_Pos)       /*!< DWT FUN
 967:Drivers/CMSIS/Include/core_cm3.h **** 
 968:Drivers/CMSIS/Include/core_cm3.h **** #define DWT_FUNCTION_LNK1ENA_Pos            9U                                         /*!< DWT FUN
 969:Drivers/CMSIS/Include/core_cm3.h **** #define DWT_FUNCTION_LNK1ENA_Msk           (0x1UL << DWT_FUNCTION_LNK1ENA_Pos)         /*!< DWT FUN
 970:Drivers/CMSIS/Include/core_cm3.h **** 
ARM GAS  C:\Users\airforce\AppData\Local\Temp\ccDyHakX.s 			page 66


 971:Drivers/CMSIS/Include/core_cm3.h **** #define DWT_FUNCTION_DATAVMATCH_Pos         8U                                         /*!< DWT FUN
 972:Drivers/CMSIS/Include/core_cm3.h **** #define DWT_FUNCTION_DATAVMATCH_Msk        (0x1UL << DWT_FUNCTION_DATAVMATCH_Pos)      /*!< DWT FUN
 973:Drivers/CMSIS/Include/core_cm3.h **** 
 974:Drivers/CMSIS/Include/core_cm3.h **** #define DWT_FUNCTION_CYCMATCH_Pos           7U                                         /*!< DWT FUN
 975:Drivers/CMSIS/Include/core_cm3.h **** #define DWT_FUNCTION_CYCMATCH_Msk          (0x1UL << DWT_FUNCTION_CYCMATCH_Pos)        /*!< DWT FUN
 976:Drivers/CMSIS/Include/core_cm3.h **** 
 977:Drivers/CMSIS/Include/core_cm3.h **** #define DWT_FUNCTION_EMITRANGE_Pos          5U                                         /*!< DWT FUN
 978:Drivers/CMSIS/Include/core_cm3.h **** #define DWT_FUNCTION_EMITRANGE_Msk         (0x1UL << DWT_FUNCTION_EMITRANGE_Pos)       /*!< DWT FUN
 979:Drivers/CMSIS/Include/core_cm3.h **** 
 980:Drivers/CMSIS/Include/core_cm3.h **** #define DWT_FUNCTION_FUNCTION_Pos           0U                                         /*!< DWT FUN
 981:Drivers/CMSIS/Include/core_cm3.h **** #define DWT_FUNCTION_FUNCTION_Msk          (0xFUL /*<< DWT_FUNCTION_FUNCTION_Pos*/)    /*!< DWT FUN
 982:Drivers/CMSIS/Include/core_cm3.h **** 
 983:Drivers/CMSIS/Include/core_cm3.h **** /*@}*/ /* end of group CMSIS_DWT */
 984:Drivers/CMSIS/Include/core_cm3.h **** 
 985:Drivers/CMSIS/Include/core_cm3.h **** 
 986:Drivers/CMSIS/Include/core_cm3.h **** /**
 987:Drivers/CMSIS/Include/core_cm3.h ****   \ingroup  CMSIS_core_register
 988:Drivers/CMSIS/Include/core_cm3.h ****   \defgroup CMSIS_TPI     Trace Port Interface (TPI)
 989:Drivers/CMSIS/Include/core_cm3.h ****   \brief    Type definitions for the Trace Port Interface (TPI)
 990:Drivers/CMSIS/Include/core_cm3.h ****   @{
 991:Drivers/CMSIS/Include/core_cm3.h ****  */
 992:Drivers/CMSIS/Include/core_cm3.h **** 
 993:Drivers/CMSIS/Include/core_cm3.h **** /**
 994:Drivers/CMSIS/Include/core_cm3.h ****   \brief  Structure type to access the Trace Port Interface Register (TPI).
 995:Drivers/CMSIS/Include/core_cm3.h ****  */
 996:Drivers/CMSIS/Include/core_cm3.h **** typedef struct
 997:Drivers/CMSIS/Include/core_cm3.h **** {
 998:Drivers/CMSIS/Include/core_cm3.h ****   __IM  uint32_t SSPSR;                  /*!< Offset: 0x000 (R/ )  Supported Parallel Port Size Reg
 999:Drivers/CMSIS/Include/core_cm3.h ****   __IOM uint32_t CSPSR;                  /*!< Offset: 0x004 (R/W)  Current Parallel Port Size Regis
1000:Drivers/CMSIS/Include/core_cm3.h ****         uint32_t RESERVED0[2U];
1001:Drivers/CMSIS/Include/core_cm3.h ****   __IOM uint32_t ACPR;                   /*!< Offset: 0x010 (R/W)  Asynchronous Clock Prescaler Reg
1002:Drivers/CMSIS/Include/core_cm3.h ****         uint32_t RESERVED1[55U];
1003:Drivers/CMSIS/Include/core_cm3.h ****   __IOM uint32_t SPPR;                   /*!< Offset: 0x0F0 (R/W)  Selected Pin Protocol Register *
1004:Drivers/CMSIS/Include/core_cm3.h ****         uint32_t RESERVED2[131U];
1005:Drivers/CMSIS/Include/core_cm3.h ****   __IM  uint32_t FFSR;                   /*!< Offset: 0x300 (R/ )  Formatter and Flush Status Regis
1006:Drivers/CMSIS/Include/core_cm3.h ****   __IOM uint32_t FFCR;                   /*!< Offset: 0x304 (R/W)  Formatter and Flush Control Regi
1007:Drivers/CMSIS/Include/core_cm3.h ****   __IM  uint32_t FSCR;                   /*!< Offset: 0x308 (R/ )  Formatter Synchronization Counte
1008:Drivers/CMSIS/Include/core_cm3.h ****         uint32_t RESERVED3[759U];
1009:Drivers/CMSIS/Include/core_cm3.h ****   __IM  uint32_t TRIGGER;                /*!< Offset: 0xEE8 (R/ )  TRIGGER Register */
1010:Drivers/CMSIS/Include/core_cm3.h ****   __IM  uint32_t FIFO0;                  /*!< Offset: 0xEEC (R/ )  Integration ETM Data */
1011:Drivers/CMSIS/Include/core_cm3.h ****   __IM  uint32_t ITATBCTR2;              /*!< Offset: 0xEF0 (R/ )  ITATBCTR2 */
1012:Drivers/CMSIS/Include/core_cm3.h ****         uint32_t RESERVED4[1U];
1013:Drivers/CMSIS/Include/core_cm3.h ****   __IM  uint32_t ITATBCTR0;              /*!< Offset: 0xEF8 (R/ )  ITATBCTR0 */
1014:Drivers/CMSIS/Include/core_cm3.h ****   __IM  uint32_t FIFO1;                  /*!< Offset: 0xEFC (R/ )  Integration ITM Data */
1015:Drivers/CMSIS/Include/core_cm3.h ****   __IOM uint32_t ITCTRL;                 /*!< Offset: 0xF00 (R/W)  Integration Mode Control */
1016:Drivers/CMSIS/Include/core_cm3.h ****         uint32_t RESERVED5[39U];
1017:Drivers/CMSIS/Include/core_cm3.h ****   __IOM uint32_t CLAIMSET;               /*!< Offset: 0xFA0 (R/W)  Claim tag set */
1018:Drivers/CMSIS/Include/core_cm3.h ****   __IOM uint32_t CLAIMCLR;               /*!< Offset: 0xFA4 (R/W)  Claim tag clear */
1019:Drivers/CMSIS/Include/core_cm3.h ****         uint32_t RESERVED7[8U];
1020:Drivers/CMSIS/Include/core_cm3.h ****   __IM  uint32_t DEVID;                  /*!< Offset: 0xFC8 (R/ )  TPIU_DEVID */
1021:Drivers/CMSIS/Include/core_cm3.h ****   __IM  uint32_t DEVTYPE;                /*!< Offset: 0xFCC (R/ )  TPIU_DEVTYPE */
1022:Drivers/CMSIS/Include/core_cm3.h **** } TPI_Type;
1023:Drivers/CMSIS/Include/core_cm3.h **** 
1024:Drivers/CMSIS/Include/core_cm3.h **** /* TPI Asynchronous Clock Prescaler Register Definitions */
1025:Drivers/CMSIS/Include/core_cm3.h **** #define TPI_ACPR_PRESCALER_Pos              0U                                         /*!< TPI ACP
1026:Drivers/CMSIS/Include/core_cm3.h **** #define TPI_ACPR_PRESCALER_Msk             (0x1FFFUL /*<< TPI_ACPR_PRESCALER_Pos*/)    /*!< TPI ACP
1027:Drivers/CMSIS/Include/core_cm3.h **** 
ARM GAS  C:\Users\airforce\AppData\Local\Temp\ccDyHakX.s 			page 67


1028:Drivers/CMSIS/Include/core_cm3.h **** /* TPI Selected Pin Protocol Register Definitions */
1029:Drivers/CMSIS/Include/core_cm3.h **** #define TPI_SPPR_TXMODE_Pos                 0U                                         /*!< TPI SPP
1030:Drivers/CMSIS/Include/core_cm3.h **** #define TPI_SPPR_TXMODE_Msk                (0x3UL /*<< TPI_SPPR_TXMODE_Pos*/)          /*!< TPI SPP
1031:Drivers/CMSIS/Include/core_cm3.h **** 
1032:Drivers/CMSIS/Include/core_cm3.h **** /* TPI Formatter and Flush Status Register Definitions */
1033:Drivers/CMSIS/Include/core_cm3.h **** #define TPI_FFSR_FtNonStop_Pos              3U                                         /*!< TPI FFS
1034:Drivers/CMSIS/Include/core_cm3.h **** #define TPI_FFSR_FtNonStop_Msk             (0x1UL << TPI_FFSR_FtNonStop_Pos)           /*!< TPI FFS
1035:Drivers/CMSIS/Include/core_cm3.h **** 
1036:Drivers/CMSIS/Include/core_cm3.h **** #define TPI_FFSR_TCPresent_Pos              2U                                         /*!< TPI FFS
1037:Drivers/CMSIS/Include/core_cm3.h **** #define TPI_FFSR_TCPresent_Msk             (0x1UL << TPI_FFSR_TCPresent_Pos)           /*!< TPI FFS
1038:Drivers/CMSIS/Include/core_cm3.h **** 
1039:Drivers/CMSIS/Include/core_cm3.h **** #define TPI_FFSR_FtStopped_Pos              1U                                         /*!< TPI FFS
1040:Drivers/CMSIS/Include/core_cm3.h **** #define TPI_FFSR_FtStopped_Msk             (0x1UL << TPI_FFSR_FtStopped_Pos)           /*!< TPI FFS
1041:Drivers/CMSIS/Include/core_cm3.h **** 
1042:Drivers/CMSIS/Include/core_cm3.h **** #define TPI_FFSR_FlInProg_Pos               0U                                         /*!< TPI FFS
1043:Drivers/CMSIS/Include/core_cm3.h **** #define TPI_FFSR_FlInProg_Msk              (0x1UL /*<< TPI_FFSR_FlInProg_Pos*/)        /*!< TPI FFS
1044:Drivers/CMSIS/Include/core_cm3.h **** 
1045:Drivers/CMSIS/Include/core_cm3.h **** /* TPI Formatter and Flush Control Register Definitions */
1046:Drivers/CMSIS/Include/core_cm3.h **** #define TPI_FFCR_TrigIn_Pos                 8U                                         /*!< TPI FFC
1047:Drivers/CMSIS/Include/core_cm3.h **** #define TPI_FFCR_TrigIn_Msk                (0x1UL << TPI_FFCR_TrigIn_Pos)              /*!< TPI FFC
1048:Drivers/CMSIS/Include/core_cm3.h **** 
1049:Drivers/CMSIS/Include/core_cm3.h **** #define TPI_FFCR_EnFCont_Pos                1U                                         /*!< TPI FFC
1050:Drivers/CMSIS/Include/core_cm3.h **** #define TPI_FFCR_EnFCont_Msk               (0x1UL << TPI_FFCR_EnFCont_Pos)             /*!< TPI FFC
1051:Drivers/CMSIS/Include/core_cm3.h **** 
1052:Drivers/CMSIS/Include/core_cm3.h **** /* TPI TRIGGER Register Definitions */
1053:Drivers/CMSIS/Include/core_cm3.h **** #define TPI_TRIGGER_TRIGGER_Pos             0U                                         /*!< TPI TRI
1054:Drivers/CMSIS/Include/core_cm3.h **** #define TPI_TRIGGER_TRIGGER_Msk            (0x1UL /*<< TPI_TRIGGER_TRIGGER_Pos*/)      /*!< TPI TRI
1055:Drivers/CMSIS/Include/core_cm3.h **** 
1056:Drivers/CMSIS/Include/core_cm3.h **** /* TPI Integration ETM Data Register Definitions (FIFO0) */
1057:Drivers/CMSIS/Include/core_cm3.h **** #define TPI_FIFO0_ITM_ATVALID_Pos          29U                                         /*!< TPI FIF
1058:Drivers/CMSIS/Include/core_cm3.h **** #define TPI_FIFO0_ITM_ATVALID_Msk          (0x3UL << TPI_FIFO0_ITM_ATVALID_Pos)        /*!< TPI FIF
1059:Drivers/CMSIS/Include/core_cm3.h **** 
1060:Drivers/CMSIS/Include/core_cm3.h **** #define TPI_FIFO0_ITM_bytecount_Pos        27U                                         /*!< TPI FIF
1061:Drivers/CMSIS/Include/core_cm3.h **** #define TPI_FIFO0_ITM_bytecount_Msk        (0x3UL << TPI_FIFO0_ITM_bytecount_Pos)      /*!< TPI FIF
1062:Drivers/CMSIS/Include/core_cm3.h **** 
1063:Drivers/CMSIS/Include/core_cm3.h **** #define TPI_FIFO0_ETM_ATVALID_Pos          26U                                         /*!< TPI FIF
1064:Drivers/CMSIS/Include/core_cm3.h **** #define TPI_FIFO0_ETM_ATVALID_Msk          (0x3UL << TPI_FIFO0_ETM_ATVALID_Pos)        /*!< TPI FIF
1065:Drivers/CMSIS/Include/core_cm3.h **** 
1066:Drivers/CMSIS/Include/core_cm3.h **** #define TPI_FIFO0_ETM_bytecount_Pos        24U                                         /*!< TPI FIF
1067:Drivers/CMSIS/Include/core_cm3.h **** #define TPI_FIFO0_ETM_bytecount_Msk        (0x3UL << TPI_FIFO0_ETM_bytecount_Pos)      /*!< TPI FIF
1068:Drivers/CMSIS/Include/core_cm3.h **** 
1069:Drivers/CMSIS/Include/core_cm3.h **** #define TPI_FIFO0_ETM2_Pos                 16U                                         /*!< TPI FIF
1070:Drivers/CMSIS/Include/core_cm3.h **** #define TPI_FIFO0_ETM2_Msk                 (0xFFUL << TPI_FIFO0_ETM2_Pos)              /*!< TPI FIF
1071:Drivers/CMSIS/Include/core_cm3.h **** 
1072:Drivers/CMSIS/Include/core_cm3.h **** #define TPI_FIFO0_ETM1_Pos                  8U                                         /*!< TPI FIF
1073:Drivers/CMSIS/Include/core_cm3.h **** #define TPI_FIFO0_ETM1_Msk                 (0xFFUL << TPI_FIFO0_ETM1_Pos)              /*!< TPI FIF
1074:Drivers/CMSIS/Include/core_cm3.h **** 
1075:Drivers/CMSIS/Include/core_cm3.h **** #define TPI_FIFO0_ETM0_Pos                  0U                                         /*!< TPI FIF
1076:Drivers/CMSIS/Include/core_cm3.h **** #define TPI_FIFO0_ETM0_Msk                 (0xFFUL /*<< TPI_FIFO0_ETM0_Pos*/)          /*!< TPI FIF
1077:Drivers/CMSIS/Include/core_cm3.h **** 
1078:Drivers/CMSIS/Include/core_cm3.h **** /* TPI ITATBCTR2 Register Definitions */
1079:Drivers/CMSIS/Include/core_cm3.h **** #define TPI_ITATBCTR2_ATREADY2_Pos          0U                                         /*!< TPI ITA
1080:Drivers/CMSIS/Include/core_cm3.h **** #define TPI_ITATBCTR2_ATREADY2_Msk         (0x1UL /*<< TPI_ITATBCTR2_ATREADY2_Pos*/)   /*!< TPI ITA
1081:Drivers/CMSIS/Include/core_cm3.h **** 
1082:Drivers/CMSIS/Include/core_cm3.h **** #define TPI_ITATBCTR2_ATREADY1_Pos          0U                                         /*!< TPI ITA
1083:Drivers/CMSIS/Include/core_cm3.h **** #define TPI_ITATBCTR2_ATREADY1_Msk         (0x1UL /*<< TPI_ITATBCTR2_ATREADY1_Pos*/)   /*!< TPI ITA
1084:Drivers/CMSIS/Include/core_cm3.h **** 
ARM GAS  C:\Users\airforce\AppData\Local\Temp\ccDyHakX.s 			page 68


1085:Drivers/CMSIS/Include/core_cm3.h **** /* TPI Integration ITM Data Register Definitions (FIFO1) */
1086:Drivers/CMSIS/Include/core_cm3.h **** #define TPI_FIFO1_ITM_ATVALID_Pos          29U                                         /*!< TPI FIF
1087:Drivers/CMSIS/Include/core_cm3.h **** #define TPI_FIFO1_ITM_ATVALID_Msk          (0x3UL << TPI_FIFO1_ITM_ATVALID_Pos)        /*!< TPI FIF
1088:Drivers/CMSIS/Include/core_cm3.h **** 
1089:Drivers/CMSIS/Include/core_cm3.h **** #define TPI_FIFO1_ITM_bytecount_Pos        27U                                         /*!< TPI FIF
1090:Drivers/CMSIS/Include/core_cm3.h **** #define TPI_FIFO1_ITM_bytecount_Msk        (0x3UL << TPI_FIFO1_ITM_bytecount_Pos)      /*!< TPI FIF
1091:Drivers/CMSIS/Include/core_cm3.h **** 
1092:Drivers/CMSIS/Include/core_cm3.h **** #define TPI_FIFO1_ETM_ATVALID_Pos          26U                                         /*!< TPI FIF
1093:Drivers/CMSIS/Include/core_cm3.h **** #define TPI_FIFO1_ETM_ATVALID_Msk          (0x3UL << TPI_FIFO1_ETM_ATVALID_Pos)        /*!< TPI FIF
1094:Drivers/CMSIS/Include/core_cm3.h **** 
1095:Drivers/CMSIS/Include/core_cm3.h **** #define TPI_FIFO1_ETM_bytecount_Pos        24U                                         /*!< TPI FIF
1096:Drivers/CMSIS/Include/core_cm3.h **** #define TPI_FIFO1_ETM_bytecount_Msk        (0x3UL << TPI_FIFO1_ETM_bytecount_Pos)      /*!< TPI FIF
1097:Drivers/CMSIS/Include/core_cm3.h **** 
1098:Drivers/CMSIS/Include/core_cm3.h **** #define TPI_FIFO1_ITM2_Pos                 16U                                         /*!< TPI FIF
1099:Drivers/CMSIS/Include/core_cm3.h **** #define TPI_FIFO1_ITM2_Msk                 (0xFFUL << TPI_FIFO1_ITM2_Pos)              /*!< TPI FIF
1100:Drivers/CMSIS/Include/core_cm3.h **** 
1101:Drivers/CMSIS/Include/core_cm3.h **** #define TPI_FIFO1_ITM1_Pos                  8U                                         /*!< TPI FIF
1102:Drivers/CMSIS/Include/core_cm3.h **** #define TPI_FIFO1_ITM1_Msk                 (0xFFUL << TPI_FIFO1_ITM1_Pos)              /*!< TPI FIF
1103:Drivers/CMSIS/Include/core_cm3.h **** 
1104:Drivers/CMSIS/Include/core_cm3.h **** #define TPI_FIFO1_ITM0_Pos                  0U                                         /*!< TPI FIF
1105:Drivers/CMSIS/Include/core_cm3.h **** #define TPI_FIFO1_ITM0_Msk                 (0xFFUL /*<< TPI_FIFO1_ITM0_Pos*/)          /*!< TPI FIF
1106:Drivers/CMSIS/Include/core_cm3.h **** 
1107:Drivers/CMSIS/Include/core_cm3.h **** /* TPI ITATBCTR0 Register Definitions */
1108:Drivers/CMSIS/Include/core_cm3.h **** #define TPI_ITATBCTR0_ATREADY2_Pos          0U                                         /*!< TPI ITA
1109:Drivers/CMSIS/Include/core_cm3.h **** #define TPI_ITATBCTR0_ATREADY2_Msk         (0x1UL /*<< TPI_ITATBCTR0_ATREADY2_Pos*/)   /*!< TPI ITA
1110:Drivers/CMSIS/Include/core_cm3.h **** 
1111:Drivers/CMSIS/Include/core_cm3.h **** #define TPI_ITATBCTR0_ATREADY1_Pos          0U                                         /*!< TPI ITA
1112:Drivers/CMSIS/Include/core_cm3.h **** #define TPI_ITATBCTR0_ATREADY1_Msk         (0x1UL /*<< TPI_ITATBCTR0_ATREADY1_Pos*/)   /*!< TPI ITA
1113:Drivers/CMSIS/Include/core_cm3.h **** 
1114:Drivers/CMSIS/Include/core_cm3.h **** /* TPI Integration Mode Control Register Definitions */
1115:Drivers/CMSIS/Include/core_cm3.h **** #define TPI_ITCTRL_Mode_Pos                 0U                                         /*!< TPI ITC
1116:Drivers/CMSIS/Include/core_cm3.h **** #define TPI_ITCTRL_Mode_Msk                (0x3UL /*<< TPI_ITCTRL_Mode_Pos*/)          /*!< TPI ITC
1117:Drivers/CMSIS/Include/core_cm3.h **** 
1118:Drivers/CMSIS/Include/core_cm3.h **** /* TPI DEVID Register Definitions */
1119:Drivers/CMSIS/Include/core_cm3.h **** #define TPI_DEVID_NRZVALID_Pos             11U                                         /*!< TPI DEV
1120:Drivers/CMSIS/Include/core_cm3.h **** #define TPI_DEVID_NRZVALID_Msk             (0x1UL << TPI_DEVID_NRZVALID_Pos)           /*!< TPI DEV
1121:Drivers/CMSIS/Include/core_cm3.h **** 
1122:Drivers/CMSIS/Include/core_cm3.h **** #define TPI_DEVID_MANCVALID_Pos            10U                                         /*!< TPI DEV
1123:Drivers/CMSIS/Include/core_cm3.h **** #define TPI_DEVID_MANCVALID_Msk            (0x1UL << TPI_DEVID_MANCVALID_Pos)          /*!< TPI DEV
1124:Drivers/CMSIS/Include/core_cm3.h **** 
1125:Drivers/CMSIS/Include/core_cm3.h **** #define TPI_DEVID_PTINVALID_Pos             9U                                         /*!< TPI DEV
1126:Drivers/CMSIS/Include/core_cm3.h **** #define TPI_DEVID_PTINVALID_Msk            (0x1UL << TPI_DEVID_PTINVALID_Pos)          /*!< TPI DEV
1127:Drivers/CMSIS/Include/core_cm3.h **** 
1128:Drivers/CMSIS/Include/core_cm3.h **** #define TPI_DEVID_MinBufSz_Pos              6U                                         /*!< TPI DEV
1129:Drivers/CMSIS/Include/core_cm3.h **** #define TPI_DEVID_MinBufSz_Msk             (0x7UL << TPI_DEVID_MinBufSz_Pos)           /*!< TPI DEV
1130:Drivers/CMSIS/Include/core_cm3.h **** 
1131:Drivers/CMSIS/Include/core_cm3.h **** #define TPI_DEVID_AsynClkIn_Pos             5U                                         /*!< TPI DEV
1132:Drivers/CMSIS/Include/core_cm3.h **** #define TPI_DEVID_AsynClkIn_Msk            (0x1UL << TPI_DEVID_AsynClkIn_Pos)          /*!< TPI DEV
1133:Drivers/CMSIS/Include/core_cm3.h **** 
1134:Drivers/CMSIS/Include/core_cm3.h **** #define TPI_DEVID_NrTraceInput_Pos          0U                                         /*!< TPI DEV
1135:Drivers/CMSIS/Include/core_cm3.h **** #define TPI_DEVID_NrTraceInput_Msk         (0x1FUL /*<< TPI_DEVID_NrTraceInput_Pos*/)  /*!< TPI DEV
1136:Drivers/CMSIS/Include/core_cm3.h **** 
1137:Drivers/CMSIS/Include/core_cm3.h **** /* TPI DEVTYPE Register Definitions */
1138:Drivers/CMSIS/Include/core_cm3.h **** #define TPI_DEVTYPE_SubType_Pos             4U                                         /*!< TPI DEV
1139:Drivers/CMSIS/Include/core_cm3.h **** #define TPI_DEVTYPE_SubType_Msk            (0xFUL /*<< TPI_DEVTYPE_SubType_Pos*/)      /*!< TPI DEV
1140:Drivers/CMSIS/Include/core_cm3.h **** 
1141:Drivers/CMSIS/Include/core_cm3.h **** #define TPI_DEVTYPE_MajorType_Pos           0U                                         /*!< TPI DEV
ARM GAS  C:\Users\airforce\AppData\Local\Temp\ccDyHakX.s 			page 69


1142:Drivers/CMSIS/Include/core_cm3.h **** #define TPI_DEVTYPE_MajorType_Msk          (0xFUL << TPI_DEVTYPE_MajorType_Pos)        /*!< TPI DEV
1143:Drivers/CMSIS/Include/core_cm3.h **** 
1144:Drivers/CMSIS/Include/core_cm3.h **** /*@}*/ /* end of group CMSIS_TPI */
1145:Drivers/CMSIS/Include/core_cm3.h **** 
1146:Drivers/CMSIS/Include/core_cm3.h **** 
1147:Drivers/CMSIS/Include/core_cm3.h **** #if defined (__MPU_PRESENT) && (__MPU_PRESENT == 1U)
1148:Drivers/CMSIS/Include/core_cm3.h **** /**
1149:Drivers/CMSIS/Include/core_cm3.h ****   \ingroup  CMSIS_core_register
1150:Drivers/CMSIS/Include/core_cm3.h ****   \defgroup CMSIS_MPU     Memory Protection Unit (MPU)
1151:Drivers/CMSIS/Include/core_cm3.h ****   \brief    Type definitions for the Memory Protection Unit (MPU)
1152:Drivers/CMSIS/Include/core_cm3.h ****   @{
1153:Drivers/CMSIS/Include/core_cm3.h ****  */
1154:Drivers/CMSIS/Include/core_cm3.h **** 
1155:Drivers/CMSIS/Include/core_cm3.h **** /**
1156:Drivers/CMSIS/Include/core_cm3.h ****   \brief  Structure type to access the Memory Protection Unit (MPU).
1157:Drivers/CMSIS/Include/core_cm3.h ****  */
1158:Drivers/CMSIS/Include/core_cm3.h **** typedef struct
1159:Drivers/CMSIS/Include/core_cm3.h **** {
1160:Drivers/CMSIS/Include/core_cm3.h ****   __IM  uint32_t TYPE;                   /*!< Offset: 0x000 (R/ )  MPU Type Register */
1161:Drivers/CMSIS/Include/core_cm3.h ****   __IOM uint32_t CTRL;                   /*!< Offset: 0x004 (R/W)  MPU Control Register */
1162:Drivers/CMSIS/Include/core_cm3.h ****   __IOM uint32_t RNR;                    /*!< Offset: 0x008 (R/W)  MPU Region RNRber Register */
1163:Drivers/CMSIS/Include/core_cm3.h ****   __IOM uint32_t RBAR;                   /*!< Offset: 0x00C (R/W)  MPU Region Base Address Register
1164:Drivers/CMSIS/Include/core_cm3.h ****   __IOM uint32_t RASR;                   /*!< Offset: 0x010 (R/W)  MPU Region Attribute and Size Re
1165:Drivers/CMSIS/Include/core_cm3.h ****   __IOM uint32_t RBAR_A1;                /*!< Offset: 0x014 (R/W)  MPU Alias 1 Region Base Address 
1166:Drivers/CMSIS/Include/core_cm3.h ****   __IOM uint32_t RASR_A1;                /*!< Offset: 0x018 (R/W)  MPU Alias 1 Region Attribute and
1167:Drivers/CMSIS/Include/core_cm3.h ****   __IOM uint32_t RBAR_A2;                /*!< Offset: 0x01C (R/W)  MPU Alias 2 Region Base Address 
1168:Drivers/CMSIS/Include/core_cm3.h ****   __IOM uint32_t RASR_A2;                /*!< Offset: 0x020 (R/W)  MPU Alias 2 Region Attribute and
1169:Drivers/CMSIS/Include/core_cm3.h ****   __IOM uint32_t RBAR_A3;                /*!< Offset: 0x024 (R/W)  MPU Alias 3 Region Base Address 
1170:Drivers/CMSIS/Include/core_cm3.h ****   __IOM uint32_t RASR_A3;                /*!< Offset: 0x028 (R/W)  MPU Alias 3 Region Attribute and
1171:Drivers/CMSIS/Include/core_cm3.h **** } MPU_Type;
1172:Drivers/CMSIS/Include/core_cm3.h **** 
1173:Drivers/CMSIS/Include/core_cm3.h **** #define MPU_TYPE_RALIASES                  4U
1174:Drivers/CMSIS/Include/core_cm3.h **** 
1175:Drivers/CMSIS/Include/core_cm3.h **** /* MPU Type Register Definitions */
1176:Drivers/CMSIS/Include/core_cm3.h **** #define MPU_TYPE_IREGION_Pos               16U                                            /*!< MPU 
1177:Drivers/CMSIS/Include/core_cm3.h **** #define MPU_TYPE_IREGION_Msk               (0xFFUL << MPU_TYPE_IREGION_Pos)               /*!< MPU 
1178:Drivers/CMSIS/Include/core_cm3.h **** 
1179:Drivers/CMSIS/Include/core_cm3.h **** #define MPU_TYPE_DREGION_Pos                8U                                            /*!< MPU 
1180:Drivers/CMSIS/Include/core_cm3.h **** #define MPU_TYPE_DREGION_Msk               (0xFFUL << MPU_TYPE_DREGION_Pos)               /*!< MPU 
1181:Drivers/CMSIS/Include/core_cm3.h **** 
1182:Drivers/CMSIS/Include/core_cm3.h **** #define MPU_TYPE_SEPARATE_Pos               0U                                            /*!< MPU 
1183:Drivers/CMSIS/Include/core_cm3.h **** #define MPU_TYPE_SEPARATE_Msk              (1UL /*<< MPU_TYPE_SEPARATE_Pos*/)             /*!< MPU 
1184:Drivers/CMSIS/Include/core_cm3.h **** 
1185:Drivers/CMSIS/Include/core_cm3.h **** /* MPU Control Register Definitions */
1186:Drivers/CMSIS/Include/core_cm3.h **** #define MPU_CTRL_PRIVDEFENA_Pos             2U                                            /*!< MPU 
1187:Drivers/CMSIS/Include/core_cm3.h **** #define MPU_CTRL_PRIVDEFENA_Msk            (1UL << MPU_CTRL_PRIVDEFENA_Pos)               /*!< MPU 
1188:Drivers/CMSIS/Include/core_cm3.h **** 
1189:Drivers/CMSIS/Include/core_cm3.h **** #define MPU_CTRL_HFNMIENA_Pos               1U                                            /*!< MPU 
1190:Drivers/CMSIS/Include/core_cm3.h **** #define MPU_CTRL_HFNMIENA_Msk              (1UL << MPU_CTRL_HFNMIENA_Pos)                 /*!< MPU 
1191:Drivers/CMSIS/Include/core_cm3.h **** 
1192:Drivers/CMSIS/Include/core_cm3.h **** #define MPU_CTRL_ENABLE_Pos                 0U                                            /*!< MPU 
1193:Drivers/CMSIS/Include/core_cm3.h **** #define MPU_CTRL_ENABLE_Msk                (1UL /*<< MPU_CTRL_ENABLE_Pos*/)               /*!< MPU 
1194:Drivers/CMSIS/Include/core_cm3.h **** 
1195:Drivers/CMSIS/Include/core_cm3.h **** /* MPU Region Number Register Definitions */
1196:Drivers/CMSIS/Include/core_cm3.h **** #define MPU_RNR_REGION_Pos                  0U                                            /*!< MPU 
1197:Drivers/CMSIS/Include/core_cm3.h **** #define MPU_RNR_REGION_Msk                 (0xFFUL /*<< MPU_RNR_REGION_Pos*/)             /*!< MPU 
1198:Drivers/CMSIS/Include/core_cm3.h **** 
ARM GAS  C:\Users\airforce\AppData\Local\Temp\ccDyHakX.s 			page 70


1199:Drivers/CMSIS/Include/core_cm3.h **** /* MPU Region Base Address Register Definitions */
1200:Drivers/CMSIS/Include/core_cm3.h **** #define MPU_RBAR_ADDR_Pos                   5U                                            /*!< MPU 
1201:Drivers/CMSIS/Include/core_cm3.h **** #define MPU_RBAR_ADDR_Msk                  (0x7FFFFFFUL << MPU_RBAR_ADDR_Pos)             /*!< MPU 
1202:Drivers/CMSIS/Include/core_cm3.h **** 
1203:Drivers/CMSIS/Include/core_cm3.h **** #define MPU_RBAR_VALID_Pos                  4U                                            /*!< MPU 
1204:Drivers/CMSIS/Include/core_cm3.h **** #define MPU_RBAR_VALID_Msk                 (1UL << MPU_RBAR_VALID_Pos)                    /*!< MPU 
1205:Drivers/CMSIS/Include/core_cm3.h **** 
1206:Drivers/CMSIS/Include/core_cm3.h **** #define MPU_RBAR_REGION_Pos                 0U                                            /*!< MPU 
1207:Drivers/CMSIS/Include/core_cm3.h **** #define MPU_RBAR_REGION_Msk                (0xFUL /*<< MPU_RBAR_REGION_Pos*/)             /*!< MPU 
1208:Drivers/CMSIS/Include/core_cm3.h **** 
1209:Drivers/CMSIS/Include/core_cm3.h **** /* MPU Region Attribute and Size Register Definitions */
1210:Drivers/CMSIS/Include/core_cm3.h **** #define MPU_RASR_ATTRS_Pos                 16U                                            /*!< MPU 
1211:Drivers/CMSIS/Include/core_cm3.h **** #define MPU_RASR_ATTRS_Msk                 (0xFFFFUL << MPU_RASR_ATTRS_Pos)               /*!< MPU 
1212:Drivers/CMSIS/Include/core_cm3.h **** 
1213:Drivers/CMSIS/Include/core_cm3.h **** #define MPU_RASR_XN_Pos                    28U                                            /*!< MPU 
1214:Drivers/CMSIS/Include/core_cm3.h **** #define MPU_RASR_XN_Msk                    (1UL << MPU_RASR_XN_Pos)                       /*!< MPU 
1215:Drivers/CMSIS/Include/core_cm3.h **** 
1216:Drivers/CMSIS/Include/core_cm3.h **** #define MPU_RASR_AP_Pos                    24U                                            /*!< MPU 
1217:Drivers/CMSIS/Include/core_cm3.h **** #define MPU_RASR_AP_Msk                    (0x7UL << MPU_RASR_AP_Pos)                     /*!< MPU 
1218:Drivers/CMSIS/Include/core_cm3.h **** 
1219:Drivers/CMSIS/Include/core_cm3.h **** #define MPU_RASR_TEX_Pos                   19U                                            /*!< MPU 
1220:Drivers/CMSIS/Include/core_cm3.h **** #define MPU_RASR_TEX_Msk                   (0x7UL << MPU_RASR_TEX_Pos)                    /*!< MPU 
1221:Drivers/CMSIS/Include/core_cm3.h **** 
1222:Drivers/CMSIS/Include/core_cm3.h **** #define MPU_RASR_S_Pos                     18U                                            /*!< MPU 
1223:Drivers/CMSIS/Include/core_cm3.h **** #define MPU_RASR_S_Msk                     (1UL << MPU_RASR_S_Pos)                        /*!< MPU 
1224:Drivers/CMSIS/Include/core_cm3.h **** 
1225:Drivers/CMSIS/Include/core_cm3.h **** #define MPU_RASR_C_Pos                     17U                                            /*!< MPU 
1226:Drivers/CMSIS/Include/core_cm3.h **** #define MPU_RASR_C_Msk                     (1UL << MPU_RASR_C_Pos)                        /*!< MPU 
1227:Drivers/CMSIS/Include/core_cm3.h **** 
1228:Drivers/CMSIS/Include/core_cm3.h **** #define MPU_RASR_B_Pos                     16U                                            /*!< MPU 
1229:Drivers/CMSIS/Include/core_cm3.h **** #define MPU_RASR_B_Msk                     (1UL << MPU_RASR_B_Pos)                        /*!< MPU 
1230:Drivers/CMSIS/Include/core_cm3.h **** 
1231:Drivers/CMSIS/Include/core_cm3.h **** #define MPU_RASR_SRD_Pos                    8U                                            /*!< MPU 
1232:Drivers/CMSIS/Include/core_cm3.h **** #define MPU_RASR_SRD_Msk                   (0xFFUL << MPU_RASR_SRD_Pos)                   /*!< MPU 
1233:Drivers/CMSIS/Include/core_cm3.h **** 
1234:Drivers/CMSIS/Include/core_cm3.h **** #define MPU_RASR_SIZE_Pos                   1U                                            /*!< MPU 
1235:Drivers/CMSIS/Include/core_cm3.h **** #define MPU_RASR_SIZE_Msk                  (0x1FUL << MPU_RASR_SIZE_Pos)                  /*!< MPU 
1236:Drivers/CMSIS/Include/core_cm3.h **** 
1237:Drivers/CMSIS/Include/core_cm3.h **** #define MPU_RASR_ENABLE_Pos                 0U                                            /*!< MPU 
1238:Drivers/CMSIS/Include/core_cm3.h **** #define MPU_RASR_ENABLE_Msk                (1UL /*<< MPU_RASR_ENABLE_Pos*/)               /*!< MPU 
1239:Drivers/CMSIS/Include/core_cm3.h **** 
1240:Drivers/CMSIS/Include/core_cm3.h **** /*@} end of group CMSIS_MPU */
1241:Drivers/CMSIS/Include/core_cm3.h **** #endif
1242:Drivers/CMSIS/Include/core_cm3.h **** 
1243:Drivers/CMSIS/Include/core_cm3.h **** 
1244:Drivers/CMSIS/Include/core_cm3.h **** /**
1245:Drivers/CMSIS/Include/core_cm3.h ****   \ingroup  CMSIS_core_register
1246:Drivers/CMSIS/Include/core_cm3.h ****   \defgroup CMSIS_CoreDebug       Core Debug Registers (CoreDebug)
1247:Drivers/CMSIS/Include/core_cm3.h ****   \brief    Type definitions for the Core Debug Registers
1248:Drivers/CMSIS/Include/core_cm3.h ****   @{
1249:Drivers/CMSIS/Include/core_cm3.h ****  */
1250:Drivers/CMSIS/Include/core_cm3.h **** 
1251:Drivers/CMSIS/Include/core_cm3.h **** /**
1252:Drivers/CMSIS/Include/core_cm3.h ****   \brief  Structure type to access the Core Debug Register (CoreDebug).
1253:Drivers/CMSIS/Include/core_cm3.h ****  */
1254:Drivers/CMSIS/Include/core_cm3.h **** typedef struct
1255:Drivers/CMSIS/Include/core_cm3.h **** {
ARM GAS  C:\Users\airforce\AppData\Local\Temp\ccDyHakX.s 			page 71


1256:Drivers/CMSIS/Include/core_cm3.h ****   __IOM uint32_t DHCSR;                  /*!< Offset: 0x000 (R/W)  Debug Halting Control and Status
1257:Drivers/CMSIS/Include/core_cm3.h ****   __OM  uint32_t DCRSR;                  /*!< Offset: 0x004 ( /W)  Debug Core Register Selector Reg
1258:Drivers/CMSIS/Include/core_cm3.h ****   __IOM uint32_t DCRDR;                  /*!< Offset: 0x008 (R/W)  Debug Core Register Data Registe
1259:Drivers/CMSIS/Include/core_cm3.h ****   __IOM uint32_t DEMCR;                  /*!< Offset: 0x00C (R/W)  Debug Exception and Monitor Cont
1260:Drivers/CMSIS/Include/core_cm3.h **** } CoreDebug_Type;
1261:Drivers/CMSIS/Include/core_cm3.h **** 
1262:Drivers/CMSIS/Include/core_cm3.h **** /* Debug Halting Control and Status Register Definitions */
1263:Drivers/CMSIS/Include/core_cm3.h **** #define CoreDebug_DHCSR_DBGKEY_Pos         16U                                            /*!< Core
1264:Drivers/CMSIS/Include/core_cm3.h **** #define CoreDebug_DHCSR_DBGKEY_Msk         (0xFFFFUL << CoreDebug_DHCSR_DBGKEY_Pos)       /*!< Core
1265:Drivers/CMSIS/Include/core_cm3.h **** 
1266:Drivers/CMSIS/Include/core_cm3.h **** #define CoreDebug_DHCSR_S_RESET_ST_Pos     25U                                            /*!< Core
1267:Drivers/CMSIS/Include/core_cm3.h **** #define CoreDebug_DHCSR_S_RESET_ST_Msk     (1UL << CoreDebug_DHCSR_S_RESET_ST_Pos)        /*!< Core
1268:Drivers/CMSIS/Include/core_cm3.h **** 
1269:Drivers/CMSIS/Include/core_cm3.h **** #define CoreDebug_DHCSR_S_RETIRE_ST_Pos    24U                                            /*!< Core
1270:Drivers/CMSIS/Include/core_cm3.h **** #define CoreDebug_DHCSR_S_RETIRE_ST_Msk    (1UL << CoreDebug_DHCSR_S_RETIRE_ST_Pos)       /*!< Core
1271:Drivers/CMSIS/Include/core_cm3.h **** 
1272:Drivers/CMSIS/Include/core_cm3.h **** #define CoreDebug_DHCSR_S_LOCKUP_Pos       19U                                            /*!< Core
1273:Drivers/CMSIS/Include/core_cm3.h **** #define CoreDebug_DHCSR_S_LOCKUP_Msk       (1UL << CoreDebug_DHCSR_S_LOCKUP_Pos)          /*!< Core
1274:Drivers/CMSIS/Include/core_cm3.h **** 
1275:Drivers/CMSIS/Include/core_cm3.h **** #define CoreDebug_DHCSR_S_SLEEP_Pos        18U                                            /*!< Core
1276:Drivers/CMSIS/Include/core_cm3.h **** #define CoreDebug_DHCSR_S_SLEEP_Msk        (1UL << CoreDebug_DHCSR_S_SLEEP_Pos)           /*!< Core
1277:Drivers/CMSIS/Include/core_cm3.h **** 
1278:Drivers/CMSIS/Include/core_cm3.h **** #define CoreDebug_DHCSR_S_HALT_Pos         17U                                            /*!< Core
1279:Drivers/CMSIS/Include/core_cm3.h **** #define CoreDebug_DHCSR_S_HALT_Msk         (1UL << CoreDebug_DHCSR_S_HALT_Pos)            /*!< Core
1280:Drivers/CMSIS/Include/core_cm3.h **** 
1281:Drivers/CMSIS/Include/core_cm3.h **** #define CoreDebug_DHCSR_S_REGRDY_Pos       16U                                            /*!< Core
1282:Drivers/CMSIS/Include/core_cm3.h **** #define CoreDebug_DHCSR_S_REGRDY_Msk       (1UL << CoreDebug_DHCSR_S_REGRDY_Pos)          /*!< Core
1283:Drivers/CMSIS/Include/core_cm3.h **** 
1284:Drivers/CMSIS/Include/core_cm3.h **** #define CoreDebug_DHCSR_C_SNAPSTALL_Pos     5U                                            /*!< Core
1285:Drivers/CMSIS/Include/core_cm3.h **** #define CoreDebug_DHCSR_C_SNAPSTALL_Msk    (1UL << CoreDebug_DHCSR_C_SNAPSTALL_Pos)       /*!< Core
1286:Drivers/CMSIS/Include/core_cm3.h **** 
1287:Drivers/CMSIS/Include/core_cm3.h **** #define CoreDebug_DHCSR_C_MASKINTS_Pos      3U                                            /*!< Core
1288:Drivers/CMSIS/Include/core_cm3.h **** #define CoreDebug_DHCSR_C_MASKINTS_Msk     (1UL << CoreDebug_DHCSR_C_MASKINTS_Pos)        /*!< Core
1289:Drivers/CMSIS/Include/core_cm3.h **** 
1290:Drivers/CMSIS/Include/core_cm3.h **** #define CoreDebug_DHCSR_C_STEP_Pos          2U                                            /*!< Core
1291:Drivers/CMSIS/Include/core_cm3.h **** #define CoreDebug_DHCSR_C_STEP_Msk         (1UL << CoreDebug_DHCSR_C_STEP_Pos)            /*!< Core
1292:Drivers/CMSIS/Include/core_cm3.h **** 
1293:Drivers/CMSIS/Include/core_cm3.h **** #define CoreDebug_DHCSR_C_HALT_Pos          1U                                            /*!< Core
1294:Drivers/CMSIS/Include/core_cm3.h **** #define CoreDebug_DHCSR_C_HALT_Msk         (1UL << CoreDebug_DHCSR_C_HALT_Pos)            /*!< Core
1295:Drivers/CMSIS/Include/core_cm3.h **** 
1296:Drivers/CMSIS/Include/core_cm3.h **** #define CoreDebug_DHCSR_C_DEBUGEN_Pos       0U                                            /*!< Core
1297:Drivers/CMSIS/Include/core_cm3.h **** #define CoreDebug_DHCSR_C_DEBUGEN_Msk      (1UL /*<< CoreDebug_DHCSR_C_DEBUGEN_Pos*/)     /*!< Core
1298:Drivers/CMSIS/Include/core_cm3.h **** 
1299:Drivers/CMSIS/Include/core_cm3.h **** /* Debug Core Register Selector Register Definitions */
1300:Drivers/CMSIS/Include/core_cm3.h **** #define CoreDebug_DCRSR_REGWnR_Pos         16U                                            /*!< Core
1301:Drivers/CMSIS/Include/core_cm3.h **** #define CoreDebug_DCRSR_REGWnR_Msk         (1UL << CoreDebug_DCRSR_REGWnR_Pos)            /*!< Core
1302:Drivers/CMSIS/Include/core_cm3.h **** 
1303:Drivers/CMSIS/Include/core_cm3.h **** #define CoreDebug_DCRSR_REGSEL_Pos          0U                                            /*!< Core
1304:Drivers/CMSIS/Include/core_cm3.h **** #define CoreDebug_DCRSR_REGSEL_Msk         (0x1FUL /*<< CoreDebug_DCRSR_REGSEL_Pos*/)     /*!< Core
1305:Drivers/CMSIS/Include/core_cm3.h **** 
1306:Drivers/CMSIS/Include/core_cm3.h **** /* Debug Exception and Monitor Control Register Definitions */
1307:Drivers/CMSIS/Include/core_cm3.h **** #define CoreDebug_DEMCR_TRCENA_Pos         24U                                            /*!< Core
1308:Drivers/CMSIS/Include/core_cm3.h **** #define CoreDebug_DEMCR_TRCENA_Msk         (1UL << CoreDebug_DEMCR_TRCENA_Pos)            /*!< Core
1309:Drivers/CMSIS/Include/core_cm3.h **** 
1310:Drivers/CMSIS/Include/core_cm3.h **** #define CoreDebug_DEMCR_MON_REQ_Pos        19U                                            /*!< Core
1311:Drivers/CMSIS/Include/core_cm3.h **** #define CoreDebug_DEMCR_MON_REQ_Msk        (1UL << CoreDebug_DEMCR_MON_REQ_Pos)           /*!< Core
1312:Drivers/CMSIS/Include/core_cm3.h **** 
ARM GAS  C:\Users\airforce\AppData\Local\Temp\ccDyHakX.s 			page 72


1313:Drivers/CMSIS/Include/core_cm3.h **** #define CoreDebug_DEMCR_MON_STEP_Pos       18U                                            /*!< Core
1314:Drivers/CMSIS/Include/core_cm3.h **** #define CoreDebug_DEMCR_MON_STEP_Msk       (1UL << CoreDebug_DEMCR_MON_STEP_Pos)          /*!< Core
1315:Drivers/CMSIS/Include/core_cm3.h **** 
1316:Drivers/CMSIS/Include/core_cm3.h **** #define CoreDebug_DEMCR_MON_PEND_Pos       17U                                            /*!< Core
1317:Drivers/CMSIS/Include/core_cm3.h **** #define CoreDebug_DEMCR_MON_PEND_Msk       (1UL << CoreDebug_DEMCR_MON_PEND_Pos)          /*!< Core
1318:Drivers/CMSIS/Include/core_cm3.h **** 
1319:Drivers/CMSIS/Include/core_cm3.h **** #define CoreDebug_DEMCR_MON_EN_Pos         16U                                            /*!< Core
1320:Drivers/CMSIS/Include/core_cm3.h **** #define CoreDebug_DEMCR_MON_EN_Msk         (1UL << CoreDebug_DEMCR_MON_EN_Pos)            /*!< Core
1321:Drivers/CMSIS/Include/core_cm3.h **** 
1322:Drivers/CMSIS/Include/core_cm3.h **** #define CoreDebug_DEMCR_VC_HARDERR_Pos     10U                                            /*!< Core
1323:Drivers/CMSIS/Include/core_cm3.h **** #define CoreDebug_DEMCR_VC_HARDERR_Msk     (1UL << CoreDebug_DEMCR_VC_HARDERR_Pos)        /*!< Core
1324:Drivers/CMSIS/Include/core_cm3.h **** 
1325:Drivers/CMSIS/Include/core_cm3.h **** #define CoreDebug_DEMCR_VC_INTERR_Pos       9U                                            /*!< Core
1326:Drivers/CMSIS/Include/core_cm3.h **** #define CoreDebug_DEMCR_VC_INTERR_Msk      (1UL << CoreDebug_DEMCR_VC_INTERR_Pos)         /*!< Core
1327:Drivers/CMSIS/Include/core_cm3.h **** 
1328:Drivers/CMSIS/Include/core_cm3.h **** #define CoreDebug_DEMCR_VC_BUSERR_Pos       8U                                            /*!< Core
1329:Drivers/CMSIS/Include/core_cm3.h **** #define CoreDebug_DEMCR_VC_BUSERR_Msk      (1UL << CoreDebug_DEMCR_VC_BUSERR_Pos)         /*!< Core
1330:Drivers/CMSIS/Include/core_cm3.h **** 
1331:Drivers/CMSIS/Include/core_cm3.h **** #define CoreDebug_DEMCR_VC_STATERR_Pos      7U                                            /*!< Core
1332:Drivers/CMSIS/Include/core_cm3.h **** #define CoreDebug_DEMCR_VC_STATERR_Msk     (1UL << CoreDebug_DEMCR_VC_STATERR_Pos)        /*!< Core
1333:Drivers/CMSIS/Include/core_cm3.h **** 
1334:Drivers/CMSIS/Include/core_cm3.h **** #define CoreDebug_DEMCR_VC_CHKERR_Pos       6U                                            /*!< Core
1335:Drivers/CMSIS/Include/core_cm3.h **** #define CoreDebug_DEMCR_VC_CHKERR_Msk      (1UL << CoreDebug_DEMCR_VC_CHKERR_Pos)         /*!< Core
1336:Drivers/CMSIS/Include/core_cm3.h **** 
1337:Drivers/CMSIS/Include/core_cm3.h **** #define CoreDebug_DEMCR_VC_NOCPERR_Pos      5U                                            /*!< Core
1338:Drivers/CMSIS/Include/core_cm3.h **** #define CoreDebug_DEMCR_VC_NOCPERR_Msk     (1UL << CoreDebug_DEMCR_VC_NOCPERR_Pos)        /*!< Core
1339:Drivers/CMSIS/Include/core_cm3.h **** 
1340:Drivers/CMSIS/Include/core_cm3.h **** #define CoreDebug_DEMCR_VC_MMERR_Pos        4U                                            /*!< Core
1341:Drivers/CMSIS/Include/core_cm3.h **** #define CoreDebug_DEMCR_VC_MMERR_Msk       (1UL << CoreDebug_DEMCR_VC_MMERR_Pos)          /*!< Core
1342:Drivers/CMSIS/Include/core_cm3.h **** 
1343:Drivers/CMSIS/Include/core_cm3.h **** #define CoreDebug_DEMCR_VC_CORERESET_Pos    0U                                            /*!< Core
1344:Drivers/CMSIS/Include/core_cm3.h **** #define CoreDebug_DEMCR_VC_CORERESET_Msk   (1UL /*<< CoreDebug_DEMCR_VC_CORERESET_Pos*/)  /*!< Core
1345:Drivers/CMSIS/Include/core_cm3.h **** 
1346:Drivers/CMSIS/Include/core_cm3.h **** /*@} end of group CMSIS_CoreDebug */
1347:Drivers/CMSIS/Include/core_cm3.h **** 
1348:Drivers/CMSIS/Include/core_cm3.h **** 
1349:Drivers/CMSIS/Include/core_cm3.h **** /**
1350:Drivers/CMSIS/Include/core_cm3.h ****   \ingroup    CMSIS_core_register
1351:Drivers/CMSIS/Include/core_cm3.h ****   \defgroup   CMSIS_core_bitfield     Core register bit field macros
1352:Drivers/CMSIS/Include/core_cm3.h ****   \brief      Macros for use with bit field definitions (xxx_Pos, xxx_Msk).
1353:Drivers/CMSIS/Include/core_cm3.h ****   @{
1354:Drivers/CMSIS/Include/core_cm3.h ****  */
1355:Drivers/CMSIS/Include/core_cm3.h **** 
1356:Drivers/CMSIS/Include/core_cm3.h **** /**
1357:Drivers/CMSIS/Include/core_cm3.h ****   \brief   Mask and shift a bit field value for use in a register bit range.
1358:Drivers/CMSIS/Include/core_cm3.h ****   \param[in] field  Name of the register bit field.
1359:Drivers/CMSIS/Include/core_cm3.h ****   \param[in] value  Value of the bit field. This parameter is interpreted as an uint32_t type.
1360:Drivers/CMSIS/Include/core_cm3.h ****   \return           Masked and shifted value.
1361:Drivers/CMSIS/Include/core_cm3.h **** */
1362:Drivers/CMSIS/Include/core_cm3.h **** #define _VAL2FLD(field, value)    (((uint32_t)(value) << field ## _Pos) & field ## _Msk)
1363:Drivers/CMSIS/Include/core_cm3.h **** 
1364:Drivers/CMSIS/Include/core_cm3.h **** /**
1365:Drivers/CMSIS/Include/core_cm3.h ****   \brief     Mask and shift a register value to extract a bit filed value.
1366:Drivers/CMSIS/Include/core_cm3.h ****   \param[in] field  Name of the register bit field.
1367:Drivers/CMSIS/Include/core_cm3.h ****   \param[in] value  Value of register. This parameter is interpreted as an uint32_t type.
1368:Drivers/CMSIS/Include/core_cm3.h ****   \return           Masked and shifted bit field value.
1369:Drivers/CMSIS/Include/core_cm3.h **** */
ARM GAS  C:\Users\airforce\AppData\Local\Temp\ccDyHakX.s 			page 73


1370:Drivers/CMSIS/Include/core_cm3.h **** #define _FLD2VAL(field, value)    (((uint32_t)(value) & field ## _Msk) >> field ## _Pos)
1371:Drivers/CMSIS/Include/core_cm3.h **** 
1372:Drivers/CMSIS/Include/core_cm3.h **** /*@} end of group CMSIS_core_bitfield */
1373:Drivers/CMSIS/Include/core_cm3.h **** 
1374:Drivers/CMSIS/Include/core_cm3.h **** 
1375:Drivers/CMSIS/Include/core_cm3.h **** /**
1376:Drivers/CMSIS/Include/core_cm3.h ****   \ingroup    CMSIS_core_register
1377:Drivers/CMSIS/Include/core_cm3.h ****   \defgroup   CMSIS_core_base     Core Definitions
1378:Drivers/CMSIS/Include/core_cm3.h ****   \brief      Definitions for base addresses, unions, and structures.
1379:Drivers/CMSIS/Include/core_cm3.h ****   @{
1380:Drivers/CMSIS/Include/core_cm3.h ****  */
1381:Drivers/CMSIS/Include/core_cm3.h **** 
1382:Drivers/CMSIS/Include/core_cm3.h **** /* Memory mapping of Core Hardware */
1383:Drivers/CMSIS/Include/core_cm3.h **** #define SCS_BASE            (0xE000E000UL)                            /*!< System Control Space Bas
1384:Drivers/CMSIS/Include/core_cm3.h **** #define ITM_BASE            (0xE0000000UL)                            /*!< ITM Base Address */
1385:Drivers/CMSIS/Include/core_cm3.h **** #define DWT_BASE            (0xE0001000UL)                            /*!< DWT Base Address */
1386:Drivers/CMSIS/Include/core_cm3.h **** #define TPI_BASE            (0xE0040000UL)                            /*!< TPI Base Address */
1387:Drivers/CMSIS/Include/core_cm3.h **** #define CoreDebug_BASE      (0xE000EDF0UL)                            /*!< Core Debug Base Address 
1388:Drivers/CMSIS/Include/core_cm3.h **** #define SysTick_BASE        (SCS_BASE +  0x0010UL)                    /*!< SysTick Base Address */
1389:Drivers/CMSIS/Include/core_cm3.h **** #define NVIC_BASE           (SCS_BASE +  0x0100UL)                    /*!< NVIC Base Address */
1390:Drivers/CMSIS/Include/core_cm3.h **** #define SCB_BASE            (SCS_BASE +  0x0D00UL)                    /*!< System Control Block Bas
1391:Drivers/CMSIS/Include/core_cm3.h **** 
1392:Drivers/CMSIS/Include/core_cm3.h **** #define SCnSCB              ((SCnSCB_Type    *)     SCS_BASE      )   /*!< System control Register 
1393:Drivers/CMSIS/Include/core_cm3.h **** #define SCB                 ((SCB_Type       *)     SCB_BASE      )   /*!< SCB configuration struct
1394:Drivers/CMSIS/Include/core_cm3.h **** #define SysTick             ((SysTick_Type   *)     SysTick_BASE  )   /*!< SysTick configuration st
1395:Drivers/CMSIS/Include/core_cm3.h **** #define NVIC                ((NVIC_Type      *)     NVIC_BASE     )   /*!< NVIC configuration struc
1396:Drivers/CMSIS/Include/core_cm3.h **** #define ITM                 ((ITM_Type       *)     ITM_BASE      )   /*!< ITM configuration struct
1397:Drivers/CMSIS/Include/core_cm3.h **** #define DWT                 ((DWT_Type       *)     DWT_BASE      )   /*!< DWT configuration struct
1398:Drivers/CMSIS/Include/core_cm3.h **** #define TPI                 ((TPI_Type       *)     TPI_BASE      )   /*!< TPI configuration struct
1399:Drivers/CMSIS/Include/core_cm3.h **** #define CoreDebug           ((CoreDebug_Type *)     CoreDebug_BASE)   /*!< Core Debug configuration
1400:Drivers/CMSIS/Include/core_cm3.h **** 
1401:Drivers/CMSIS/Include/core_cm3.h **** #if defined (__MPU_PRESENT) && (__MPU_PRESENT == 1U)
1402:Drivers/CMSIS/Include/core_cm3.h ****   #define MPU_BASE          (SCS_BASE +  0x0D90UL)                    /*!< Memory Protection Unit *
1403:Drivers/CMSIS/Include/core_cm3.h ****   #define MPU               ((MPU_Type       *)     MPU_BASE      )   /*!< Memory Protection Unit *
1404:Drivers/CMSIS/Include/core_cm3.h **** #endif
1405:Drivers/CMSIS/Include/core_cm3.h **** 
1406:Drivers/CMSIS/Include/core_cm3.h **** /*@} */
1407:Drivers/CMSIS/Include/core_cm3.h **** 
1408:Drivers/CMSIS/Include/core_cm3.h **** 
1409:Drivers/CMSIS/Include/core_cm3.h **** 
1410:Drivers/CMSIS/Include/core_cm3.h **** /*******************************************************************************
1411:Drivers/CMSIS/Include/core_cm3.h ****  *                Hardware Abstraction Layer
1412:Drivers/CMSIS/Include/core_cm3.h ****   Core Function Interface contains:
1413:Drivers/CMSIS/Include/core_cm3.h ****   - Core NVIC Functions
1414:Drivers/CMSIS/Include/core_cm3.h ****   - Core SysTick Functions
1415:Drivers/CMSIS/Include/core_cm3.h ****   - Core Debug Functions
1416:Drivers/CMSIS/Include/core_cm3.h ****   - Core Register Access Functions
1417:Drivers/CMSIS/Include/core_cm3.h ****  ******************************************************************************/
1418:Drivers/CMSIS/Include/core_cm3.h **** /**
1419:Drivers/CMSIS/Include/core_cm3.h ****   \defgroup CMSIS_Core_FunctionInterface Functions and Instructions Reference
1420:Drivers/CMSIS/Include/core_cm3.h **** */
1421:Drivers/CMSIS/Include/core_cm3.h **** 
1422:Drivers/CMSIS/Include/core_cm3.h **** 
1423:Drivers/CMSIS/Include/core_cm3.h **** 
1424:Drivers/CMSIS/Include/core_cm3.h **** /* ##########################   NVIC functions  #################################### */
1425:Drivers/CMSIS/Include/core_cm3.h **** /**
1426:Drivers/CMSIS/Include/core_cm3.h ****   \ingroup  CMSIS_Core_FunctionInterface
ARM GAS  C:\Users\airforce\AppData\Local\Temp\ccDyHakX.s 			page 74


1427:Drivers/CMSIS/Include/core_cm3.h ****   \defgroup CMSIS_Core_NVICFunctions NVIC Functions
1428:Drivers/CMSIS/Include/core_cm3.h ****   \brief    Functions that manage interrupts and exceptions via the NVIC.
1429:Drivers/CMSIS/Include/core_cm3.h ****   @{
1430:Drivers/CMSIS/Include/core_cm3.h ****  */
1431:Drivers/CMSIS/Include/core_cm3.h **** 
1432:Drivers/CMSIS/Include/core_cm3.h **** #ifdef CMSIS_NVIC_VIRTUAL
1433:Drivers/CMSIS/Include/core_cm3.h ****   #ifndef CMSIS_NVIC_VIRTUAL_HEADER_FILE
1434:Drivers/CMSIS/Include/core_cm3.h ****     #define CMSIS_NVIC_VIRTUAL_HEADER_FILE "cmsis_nvic_virtual.h"
1435:Drivers/CMSIS/Include/core_cm3.h ****   #endif
1436:Drivers/CMSIS/Include/core_cm3.h ****   #include CMSIS_NVIC_VIRTUAL_HEADER_FILE
1437:Drivers/CMSIS/Include/core_cm3.h **** #else
1438:Drivers/CMSIS/Include/core_cm3.h ****   #define NVIC_SetPriorityGrouping    __NVIC_SetPriorityGrouping
1439:Drivers/CMSIS/Include/core_cm3.h ****   #define NVIC_GetPriorityGrouping    __NVIC_GetPriorityGrouping
1440:Drivers/CMSIS/Include/core_cm3.h ****   #define NVIC_EnableIRQ              __NVIC_EnableIRQ
1441:Drivers/CMSIS/Include/core_cm3.h ****   #define NVIC_GetEnableIRQ           __NVIC_GetEnableIRQ
1442:Drivers/CMSIS/Include/core_cm3.h ****   #define NVIC_DisableIRQ             __NVIC_DisableIRQ
1443:Drivers/CMSIS/Include/core_cm3.h ****   #define NVIC_GetPendingIRQ          __NVIC_GetPendingIRQ
1444:Drivers/CMSIS/Include/core_cm3.h ****   #define NVIC_SetPendingIRQ          __NVIC_SetPendingIRQ
1445:Drivers/CMSIS/Include/core_cm3.h ****   #define NVIC_ClearPendingIRQ        __NVIC_ClearPendingIRQ
1446:Drivers/CMSIS/Include/core_cm3.h ****   #define NVIC_GetActive              __NVIC_GetActive
1447:Drivers/CMSIS/Include/core_cm3.h ****   #define NVIC_SetPriority            __NVIC_SetPriority
1448:Drivers/CMSIS/Include/core_cm3.h ****   #define NVIC_GetPriority            __NVIC_GetPriority
1449:Drivers/CMSIS/Include/core_cm3.h ****   #define NVIC_SystemReset            __NVIC_SystemReset
1450:Drivers/CMSIS/Include/core_cm3.h **** #endif /* CMSIS_NVIC_VIRTUAL */
1451:Drivers/CMSIS/Include/core_cm3.h **** 
1452:Drivers/CMSIS/Include/core_cm3.h **** #ifdef CMSIS_VECTAB_VIRTUAL
1453:Drivers/CMSIS/Include/core_cm3.h ****   #ifndef CMSIS_VECTAB_VIRTUAL_HEADER_FILE
1454:Drivers/CMSIS/Include/core_cm3.h ****    #define CMSIS_VECTAB_VIRTUAL_HEADER_FILE "cmsis_vectab_virtual.h"
1455:Drivers/CMSIS/Include/core_cm3.h ****   #endif
1456:Drivers/CMSIS/Include/core_cm3.h ****   #include CMSIS_VECTAB_VIRTUAL_HEADER_FILE
1457:Drivers/CMSIS/Include/core_cm3.h **** #else
1458:Drivers/CMSIS/Include/core_cm3.h ****   #define NVIC_SetVector              __NVIC_SetVector
1459:Drivers/CMSIS/Include/core_cm3.h ****   #define NVIC_GetVector              __NVIC_GetVector
1460:Drivers/CMSIS/Include/core_cm3.h **** #endif  /* (CMSIS_VECTAB_VIRTUAL) */
1461:Drivers/CMSIS/Include/core_cm3.h **** 
1462:Drivers/CMSIS/Include/core_cm3.h **** #define NVIC_USER_IRQ_OFFSET          16
1463:Drivers/CMSIS/Include/core_cm3.h **** 
1464:Drivers/CMSIS/Include/core_cm3.h **** 
1465:Drivers/CMSIS/Include/core_cm3.h **** /* The following EXC_RETURN values are saved the LR on exception entry */
1466:Drivers/CMSIS/Include/core_cm3.h **** #define EXC_RETURN_HANDLER         (0xFFFFFFF1UL)     /* return to Handler mode, uses MSP after ret
1467:Drivers/CMSIS/Include/core_cm3.h **** #define EXC_RETURN_THREAD_MSP      (0xFFFFFFF9UL)     /* return to Thread mode, uses MSP after retu
1468:Drivers/CMSIS/Include/core_cm3.h **** #define EXC_RETURN_THREAD_PSP      (0xFFFFFFFDUL)     /* return to Thread mode, uses PSP after retu
1469:Drivers/CMSIS/Include/core_cm3.h **** 
1470:Drivers/CMSIS/Include/core_cm3.h **** 
1471:Drivers/CMSIS/Include/core_cm3.h **** /**
1472:Drivers/CMSIS/Include/core_cm3.h ****   \brief   Set Priority Grouping
1473:Drivers/CMSIS/Include/core_cm3.h ****   \details Sets the priority grouping field using the required unlock sequence.
1474:Drivers/CMSIS/Include/core_cm3.h ****            The parameter PriorityGroup is assigned to the field SCB->AIRCR [10:8] PRIGROUP field.
1475:Drivers/CMSIS/Include/core_cm3.h ****            Only values from 0..7 are used.
1476:Drivers/CMSIS/Include/core_cm3.h ****            In case of a conflict between priority grouping and available
1477:Drivers/CMSIS/Include/core_cm3.h ****            priority bits (__NVIC_PRIO_BITS), the smallest possible priority group is set.
1478:Drivers/CMSIS/Include/core_cm3.h ****   \param [in]      PriorityGroup  Priority grouping field.
1479:Drivers/CMSIS/Include/core_cm3.h ****  */
1480:Drivers/CMSIS/Include/core_cm3.h **** __STATIC_INLINE void __NVIC_SetPriorityGrouping(uint32_t PriorityGroup)
1481:Drivers/CMSIS/Include/core_cm3.h **** {
1482:Drivers/CMSIS/Include/core_cm3.h ****   uint32_t reg_value;
1483:Drivers/CMSIS/Include/core_cm3.h ****   uint32_t PriorityGroupTmp = (PriorityGroup & (uint32_t)0x07UL);             /* only values 0..7 a
ARM GAS  C:\Users\airforce\AppData\Local\Temp\ccDyHakX.s 			page 75


1484:Drivers/CMSIS/Include/core_cm3.h **** 
1485:Drivers/CMSIS/Include/core_cm3.h ****   reg_value  =  SCB->AIRCR;                                                   /* read old register 
1486:Drivers/CMSIS/Include/core_cm3.h ****   reg_value &= ~((uint32_t)(SCB_AIRCR_VECTKEY_Msk | SCB_AIRCR_PRIGROUP_Msk)); /* clear bits to chan
1487:Drivers/CMSIS/Include/core_cm3.h ****   reg_value  =  (reg_value                                   |
1488:Drivers/CMSIS/Include/core_cm3.h ****                 ((uint32_t)0x5FAUL << SCB_AIRCR_VECTKEY_Pos) |
1489:Drivers/CMSIS/Include/core_cm3.h ****                 (PriorityGroupTmp << SCB_AIRCR_PRIGROUP_Pos) );               /* Insert write key a
1490:Drivers/CMSIS/Include/core_cm3.h ****   SCB->AIRCR =  reg_value;
1491:Drivers/CMSIS/Include/core_cm3.h **** }
1492:Drivers/CMSIS/Include/core_cm3.h **** 
1493:Drivers/CMSIS/Include/core_cm3.h **** 
1494:Drivers/CMSIS/Include/core_cm3.h **** /**
1495:Drivers/CMSIS/Include/core_cm3.h ****   \brief   Get Priority Grouping
1496:Drivers/CMSIS/Include/core_cm3.h ****   \details Reads the priority grouping field from the NVIC Interrupt Controller.
1497:Drivers/CMSIS/Include/core_cm3.h ****   \return                Priority grouping field (SCB->AIRCR [10:8] PRIGROUP field).
1498:Drivers/CMSIS/Include/core_cm3.h ****  */
1499:Drivers/CMSIS/Include/core_cm3.h **** __STATIC_INLINE uint32_t __NVIC_GetPriorityGrouping(void)
1500:Drivers/CMSIS/Include/core_cm3.h **** {
1501:Drivers/CMSIS/Include/core_cm3.h ****   return ((uint32_t)((SCB->AIRCR & SCB_AIRCR_PRIGROUP_Msk) >> SCB_AIRCR_PRIGROUP_Pos));
1502:Drivers/CMSIS/Include/core_cm3.h **** }
1503:Drivers/CMSIS/Include/core_cm3.h **** 
1504:Drivers/CMSIS/Include/core_cm3.h **** 
1505:Drivers/CMSIS/Include/core_cm3.h **** /**
1506:Drivers/CMSIS/Include/core_cm3.h ****   \brief   Enable Interrupt
1507:Drivers/CMSIS/Include/core_cm3.h ****   \details Enables a device specific interrupt in the NVIC interrupt controller.
1508:Drivers/CMSIS/Include/core_cm3.h ****   \param [in]      IRQn  Device specific interrupt number.
1509:Drivers/CMSIS/Include/core_cm3.h ****   \note    IRQn must not be negative.
1510:Drivers/CMSIS/Include/core_cm3.h ****  */
1511:Drivers/CMSIS/Include/core_cm3.h **** __STATIC_INLINE void __NVIC_EnableIRQ(IRQn_Type IRQn)
1512:Drivers/CMSIS/Include/core_cm3.h **** {
1513:Drivers/CMSIS/Include/core_cm3.h ****   if ((int32_t)(IRQn) >= 0)
1514:Drivers/CMSIS/Include/core_cm3.h ****   {
1515:Drivers/CMSIS/Include/core_cm3.h ****     NVIC->ISER[(((uint32_t)IRQn) >> 5UL)] = (uint32_t)(1UL << (((uint32_t)IRQn) & 0x1FUL));
1516:Drivers/CMSIS/Include/core_cm3.h ****   }
1517:Drivers/CMSIS/Include/core_cm3.h **** }
1518:Drivers/CMSIS/Include/core_cm3.h **** 
1519:Drivers/CMSIS/Include/core_cm3.h **** 
1520:Drivers/CMSIS/Include/core_cm3.h **** /**
1521:Drivers/CMSIS/Include/core_cm3.h ****   \brief   Get Interrupt Enable status
1522:Drivers/CMSIS/Include/core_cm3.h ****   \details Returns a device specific interrupt enable status from the NVIC interrupt controller.
1523:Drivers/CMSIS/Include/core_cm3.h ****   \param [in]      IRQn  Device specific interrupt number.
1524:Drivers/CMSIS/Include/core_cm3.h ****   \return             0  Interrupt is not enabled.
1525:Drivers/CMSIS/Include/core_cm3.h ****   \return             1  Interrupt is enabled.
1526:Drivers/CMSIS/Include/core_cm3.h ****   \note    IRQn must not be negative.
1527:Drivers/CMSIS/Include/core_cm3.h ****  */
1528:Drivers/CMSIS/Include/core_cm3.h **** __STATIC_INLINE uint32_t __NVIC_GetEnableIRQ(IRQn_Type IRQn)
1529:Drivers/CMSIS/Include/core_cm3.h **** {
1530:Drivers/CMSIS/Include/core_cm3.h ****   if ((int32_t)(IRQn) >= 0)
1531:Drivers/CMSIS/Include/core_cm3.h ****   {
1532:Drivers/CMSIS/Include/core_cm3.h ****     return((uint32_t)(((NVIC->ISER[(((uint32_t)IRQn) >> 5UL)] & (1UL << (((uint32_t)IRQn) & 0x1FUL)
1533:Drivers/CMSIS/Include/core_cm3.h ****   }
1534:Drivers/CMSIS/Include/core_cm3.h ****   else
1535:Drivers/CMSIS/Include/core_cm3.h ****   {
1536:Drivers/CMSIS/Include/core_cm3.h ****     return(0U);
1537:Drivers/CMSIS/Include/core_cm3.h ****   }
1538:Drivers/CMSIS/Include/core_cm3.h **** }
1539:Drivers/CMSIS/Include/core_cm3.h **** 
1540:Drivers/CMSIS/Include/core_cm3.h **** 
ARM GAS  C:\Users\airforce\AppData\Local\Temp\ccDyHakX.s 			page 76


1541:Drivers/CMSIS/Include/core_cm3.h **** /**
1542:Drivers/CMSIS/Include/core_cm3.h ****   \brief   Disable Interrupt
1543:Drivers/CMSIS/Include/core_cm3.h ****   \details Disables a device specific interrupt in the NVIC interrupt controller.
1544:Drivers/CMSIS/Include/core_cm3.h ****   \param [in]      IRQn  Device specific interrupt number.
1545:Drivers/CMSIS/Include/core_cm3.h ****   \note    IRQn must not be negative.
1546:Drivers/CMSIS/Include/core_cm3.h ****  */
1547:Drivers/CMSIS/Include/core_cm3.h **** __STATIC_INLINE void __NVIC_DisableIRQ(IRQn_Type IRQn)
1548:Drivers/CMSIS/Include/core_cm3.h **** {
1549:Drivers/CMSIS/Include/core_cm3.h ****   if ((int32_t)(IRQn) >= 0)
1550:Drivers/CMSIS/Include/core_cm3.h ****   {
1551:Drivers/CMSIS/Include/core_cm3.h ****     NVIC->ICER[(((uint32_t)IRQn) >> 5UL)] = (uint32_t)(1UL << (((uint32_t)IRQn) & 0x1FUL));
1552:Drivers/CMSIS/Include/core_cm3.h ****     __DSB();
1553:Drivers/CMSIS/Include/core_cm3.h ****     __ISB();
1554:Drivers/CMSIS/Include/core_cm3.h ****   }
1555:Drivers/CMSIS/Include/core_cm3.h **** }
1556:Drivers/CMSIS/Include/core_cm3.h **** 
1557:Drivers/CMSIS/Include/core_cm3.h **** 
1558:Drivers/CMSIS/Include/core_cm3.h **** /**
1559:Drivers/CMSIS/Include/core_cm3.h ****   \brief   Get Pending Interrupt
1560:Drivers/CMSIS/Include/core_cm3.h ****   \details Reads the NVIC pending register and returns the pending bit for the specified device spe
1561:Drivers/CMSIS/Include/core_cm3.h ****   \param [in]      IRQn  Device specific interrupt number.
1562:Drivers/CMSIS/Include/core_cm3.h ****   \return             0  Interrupt status is not pending.
1563:Drivers/CMSIS/Include/core_cm3.h ****   \return             1  Interrupt status is pending.
1564:Drivers/CMSIS/Include/core_cm3.h ****   \note    IRQn must not be negative.
1565:Drivers/CMSIS/Include/core_cm3.h ****  */
1566:Drivers/CMSIS/Include/core_cm3.h **** __STATIC_INLINE uint32_t __NVIC_GetPendingIRQ(IRQn_Type IRQn)
1567:Drivers/CMSIS/Include/core_cm3.h **** {
1568:Drivers/CMSIS/Include/core_cm3.h ****   if ((int32_t)(IRQn) >= 0)
1569:Drivers/CMSIS/Include/core_cm3.h ****   {
1570:Drivers/CMSIS/Include/core_cm3.h ****     return((uint32_t)(((NVIC->ISPR[(((uint32_t)IRQn) >> 5UL)] & (1UL << (((uint32_t)IRQn) & 0x1FUL)
1571:Drivers/CMSIS/Include/core_cm3.h ****   }
1572:Drivers/CMSIS/Include/core_cm3.h ****   else
1573:Drivers/CMSIS/Include/core_cm3.h ****   {
1574:Drivers/CMSIS/Include/core_cm3.h ****     return(0U);
1575:Drivers/CMSIS/Include/core_cm3.h ****   }
1576:Drivers/CMSIS/Include/core_cm3.h **** }
1577:Drivers/CMSIS/Include/core_cm3.h **** 
1578:Drivers/CMSIS/Include/core_cm3.h **** 
1579:Drivers/CMSIS/Include/core_cm3.h **** /**
1580:Drivers/CMSIS/Include/core_cm3.h ****   \brief   Set Pending Interrupt
1581:Drivers/CMSIS/Include/core_cm3.h ****   \details Sets the pending bit of a device specific interrupt in the NVIC pending register.
1582:Drivers/CMSIS/Include/core_cm3.h ****   \param [in]      IRQn  Device specific interrupt number.
1583:Drivers/CMSIS/Include/core_cm3.h ****   \note    IRQn must not be negative.
1584:Drivers/CMSIS/Include/core_cm3.h ****  */
1585:Drivers/CMSIS/Include/core_cm3.h **** __STATIC_INLINE void __NVIC_SetPendingIRQ(IRQn_Type IRQn)
1586:Drivers/CMSIS/Include/core_cm3.h **** {
1587:Drivers/CMSIS/Include/core_cm3.h ****   if ((int32_t)(IRQn) >= 0)
1588:Drivers/CMSIS/Include/core_cm3.h ****   {
1589:Drivers/CMSIS/Include/core_cm3.h ****     NVIC->ISPR[(((uint32_t)IRQn) >> 5UL)] = (uint32_t)(1UL << (((uint32_t)IRQn) & 0x1FUL));
1590:Drivers/CMSIS/Include/core_cm3.h ****   }
1591:Drivers/CMSIS/Include/core_cm3.h **** }
1592:Drivers/CMSIS/Include/core_cm3.h **** 
1593:Drivers/CMSIS/Include/core_cm3.h **** 
1594:Drivers/CMSIS/Include/core_cm3.h **** /**
1595:Drivers/CMSIS/Include/core_cm3.h ****   \brief   Clear Pending Interrupt
1596:Drivers/CMSIS/Include/core_cm3.h ****   \details Clears the pending bit of a device specific interrupt in the NVIC pending register.
1597:Drivers/CMSIS/Include/core_cm3.h ****   \param [in]      IRQn  Device specific interrupt number.
ARM GAS  C:\Users\airforce\AppData\Local\Temp\ccDyHakX.s 			page 77


1598:Drivers/CMSIS/Include/core_cm3.h ****   \note    IRQn must not be negative.
1599:Drivers/CMSIS/Include/core_cm3.h ****  */
1600:Drivers/CMSIS/Include/core_cm3.h **** __STATIC_INLINE void __NVIC_ClearPendingIRQ(IRQn_Type IRQn)
1601:Drivers/CMSIS/Include/core_cm3.h **** {
1602:Drivers/CMSIS/Include/core_cm3.h ****   if ((int32_t)(IRQn) >= 0)
1603:Drivers/CMSIS/Include/core_cm3.h ****   {
1604:Drivers/CMSIS/Include/core_cm3.h ****     NVIC->ICPR[(((uint32_t)IRQn) >> 5UL)] = (uint32_t)(1UL << (((uint32_t)IRQn) & 0x1FUL));
1605:Drivers/CMSIS/Include/core_cm3.h ****   }
1606:Drivers/CMSIS/Include/core_cm3.h **** }
1607:Drivers/CMSIS/Include/core_cm3.h **** 
1608:Drivers/CMSIS/Include/core_cm3.h **** 
1609:Drivers/CMSIS/Include/core_cm3.h **** /**
1610:Drivers/CMSIS/Include/core_cm3.h ****   \brief   Get Active Interrupt
1611:Drivers/CMSIS/Include/core_cm3.h ****   \details Reads the active register in the NVIC and returns the active bit for the device specific
1612:Drivers/CMSIS/Include/core_cm3.h ****   \param [in]      IRQn  Device specific interrupt number.
1613:Drivers/CMSIS/Include/core_cm3.h ****   \return             0  Interrupt status is not active.
1614:Drivers/CMSIS/Include/core_cm3.h ****   \return             1  Interrupt status is active.
1615:Drivers/CMSIS/Include/core_cm3.h ****   \note    IRQn must not be negative.
1616:Drivers/CMSIS/Include/core_cm3.h ****  */
1617:Drivers/CMSIS/Include/core_cm3.h **** __STATIC_INLINE uint32_t __NVIC_GetActive(IRQn_Type IRQn)
1618:Drivers/CMSIS/Include/core_cm3.h **** {
1619:Drivers/CMSIS/Include/core_cm3.h ****   if ((int32_t)(IRQn) >= 0)
1620:Drivers/CMSIS/Include/core_cm3.h ****   {
1621:Drivers/CMSIS/Include/core_cm3.h ****     return((uint32_t)(((NVIC->IABR[(((uint32_t)IRQn) >> 5UL)] & (1UL << (((uint32_t)IRQn) & 0x1FUL)
1622:Drivers/CMSIS/Include/core_cm3.h ****   }
1623:Drivers/CMSIS/Include/core_cm3.h ****   else
1624:Drivers/CMSIS/Include/core_cm3.h ****   {
1625:Drivers/CMSIS/Include/core_cm3.h ****     return(0U);
1626:Drivers/CMSIS/Include/core_cm3.h ****   }
1627:Drivers/CMSIS/Include/core_cm3.h **** }
1628:Drivers/CMSIS/Include/core_cm3.h **** 
1629:Drivers/CMSIS/Include/core_cm3.h **** 
1630:Drivers/CMSIS/Include/core_cm3.h **** /**
1631:Drivers/CMSIS/Include/core_cm3.h ****   \brief   Set Interrupt Priority
1632:Drivers/CMSIS/Include/core_cm3.h ****   \details Sets the priority of a device specific interrupt or a processor exception.
1633:Drivers/CMSIS/Include/core_cm3.h ****            The interrupt number can be positive to specify a device specific interrupt,
1634:Drivers/CMSIS/Include/core_cm3.h ****            or negative to specify a processor exception.
1635:Drivers/CMSIS/Include/core_cm3.h ****   \param [in]      IRQn  Interrupt number.
1636:Drivers/CMSIS/Include/core_cm3.h ****   \param [in]  priority  Priority to set.
1637:Drivers/CMSIS/Include/core_cm3.h ****   \note    The priority cannot be set for every processor exception.
1638:Drivers/CMSIS/Include/core_cm3.h ****  */
1639:Drivers/CMSIS/Include/core_cm3.h **** __STATIC_INLINE void __NVIC_SetPriority(IRQn_Type IRQn, uint32_t priority)
1640:Drivers/CMSIS/Include/core_cm3.h **** {
1641:Drivers/CMSIS/Include/core_cm3.h ****   if ((int32_t)(IRQn) >= 0)
1642:Drivers/CMSIS/Include/core_cm3.h ****   {
1643:Drivers/CMSIS/Include/core_cm3.h ****     NVIC->IP[((uint32_t)IRQn)]               = (uint8_t)((priority << (8U - __NVIC_PRIO_BITS)) & (u
1644:Drivers/CMSIS/Include/core_cm3.h ****   }
1645:Drivers/CMSIS/Include/core_cm3.h ****   else
1646:Drivers/CMSIS/Include/core_cm3.h ****   {
1647:Drivers/CMSIS/Include/core_cm3.h ****     SCB->SHP[(((uint32_t)IRQn) & 0xFUL)-4UL] = (uint8_t)((priority << (8U - __NVIC_PRIO_BITS)) & (u
1648:Drivers/CMSIS/Include/core_cm3.h ****   }
1649:Drivers/CMSIS/Include/core_cm3.h **** }
1650:Drivers/CMSIS/Include/core_cm3.h **** 
1651:Drivers/CMSIS/Include/core_cm3.h **** 
1652:Drivers/CMSIS/Include/core_cm3.h **** /**
1653:Drivers/CMSIS/Include/core_cm3.h ****   \brief   Get Interrupt Priority
1654:Drivers/CMSIS/Include/core_cm3.h ****   \details Reads the priority of a device specific interrupt or a processor exception.
ARM GAS  C:\Users\airforce\AppData\Local\Temp\ccDyHakX.s 			page 78


1655:Drivers/CMSIS/Include/core_cm3.h ****            The interrupt number can be positive to specify a device specific interrupt,
1656:Drivers/CMSIS/Include/core_cm3.h ****            or negative to specify a processor exception.
1657:Drivers/CMSIS/Include/core_cm3.h ****   \param [in]   IRQn  Interrupt number.
1658:Drivers/CMSIS/Include/core_cm3.h ****   \return             Interrupt Priority.
1659:Drivers/CMSIS/Include/core_cm3.h ****                       Value is aligned automatically to the implemented priority bits of the microc
1660:Drivers/CMSIS/Include/core_cm3.h ****  */
1661:Drivers/CMSIS/Include/core_cm3.h **** __STATIC_INLINE uint32_t __NVIC_GetPriority(IRQn_Type IRQn)
1662:Drivers/CMSIS/Include/core_cm3.h **** {
1663:Drivers/CMSIS/Include/core_cm3.h **** 
1664:Drivers/CMSIS/Include/core_cm3.h ****   if ((int32_t)(IRQn) >= 0)
1665:Drivers/CMSIS/Include/core_cm3.h ****   {
1666:Drivers/CMSIS/Include/core_cm3.h ****     return(((uint32_t)NVIC->IP[((uint32_t)IRQn)]               >> (8U - __NVIC_PRIO_BITS)));
1667:Drivers/CMSIS/Include/core_cm3.h ****   }
1668:Drivers/CMSIS/Include/core_cm3.h ****   else
1669:Drivers/CMSIS/Include/core_cm3.h ****   {
1670:Drivers/CMSIS/Include/core_cm3.h ****     return(((uint32_t)SCB->SHP[(((uint32_t)IRQn) & 0xFUL)-4UL] >> (8U - __NVIC_PRIO_BITS)));
1671:Drivers/CMSIS/Include/core_cm3.h ****   }
1672:Drivers/CMSIS/Include/core_cm3.h **** }
1673:Drivers/CMSIS/Include/core_cm3.h **** 
1674:Drivers/CMSIS/Include/core_cm3.h **** 
1675:Drivers/CMSIS/Include/core_cm3.h **** /**
1676:Drivers/CMSIS/Include/core_cm3.h ****   \brief   Encode Priority
1677:Drivers/CMSIS/Include/core_cm3.h ****   \details Encodes the priority for an interrupt with the given priority group,
1678:Drivers/CMSIS/Include/core_cm3.h ****            preemptive priority value, and subpriority value.
1679:Drivers/CMSIS/Include/core_cm3.h ****            In case of a conflict between priority grouping and available
1680:Drivers/CMSIS/Include/core_cm3.h ****            priority bits (__NVIC_PRIO_BITS), the smallest possible priority group is set.
1681:Drivers/CMSIS/Include/core_cm3.h ****   \param [in]     PriorityGroup  Used priority group.
1682:Drivers/CMSIS/Include/core_cm3.h ****   \param [in]   PreemptPriority  Preemptive priority value (starting from 0).
1683:Drivers/CMSIS/Include/core_cm3.h ****   \param [in]       SubPriority  Subpriority value (starting from 0).
1684:Drivers/CMSIS/Include/core_cm3.h ****   \return                        Encoded priority. Value can be used in the function \ref NVIC_SetP
1685:Drivers/CMSIS/Include/core_cm3.h ****  */
1686:Drivers/CMSIS/Include/core_cm3.h **** __STATIC_INLINE uint32_t NVIC_EncodePriority (uint32_t PriorityGroup, uint32_t PreemptPriority, uin
1687:Drivers/CMSIS/Include/core_cm3.h **** {
1688:Drivers/CMSIS/Include/core_cm3.h ****   uint32_t PriorityGroupTmp = (PriorityGroup & (uint32_t)0x07UL);   /* only values 0..7 are used   
1689:Drivers/CMSIS/Include/core_cm3.h ****   uint32_t PreemptPriorityBits;
1690:Drivers/CMSIS/Include/core_cm3.h ****   uint32_t SubPriorityBits;
1691:Drivers/CMSIS/Include/core_cm3.h **** 
1692:Drivers/CMSIS/Include/core_cm3.h ****   PreemptPriorityBits = ((7UL - PriorityGroupTmp) > (uint32_t)(__NVIC_PRIO_BITS)) ? (uint32_t)(__NV
1693:Drivers/CMSIS/Include/core_cm3.h ****   SubPriorityBits     = ((PriorityGroupTmp + (uint32_t)(__NVIC_PRIO_BITS)) < (uint32_t)7UL) ? (uint
1694:Drivers/CMSIS/Include/core_cm3.h **** 
1695:Drivers/CMSIS/Include/core_cm3.h ****   return (
1696:Drivers/CMSIS/Include/core_cm3.h ****            ((PreemptPriority & (uint32_t)((1UL << (PreemptPriorityBits)) - 1UL)) << SubPriorityBits
1697:Drivers/CMSIS/Include/core_cm3.h ****            ((SubPriority     & (uint32_t)((1UL << (SubPriorityBits    )) - 1UL)))
1698:Drivers/CMSIS/Include/core_cm3.h ****          );
1699:Drivers/CMSIS/Include/core_cm3.h **** }
1700:Drivers/CMSIS/Include/core_cm3.h **** 
1701:Drivers/CMSIS/Include/core_cm3.h **** 
1702:Drivers/CMSIS/Include/core_cm3.h **** /**
1703:Drivers/CMSIS/Include/core_cm3.h ****   \brief   Decode Priority
1704:Drivers/CMSIS/Include/core_cm3.h ****   \details Decodes an interrupt priority value with a given priority group to
1705:Drivers/CMSIS/Include/core_cm3.h ****            preemptive priority value and subpriority value.
1706:Drivers/CMSIS/Include/core_cm3.h ****            In case of a conflict between priority grouping and available
1707:Drivers/CMSIS/Include/core_cm3.h ****            priority bits (__NVIC_PRIO_BITS) the smallest possible priority group is set.
1708:Drivers/CMSIS/Include/core_cm3.h ****   \param [in]         Priority   Priority value, which can be retrieved with the function \ref NVIC
1709:Drivers/CMSIS/Include/core_cm3.h ****   \param [in]     PriorityGroup  Used priority group.
1710:Drivers/CMSIS/Include/core_cm3.h ****   \param [out] pPreemptPriority  Preemptive priority value (starting from 0).
1711:Drivers/CMSIS/Include/core_cm3.h ****   \param [out]     pSubPriority  Subpriority value (starting from 0).
ARM GAS  C:\Users\airforce\AppData\Local\Temp\ccDyHakX.s 			page 79


1712:Drivers/CMSIS/Include/core_cm3.h ****  */
1713:Drivers/CMSIS/Include/core_cm3.h **** __STATIC_INLINE void NVIC_DecodePriority (uint32_t Priority, uint32_t PriorityGroup, uint32_t* cons
1714:Drivers/CMSIS/Include/core_cm3.h **** {
1715:Drivers/CMSIS/Include/core_cm3.h ****   uint32_t PriorityGroupTmp = (PriorityGroup & (uint32_t)0x07UL);   /* only values 0..7 are used   
1716:Drivers/CMSIS/Include/core_cm3.h ****   uint32_t PreemptPriorityBits;
1717:Drivers/CMSIS/Include/core_cm3.h ****   uint32_t SubPriorityBits;
1718:Drivers/CMSIS/Include/core_cm3.h **** 
1719:Drivers/CMSIS/Include/core_cm3.h ****   PreemptPriorityBits = ((7UL - PriorityGroupTmp) > (uint32_t)(__NVIC_PRIO_BITS)) ? (uint32_t)(__NV
1720:Drivers/CMSIS/Include/core_cm3.h ****   SubPriorityBits     = ((PriorityGroupTmp + (uint32_t)(__NVIC_PRIO_BITS)) < (uint32_t)7UL) ? (uint
1721:Drivers/CMSIS/Include/core_cm3.h **** 
1722:Drivers/CMSIS/Include/core_cm3.h ****   *pPreemptPriority = (Priority >> SubPriorityBits) & (uint32_t)((1UL << (PreemptPriorityBits)) - 1
1723:Drivers/CMSIS/Include/core_cm3.h ****   *pSubPriority     = (Priority                   ) & (uint32_t)((1UL << (SubPriorityBits    )) - 1
1724:Drivers/CMSIS/Include/core_cm3.h **** }
1725:Drivers/CMSIS/Include/core_cm3.h **** 
1726:Drivers/CMSIS/Include/core_cm3.h **** 
1727:Drivers/CMSIS/Include/core_cm3.h **** /**
1728:Drivers/CMSIS/Include/core_cm3.h ****   \brief   Set Interrupt Vector
1729:Drivers/CMSIS/Include/core_cm3.h ****   \details Sets an interrupt vector in SRAM based interrupt vector table.
1730:Drivers/CMSIS/Include/core_cm3.h ****            The interrupt number can be positive to specify a device specific interrupt,
1731:Drivers/CMSIS/Include/core_cm3.h ****            or negative to specify a processor exception.
1732:Drivers/CMSIS/Include/core_cm3.h ****            VTOR must been relocated to SRAM before.
1733:Drivers/CMSIS/Include/core_cm3.h ****   \param [in]   IRQn      Interrupt number
1734:Drivers/CMSIS/Include/core_cm3.h ****   \param [in]   vector    Address of interrupt handler function
1735:Drivers/CMSIS/Include/core_cm3.h ****  */
1736:Drivers/CMSIS/Include/core_cm3.h **** __STATIC_INLINE void __NVIC_SetVector(IRQn_Type IRQn, uint32_t vector)
1737:Drivers/CMSIS/Include/core_cm3.h **** {
1738:Drivers/CMSIS/Include/core_cm3.h ****   uint32_t *vectors = (uint32_t *)SCB->VTOR;
1739:Drivers/CMSIS/Include/core_cm3.h ****   vectors[(int32_t)IRQn + NVIC_USER_IRQ_OFFSET] = vector;
1740:Drivers/CMSIS/Include/core_cm3.h **** }
1741:Drivers/CMSIS/Include/core_cm3.h **** 
1742:Drivers/CMSIS/Include/core_cm3.h **** 
1743:Drivers/CMSIS/Include/core_cm3.h **** /**
1744:Drivers/CMSIS/Include/core_cm3.h ****   \brief   Get Interrupt Vector
1745:Drivers/CMSIS/Include/core_cm3.h ****   \details Reads an interrupt vector from interrupt vector table.
1746:Drivers/CMSIS/Include/core_cm3.h ****            The interrupt number can be positive to specify a device specific interrupt,
1747:Drivers/CMSIS/Include/core_cm3.h ****            or negative to specify a processor exception.
1748:Drivers/CMSIS/Include/core_cm3.h ****   \param [in]   IRQn      Interrupt number.
1749:Drivers/CMSIS/Include/core_cm3.h ****   \return                 Address of interrupt handler function
1750:Drivers/CMSIS/Include/core_cm3.h ****  */
1751:Drivers/CMSIS/Include/core_cm3.h **** __STATIC_INLINE uint32_t __NVIC_GetVector(IRQn_Type IRQn)
1752:Drivers/CMSIS/Include/core_cm3.h **** {
1753:Drivers/CMSIS/Include/core_cm3.h ****   uint32_t *vectors = (uint32_t *)SCB->VTOR;
1754:Drivers/CMSIS/Include/core_cm3.h ****   return vectors[(int32_t)IRQn + NVIC_USER_IRQ_OFFSET];
1755:Drivers/CMSIS/Include/core_cm3.h **** }
1756:Drivers/CMSIS/Include/core_cm3.h **** 
1757:Drivers/CMSIS/Include/core_cm3.h **** 
1758:Drivers/CMSIS/Include/core_cm3.h **** /**
1759:Drivers/CMSIS/Include/core_cm3.h ****   \brief   System Reset
1760:Drivers/CMSIS/Include/core_cm3.h ****   \details Initiates a system reset request to reset the MCU.
1761:Drivers/CMSIS/Include/core_cm3.h ****  */
1762:Drivers/CMSIS/Include/core_cm3.h **** __NO_RETURN __STATIC_INLINE void __NVIC_SystemReset(void)
 1763              		.loc 2 1762 34 view .LVU489
 1764              	.LBB45:
1763:Drivers/CMSIS/Include/core_cm3.h **** {
1764:Drivers/CMSIS/Include/core_cm3.h ****   __DSB();                                                          /* Ensure all outstanding memor
 1765              		.loc 2 1764 3 view .LVU490
 1766              	.LBB46:
ARM GAS  C:\Users\airforce\AppData\Local\Temp\ccDyHakX.s 			page 80


 1767              	.LBI46:
 1768              		.file 3 "Drivers/CMSIS/Include/cmsis_gcc.h"
   1:Drivers/CMSIS/Include/cmsis_gcc.h **** /**************************************************************************//**
   2:Drivers/CMSIS/Include/cmsis_gcc.h ****  * @file     cmsis_gcc.h
   3:Drivers/CMSIS/Include/cmsis_gcc.h ****  * @brief    CMSIS compiler GCC header file
   4:Drivers/CMSIS/Include/cmsis_gcc.h ****  * @version  V5.0.4
   5:Drivers/CMSIS/Include/cmsis_gcc.h ****  * @date     09. April 2018
   6:Drivers/CMSIS/Include/cmsis_gcc.h ****  ******************************************************************************/
   7:Drivers/CMSIS/Include/cmsis_gcc.h **** /*
   8:Drivers/CMSIS/Include/cmsis_gcc.h ****  * Copyright (c) 2009-2018 Arm Limited. All rights reserved.
   9:Drivers/CMSIS/Include/cmsis_gcc.h ****  *
  10:Drivers/CMSIS/Include/cmsis_gcc.h ****  * SPDX-License-Identifier: Apache-2.0
  11:Drivers/CMSIS/Include/cmsis_gcc.h ****  *
  12:Drivers/CMSIS/Include/cmsis_gcc.h ****  * Licensed under the Apache License, Version 2.0 (the License); you may
  13:Drivers/CMSIS/Include/cmsis_gcc.h ****  * not use this file except in compliance with the License.
  14:Drivers/CMSIS/Include/cmsis_gcc.h ****  * You may obtain a copy of the License at
  15:Drivers/CMSIS/Include/cmsis_gcc.h ****  *
  16:Drivers/CMSIS/Include/cmsis_gcc.h ****  * www.apache.org/licenses/LICENSE-2.0
  17:Drivers/CMSIS/Include/cmsis_gcc.h ****  *
  18:Drivers/CMSIS/Include/cmsis_gcc.h ****  * Unless required by applicable law or agreed to in writing, software
  19:Drivers/CMSIS/Include/cmsis_gcc.h ****  * distributed under the License is distributed on an AS IS BASIS, WITHOUT
  20:Drivers/CMSIS/Include/cmsis_gcc.h ****  * WARRANTIES OR CONDITIONS OF ANY KIND, either express or implied.
  21:Drivers/CMSIS/Include/cmsis_gcc.h ****  * See the License for the specific language governing permissions and
  22:Drivers/CMSIS/Include/cmsis_gcc.h ****  * limitations under the License.
  23:Drivers/CMSIS/Include/cmsis_gcc.h ****  */
  24:Drivers/CMSIS/Include/cmsis_gcc.h **** 
  25:Drivers/CMSIS/Include/cmsis_gcc.h **** #ifndef __CMSIS_GCC_H
  26:Drivers/CMSIS/Include/cmsis_gcc.h **** #define __CMSIS_GCC_H
  27:Drivers/CMSIS/Include/cmsis_gcc.h **** 
  28:Drivers/CMSIS/Include/cmsis_gcc.h **** /* ignore some GCC warnings */
  29:Drivers/CMSIS/Include/cmsis_gcc.h **** #pragma GCC diagnostic push
  30:Drivers/CMSIS/Include/cmsis_gcc.h **** #pragma GCC diagnostic ignored "-Wsign-conversion"
  31:Drivers/CMSIS/Include/cmsis_gcc.h **** #pragma GCC diagnostic ignored "-Wconversion"
  32:Drivers/CMSIS/Include/cmsis_gcc.h **** #pragma GCC diagnostic ignored "-Wunused-parameter"
  33:Drivers/CMSIS/Include/cmsis_gcc.h **** 
  34:Drivers/CMSIS/Include/cmsis_gcc.h **** /* Fallback for __has_builtin */
  35:Drivers/CMSIS/Include/cmsis_gcc.h **** #ifndef __has_builtin
  36:Drivers/CMSIS/Include/cmsis_gcc.h ****   #define __has_builtin(x) (0)
  37:Drivers/CMSIS/Include/cmsis_gcc.h **** #endif
  38:Drivers/CMSIS/Include/cmsis_gcc.h **** 
  39:Drivers/CMSIS/Include/cmsis_gcc.h **** /* CMSIS compiler specific defines */
  40:Drivers/CMSIS/Include/cmsis_gcc.h **** #ifndef   __ASM
  41:Drivers/CMSIS/Include/cmsis_gcc.h ****   #define __ASM                                  __asm
  42:Drivers/CMSIS/Include/cmsis_gcc.h **** #endif
  43:Drivers/CMSIS/Include/cmsis_gcc.h **** #ifndef   __INLINE
  44:Drivers/CMSIS/Include/cmsis_gcc.h ****   #define __INLINE                               inline
  45:Drivers/CMSIS/Include/cmsis_gcc.h **** #endif
  46:Drivers/CMSIS/Include/cmsis_gcc.h **** #ifndef   __STATIC_INLINE
  47:Drivers/CMSIS/Include/cmsis_gcc.h ****   #define __STATIC_INLINE                        static inline
  48:Drivers/CMSIS/Include/cmsis_gcc.h **** #endif
  49:Drivers/CMSIS/Include/cmsis_gcc.h **** #ifndef   __STATIC_FORCEINLINE                 
  50:Drivers/CMSIS/Include/cmsis_gcc.h ****   #define __STATIC_FORCEINLINE                   __attribute__((always_inline)) static inline
  51:Drivers/CMSIS/Include/cmsis_gcc.h **** #endif                                           
  52:Drivers/CMSIS/Include/cmsis_gcc.h **** #ifndef   __NO_RETURN
  53:Drivers/CMSIS/Include/cmsis_gcc.h ****   #define __NO_RETURN                            __attribute__((__noreturn__))
  54:Drivers/CMSIS/Include/cmsis_gcc.h **** #endif
  55:Drivers/CMSIS/Include/cmsis_gcc.h **** #ifndef   __USED
ARM GAS  C:\Users\airforce\AppData\Local\Temp\ccDyHakX.s 			page 81


  56:Drivers/CMSIS/Include/cmsis_gcc.h ****   #define __USED                                 __attribute__((used))
  57:Drivers/CMSIS/Include/cmsis_gcc.h **** #endif
  58:Drivers/CMSIS/Include/cmsis_gcc.h **** #ifndef   __WEAK
  59:Drivers/CMSIS/Include/cmsis_gcc.h ****   #define __WEAK                                 __attribute__((weak))
  60:Drivers/CMSIS/Include/cmsis_gcc.h **** #endif
  61:Drivers/CMSIS/Include/cmsis_gcc.h **** #ifndef   __PACKED
  62:Drivers/CMSIS/Include/cmsis_gcc.h ****   #define __PACKED                               __attribute__((packed, aligned(1)))
  63:Drivers/CMSIS/Include/cmsis_gcc.h **** #endif
  64:Drivers/CMSIS/Include/cmsis_gcc.h **** #ifndef   __PACKED_STRUCT
  65:Drivers/CMSIS/Include/cmsis_gcc.h ****   #define __PACKED_STRUCT                        struct __attribute__((packed, aligned(1)))
  66:Drivers/CMSIS/Include/cmsis_gcc.h **** #endif
  67:Drivers/CMSIS/Include/cmsis_gcc.h **** #ifndef   __PACKED_UNION
  68:Drivers/CMSIS/Include/cmsis_gcc.h ****   #define __PACKED_UNION                         union __attribute__((packed, aligned(1)))
  69:Drivers/CMSIS/Include/cmsis_gcc.h **** #endif
  70:Drivers/CMSIS/Include/cmsis_gcc.h **** #ifndef   __UNALIGNED_UINT32        /* deprecated */
  71:Drivers/CMSIS/Include/cmsis_gcc.h ****   #pragma GCC diagnostic push
  72:Drivers/CMSIS/Include/cmsis_gcc.h ****   #pragma GCC diagnostic ignored "-Wpacked"
  73:Drivers/CMSIS/Include/cmsis_gcc.h ****   #pragma GCC diagnostic ignored "-Wattributes"
  74:Drivers/CMSIS/Include/cmsis_gcc.h ****   struct __attribute__((packed)) T_UINT32 { uint32_t v; };
  75:Drivers/CMSIS/Include/cmsis_gcc.h ****   #pragma GCC diagnostic pop
  76:Drivers/CMSIS/Include/cmsis_gcc.h ****   #define __UNALIGNED_UINT32(x)                  (((struct T_UINT32 *)(x))->v)
  77:Drivers/CMSIS/Include/cmsis_gcc.h **** #endif
  78:Drivers/CMSIS/Include/cmsis_gcc.h **** #ifndef   __UNALIGNED_UINT16_WRITE
  79:Drivers/CMSIS/Include/cmsis_gcc.h ****   #pragma GCC diagnostic push
  80:Drivers/CMSIS/Include/cmsis_gcc.h ****   #pragma GCC diagnostic ignored "-Wpacked"
  81:Drivers/CMSIS/Include/cmsis_gcc.h ****   #pragma GCC diagnostic ignored "-Wattributes"
  82:Drivers/CMSIS/Include/cmsis_gcc.h ****   __PACKED_STRUCT T_UINT16_WRITE { uint16_t v; };
  83:Drivers/CMSIS/Include/cmsis_gcc.h ****   #pragma GCC diagnostic pop
  84:Drivers/CMSIS/Include/cmsis_gcc.h ****   #define __UNALIGNED_UINT16_WRITE(addr, val)    (void)((((struct T_UINT16_WRITE *)(void *)(addr))-
  85:Drivers/CMSIS/Include/cmsis_gcc.h **** #endif
  86:Drivers/CMSIS/Include/cmsis_gcc.h **** #ifndef   __UNALIGNED_UINT16_READ
  87:Drivers/CMSIS/Include/cmsis_gcc.h ****   #pragma GCC diagnostic push
  88:Drivers/CMSIS/Include/cmsis_gcc.h ****   #pragma GCC diagnostic ignored "-Wpacked"
  89:Drivers/CMSIS/Include/cmsis_gcc.h ****   #pragma GCC diagnostic ignored "-Wattributes"
  90:Drivers/CMSIS/Include/cmsis_gcc.h ****   __PACKED_STRUCT T_UINT16_READ { uint16_t v; };
  91:Drivers/CMSIS/Include/cmsis_gcc.h ****   #pragma GCC diagnostic pop
  92:Drivers/CMSIS/Include/cmsis_gcc.h ****   #define __UNALIGNED_UINT16_READ(addr)          (((const struct T_UINT16_READ *)(const void *)(add
  93:Drivers/CMSIS/Include/cmsis_gcc.h **** #endif
  94:Drivers/CMSIS/Include/cmsis_gcc.h **** #ifndef   __UNALIGNED_UINT32_WRITE
  95:Drivers/CMSIS/Include/cmsis_gcc.h ****   #pragma GCC diagnostic push
  96:Drivers/CMSIS/Include/cmsis_gcc.h ****   #pragma GCC diagnostic ignored "-Wpacked"
  97:Drivers/CMSIS/Include/cmsis_gcc.h ****   #pragma GCC diagnostic ignored "-Wattributes"
  98:Drivers/CMSIS/Include/cmsis_gcc.h ****   __PACKED_STRUCT T_UINT32_WRITE { uint32_t v; };
  99:Drivers/CMSIS/Include/cmsis_gcc.h ****   #pragma GCC diagnostic pop
 100:Drivers/CMSIS/Include/cmsis_gcc.h ****   #define __UNALIGNED_UINT32_WRITE(addr, val)    (void)((((struct T_UINT32_WRITE *)(void *)(addr))-
 101:Drivers/CMSIS/Include/cmsis_gcc.h **** #endif
 102:Drivers/CMSIS/Include/cmsis_gcc.h **** #ifndef   __UNALIGNED_UINT32_READ
 103:Drivers/CMSIS/Include/cmsis_gcc.h ****   #pragma GCC diagnostic push
 104:Drivers/CMSIS/Include/cmsis_gcc.h ****   #pragma GCC diagnostic ignored "-Wpacked"
 105:Drivers/CMSIS/Include/cmsis_gcc.h ****   #pragma GCC diagnostic ignored "-Wattributes"
 106:Drivers/CMSIS/Include/cmsis_gcc.h ****   __PACKED_STRUCT T_UINT32_READ { uint32_t v; };
 107:Drivers/CMSIS/Include/cmsis_gcc.h ****   #pragma GCC diagnostic pop
 108:Drivers/CMSIS/Include/cmsis_gcc.h ****   #define __UNALIGNED_UINT32_READ(addr)          (((const struct T_UINT32_READ *)(const void *)(add
 109:Drivers/CMSIS/Include/cmsis_gcc.h **** #endif
 110:Drivers/CMSIS/Include/cmsis_gcc.h **** #ifndef   __ALIGNED
 111:Drivers/CMSIS/Include/cmsis_gcc.h ****   #define __ALIGNED(x)                           __attribute__((aligned(x)))
 112:Drivers/CMSIS/Include/cmsis_gcc.h **** #endif
ARM GAS  C:\Users\airforce\AppData\Local\Temp\ccDyHakX.s 			page 82


 113:Drivers/CMSIS/Include/cmsis_gcc.h **** #ifndef   __RESTRICT
 114:Drivers/CMSIS/Include/cmsis_gcc.h ****   #define __RESTRICT                             __restrict
 115:Drivers/CMSIS/Include/cmsis_gcc.h **** #endif
 116:Drivers/CMSIS/Include/cmsis_gcc.h **** 
 117:Drivers/CMSIS/Include/cmsis_gcc.h **** 
 118:Drivers/CMSIS/Include/cmsis_gcc.h **** /* ###########################  Core Function Access  ########################### */
 119:Drivers/CMSIS/Include/cmsis_gcc.h **** /** \ingroup  CMSIS_Core_FunctionInterface
 120:Drivers/CMSIS/Include/cmsis_gcc.h ****     \defgroup CMSIS_Core_RegAccFunctions CMSIS Core Register Access Functions
 121:Drivers/CMSIS/Include/cmsis_gcc.h ****   @{
 122:Drivers/CMSIS/Include/cmsis_gcc.h ****  */
 123:Drivers/CMSIS/Include/cmsis_gcc.h **** 
 124:Drivers/CMSIS/Include/cmsis_gcc.h **** /**
 125:Drivers/CMSIS/Include/cmsis_gcc.h ****   \brief   Enable IRQ Interrupts
 126:Drivers/CMSIS/Include/cmsis_gcc.h ****   \details Enables IRQ interrupts by clearing the I-bit in the CPSR.
 127:Drivers/CMSIS/Include/cmsis_gcc.h ****            Can only be executed in Privileged modes.
 128:Drivers/CMSIS/Include/cmsis_gcc.h ****  */
 129:Drivers/CMSIS/Include/cmsis_gcc.h **** __STATIC_FORCEINLINE void __enable_irq(void)
 130:Drivers/CMSIS/Include/cmsis_gcc.h **** {
 131:Drivers/CMSIS/Include/cmsis_gcc.h ****   __ASM volatile ("cpsie i" : : : "memory");
 132:Drivers/CMSIS/Include/cmsis_gcc.h **** }
 133:Drivers/CMSIS/Include/cmsis_gcc.h **** 
 134:Drivers/CMSIS/Include/cmsis_gcc.h **** 
 135:Drivers/CMSIS/Include/cmsis_gcc.h **** /**
 136:Drivers/CMSIS/Include/cmsis_gcc.h ****   \brief   Disable IRQ Interrupts
 137:Drivers/CMSIS/Include/cmsis_gcc.h ****   \details Disables IRQ interrupts by setting the I-bit in the CPSR.
 138:Drivers/CMSIS/Include/cmsis_gcc.h ****            Can only be executed in Privileged modes.
 139:Drivers/CMSIS/Include/cmsis_gcc.h ****  */
 140:Drivers/CMSIS/Include/cmsis_gcc.h **** __STATIC_FORCEINLINE void __disable_irq(void)
 141:Drivers/CMSIS/Include/cmsis_gcc.h **** {
 142:Drivers/CMSIS/Include/cmsis_gcc.h ****   __ASM volatile ("cpsid i" : : : "memory");
 143:Drivers/CMSIS/Include/cmsis_gcc.h **** }
 144:Drivers/CMSIS/Include/cmsis_gcc.h **** 
 145:Drivers/CMSIS/Include/cmsis_gcc.h **** 
 146:Drivers/CMSIS/Include/cmsis_gcc.h **** /**
 147:Drivers/CMSIS/Include/cmsis_gcc.h ****   \brief   Get Control Register
 148:Drivers/CMSIS/Include/cmsis_gcc.h ****   \details Returns the content of the Control Register.
 149:Drivers/CMSIS/Include/cmsis_gcc.h ****   \return               Control Register value
 150:Drivers/CMSIS/Include/cmsis_gcc.h ****  */
 151:Drivers/CMSIS/Include/cmsis_gcc.h **** __STATIC_FORCEINLINE uint32_t __get_CONTROL(void)
 152:Drivers/CMSIS/Include/cmsis_gcc.h **** {
 153:Drivers/CMSIS/Include/cmsis_gcc.h ****   uint32_t result;
 154:Drivers/CMSIS/Include/cmsis_gcc.h **** 
 155:Drivers/CMSIS/Include/cmsis_gcc.h ****   __ASM volatile ("MRS %0, control" : "=r" (result) );
 156:Drivers/CMSIS/Include/cmsis_gcc.h ****   return(result);
 157:Drivers/CMSIS/Include/cmsis_gcc.h **** }
 158:Drivers/CMSIS/Include/cmsis_gcc.h **** 
 159:Drivers/CMSIS/Include/cmsis_gcc.h **** 
 160:Drivers/CMSIS/Include/cmsis_gcc.h **** #if (defined (__ARM_FEATURE_CMSE ) && (__ARM_FEATURE_CMSE == 3))
 161:Drivers/CMSIS/Include/cmsis_gcc.h **** /**
 162:Drivers/CMSIS/Include/cmsis_gcc.h ****   \brief   Get Control Register (non-secure)
 163:Drivers/CMSIS/Include/cmsis_gcc.h ****   \details Returns the content of the non-secure Control Register when in secure mode.
 164:Drivers/CMSIS/Include/cmsis_gcc.h ****   \return               non-secure Control Register value
 165:Drivers/CMSIS/Include/cmsis_gcc.h ****  */
 166:Drivers/CMSIS/Include/cmsis_gcc.h **** __STATIC_FORCEINLINE uint32_t __TZ_get_CONTROL_NS(void)
 167:Drivers/CMSIS/Include/cmsis_gcc.h **** {
 168:Drivers/CMSIS/Include/cmsis_gcc.h ****   uint32_t result;
 169:Drivers/CMSIS/Include/cmsis_gcc.h **** 
ARM GAS  C:\Users\airforce\AppData\Local\Temp\ccDyHakX.s 			page 83


 170:Drivers/CMSIS/Include/cmsis_gcc.h ****   __ASM volatile ("MRS %0, control_ns" : "=r" (result) );
 171:Drivers/CMSIS/Include/cmsis_gcc.h ****   return(result);
 172:Drivers/CMSIS/Include/cmsis_gcc.h **** }
 173:Drivers/CMSIS/Include/cmsis_gcc.h **** #endif
 174:Drivers/CMSIS/Include/cmsis_gcc.h **** 
 175:Drivers/CMSIS/Include/cmsis_gcc.h **** 
 176:Drivers/CMSIS/Include/cmsis_gcc.h **** /**
 177:Drivers/CMSIS/Include/cmsis_gcc.h ****   \brief   Set Control Register
 178:Drivers/CMSIS/Include/cmsis_gcc.h ****   \details Writes the given value to the Control Register.
 179:Drivers/CMSIS/Include/cmsis_gcc.h ****   \param [in]    control  Control Register value to set
 180:Drivers/CMSIS/Include/cmsis_gcc.h ****  */
 181:Drivers/CMSIS/Include/cmsis_gcc.h **** __STATIC_FORCEINLINE void __set_CONTROL(uint32_t control)
 182:Drivers/CMSIS/Include/cmsis_gcc.h **** {
 183:Drivers/CMSIS/Include/cmsis_gcc.h ****   __ASM volatile ("MSR control, %0" : : "r" (control) : "memory");
 184:Drivers/CMSIS/Include/cmsis_gcc.h **** }
 185:Drivers/CMSIS/Include/cmsis_gcc.h **** 
 186:Drivers/CMSIS/Include/cmsis_gcc.h **** 
 187:Drivers/CMSIS/Include/cmsis_gcc.h **** #if (defined (__ARM_FEATURE_CMSE ) && (__ARM_FEATURE_CMSE == 3))
 188:Drivers/CMSIS/Include/cmsis_gcc.h **** /**
 189:Drivers/CMSIS/Include/cmsis_gcc.h ****   \brief   Set Control Register (non-secure)
 190:Drivers/CMSIS/Include/cmsis_gcc.h ****   \details Writes the given value to the non-secure Control Register when in secure state.
 191:Drivers/CMSIS/Include/cmsis_gcc.h ****   \param [in]    control  Control Register value to set
 192:Drivers/CMSIS/Include/cmsis_gcc.h ****  */
 193:Drivers/CMSIS/Include/cmsis_gcc.h **** __STATIC_FORCEINLINE void __TZ_set_CONTROL_NS(uint32_t control)
 194:Drivers/CMSIS/Include/cmsis_gcc.h **** {
 195:Drivers/CMSIS/Include/cmsis_gcc.h ****   __ASM volatile ("MSR control_ns, %0" : : "r" (control) : "memory");
 196:Drivers/CMSIS/Include/cmsis_gcc.h **** }
 197:Drivers/CMSIS/Include/cmsis_gcc.h **** #endif
 198:Drivers/CMSIS/Include/cmsis_gcc.h **** 
 199:Drivers/CMSIS/Include/cmsis_gcc.h **** 
 200:Drivers/CMSIS/Include/cmsis_gcc.h **** /**
 201:Drivers/CMSIS/Include/cmsis_gcc.h ****   \brief   Get IPSR Register
 202:Drivers/CMSIS/Include/cmsis_gcc.h ****   \details Returns the content of the IPSR Register.
 203:Drivers/CMSIS/Include/cmsis_gcc.h ****   \return               IPSR Register value
 204:Drivers/CMSIS/Include/cmsis_gcc.h ****  */
 205:Drivers/CMSIS/Include/cmsis_gcc.h **** __STATIC_FORCEINLINE uint32_t __get_IPSR(void)
 206:Drivers/CMSIS/Include/cmsis_gcc.h **** {
 207:Drivers/CMSIS/Include/cmsis_gcc.h ****   uint32_t result;
 208:Drivers/CMSIS/Include/cmsis_gcc.h **** 
 209:Drivers/CMSIS/Include/cmsis_gcc.h ****   __ASM volatile ("MRS %0, ipsr" : "=r" (result) );
 210:Drivers/CMSIS/Include/cmsis_gcc.h ****   return(result);
 211:Drivers/CMSIS/Include/cmsis_gcc.h **** }
 212:Drivers/CMSIS/Include/cmsis_gcc.h **** 
 213:Drivers/CMSIS/Include/cmsis_gcc.h **** 
 214:Drivers/CMSIS/Include/cmsis_gcc.h **** /**
 215:Drivers/CMSIS/Include/cmsis_gcc.h ****   \brief   Get APSR Register
 216:Drivers/CMSIS/Include/cmsis_gcc.h ****   \details Returns the content of the APSR Register.
 217:Drivers/CMSIS/Include/cmsis_gcc.h ****   \return               APSR Register value
 218:Drivers/CMSIS/Include/cmsis_gcc.h ****  */
 219:Drivers/CMSIS/Include/cmsis_gcc.h **** __STATIC_FORCEINLINE uint32_t __get_APSR(void)
 220:Drivers/CMSIS/Include/cmsis_gcc.h **** {
 221:Drivers/CMSIS/Include/cmsis_gcc.h ****   uint32_t result;
 222:Drivers/CMSIS/Include/cmsis_gcc.h **** 
 223:Drivers/CMSIS/Include/cmsis_gcc.h ****   __ASM volatile ("MRS %0, apsr" : "=r" (result) );
 224:Drivers/CMSIS/Include/cmsis_gcc.h ****   return(result);
 225:Drivers/CMSIS/Include/cmsis_gcc.h **** }
 226:Drivers/CMSIS/Include/cmsis_gcc.h **** 
ARM GAS  C:\Users\airforce\AppData\Local\Temp\ccDyHakX.s 			page 84


 227:Drivers/CMSIS/Include/cmsis_gcc.h **** 
 228:Drivers/CMSIS/Include/cmsis_gcc.h **** /**
 229:Drivers/CMSIS/Include/cmsis_gcc.h ****   \brief   Get xPSR Register
 230:Drivers/CMSIS/Include/cmsis_gcc.h ****   \details Returns the content of the xPSR Register.
 231:Drivers/CMSIS/Include/cmsis_gcc.h ****   \return               xPSR Register value
 232:Drivers/CMSIS/Include/cmsis_gcc.h ****  */
 233:Drivers/CMSIS/Include/cmsis_gcc.h **** __STATIC_FORCEINLINE uint32_t __get_xPSR(void)
 234:Drivers/CMSIS/Include/cmsis_gcc.h **** {
 235:Drivers/CMSIS/Include/cmsis_gcc.h ****   uint32_t result;
 236:Drivers/CMSIS/Include/cmsis_gcc.h **** 
 237:Drivers/CMSIS/Include/cmsis_gcc.h ****   __ASM volatile ("MRS %0, xpsr" : "=r" (result) );
 238:Drivers/CMSIS/Include/cmsis_gcc.h ****   return(result);
 239:Drivers/CMSIS/Include/cmsis_gcc.h **** }
 240:Drivers/CMSIS/Include/cmsis_gcc.h **** 
 241:Drivers/CMSIS/Include/cmsis_gcc.h **** 
 242:Drivers/CMSIS/Include/cmsis_gcc.h **** /**
 243:Drivers/CMSIS/Include/cmsis_gcc.h ****   \brief   Get Process Stack Pointer
 244:Drivers/CMSIS/Include/cmsis_gcc.h ****   \details Returns the current value of the Process Stack Pointer (PSP).
 245:Drivers/CMSIS/Include/cmsis_gcc.h ****   \return               PSP Register value
 246:Drivers/CMSIS/Include/cmsis_gcc.h ****  */
 247:Drivers/CMSIS/Include/cmsis_gcc.h **** __STATIC_FORCEINLINE uint32_t __get_PSP(void)
 248:Drivers/CMSIS/Include/cmsis_gcc.h **** {
 249:Drivers/CMSIS/Include/cmsis_gcc.h ****   uint32_t result;
 250:Drivers/CMSIS/Include/cmsis_gcc.h **** 
 251:Drivers/CMSIS/Include/cmsis_gcc.h ****   __ASM volatile ("MRS %0, psp"  : "=r" (result) );
 252:Drivers/CMSIS/Include/cmsis_gcc.h ****   return(result);
 253:Drivers/CMSIS/Include/cmsis_gcc.h **** }
 254:Drivers/CMSIS/Include/cmsis_gcc.h **** 
 255:Drivers/CMSIS/Include/cmsis_gcc.h **** 
 256:Drivers/CMSIS/Include/cmsis_gcc.h **** #if (defined (__ARM_FEATURE_CMSE ) && (__ARM_FEATURE_CMSE == 3))
 257:Drivers/CMSIS/Include/cmsis_gcc.h **** /**
 258:Drivers/CMSIS/Include/cmsis_gcc.h ****   \brief   Get Process Stack Pointer (non-secure)
 259:Drivers/CMSIS/Include/cmsis_gcc.h ****   \details Returns the current value of the non-secure Process Stack Pointer (PSP) when in secure s
 260:Drivers/CMSIS/Include/cmsis_gcc.h ****   \return               PSP Register value
 261:Drivers/CMSIS/Include/cmsis_gcc.h ****  */
 262:Drivers/CMSIS/Include/cmsis_gcc.h **** __STATIC_FORCEINLINE uint32_t __TZ_get_PSP_NS(void)
 263:Drivers/CMSIS/Include/cmsis_gcc.h **** {
 264:Drivers/CMSIS/Include/cmsis_gcc.h ****   uint32_t result;
 265:Drivers/CMSIS/Include/cmsis_gcc.h **** 
 266:Drivers/CMSIS/Include/cmsis_gcc.h ****   __ASM volatile ("MRS %0, psp_ns"  : "=r" (result) );
 267:Drivers/CMSIS/Include/cmsis_gcc.h ****   return(result);
 268:Drivers/CMSIS/Include/cmsis_gcc.h **** }
 269:Drivers/CMSIS/Include/cmsis_gcc.h **** #endif
 270:Drivers/CMSIS/Include/cmsis_gcc.h **** 
 271:Drivers/CMSIS/Include/cmsis_gcc.h **** 
 272:Drivers/CMSIS/Include/cmsis_gcc.h **** /**
 273:Drivers/CMSIS/Include/cmsis_gcc.h ****   \brief   Set Process Stack Pointer
 274:Drivers/CMSIS/Include/cmsis_gcc.h ****   \details Assigns the given value to the Process Stack Pointer (PSP).
 275:Drivers/CMSIS/Include/cmsis_gcc.h ****   \param [in]    topOfProcStack  Process Stack Pointer value to set
 276:Drivers/CMSIS/Include/cmsis_gcc.h ****  */
 277:Drivers/CMSIS/Include/cmsis_gcc.h **** __STATIC_FORCEINLINE void __set_PSP(uint32_t topOfProcStack)
 278:Drivers/CMSIS/Include/cmsis_gcc.h **** {
 279:Drivers/CMSIS/Include/cmsis_gcc.h ****   __ASM volatile ("MSR psp, %0" : : "r" (topOfProcStack) : );
 280:Drivers/CMSIS/Include/cmsis_gcc.h **** }
 281:Drivers/CMSIS/Include/cmsis_gcc.h **** 
 282:Drivers/CMSIS/Include/cmsis_gcc.h **** 
 283:Drivers/CMSIS/Include/cmsis_gcc.h **** #if (defined (__ARM_FEATURE_CMSE ) && (__ARM_FEATURE_CMSE == 3))
ARM GAS  C:\Users\airforce\AppData\Local\Temp\ccDyHakX.s 			page 85


 284:Drivers/CMSIS/Include/cmsis_gcc.h **** /**
 285:Drivers/CMSIS/Include/cmsis_gcc.h ****   \brief   Set Process Stack Pointer (non-secure)
 286:Drivers/CMSIS/Include/cmsis_gcc.h ****   \details Assigns the given value to the non-secure Process Stack Pointer (PSP) when in secure sta
 287:Drivers/CMSIS/Include/cmsis_gcc.h ****   \param [in]    topOfProcStack  Process Stack Pointer value to set
 288:Drivers/CMSIS/Include/cmsis_gcc.h ****  */
 289:Drivers/CMSIS/Include/cmsis_gcc.h **** __STATIC_FORCEINLINE void __TZ_set_PSP_NS(uint32_t topOfProcStack)
 290:Drivers/CMSIS/Include/cmsis_gcc.h **** {
 291:Drivers/CMSIS/Include/cmsis_gcc.h ****   __ASM volatile ("MSR psp_ns, %0" : : "r" (topOfProcStack) : );
 292:Drivers/CMSIS/Include/cmsis_gcc.h **** }
 293:Drivers/CMSIS/Include/cmsis_gcc.h **** #endif
 294:Drivers/CMSIS/Include/cmsis_gcc.h **** 
 295:Drivers/CMSIS/Include/cmsis_gcc.h **** 
 296:Drivers/CMSIS/Include/cmsis_gcc.h **** /**
 297:Drivers/CMSIS/Include/cmsis_gcc.h ****   \brief   Get Main Stack Pointer
 298:Drivers/CMSIS/Include/cmsis_gcc.h ****   \details Returns the current value of the Main Stack Pointer (MSP).
 299:Drivers/CMSIS/Include/cmsis_gcc.h ****   \return               MSP Register value
 300:Drivers/CMSIS/Include/cmsis_gcc.h ****  */
 301:Drivers/CMSIS/Include/cmsis_gcc.h **** __STATIC_FORCEINLINE uint32_t __get_MSP(void)
 302:Drivers/CMSIS/Include/cmsis_gcc.h **** {
 303:Drivers/CMSIS/Include/cmsis_gcc.h ****   uint32_t result;
 304:Drivers/CMSIS/Include/cmsis_gcc.h **** 
 305:Drivers/CMSIS/Include/cmsis_gcc.h ****   __ASM volatile ("MRS %0, msp" : "=r" (result) );
 306:Drivers/CMSIS/Include/cmsis_gcc.h ****   return(result);
 307:Drivers/CMSIS/Include/cmsis_gcc.h **** }
 308:Drivers/CMSIS/Include/cmsis_gcc.h **** 
 309:Drivers/CMSIS/Include/cmsis_gcc.h **** 
 310:Drivers/CMSIS/Include/cmsis_gcc.h **** #if (defined (__ARM_FEATURE_CMSE ) && (__ARM_FEATURE_CMSE == 3))
 311:Drivers/CMSIS/Include/cmsis_gcc.h **** /**
 312:Drivers/CMSIS/Include/cmsis_gcc.h ****   \brief   Get Main Stack Pointer (non-secure)
 313:Drivers/CMSIS/Include/cmsis_gcc.h ****   \details Returns the current value of the non-secure Main Stack Pointer (MSP) when in secure stat
 314:Drivers/CMSIS/Include/cmsis_gcc.h ****   \return               MSP Register value
 315:Drivers/CMSIS/Include/cmsis_gcc.h ****  */
 316:Drivers/CMSIS/Include/cmsis_gcc.h **** __STATIC_FORCEINLINE uint32_t __TZ_get_MSP_NS(void)
 317:Drivers/CMSIS/Include/cmsis_gcc.h **** {
 318:Drivers/CMSIS/Include/cmsis_gcc.h ****   uint32_t result;
 319:Drivers/CMSIS/Include/cmsis_gcc.h **** 
 320:Drivers/CMSIS/Include/cmsis_gcc.h ****   __ASM volatile ("MRS %0, msp_ns" : "=r" (result) );
 321:Drivers/CMSIS/Include/cmsis_gcc.h ****   return(result);
 322:Drivers/CMSIS/Include/cmsis_gcc.h **** }
 323:Drivers/CMSIS/Include/cmsis_gcc.h **** #endif
 324:Drivers/CMSIS/Include/cmsis_gcc.h **** 
 325:Drivers/CMSIS/Include/cmsis_gcc.h **** 
 326:Drivers/CMSIS/Include/cmsis_gcc.h **** /**
 327:Drivers/CMSIS/Include/cmsis_gcc.h ****   \brief   Set Main Stack Pointer
 328:Drivers/CMSIS/Include/cmsis_gcc.h ****   \details Assigns the given value to the Main Stack Pointer (MSP).
 329:Drivers/CMSIS/Include/cmsis_gcc.h ****   \param [in]    topOfMainStack  Main Stack Pointer value to set
 330:Drivers/CMSIS/Include/cmsis_gcc.h ****  */
 331:Drivers/CMSIS/Include/cmsis_gcc.h **** __STATIC_FORCEINLINE void __set_MSP(uint32_t topOfMainStack)
 332:Drivers/CMSIS/Include/cmsis_gcc.h **** {
 333:Drivers/CMSIS/Include/cmsis_gcc.h ****   __ASM volatile ("MSR msp, %0" : : "r" (topOfMainStack) : );
 334:Drivers/CMSIS/Include/cmsis_gcc.h **** }
 335:Drivers/CMSIS/Include/cmsis_gcc.h **** 
 336:Drivers/CMSIS/Include/cmsis_gcc.h **** 
 337:Drivers/CMSIS/Include/cmsis_gcc.h **** #if (defined (__ARM_FEATURE_CMSE ) && (__ARM_FEATURE_CMSE == 3))
 338:Drivers/CMSIS/Include/cmsis_gcc.h **** /**
 339:Drivers/CMSIS/Include/cmsis_gcc.h ****   \brief   Set Main Stack Pointer (non-secure)
 340:Drivers/CMSIS/Include/cmsis_gcc.h ****   \details Assigns the given value to the non-secure Main Stack Pointer (MSP) when in secure state.
ARM GAS  C:\Users\airforce\AppData\Local\Temp\ccDyHakX.s 			page 86


 341:Drivers/CMSIS/Include/cmsis_gcc.h ****   \param [in]    topOfMainStack  Main Stack Pointer value to set
 342:Drivers/CMSIS/Include/cmsis_gcc.h ****  */
 343:Drivers/CMSIS/Include/cmsis_gcc.h **** __STATIC_FORCEINLINE void __TZ_set_MSP_NS(uint32_t topOfMainStack)
 344:Drivers/CMSIS/Include/cmsis_gcc.h **** {
 345:Drivers/CMSIS/Include/cmsis_gcc.h ****   __ASM volatile ("MSR msp_ns, %0" : : "r" (topOfMainStack) : );
 346:Drivers/CMSIS/Include/cmsis_gcc.h **** }
 347:Drivers/CMSIS/Include/cmsis_gcc.h **** #endif
 348:Drivers/CMSIS/Include/cmsis_gcc.h **** 
 349:Drivers/CMSIS/Include/cmsis_gcc.h **** 
 350:Drivers/CMSIS/Include/cmsis_gcc.h **** #if (defined (__ARM_FEATURE_CMSE ) && (__ARM_FEATURE_CMSE == 3))
 351:Drivers/CMSIS/Include/cmsis_gcc.h **** /**
 352:Drivers/CMSIS/Include/cmsis_gcc.h ****   \brief   Get Stack Pointer (non-secure)
 353:Drivers/CMSIS/Include/cmsis_gcc.h ****   \details Returns the current value of the non-secure Stack Pointer (SP) when in secure state.
 354:Drivers/CMSIS/Include/cmsis_gcc.h ****   \return               SP Register value
 355:Drivers/CMSIS/Include/cmsis_gcc.h ****  */
 356:Drivers/CMSIS/Include/cmsis_gcc.h **** __STATIC_FORCEINLINE uint32_t __TZ_get_SP_NS(void)
 357:Drivers/CMSIS/Include/cmsis_gcc.h **** {
 358:Drivers/CMSIS/Include/cmsis_gcc.h ****   uint32_t result;
 359:Drivers/CMSIS/Include/cmsis_gcc.h **** 
 360:Drivers/CMSIS/Include/cmsis_gcc.h ****   __ASM volatile ("MRS %0, sp_ns" : "=r" (result) );
 361:Drivers/CMSIS/Include/cmsis_gcc.h ****   return(result);
 362:Drivers/CMSIS/Include/cmsis_gcc.h **** }
 363:Drivers/CMSIS/Include/cmsis_gcc.h **** 
 364:Drivers/CMSIS/Include/cmsis_gcc.h **** 
 365:Drivers/CMSIS/Include/cmsis_gcc.h **** /**
 366:Drivers/CMSIS/Include/cmsis_gcc.h ****   \brief   Set Stack Pointer (non-secure)
 367:Drivers/CMSIS/Include/cmsis_gcc.h ****   \details Assigns the given value to the non-secure Stack Pointer (SP) when in secure state.
 368:Drivers/CMSIS/Include/cmsis_gcc.h ****   \param [in]    topOfStack  Stack Pointer value to set
 369:Drivers/CMSIS/Include/cmsis_gcc.h ****  */
 370:Drivers/CMSIS/Include/cmsis_gcc.h **** __STATIC_FORCEINLINE void __TZ_set_SP_NS(uint32_t topOfStack)
 371:Drivers/CMSIS/Include/cmsis_gcc.h **** {
 372:Drivers/CMSIS/Include/cmsis_gcc.h ****   __ASM volatile ("MSR sp_ns, %0" : : "r" (topOfStack) : );
 373:Drivers/CMSIS/Include/cmsis_gcc.h **** }
 374:Drivers/CMSIS/Include/cmsis_gcc.h **** #endif
 375:Drivers/CMSIS/Include/cmsis_gcc.h **** 
 376:Drivers/CMSIS/Include/cmsis_gcc.h **** 
 377:Drivers/CMSIS/Include/cmsis_gcc.h **** /**
 378:Drivers/CMSIS/Include/cmsis_gcc.h ****   \brief   Get Priority Mask
 379:Drivers/CMSIS/Include/cmsis_gcc.h ****   \details Returns the current state of the priority mask bit from the Priority Mask Register.
 380:Drivers/CMSIS/Include/cmsis_gcc.h ****   \return               Priority Mask value
 381:Drivers/CMSIS/Include/cmsis_gcc.h ****  */
 382:Drivers/CMSIS/Include/cmsis_gcc.h **** __STATIC_FORCEINLINE uint32_t __get_PRIMASK(void)
 383:Drivers/CMSIS/Include/cmsis_gcc.h **** {
 384:Drivers/CMSIS/Include/cmsis_gcc.h ****   uint32_t result;
 385:Drivers/CMSIS/Include/cmsis_gcc.h **** 
 386:Drivers/CMSIS/Include/cmsis_gcc.h ****   __ASM volatile ("MRS %0, primask" : "=r" (result) :: "memory");
 387:Drivers/CMSIS/Include/cmsis_gcc.h ****   return(result);
 388:Drivers/CMSIS/Include/cmsis_gcc.h **** }
 389:Drivers/CMSIS/Include/cmsis_gcc.h **** 
 390:Drivers/CMSIS/Include/cmsis_gcc.h **** 
 391:Drivers/CMSIS/Include/cmsis_gcc.h **** #if (defined (__ARM_FEATURE_CMSE ) && (__ARM_FEATURE_CMSE == 3))
 392:Drivers/CMSIS/Include/cmsis_gcc.h **** /**
 393:Drivers/CMSIS/Include/cmsis_gcc.h ****   \brief   Get Priority Mask (non-secure)
 394:Drivers/CMSIS/Include/cmsis_gcc.h ****   \details Returns the current state of the non-secure priority mask bit from the Priority Mask Reg
 395:Drivers/CMSIS/Include/cmsis_gcc.h ****   \return               Priority Mask value
 396:Drivers/CMSIS/Include/cmsis_gcc.h ****  */
 397:Drivers/CMSIS/Include/cmsis_gcc.h **** __STATIC_FORCEINLINE uint32_t __TZ_get_PRIMASK_NS(void)
ARM GAS  C:\Users\airforce\AppData\Local\Temp\ccDyHakX.s 			page 87


 398:Drivers/CMSIS/Include/cmsis_gcc.h **** {
 399:Drivers/CMSIS/Include/cmsis_gcc.h ****   uint32_t result;
 400:Drivers/CMSIS/Include/cmsis_gcc.h **** 
 401:Drivers/CMSIS/Include/cmsis_gcc.h ****   __ASM volatile ("MRS %0, primask_ns" : "=r" (result) :: "memory");
 402:Drivers/CMSIS/Include/cmsis_gcc.h ****   return(result);
 403:Drivers/CMSIS/Include/cmsis_gcc.h **** }
 404:Drivers/CMSIS/Include/cmsis_gcc.h **** #endif
 405:Drivers/CMSIS/Include/cmsis_gcc.h **** 
 406:Drivers/CMSIS/Include/cmsis_gcc.h **** 
 407:Drivers/CMSIS/Include/cmsis_gcc.h **** /**
 408:Drivers/CMSIS/Include/cmsis_gcc.h ****   \brief   Set Priority Mask
 409:Drivers/CMSIS/Include/cmsis_gcc.h ****   \details Assigns the given value to the Priority Mask Register.
 410:Drivers/CMSIS/Include/cmsis_gcc.h ****   \param [in]    priMask  Priority Mask
 411:Drivers/CMSIS/Include/cmsis_gcc.h ****  */
 412:Drivers/CMSIS/Include/cmsis_gcc.h **** __STATIC_FORCEINLINE void __set_PRIMASK(uint32_t priMask)
 413:Drivers/CMSIS/Include/cmsis_gcc.h **** {
 414:Drivers/CMSIS/Include/cmsis_gcc.h ****   __ASM volatile ("MSR primask, %0" : : "r" (priMask) : "memory");
 415:Drivers/CMSIS/Include/cmsis_gcc.h **** }
 416:Drivers/CMSIS/Include/cmsis_gcc.h **** 
 417:Drivers/CMSIS/Include/cmsis_gcc.h **** 
 418:Drivers/CMSIS/Include/cmsis_gcc.h **** #if (defined (__ARM_FEATURE_CMSE ) && (__ARM_FEATURE_CMSE == 3))
 419:Drivers/CMSIS/Include/cmsis_gcc.h **** /**
 420:Drivers/CMSIS/Include/cmsis_gcc.h ****   \brief   Set Priority Mask (non-secure)
 421:Drivers/CMSIS/Include/cmsis_gcc.h ****   \details Assigns the given value to the non-secure Priority Mask Register when in secure state.
 422:Drivers/CMSIS/Include/cmsis_gcc.h ****   \param [in]    priMask  Priority Mask
 423:Drivers/CMSIS/Include/cmsis_gcc.h ****  */
 424:Drivers/CMSIS/Include/cmsis_gcc.h **** __STATIC_FORCEINLINE void __TZ_set_PRIMASK_NS(uint32_t priMask)
 425:Drivers/CMSIS/Include/cmsis_gcc.h **** {
 426:Drivers/CMSIS/Include/cmsis_gcc.h ****   __ASM volatile ("MSR primask_ns, %0" : : "r" (priMask) : "memory");
 427:Drivers/CMSIS/Include/cmsis_gcc.h **** }
 428:Drivers/CMSIS/Include/cmsis_gcc.h **** #endif
 429:Drivers/CMSIS/Include/cmsis_gcc.h **** 
 430:Drivers/CMSIS/Include/cmsis_gcc.h **** 
 431:Drivers/CMSIS/Include/cmsis_gcc.h **** #if ((defined (__ARM_ARCH_7M__      ) && (__ARM_ARCH_7M__      == 1)) || \
 432:Drivers/CMSIS/Include/cmsis_gcc.h ****      (defined (__ARM_ARCH_7EM__     ) && (__ARM_ARCH_7EM__     == 1)) || \
 433:Drivers/CMSIS/Include/cmsis_gcc.h ****      (defined (__ARM_ARCH_8M_MAIN__ ) && (__ARM_ARCH_8M_MAIN__ == 1))    )
 434:Drivers/CMSIS/Include/cmsis_gcc.h **** /**
 435:Drivers/CMSIS/Include/cmsis_gcc.h ****   \brief   Enable FIQ
 436:Drivers/CMSIS/Include/cmsis_gcc.h ****   \details Enables FIQ interrupts by clearing the F-bit in the CPSR.
 437:Drivers/CMSIS/Include/cmsis_gcc.h ****            Can only be executed in Privileged modes.
 438:Drivers/CMSIS/Include/cmsis_gcc.h ****  */
 439:Drivers/CMSIS/Include/cmsis_gcc.h **** __STATIC_FORCEINLINE void __enable_fault_irq(void)
 440:Drivers/CMSIS/Include/cmsis_gcc.h **** {
 441:Drivers/CMSIS/Include/cmsis_gcc.h ****   __ASM volatile ("cpsie f" : : : "memory");
 442:Drivers/CMSIS/Include/cmsis_gcc.h **** }
 443:Drivers/CMSIS/Include/cmsis_gcc.h **** 
 444:Drivers/CMSIS/Include/cmsis_gcc.h **** 
 445:Drivers/CMSIS/Include/cmsis_gcc.h **** /**
 446:Drivers/CMSIS/Include/cmsis_gcc.h ****   \brief   Disable FIQ
 447:Drivers/CMSIS/Include/cmsis_gcc.h ****   \details Disables FIQ interrupts by setting the F-bit in the CPSR.
 448:Drivers/CMSIS/Include/cmsis_gcc.h ****            Can only be executed in Privileged modes.
 449:Drivers/CMSIS/Include/cmsis_gcc.h ****  */
 450:Drivers/CMSIS/Include/cmsis_gcc.h **** __STATIC_FORCEINLINE void __disable_fault_irq(void)
 451:Drivers/CMSIS/Include/cmsis_gcc.h **** {
 452:Drivers/CMSIS/Include/cmsis_gcc.h ****   __ASM volatile ("cpsid f" : : : "memory");
 453:Drivers/CMSIS/Include/cmsis_gcc.h **** }
 454:Drivers/CMSIS/Include/cmsis_gcc.h **** 
ARM GAS  C:\Users\airforce\AppData\Local\Temp\ccDyHakX.s 			page 88


 455:Drivers/CMSIS/Include/cmsis_gcc.h **** 
 456:Drivers/CMSIS/Include/cmsis_gcc.h **** /**
 457:Drivers/CMSIS/Include/cmsis_gcc.h ****   \brief   Get Base Priority
 458:Drivers/CMSIS/Include/cmsis_gcc.h ****   \details Returns the current value of the Base Priority register.
 459:Drivers/CMSIS/Include/cmsis_gcc.h ****   \return               Base Priority register value
 460:Drivers/CMSIS/Include/cmsis_gcc.h ****  */
 461:Drivers/CMSIS/Include/cmsis_gcc.h **** __STATIC_FORCEINLINE uint32_t __get_BASEPRI(void)
 462:Drivers/CMSIS/Include/cmsis_gcc.h **** {
 463:Drivers/CMSIS/Include/cmsis_gcc.h ****   uint32_t result;
 464:Drivers/CMSIS/Include/cmsis_gcc.h **** 
 465:Drivers/CMSIS/Include/cmsis_gcc.h ****   __ASM volatile ("MRS %0, basepri" : "=r" (result) );
 466:Drivers/CMSIS/Include/cmsis_gcc.h ****   return(result);
 467:Drivers/CMSIS/Include/cmsis_gcc.h **** }
 468:Drivers/CMSIS/Include/cmsis_gcc.h **** 
 469:Drivers/CMSIS/Include/cmsis_gcc.h **** 
 470:Drivers/CMSIS/Include/cmsis_gcc.h **** #if (defined (__ARM_FEATURE_CMSE ) && (__ARM_FEATURE_CMSE == 3))
 471:Drivers/CMSIS/Include/cmsis_gcc.h **** /**
 472:Drivers/CMSIS/Include/cmsis_gcc.h ****   \brief   Get Base Priority (non-secure)
 473:Drivers/CMSIS/Include/cmsis_gcc.h ****   \details Returns the current value of the non-secure Base Priority register when in secure state.
 474:Drivers/CMSIS/Include/cmsis_gcc.h ****   \return               Base Priority register value
 475:Drivers/CMSIS/Include/cmsis_gcc.h ****  */
 476:Drivers/CMSIS/Include/cmsis_gcc.h **** __STATIC_FORCEINLINE uint32_t __TZ_get_BASEPRI_NS(void)
 477:Drivers/CMSIS/Include/cmsis_gcc.h **** {
 478:Drivers/CMSIS/Include/cmsis_gcc.h ****   uint32_t result;
 479:Drivers/CMSIS/Include/cmsis_gcc.h **** 
 480:Drivers/CMSIS/Include/cmsis_gcc.h ****   __ASM volatile ("MRS %0, basepri_ns" : "=r" (result) );
 481:Drivers/CMSIS/Include/cmsis_gcc.h ****   return(result);
 482:Drivers/CMSIS/Include/cmsis_gcc.h **** }
 483:Drivers/CMSIS/Include/cmsis_gcc.h **** #endif
 484:Drivers/CMSIS/Include/cmsis_gcc.h **** 
 485:Drivers/CMSIS/Include/cmsis_gcc.h **** 
 486:Drivers/CMSIS/Include/cmsis_gcc.h **** /**
 487:Drivers/CMSIS/Include/cmsis_gcc.h ****   \brief   Set Base Priority
 488:Drivers/CMSIS/Include/cmsis_gcc.h ****   \details Assigns the given value to the Base Priority register.
 489:Drivers/CMSIS/Include/cmsis_gcc.h ****   \param [in]    basePri  Base Priority value to set
 490:Drivers/CMSIS/Include/cmsis_gcc.h ****  */
 491:Drivers/CMSIS/Include/cmsis_gcc.h **** __STATIC_FORCEINLINE void __set_BASEPRI(uint32_t basePri)
 492:Drivers/CMSIS/Include/cmsis_gcc.h **** {
 493:Drivers/CMSIS/Include/cmsis_gcc.h ****   __ASM volatile ("MSR basepri, %0" : : "r" (basePri) : "memory");
 494:Drivers/CMSIS/Include/cmsis_gcc.h **** }
 495:Drivers/CMSIS/Include/cmsis_gcc.h **** 
 496:Drivers/CMSIS/Include/cmsis_gcc.h **** 
 497:Drivers/CMSIS/Include/cmsis_gcc.h **** #if (defined (__ARM_FEATURE_CMSE ) && (__ARM_FEATURE_CMSE == 3))
 498:Drivers/CMSIS/Include/cmsis_gcc.h **** /**
 499:Drivers/CMSIS/Include/cmsis_gcc.h ****   \brief   Set Base Priority (non-secure)
 500:Drivers/CMSIS/Include/cmsis_gcc.h ****   \details Assigns the given value to the non-secure Base Priority register when in secure state.
 501:Drivers/CMSIS/Include/cmsis_gcc.h ****   \param [in]    basePri  Base Priority value to set
 502:Drivers/CMSIS/Include/cmsis_gcc.h ****  */
 503:Drivers/CMSIS/Include/cmsis_gcc.h **** __STATIC_FORCEINLINE void __TZ_set_BASEPRI_NS(uint32_t basePri)
 504:Drivers/CMSIS/Include/cmsis_gcc.h **** {
 505:Drivers/CMSIS/Include/cmsis_gcc.h ****   __ASM volatile ("MSR basepri_ns, %0" : : "r" (basePri) : "memory");
 506:Drivers/CMSIS/Include/cmsis_gcc.h **** }
 507:Drivers/CMSIS/Include/cmsis_gcc.h **** #endif
 508:Drivers/CMSIS/Include/cmsis_gcc.h **** 
 509:Drivers/CMSIS/Include/cmsis_gcc.h **** 
 510:Drivers/CMSIS/Include/cmsis_gcc.h **** /**
 511:Drivers/CMSIS/Include/cmsis_gcc.h ****   \brief   Set Base Priority with condition
ARM GAS  C:\Users\airforce\AppData\Local\Temp\ccDyHakX.s 			page 89


 512:Drivers/CMSIS/Include/cmsis_gcc.h ****   \details Assigns the given value to the Base Priority register only if BASEPRI masking is disable
 513:Drivers/CMSIS/Include/cmsis_gcc.h ****            or the new value increases the BASEPRI priority level.
 514:Drivers/CMSIS/Include/cmsis_gcc.h ****   \param [in]    basePri  Base Priority value to set
 515:Drivers/CMSIS/Include/cmsis_gcc.h ****  */
 516:Drivers/CMSIS/Include/cmsis_gcc.h **** __STATIC_FORCEINLINE void __set_BASEPRI_MAX(uint32_t basePri)
 517:Drivers/CMSIS/Include/cmsis_gcc.h **** {
 518:Drivers/CMSIS/Include/cmsis_gcc.h ****   __ASM volatile ("MSR basepri_max, %0" : : "r" (basePri) : "memory");
 519:Drivers/CMSIS/Include/cmsis_gcc.h **** }
 520:Drivers/CMSIS/Include/cmsis_gcc.h **** 
 521:Drivers/CMSIS/Include/cmsis_gcc.h **** 
 522:Drivers/CMSIS/Include/cmsis_gcc.h **** /**
 523:Drivers/CMSIS/Include/cmsis_gcc.h ****   \brief   Get Fault Mask
 524:Drivers/CMSIS/Include/cmsis_gcc.h ****   \details Returns the current value of the Fault Mask register.
 525:Drivers/CMSIS/Include/cmsis_gcc.h ****   \return               Fault Mask register value
 526:Drivers/CMSIS/Include/cmsis_gcc.h ****  */
 527:Drivers/CMSIS/Include/cmsis_gcc.h **** __STATIC_FORCEINLINE uint32_t __get_FAULTMASK(void)
 528:Drivers/CMSIS/Include/cmsis_gcc.h **** {
 529:Drivers/CMSIS/Include/cmsis_gcc.h ****   uint32_t result;
 530:Drivers/CMSIS/Include/cmsis_gcc.h **** 
 531:Drivers/CMSIS/Include/cmsis_gcc.h ****   __ASM volatile ("MRS %0, faultmask" : "=r" (result) );
 532:Drivers/CMSIS/Include/cmsis_gcc.h ****   return(result);
 533:Drivers/CMSIS/Include/cmsis_gcc.h **** }
 534:Drivers/CMSIS/Include/cmsis_gcc.h **** 
 535:Drivers/CMSIS/Include/cmsis_gcc.h **** 
 536:Drivers/CMSIS/Include/cmsis_gcc.h **** #if (defined (__ARM_FEATURE_CMSE ) && (__ARM_FEATURE_CMSE == 3))
 537:Drivers/CMSIS/Include/cmsis_gcc.h **** /**
 538:Drivers/CMSIS/Include/cmsis_gcc.h ****   \brief   Get Fault Mask (non-secure)
 539:Drivers/CMSIS/Include/cmsis_gcc.h ****   \details Returns the current value of the non-secure Fault Mask register when in secure state.
 540:Drivers/CMSIS/Include/cmsis_gcc.h ****   \return               Fault Mask register value
 541:Drivers/CMSIS/Include/cmsis_gcc.h ****  */
 542:Drivers/CMSIS/Include/cmsis_gcc.h **** __STATIC_FORCEINLINE uint32_t __TZ_get_FAULTMASK_NS(void)
 543:Drivers/CMSIS/Include/cmsis_gcc.h **** {
 544:Drivers/CMSIS/Include/cmsis_gcc.h ****   uint32_t result;
 545:Drivers/CMSIS/Include/cmsis_gcc.h **** 
 546:Drivers/CMSIS/Include/cmsis_gcc.h ****   __ASM volatile ("MRS %0, faultmask_ns" : "=r" (result) );
 547:Drivers/CMSIS/Include/cmsis_gcc.h ****   return(result);
 548:Drivers/CMSIS/Include/cmsis_gcc.h **** }
 549:Drivers/CMSIS/Include/cmsis_gcc.h **** #endif
 550:Drivers/CMSIS/Include/cmsis_gcc.h **** 
 551:Drivers/CMSIS/Include/cmsis_gcc.h **** 
 552:Drivers/CMSIS/Include/cmsis_gcc.h **** /**
 553:Drivers/CMSIS/Include/cmsis_gcc.h ****   \brief   Set Fault Mask
 554:Drivers/CMSIS/Include/cmsis_gcc.h ****   \details Assigns the given value to the Fault Mask register.
 555:Drivers/CMSIS/Include/cmsis_gcc.h ****   \param [in]    faultMask  Fault Mask value to set
 556:Drivers/CMSIS/Include/cmsis_gcc.h ****  */
 557:Drivers/CMSIS/Include/cmsis_gcc.h **** __STATIC_FORCEINLINE void __set_FAULTMASK(uint32_t faultMask)
 558:Drivers/CMSIS/Include/cmsis_gcc.h **** {
 559:Drivers/CMSIS/Include/cmsis_gcc.h ****   __ASM volatile ("MSR faultmask, %0" : : "r" (faultMask) : "memory");
 560:Drivers/CMSIS/Include/cmsis_gcc.h **** }
 561:Drivers/CMSIS/Include/cmsis_gcc.h **** 
 562:Drivers/CMSIS/Include/cmsis_gcc.h **** 
 563:Drivers/CMSIS/Include/cmsis_gcc.h **** #if (defined (__ARM_FEATURE_CMSE ) && (__ARM_FEATURE_CMSE == 3))
 564:Drivers/CMSIS/Include/cmsis_gcc.h **** /**
 565:Drivers/CMSIS/Include/cmsis_gcc.h ****   \brief   Set Fault Mask (non-secure)
 566:Drivers/CMSIS/Include/cmsis_gcc.h ****   \details Assigns the given value to the non-secure Fault Mask register when in secure state.
 567:Drivers/CMSIS/Include/cmsis_gcc.h ****   \param [in]    faultMask  Fault Mask value to set
 568:Drivers/CMSIS/Include/cmsis_gcc.h ****  */
ARM GAS  C:\Users\airforce\AppData\Local\Temp\ccDyHakX.s 			page 90


 569:Drivers/CMSIS/Include/cmsis_gcc.h **** __STATIC_FORCEINLINE void __TZ_set_FAULTMASK_NS(uint32_t faultMask)
 570:Drivers/CMSIS/Include/cmsis_gcc.h **** {
 571:Drivers/CMSIS/Include/cmsis_gcc.h ****   __ASM volatile ("MSR faultmask_ns, %0" : : "r" (faultMask) : "memory");
 572:Drivers/CMSIS/Include/cmsis_gcc.h **** }
 573:Drivers/CMSIS/Include/cmsis_gcc.h **** #endif
 574:Drivers/CMSIS/Include/cmsis_gcc.h **** 
 575:Drivers/CMSIS/Include/cmsis_gcc.h **** #endif /* ((defined (__ARM_ARCH_7M__      ) && (__ARM_ARCH_7M__      == 1)) || \
 576:Drivers/CMSIS/Include/cmsis_gcc.h ****            (defined (__ARM_ARCH_7EM__     ) && (__ARM_ARCH_7EM__     == 1)) || \
 577:Drivers/CMSIS/Include/cmsis_gcc.h ****            (defined (__ARM_ARCH_8M_MAIN__ ) && (__ARM_ARCH_8M_MAIN__ == 1))    ) */
 578:Drivers/CMSIS/Include/cmsis_gcc.h **** 
 579:Drivers/CMSIS/Include/cmsis_gcc.h **** 
 580:Drivers/CMSIS/Include/cmsis_gcc.h **** #if ((defined (__ARM_ARCH_8M_MAIN__ ) && (__ARM_ARCH_8M_MAIN__ == 1)) || \
 581:Drivers/CMSIS/Include/cmsis_gcc.h ****      (defined (__ARM_ARCH_8M_BASE__ ) && (__ARM_ARCH_8M_BASE__ == 1))    )
 582:Drivers/CMSIS/Include/cmsis_gcc.h **** 
 583:Drivers/CMSIS/Include/cmsis_gcc.h **** /**
 584:Drivers/CMSIS/Include/cmsis_gcc.h ****   \brief   Get Process Stack Pointer Limit
 585:Drivers/CMSIS/Include/cmsis_gcc.h ****   Devices without ARMv8-M Main Extensions (i.e. Cortex-M23) lack the non-secure
 586:Drivers/CMSIS/Include/cmsis_gcc.h ****   Stack Pointer Limit register hence zero is returned always in non-secure
 587:Drivers/CMSIS/Include/cmsis_gcc.h ****   mode.
 588:Drivers/CMSIS/Include/cmsis_gcc.h ****   
 589:Drivers/CMSIS/Include/cmsis_gcc.h ****   \details Returns the current value of the Process Stack Pointer Limit (PSPLIM).
 590:Drivers/CMSIS/Include/cmsis_gcc.h ****   \return               PSPLIM Register value
 591:Drivers/CMSIS/Include/cmsis_gcc.h ****  */
 592:Drivers/CMSIS/Include/cmsis_gcc.h **** __STATIC_FORCEINLINE uint32_t __get_PSPLIM(void)
 593:Drivers/CMSIS/Include/cmsis_gcc.h **** {
 594:Drivers/CMSIS/Include/cmsis_gcc.h **** #if (!(defined (__ARM_ARCH_8M_MAIN__ ) && (__ARM_ARCH_8M_MAIN__ == 1)) && \
 595:Drivers/CMSIS/Include/cmsis_gcc.h ****     (!defined (__ARM_FEATURE_CMSE) || (__ARM_FEATURE_CMSE < 3)))
 596:Drivers/CMSIS/Include/cmsis_gcc.h ****     // without main extensions, the non-secure PSPLIM is RAZ/WI
 597:Drivers/CMSIS/Include/cmsis_gcc.h ****   return 0U;
 598:Drivers/CMSIS/Include/cmsis_gcc.h **** #else
 599:Drivers/CMSIS/Include/cmsis_gcc.h ****   uint32_t result;
 600:Drivers/CMSIS/Include/cmsis_gcc.h ****   __ASM volatile ("MRS %0, psplim"  : "=r" (result) );
 601:Drivers/CMSIS/Include/cmsis_gcc.h ****   return result;
 602:Drivers/CMSIS/Include/cmsis_gcc.h **** #endif
 603:Drivers/CMSIS/Include/cmsis_gcc.h **** }
 604:Drivers/CMSIS/Include/cmsis_gcc.h **** 
 605:Drivers/CMSIS/Include/cmsis_gcc.h **** #if (defined (__ARM_FEATURE_CMSE) && (__ARM_FEATURE_CMSE == 3))
 606:Drivers/CMSIS/Include/cmsis_gcc.h **** /**
 607:Drivers/CMSIS/Include/cmsis_gcc.h ****   \brief   Get Process Stack Pointer Limit (non-secure)
 608:Drivers/CMSIS/Include/cmsis_gcc.h ****   Devices without ARMv8-M Main Extensions (i.e. Cortex-M23) lack the non-secure
 609:Drivers/CMSIS/Include/cmsis_gcc.h ****   Stack Pointer Limit register hence zero is returned always.
 610:Drivers/CMSIS/Include/cmsis_gcc.h **** 
 611:Drivers/CMSIS/Include/cmsis_gcc.h ****   \details Returns the current value of the non-secure Process Stack Pointer Limit (PSPLIM) when in
 612:Drivers/CMSIS/Include/cmsis_gcc.h ****   \return               PSPLIM Register value
 613:Drivers/CMSIS/Include/cmsis_gcc.h ****  */
 614:Drivers/CMSIS/Include/cmsis_gcc.h **** __STATIC_FORCEINLINE uint32_t __TZ_get_PSPLIM_NS(void)
 615:Drivers/CMSIS/Include/cmsis_gcc.h **** {
 616:Drivers/CMSIS/Include/cmsis_gcc.h **** #if (!(defined (__ARM_ARCH_8M_MAIN__ ) && (__ARM_ARCH_8M_MAIN__ == 1)))
 617:Drivers/CMSIS/Include/cmsis_gcc.h ****   // without main extensions, the non-secure PSPLIM is RAZ/WI
 618:Drivers/CMSIS/Include/cmsis_gcc.h ****   return 0U;
 619:Drivers/CMSIS/Include/cmsis_gcc.h **** #else
 620:Drivers/CMSIS/Include/cmsis_gcc.h ****   uint32_t result;
 621:Drivers/CMSIS/Include/cmsis_gcc.h ****   __ASM volatile ("MRS %0, psplim_ns"  : "=r" (result) );
 622:Drivers/CMSIS/Include/cmsis_gcc.h ****   return result;
 623:Drivers/CMSIS/Include/cmsis_gcc.h **** #endif
 624:Drivers/CMSIS/Include/cmsis_gcc.h **** }
 625:Drivers/CMSIS/Include/cmsis_gcc.h **** #endif
ARM GAS  C:\Users\airforce\AppData\Local\Temp\ccDyHakX.s 			page 91


 626:Drivers/CMSIS/Include/cmsis_gcc.h **** 
 627:Drivers/CMSIS/Include/cmsis_gcc.h **** 
 628:Drivers/CMSIS/Include/cmsis_gcc.h **** /**
 629:Drivers/CMSIS/Include/cmsis_gcc.h ****   \brief   Set Process Stack Pointer Limit
 630:Drivers/CMSIS/Include/cmsis_gcc.h ****   Devices without ARMv8-M Main Extensions (i.e. Cortex-M23) lack the non-secure
 631:Drivers/CMSIS/Include/cmsis_gcc.h ****   Stack Pointer Limit register hence the write is silently ignored in non-secure
 632:Drivers/CMSIS/Include/cmsis_gcc.h ****   mode.
 633:Drivers/CMSIS/Include/cmsis_gcc.h ****   
 634:Drivers/CMSIS/Include/cmsis_gcc.h ****   \details Assigns the given value to the Process Stack Pointer Limit (PSPLIM).
 635:Drivers/CMSIS/Include/cmsis_gcc.h ****   \param [in]    ProcStackPtrLimit  Process Stack Pointer Limit value to set
 636:Drivers/CMSIS/Include/cmsis_gcc.h ****  */
 637:Drivers/CMSIS/Include/cmsis_gcc.h **** __STATIC_FORCEINLINE void __set_PSPLIM(uint32_t ProcStackPtrLimit)
 638:Drivers/CMSIS/Include/cmsis_gcc.h **** {
 639:Drivers/CMSIS/Include/cmsis_gcc.h **** #if (!(defined (__ARM_ARCH_8M_MAIN__ ) && (__ARM_ARCH_8M_MAIN__ == 1)) && \
 640:Drivers/CMSIS/Include/cmsis_gcc.h ****     (!defined (__ARM_FEATURE_CMSE) || (__ARM_FEATURE_CMSE < 3)))
 641:Drivers/CMSIS/Include/cmsis_gcc.h ****   // without main extensions, the non-secure PSPLIM is RAZ/WI
 642:Drivers/CMSIS/Include/cmsis_gcc.h ****   (void)ProcStackPtrLimit;
 643:Drivers/CMSIS/Include/cmsis_gcc.h **** #else
 644:Drivers/CMSIS/Include/cmsis_gcc.h ****   __ASM volatile ("MSR psplim, %0" : : "r" (ProcStackPtrLimit));
 645:Drivers/CMSIS/Include/cmsis_gcc.h **** #endif
 646:Drivers/CMSIS/Include/cmsis_gcc.h **** }
 647:Drivers/CMSIS/Include/cmsis_gcc.h **** 
 648:Drivers/CMSIS/Include/cmsis_gcc.h **** 
 649:Drivers/CMSIS/Include/cmsis_gcc.h **** #if (defined (__ARM_FEATURE_CMSE  ) && (__ARM_FEATURE_CMSE   == 3))
 650:Drivers/CMSIS/Include/cmsis_gcc.h **** /**
 651:Drivers/CMSIS/Include/cmsis_gcc.h ****   \brief   Set Process Stack Pointer (non-secure)
 652:Drivers/CMSIS/Include/cmsis_gcc.h ****   Devices without ARMv8-M Main Extensions (i.e. Cortex-M23) lack the non-secure
 653:Drivers/CMSIS/Include/cmsis_gcc.h ****   Stack Pointer Limit register hence the write is silently ignored.
 654:Drivers/CMSIS/Include/cmsis_gcc.h **** 
 655:Drivers/CMSIS/Include/cmsis_gcc.h ****   \details Assigns the given value to the non-secure Process Stack Pointer Limit (PSPLIM) when in s
 656:Drivers/CMSIS/Include/cmsis_gcc.h ****   \param [in]    ProcStackPtrLimit  Process Stack Pointer Limit value to set
 657:Drivers/CMSIS/Include/cmsis_gcc.h ****  */
 658:Drivers/CMSIS/Include/cmsis_gcc.h **** __STATIC_FORCEINLINE void __TZ_set_PSPLIM_NS(uint32_t ProcStackPtrLimit)
 659:Drivers/CMSIS/Include/cmsis_gcc.h **** {
 660:Drivers/CMSIS/Include/cmsis_gcc.h **** #if (!(defined (__ARM_ARCH_8M_MAIN__ ) && (__ARM_ARCH_8M_MAIN__ == 1)))
 661:Drivers/CMSIS/Include/cmsis_gcc.h ****   // without main extensions, the non-secure PSPLIM is RAZ/WI
 662:Drivers/CMSIS/Include/cmsis_gcc.h ****   (void)ProcStackPtrLimit;
 663:Drivers/CMSIS/Include/cmsis_gcc.h **** #else
 664:Drivers/CMSIS/Include/cmsis_gcc.h ****   __ASM volatile ("MSR psplim_ns, %0\n" : : "r" (ProcStackPtrLimit));
 665:Drivers/CMSIS/Include/cmsis_gcc.h **** #endif
 666:Drivers/CMSIS/Include/cmsis_gcc.h **** }
 667:Drivers/CMSIS/Include/cmsis_gcc.h **** #endif
 668:Drivers/CMSIS/Include/cmsis_gcc.h **** 
 669:Drivers/CMSIS/Include/cmsis_gcc.h **** 
 670:Drivers/CMSIS/Include/cmsis_gcc.h **** /**
 671:Drivers/CMSIS/Include/cmsis_gcc.h ****   \brief   Get Main Stack Pointer Limit
 672:Drivers/CMSIS/Include/cmsis_gcc.h ****   Devices without ARMv8-M Main Extensions (i.e. Cortex-M23) lack the non-secure
 673:Drivers/CMSIS/Include/cmsis_gcc.h ****   Stack Pointer Limit register hence zero is returned always in non-secure
 674:Drivers/CMSIS/Include/cmsis_gcc.h ****   mode.
 675:Drivers/CMSIS/Include/cmsis_gcc.h **** 
 676:Drivers/CMSIS/Include/cmsis_gcc.h ****   \details Returns the current value of the Main Stack Pointer Limit (MSPLIM).
 677:Drivers/CMSIS/Include/cmsis_gcc.h ****   \return               MSPLIM Register value
 678:Drivers/CMSIS/Include/cmsis_gcc.h ****  */
 679:Drivers/CMSIS/Include/cmsis_gcc.h **** __STATIC_FORCEINLINE uint32_t __get_MSPLIM(void)
 680:Drivers/CMSIS/Include/cmsis_gcc.h **** {
 681:Drivers/CMSIS/Include/cmsis_gcc.h **** #if (!(defined (__ARM_ARCH_8M_MAIN__ ) && (__ARM_ARCH_8M_MAIN__ == 1)) && \
 682:Drivers/CMSIS/Include/cmsis_gcc.h ****     (!defined (__ARM_FEATURE_CMSE) || (__ARM_FEATURE_CMSE < 3)))
ARM GAS  C:\Users\airforce\AppData\Local\Temp\ccDyHakX.s 			page 92


 683:Drivers/CMSIS/Include/cmsis_gcc.h ****   // without main extensions, the non-secure MSPLIM is RAZ/WI
 684:Drivers/CMSIS/Include/cmsis_gcc.h ****   return 0U;
 685:Drivers/CMSIS/Include/cmsis_gcc.h **** #else
 686:Drivers/CMSIS/Include/cmsis_gcc.h ****   uint32_t result;
 687:Drivers/CMSIS/Include/cmsis_gcc.h ****   __ASM volatile ("MRS %0, msplim" : "=r" (result) );
 688:Drivers/CMSIS/Include/cmsis_gcc.h ****   return result;
 689:Drivers/CMSIS/Include/cmsis_gcc.h **** #endif
 690:Drivers/CMSIS/Include/cmsis_gcc.h **** }
 691:Drivers/CMSIS/Include/cmsis_gcc.h **** 
 692:Drivers/CMSIS/Include/cmsis_gcc.h **** 
 693:Drivers/CMSIS/Include/cmsis_gcc.h **** #if (defined (__ARM_FEATURE_CMSE  ) && (__ARM_FEATURE_CMSE   == 3))
 694:Drivers/CMSIS/Include/cmsis_gcc.h **** /**
 695:Drivers/CMSIS/Include/cmsis_gcc.h ****   \brief   Get Main Stack Pointer Limit (non-secure)
 696:Drivers/CMSIS/Include/cmsis_gcc.h ****   Devices without ARMv8-M Main Extensions (i.e. Cortex-M23) lack the non-secure
 697:Drivers/CMSIS/Include/cmsis_gcc.h ****   Stack Pointer Limit register hence zero is returned always.
 698:Drivers/CMSIS/Include/cmsis_gcc.h **** 
 699:Drivers/CMSIS/Include/cmsis_gcc.h ****   \details Returns the current value of the non-secure Main Stack Pointer Limit(MSPLIM) when in sec
 700:Drivers/CMSIS/Include/cmsis_gcc.h ****   \return               MSPLIM Register value
 701:Drivers/CMSIS/Include/cmsis_gcc.h ****  */
 702:Drivers/CMSIS/Include/cmsis_gcc.h **** __STATIC_FORCEINLINE uint32_t __TZ_get_MSPLIM_NS(void)
 703:Drivers/CMSIS/Include/cmsis_gcc.h **** {
 704:Drivers/CMSIS/Include/cmsis_gcc.h **** #if (!(defined (__ARM_ARCH_8M_MAIN__ ) && (__ARM_ARCH_8M_MAIN__ == 1)))
 705:Drivers/CMSIS/Include/cmsis_gcc.h ****   // without main extensions, the non-secure MSPLIM is RAZ/WI
 706:Drivers/CMSIS/Include/cmsis_gcc.h ****   return 0U;
 707:Drivers/CMSIS/Include/cmsis_gcc.h **** #else
 708:Drivers/CMSIS/Include/cmsis_gcc.h ****   uint32_t result;
 709:Drivers/CMSIS/Include/cmsis_gcc.h ****   __ASM volatile ("MRS %0, msplim_ns" : "=r" (result) );
 710:Drivers/CMSIS/Include/cmsis_gcc.h ****   return result;
 711:Drivers/CMSIS/Include/cmsis_gcc.h **** #endif
 712:Drivers/CMSIS/Include/cmsis_gcc.h **** }
 713:Drivers/CMSIS/Include/cmsis_gcc.h **** #endif
 714:Drivers/CMSIS/Include/cmsis_gcc.h **** 
 715:Drivers/CMSIS/Include/cmsis_gcc.h **** 
 716:Drivers/CMSIS/Include/cmsis_gcc.h **** /**
 717:Drivers/CMSIS/Include/cmsis_gcc.h ****   \brief   Set Main Stack Pointer Limit
 718:Drivers/CMSIS/Include/cmsis_gcc.h ****   Devices without ARMv8-M Main Extensions (i.e. Cortex-M23) lack the non-secure
 719:Drivers/CMSIS/Include/cmsis_gcc.h ****   Stack Pointer Limit register hence the write is silently ignored in non-secure
 720:Drivers/CMSIS/Include/cmsis_gcc.h ****   mode.
 721:Drivers/CMSIS/Include/cmsis_gcc.h **** 
 722:Drivers/CMSIS/Include/cmsis_gcc.h ****   \details Assigns the given value to the Main Stack Pointer Limit (MSPLIM).
 723:Drivers/CMSIS/Include/cmsis_gcc.h ****   \param [in]    MainStackPtrLimit  Main Stack Pointer Limit value to set
 724:Drivers/CMSIS/Include/cmsis_gcc.h ****  */
 725:Drivers/CMSIS/Include/cmsis_gcc.h **** __STATIC_FORCEINLINE void __set_MSPLIM(uint32_t MainStackPtrLimit)
 726:Drivers/CMSIS/Include/cmsis_gcc.h **** {
 727:Drivers/CMSIS/Include/cmsis_gcc.h **** #if (!(defined (__ARM_ARCH_8M_MAIN__ ) && (__ARM_ARCH_8M_MAIN__ == 1)) && \
 728:Drivers/CMSIS/Include/cmsis_gcc.h ****     (!defined (__ARM_FEATURE_CMSE) || (__ARM_FEATURE_CMSE < 3)))
 729:Drivers/CMSIS/Include/cmsis_gcc.h ****   // without main extensions, the non-secure MSPLIM is RAZ/WI
 730:Drivers/CMSIS/Include/cmsis_gcc.h ****   (void)MainStackPtrLimit;
 731:Drivers/CMSIS/Include/cmsis_gcc.h **** #else
 732:Drivers/CMSIS/Include/cmsis_gcc.h ****   __ASM volatile ("MSR msplim, %0" : : "r" (MainStackPtrLimit));
 733:Drivers/CMSIS/Include/cmsis_gcc.h **** #endif
 734:Drivers/CMSIS/Include/cmsis_gcc.h **** }
 735:Drivers/CMSIS/Include/cmsis_gcc.h **** 
 736:Drivers/CMSIS/Include/cmsis_gcc.h **** 
 737:Drivers/CMSIS/Include/cmsis_gcc.h **** #if (defined (__ARM_FEATURE_CMSE  ) && (__ARM_FEATURE_CMSE   == 3))
 738:Drivers/CMSIS/Include/cmsis_gcc.h **** /**
 739:Drivers/CMSIS/Include/cmsis_gcc.h ****   \brief   Set Main Stack Pointer Limit (non-secure)
ARM GAS  C:\Users\airforce\AppData\Local\Temp\ccDyHakX.s 			page 93


 740:Drivers/CMSIS/Include/cmsis_gcc.h ****   Devices without ARMv8-M Main Extensions (i.e. Cortex-M23) lack the non-secure
 741:Drivers/CMSIS/Include/cmsis_gcc.h ****   Stack Pointer Limit register hence the write is silently ignored.
 742:Drivers/CMSIS/Include/cmsis_gcc.h **** 
 743:Drivers/CMSIS/Include/cmsis_gcc.h ****   \details Assigns the given value to the non-secure Main Stack Pointer Limit (MSPLIM) when in secu
 744:Drivers/CMSIS/Include/cmsis_gcc.h ****   \param [in]    MainStackPtrLimit  Main Stack Pointer value to set
 745:Drivers/CMSIS/Include/cmsis_gcc.h ****  */
 746:Drivers/CMSIS/Include/cmsis_gcc.h **** __STATIC_FORCEINLINE void __TZ_set_MSPLIM_NS(uint32_t MainStackPtrLimit)
 747:Drivers/CMSIS/Include/cmsis_gcc.h **** {
 748:Drivers/CMSIS/Include/cmsis_gcc.h **** #if (!(defined (__ARM_ARCH_8M_MAIN__ ) && (__ARM_ARCH_8M_MAIN__ == 1)))
 749:Drivers/CMSIS/Include/cmsis_gcc.h ****   // without main extensions, the non-secure MSPLIM is RAZ/WI
 750:Drivers/CMSIS/Include/cmsis_gcc.h ****   (void)MainStackPtrLimit;
 751:Drivers/CMSIS/Include/cmsis_gcc.h **** #else
 752:Drivers/CMSIS/Include/cmsis_gcc.h ****   __ASM volatile ("MSR msplim_ns, %0" : : "r" (MainStackPtrLimit));
 753:Drivers/CMSIS/Include/cmsis_gcc.h **** #endif
 754:Drivers/CMSIS/Include/cmsis_gcc.h **** }
 755:Drivers/CMSIS/Include/cmsis_gcc.h **** #endif
 756:Drivers/CMSIS/Include/cmsis_gcc.h **** 
 757:Drivers/CMSIS/Include/cmsis_gcc.h **** #endif /* ((defined (__ARM_ARCH_8M_MAIN__ ) && (__ARM_ARCH_8M_MAIN__ == 1)) || \
 758:Drivers/CMSIS/Include/cmsis_gcc.h ****            (defined (__ARM_ARCH_8M_BASE__ ) && (__ARM_ARCH_8M_BASE__ == 1))    ) */
 759:Drivers/CMSIS/Include/cmsis_gcc.h **** 
 760:Drivers/CMSIS/Include/cmsis_gcc.h **** 
 761:Drivers/CMSIS/Include/cmsis_gcc.h **** /**
 762:Drivers/CMSIS/Include/cmsis_gcc.h ****   \brief   Get FPSCR
 763:Drivers/CMSIS/Include/cmsis_gcc.h ****   \details Returns the current value of the Floating Point Status/Control register.
 764:Drivers/CMSIS/Include/cmsis_gcc.h ****   \return               Floating Point Status/Control register value
 765:Drivers/CMSIS/Include/cmsis_gcc.h ****  */
 766:Drivers/CMSIS/Include/cmsis_gcc.h **** __STATIC_FORCEINLINE uint32_t __get_FPSCR(void)
 767:Drivers/CMSIS/Include/cmsis_gcc.h **** {
 768:Drivers/CMSIS/Include/cmsis_gcc.h **** #if ((defined (__FPU_PRESENT) && (__FPU_PRESENT == 1U)) && \
 769:Drivers/CMSIS/Include/cmsis_gcc.h ****      (defined (__FPU_USED   ) && (__FPU_USED    == 1U))     )
 770:Drivers/CMSIS/Include/cmsis_gcc.h **** #if __has_builtin(__builtin_arm_get_fpscr) 
 771:Drivers/CMSIS/Include/cmsis_gcc.h **** // Re-enable using built-in when GCC has been fixed
 772:Drivers/CMSIS/Include/cmsis_gcc.h **** // || (__GNUC__ > 7) || (__GNUC__ == 7 && __GNUC_MINOR__ >= 2)
 773:Drivers/CMSIS/Include/cmsis_gcc.h ****   /* see https://gcc.gnu.org/ml/gcc-patches/2017-04/msg00443.html */
 774:Drivers/CMSIS/Include/cmsis_gcc.h ****   return __builtin_arm_get_fpscr();
 775:Drivers/CMSIS/Include/cmsis_gcc.h **** #else
 776:Drivers/CMSIS/Include/cmsis_gcc.h ****   uint32_t result;
 777:Drivers/CMSIS/Include/cmsis_gcc.h **** 
 778:Drivers/CMSIS/Include/cmsis_gcc.h ****   __ASM volatile ("VMRS %0, fpscr" : "=r" (result) );
 779:Drivers/CMSIS/Include/cmsis_gcc.h ****   return(result);
 780:Drivers/CMSIS/Include/cmsis_gcc.h **** #endif
 781:Drivers/CMSIS/Include/cmsis_gcc.h **** #else
 782:Drivers/CMSIS/Include/cmsis_gcc.h ****   return(0U);
 783:Drivers/CMSIS/Include/cmsis_gcc.h **** #endif
 784:Drivers/CMSIS/Include/cmsis_gcc.h **** }
 785:Drivers/CMSIS/Include/cmsis_gcc.h **** 
 786:Drivers/CMSIS/Include/cmsis_gcc.h **** 
 787:Drivers/CMSIS/Include/cmsis_gcc.h **** /**
 788:Drivers/CMSIS/Include/cmsis_gcc.h ****   \brief   Set FPSCR
 789:Drivers/CMSIS/Include/cmsis_gcc.h ****   \details Assigns the given value to the Floating Point Status/Control register.
 790:Drivers/CMSIS/Include/cmsis_gcc.h ****   \param [in]    fpscr  Floating Point Status/Control value to set
 791:Drivers/CMSIS/Include/cmsis_gcc.h ****  */
 792:Drivers/CMSIS/Include/cmsis_gcc.h **** __STATIC_FORCEINLINE void __set_FPSCR(uint32_t fpscr)
 793:Drivers/CMSIS/Include/cmsis_gcc.h **** {
 794:Drivers/CMSIS/Include/cmsis_gcc.h **** #if ((defined (__FPU_PRESENT) && (__FPU_PRESENT == 1U)) && \
 795:Drivers/CMSIS/Include/cmsis_gcc.h ****      (defined (__FPU_USED   ) && (__FPU_USED    == 1U))     )
 796:Drivers/CMSIS/Include/cmsis_gcc.h **** #if __has_builtin(__builtin_arm_set_fpscr)
ARM GAS  C:\Users\airforce\AppData\Local\Temp\ccDyHakX.s 			page 94


 797:Drivers/CMSIS/Include/cmsis_gcc.h **** // Re-enable using built-in when GCC has been fixed
 798:Drivers/CMSIS/Include/cmsis_gcc.h **** // || (__GNUC__ > 7) || (__GNUC__ == 7 && __GNUC_MINOR__ >= 2)
 799:Drivers/CMSIS/Include/cmsis_gcc.h ****   /* see https://gcc.gnu.org/ml/gcc-patches/2017-04/msg00443.html */
 800:Drivers/CMSIS/Include/cmsis_gcc.h ****   __builtin_arm_set_fpscr(fpscr);
 801:Drivers/CMSIS/Include/cmsis_gcc.h **** #else
 802:Drivers/CMSIS/Include/cmsis_gcc.h ****   __ASM volatile ("VMSR fpscr, %0" : : "r" (fpscr) : "vfpcc", "memory");
 803:Drivers/CMSIS/Include/cmsis_gcc.h **** #endif
 804:Drivers/CMSIS/Include/cmsis_gcc.h **** #else
 805:Drivers/CMSIS/Include/cmsis_gcc.h ****   (void)fpscr;
 806:Drivers/CMSIS/Include/cmsis_gcc.h **** #endif
 807:Drivers/CMSIS/Include/cmsis_gcc.h **** }
 808:Drivers/CMSIS/Include/cmsis_gcc.h **** 
 809:Drivers/CMSIS/Include/cmsis_gcc.h **** 
 810:Drivers/CMSIS/Include/cmsis_gcc.h **** /*@} end of CMSIS_Core_RegAccFunctions */
 811:Drivers/CMSIS/Include/cmsis_gcc.h **** 
 812:Drivers/CMSIS/Include/cmsis_gcc.h **** 
 813:Drivers/CMSIS/Include/cmsis_gcc.h **** /* ##########################  Core Instruction Access  ######################### */
 814:Drivers/CMSIS/Include/cmsis_gcc.h **** /** \defgroup CMSIS_Core_InstructionInterface CMSIS Core Instruction Interface
 815:Drivers/CMSIS/Include/cmsis_gcc.h ****   Access to dedicated instructions
 816:Drivers/CMSIS/Include/cmsis_gcc.h ****   @{
 817:Drivers/CMSIS/Include/cmsis_gcc.h **** */
 818:Drivers/CMSIS/Include/cmsis_gcc.h **** 
 819:Drivers/CMSIS/Include/cmsis_gcc.h **** /* Define macros for porting to both thumb1 and thumb2.
 820:Drivers/CMSIS/Include/cmsis_gcc.h ****  * For thumb1, use low register (r0-r7), specified by constraint "l"
 821:Drivers/CMSIS/Include/cmsis_gcc.h ****  * Otherwise, use general registers, specified by constraint "r" */
 822:Drivers/CMSIS/Include/cmsis_gcc.h **** #if defined (__thumb__) && !defined (__thumb2__)
 823:Drivers/CMSIS/Include/cmsis_gcc.h **** #define __CMSIS_GCC_OUT_REG(r) "=l" (r)
 824:Drivers/CMSIS/Include/cmsis_gcc.h **** #define __CMSIS_GCC_RW_REG(r) "+l" (r)
 825:Drivers/CMSIS/Include/cmsis_gcc.h **** #define __CMSIS_GCC_USE_REG(r) "l" (r)
 826:Drivers/CMSIS/Include/cmsis_gcc.h **** #else
 827:Drivers/CMSIS/Include/cmsis_gcc.h **** #define __CMSIS_GCC_OUT_REG(r) "=r" (r)
 828:Drivers/CMSIS/Include/cmsis_gcc.h **** #define __CMSIS_GCC_RW_REG(r) "+r" (r)
 829:Drivers/CMSIS/Include/cmsis_gcc.h **** #define __CMSIS_GCC_USE_REG(r) "r" (r)
 830:Drivers/CMSIS/Include/cmsis_gcc.h **** #endif
 831:Drivers/CMSIS/Include/cmsis_gcc.h **** 
 832:Drivers/CMSIS/Include/cmsis_gcc.h **** /**
 833:Drivers/CMSIS/Include/cmsis_gcc.h ****   \brief   No Operation
 834:Drivers/CMSIS/Include/cmsis_gcc.h ****   \details No Operation does nothing. This instruction can be used for code alignment purposes.
 835:Drivers/CMSIS/Include/cmsis_gcc.h ****  */
 836:Drivers/CMSIS/Include/cmsis_gcc.h **** #define __NOP()                             __ASM volatile ("nop")
 837:Drivers/CMSIS/Include/cmsis_gcc.h **** 
 838:Drivers/CMSIS/Include/cmsis_gcc.h **** /**
 839:Drivers/CMSIS/Include/cmsis_gcc.h ****   \brief   Wait For Interrupt
 840:Drivers/CMSIS/Include/cmsis_gcc.h ****   \details Wait For Interrupt is a hint instruction that suspends execution until one of a number o
 841:Drivers/CMSIS/Include/cmsis_gcc.h ****  */
 842:Drivers/CMSIS/Include/cmsis_gcc.h **** #define __WFI()                             __ASM volatile ("wfi")
 843:Drivers/CMSIS/Include/cmsis_gcc.h **** 
 844:Drivers/CMSIS/Include/cmsis_gcc.h **** 
 845:Drivers/CMSIS/Include/cmsis_gcc.h **** /**
 846:Drivers/CMSIS/Include/cmsis_gcc.h ****   \brief   Wait For Event
 847:Drivers/CMSIS/Include/cmsis_gcc.h ****   \details Wait For Event is a hint instruction that permits the processor to enter
 848:Drivers/CMSIS/Include/cmsis_gcc.h ****            a low-power state until one of a number of events occurs.
 849:Drivers/CMSIS/Include/cmsis_gcc.h ****  */
 850:Drivers/CMSIS/Include/cmsis_gcc.h **** #define __WFE()                             __ASM volatile ("wfe")
 851:Drivers/CMSIS/Include/cmsis_gcc.h **** 
 852:Drivers/CMSIS/Include/cmsis_gcc.h **** 
 853:Drivers/CMSIS/Include/cmsis_gcc.h **** /**
ARM GAS  C:\Users\airforce\AppData\Local\Temp\ccDyHakX.s 			page 95


 854:Drivers/CMSIS/Include/cmsis_gcc.h ****   \brief   Send Event
 855:Drivers/CMSIS/Include/cmsis_gcc.h ****   \details Send Event is a hint instruction. It causes an event to be signaled to the CPU.
 856:Drivers/CMSIS/Include/cmsis_gcc.h ****  */
 857:Drivers/CMSIS/Include/cmsis_gcc.h **** #define __SEV()                             __ASM volatile ("sev")
 858:Drivers/CMSIS/Include/cmsis_gcc.h **** 
 859:Drivers/CMSIS/Include/cmsis_gcc.h **** 
 860:Drivers/CMSIS/Include/cmsis_gcc.h **** /**
 861:Drivers/CMSIS/Include/cmsis_gcc.h ****   \brief   Instruction Synchronization Barrier
 862:Drivers/CMSIS/Include/cmsis_gcc.h ****   \details Instruction Synchronization Barrier flushes the pipeline in the processor,
 863:Drivers/CMSIS/Include/cmsis_gcc.h ****            so that all instructions following the ISB are fetched from cache or memory,
 864:Drivers/CMSIS/Include/cmsis_gcc.h ****            after the instruction has been completed.
 865:Drivers/CMSIS/Include/cmsis_gcc.h ****  */
 866:Drivers/CMSIS/Include/cmsis_gcc.h **** __STATIC_FORCEINLINE void __ISB(void)
 867:Drivers/CMSIS/Include/cmsis_gcc.h **** {
 868:Drivers/CMSIS/Include/cmsis_gcc.h ****   __ASM volatile ("isb 0xF":::"memory");
 869:Drivers/CMSIS/Include/cmsis_gcc.h **** }
 870:Drivers/CMSIS/Include/cmsis_gcc.h **** 
 871:Drivers/CMSIS/Include/cmsis_gcc.h **** 
 872:Drivers/CMSIS/Include/cmsis_gcc.h **** /**
 873:Drivers/CMSIS/Include/cmsis_gcc.h ****   \brief   Data Synchronization Barrier
 874:Drivers/CMSIS/Include/cmsis_gcc.h ****   \details Acts as a special kind of Data Memory Barrier.
 875:Drivers/CMSIS/Include/cmsis_gcc.h ****            It completes when all explicit memory accesses before this instruction complete.
 876:Drivers/CMSIS/Include/cmsis_gcc.h ****  */
 877:Drivers/CMSIS/Include/cmsis_gcc.h **** __STATIC_FORCEINLINE void __DSB(void)
 1769              		.loc 3 877 27 view .LVU491
 1770              	.LBB47:
 878:Drivers/CMSIS/Include/cmsis_gcc.h **** {
 879:Drivers/CMSIS/Include/cmsis_gcc.h ****   __ASM volatile ("dsb 0xF":::"memory");
 1771              		.loc 3 879 3 view .LVU492
 1772              		.syntax unified
 1773              	@ 879 "Drivers/CMSIS/Include/cmsis_gcc.h" 1
 1774 0102 BFF34F8F 		dsb 0xF
 1775              	@ 0 "" 2
 1776              		.thumb
 1777              		.syntax unified
 1778              	.LBE47:
 1779              	.LBE46:
1765:Drivers/CMSIS/Include/core_cm3.h ****                                                                        buffered write are completed
1766:Drivers/CMSIS/Include/core_cm3.h ****   SCB->AIRCR  = (uint32_t)((0x5FAUL << SCB_AIRCR_VECTKEY_Pos)    |
 1780              		.loc 2 1766 3 view .LVU493
1767:Drivers/CMSIS/Include/core_cm3.h ****                            (SCB->AIRCR & SCB_AIRCR_PRIGROUP_Msk) |
 1781              		.loc 2 1767 32 is_stmt 0 view .LVU494
 1782 0106 1749     		ldr	r1, .L164+72
1766:Drivers/CMSIS/Include/core_cm3.h ****                            (SCB->AIRCR & SCB_AIRCR_PRIGROUP_Msk) |
 1783              		.loc 2 1766 17 view .LVU495
 1784 0108 174B     		ldr	r3, .L164+76
 1785              		.loc 2 1767 32 view .LVU496
 1786 010a CA68     		ldr	r2, [r1, #12]
 1787              		.loc 2 1767 40 view .LVU497
 1788 010c 02F4E062 		and	r2, r2, #1792
1766:Drivers/CMSIS/Include/core_cm3.h ****                            (SCB->AIRCR & SCB_AIRCR_PRIGROUP_Msk) |
 1789              		.loc 2 1766 17 view .LVU498
 1790 0110 1343     		orrs	r3, r3, r2
1766:Drivers/CMSIS/Include/core_cm3.h ****                            (SCB->AIRCR & SCB_AIRCR_PRIGROUP_Msk) |
 1791              		.loc 2 1766 15 view .LVU499
 1792 0112 CB60     		str	r3, [r1, #12]
1768:Drivers/CMSIS/Include/core_cm3.h ****                             SCB_AIRCR_SYSRESETREQ_Msk    );         /* Keep priority group unchange
ARM GAS  C:\Users\airforce\AppData\Local\Temp\ccDyHakX.s 			page 96


1769:Drivers/CMSIS/Include/core_cm3.h ****   __DSB();                                                          /* Ensure completion of memory 
 1793              		.loc 2 1769 3 is_stmt 1 view .LVU500
 1794              	.LBB48:
 1795              	.LBI48:
 877:Drivers/CMSIS/Include/cmsis_gcc.h **** {
 1796              		.loc 3 877 27 view .LVU501
 1797              	.LBB49:
 1798              		.loc 3 879 3 view .LVU502
 1799              		.syntax unified
 1800              	@ 879 "Drivers/CMSIS/Include/cmsis_gcc.h" 1
 1801 0114 BFF34F8F 		dsb 0xF
 1802              	@ 0 "" 2
 1803              		.thumb
 1804              		.syntax unified
 1805              	.L156:
 1806              	.LBE49:
 1807              	.LBE48:
1770:Drivers/CMSIS/Include/core_cm3.h **** 
1771:Drivers/CMSIS/Include/core_cm3.h ****   for(;;)                                                           /* wait until reset */
 1808              		.loc 2 1771 3 view .LVU503
1772:Drivers/CMSIS/Include/core_cm3.h ****   {
1773:Drivers/CMSIS/Include/core_cm3.h ****     __NOP();
 1809              		.loc 2 1773 5 discriminator 1 view .LVU504
 1810              		.syntax unified
 1811              	@ 1773 "Drivers/CMSIS/Include/core_cm3.h" 1
 1812 0118 00BF     		nop
 1813              	@ 0 "" 2
1771:Drivers/CMSIS/Include/core_cm3.h ****   {
 1814              		.loc 2 1771 3 view .LVU505
 1815              		.thumb
 1816              		.syntax unified
 1817 011a FDE7     		b	.L156
 1818              	.L165:
 1819              		.align	2
 1820              	.L164:
 1821 011c 00000000 		.word	current_version
 1822 0120 00000000 		.word	.LC45
 1823 0124 05000000 		.word	.LC46
 1824 0128 21000000 		.word	.LC47
 1825 012c 3E000000 		.word	.LC48
 1826 0130 00000000 		.word	ota_tid
 1827 0134 00000000 		.word	ota_file_size
 1828 0138 6B000000 		.word	.LC49
 1829 013c 00000000 		.word	ota_new_ver
 1830 0140 A1000000 		.word	.LC50
 1831 0144 00000000 		.word	ota_state
 1832 0148 CB000000 		.word	.LC51
 1833 014c F7000000 		.word	.LC52
 1834 0150 1E010000 		.word	.LC53
 1835 0154 00000000 		.word	ota_server_md5
 1836 0158 36010000 		.word	.LC54
 1837 015c 4D010000 		.word	.LC55
 1838 0160 50010000 		.word	.LC56
 1839 0164 00ED00E0 		.word	-536810240
 1840 0168 0400FA05 		.word	100270084
 1841              	.LBE45:
 1842              	.LBE44:
ARM GAS  C:\Users\airforce\AppData\Local\Temp\ccDyHakX.s 			page 97


 1843              	.LBE43:
 1844              	.LBE42:
 1845              		.cfi_endproc
 1846              	.LFE69:
 1848              		.section	.text.OTA_GetState,"ax",%progbits
 1849              		.align	1
 1850              		.global	OTA_GetState
 1851              		.syntax unified
 1852              		.thumb
 1853              		.thumb_func
 1855              	OTA_GetState:
 1856              	.LFB75:
 491:Core/Src/device/ota_download.c **** }
 492:Core/Src/device/ota_download.c **** 
 493:Core/Src/device/ota_download.c **** /* ==================================================================
 494:Core/Src/device/ota_download.c ****  *  状态查询
 495:Core/Src/device/ota_download.c ****  * ================================================================== */
 496:Core/Src/device/ota_download.c **** OTA_State_t OTA_GetState(void)  { return ota_state; }
 1857              		.loc 1 496 33 view -0
 1858              		.cfi_startproc
 1859              		@ args = 0, pretend = 0, frame = 0
 1860              		@ frame_needed = 0, uses_anonymous_args = 0
 1861              		@ link register save eliminated.
 1862              		.loc 1 496 35 view .LVU507
 1863              		.loc 1 496 53 is_stmt 0 view .LVU508
 1864 0000 014B     		ldr	r3, .L167
 1865 0002 1878     		ldrb	r0, [r3]	@ zero_extendqisi2
 1866 0004 7047     		bx	lr
 1867              	.L168:
 1868 0006 00BF     		.align	2
 1869              	.L167:
 1870 0008 00000000 		.word	ota_state
 1871              		.cfi_endproc
 1872              	.LFE75:
 1874              		.section	.text.OTA_GetProgress,"ax",%progbits
 1875              		.align	1
 1876              		.global	OTA_GetProgress
 1877              		.syntax unified
 1878              		.thumb
 1879              		.thumb_func
 1881              	OTA_GetProgress:
 1882              	.LFB76:
 497:Core/Src/device/ota_download.c **** uint8_t    OTA_GetProgress(void) { return ota_progress; }
 1883              		.loc 1 497 34 is_stmt 1 view -0
 1884              		.cfi_startproc
 1885              		@ args = 0, pretend = 0, frame = 0
 1886              		@ frame_needed = 0, uses_anonymous_args = 0
 1887              		@ link register save eliminated.
 1888              		.loc 1 497 36 view .LVU510
 1889              		.loc 1 497 57 is_stmt 0 view .LVU511
 1890 0000 014B     		ldr	r3, .L170
 1891 0002 1878     		ldrb	r0, [r3]	@ zero_extendqisi2
 1892 0004 7047     		bx	lr
 1893              	.L171:
 1894 0006 00BF     		.align	2
 1895              	.L170:
 1896 0008 00000000 		.word	ota_progress
ARM GAS  C:\Users\airforce\AppData\Local\Temp\ccDyHakX.s 			page 98


 1897              		.cfi_endproc
 1898              	.LFE76:
 1900              		.section	.data.current_version,"aw"
 1903              	current_version:
 1904 0000 56312E30 		.ascii	"V1.0\000"
 1904      00
 1905 0005 00000000 		.space	11
 1905      00000000 
 1905      000000
 1906              		.section	.bss.ota_server_md5,"aw",%nobits
 1909              	ota_server_md5:
 1910 0000 00000000 		.space	33
 1910      00000000 
 1910      00000000 
 1910      00000000 
 1910      00000000 
 1911              		.section	.bss.ota_file_size,"aw",%nobits
 1912              		.align	2
 1915              	ota_file_size:
 1916 0000 00000000 		.space	4
 1917              		.section	.bss.ota_new_ver,"aw",%nobits
 1920              	ota_new_ver:
 1921 0000 00000000 		.space	16
 1921      00000000 
 1921      00000000 
 1921      00000000 
 1922              		.section	.bss.ota_tid,"aw",%nobits
 1925              	ota_tid:
 1926 0000 00000000 		.space	16
 1926      00000000 
 1926      00000000 
 1926      00000000 
 1927              		.section	.bss.ota_progress,"aw",%nobits
 1930              	ota_progress:
 1931 0000 00       		.space	1
 1932              		.section	.bss.ota_state,"aw",%nobits
 1935              	ota_state:
 1936 0000 00       		.space	1
 1937              		.text
 1938              	.Letext0:
 1939              		.file 4 "D:/stm32tools/arm-none-eabi-gcc/14.2.1-1.1.1/.content/arm-none-eabi/include/machine/_defa
 1940              		.file 5 "D:/stm32tools/arm-none-eabi-gcc/14.2.1-1.1.1/.content/arm-none-eabi/include/sys/_stdint.h
 1941              		.file 6 "Core/Inc/device/ota_download.h"
 1942              		.file 7 "D:/stm32tools/arm-none-eabi-gcc/14.2.1-1.1.1/.content/lib/gcc/arm-none-eabi/14.2.1/includ
 1943              		.file 8 "Core/Inc/device/at24c02.h"
 1944              		.file 9 "D:/stm32tools/arm-none-eabi-gcc/14.2.1-1.1.1/.content/arm-none-eabi/include/string.h"
 1945              		.file 10 "Core/Inc/device/w25q64.h"
 1946              		.file 11 "D:/stm32tools/arm-none-eabi-gcc/14.2.1-1.1.1/.content/arm-none-eabi/include/stdlib.h"
 1947              		.file 12 "Core/Inc/device/esp8266.h"
 1948              		.file 13 "Core/Inc/device/onenet.h"
 1949              		.file 14 "Drivers/STM32F1xx_HAL_Driver/Inc/stm32f1xx_hal.h"
 1950              		.file 15 "D:/stm32tools/arm-none-eabi-gcc/14.2.1-1.1.1/.content/arm-none-eabi/include/stdio.h"
 1951              		.file 16 "<built-in>"
ARM GAS  C:\Users\airforce\AppData\Local\Temp\ccDyHakX.s 			page 99


DEFINED SYMBOLS
                            *ABS*:00000000 ota_download.c
C:\Users\airforce\AppData\Local\Temp\ccDyHakX.s:57     .text.OTA_HttpRequest:00000000 $t
C:\Users\airforce\AppData\Local\Temp\ccDyHakX.s:62     .text.OTA_HttpRequest:00000000 OTA_HttpRequest
C:\Users\airforce\AppData\Local\Temp\ccDyHakX.s:522    .text.OTA_HttpRequest:000001d8 $d
C:\Users\airforce\AppData\Local\Temp\ccDyHakX.s:558    .text.OTA_ReportVersion:00000000 $t
C:\Users\airforce\AppData\Local\Temp\ccDyHakX.s:563    .text.OTA_ReportVersion:00000000 OTA_ReportVersion
C:\Users\airforce\AppData\Local\Temp\ccDyHakX.s:645    .text.OTA_ReportVersion:00000058 $d
C:\Users\airforce\AppData\Local\Temp\ccDyHakX.s:1903   .data.current_version:00000000 current_version
C:\Users\airforce\AppData\Local\Temp\ccDyHakX.s:681    .text.OTA_CheckTask:00000000 $t
C:\Users\airforce\AppData\Local\Temp\ccDyHakX.s:686    .text.OTA_CheckTask:00000000 OTA_CheckTask
C:\Users\airforce\AppData\Local\Temp\ccDyHakX.s:1030   .text.OTA_CheckTask:00000164 $d
C:\Users\airforce\AppData\Local\Temp\ccDyHakX.s:1920   .bss.ota_new_ver:00000000 ota_new_ver
C:\Users\airforce\AppData\Local\Temp\ccDyHakX.s:1925   .bss.ota_tid:00000000 ota_tid
C:\Users\airforce\AppData\Local\Temp\ccDyHakX.s:1915   .bss.ota_file_size:00000000 ota_file_size
C:\Users\airforce\AppData\Local\Temp\ccDyHakX.s:1909   .bss.ota_server_md5:00000000 ota_server_md5
C:\Users\airforce\AppData\Local\Temp\ccDyHakX.s:1077   .text.OTA_DownloadFirmware:00000000 $t
C:\Users\airforce\AppData\Local\Temp\ccDyHakX.s:1082   .text.OTA_DownloadFirmware:00000000 OTA_DownloadFirmware
C:\Users\airforce\AppData\Local\Temp\ccDyHakX.s:1448   .text.OTA_DownloadFirmware:00000174 $d
C:\Users\airforce\AppData\Local\Temp\ccDyHakX.s:1935   .bss.ota_state:00000000 ota_state
C:\Users\airforce\AppData\Local\Temp\ccDyHakX.s:1930   .bss.ota_progress:00000000 ota_progress
C:\Users\airforce\AppData\Local\Temp\ccDyHakX.s:1498   .text.OTA_CheckAndDownload:00000000 $t
C:\Users\airforce\AppData\Local\Temp\ccDyHakX.s:1504   .text.OTA_CheckAndDownload:00000000 OTA_CheckAndDownload
C:\Users\airforce\AppData\Local\Temp\ccDyHakX.s:1821   .text.OTA_CheckAndDownload:0000011c $d
C:\Users\airforce\AppData\Local\Temp\ccDyHakX.s:1849   .text.OTA_GetState:00000000 $t
C:\Users\airforce\AppData\Local\Temp\ccDyHakX.s:1855   .text.OTA_GetState:00000000 OTA_GetState
C:\Users\airforce\AppData\Local\Temp\ccDyHakX.s:1870   .text.OTA_GetState:00000008 $d
C:\Users\airforce\AppData\Local\Temp\ccDyHakX.s:1875   .text.OTA_GetProgress:00000000 $t
C:\Users\airforce\AppData\Local\Temp\ccDyHakX.s:1881   .text.OTA_GetProgress:00000000 OTA_GetProgress
C:\Users\airforce\AppData\Local\Temp\ccDyHakX.s:1896   .text.OTA_GetProgress:00000008 $d
C:\Users\airforce\AppData\Local\Temp\ccDyHakX.s:1905   .data.current_version:00000005 $d
C:\Users\airforce\AppData\Local\Temp\ccDyHakX.s:1910   .bss.ota_server_md5:00000000 $d
C:\Users\airforce\AppData\Local\Temp\ccDyHakX.s:1912   .bss.ota_file_size:00000000 $d
C:\Users\airforce\AppData\Local\Temp\ccDyHakX.s:1921   .bss.ota_new_ver:00000000 $d
C:\Users\airforce\AppData\Local\Temp\ccDyHakX.s:1926   .bss.ota_tid:00000000 $d
C:\Users\airforce\AppData\Local\Temp\ccDyHakX.s:1931   .bss.ota_progress:00000000 $d
C:\Users\airforce\AppData\Local\Temp\ccDyHakX.s:1936   .bss.ota_state:00000000 $d

UNDEFINED SYMBOLS
snprintf
ESP8266_SendCmd
OneNET_Authorization
strlen
ESP8266_Clear
ESP8266_SendData
ESP8266_GetIPD
strstr
strtoul
memcpy
puts
HAL_Delay
esp8266_buf
printf
strncpy
strchr
W25Q64_SectorErase
W25Q64_Write
ARM GAS  C:\Users\airforce\AppData\Local\Temp\ccDyHakX.s 			page 100


AT24C02_ReadBuf
strcpy
W25Q64_CRC32
memset
AT24C02_WriteBuf
AT24C02_WriteByte
