ARM GAS  C:\Users\airforce\AppData\Local\Temp\cc49S5gS.s 			page 1


   1              		.cpu cortex-m3
   2              		.arch armv7-m
   3              		.fpu softvfp
   4              		.eabi_attribute 20, 1
   5              		.eabi_attribute 21, 1
   6              		.eabi_attribute 23, 3
   7              		.eabi_attribute 24, 1
   8              		.eabi_attribute 25, 1
   9              		.eabi_attribute 26, 1
  10              		.eabi_attribute 30, 4
  11              		.eabi_attribute 34, 1
  12              		.eabi_attribute 18, 4
  13              		.file	"queue.c"
  14              		.text
  15              	.Ltext0:
  16              		.cfi_sections	.debug_frame
  17              		.file 1 "Middlewares/FreeRTOS/Source/queue.c"
  18              		.section	.text.prvIsQueueEmpty,"ax",%progbits
  19              		.align	1
  20              		.syntax unified
  21              		.thumb
  22              		.thumb_func
  24              	prvIsQueueEmpty:
  25              	.LVL0:
  26              	.LFB96:
   1:Middlewares/FreeRTOS/Source/queue.c **** /*
   2:Middlewares/FreeRTOS/Source/queue.c ****  * FreeRTOS Kernel V10.4.6
   3:Middlewares/FreeRTOS/Source/queue.c ****  * Copyright (C) 2021 Amazon.com, Inc. or its affiliates.  All Rights Reserved.
   4:Middlewares/FreeRTOS/Source/queue.c ****  *
   5:Middlewares/FreeRTOS/Source/queue.c ****  * SPDX-License-Identifier: MIT
   6:Middlewares/FreeRTOS/Source/queue.c ****  *
   7:Middlewares/FreeRTOS/Source/queue.c ****  * Permission is hereby granted, free of charge, to any person obtaining a copy of
   8:Middlewares/FreeRTOS/Source/queue.c ****  * this software and associated documentation files (the "Software"), to deal in
   9:Middlewares/FreeRTOS/Source/queue.c ****  * the Software without restriction, including without limitation the rights to
  10:Middlewares/FreeRTOS/Source/queue.c ****  * use, copy, modify, merge, publish, distribute, sublicense, and/or sell copies of
  11:Middlewares/FreeRTOS/Source/queue.c ****  * the Software, and to permit persons to whom the Software is furnished to do so,
  12:Middlewares/FreeRTOS/Source/queue.c ****  * subject to the following conditions:
  13:Middlewares/FreeRTOS/Source/queue.c ****  *
  14:Middlewares/FreeRTOS/Source/queue.c ****  * The above copyright notice and this permission notice shall be included in all
  15:Middlewares/FreeRTOS/Source/queue.c ****  * copies or substantial portions of the Software.
  16:Middlewares/FreeRTOS/Source/queue.c ****  *
  17:Middlewares/FreeRTOS/Source/queue.c ****  * THE SOFTWARE IS PROVIDED "AS IS", WITHOUT WARRANTY OF ANY KIND, EXPRESS OR
  18:Middlewares/FreeRTOS/Source/queue.c ****  * IMPLIED, INCLUDING BUT NOT LIMITED TO THE WARRANTIES OF MERCHANTABILITY, FITNESS
  19:Middlewares/FreeRTOS/Source/queue.c ****  * FOR A PARTICULAR PURPOSE AND NONINFRINGEMENT. IN NO EVENT SHALL THE AUTHORS OR
  20:Middlewares/FreeRTOS/Source/queue.c ****  * COPYRIGHT HOLDERS BE LIABLE FOR ANY CLAIM, DAMAGES OR OTHER LIABILITY, WHETHER
  21:Middlewares/FreeRTOS/Source/queue.c ****  * IN AN ACTION OF CONTRACT, TORT OR OTHERWISE, ARISING FROM, OUT OF OR IN
  22:Middlewares/FreeRTOS/Source/queue.c ****  * CONNECTION WITH THE SOFTWARE OR THE USE OR OTHER DEALINGS IN THE SOFTWARE.
  23:Middlewares/FreeRTOS/Source/queue.c ****  *
  24:Middlewares/FreeRTOS/Source/queue.c ****  * https://www.FreeRTOS.org
  25:Middlewares/FreeRTOS/Source/queue.c ****  * https://github.com/FreeRTOS
  26:Middlewares/FreeRTOS/Source/queue.c ****  *
  27:Middlewares/FreeRTOS/Source/queue.c ****  */
  28:Middlewares/FreeRTOS/Source/queue.c **** 
  29:Middlewares/FreeRTOS/Source/queue.c **** #include <stdlib.h>
  30:Middlewares/FreeRTOS/Source/queue.c **** #include <string.h>
  31:Middlewares/FreeRTOS/Source/queue.c **** 
  32:Middlewares/FreeRTOS/Source/queue.c **** /* Defining MPU_WRAPPERS_INCLUDED_FROM_API_FILE prevents task.h from redefining
ARM GAS  C:\Users\airforce\AppData\Local\Temp\cc49S5gS.s 			page 2


  33:Middlewares/FreeRTOS/Source/queue.c ****  * all the API functions to use the MPU wrappers.  That should only be done when
  34:Middlewares/FreeRTOS/Source/queue.c ****  * task.h is included from an application file. */
  35:Middlewares/FreeRTOS/Source/queue.c **** #define MPU_WRAPPERS_INCLUDED_FROM_API_FILE
  36:Middlewares/FreeRTOS/Source/queue.c **** 
  37:Middlewares/FreeRTOS/Source/queue.c **** #include "FreeRTOS.h"
  38:Middlewares/FreeRTOS/Source/queue.c **** #include "task.h"
  39:Middlewares/FreeRTOS/Source/queue.c **** #include "queue.h"
  40:Middlewares/FreeRTOS/Source/queue.c **** 
  41:Middlewares/FreeRTOS/Source/queue.c **** #if ( configUSE_CO_ROUTINES == 1 )
  42:Middlewares/FreeRTOS/Source/queue.c ****     #include "croutine.h"
  43:Middlewares/FreeRTOS/Source/queue.c **** #endif
  44:Middlewares/FreeRTOS/Source/queue.c **** 
  45:Middlewares/FreeRTOS/Source/queue.c **** /* Lint e9021, e961 and e750 are suppressed as a MISRA exception justified
  46:Middlewares/FreeRTOS/Source/queue.c ****  * because the MPU ports require MPU_WRAPPERS_INCLUDED_FROM_API_FILE to be defined
  47:Middlewares/FreeRTOS/Source/queue.c ****  * for the header files above, but not in this file, in order to generate the
  48:Middlewares/FreeRTOS/Source/queue.c ****  * correct privileged Vs unprivileged linkage and placement. */
  49:Middlewares/FreeRTOS/Source/queue.c **** #undef MPU_WRAPPERS_INCLUDED_FROM_API_FILE /*lint !e961 !e750 !e9021. */
  50:Middlewares/FreeRTOS/Source/queue.c **** 
  51:Middlewares/FreeRTOS/Source/queue.c **** 
  52:Middlewares/FreeRTOS/Source/queue.c **** /* Constants used with the cRxLock and cTxLock structure members. */
  53:Middlewares/FreeRTOS/Source/queue.c **** #define queueUNLOCKED             ( ( int8_t ) -1 )
  54:Middlewares/FreeRTOS/Source/queue.c **** #define queueLOCKED_UNMODIFIED    ( ( int8_t ) 0 )
  55:Middlewares/FreeRTOS/Source/queue.c **** #define queueINT8_MAX             ( ( int8_t ) 127 )
  56:Middlewares/FreeRTOS/Source/queue.c **** 
  57:Middlewares/FreeRTOS/Source/queue.c **** /* When the Queue_t structure is used to represent a base queue its pcHead and
  58:Middlewares/FreeRTOS/Source/queue.c ****  * pcTail members are used as pointers into the queue storage area.  When the
  59:Middlewares/FreeRTOS/Source/queue.c ****  * Queue_t structure is used to represent a mutex pcHead and pcTail pointers are
  60:Middlewares/FreeRTOS/Source/queue.c ****  * not necessary, and the pcHead pointer is set to NULL to indicate that the
  61:Middlewares/FreeRTOS/Source/queue.c ****  * structure instead holds a pointer to the mutex holder (if any).  Map alternative
  62:Middlewares/FreeRTOS/Source/queue.c ****  * names to the pcHead and structure member to ensure the readability of the code
  63:Middlewares/FreeRTOS/Source/queue.c ****  * is maintained.  The QueuePointers_t and SemaphoreData_t types are used to form
  64:Middlewares/FreeRTOS/Source/queue.c ****  * a union as their usage is mutually exclusive dependent on what the queue is
  65:Middlewares/FreeRTOS/Source/queue.c ****  * being used for. */
  66:Middlewares/FreeRTOS/Source/queue.c **** #define uxQueueType               pcHead
  67:Middlewares/FreeRTOS/Source/queue.c **** #define queueQUEUE_IS_MUTEX       NULL
  68:Middlewares/FreeRTOS/Source/queue.c **** 
  69:Middlewares/FreeRTOS/Source/queue.c **** typedef struct QueuePointers
  70:Middlewares/FreeRTOS/Source/queue.c **** {
  71:Middlewares/FreeRTOS/Source/queue.c ****     int8_t * pcTail;     /*< Points to the byte at the end of the queue storage area.  Once more by
  72:Middlewares/FreeRTOS/Source/queue.c ****     int8_t * pcReadFrom; /*< Points to the last place that a queued item was read from when the str
  73:Middlewares/FreeRTOS/Source/queue.c **** } QueuePointers_t;
  74:Middlewares/FreeRTOS/Source/queue.c **** 
  75:Middlewares/FreeRTOS/Source/queue.c **** typedef struct SemaphoreData
  76:Middlewares/FreeRTOS/Source/queue.c **** {
  77:Middlewares/FreeRTOS/Source/queue.c ****     TaskHandle_t xMutexHolder;        /*< The handle of the task that holds the mutex. */
  78:Middlewares/FreeRTOS/Source/queue.c ****     UBaseType_t uxRecursiveCallCount; /*< Maintains a count of the number of times a recursive mute
  79:Middlewares/FreeRTOS/Source/queue.c **** } SemaphoreData_t;
  80:Middlewares/FreeRTOS/Source/queue.c **** 
  81:Middlewares/FreeRTOS/Source/queue.c **** /* Semaphores do not actually store or copy data, so have an item size of
  82:Middlewares/FreeRTOS/Source/queue.c ****  * zero. */
  83:Middlewares/FreeRTOS/Source/queue.c **** #define queueSEMAPHORE_QUEUE_ITEM_LENGTH    ( ( UBaseType_t ) 0 )
  84:Middlewares/FreeRTOS/Source/queue.c **** #define queueMUTEX_GIVE_BLOCK_TIME          ( ( TickType_t ) 0U )
  85:Middlewares/FreeRTOS/Source/queue.c **** 
  86:Middlewares/FreeRTOS/Source/queue.c **** #if ( configUSE_PREEMPTION == 0 )
  87:Middlewares/FreeRTOS/Source/queue.c **** 
  88:Middlewares/FreeRTOS/Source/queue.c **** /* If the cooperative scheduler is being used then a yield should not be
  89:Middlewares/FreeRTOS/Source/queue.c ****  * performed just because a higher priority task has been woken. */
ARM GAS  C:\Users\airforce\AppData\Local\Temp\cc49S5gS.s 			page 3


  90:Middlewares/FreeRTOS/Source/queue.c ****     #define queueYIELD_IF_USING_PREEMPTION()
  91:Middlewares/FreeRTOS/Source/queue.c **** #else
  92:Middlewares/FreeRTOS/Source/queue.c ****     #define queueYIELD_IF_USING_PREEMPTION()    portYIELD_WITHIN_API()
  93:Middlewares/FreeRTOS/Source/queue.c **** #endif
  94:Middlewares/FreeRTOS/Source/queue.c **** 
  95:Middlewares/FreeRTOS/Source/queue.c **** /*
  96:Middlewares/FreeRTOS/Source/queue.c ****  * Definition of the queue used by the scheduler.
  97:Middlewares/FreeRTOS/Source/queue.c ****  * Items are queued by copy, not reference.  See the following link for the
  98:Middlewares/FreeRTOS/Source/queue.c ****  * rationale: https://www.FreeRTOS.org/Embedded-RTOS-Queues.html
  99:Middlewares/FreeRTOS/Source/queue.c ****  */
 100:Middlewares/FreeRTOS/Source/queue.c **** typedef struct QueueDefinition /* The old naming convention is used to prevent breaking kernel awar
 101:Middlewares/FreeRTOS/Source/queue.c **** {
 102:Middlewares/FreeRTOS/Source/queue.c ****     int8_t * pcHead;           /*< Points to the beginning of the queue storage area. */
 103:Middlewares/FreeRTOS/Source/queue.c ****     int8_t * pcWriteTo;        /*< Points to the free next place in the storage area. */
 104:Middlewares/FreeRTOS/Source/queue.c **** 
 105:Middlewares/FreeRTOS/Source/queue.c ****     union
 106:Middlewares/FreeRTOS/Source/queue.c ****     {
 107:Middlewares/FreeRTOS/Source/queue.c ****         QueuePointers_t xQueue;     /*< Data required exclusively when this structure is used as a 
 108:Middlewares/FreeRTOS/Source/queue.c ****         SemaphoreData_t xSemaphore; /*< Data required exclusively when this structure is used as a 
 109:Middlewares/FreeRTOS/Source/queue.c ****     } u;
 110:Middlewares/FreeRTOS/Source/queue.c **** 
 111:Middlewares/FreeRTOS/Source/queue.c ****     List_t xTasksWaitingToSend;             /*< List of tasks that are blocked waiting to post onto
 112:Middlewares/FreeRTOS/Source/queue.c ****     List_t xTasksWaitingToReceive;          /*< List of tasks that are blocked waiting to read from
 113:Middlewares/FreeRTOS/Source/queue.c **** 
 114:Middlewares/FreeRTOS/Source/queue.c ****     volatile UBaseType_t uxMessagesWaiting; /*< The number of items currently in the queue. */
 115:Middlewares/FreeRTOS/Source/queue.c ****     UBaseType_t uxLength;                   /*< The length of the queue defined as the number of it
 116:Middlewares/FreeRTOS/Source/queue.c ****     UBaseType_t uxItemSize;                 /*< The size of each items that the queue will hold. */
 117:Middlewares/FreeRTOS/Source/queue.c **** 
 118:Middlewares/FreeRTOS/Source/queue.c ****     volatile int8_t cRxLock;                /*< Stores the number of items received from the queue 
 119:Middlewares/FreeRTOS/Source/queue.c ****     volatile int8_t cTxLock;                /*< Stores the number of items transmitted to the queue
 120:Middlewares/FreeRTOS/Source/queue.c **** 
 121:Middlewares/FreeRTOS/Source/queue.c ****     #if ( ( configSUPPORT_STATIC_ALLOCATION == 1 ) && ( configSUPPORT_DYNAMIC_ALLOCATION == 1 ) )
 122:Middlewares/FreeRTOS/Source/queue.c ****         uint8_t ucStaticallyAllocated; /*< Set to pdTRUE if the memory used by the queue was static
 123:Middlewares/FreeRTOS/Source/queue.c ****     #endif
 124:Middlewares/FreeRTOS/Source/queue.c **** 
 125:Middlewares/FreeRTOS/Source/queue.c ****     #if ( configUSE_QUEUE_SETS == 1 )
 126:Middlewares/FreeRTOS/Source/queue.c ****         struct QueueDefinition * pxQueueSetContainer;
 127:Middlewares/FreeRTOS/Source/queue.c ****     #endif
 128:Middlewares/FreeRTOS/Source/queue.c **** 
 129:Middlewares/FreeRTOS/Source/queue.c ****     #if ( configUSE_TRACE_FACILITY == 1 )
 130:Middlewares/FreeRTOS/Source/queue.c ****         UBaseType_t uxQueueNumber;
 131:Middlewares/FreeRTOS/Source/queue.c ****         uint8_t ucQueueType;
 132:Middlewares/FreeRTOS/Source/queue.c ****     #endif
 133:Middlewares/FreeRTOS/Source/queue.c **** } xQUEUE;
 134:Middlewares/FreeRTOS/Source/queue.c **** 
 135:Middlewares/FreeRTOS/Source/queue.c **** /* The old xQUEUE name is maintained above then typedefed to the new Queue_t
 136:Middlewares/FreeRTOS/Source/queue.c ****  * name below to enable the use of older kernel aware debuggers. */
 137:Middlewares/FreeRTOS/Source/queue.c **** typedef xQUEUE Queue_t;
 138:Middlewares/FreeRTOS/Source/queue.c **** 
 139:Middlewares/FreeRTOS/Source/queue.c **** /*-----------------------------------------------------------*/
 140:Middlewares/FreeRTOS/Source/queue.c **** 
 141:Middlewares/FreeRTOS/Source/queue.c **** /*
 142:Middlewares/FreeRTOS/Source/queue.c ****  * The queue registry is just a means for kernel aware debuggers to locate
 143:Middlewares/FreeRTOS/Source/queue.c ****  * queue structures.  It has no other purpose so is an optional component.
 144:Middlewares/FreeRTOS/Source/queue.c ****  */
 145:Middlewares/FreeRTOS/Source/queue.c **** #if ( configQUEUE_REGISTRY_SIZE > 0 )
 146:Middlewares/FreeRTOS/Source/queue.c **** 
ARM GAS  C:\Users\airforce\AppData\Local\Temp\cc49S5gS.s 			page 4


 147:Middlewares/FreeRTOS/Source/queue.c **** /* The type stored within the queue registry array.  This allows a name
 148:Middlewares/FreeRTOS/Source/queue.c ****  * to be assigned to each queue making kernel aware debugging a little
 149:Middlewares/FreeRTOS/Source/queue.c ****  * more user friendly. */
 150:Middlewares/FreeRTOS/Source/queue.c ****     typedef struct QUEUE_REGISTRY_ITEM
 151:Middlewares/FreeRTOS/Source/queue.c ****     {
 152:Middlewares/FreeRTOS/Source/queue.c ****         const char * pcQueueName; /*lint !e971 Unqualified char types are allowed for strings and s
 153:Middlewares/FreeRTOS/Source/queue.c ****         QueueHandle_t xHandle;
 154:Middlewares/FreeRTOS/Source/queue.c ****     } xQueueRegistryItem;
 155:Middlewares/FreeRTOS/Source/queue.c **** 
 156:Middlewares/FreeRTOS/Source/queue.c **** /* The old xQueueRegistryItem name is maintained above then typedefed to the
 157:Middlewares/FreeRTOS/Source/queue.c ****  * new xQueueRegistryItem name below to enable the use of older kernel aware
 158:Middlewares/FreeRTOS/Source/queue.c ****  * debuggers. */
 159:Middlewares/FreeRTOS/Source/queue.c ****     typedef xQueueRegistryItem QueueRegistryItem_t;
 160:Middlewares/FreeRTOS/Source/queue.c **** 
 161:Middlewares/FreeRTOS/Source/queue.c **** /* The queue registry is simply an array of QueueRegistryItem_t structures.
 162:Middlewares/FreeRTOS/Source/queue.c ****  * The pcQueueName member of a structure being NULL is indicative of the
 163:Middlewares/FreeRTOS/Source/queue.c ****  * array position being vacant. */
 164:Middlewares/FreeRTOS/Source/queue.c ****     PRIVILEGED_DATA QueueRegistryItem_t xQueueRegistry[ configQUEUE_REGISTRY_SIZE ];
 165:Middlewares/FreeRTOS/Source/queue.c **** 
 166:Middlewares/FreeRTOS/Source/queue.c **** #endif /* configQUEUE_REGISTRY_SIZE */
 167:Middlewares/FreeRTOS/Source/queue.c **** 
 168:Middlewares/FreeRTOS/Source/queue.c **** /*
 169:Middlewares/FreeRTOS/Source/queue.c ****  * Unlocks a queue locked by a call to prvLockQueue.  Locking a queue does not
 170:Middlewares/FreeRTOS/Source/queue.c ****  * prevent an ISR from adding or removing items to the queue, but does prevent
 171:Middlewares/FreeRTOS/Source/queue.c ****  * an ISR from removing tasks from the queue event lists.  If an ISR finds a
 172:Middlewares/FreeRTOS/Source/queue.c ****  * queue is locked it will instead increment the appropriate queue lock count
 173:Middlewares/FreeRTOS/Source/queue.c ****  * to indicate that a task may require unblocking.  When the queue in unlocked
 174:Middlewares/FreeRTOS/Source/queue.c ****  * these lock counts are inspected, and the appropriate action taken.
 175:Middlewares/FreeRTOS/Source/queue.c ****  */
 176:Middlewares/FreeRTOS/Source/queue.c **** static void prvUnlockQueue( Queue_t * const pxQueue ) PRIVILEGED_FUNCTION;
 177:Middlewares/FreeRTOS/Source/queue.c **** 
 178:Middlewares/FreeRTOS/Source/queue.c **** /*
 179:Middlewares/FreeRTOS/Source/queue.c ****  * Uses a critical section to determine if there is any data in a queue.
 180:Middlewares/FreeRTOS/Source/queue.c ****  *
 181:Middlewares/FreeRTOS/Source/queue.c ****  * @return pdTRUE if the queue contains no items, otherwise pdFALSE.
 182:Middlewares/FreeRTOS/Source/queue.c ****  */
 183:Middlewares/FreeRTOS/Source/queue.c **** static BaseType_t prvIsQueueEmpty( const Queue_t * pxQueue ) PRIVILEGED_FUNCTION;
 184:Middlewares/FreeRTOS/Source/queue.c **** 
 185:Middlewares/FreeRTOS/Source/queue.c **** /*
 186:Middlewares/FreeRTOS/Source/queue.c ****  * Uses a critical section to determine if there is any space in a queue.
 187:Middlewares/FreeRTOS/Source/queue.c ****  *
 188:Middlewares/FreeRTOS/Source/queue.c ****  * @return pdTRUE if there is no space, otherwise pdFALSE;
 189:Middlewares/FreeRTOS/Source/queue.c ****  */
 190:Middlewares/FreeRTOS/Source/queue.c **** static BaseType_t prvIsQueueFull( const Queue_t * pxQueue ) PRIVILEGED_FUNCTION;
 191:Middlewares/FreeRTOS/Source/queue.c **** 
 192:Middlewares/FreeRTOS/Source/queue.c **** /*
 193:Middlewares/FreeRTOS/Source/queue.c ****  * Copies an item into the queue, either at the front of the queue or the
 194:Middlewares/FreeRTOS/Source/queue.c ****  * back of the queue.
 195:Middlewares/FreeRTOS/Source/queue.c ****  */
 196:Middlewares/FreeRTOS/Source/queue.c **** static BaseType_t prvCopyDataToQueue( Queue_t * const pxQueue,
 197:Middlewares/FreeRTOS/Source/queue.c ****                                       const void * pvItemToQueue,
 198:Middlewares/FreeRTOS/Source/queue.c ****                                       const BaseType_t xPosition ) PRIVILEGED_FUNCTION;
 199:Middlewares/FreeRTOS/Source/queue.c **** 
 200:Middlewares/FreeRTOS/Source/queue.c **** /*
 201:Middlewares/FreeRTOS/Source/queue.c ****  * Copies an item out of a queue.
 202:Middlewares/FreeRTOS/Source/queue.c ****  */
 203:Middlewares/FreeRTOS/Source/queue.c **** static void prvCopyDataFromQueue( Queue_t * const pxQueue,
ARM GAS  C:\Users\airforce\AppData\Local\Temp\cc49S5gS.s 			page 5


 204:Middlewares/FreeRTOS/Source/queue.c ****                                   void * const pvBuffer ) PRIVILEGED_FUNCTION;
 205:Middlewares/FreeRTOS/Source/queue.c **** 
 206:Middlewares/FreeRTOS/Source/queue.c **** #if ( configUSE_QUEUE_SETS == 1 )
 207:Middlewares/FreeRTOS/Source/queue.c **** 
 208:Middlewares/FreeRTOS/Source/queue.c **** /*
 209:Middlewares/FreeRTOS/Source/queue.c ****  * Checks to see if a queue is a member of a queue set, and if so, notifies
 210:Middlewares/FreeRTOS/Source/queue.c ****  * the queue set that the queue contains data.
 211:Middlewares/FreeRTOS/Source/queue.c ****  */
 212:Middlewares/FreeRTOS/Source/queue.c ****     static BaseType_t prvNotifyQueueSetContainer( const Queue_t * const pxQueue ) PRIVILEGED_FUNCTI
 213:Middlewares/FreeRTOS/Source/queue.c **** #endif
 214:Middlewares/FreeRTOS/Source/queue.c **** 
 215:Middlewares/FreeRTOS/Source/queue.c **** /*
 216:Middlewares/FreeRTOS/Source/queue.c ****  * Called after a Queue_t structure has been allocated either statically or
 217:Middlewares/FreeRTOS/Source/queue.c ****  * dynamically to fill in the structure's members.
 218:Middlewares/FreeRTOS/Source/queue.c ****  */
 219:Middlewares/FreeRTOS/Source/queue.c **** static void prvInitialiseNewQueue( const UBaseType_t uxQueueLength,
 220:Middlewares/FreeRTOS/Source/queue.c ****                                    const UBaseType_t uxItemSize,
 221:Middlewares/FreeRTOS/Source/queue.c ****                                    uint8_t * pucQueueStorage,
 222:Middlewares/FreeRTOS/Source/queue.c ****                                    const uint8_t ucQueueType,
 223:Middlewares/FreeRTOS/Source/queue.c ****                                    Queue_t * pxNewQueue ) PRIVILEGED_FUNCTION;
 224:Middlewares/FreeRTOS/Source/queue.c **** 
 225:Middlewares/FreeRTOS/Source/queue.c **** /*
 226:Middlewares/FreeRTOS/Source/queue.c ****  * Mutexes are a special type of queue.  When a mutex is created, first the
 227:Middlewares/FreeRTOS/Source/queue.c ****  * queue is created, then prvInitialiseMutex() is called to configure the queue
 228:Middlewares/FreeRTOS/Source/queue.c ****  * as a mutex.
 229:Middlewares/FreeRTOS/Source/queue.c ****  */
 230:Middlewares/FreeRTOS/Source/queue.c **** #if ( configUSE_MUTEXES == 1 )
 231:Middlewares/FreeRTOS/Source/queue.c ****     static void prvInitialiseMutex( Queue_t * pxNewQueue ) PRIVILEGED_FUNCTION;
 232:Middlewares/FreeRTOS/Source/queue.c **** #endif
 233:Middlewares/FreeRTOS/Source/queue.c **** 
 234:Middlewares/FreeRTOS/Source/queue.c **** #if ( configUSE_MUTEXES == 1 )
 235:Middlewares/FreeRTOS/Source/queue.c **** 
 236:Middlewares/FreeRTOS/Source/queue.c **** /*
 237:Middlewares/FreeRTOS/Source/queue.c ****  * If a task waiting for a mutex causes the mutex holder to inherit a
 238:Middlewares/FreeRTOS/Source/queue.c ****  * priority, but the waiting task times out, then the holder should
 239:Middlewares/FreeRTOS/Source/queue.c ****  * disinherit the priority - but only down to the highest priority of any
 240:Middlewares/FreeRTOS/Source/queue.c ****  * other tasks that are waiting for the same mutex.  This function returns
 241:Middlewares/FreeRTOS/Source/queue.c ****  * that priority.
 242:Middlewares/FreeRTOS/Source/queue.c ****  */
 243:Middlewares/FreeRTOS/Source/queue.c ****     static UBaseType_t prvGetDisinheritPriorityAfterTimeout( const Queue_t * const pxQueue ) PRIVIL
 244:Middlewares/FreeRTOS/Source/queue.c **** #endif
 245:Middlewares/FreeRTOS/Source/queue.c **** /*-----------------------------------------------------------*/
 246:Middlewares/FreeRTOS/Source/queue.c **** 
 247:Middlewares/FreeRTOS/Source/queue.c **** /*
 248:Middlewares/FreeRTOS/Source/queue.c ****  * Macro to mark a queue as locked.  Locking a queue prevents an ISR from
 249:Middlewares/FreeRTOS/Source/queue.c ****  * accessing the queue event lists.
 250:Middlewares/FreeRTOS/Source/queue.c ****  */
 251:Middlewares/FreeRTOS/Source/queue.c **** #define prvLockQueue( pxQueue )                            \
 252:Middlewares/FreeRTOS/Source/queue.c ****     taskENTER_CRITICAL();                                  \
 253:Middlewares/FreeRTOS/Source/queue.c ****     {                                                      \
 254:Middlewares/FreeRTOS/Source/queue.c ****         if( ( pxQueue )->cRxLock == queueUNLOCKED )        \
 255:Middlewares/FreeRTOS/Source/queue.c ****         {                                                  \
 256:Middlewares/FreeRTOS/Source/queue.c ****             ( pxQueue )->cRxLock = queueLOCKED_UNMODIFIED; \
 257:Middlewares/FreeRTOS/Source/queue.c ****         }                                                  \
 258:Middlewares/FreeRTOS/Source/queue.c ****         if( ( pxQueue )->cTxLock == queueUNLOCKED )        \
 259:Middlewares/FreeRTOS/Source/queue.c ****         {                                                  \
 260:Middlewares/FreeRTOS/Source/queue.c ****             ( pxQueue )->cTxLock = queueLOCKED_UNMODIFIED; \
ARM GAS  C:\Users\airforce\AppData\Local\Temp\cc49S5gS.s 			page 6


 261:Middlewares/FreeRTOS/Source/queue.c ****         }                                                  \
 262:Middlewares/FreeRTOS/Source/queue.c ****     }                                                      \
 263:Middlewares/FreeRTOS/Source/queue.c ****     taskEXIT_CRITICAL()
 264:Middlewares/FreeRTOS/Source/queue.c **** /*-----------------------------------------------------------*/
 265:Middlewares/FreeRTOS/Source/queue.c **** 
 266:Middlewares/FreeRTOS/Source/queue.c **** BaseType_t xQueueGenericReset( QueueHandle_t xQueue,
 267:Middlewares/FreeRTOS/Source/queue.c ****                                BaseType_t xNewQueue )
 268:Middlewares/FreeRTOS/Source/queue.c **** {
 269:Middlewares/FreeRTOS/Source/queue.c ****     BaseType_t xReturn = pdPASS;
 270:Middlewares/FreeRTOS/Source/queue.c ****     Queue_t * const pxQueue = xQueue;
 271:Middlewares/FreeRTOS/Source/queue.c **** 
 272:Middlewares/FreeRTOS/Source/queue.c ****     configASSERT( pxQueue );
 273:Middlewares/FreeRTOS/Source/queue.c **** 
 274:Middlewares/FreeRTOS/Source/queue.c ****     if( ( pxQueue != NULL ) &&
 275:Middlewares/FreeRTOS/Source/queue.c ****         ( pxQueue->uxLength >= 1U ) &&
 276:Middlewares/FreeRTOS/Source/queue.c ****         /* Check for multiplication overflow. */
 277:Middlewares/FreeRTOS/Source/queue.c ****         ( ( SIZE_MAX / pxQueue->uxLength ) >= pxQueue->uxItemSize ) )
 278:Middlewares/FreeRTOS/Source/queue.c ****     {
 279:Middlewares/FreeRTOS/Source/queue.c ****         taskENTER_CRITICAL();
 280:Middlewares/FreeRTOS/Source/queue.c ****         {
 281:Middlewares/FreeRTOS/Source/queue.c ****             pxQueue->u.xQueue.pcTail = pxQueue->pcHead + ( pxQueue->uxLength * pxQueue->uxItemSize 
 282:Middlewares/FreeRTOS/Source/queue.c ****             pxQueue->uxMessagesWaiting = ( UBaseType_t ) 0U;
 283:Middlewares/FreeRTOS/Source/queue.c ****             pxQueue->pcWriteTo = pxQueue->pcHead;
 284:Middlewares/FreeRTOS/Source/queue.c ****             pxQueue->u.xQueue.pcReadFrom = pxQueue->pcHead + ( ( pxQueue->uxLength - 1U ) * pxQueue
 285:Middlewares/FreeRTOS/Source/queue.c ****             pxQueue->cRxLock = queueUNLOCKED;
 286:Middlewares/FreeRTOS/Source/queue.c ****             pxQueue->cTxLock = queueUNLOCKED;
 287:Middlewares/FreeRTOS/Source/queue.c **** 
 288:Middlewares/FreeRTOS/Source/queue.c ****             if( xNewQueue == pdFALSE )
 289:Middlewares/FreeRTOS/Source/queue.c ****             {
 290:Middlewares/FreeRTOS/Source/queue.c ****                 /* If there are tasks blocked waiting to read from the queue, then
 291:Middlewares/FreeRTOS/Source/queue.c ****                  * the tasks will remain blocked as after this function exits the queue
 292:Middlewares/FreeRTOS/Source/queue.c ****                  * will still be empty.  If there are tasks blocked waiting to write to
 293:Middlewares/FreeRTOS/Source/queue.c ****                  * the queue, then one should be unblocked as after this function exits
 294:Middlewares/FreeRTOS/Source/queue.c ****                  * it will be possible to write to it. */
 295:Middlewares/FreeRTOS/Source/queue.c ****                 if( listLIST_IS_EMPTY( &( pxQueue->xTasksWaitingToSend ) ) == pdFALSE )
 296:Middlewares/FreeRTOS/Source/queue.c ****                 {
 297:Middlewares/FreeRTOS/Source/queue.c ****                     if( xTaskRemoveFromEventList( &( pxQueue->xTasksWaitingToSend ) ) != pdFALSE )
 298:Middlewares/FreeRTOS/Source/queue.c ****                     {
 299:Middlewares/FreeRTOS/Source/queue.c ****                         queueYIELD_IF_USING_PREEMPTION();
 300:Middlewares/FreeRTOS/Source/queue.c ****                     }
 301:Middlewares/FreeRTOS/Source/queue.c ****                     else
 302:Middlewares/FreeRTOS/Source/queue.c ****                     {
 303:Middlewares/FreeRTOS/Source/queue.c ****                         mtCOVERAGE_TEST_MARKER();
 304:Middlewares/FreeRTOS/Source/queue.c ****                     }
 305:Middlewares/FreeRTOS/Source/queue.c ****                 }
 306:Middlewares/FreeRTOS/Source/queue.c ****                 else
 307:Middlewares/FreeRTOS/Source/queue.c ****                 {
 308:Middlewares/FreeRTOS/Source/queue.c ****                     mtCOVERAGE_TEST_MARKER();
 309:Middlewares/FreeRTOS/Source/queue.c ****                 }
 310:Middlewares/FreeRTOS/Source/queue.c ****             }
 311:Middlewares/FreeRTOS/Source/queue.c ****             else
 312:Middlewares/FreeRTOS/Source/queue.c ****             {
 313:Middlewares/FreeRTOS/Source/queue.c ****                 /* Ensure the event queues start in the correct state. */
 314:Middlewares/FreeRTOS/Source/queue.c ****                 vListInitialise( &( pxQueue->xTasksWaitingToSend ) );
 315:Middlewares/FreeRTOS/Source/queue.c ****                 vListInitialise( &( pxQueue->xTasksWaitingToReceive ) );
 316:Middlewares/FreeRTOS/Source/queue.c ****             }
 317:Middlewares/FreeRTOS/Source/queue.c ****         }
ARM GAS  C:\Users\airforce\AppData\Local\Temp\cc49S5gS.s 			page 7


 318:Middlewares/FreeRTOS/Source/queue.c ****         taskEXIT_CRITICAL();
 319:Middlewares/FreeRTOS/Source/queue.c ****     }
 320:Middlewares/FreeRTOS/Source/queue.c ****     else
 321:Middlewares/FreeRTOS/Source/queue.c ****     {
 322:Middlewares/FreeRTOS/Source/queue.c ****         xReturn = pdFAIL;
 323:Middlewares/FreeRTOS/Source/queue.c ****     }
 324:Middlewares/FreeRTOS/Source/queue.c **** 
 325:Middlewares/FreeRTOS/Source/queue.c ****     configASSERT( xReturn != pdFAIL );
 326:Middlewares/FreeRTOS/Source/queue.c **** 
 327:Middlewares/FreeRTOS/Source/queue.c ****     /* A value is returned for calling semantic consistency with previous
 328:Middlewares/FreeRTOS/Source/queue.c ****      * versions. */
 329:Middlewares/FreeRTOS/Source/queue.c ****     return xReturn;
 330:Middlewares/FreeRTOS/Source/queue.c **** }
 331:Middlewares/FreeRTOS/Source/queue.c **** /*-----------------------------------------------------------*/
 332:Middlewares/FreeRTOS/Source/queue.c **** 
 333:Middlewares/FreeRTOS/Source/queue.c **** #if ( configSUPPORT_STATIC_ALLOCATION == 1 )
 334:Middlewares/FreeRTOS/Source/queue.c **** 
 335:Middlewares/FreeRTOS/Source/queue.c ****     QueueHandle_t xQueueGenericCreateStatic( const UBaseType_t uxQueueLength,
 336:Middlewares/FreeRTOS/Source/queue.c ****                                              const UBaseType_t uxItemSize,
 337:Middlewares/FreeRTOS/Source/queue.c ****                                              uint8_t * pucQueueStorage,
 338:Middlewares/FreeRTOS/Source/queue.c ****                                              StaticQueue_t * pxStaticQueue,
 339:Middlewares/FreeRTOS/Source/queue.c ****                                              const uint8_t ucQueueType )
 340:Middlewares/FreeRTOS/Source/queue.c ****     {
 341:Middlewares/FreeRTOS/Source/queue.c ****         Queue_t * pxNewQueue = NULL;
 342:Middlewares/FreeRTOS/Source/queue.c **** 
 343:Middlewares/FreeRTOS/Source/queue.c ****         /* The StaticQueue_t structure and the queue storage area must be
 344:Middlewares/FreeRTOS/Source/queue.c ****          * supplied. */
 345:Middlewares/FreeRTOS/Source/queue.c ****         configASSERT( pxStaticQueue );
 346:Middlewares/FreeRTOS/Source/queue.c **** 
 347:Middlewares/FreeRTOS/Source/queue.c ****         if( ( uxQueueLength > ( UBaseType_t ) 0 ) &&
 348:Middlewares/FreeRTOS/Source/queue.c ****             ( pxStaticQueue != NULL ) &&
 349:Middlewares/FreeRTOS/Source/queue.c **** 
 350:Middlewares/FreeRTOS/Source/queue.c ****             /* A queue storage area should be provided if the item size is not 0, and
 351:Middlewares/FreeRTOS/Source/queue.c ****              * should not be provided if the item size is 0. */
 352:Middlewares/FreeRTOS/Source/queue.c ****             ( !( ( pucQueueStorage != NULL ) && ( uxItemSize == 0 ) ) ) &&
 353:Middlewares/FreeRTOS/Source/queue.c ****             ( !( ( pucQueueStorage == NULL ) && ( uxItemSize != 0 ) ) ) )
 354:Middlewares/FreeRTOS/Source/queue.c ****         {
 355:Middlewares/FreeRTOS/Source/queue.c ****             #if ( configASSERT_DEFINED == 1 )
 356:Middlewares/FreeRTOS/Source/queue.c ****                 {
 357:Middlewares/FreeRTOS/Source/queue.c ****                     /* Sanity check that the size of the structure used to declare a
 358:Middlewares/FreeRTOS/Source/queue.c ****                      * variable of type StaticQueue_t or StaticSemaphore_t equals the size of
 359:Middlewares/FreeRTOS/Source/queue.c ****                      * the real queue and semaphore structures. */
 360:Middlewares/FreeRTOS/Source/queue.c ****                     volatile size_t xSize = sizeof( StaticQueue_t );
 361:Middlewares/FreeRTOS/Source/queue.c **** 
 362:Middlewares/FreeRTOS/Source/queue.c ****                     /* This assertion cannot be branch covered in unit tests */
 363:Middlewares/FreeRTOS/Source/queue.c ****                     configASSERT( xSize == sizeof( Queue_t ) ); /* LCOV_EXCL_BR_LINE */
 364:Middlewares/FreeRTOS/Source/queue.c ****                     ( void ) xSize;                             /* Keeps lint quiet when configASSE
 365:Middlewares/FreeRTOS/Source/queue.c ****                 }
 366:Middlewares/FreeRTOS/Source/queue.c ****             #endif /* configASSERT_DEFINED */
 367:Middlewares/FreeRTOS/Source/queue.c **** 
 368:Middlewares/FreeRTOS/Source/queue.c ****             /* The address of a statically allocated queue was passed in, use it.
 369:Middlewares/FreeRTOS/Source/queue.c ****              * The address of a statically allocated storage area was also passed in
 370:Middlewares/FreeRTOS/Source/queue.c ****              * but is already set. */
 371:Middlewares/FreeRTOS/Source/queue.c ****             pxNewQueue = ( Queue_t * ) pxStaticQueue; /*lint !e740 !e9087 Unusual cast is ok as the
 372:Middlewares/FreeRTOS/Source/queue.c **** 
 373:Middlewares/FreeRTOS/Source/queue.c ****             #if ( configSUPPORT_DYNAMIC_ALLOCATION == 1 )
 374:Middlewares/FreeRTOS/Source/queue.c ****                 {
ARM GAS  C:\Users\airforce\AppData\Local\Temp\cc49S5gS.s 			page 8


 375:Middlewares/FreeRTOS/Source/queue.c ****                     /* Queues can be allocated wither statically or dynamically, so
 376:Middlewares/FreeRTOS/Source/queue.c ****                      * note this queue was allocated statically in case the queue is
 377:Middlewares/FreeRTOS/Source/queue.c ****                      * later deleted. */
 378:Middlewares/FreeRTOS/Source/queue.c ****                     pxNewQueue->ucStaticallyAllocated = pdTRUE;
 379:Middlewares/FreeRTOS/Source/queue.c ****                 }
 380:Middlewares/FreeRTOS/Source/queue.c ****             #endif /* configSUPPORT_DYNAMIC_ALLOCATION */
 381:Middlewares/FreeRTOS/Source/queue.c **** 
 382:Middlewares/FreeRTOS/Source/queue.c ****             prvInitialiseNewQueue( uxQueueLength, uxItemSize, pucQueueStorage, ucQueueType, pxNewQu
 383:Middlewares/FreeRTOS/Source/queue.c ****         }
 384:Middlewares/FreeRTOS/Source/queue.c ****         else
 385:Middlewares/FreeRTOS/Source/queue.c ****         {
 386:Middlewares/FreeRTOS/Source/queue.c ****             configASSERT( pxNewQueue );
 387:Middlewares/FreeRTOS/Source/queue.c ****             mtCOVERAGE_TEST_MARKER();
 388:Middlewares/FreeRTOS/Source/queue.c ****         }
 389:Middlewares/FreeRTOS/Source/queue.c **** 
 390:Middlewares/FreeRTOS/Source/queue.c ****         return pxNewQueue;
 391:Middlewares/FreeRTOS/Source/queue.c ****     }
 392:Middlewares/FreeRTOS/Source/queue.c **** 
 393:Middlewares/FreeRTOS/Source/queue.c **** #endif /* configSUPPORT_STATIC_ALLOCATION */
 394:Middlewares/FreeRTOS/Source/queue.c **** /*-----------------------------------------------------------*/
 395:Middlewares/FreeRTOS/Source/queue.c **** 
 396:Middlewares/FreeRTOS/Source/queue.c **** #if ( configSUPPORT_DYNAMIC_ALLOCATION == 1 )
 397:Middlewares/FreeRTOS/Source/queue.c **** 
 398:Middlewares/FreeRTOS/Source/queue.c ****     QueueHandle_t xQueueGenericCreate( const UBaseType_t uxQueueLength,
 399:Middlewares/FreeRTOS/Source/queue.c ****                                        const UBaseType_t uxItemSize,
 400:Middlewares/FreeRTOS/Source/queue.c ****                                        const uint8_t ucQueueType )
 401:Middlewares/FreeRTOS/Source/queue.c ****     {
 402:Middlewares/FreeRTOS/Source/queue.c ****         Queue_t * pxNewQueue = NULL;
 403:Middlewares/FreeRTOS/Source/queue.c ****         size_t xQueueSizeInBytes;
 404:Middlewares/FreeRTOS/Source/queue.c ****         uint8_t * pucQueueStorage;
 405:Middlewares/FreeRTOS/Source/queue.c **** 
 406:Middlewares/FreeRTOS/Source/queue.c ****         if( ( uxQueueLength > ( UBaseType_t ) 0 ) &&
 407:Middlewares/FreeRTOS/Source/queue.c ****             /* Check for multiplication overflow. */
 408:Middlewares/FreeRTOS/Source/queue.c ****             ( ( SIZE_MAX / uxQueueLength ) >= uxItemSize ) &&
 409:Middlewares/FreeRTOS/Source/queue.c ****             /* Check for addition overflow. */
 410:Middlewares/FreeRTOS/Source/queue.c ****             ( ( SIZE_MAX - sizeof( Queue_t ) ) >= ( uxQueueLength * uxItemSize ) ) )
 411:Middlewares/FreeRTOS/Source/queue.c ****         {
 412:Middlewares/FreeRTOS/Source/queue.c ****             /* Allocate enough space to hold the maximum number of items that
 413:Middlewares/FreeRTOS/Source/queue.c ****              * can be in the queue at any time.  It is valid for uxItemSize to be
 414:Middlewares/FreeRTOS/Source/queue.c ****              * zero in the case the queue is used as a semaphore. */
 415:Middlewares/FreeRTOS/Source/queue.c ****             xQueueSizeInBytes = ( size_t ) ( uxQueueLength * uxItemSize ); /*lint !e961 MISRA excep
 416:Middlewares/FreeRTOS/Source/queue.c **** 
 417:Middlewares/FreeRTOS/Source/queue.c ****             /* Allocate the queue and storage area.  Justification for MISRA
 418:Middlewares/FreeRTOS/Source/queue.c ****              * deviation as follows:  pvPortMalloc() always ensures returned memory
 419:Middlewares/FreeRTOS/Source/queue.c ****              * blocks are aligned per the requirements of the MCU stack.  In this case
 420:Middlewares/FreeRTOS/Source/queue.c ****              * pvPortMalloc() must return a pointer that is guaranteed to meet the
 421:Middlewares/FreeRTOS/Source/queue.c ****              * alignment requirements of the Queue_t structure - which in this case
 422:Middlewares/FreeRTOS/Source/queue.c ****              * is an int8_t *.  Therefore, whenever the stack alignment requirements
 423:Middlewares/FreeRTOS/Source/queue.c ****              * are greater than or equal to the pointer to char requirements the cast
 424:Middlewares/FreeRTOS/Source/queue.c ****              * is safe.  In other cases alignment requirements are not strict (one or
 425:Middlewares/FreeRTOS/Source/queue.c ****              * two bytes). */
 426:Middlewares/FreeRTOS/Source/queue.c ****             pxNewQueue = ( Queue_t * ) pvPortMalloc( sizeof( Queue_t ) + xQueueSizeInBytes ); /*lin
 427:Middlewares/FreeRTOS/Source/queue.c **** 
 428:Middlewares/FreeRTOS/Source/queue.c ****             if( pxNewQueue != NULL )
 429:Middlewares/FreeRTOS/Source/queue.c ****             {
 430:Middlewares/FreeRTOS/Source/queue.c ****                 /* Jump past the queue structure to find the location of the queue
 431:Middlewares/FreeRTOS/Source/queue.c ****                  * storage area. */
ARM GAS  C:\Users\airforce\AppData\Local\Temp\cc49S5gS.s 			page 9


 432:Middlewares/FreeRTOS/Source/queue.c ****                 pucQueueStorage = ( uint8_t * ) pxNewQueue;
 433:Middlewares/FreeRTOS/Source/queue.c ****                 pucQueueStorage += sizeof( Queue_t ); /*lint !e9016 Pointer arithmetic allowed on c
 434:Middlewares/FreeRTOS/Source/queue.c **** 
 435:Middlewares/FreeRTOS/Source/queue.c ****                 #if ( configSUPPORT_STATIC_ALLOCATION == 1 )
 436:Middlewares/FreeRTOS/Source/queue.c ****                     {
 437:Middlewares/FreeRTOS/Source/queue.c ****                         /* Queues can be created either statically or dynamically, so
 438:Middlewares/FreeRTOS/Source/queue.c ****                          * note this task was created dynamically in case it is later
 439:Middlewares/FreeRTOS/Source/queue.c ****                          * deleted. */
 440:Middlewares/FreeRTOS/Source/queue.c ****                         pxNewQueue->ucStaticallyAllocated = pdFALSE;
 441:Middlewares/FreeRTOS/Source/queue.c ****                     }
 442:Middlewares/FreeRTOS/Source/queue.c ****                 #endif /* configSUPPORT_STATIC_ALLOCATION */
 443:Middlewares/FreeRTOS/Source/queue.c **** 
 444:Middlewares/FreeRTOS/Source/queue.c ****                 prvInitialiseNewQueue( uxQueueLength, uxItemSize, pucQueueStorage, ucQueueType, pxN
 445:Middlewares/FreeRTOS/Source/queue.c ****             }
 446:Middlewares/FreeRTOS/Source/queue.c ****             else
 447:Middlewares/FreeRTOS/Source/queue.c ****             {
 448:Middlewares/FreeRTOS/Source/queue.c ****                 traceQUEUE_CREATE_FAILED( ucQueueType );
 449:Middlewares/FreeRTOS/Source/queue.c ****                 mtCOVERAGE_TEST_MARKER();
 450:Middlewares/FreeRTOS/Source/queue.c ****             }
 451:Middlewares/FreeRTOS/Source/queue.c ****         }
 452:Middlewares/FreeRTOS/Source/queue.c ****         else
 453:Middlewares/FreeRTOS/Source/queue.c ****         {
 454:Middlewares/FreeRTOS/Source/queue.c ****             configASSERT( pxNewQueue );
 455:Middlewares/FreeRTOS/Source/queue.c ****             mtCOVERAGE_TEST_MARKER();
 456:Middlewares/FreeRTOS/Source/queue.c ****         }
 457:Middlewares/FreeRTOS/Source/queue.c **** 
 458:Middlewares/FreeRTOS/Source/queue.c ****         return pxNewQueue;
 459:Middlewares/FreeRTOS/Source/queue.c ****     }
 460:Middlewares/FreeRTOS/Source/queue.c **** 
 461:Middlewares/FreeRTOS/Source/queue.c **** #endif /* configSUPPORT_STATIC_ALLOCATION */
 462:Middlewares/FreeRTOS/Source/queue.c **** /*-----------------------------------------------------------*/
 463:Middlewares/FreeRTOS/Source/queue.c **** 
 464:Middlewares/FreeRTOS/Source/queue.c **** static void prvInitialiseNewQueue( const UBaseType_t uxQueueLength,
 465:Middlewares/FreeRTOS/Source/queue.c ****                                    const UBaseType_t uxItemSize,
 466:Middlewares/FreeRTOS/Source/queue.c ****                                    uint8_t * pucQueueStorage,
 467:Middlewares/FreeRTOS/Source/queue.c ****                                    const uint8_t ucQueueType,
 468:Middlewares/FreeRTOS/Source/queue.c ****                                    Queue_t * pxNewQueue )
 469:Middlewares/FreeRTOS/Source/queue.c **** {
 470:Middlewares/FreeRTOS/Source/queue.c ****     /* Remove compiler warnings about unused parameters should
 471:Middlewares/FreeRTOS/Source/queue.c ****      * configUSE_TRACE_FACILITY not be set to 1. */
 472:Middlewares/FreeRTOS/Source/queue.c ****     ( void ) ucQueueType;
 473:Middlewares/FreeRTOS/Source/queue.c **** 
 474:Middlewares/FreeRTOS/Source/queue.c ****     if( uxItemSize == ( UBaseType_t ) 0 )
 475:Middlewares/FreeRTOS/Source/queue.c ****     {
 476:Middlewares/FreeRTOS/Source/queue.c ****         /* No RAM was allocated for the queue storage area, but PC head cannot
 477:Middlewares/FreeRTOS/Source/queue.c ****          * be set to NULL because NULL is used as a key to say the queue is used as
 478:Middlewares/FreeRTOS/Source/queue.c ****          * a mutex.  Therefore just set pcHead to point to the queue as a benign
 479:Middlewares/FreeRTOS/Source/queue.c ****          * value that is known to be within the memory map. */
 480:Middlewares/FreeRTOS/Source/queue.c ****         pxNewQueue->pcHead = ( int8_t * ) pxNewQueue;
 481:Middlewares/FreeRTOS/Source/queue.c ****     }
 482:Middlewares/FreeRTOS/Source/queue.c ****     else
 483:Middlewares/FreeRTOS/Source/queue.c ****     {
 484:Middlewares/FreeRTOS/Source/queue.c ****         /* Set the head to the start of the queue storage area. */
 485:Middlewares/FreeRTOS/Source/queue.c ****         pxNewQueue->pcHead = ( int8_t * ) pucQueueStorage;
 486:Middlewares/FreeRTOS/Source/queue.c ****     }
 487:Middlewares/FreeRTOS/Source/queue.c **** 
 488:Middlewares/FreeRTOS/Source/queue.c ****     /* Initialise the queue members as described where the queue type is
ARM GAS  C:\Users\airforce\AppData\Local\Temp\cc49S5gS.s 			page 10


 489:Middlewares/FreeRTOS/Source/queue.c ****      * defined. */
 490:Middlewares/FreeRTOS/Source/queue.c ****     pxNewQueue->uxLength = uxQueueLength;
 491:Middlewares/FreeRTOS/Source/queue.c ****     pxNewQueue->uxItemSize = uxItemSize;
 492:Middlewares/FreeRTOS/Source/queue.c ****     ( void ) xQueueGenericReset( pxNewQueue, pdTRUE );
 493:Middlewares/FreeRTOS/Source/queue.c **** 
 494:Middlewares/FreeRTOS/Source/queue.c ****     #if ( configUSE_TRACE_FACILITY == 1 )
 495:Middlewares/FreeRTOS/Source/queue.c ****         {
 496:Middlewares/FreeRTOS/Source/queue.c ****             pxNewQueue->ucQueueType = ucQueueType;
 497:Middlewares/FreeRTOS/Source/queue.c ****         }
 498:Middlewares/FreeRTOS/Source/queue.c ****     #endif /* configUSE_TRACE_FACILITY */
 499:Middlewares/FreeRTOS/Source/queue.c **** 
 500:Middlewares/FreeRTOS/Source/queue.c ****     #if ( configUSE_QUEUE_SETS == 1 )
 501:Middlewares/FreeRTOS/Source/queue.c ****         {
 502:Middlewares/FreeRTOS/Source/queue.c ****             pxNewQueue->pxQueueSetContainer = NULL;
 503:Middlewares/FreeRTOS/Source/queue.c ****         }
 504:Middlewares/FreeRTOS/Source/queue.c ****     #endif /* configUSE_QUEUE_SETS */
 505:Middlewares/FreeRTOS/Source/queue.c **** 
 506:Middlewares/FreeRTOS/Source/queue.c ****     traceQUEUE_CREATE( pxNewQueue );
 507:Middlewares/FreeRTOS/Source/queue.c **** }
 508:Middlewares/FreeRTOS/Source/queue.c **** /*-----------------------------------------------------------*/
 509:Middlewares/FreeRTOS/Source/queue.c **** 
 510:Middlewares/FreeRTOS/Source/queue.c **** #if ( configUSE_MUTEXES == 1 )
 511:Middlewares/FreeRTOS/Source/queue.c **** 
 512:Middlewares/FreeRTOS/Source/queue.c ****     static void prvInitialiseMutex( Queue_t * pxNewQueue )
 513:Middlewares/FreeRTOS/Source/queue.c ****     {
 514:Middlewares/FreeRTOS/Source/queue.c ****         if( pxNewQueue != NULL )
 515:Middlewares/FreeRTOS/Source/queue.c ****         {
 516:Middlewares/FreeRTOS/Source/queue.c ****             /* The queue create function will set all the queue structure members
 517:Middlewares/FreeRTOS/Source/queue.c ****             * correctly for a generic queue, but this function is creating a
 518:Middlewares/FreeRTOS/Source/queue.c ****             * mutex.  Overwrite those members that need to be set differently -
 519:Middlewares/FreeRTOS/Source/queue.c ****             * in particular the information required for priority inheritance. */
 520:Middlewares/FreeRTOS/Source/queue.c ****             pxNewQueue->u.xSemaphore.xMutexHolder = NULL;
 521:Middlewares/FreeRTOS/Source/queue.c ****             pxNewQueue->uxQueueType = queueQUEUE_IS_MUTEX;
 522:Middlewares/FreeRTOS/Source/queue.c **** 
 523:Middlewares/FreeRTOS/Source/queue.c ****             /* In case this is a recursive mutex. */
 524:Middlewares/FreeRTOS/Source/queue.c ****             pxNewQueue->u.xSemaphore.uxRecursiveCallCount = 0;
 525:Middlewares/FreeRTOS/Source/queue.c **** 
 526:Middlewares/FreeRTOS/Source/queue.c ****             traceCREATE_MUTEX( pxNewQueue );
 527:Middlewares/FreeRTOS/Source/queue.c **** 
 528:Middlewares/FreeRTOS/Source/queue.c ****             /* Start with the semaphore in the expected state. */
 529:Middlewares/FreeRTOS/Source/queue.c ****             ( void ) xQueueGenericSend( pxNewQueue, NULL, ( TickType_t ) 0U, queueSEND_TO_BACK );
 530:Middlewares/FreeRTOS/Source/queue.c ****         }
 531:Middlewares/FreeRTOS/Source/queue.c ****         else
 532:Middlewares/FreeRTOS/Source/queue.c ****         {
 533:Middlewares/FreeRTOS/Source/queue.c ****             traceCREATE_MUTEX_FAILED();
 534:Middlewares/FreeRTOS/Source/queue.c ****         }
 535:Middlewares/FreeRTOS/Source/queue.c ****     }
 536:Middlewares/FreeRTOS/Source/queue.c **** 
 537:Middlewares/FreeRTOS/Source/queue.c **** #endif /* configUSE_MUTEXES */
 538:Middlewares/FreeRTOS/Source/queue.c **** /*-----------------------------------------------------------*/
 539:Middlewares/FreeRTOS/Source/queue.c **** 
 540:Middlewares/FreeRTOS/Source/queue.c **** #if ( ( configUSE_MUTEXES == 1 ) && ( configSUPPORT_DYNAMIC_ALLOCATION == 1 ) )
 541:Middlewares/FreeRTOS/Source/queue.c **** 
 542:Middlewares/FreeRTOS/Source/queue.c ****     QueueHandle_t xQueueCreateMutex( const uint8_t ucQueueType )
 543:Middlewares/FreeRTOS/Source/queue.c ****     {
 544:Middlewares/FreeRTOS/Source/queue.c ****         QueueHandle_t xNewQueue;
 545:Middlewares/FreeRTOS/Source/queue.c ****         const UBaseType_t uxMutexLength = ( UBaseType_t ) 1, uxMutexSize = ( UBaseType_t ) 0;
ARM GAS  C:\Users\airforce\AppData\Local\Temp\cc49S5gS.s 			page 11


 546:Middlewares/FreeRTOS/Source/queue.c **** 
 547:Middlewares/FreeRTOS/Source/queue.c ****         xNewQueue = xQueueGenericCreate( uxMutexLength, uxMutexSize, ucQueueType );
 548:Middlewares/FreeRTOS/Source/queue.c ****         prvInitialiseMutex( ( Queue_t * ) xNewQueue );
 549:Middlewares/FreeRTOS/Source/queue.c **** 
 550:Middlewares/FreeRTOS/Source/queue.c ****         return xNewQueue;
 551:Middlewares/FreeRTOS/Source/queue.c ****     }
 552:Middlewares/FreeRTOS/Source/queue.c **** 
 553:Middlewares/FreeRTOS/Source/queue.c **** #endif /* configUSE_MUTEXES */
 554:Middlewares/FreeRTOS/Source/queue.c **** /*-----------------------------------------------------------*/
 555:Middlewares/FreeRTOS/Source/queue.c **** 
 556:Middlewares/FreeRTOS/Source/queue.c **** #if ( ( configUSE_MUTEXES == 1 ) && ( configSUPPORT_STATIC_ALLOCATION == 1 ) )
 557:Middlewares/FreeRTOS/Source/queue.c **** 
 558:Middlewares/FreeRTOS/Source/queue.c ****     QueueHandle_t xQueueCreateMutexStatic( const uint8_t ucQueueType,
 559:Middlewares/FreeRTOS/Source/queue.c ****                                            StaticQueue_t * pxStaticQueue )
 560:Middlewares/FreeRTOS/Source/queue.c ****     {
 561:Middlewares/FreeRTOS/Source/queue.c ****         QueueHandle_t xNewQueue;
 562:Middlewares/FreeRTOS/Source/queue.c ****         const UBaseType_t uxMutexLength = ( UBaseType_t ) 1, uxMutexSize = ( UBaseType_t ) 0;
 563:Middlewares/FreeRTOS/Source/queue.c **** 
 564:Middlewares/FreeRTOS/Source/queue.c ****         /* Prevent compiler warnings about unused parameters if
 565:Middlewares/FreeRTOS/Source/queue.c ****          * configUSE_TRACE_FACILITY does not equal 1. */
 566:Middlewares/FreeRTOS/Source/queue.c ****         ( void ) ucQueueType;
 567:Middlewares/FreeRTOS/Source/queue.c **** 
 568:Middlewares/FreeRTOS/Source/queue.c ****         xNewQueue = xQueueGenericCreateStatic( uxMutexLength, uxMutexSize, NULL, pxStaticQueue, ucQ
 569:Middlewares/FreeRTOS/Source/queue.c ****         prvInitialiseMutex( ( Queue_t * ) xNewQueue );
 570:Middlewares/FreeRTOS/Source/queue.c **** 
 571:Middlewares/FreeRTOS/Source/queue.c ****         return xNewQueue;
 572:Middlewares/FreeRTOS/Source/queue.c ****     }
 573:Middlewares/FreeRTOS/Source/queue.c **** 
 574:Middlewares/FreeRTOS/Source/queue.c **** #endif /* configUSE_MUTEXES */
 575:Middlewares/FreeRTOS/Source/queue.c **** /*-----------------------------------------------------------*/
 576:Middlewares/FreeRTOS/Source/queue.c **** 
 577:Middlewares/FreeRTOS/Source/queue.c **** #if ( ( configUSE_MUTEXES == 1 ) && ( INCLUDE_xSemaphoreGetMutexHolder == 1 ) )
 578:Middlewares/FreeRTOS/Source/queue.c **** 
 579:Middlewares/FreeRTOS/Source/queue.c ****     TaskHandle_t xQueueGetMutexHolder( QueueHandle_t xSemaphore )
 580:Middlewares/FreeRTOS/Source/queue.c ****     {
 581:Middlewares/FreeRTOS/Source/queue.c ****         TaskHandle_t pxReturn;
 582:Middlewares/FreeRTOS/Source/queue.c ****         Queue_t * const pxSemaphore = ( Queue_t * ) xSemaphore;
 583:Middlewares/FreeRTOS/Source/queue.c **** 
 584:Middlewares/FreeRTOS/Source/queue.c ****         configASSERT( xSemaphore );
 585:Middlewares/FreeRTOS/Source/queue.c **** 
 586:Middlewares/FreeRTOS/Source/queue.c ****         /* This function is called by xSemaphoreGetMutexHolder(), and should not
 587:Middlewares/FreeRTOS/Source/queue.c ****          * be called directly.  Note:  This is a good way of determining if the
 588:Middlewares/FreeRTOS/Source/queue.c ****          * calling task is the mutex holder, but not a good way of determining the
 589:Middlewares/FreeRTOS/Source/queue.c ****          * identity of the mutex holder, as the holder may change between the
 590:Middlewares/FreeRTOS/Source/queue.c ****          * following critical section exiting and the function returning. */
 591:Middlewares/FreeRTOS/Source/queue.c ****         taskENTER_CRITICAL();
 592:Middlewares/FreeRTOS/Source/queue.c ****         {
 593:Middlewares/FreeRTOS/Source/queue.c ****             if( pxSemaphore->uxQueueType == queueQUEUE_IS_MUTEX )
 594:Middlewares/FreeRTOS/Source/queue.c ****             {
 595:Middlewares/FreeRTOS/Source/queue.c ****                 pxReturn = pxSemaphore->u.xSemaphore.xMutexHolder;
 596:Middlewares/FreeRTOS/Source/queue.c ****             }
 597:Middlewares/FreeRTOS/Source/queue.c ****             else
 598:Middlewares/FreeRTOS/Source/queue.c ****             {
 599:Middlewares/FreeRTOS/Source/queue.c ****                 pxReturn = NULL;
 600:Middlewares/FreeRTOS/Source/queue.c ****             }
 601:Middlewares/FreeRTOS/Source/queue.c ****         }
 602:Middlewares/FreeRTOS/Source/queue.c ****         taskEXIT_CRITICAL();
ARM GAS  C:\Users\airforce\AppData\Local\Temp\cc49S5gS.s 			page 12


 603:Middlewares/FreeRTOS/Source/queue.c **** 
 604:Middlewares/FreeRTOS/Source/queue.c ****         return pxReturn;
 605:Middlewares/FreeRTOS/Source/queue.c ****     } /*lint !e818 xSemaphore cannot be a pointer to const because it is a typedef. */
 606:Middlewares/FreeRTOS/Source/queue.c **** 
 607:Middlewares/FreeRTOS/Source/queue.c **** #endif /* if ( ( configUSE_MUTEXES == 1 ) && ( INCLUDE_xSemaphoreGetMutexHolder == 1 ) ) */
 608:Middlewares/FreeRTOS/Source/queue.c **** /*-----------------------------------------------------------*/
 609:Middlewares/FreeRTOS/Source/queue.c **** 
 610:Middlewares/FreeRTOS/Source/queue.c **** #if ( ( configUSE_MUTEXES == 1 ) && ( INCLUDE_xSemaphoreGetMutexHolder == 1 ) )
 611:Middlewares/FreeRTOS/Source/queue.c **** 
 612:Middlewares/FreeRTOS/Source/queue.c ****     TaskHandle_t xQueueGetMutexHolderFromISR( QueueHandle_t xSemaphore )
 613:Middlewares/FreeRTOS/Source/queue.c ****     {
 614:Middlewares/FreeRTOS/Source/queue.c ****         TaskHandle_t pxReturn;
 615:Middlewares/FreeRTOS/Source/queue.c **** 
 616:Middlewares/FreeRTOS/Source/queue.c ****         configASSERT( xSemaphore );
 617:Middlewares/FreeRTOS/Source/queue.c **** 
 618:Middlewares/FreeRTOS/Source/queue.c ****         /* Mutexes cannot be used in interrupt service routines, so the mutex
 619:Middlewares/FreeRTOS/Source/queue.c ****          * holder should not change in an ISR, and therefore a critical section is
 620:Middlewares/FreeRTOS/Source/queue.c ****          * not required here. */
 621:Middlewares/FreeRTOS/Source/queue.c ****         if( ( ( Queue_t * ) xSemaphore )->uxQueueType == queueQUEUE_IS_MUTEX )
 622:Middlewares/FreeRTOS/Source/queue.c ****         {
 623:Middlewares/FreeRTOS/Source/queue.c ****             pxReturn = ( ( Queue_t * ) xSemaphore )->u.xSemaphore.xMutexHolder;
 624:Middlewares/FreeRTOS/Source/queue.c ****         }
 625:Middlewares/FreeRTOS/Source/queue.c ****         else
 626:Middlewares/FreeRTOS/Source/queue.c ****         {
 627:Middlewares/FreeRTOS/Source/queue.c ****             pxReturn = NULL;
 628:Middlewares/FreeRTOS/Source/queue.c ****         }
 629:Middlewares/FreeRTOS/Source/queue.c **** 
 630:Middlewares/FreeRTOS/Source/queue.c ****         return pxReturn;
 631:Middlewares/FreeRTOS/Source/queue.c ****     } /*lint !e818 xSemaphore cannot be a pointer to const because it is a typedef. */
 632:Middlewares/FreeRTOS/Source/queue.c **** 
 633:Middlewares/FreeRTOS/Source/queue.c **** #endif /* if ( ( configUSE_MUTEXES == 1 ) && ( INCLUDE_xSemaphoreGetMutexHolder == 1 ) ) */
 634:Middlewares/FreeRTOS/Source/queue.c **** /*-----------------------------------------------------------*/
 635:Middlewares/FreeRTOS/Source/queue.c **** 
 636:Middlewares/FreeRTOS/Source/queue.c **** #if ( configUSE_RECURSIVE_MUTEXES == 1 )
 637:Middlewares/FreeRTOS/Source/queue.c **** 
 638:Middlewares/FreeRTOS/Source/queue.c ****     BaseType_t xQueueGiveMutexRecursive( QueueHandle_t xMutex )
 639:Middlewares/FreeRTOS/Source/queue.c ****     {
 640:Middlewares/FreeRTOS/Source/queue.c ****         BaseType_t xReturn;
 641:Middlewares/FreeRTOS/Source/queue.c ****         Queue_t * const pxMutex = ( Queue_t * ) xMutex;
 642:Middlewares/FreeRTOS/Source/queue.c **** 
 643:Middlewares/FreeRTOS/Source/queue.c ****         configASSERT( pxMutex );
 644:Middlewares/FreeRTOS/Source/queue.c **** 
 645:Middlewares/FreeRTOS/Source/queue.c ****         /* If this is the task that holds the mutex then xMutexHolder will not
 646:Middlewares/FreeRTOS/Source/queue.c ****          * change outside of this task.  If this task does not hold the mutex then
 647:Middlewares/FreeRTOS/Source/queue.c ****          * pxMutexHolder can never coincidentally equal the tasks handle, and as
 648:Middlewares/FreeRTOS/Source/queue.c ****          * this is the only condition we are interested in it does not matter if
 649:Middlewares/FreeRTOS/Source/queue.c ****          * pxMutexHolder is accessed simultaneously by another task.  Therefore no
 650:Middlewares/FreeRTOS/Source/queue.c ****          * mutual exclusion is required to test the pxMutexHolder variable. */
 651:Middlewares/FreeRTOS/Source/queue.c ****         if( pxMutex->u.xSemaphore.xMutexHolder == xTaskGetCurrentTaskHandle() )
 652:Middlewares/FreeRTOS/Source/queue.c ****         {
 653:Middlewares/FreeRTOS/Source/queue.c ****             traceGIVE_MUTEX_RECURSIVE( pxMutex );
 654:Middlewares/FreeRTOS/Source/queue.c **** 
 655:Middlewares/FreeRTOS/Source/queue.c ****             /* uxRecursiveCallCount cannot be zero if xMutexHolder is equal to
 656:Middlewares/FreeRTOS/Source/queue.c ****              * the task handle, therefore no underflow check is required.  Also,
 657:Middlewares/FreeRTOS/Source/queue.c ****              * uxRecursiveCallCount is only modified by the mutex holder, and as
 658:Middlewares/FreeRTOS/Source/queue.c ****              * there can only be one, no mutual exclusion is required to modify the
 659:Middlewares/FreeRTOS/Source/queue.c ****              * uxRecursiveCallCount member. */
ARM GAS  C:\Users\airforce\AppData\Local\Temp\cc49S5gS.s 			page 13


 660:Middlewares/FreeRTOS/Source/queue.c ****             ( pxMutex->u.xSemaphore.uxRecursiveCallCount )--;
 661:Middlewares/FreeRTOS/Source/queue.c **** 
 662:Middlewares/FreeRTOS/Source/queue.c ****             /* Has the recursive call count unwound to 0? */
 663:Middlewares/FreeRTOS/Source/queue.c ****             if( pxMutex->u.xSemaphore.uxRecursiveCallCount == ( UBaseType_t ) 0 )
 664:Middlewares/FreeRTOS/Source/queue.c ****             {
 665:Middlewares/FreeRTOS/Source/queue.c ****                 /* Return the mutex.  This will automatically unblock any other
 666:Middlewares/FreeRTOS/Source/queue.c ****                  * task that might be waiting to access the mutex. */
 667:Middlewares/FreeRTOS/Source/queue.c ****                 ( void ) xQueueGenericSend( pxMutex, NULL, queueMUTEX_GIVE_BLOCK_TIME, queueSEND_TO
 668:Middlewares/FreeRTOS/Source/queue.c ****             }
 669:Middlewares/FreeRTOS/Source/queue.c ****             else
 670:Middlewares/FreeRTOS/Source/queue.c ****             {
 671:Middlewares/FreeRTOS/Source/queue.c ****                 mtCOVERAGE_TEST_MARKER();
 672:Middlewares/FreeRTOS/Source/queue.c ****             }
 673:Middlewares/FreeRTOS/Source/queue.c **** 
 674:Middlewares/FreeRTOS/Source/queue.c ****             xReturn = pdPASS;
 675:Middlewares/FreeRTOS/Source/queue.c ****         }
 676:Middlewares/FreeRTOS/Source/queue.c ****         else
 677:Middlewares/FreeRTOS/Source/queue.c ****         {
 678:Middlewares/FreeRTOS/Source/queue.c ****             /* The mutex cannot be given because the calling task is not the
 679:Middlewares/FreeRTOS/Source/queue.c ****              * holder. */
 680:Middlewares/FreeRTOS/Source/queue.c ****             xReturn = pdFAIL;
 681:Middlewares/FreeRTOS/Source/queue.c **** 
 682:Middlewares/FreeRTOS/Source/queue.c ****             traceGIVE_MUTEX_RECURSIVE_FAILED( pxMutex );
 683:Middlewares/FreeRTOS/Source/queue.c ****         }
 684:Middlewares/FreeRTOS/Source/queue.c **** 
 685:Middlewares/FreeRTOS/Source/queue.c ****         return xReturn;
 686:Middlewares/FreeRTOS/Source/queue.c ****     }
 687:Middlewares/FreeRTOS/Source/queue.c **** 
 688:Middlewares/FreeRTOS/Source/queue.c **** #endif /* configUSE_RECURSIVE_MUTEXES */
 689:Middlewares/FreeRTOS/Source/queue.c **** /*-----------------------------------------------------------*/
 690:Middlewares/FreeRTOS/Source/queue.c **** 
 691:Middlewares/FreeRTOS/Source/queue.c **** #if ( configUSE_RECURSIVE_MUTEXES == 1 )
 692:Middlewares/FreeRTOS/Source/queue.c **** 
 693:Middlewares/FreeRTOS/Source/queue.c ****     BaseType_t xQueueTakeMutexRecursive( QueueHandle_t xMutex,
 694:Middlewares/FreeRTOS/Source/queue.c ****                                          TickType_t xTicksToWait )
 695:Middlewares/FreeRTOS/Source/queue.c ****     {
 696:Middlewares/FreeRTOS/Source/queue.c ****         BaseType_t xReturn;
 697:Middlewares/FreeRTOS/Source/queue.c ****         Queue_t * const pxMutex = ( Queue_t * ) xMutex;
 698:Middlewares/FreeRTOS/Source/queue.c **** 
 699:Middlewares/FreeRTOS/Source/queue.c ****         configASSERT( pxMutex );
 700:Middlewares/FreeRTOS/Source/queue.c **** 
 701:Middlewares/FreeRTOS/Source/queue.c ****         /* Comments regarding mutual exclusion as per those within
 702:Middlewares/FreeRTOS/Source/queue.c ****          * xQueueGiveMutexRecursive(). */
 703:Middlewares/FreeRTOS/Source/queue.c **** 
 704:Middlewares/FreeRTOS/Source/queue.c ****         traceTAKE_MUTEX_RECURSIVE( pxMutex );
 705:Middlewares/FreeRTOS/Source/queue.c **** 
 706:Middlewares/FreeRTOS/Source/queue.c ****         if( pxMutex->u.xSemaphore.xMutexHolder == xTaskGetCurrentTaskHandle() )
 707:Middlewares/FreeRTOS/Source/queue.c ****         {
 708:Middlewares/FreeRTOS/Source/queue.c ****             ( pxMutex->u.xSemaphore.uxRecursiveCallCount )++;
 709:Middlewares/FreeRTOS/Source/queue.c ****             xReturn = pdPASS;
 710:Middlewares/FreeRTOS/Source/queue.c ****         }
 711:Middlewares/FreeRTOS/Source/queue.c ****         else
 712:Middlewares/FreeRTOS/Source/queue.c ****         {
 713:Middlewares/FreeRTOS/Source/queue.c ****             xReturn = xQueueSemaphoreTake( pxMutex, xTicksToWait );
 714:Middlewares/FreeRTOS/Source/queue.c **** 
 715:Middlewares/FreeRTOS/Source/queue.c ****             /* pdPASS will only be returned if the mutex was successfully
 716:Middlewares/FreeRTOS/Source/queue.c ****              * obtained.  The calling task may have entered the Blocked state
ARM GAS  C:\Users\airforce\AppData\Local\Temp\cc49S5gS.s 			page 14


 717:Middlewares/FreeRTOS/Source/queue.c ****              * before reaching here. */
 718:Middlewares/FreeRTOS/Source/queue.c ****             if( xReturn != pdFAIL )
 719:Middlewares/FreeRTOS/Source/queue.c ****             {
 720:Middlewares/FreeRTOS/Source/queue.c ****                 ( pxMutex->u.xSemaphore.uxRecursiveCallCount )++;
 721:Middlewares/FreeRTOS/Source/queue.c ****             }
 722:Middlewares/FreeRTOS/Source/queue.c ****             else
 723:Middlewares/FreeRTOS/Source/queue.c ****             {
 724:Middlewares/FreeRTOS/Source/queue.c ****                 traceTAKE_MUTEX_RECURSIVE_FAILED( pxMutex );
 725:Middlewares/FreeRTOS/Source/queue.c ****             }
 726:Middlewares/FreeRTOS/Source/queue.c ****         }
 727:Middlewares/FreeRTOS/Source/queue.c **** 
 728:Middlewares/FreeRTOS/Source/queue.c ****         return xReturn;
 729:Middlewares/FreeRTOS/Source/queue.c ****     }
 730:Middlewares/FreeRTOS/Source/queue.c **** 
 731:Middlewares/FreeRTOS/Source/queue.c **** #endif /* configUSE_RECURSIVE_MUTEXES */
 732:Middlewares/FreeRTOS/Source/queue.c **** /*-----------------------------------------------------------*/
 733:Middlewares/FreeRTOS/Source/queue.c **** 
 734:Middlewares/FreeRTOS/Source/queue.c **** #if ( ( configUSE_COUNTING_SEMAPHORES == 1 ) && ( configSUPPORT_STATIC_ALLOCATION == 1 ) )
 735:Middlewares/FreeRTOS/Source/queue.c **** 
 736:Middlewares/FreeRTOS/Source/queue.c ****     QueueHandle_t xQueueCreateCountingSemaphoreStatic( const UBaseType_t uxMaxCount,
 737:Middlewares/FreeRTOS/Source/queue.c ****                                                        const UBaseType_t uxInitialCount,
 738:Middlewares/FreeRTOS/Source/queue.c ****                                                        StaticQueue_t * pxStaticQueue )
 739:Middlewares/FreeRTOS/Source/queue.c ****     {
 740:Middlewares/FreeRTOS/Source/queue.c ****         QueueHandle_t xHandle = NULL;
 741:Middlewares/FreeRTOS/Source/queue.c **** 
 742:Middlewares/FreeRTOS/Source/queue.c ****         if( ( uxMaxCount != 0 ) &&
 743:Middlewares/FreeRTOS/Source/queue.c ****             ( uxInitialCount <= uxMaxCount ) )
 744:Middlewares/FreeRTOS/Source/queue.c ****         {
 745:Middlewares/FreeRTOS/Source/queue.c ****             xHandle = xQueueGenericCreateStatic( uxMaxCount, queueSEMAPHORE_QUEUE_ITEM_LENGTH, NULL
 746:Middlewares/FreeRTOS/Source/queue.c **** 
 747:Middlewares/FreeRTOS/Source/queue.c ****             if( xHandle != NULL )
 748:Middlewares/FreeRTOS/Source/queue.c ****             {
 749:Middlewares/FreeRTOS/Source/queue.c ****                 ( ( Queue_t * ) xHandle )->uxMessagesWaiting = uxInitialCount;
 750:Middlewares/FreeRTOS/Source/queue.c **** 
 751:Middlewares/FreeRTOS/Source/queue.c ****                 traceCREATE_COUNTING_SEMAPHORE();
 752:Middlewares/FreeRTOS/Source/queue.c ****             }
 753:Middlewares/FreeRTOS/Source/queue.c ****             else
 754:Middlewares/FreeRTOS/Source/queue.c ****             {
 755:Middlewares/FreeRTOS/Source/queue.c ****                 traceCREATE_COUNTING_SEMAPHORE_FAILED();
 756:Middlewares/FreeRTOS/Source/queue.c ****             }
 757:Middlewares/FreeRTOS/Source/queue.c ****         }
 758:Middlewares/FreeRTOS/Source/queue.c ****         else
 759:Middlewares/FreeRTOS/Source/queue.c ****         {
 760:Middlewares/FreeRTOS/Source/queue.c ****             configASSERT( xHandle );
 761:Middlewares/FreeRTOS/Source/queue.c ****             mtCOVERAGE_TEST_MARKER();
 762:Middlewares/FreeRTOS/Source/queue.c ****         }
 763:Middlewares/FreeRTOS/Source/queue.c **** 
 764:Middlewares/FreeRTOS/Source/queue.c ****         return xHandle;
 765:Middlewares/FreeRTOS/Source/queue.c ****     }
 766:Middlewares/FreeRTOS/Source/queue.c **** 
 767:Middlewares/FreeRTOS/Source/queue.c **** #endif /* ( ( configUSE_COUNTING_SEMAPHORES == 1 ) && ( configSUPPORT_DYNAMIC_ALLOCATION == 1 ) ) *
 768:Middlewares/FreeRTOS/Source/queue.c **** /*-----------------------------------------------------------*/
 769:Middlewares/FreeRTOS/Source/queue.c **** 
 770:Middlewares/FreeRTOS/Source/queue.c **** #if ( ( configUSE_COUNTING_SEMAPHORES == 1 ) && ( configSUPPORT_DYNAMIC_ALLOCATION == 1 ) )
 771:Middlewares/FreeRTOS/Source/queue.c **** 
 772:Middlewares/FreeRTOS/Source/queue.c ****     QueueHandle_t xQueueCreateCountingSemaphore( const UBaseType_t uxMaxCount,
 773:Middlewares/FreeRTOS/Source/queue.c ****                                                  const UBaseType_t uxInitialCount )
ARM GAS  C:\Users\airforce\AppData\Local\Temp\cc49S5gS.s 			page 15


 774:Middlewares/FreeRTOS/Source/queue.c ****     {
 775:Middlewares/FreeRTOS/Source/queue.c ****         QueueHandle_t xHandle = NULL;
 776:Middlewares/FreeRTOS/Source/queue.c **** 
 777:Middlewares/FreeRTOS/Source/queue.c ****         if( ( uxMaxCount != 0 ) &&
 778:Middlewares/FreeRTOS/Source/queue.c ****             ( uxInitialCount <= uxMaxCount ) )
 779:Middlewares/FreeRTOS/Source/queue.c ****         {
 780:Middlewares/FreeRTOS/Source/queue.c ****             xHandle = xQueueGenericCreate( uxMaxCount, queueSEMAPHORE_QUEUE_ITEM_LENGTH, queueQUEUE
 781:Middlewares/FreeRTOS/Source/queue.c **** 
 782:Middlewares/FreeRTOS/Source/queue.c ****             if( xHandle != NULL )
 783:Middlewares/FreeRTOS/Source/queue.c ****             {
 784:Middlewares/FreeRTOS/Source/queue.c ****                 ( ( Queue_t * ) xHandle )->uxMessagesWaiting = uxInitialCount;
 785:Middlewares/FreeRTOS/Source/queue.c **** 
 786:Middlewares/FreeRTOS/Source/queue.c ****                 traceCREATE_COUNTING_SEMAPHORE();
 787:Middlewares/FreeRTOS/Source/queue.c ****             }
 788:Middlewares/FreeRTOS/Source/queue.c ****             else
 789:Middlewares/FreeRTOS/Source/queue.c ****             {
 790:Middlewares/FreeRTOS/Source/queue.c ****                 traceCREATE_COUNTING_SEMAPHORE_FAILED();
 791:Middlewares/FreeRTOS/Source/queue.c ****             }
 792:Middlewares/FreeRTOS/Source/queue.c ****         }
 793:Middlewares/FreeRTOS/Source/queue.c ****         else
 794:Middlewares/FreeRTOS/Source/queue.c ****         {
 795:Middlewares/FreeRTOS/Source/queue.c ****             configASSERT( xHandle );
 796:Middlewares/FreeRTOS/Source/queue.c ****             mtCOVERAGE_TEST_MARKER();
 797:Middlewares/FreeRTOS/Source/queue.c ****         }
 798:Middlewares/FreeRTOS/Source/queue.c **** 
 799:Middlewares/FreeRTOS/Source/queue.c ****         return xHandle;
 800:Middlewares/FreeRTOS/Source/queue.c ****     }
 801:Middlewares/FreeRTOS/Source/queue.c **** 
 802:Middlewares/FreeRTOS/Source/queue.c **** #endif /* ( ( configUSE_COUNTING_SEMAPHORES == 1 ) && ( configSUPPORT_DYNAMIC_ALLOCATION == 1 ) ) *
 803:Middlewares/FreeRTOS/Source/queue.c **** /*-----------------------------------------------------------*/
 804:Middlewares/FreeRTOS/Source/queue.c **** 
 805:Middlewares/FreeRTOS/Source/queue.c **** BaseType_t xQueueGenericSend( QueueHandle_t xQueue,
 806:Middlewares/FreeRTOS/Source/queue.c ****                               const void * const pvItemToQueue,
 807:Middlewares/FreeRTOS/Source/queue.c ****                               TickType_t xTicksToWait,
 808:Middlewares/FreeRTOS/Source/queue.c ****                               const BaseType_t xCopyPosition )
 809:Middlewares/FreeRTOS/Source/queue.c **** {
 810:Middlewares/FreeRTOS/Source/queue.c ****     BaseType_t xEntryTimeSet = pdFALSE, xYieldRequired;
 811:Middlewares/FreeRTOS/Source/queue.c ****     TimeOut_t xTimeOut;
 812:Middlewares/FreeRTOS/Source/queue.c ****     Queue_t * const pxQueue = xQueue;
 813:Middlewares/FreeRTOS/Source/queue.c **** 
 814:Middlewares/FreeRTOS/Source/queue.c ****     configASSERT( pxQueue );
 815:Middlewares/FreeRTOS/Source/queue.c ****     configASSERT( !( ( pvItemToQueue == NULL ) && ( pxQueue->uxItemSize != ( UBaseType_t ) 0U ) ) )
 816:Middlewares/FreeRTOS/Source/queue.c ****     configASSERT( !( ( xCopyPosition == queueOVERWRITE ) && ( pxQueue->uxLength != 1 ) ) );
 817:Middlewares/FreeRTOS/Source/queue.c ****     #if ( ( INCLUDE_xTaskGetSchedulerState == 1 ) || ( configUSE_TIMERS == 1 ) )
 818:Middlewares/FreeRTOS/Source/queue.c ****         {
 819:Middlewares/FreeRTOS/Source/queue.c ****             configASSERT( !( ( xTaskGetSchedulerState() == taskSCHEDULER_SUSPENDED ) && ( xTicksToW
 820:Middlewares/FreeRTOS/Source/queue.c ****         }
 821:Middlewares/FreeRTOS/Source/queue.c ****     #endif
 822:Middlewares/FreeRTOS/Source/queue.c **** 
 823:Middlewares/FreeRTOS/Source/queue.c ****     /*lint -save -e904 This function relaxes the coding standard somewhat to
 824:Middlewares/FreeRTOS/Source/queue.c ****      * allow return statements within the function itself.  This is done in the
 825:Middlewares/FreeRTOS/Source/queue.c ****      * interest of execution time efficiency. */
 826:Middlewares/FreeRTOS/Source/queue.c ****     for( ; ; )
 827:Middlewares/FreeRTOS/Source/queue.c ****     {
 828:Middlewares/FreeRTOS/Source/queue.c ****         taskENTER_CRITICAL();
 829:Middlewares/FreeRTOS/Source/queue.c ****         {
 830:Middlewares/FreeRTOS/Source/queue.c ****             /* Is there room on the queue now?  The running task must be the
ARM GAS  C:\Users\airforce\AppData\Local\Temp\cc49S5gS.s 			page 16


 831:Middlewares/FreeRTOS/Source/queue.c ****              * highest priority task wanting to access the queue.  If the head item
 832:Middlewares/FreeRTOS/Source/queue.c ****              * in the queue is to be overwritten then it does not matter if the
 833:Middlewares/FreeRTOS/Source/queue.c ****              * queue is full. */
 834:Middlewares/FreeRTOS/Source/queue.c ****             if( ( pxQueue->uxMessagesWaiting < pxQueue->uxLength ) || ( xCopyPosition == queueOVERW
 835:Middlewares/FreeRTOS/Source/queue.c ****             {
 836:Middlewares/FreeRTOS/Source/queue.c ****                 traceQUEUE_SEND( pxQueue );
 837:Middlewares/FreeRTOS/Source/queue.c **** 
 838:Middlewares/FreeRTOS/Source/queue.c ****                 #if ( configUSE_QUEUE_SETS == 1 )
 839:Middlewares/FreeRTOS/Source/queue.c ****                     {
 840:Middlewares/FreeRTOS/Source/queue.c ****                         const UBaseType_t uxPreviousMessagesWaiting = pxQueue->uxMessagesWaiting;
 841:Middlewares/FreeRTOS/Source/queue.c **** 
 842:Middlewares/FreeRTOS/Source/queue.c ****                         xYieldRequired = prvCopyDataToQueue( pxQueue, pvItemToQueue, xCopyPosition 
 843:Middlewares/FreeRTOS/Source/queue.c **** 
 844:Middlewares/FreeRTOS/Source/queue.c ****                         if( pxQueue->pxQueueSetContainer != NULL )
 845:Middlewares/FreeRTOS/Source/queue.c ****                         {
 846:Middlewares/FreeRTOS/Source/queue.c ****                             if( ( xCopyPosition == queueOVERWRITE ) && ( uxPreviousMessagesWaiting 
 847:Middlewares/FreeRTOS/Source/queue.c ****                             {
 848:Middlewares/FreeRTOS/Source/queue.c ****                                 /* Do not notify the queue set as an existing item
 849:Middlewares/FreeRTOS/Source/queue.c ****                                  * was overwritten in the queue so the number of items
 850:Middlewares/FreeRTOS/Source/queue.c ****                                  * in the queue has not changed. */
 851:Middlewares/FreeRTOS/Source/queue.c ****                                 mtCOVERAGE_TEST_MARKER();
 852:Middlewares/FreeRTOS/Source/queue.c ****                             }
 853:Middlewares/FreeRTOS/Source/queue.c ****                             else if( prvNotifyQueueSetContainer( pxQueue ) != pdFALSE )
 854:Middlewares/FreeRTOS/Source/queue.c ****                             {
 855:Middlewares/FreeRTOS/Source/queue.c ****                                 /* The queue is a member of a queue set, and posting
 856:Middlewares/FreeRTOS/Source/queue.c ****                                  * to the queue set caused a higher priority task to
 857:Middlewares/FreeRTOS/Source/queue.c ****                                  * unblock. A context switch is required. */
 858:Middlewares/FreeRTOS/Source/queue.c ****                                 queueYIELD_IF_USING_PREEMPTION();
 859:Middlewares/FreeRTOS/Source/queue.c ****                             }
 860:Middlewares/FreeRTOS/Source/queue.c ****                             else
 861:Middlewares/FreeRTOS/Source/queue.c ****                             {
 862:Middlewares/FreeRTOS/Source/queue.c ****                                 mtCOVERAGE_TEST_MARKER();
 863:Middlewares/FreeRTOS/Source/queue.c ****                             }
 864:Middlewares/FreeRTOS/Source/queue.c ****                         }
 865:Middlewares/FreeRTOS/Source/queue.c ****                         else
 866:Middlewares/FreeRTOS/Source/queue.c ****                         {
 867:Middlewares/FreeRTOS/Source/queue.c ****                             /* If there was a task waiting for data to arrive on the
 868:Middlewares/FreeRTOS/Source/queue.c ****                              * queue then unblock it now. */
 869:Middlewares/FreeRTOS/Source/queue.c ****                             if( listLIST_IS_EMPTY( &( pxQueue->xTasksWaitingToReceive ) ) == pdFALS
 870:Middlewares/FreeRTOS/Source/queue.c ****                             {
 871:Middlewares/FreeRTOS/Source/queue.c ****                                 if( xTaskRemoveFromEventList( &( pxQueue->xTasksWaitingToReceive ) 
 872:Middlewares/FreeRTOS/Source/queue.c ****                                 {
 873:Middlewares/FreeRTOS/Source/queue.c ****                                     /* The unblocked task has a priority higher than
 874:Middlewares/FreeRTOS/Source/queue.c ****                                      * our own so yield immediately.  Yes it is ok to
 875:Middlewares/FreeRTOS/Source/queue.c ****                                      * do this from within the critical section - the
 876:Middlewares/FreeRTOS/Source/queue.c ****                                      * kernel takes care of that. */
 877:Middlewares/FreeRTOS/Source/queue.c ****                                     queueYIELD_IF_USING_PREEMPTION();
 878:Middlewares/FreeRTOS/Source/queue.c ****                                 }
 879:Middlewares/FreeRTOS/Source/queue.c ****                                 else
 880:Middlewares/FreeRTOS/Source/queue.c ****                                 {
 881:Middlewares/FreeRTOS/Source/queue.c ****                                     mtCOVERAGE_TEST_MARKER();
 882:Middlewares/FreeRTOS/Source/queue.c ****                                 }
 883:Middlewares/FreeRTOS/Source/queue.c ****                             }
 884:Middlewares/FreeRTOS/Source/queue.c ****                             else if( xYieldRequired != pdFALSE )
 885:Middlewares/FreeRTOS/Source/queue.c ****                             {
 886:Middlewares/FreeRTOS/Source/queue.c ****                                 /* This path is a special case that will only get
 887:Middlewares/FreeRTOS/Source/queue.c ****                                  * executed if the task was holding multiple mutexes
ARM GAS  C:\Users\airforce\AppData\Local\Temp\cc49S5gS.s 			page 17


 888:Middlewares/FreeRTOS/Source/queue.c ****                                  * and the mutexes were given back in an order that is
 889:Middlewares/FreeRTOS/Source/queue.c ****                                  * different to that in which they were taken. */
 890:Middlewares/FreeRTOS/Source/queue.c ****                                 queueYIELD_IF_USING_PREEMPTION();
 891:Middlewares/FreeRTOS/Source/queue.c ****                             }
 892:Middlewares/FreeRTOS/Source/queue.c ****                             else
 893:Middlewares/FreeRTOS/Source/queue.c ****                             {
 894:Middlewares/FreeRTOS/Source/queue.c ****                                 mtCOVERAGE_TEST_MARKER();
 895:Middlewares/FreeRTOS/Source/queue.c ****                             }
 896:Middlewares/FreeRTOS/Source/queue.c ****                         }
 897:Middlewares/FreeRTOS/Source/queue.c ****                     }
 898:Middlewares/FreeRTOS/Source/queue.c ****                 #else /* configUSE_QUEUE_SETS */
 899:Middlewares/FreeRTOS/Source/queue.c ****                     {
 900:Middlewares/FreeRTOS/Source/queue.c ****                         xYieldRequired = prvCopyDataToQueue( pxQueue, pvItemToQueue, xCopyPosition 
 901:Middlewares/FreeRTOS/Source/queue.c **** 
 902:Middlewares/FreeRTOS/Source/queue.c ****                         /* If there was a task waiting for data to arrive on the
 903:Middlewares/FreeRTOS/Source/queue.c ****                          * queue then unblock it now. */
 904:Middlewares/FreeRTOS/Source/queue.c ****                         if( listLIST_IS_EMPTY( &( pxQueue->xTasksWaitingToReceive ) ) == pdFALSE )
 905:Middlewares/FreeRTOS/Source/queue.c ****                         {
 906:Middlewares/FreeRTOS/Source/queue.c ****                             if( xTaskRemoveFromEventList( &( pxQueue->xTasksWaitingToReceive ) ) !=
 907:Middlewares/FreeRTOS/Source/queue.c ****                             {
 908:Middlewares/FreeRTOS/Source/queue.c ****                                 /* The unblocked task has a priority higher than
 909:Middlewares/FreeRTOS/Source/queue.c ****                                  * our own so yield immediately.  Yes it is ok to do
 910:Middlewares/FreeRTOS/Source/queue.c ****                                  * this from within the critical section - the kernel
 911:Middlewares/FreeRTOS/Source/queue.c ****                                  * takes care of that. */
 912:Middlewares/FreeRTOS/Source/queue.c ****                                 queueYIELD_IF_USING_PREEMPTION();
 913:Middlewares/FreeRTOS/Source/queue.c ****                             }
 914:Middlewares/FreeRTOS/Source/queue.c ****                             else
 915:Middlewares/FreeRTOS/Source/queue.c ****                             {
 916:Middlewares/FreeRTOS/Source/queue.c ****                                 mtCOVERAGE_TEST_MARKER();
 917:Middlewares/FreeRTOS/Source/queue.c ****                             }
 918:Middlewares/FreeRTOS/Source/queue.c ****                         }
 919:Middlewares/FreeRTOS/Source/queue.c ****                         else if( xYieldRequired != pdFALSE )
 920:Middlewares/FreeRTOS/Source/queue.c ****                         {
 921:Middlewares/FreeRTOS/Source/queue.c ****                             /* This path is a special case that will only get
 922:Middlewares/FreeRTOS/Source/queue.c ****                              * executed if the task was holding multiple mutexes and
 923:Middlewares/FreeRTOS/Source/queue.c ****                              * the mutexes were given back in an order that is
 924:Middlewares/FreeRTOS/Source/queue.c ****                              * different to that in which they were taken. */
 925:Middlewares/FreeRTOS/Source/queue.c ****                             queueYIELD_IF_USING_PREEMPTION();
 926:Middlewares/FreeRTOS/Source/queue.c ****                         }
 927:Middlewares/FreeRTOS/Source/queue.c ****                         else
 928:Middlewares/FreeRTOS/Source/queue.c ****                         {
 929:Middlewares/FreeRTOS/Source/queue.c ****                             mtCOVERAGE_TEST_MARKER();
 930:Middlewares/FreeRTOS/Source/queue.c ****                         }
 931:Middlewares/FreeRTOS/Source/queue.c ****                     }
 932:Middlewares/FreeRTOS/Source/queue.c ****                 #endif /* configUSE_QUEUE_SETS */
 933:Middlewares/FreeRTOS/Source/queue.c **** 
 934:Middlewares/FreeRTOS/Source/queue.c ****                 taskEXIT_CRITICAL();
 935:Middlewares/FreeRTOS/Source/queue.c ****                 return pdPASS;
 936:Middlewares/FreeRTOS/Source/queue.c ****             }
 937:Middlewares/FreeRTOS/Source/queue.c ****             else
 938:Middlewares/FreeRTOS/Source/queue.c ****             {
 939:Middlewares/FreeRTOS/Source/queue.c ****                 if( xTicksToWait == ( TickType_t ) 0 )
 940:Middlewares/FreeRTOS/Source/queue.c ****                 {
 941:Middlewares/FreeRTOS/Source/queue.c ****                     /* The queue was full and no block time is specified (or
 942:Middlewares/FreeRTOS/Source/queue.c ****                      * the block time has expired) so leave now. */
 943:Middlewares/FreeRTOS/Source/queue.c ****                     taskEXIT_CRITICAL();
 944:Middlewares/FreeRTOS/Source/queue.c **** 
ARM GAS  C:\Users\airforce\AppData\Local\Temp\cc49S5gS.s 			page 18


 945:Middlewares/FreeRTOS/Source/queue.c ****                     /* Return to the original privilege level before exiting
 946:Middlewares/FreeRTOS/Source/queue.c ****                      * the function. */
 947:Middlewares/FreeRTOS/Source/queue.c ****                     traceQUEUE_SEND_FAILED( pxQueue );
 948:Middlewares/FreeRTOS/Source/queue.c ****                     return errQUEUE_FULL;
 949:Middlewares/FreeRTOS/Source/queue.c ****                 }
 950:Middlewares/FreeRTOS/Source/queue.c ****                 else if( xEntryTimeSet == pdFALSE )
 951:Middlewares/FreeRTOS/Source/queue.c ****                 {
 952:Middlewares/FreeRTOS/Source/queue.c ****                     /* The queue was full and a block time was specified so
 953:Middlewares/FreeRTOS/Source/queue.c ****                      * configure the timeout structure. */
 954:Middlewares/FreeRTOS/Source/queue.c ****                     vTaskInternalSetTimeOutState( &xTimeOut );
 955:Middlewares/FreeRTOS/Source/queue.c ****                     xEntryTimeSet = pdTRUE;
 956:Middlewares/FreeRTOS/Source/queue.c ****                 }
 957:Middlewares/FreeRTOS/Source/queue.c ****                 else
 958:Middlewares/FreeRTOS/Source/queue.c ****                 {
 959:Middlewares/FreeRTOS/Source/queue.c ****                     /* Entry time was already set. */
 960:Middlewares/FreeRTOS/Source/queue.c ****                     mtCOVERAGE_TEST_MARKER();
 961:Middlewares/FreeRTOS/Source/queue.c ****                 }
 962:Middlewares/FreeRTOS/Source/queue.c ****             }
 963:Middlewares/FreeRTOS/Source/queue.c ****         }
 964:Middlewares/FreeRTOS/Source/queue.c ****         taskEXIT_CRITICAL();
 965:Middlewares/FreeRTOS/Source/queue.c **** 
 966:Middlewares/FreeRTOS/Source/queue.c ****         /* Interrupts and other tasks can send to and receive from the queue
 967:Middlewares/FreeRTOS/Source/queue.c ****          * now the critical section has been exited. */
 968:Middlewares/FreeRTOS/Source/queue.c **** 
 969:Middlewares/FreeRTOS/Source/queue.c ****         vTaskSuspendAll();
 970:Middlewares/FreeRTOS/Source/queue.c ****         prvLockQueue( pxQueue );
 971:Middlewares/FreeRTOS/Source/queue.c **** 
 972:Middlewares/FreeRTOS/Source/queue.c ****         /* Update the timeout state to see if it has expired yet. */
 973:Middlewares/FreeRTOS/Source/queue.c ****         if( xTaskCheckForTimeOut( &xTimeOut, &xTicksToWait ) == pdFALSE )
 974:Middlewares/FreeRTOS/Source/queue.c ****         {
 975:Middlewares/FreeRTOS/Source/queue.c ****             if( prvIsQueueFull( pxQueue ) != pdFALSE )
 976:Middlewares/FreeRTOS/Source/queue.c ****             {
 977:Middlewares/FreeRTOS/Source/queue.c ****                 traceBLOCKING_ON_QUEUE_SEND( pxQueue );
 978:Middlewares/FreeRTOS/Source/queue.c ****                 vTaskPlaceOnEventList( &( pxQueue->xTasksWaitingToSend ), xTicksToWait );
 979:Middlewares/FreeRTOS/Source/queue.c **** 
 980:Middlewares/FreeRTOS/Source/queue.c ****                 /* Unlocking the queue means queue events can effect the
 981:Middlewares/FreeRTOS/Source/queue.c ****                  * event list. It is possible that interrupts occurring now
 982:Middlewares/FreeRTOS/Source/queue.c ****                  * remove this task from the event list again - but as the
 983:Middlewares/FreeRTOS/Source/queue.c ****                  * scheduler is suspended the task will go onto the pending
 984:Middlewares/FreeRTOS/Source/queue.c ****                  * ready list instead of the actual ready list. */
 985:Middlewares/FreeRTOS/Source/queue.c ****                 prvUnlockQueue( pxQueue );
 986:Middlewares/FreeRTOS/Source/queue.c **** 
 987:Middlewares/FreeRTOS/Source/queue.c ****                 /* Resuming the scheduler will move tasks from the pending
 988:Middlewares/FreeRTOS/Source/queue.c ****                  * ready list into the ready list - so it is feasible that this
 989:Middlewares/FreeRTOS/Source/queue.c ****                  * task is already in the ready list before it yields - in which
 990:Middlewares/FreeRTOS/Source/queue.c ****                  * case the yield will not cause a context switch unless there
 991:Middlewares/FreeRTOS/Source/queue.c ****                  * is also a higher priority task in the pending ready list. */
 992:Middlewares/FreeRTOS/Source/queue.c ****                 if( xTaskResumeAll() == pdFALSE )
 993:Middlewares/FreeRTOS/Source/queue.c ****                 {
 994:Middlewares/FreeRTOS/Source/queue.c ****                     portYIELD_WITHIN_API();
 995:Middlewares/FreeRTOS/Source/queue.c ****                 }
 996:Middlewares/FreeRTOS/Source/queue.c ****             }
 997:Middlewares/FreeRTOS/Source/queue.c ****             else
 998:Middlewares/FreeRTOS/Source/queue.c ****             {
 999:Middlewares/FreeRTOS/Source/queue.c ****                 /* Try again. */
1000:Middlewares/FreeRTOS/Source/queue.c ****                 prvUnlockQueue( pxQueue );
1001:Middlewares/FreeRTOS/Source/queue.c ****                 ( void ) xTaskResumeAll();
ARM GAS  C:\Users\airforce\AppData\Local\Temp\cc49S5gS.s 			page 19


1002:Middlewares/FreeRTOS/Source/queue.c ****             }
1003:Middlewares/FreeRTOS/Source/queue.c ****         }
1004:Middlewares/FreeRTOS/Source/queue.c ****         else
1005:Middlewares/FreeRTOS/Source/queue.c ****         {
1006:Middlewares/FreeRTOS/Source/queue.c ****             /* The timeout has expired. */
1007:Middlewares/FreeRTOS/Source/queue.c ****             prvUnlockQueue( pxQueue );
1008:Middlewares/FreeRTOS/Source/queue.c ****             ( void ) xTaskResumeAll();
1009:Middlewares/FreeRTOS/Source/queue.c **** 
1010:Middlewares/FreeRTOS/Source/queue.c ****             traceQUEUE_SEND_FAILED( pxQueue );
1011:Middlewares/FreeRTOS/Source/queue.c ****             return errQUEUE_FULL;
1012:Middlewares/FreeRTOS/Source/queue.c ****         }
1013:Middlewares/FreeRTOS/Source/queue.c ****     } /*lint -restore */
1014:Middlewares/FreeRTOS/Source/queue.c **** }
1015:Middlewares/FreeRTOS/Source/queue.c **** /*-----------------------------------------------------------*/
1016:Middlewares/FreeRTOS/Source/queue.c **** 
1017:Middlewares/FreeRTOS/Source/queue.c **** BaseType_t xQueueGenericSendFromISR( QueueHandle_t xQueue,
1018:Middlewares/FreeRTOS/Source/queue.c ****                                      const void * const pvItemToQueue,
1019:Middlewares/FreeRTOS/Source/queue.c ****                                      BaseType_t * const pxHigherPriorityTaskWoken,
1020:Middlewares/FreeRTOS/Source/queue.c ****                                      const BaseType_t xCopyPosition )
1021:Middlewares/FreeRTOS/Source/queue.c **** {
1022:Middlewares/FreeRTOS/Source/queue.c ****     BaseType_t xReturn;
1023:Middlewares/FreeRTOS/Source/queue.c ****     UBaseType_t uxSavedInterruptStatus;
1024:Middlewares/FreeRTOS/Source/queue.c ****     Queue_t * const pxQueue = xQueue;
1025:Middlewares/FreeRTOS/Source/queue.c **** 
1026:Middlewares/FreeRTOS/Source/queue.c ****     configASSERT( pxQueue );
1027:Middlewares/FreeRTOS/Source/queue.c ****     configASSERT( !( ( pvItemToQueue == NULL ) && ( pxQueue->uxItemSize != ( UBaseType_t ) 0U ) ) )
1028:Middlewares/FreeRTOS/Source/queue.c ****     configASSERT( !( ( xCopyPosition == queueOVERWRITE ) && ( pxQueue->uxLength != 1 ) ) );
1029:Middlewares/FreeRTOS/Source/queue.c **** 
1030:Middlewares/FreeRTOS/Source/queue.c ****     /* RTOS ports that support interrupt nesting have the concept of a maximum
1031:Middlewares/FreeRTOS/Source/queue.c ****      * system call (or maximum API call) interrupt priority.  Interrupts that are
1032:Middlewares/FreeRTOS/Source/queue.c ****      * above the maximum system call priority are kept permanently enabled, even
1033:Middlewares/FreeRTOS/Source/queue.c ****      * when the RTOS kernel is in a critical section, but cannot make any calls to
1034:Middlewares/FreeRTOS/Source/queue.c ****      * FreeRTOS API functions.  If configASSERT() is defined in FreeRTOSConfig.h
1035:Middlewares/FreeRTOS/Source/queue.c ****      * then portASSERT_IF_INTERRUPT_PRIORITY_INVALID() will result in an assertion
1036:Middlewares/FreeRTOS/Source/queue.c ****      * failure if a FreeRTOS API function is called from an interrupt that has been
1037:Middlewares/FreeRTOS/Source/queue.c ****      * assigned a priority above the configured maximum system call priority.
1038:Middlewares/FreeRTOS/Source/queue.c ****      * Only FreeRTOS functions that end in FromISR can be called from interrupts
1039:Middlewares/FreeRTOS/Source/queue.c ****      * that have been assigned a priority at or (logically) below the maximum
1040:Middlewares/FreeRTOS/Source/queue.c ****      * system call interrupt priority.  FreeRTOS maintains a separate interrupt
1041:Middlewares/FreeRTOS/Source/queue.c ****      * safe API to ensure interrupt entry is as fast and as simple as possible.
1042:Middlewares/FreeRTOS/Source/queue.c ****      * More information (albeit Cortex-M specific) is provided on the following
1043:Middlewares/FreeRTOS/Source/queue.c ****      * link: https://www.FreeRTOS.org/RTOS-Cortex-M3-M4.html */
1044:Middlewares/FreeRTOS/Source/queue.c ****     portASSERT_IF_INTERRUPT_PRIORITY_INVALID();
1045:Middlewares/FreeRTOS/Source/queue.c **** 
1046:Middlewares/FreeRTOS/Source/queue.c ****     /* Similar to xQueueGenericSend, except without blocking if there is no room
1047:Middlewares/FreeRTOS/Source/queue.c ****      * in the queue.  Also don't directly wake a task that was blocked on a queue
1048:Middlewares/FreeRTOS/Source/queue.c ****      * read, instead return a flag to say whether a context switch is required or
1049:Middlewares/FreeRTOS/Source/queue.c ****      * not (i.e. has a task with a higher priority than us been woken by this
1050:Middlewares/FreeRTOS/Source/queue.c ****      * post). */
1051:Middlewares/FreeRTOS/Source/queue.c ****     uxSavedInterruptStatus = portSET_INTERRUPT_MASK_FROM_ISR();
1052:Middlewares/FreeRTOS/Source/queue.c ****     {
1053:Middlewares/FreeRTOS/Source/queue.c ****         if( ( pxQueue->uxMessagesWaiting < pxQueue->uxLength ) || ( xCopyPosition == queueOVERWRITE
1054:Middlewares/FreeRTOS/Source/queue.c ****         {
1055:Middlewares/FreeRTOS/Source/queue.c ****             const int8_t cTxLock = pxQueue->cTxLock;
1056:Middlewares/FreeRTOS/Source/queue.c ****             const UBaseType_t uxPreviousMessagesWaiting = pxQueue->uxMessagesWaiting;
1057:Middlewares/FreeRTOS/Source/queue.c **** 
1058:Middlewares/FreeRTOS/Source/queue.c ****             traceQUEUE_SEND_FROM_ISR( pxQueue );
ARM GAS  C:\Users\airforce\AppData\Local\Temp\cc49S5gS.s 			page 20


1059:Middlewares/FreeRTOS/Source/queue.c **** 
1060:Middlewares/FreeRTOS/Source/queue.c ****             /* Semaphores use xQueueGiveFromISR(), so pxQueue will not be a
1061:Middlewares/FreeRTOS/Source/queue.c ****              *  semaphore or mutex.  That means prvCopyDataToQueue() cannot result
1062:Middlewares/FreeRTOS/Source/queue.c ****              *  in a task disinheriting a priority and prvCopyDataToQueue() can be
1063:Middlewares/FreeRTOS/Source/queue.c ****              *  called here even though the disinherit function does not check if
1064:Middlewares/FreeRTOS/Source/queue.c ****              *  the scheduler is suspended before accessing the ready lists. */
1065:Middlewares/FreeRTOS/Source/queue.c ****             ( void ) prvCopyDataToQueue( pxQueue, pvItemToQueue, xCopyPosition );
1066:Middlewares/FreeRTOS/Source/queue.c **** 
1067:Middlewares/FreeRTOS/Source/queue.c ****             /* The event list is not altered if the queue is locked.  This will
1068:Middlewares/FreeRTOS/Source/queue.c ****              * be done when the queue is unlocked later. */
1069:Middlewares/FreeRTOS/Source/queue.c ****             if( cTxLock == queueUNLOCKED )
1070:Middlewares/FreeRTOS/Source/queue.c ****             {
1071:Middlewares/FreeRTOS/Source/queue.c ****                 #if ( configUSE_QUEUE_SETS == 1 )
1072:Middlewares/FreeRTOS/Source/queue.c ****                     {
1073:Middlewares/FreeRTOS/Source/queue.c ****                         if( pxQueue->pxQueueSetContainer != NULL )
1074:Middlewares/FreeRTOS/Source/queue.c ****                         {
1075:Middlewares/FreeRTOS/Source/queue.c ****                             if( ( xCopyPosition == queueOVERWRITE ) && ( uxPreviousMessagesWaiting 
1076:Middlewares/FreeRTOS/Source/queue.c ****                             {
1077:Middlewares/FreeRTOS/Source/queue.c ****                                 /* Do not notify the queue set as an existing item
1078:Middlewares/FreeRTOS/Source/queue.c ****                                  * was overwritten in the queue so the number of items
1079:Middlewares/FreeRTOS/Source/queue.c ****                                  * in the queue has not changed. */
1080:Middlewares/FreeRTOS/Source/queue.c ****                                 mtCOVERAGE_TEST_MARKER();
1081:Middlewares/FreeRTOS/Source/queue.c ****                             }
1082:Middlewares/FreeRTOS/Source/queue.c ****                             else if( prvNotifyQueueSetContainer( pxQueue ) != pdFALSE )
1083:Middlewares/FreeRTOS/Source/queue.c ****                             {
1084:Middlewares/FreeRTOS/Source/queue.c ****                                 /* The queue is a member of a queue set, and posting
1085:Middlewares/FreeRTOS/Source/queue.c ****                                  * to the queue set caused a higher priority task to
1086:Middlewares/FreeRTOS/Source/queue.c ****                                  * unblock.  A context switch is required. */
1087:Middlewares/FreeRTOS/Source/queue.c ****                                 if( pxHigherPriorityTaskWoken != NULL )
1088:Middlewares/FreeRTOS/Source/queue.c ****                                 {
1089:Middlewares/FreeRTOS/Source/queue.c ****                                     *pxHigherPriorityTaskWoken = pdTRUE;
1090:Middlewares/FreeRTOS/Source/queue.c ****                                 }
1091:Middlewares/FreeRTOS/Source/queue.c ****                                 else
1092:Middlewares/FreeRTOS/Source/queue.c ****                                 {
1093:Middlewares/FreeRTOS/Source/queue.c ****                                     mtCOVERAGE_TEST_MARKER();
1094:Middlewares/FreeRTOS/Source/queue.c ****                                 }
1095:Middlewares/FreeRTOS/Source/queue.c ****                             }
1096:Middlewares/FreeRTOS/Source/queue.c ****                             else
1097:Middlewares/FreeRTOS/Source/queue.c ****                             {
1098:Middlewares/FreeRTOS/Source/queue.c ****                                 mtCOVERAGE_TEST_MARKER();
1099:Middlewares/FreeRTOS/Source/queue.c ****                             }
1100:Middlewares/FreeRTOS/Source/queue.c ****                         }
1101:Middlewares/FreeRTOS/Source/queue.c ****                         else
1102:Middlewares/FreeRTOS/Source/queue.c ****                         {
1103:Middlewares/FreeRTOS/Source/queue.c ****                             if( listLIST_IS_EMPTY( &( pxQueue->xTasksWaitingToReceive ) ) == pdFALS
1104:Middlewares/FreeRTOS/Source/queue.c ****                             {
1105:Middlewares/FreeRTOS/Source/queue.c ****                                 if( xTaskRemoveFromEventList( &( pxQueue->xTasksWaitingToReceive ) 
1106:Middlewares/FreeRTOS/Source/queue.c ****                                 {
1107:Middlewares/FreeRTOS/Source/queue.c ****                                     /* The task waiting has a higher priority so
1108:Middlewares/FreeRTOS/Source/queue.c ****                                      *  record that a context switch is required. */
1109:Middlewares/FreeRTOS/Source/queue.c ****                                     if( pxHigherPriorityTaskWoken != NULL )
1110:Middlewares/FreeRTOS/Source/queue.c ****                                     {
1111:Middlewares/FreeRTOS/Source/queue.c ****                                         *pxHigherPriorityTaskWoken = pdTRUE;
1112:Middlewares/FreeRTOS/Source/queue.c ****                                     }
1113:Middlewares/FreeRTOS/Source/queue.c ****                                     else
1114:Middlewares/FreeRTOS/Source/queue.c ****                                     {
1115:Middlewares/FreeRTOS/Source/queue.c ****                                         mtCOVERAGE_TEST_MARKER();
ARM GAS  C:\Users\airforce\AppData\Local\Temp\cc49S5gS.s 			page 21


1116:Middlewares/FreeRTOS/Source/queue.c ****                                     }
1117:Middlewares/FreeRTOS/Source/queue.c ****                                 }
1118:Middlewares/FreeRTOS/Source/queue.c ****                                 else
1119:Middlewares/FreeRTOS/Source/queue.c ****                                 {
1120:Middlewares/FreeRTOS/Source/queue.c ****                                     mtCOVERAGE_TEST_MARKER();
1121:Middlewares/FreeRTOS/Source/queue.c ****                                 }
1122:Middlewares/FreeRTOS/Source/queue.c ****                             }
1123:Middlewares/FreeRTOS/Source/queue.c ****                             else
1124:Middlewares/FreeRTOS/Source/queue.c ****                             {
1125:Middlewares/FreeRTOS/Source/queue.c ****                                 mtCOVERAGE_TEST_MARKER();
1126:Middlewares/FreeRTOS/Source/queue.c ****                             }
1127:Middlewares/FreeRTOS/Source/queue.c ****                         }
1128:Middlewares/FreeRTOS/Source/queue.c ****                     }
1129:Middlewares/FreeRTOS/Source/queue.c ****                 #else /* configUSE_QUEUE_SETS */
1130:Middlewares/FreeRTOS/Source/queue.c ****                     {
1131:Middlewares/FreeRTOS/Source/queue.c ****                         if( listLIST_IS_EMPTY( &( pxQueue->xTasksWaitingToReceive ) ) == pdFALSE )
1132:Middlewares/FreeRTOS/Source/queue.c ****                         {
1133:Middlewares/FreeRTOS/Source/queue.c ****                             if( xTaskRemoveFromEventList( &( pxQueue->xTasksWaitingToReceive ) ) !=
1134:Middlewares/FreeRTOS/Source/queue.c ****                             {
1135:Middlewares/FreeRTOS/Source/queue.c ****                                 /* The task waiting has a higher priority so record that a
1136:Middlewares/FreeRTOS/Source/queue.c ****                                  * context switch is required. */
1137:Middlewares/FreeRTOS/Source/queue.c ****                                 if( pxHigherPriorityTaskWoken != NULL )
1138:Middlewares/FreeRTOS/Source/queue.c ****                                 {
1139:Middlewares/FreeRTOS/Source/queue.c ****                                     *pxHigherPriorityTaskWoken = pdTRUE;
1140:Middlewares/FreeRTOS/Source/queue.c ****                                 }
1141:Middlewares/FreeRTOS/Source/queue.c ****                                 else
1142:Middlewares/FreeRTOS/Source/queue.c ****                                 {
1143:Middlewares/FreeRTOS/Source/queue.c ****                                     mtCOVERAGE_TEST_MARKER();
1144:Middlewares/FreeRTOS/Source/queue.c ****                                 }
1145:Middlewares/FreeRTOS/Source/queue.c ****                             }
1146:Middlewares/FreeRTOS/Source/queue.c ****                             else
1147:Middlewares/FreeRTOS/Source/queue.c ****                             {
1148:Middlewares/FreeRTOS/Source/queue.c ****                                 mtCOVERAGE_TEST_MARKER();
1149:Middlewares/FreeRTOS/Source/queue.c ****                             }
1150:Middlewares/FreeRTOS/Source/queue.c ****                         }
1151:Middlewares/FreeRTOS/Source/queue.c ****                         else
1152:Middlewares/FreeRTOS/Source/queue.c ****                         {
1153:Middlewares/FreeRTOS/Source/queue.c ****                             mtCOVERAGE_TEST_MARKER();
1154:Middlewares/FreeRTOS/Source/queue.c ****                         }
1155:Middlewares/FreeRTOS/Source/queue.c **** 
1156:Middlewares/FreeRTOS/Source/queue.c ****                         /* Not used in this path. */
1157:Middlewares/FreeRTOS/Source/queue.c ****                         ( void ) uxPreviousMessagesWaiting;
1158:Middlewares/FreeRTOS/Source/queue.c ****                     }
1159:Middlewares/FreeRTOS/Source/queue.c ****                 #endif /* configUSE_QUEUE_SETS */
1160:Middlewares/FreeRTOS/Source/queue.c ****             }
1161:Middlewares/FreeRTOS/Source/queue.c ****             else
1162:Middlewares/FreeRTOS/Source/queue.c ****             {
1163:Middlewares/FreeRTOS/Source/queue.c ****                 /* Increment the lock count so the task that unlocks the queue
1164:Middlewares/FreeRTOS/Source/queue.c ****                  * knows that data was posted while it was locked. */
1165:Middlewares/FreeRTOS/Source/queue.c ****                 configASSERT( cTxLock != queueINT8_MAX );
1166:Middlewares/FreeRTOS/Source/queue.c **** 
1167:Middlewares/FreeRTOS/Source/queue.c ****                 pxQueue->cTxLock = ( int8_t ) ( cTxLock + 1 );
1168:Middlewares/FreeRTOS/Source/queue.c ****             }
1169:Middlewares/FreeRTOS/Source/queue.c **** 
1170:Middlewares/FreeRTOS/Source/queue.c ****             xReturn = pdPASS;
1171:Middlewares/FreeRTOS/Source/queue.c ****         }
1172:Middlewares/FreeRTOS/Source/queue.c ****         else
ARM GAS  C:\Users\airforce\AppData\Local\Temp\cc49S5gS.s 			page 22


1173:Middlewares/FreeRTOS/Source/queue.c ****         {
1174:Middlewares/FreeRTOS/Source/queue.c ****             traceQUEUE_SEND_FROM_ISR_FAILED( pxQueue );
1175:Middlewares/FreeRTOS/Source/queue.c ****             xReturn = errQUEUE_FULL;
1176:Middlewares/FreeRTOS/Source/queue.c ****         }
1177:Middlewares/FreeRTOS/Source/queue.c ****     }
1178:Middlewares/FreeRTOS/Source/queue.c ****     portCLEAR_INTERRUPT_MASK_FROM_ISR( uxSavedInterruptStatus );
1179:Middlewares/FreeRTOS/Source/queue.c **** 
1180:Middlewares/FreeRTOS/Source/queue.c ****     return xReturn;
1181:Middlewares/FreeRTOS/Source/queue.c **** }
1182:Middlewares/FreeRTOS/Source/queue.c **** /*-----------------------------------------------------------*/
1183:Middlewares/FreeRTOS/Source/queue.c **** 
1184:Middlewares/FreeRTOS/Source/queue.c **** BaseType_t xQueueGiveFromISR( QueueHandle_t xQueue,
1185:Middlewares/FreeRTOS/Source/queue.c ****                               BaseType_t * const pxHigherPriorityTaskWoken )
1186:Middlewares/FreeRTOS/Source/queue.c **** {
1187:Middlewares/FreeRTOS/Source/queue.c ****     BaseType_t xReturn;
1188:Middlewares/FreeRTOS/Source/queue.c ****     UBaseType_t uxSavedInterruptStatus;
1189:Middlewares/FreeRTOS/Source/queue.c ****     Queue_t * const pxQueue = xQueue;
1190:Middlewares/FreeRTOS/Source/queue.c **** 
1191:Middlewares/FreeRTOS/Source/queue.c ****     /* Similar to xQueueGenericSendFromISR() but used with semaphores where the
1192:Middlewares/FreeRTOS/Source/queue.c ****      * item size is 0.  Don't directly wake a task that was blocked on a queue
1193:Middlewares/FreeRTOS/Source/queue.c ****      * read, instead return a flag to say whether a context switch is required or
1194:Middlewares/FreeRTOS/Source/queue.c ****      * not (i.e. has a task with a higher priority than us been woken by this
1195:Middlewares/FreeRTOS/Source/queue.c ****      * post). */
1196:Middlewares/FreeRTOS/Source/queue.c **** 
1197:Middlewares/FreeRTOS/Source/queue.c ****     configASSERT( pxQueue );
1198:Middlewares/FreeRTOS/Source/queue.c **** 
1199:Middlewares/FreeRTOS/Source/queue.c ****     /* xQueueGenericSendFromISR() should be used instead of xQueueGiveFromISR()
1200:Middlewares/FreeRTOS/Source/queue.c ****      * if the item size is not 0. */
1201:Middlewares/FreeRTOS/Source/queue.c ****     configASSERT( pxQueue->uxItemSize == 0 );
1202:Middlewares/FreeRTOS/Source/queue.c **** 
1203:Middlewares/FreeRTOS/Source/queue.c ****     /* Normally a mutex would not be given from an interrupt, especially if
1204:Middlewares/FreeRTOS/Source/queue.c ****      * there is a mutex holder, as priority inheritance makes no sense for an
1205:Middlewares/FreeRTOS/Source/queue.c ****      * interrupts, only tasks. */
1206:Middlewares/FreeRTOS/Source/queue.c ****     configASSERT( !( ( pxQueue->uxQueueType == queueQUEUE_IS_MUTEX ) && ( pxQueue->u.xSemaphore.xMu
1207:Middlewares/FreeRTOS/Source/queue.c **** 
1208:Middlewares/FreeRTOS/Source/queue.c ****     /* RTOS ports that support interrupt nesting have the concept of a maximum
1209:Middlewares/FreeRTOS/Source/queue.c ****      * system call (or maximum API call) interrupt priority.  Interrupts that are
1210:Middlewares/FreeRTOS/Source/queue.c ****      * above the maximum system call priority are kept permanently enabled, even
1211:Middlewares/FreeRTOS/Source/queue.c ****      * when the RTOS kernel is in a critical section, but cannot make any calls to
1212:Middlewares/FreeRTOS/Source/queue.c ****      * FreeRTOS API functions.  If configASSERT() is defined in FreeRTOSConfig.h
1213:Middlewares/FreeRTOS/Source/queue.c ****      * then portASSERT_IF_INTERRUPT_PRIORITY_INVALID() will result in an assertion
1214:Middlewares/FreeRTOS/Source/queue.c ****      * failure if a FreeRTOS API function is called from an interrupt that has been
1215:Middlewares/FreeRTOS/Source/queue.c ****      * assigned a priority above the configured maximum system call priority.
1216:Middlewares/FreeRTOS/Source/queue.c ****      * Only FreeRTOS functions that end in FromISR can be called from interrupts
1217:Middlewares/FreeRTOS/Source/queue.c ****      * that have been assigned a priority at or (logically) below the maximum
1218:Middlewares/FreeRTOS/Source/queue.c ****      * system call interrupt priority.  FreeRTOS maintains a separate interrupt
1219:Middlewares/FreeRTOS/Source/queue.c ****      * safe API to ensure interrupt entry is as fast and as simple as possible.
1220:Middlewares/FreeRTOS/Source/queue.c ****      * More information (albeit Cortex-M specific) is provided on the following
1221:Middlewares/FreeRTOS/Source/queue.c ****      * link: https://www.FreeRTOS.org/RTOS-Cortex-M3-M4.html */
1222:Middlewares/FreeRTOS/Source/queue.c ****     portASSERT_IF_INTERRUPT_PRIORITY_INVALID();
1223:Middlewares/FreeRTOS/Source/queue.c **** 
1224:Middlewares/FreeRTOS/Source/queue.c ****     uxSavedInterruptStatus = portSET_INTERRUPT_MASK_FROM_ISR();
1225:Middlewares/FreeRTOS/Source/queue.c ****     {
1226:Middlewares/FreeRTOS/Source/queue.c ****         const UBaseType_t uxMessagesWaiting = pxQueue->uxMessagesWaiting;
1227:Middlewares/FreeRTOS/Source/queue.c **** 
1228:Middlewares/FreeRTOS/Source/queue.c ****         /* When the queue is used to implement a semaphore no data is ever
1229:Middlewares/FreeRTOS/Source/queue.c ****          * moved through the queue but it is still valid to see if the queue 'has
ARM GAS  C:\Users\airforce\AppData\Local\Temp\cc49S5gS.s 			page 23


1230:Middlewares/FreeRTOS/Source/queue.c ****          * space'. */
1231:Middlewares/FreeRTOS/Source/queue.c ****         if( uxMessagesWaiting < pxQueue->uxLength )
1232:Middlewares/FreeRTOS/Source/queue.c ****         {
1233:Middlewares/FreeRTOS/Source/queue.c ****             const int8_t cTxLock = pxQueue->cTxLock;
1234:Middlewares/FreeRTOS/Source/queue.c **** 
1235:Middlewares/FreeRTOS/Source/queue.c ****             traceQUEUE_SEND_FROM_ISR( pxQueue );
1236:Middlewares/FreeRTOS/Source/queue.c **** 
1237:Middlewares/FreeRTOS/Source/queue.c ****             /* A task can only have an inherited priority if it is a mutex
1238:Middlewares/FreeRTOS/Source/queue.c ****              * holder - and if there is a mutex holder then the mutex cannot be
1239:Middlewares/FreeRTOS/Source/queue.c ****              * given from an ISR.  As this is the ISR version of the function it
1240:Middlewares/FreeRTOS/Source/queue.c ****              * can be assumed there is no mutex holder and no need to determine if
1241:Middlewares/FreeRTOS/Source/queue.c ****              * priority disinheritance is needed.  Simply increase the count of
1242:Middlewares/FreeRTOS/Source/queue.c ****              * messages (semaphores) available. */
1243:Middlewares/FreeRTOS/Source/queue.c ****             pxQueue->uxMessagesWaiting = uxMessagesWaiting + ( UBaseType_t ) 1;
1244:Middlewares/FreeRTOS/Source/queue.c **** 
1245:Middlewares/FreeRTOS/Source/queue.c ****             /* The event list is not altered if the queue is locked.  This will
1246:Middlewares/FreeRTOS/Source/queue.c ****              * be done when the queue is unlocked later. */
1247:Middlewares/FreeRTOS/Source/queue.c ****             if( cTxLock == queueUNLOCKED )
1248:Middlewares/FreeRTOS/Source/queue.c ****             {
1249:Middlewares/FreeRTOS/Source/queue.c ****                 #if ( configUSE_QUEUE_SETS == 1 )
1250:Middlewares/FreeRTOS/Source/queue.c ****                     {
1251:Middlewares/FreeRTOS/Source/queue.c ****                         if( pxQueue->pxQueueSetContainer != NULL )
1252:Middlewares/FreeRTOS/Source/queue.c ****                         {
1253:Middlewares/FreeRTOS/Source/queue.c ****                             if( prvNotifyQueueSetContainer( pxQueue ) != pdFALSE )
1254:Middlewares/FreeRTOS/Source/queue.c ****                             {
1255:Middlewares/FreeRTOS/Source/queue.c ****                                 /* The semaphore is a member of a queue set, and
1256:Middlewares/FreeRTOS/Source/queue.c ****                                  * posting to the queue set caused a higher priority
1257:Middlewares/FreeRTOS/Source/queue.c ****                                  * task to unblock.  A context switch is required. */
1258:Middlewares/FreeRTOS/Source/queue.c ****                                 if( pxHigherPriorityTaskWoken != NULL )
1259:Middlewares/FreeRTOS/Source/queue.c ****                                 {
1260:Middlewares/FreeRTOS/Source/queue.c ****                                     *pxHigherPriorityTaskWoken = pdTRUE;
1261:Middlewares/FreeRTOS/Source/queue.c ****                                 }
1262:Middlewares/FreeRTOS/Source/queue.c ****                                 else
1263:Middlewares/FreeRTOS/Source/queue.c ****                                 {
1264:Middlewares/FreeRTOS/Source/queue.c ****                                     mtCOVERAGE_TEST_MARKER();
1265:Middlewares/FreeRTOS/Source/queue.c ****                                 }
1266:Middlewares/FreeRTOS/Source/queue.c ****                             }
1267:Middlewares/FreeRTOS/Source/queue.c ****                             else
1268:Middlewares/FreeRTOS/Source/queue.c ****                             {
1269:Middlewares/FreeRTOS/Source/queue.c ****                                 mtCOVERAGE_TEST_MARKER();
1270:Middlewares/FreeRTOS/Source/queue.c ****                             }
1271:Middlewares/FreeRTOS/Source/queue.c ****                         }
1272:Middlewares/FreeRTOS/Source/queue.c ****                         else
1273:Middlewares/FreeRTOS/Source/queue.c ****                         {
1274:Middlewares/FreeRTOS/Source/queue.c ****                             if( listLIST_IS_EMPTY( &( pxQueue->xTasksWaitingToReceive ) ) == pdFALS
1275:Middlewares/FreeRTOS/Source/queue.c ****                             {
1276:Middlewares/FreeRTOS/Source/queue.c ****                                 if( xTaskRemoveFromEventList( &( pxQueue->xTasksWaitingToReceive ) 
1277:Middlewares/FreeRTOS/Source/queue.c ****                                 {
1278:Middlewares/FreeRTOS/Source/queue.c ****                                     /* The task waiting has a higher priority so
1279:Middlewares/FreeRTOS/Source/queue.c ****                                      *  record that a context switch is required. */
1280:Middlewares/FreeRTOS/Source/queue.c ****                                     if( pxHigherPriorityTaskWoken != NULL )
1281:Middlewares/FreeRTOS/Source/queue.c ****                                     {
1282:Middlewares/FreeRTOS/Source/queue.c ****                                         *pxHigherPriorityTaskWoken = pdTRUE;
1283:Middlewares/FreeRTOS/Source/queue.c ****                                     }
1284:Middlewares/FreeRTOS/Source/queue.c ****                                     else
1285:Middlewares/FreeRTOS/Source/queue.c ****                                     {
1286:Middlewares/FreeRTOS/Source/queue.c ****                                         mtCOVERAGE_TEST_MARKER();
ARM GAS  C:\Users\airforce\AppData\Local\Temp\cc49S5gS.s 			page 24


1287:Middlewares/FreeRTOS/Source/queue.c ****                                     }
1288:Middlewares/FreeRTOS/Source/queue.c ****                                 }
1289:Middlewares/FreeRTOS/Source/queue.c ****                                 else
1290:Middlewares/FreeRTOS/Source/queue.c ****                                 {
1291:Middlewares/FreeRTOS/Source/queue.c ****                                     mtCOVERAGE_TEST_MARKER();
1292:Middlewares/FreeRTOS/Source/queue.c ****                                 }
1293:Middlewares/FreeRTOS/Source/queue.c ****                             }
1294:Middlewares/FreeRTOS/Source/queue.c ****                             else
1295:Middlewares/FreeRTOS/Source/queue.c ****                             {
1296:Middlewares/FreeRTOS/Source/queue.c ****                                 mtCOVERAGE_TEST_MARKER();
1297:Middlewares/FreeRTOS/Source/queue.c ****                             }
1298:Middlewares/FreeRTOS/Source/queue.c ****                         }
1299:Middlewares/FreeRTOS/Source/queue.c ****                     }
1300:Middlewares/FreeRTOS/Source/queue.c ****                 #else /* configUSE_QUEUE_SETS */
1301:Middlewares/FreeRTOS/Source/queue.c ****                     {
1302:Middlewares/FreeRTOS/Source/queue.c ****                         if( listLIST_IS_EMPTY( &( pxQueue->xTasksWaitingToReceive ) ) == pdFALSE )
1303:Middlewares/FreeRTOS/Source/queue.c ****                         {
1304:Middlewares/FreeRTOS/Source/queue.c ****                             if( xTaskRemoveFromEventList( &( pxQueue->xTasksWaitingToReceive ) ) !=
1305:Middlewares/FreeRTOS/Source/queue.c ****                             {
1306:Middlewares/FreeRTOS/Source/queue.c ****                                 /* The task waiting has a higher priority so record that a
1307:Middlewares/FreeRTOS/Source/queue.c ****                                  * context switch is required. */
1308:Middlewares/FreeRTOS/Source/queue.c ****                                 if( pxHigherPriorityTaskWoken != NULL )
1309:Middlewares/FreeRTOS/Source/queue.c ****                                 {
1310:Middlewares/FreeRTOS/Source/queue.c ****                                     *pxHigherPriorityTaskWoken = pdTRUE;
1311:Middlewares/FreeRTOS/Source/queue.c ****                                 }
1312:Middlewares/FreeRTOS/Source/queue.c ****                                 else
1313:Middlewares/FreeRTOS/Source/queue.c ****                                 {
1314:Middlewares/FreeRTOS/Source/queue.c ****                                     mtCOVERAGE_TEST_MARKER();
1315:Middlewares/FreeRTOS/Source/queue.c ****                                 }
1316:Middlewares/FreeRTOS/Source/queue.c ****                             }
1317:Middlewares/FreeRTOS/Source/queue.c ****                             else
1318:Middlewares/FreeRTOS/Source/queue.c ****                             {
1319:Middlewares/FreeRTOS/Source/queue.c ****                                 mtCOVERAGE_TEST_MARKER();
1320:Middlewares/FreeRTOS/Source/queue.c ****                             }
1321:Middlewares/FreeRTOS/Source/queue.c ****                         }
1322:Middlewares/FreeRTOS/Source/queue.c ****                         else
1323:Middlewares/FreeRTOS/Source/queue.c ****                         {
1324:Middlewares/FreeRTOS/Source/queue.c ****                             mtCOVERAGE_TEST_MARKER();
1325:Middlewares/FreeRTOS/Source/queue.c ****                         }
1326:Middlewares/FreeRTOS/Source/queue.c ****                     }
1327:Middlewares/FreeRTOS/Source/queue.c ****                 #endif /* configUSE_QUEUE_SETS */
1328:Middlewares/FreeRTOS/Source/queue.c ****             }
1329:Middlewares/FreeRTOS/Source/queue.c ****             else
1330:Middlewares/FreeRTOS/Source/queue.c ****             {
1331:Middlewares/FreeRTOS/Source/queue.c ****                 /* Increment the lock count so the task that unlocks the queue
1332:Middlewares/FreeRTOS/Source/queue.c ****                  * knows that data was posted while it was locked. */
1333:Middlewares/FreeRTOS/Source/queue.c ****                 configASSERT( cTxLock != queueINT8_MAX );
1334:Middlewares/FreeRTOS/Source/queue.c **** 
1335:Middlewares/FreeRTOS/Source/queue.c ****                 pxQueue->cTxLock = ( int8_t ) ( cTxLock + 1 );
1336:Middlewares/FreeRTOS/Source/queue.c ****             }
1337:Middlewares/FreeRTOS/Source/queue.c **** 
1338:Middlewares/FreeRTOS/Source/queue.c ****             xReturn = pdPASS;
1339:Middlewares/FreeRTOS/Source/queue.c ****         }
1340:Middlewares/FreeRTOS/Source/queue.c ****         else
1341:Middlewares/FreeRTOS/Source/queue.c ****         {
1342:Middlewares/FreeRTOS/Source/queue.c ****             traceQUEUE_SEND_FROM_ISR_FAILED( pxQueue );
1343:Middlewares/FreeRTOS/Source/queue.c ****             xReturn = errQUEUE_FULL;
ARM GAS  C:\Users\airforce\AppData\Local\Temp\cc49S5gS.s 			page 25


1344:Middlewares/FreeRTOS/Source/queue.c ****         }
1345:Middlewares/FreeRTOS/Source/queue.c ****     }
1346:Middlewares/FreeRTOS/Source/queue.c ****     portCLEAR_INTERRUPT_MASK_FROM_ISR( uxSavedInterruptStatus );
1347:Middlewares/FreeRTOS/Source/queue.c **** 
1348:Middlewares/FreeRTOS/Source/queue.c ****     return xReturn;
1349:Middlewares/FreeRTOS/Source/queue.c **** }
1350:Middlewares/FreeRTOS/Source/queue.c **** /*-----------------------------------------------------------*/
1351:Middlewares/FreeRTOS/Source/queue.c **** 
1352:Middlewares/FreeRTOS/Source/queue.c **** BaseType_t xQueueReceive( QueueHandle_t xQueue,
1353:Middlewares/FreeRTOS/Source/queue.c ****                           void * const pvBuffer,
1354:Middlewares/FreeRTOS/Source/queue.c ****                           TickType_t xTicksToWait )
1355:Middlewares/FreeRTOS/Source/queue.c **** {
1356:Middlewares/FreeRTOS/Source/queue.c ****     BaseType_t xEntryTimeSet = pdFALSE;
1357:Middlewares/FreeRTOS/Source/queue.c ****     TimeOut_t xTimeOut;
1358:Middlewares/FreeRTOS/Source/queue.c ****     Queue_t * const pxQueue = xQueue;
1359:Middlewares/FreeRTOS/Source/queue.c **** 
1360:Middlewares/FreeRTOS/Source/queue.c ****     /* Check the pointer is not NULL. */
1361:Middlewares/FreeRTOS/Source/queue.c ****     configASSERT( ( pxQueue ) );
1362:Middlewares/FreeRTOS/Source/queue.c **** 
1363:Middlewares/FreeRTOS/Source/queue.c ****     /* The buffer into which data is received can only be NULL if the data size
1364:Middlewares/FreeRTOS/Source/queue.c ****      * is zero (so no data is copied into the buffer). */
1365:Middlewares/FreeRTOS/Source/queue.c ****     configASSERT( !( ( ( pvBuffer ) == NULL ) && ( ( pxQueue )->uxItemSize != ( UBaseType_t ) 0U ) 
1366:Middlewares/FreeRTOS/Source/queue.c **** 
1367:Middlewares/FreeRTOS/Source/queue.c ****     /* Cannot block if the scheduler is suspended. */
1368:Middlewares/FreeRTOS/Source/queue.c ****     #if ( ( INCLUDE_xTaskGetSchedulerState == 1 ) || ( configUSE_TIMERS == 1 ) )
1369:Middlewares/FreeRTOS/Source/queue.c ****         {
1370:Middlewares/FreeRTOS/Source/queue.c ****             configASSERT( !( ( xTaskGetSchedulerState() == taskSCHEDULER_SUSPENDED ) && ( xTicksToW
1371:Middlewares/FreeRTOS/Source/queue.c ****         }
1372:Middlewares/FreeRTOS/Source/queue.c ****     #endif
1373:Middlewares/FreeRTOS/Source/queue.c **** 
1374:Middlewares/FreeRTOS/Source/queue.c ****     /*lint -save -e904  This function relaxes the coding standard somewhat to
1375:Middlewares/FreeRTOS/Source/queue.c ****      * allow return statements within the function itself.  This is done in the
1376:Middlewares/FreeRTOS/Source/queue.c ****      * interest of execution time efficiency. */
1377:Middlewares/FreeRTOS/Source/queue.c ****     for( ; ; )
1378:Middlewares/FreeRTOS/Source/queue.c ****     {
1379:Middlewares/FreeRTOS/Source/queue.c ****         taskENTER_CRITICAL();
1380:Middlewares/FreeRTOS/Source/queue.c ****         {
1381:Middlewares/FreeRTOS/Source/queue.c ****             const UBaseType_t uxMessagesWaiting = pxQueue->uxMessagesWaiting;
1382:Middlewares/FreeRTOS/Source/queue.c **** 
1383:Middlewares/FreeRTOS/Source/queue.c ****             /* Is there data in the queue now?  To be running the calling task
1384:Middlewares/FreeRTOS/Source/queue.c ****              * must be the highest priority task wanting to access the queue. */
1385:Middlewares/FreeRTOS/Source/queue.c ****             if( uxMessagesWaiting > ( UBaseType_t ) 0 )
1386:Middlewares/FreeRTOS/Source/queue.c ****             {
1387:Middlewares/FreeRTOS/Source/queue.c ****                 /* Data available, remove one item. */
1388:Middlewares/FreeRTOS/Source/queue.c ****                 prvCopyDataFromQueue( pxQueue, pvBuffer );
1389:Middlewares/FreeRTOS/Source/queue.c ****                 traceQUEUE_RECEIVE( pxQueue );
1390:Middlewares/FreeRTOS/Source/queue.c ****                 pxQueue->uxMessagesWaiting = uxMessagesWaiting - ( UBaseType_t ) 1;
1391:Middlewares/FreeRTOS/Source/queue.c **** 
1392:Middlewares/FreeRTOS/Source/queue.c ****                 /* There is now space in the queue, were any tasks waiting to
1393:Middlewares/FreeRTOS/Source/queue.c ****                  * post to the queue?  If so, unblock the highest priority waiting
1394:Middlewares/FreeRTOS/Source/queue.c ****                  * task. */
1395:Middlewares/FreeRTOS/Source/queue.c ****                 if( listLIST_IS_EMPTY( &( pxQueue->xTasksWaitingToSend ) ) == pdFALSE )
1396:Middlewares/FreeRTOS/Source/queue.c ****                 {
1397:Middlewares/FreeRTOS/Source/queue.c ****                     if( xTaskRemoveFromEventList( &( pxQueue->xTasksWaitingToSend ) ) != pdFALSE )
1398:Middlewares/FreeRTOS/Source/queue.c ****                     {
1399:Middlewares/FreeRTOS/Source/queue.c ****                         queueYIELD_IF_USING_PREEMPTION();
1400:Middlewares/FreeRTOS/Source/queue.c ****                     }
ARM GAS  C:\Users\airforce\AppData\Local\Temp\cc49S5gS.s 			page 26


1401:Middlewares/FreeRTOS/Source/queue.c ****                     else
1402:Middlewares/FreeRTOS/Source/queue.c ****                     {
1403:Middlewares/FreeRTOS/Source/queue.c ****                         mtCOVERAGE_TEST_MARKER();
1404:Middlewares/FreeRTOS/Source/queue.c ****                     }
1405:Middlewares/FreeRTOS/Source/queue.c ****                 }
1406:Middlewares/FreeRTOS/Source/queue.c ****                 else
1407:Middlewares/FreeRTOS/Source/queue.c ****                 {
1408:Middlewares/FreeRTOS/Source/queue.c ****                     mtCOVERAGE_TEST_MARKER();
1409:Middlewares/FreeRTOS/Source/queue.c ****                 }
1410:Middlewares/FreeRTOS/Source/queue.c **** 
1411:Middlewares/FreeRTOS/Source/queue.c ****                 taskEXIT_CRITICAL();
1412:Middlewares/FreeRTOS/Source/queue.c ****                 return pdPASS;
1413:Middlewares/FreeRTOS/Source/queue.c ****             }
1414:Middlewares/FreeRTOS/Source/queue.c ****             else
1415:Middlewares/FreeRTOS/Source/queue.c ****             {
1416:Middlewares/FreeRTOS/Source/queue.c ****                 if( xTicksToWait == ( TickType_t ) 0 )
1417:Middlewares/FreeRTOS/Source/queue.c ****                 {
1418:Middlewares/FreeRTOS/Source/queue.c ****                     /* The queue was empty and no block time is specified (or
1419:Middlewares/FreeRTOS/Source/queue.c ****                      * the block time has expired) so leave now. */
1420:Middlewares/FreeRTOS/Source/queue.c ****                     taskEXIT_CRITICAL();
1421:Middlewares/FreeRTOS/Source/queue.c ****                     traceQUEUE_RECEIVE_FAILED( pxQueue );
1422:Middlewares/FreeRTOS/Source/queue.c ****                     return errQUEUE_EMPTY;
1423:Middlewares/FreeRTOS/Source/queue.c ****                 }
1424:Middlewares/FreeRTOS/Source/queue.c ****                 else if( xEntryTimeSet == pdFALSE )
1425:Middlewares/FreeRTOS/Source/queue.c ****                 {
1426:Middlewares/FreeRTOS/Source/queue.c ****                     /* The queue was empty and a block time was specified so
1427:Middlewares/FreeRTOS/Source/queue.c ****                      * configure the timeout structure. */
1428:Middlewares/FreeRTOS/Source/queue.c ****                     vTaskInternalSetTimeOutState( &xTimeOut );
1429:Middlewares/FreeRTOS/Source/queue.c ****                     xEntryTimeSet = pdTRUE;
1430:Middlewares/FreeRTOS/Source/queue.c ****                 }
1431:Middlewares/FreeRTOS/Source/queue.c ****                 else
1432:Middlewares/FreeRTOS/Source/queue.c ****                 {
1433:Middlewares/FreeRTOS/Source/queue.c ****                     /* Entry time was already set. */
1434:Middlewares/FreeRTOS/Source/queue.c ****                     mtCOVERAGE_TEST_MARKER();
1435:Middlewares/FreeRTOS/Source/queue.c ****                 }
1436:Middlewares/FreeRTOS/Source/queue.c ****             }
1437:Middlewares/FreeRTOS/Source/queue.c ****         }
1438:Middlewares/FreeRTOS/Source/queue.c ****         taskEXIT_CRITICAL();
1439:Middlewares/FreeRTOS/Source/queue.c **** 
1440:Middlewares/FreeRTOS/Source/queue.c ****         /* Interrupts and other tasks can send to and receive from the queue
1441:Middlewares/FreeRTOS/Source/queue.c ****          * now the critical section has been exited. */
1442:Middlewares/FreeRTOS/Source/queue.c **** 
1443:Middlewares/FreeRTOS/Source/queue.c ****         vTaskSuspendAll();
1444:Middlewares/FreeRTOS/Source/queue.c ****         prvLockQueue( pxQueue );
1445:Middlewares/FreeRTOS/Source/queue.c **** 
1446:Middlewares/FreeRTOS/Source/queue.c ****         /* Update the timeout state to see if it has expired yet. */
1447:Middlewares/FreeRTOS/Source/queue.c ****         if( xTaskCheckForTimeOut( &xTimeOut, &xTicksToWait ) == pdFALSE )
1448:Middlewares/FreeRTOS/Source/queue.c ****         {
1449:Middlewares/FreeRTOS/Source/queue.c ****             /* The timeout has not expired.  If the queue is still empty place
1450:Middlewares/FreeRTOS/Source/queue.c ****              * the task on the list of tasks waiting to receive from the queue. */
1451:Middlewares/FreeRTOS/Source/queue.c ****             if( prvIsQueueEmpty( pxQueue ) != pdFALSE )
1452:Middlewares/FreeRTOS/Source/queue.c ****             {
1453:Middlewares/FreeRTOS/Source/queue.c ****                 traceBLOCKING_ON_QUEUE_RECEIVE( pxQueue );
1454:Middlewares/FreeRTOS/Source/queue.c ****                 vTaskPlaceOnEventList( &( pxQueue->xTasksWaitingToReceive ), xTicksToWait );
1455:Middlewares/FreeRTOS/Source/queue.c ****                 prvUnlockQueue( pxQueue );
1456:Middlewares/FreeRTOS/Source/queue.c **** 
1457:Middlewares/FreeRTOS/Source/queue.c ****                 if( xTaskResumeAll() == pdFALSE )
ARM GAS  C:\Users\airforce\AppData\Local\Temp\cc49S5gS.s 			page 27


1458:Middlewares/FreeRTOS/Source/queue.c ****                 {
1459:Middlewares/FreeRTOS/Source/queue.c ****                     portYIELD_WITHIN_API();
1460:Middlewares/FreeRTOS/Source/queue.c ****                 }
1461:Middlewares/FreeRTOS/Source/queue.c ****                 else
1462:Middlewares/FreeRTOS/Source/queue.c ****                 {
1463:Middlewares/FreeRTOS/Source/queue.c ****                     mtCOVERAGE_TEST_MARKER();
1464:Middlewares/FreeRTOS/Source/queue.c ****                 }
1465:Middlewares/FreeRTOS/Source/queue.c ****             }
1466:Middlewares/FreeRTOS/Source/queue.c ****             else
1467:Middlewares/FreeRTOS/Source/queue.c ****             {
1468:Middlewares/FreeRTOS/Source/queue.c ****                 /* The queue contains data again.  Loop back to try and read the
1469:Middlewares/FreeRTOS/Source/queue.c ****                  * data. */
1470:Middlewares/FreeRTOS/Source/queue.c ****                 prvUnlockQueue( pxQueue );
1471:Middlewares/FreeRTOS/Source/queue.c ****                 ( void ) xTaskResumeAll();
1472:Middlewares/FreeRTOS/Source/queue.c ****             }
1473:Middlewares/FreeRTOS/Source/queue.c ****         }
1474:Middlewares/FreeRTOS/Source/queue.c ****         else
1475:Middlewares/FreeRTOS/Source/queue.c ****         {
1476:Middlewares/FreeRTOS/Source/queue.c ****             /* Timed out.  If there is no data in the queue exit, otherwise loop
1477:Middlewares/FreeRTOS/Source/queue.c ****              * back and attempt to read the data. */
1478:Middlewares/FreeRTOS/Source/queue.c ****             prvUnlockQueue( pxQueue );
1479:Middlewares/FreeRTOS/Source/queue.c ****             ( void ) xTaskResumeAll();
1480:Middlewares/FreeRTOS/Source/queue.c **** 
1481:Middlewares/FreeRTOS/Source/queue.c ****             if( prvIsQueueEmpty( pxQueue ) != pdFALSE )
1482:Middlewares/FreeRTOS/Source/queue.c ****             {
1483:Middlewares/FreeRTOS/Source/queue.c ****                 traceQUEUE_RECEIVE_FAILED( pxQueue );
1484:Middlewares/FreeRTOS/Source/queue.c ****                 return errQUEUE_EMPTY;
1485:Middlewares/FreeRTOS/Source/queue.c ****             }
1486:Middlewares/FreeRTOS/Source/queue.c ****             else
1487:Middlewares/FreeRTOS/Source/queue.c ****             {
1488:Middlewares/FreeRTOS/Source/queue.c ****                 mtCOVERAGE_TEST_MARKER();
1489:Middlewares/FreeRTOS/Source/queue.c ****             }
1490:Middlewares/FreeRTOS/Source/queue.c ****         }
1491:Middlewares/FreeRTOS/Source/queue.c ****     } /*lint -restore */
1492:Middlewares/FreeRTOS/Source/queue.c **** }
1493:Middlewares/FreeRTOS/Source/queue.c **** /*-----------------------------------------------------------*/
1494:Middlewares/FreeRTOS/Source/queue.c **** 
1495:Middlewares/FreeRTOS/Source/queue.c **** BaseType_t xQueueSemaphoreTake( QueueHandle_t xQueue,
1496:Middlewares/FreeRTOS/Source/queue.c ****                                 TickType_t xTicksToWait )
1497:Middlewares/FreeRTOS/Source/queue.c **** {
1498:Middlewares/FreeRTOS/Source/queue.c ****     BaseType_t xEntryTimeSet = pdFALSE;
1499:Middlewares/FreeRTOS/Source/queue.c ****     TimeOut_t xTimeOut;
1500:Middlewares/FreeRTOS/Source/queue.c ****     Queue_t * const pxQueue = xQueue;
1501:Middlewares/FreeRTOS/Source/queue.c **** 
1502:Middlewares/FreeRTOS/Source/queue.c ****     #if ( configUSE_MUTEXES == 1 )
1503:Middlewares/FreeRTOS/Source/queue.c ****         BaseType_t xInheritanceOccurred = pdFALSE;
1504:Middlewares/FreeRTOS/Source/queue.c ****     #endif
1505:Middlewares/FreeRTOS/Source/queue.c **** 
1506:Middlewares/FreeRTOS/Source/queue.c ****     /* Check the queue pointer is not NULL. */
1507:Middlewares/FreeRTOS/Source/queue.c ****     configASSERT( ( pxQueue ) );
1508:Middlewares/FreeRTOS/Source/queue.c **** 
1509:Middlewares/FreeRTOS/Source/queue.c ****     /* Check this really is a semaphore, in which case the item size will be
1510:Middlewares/FreeRTOS/Source/queue.c ****      * 0. */
1511:Middlewares/FreeRTOS/Source/queue.c ****     configASSERT( pxQueue->uxItemSize == 0 );
1512:Middlewares/FreeRTOS/Source/queue.c **** 
1513:Middlewares/FreeRTOS/Source/queue.c ****     /* Cannot block if the scheduler is suspended. */
1514:Middlewares/FreeRTOS/Source/queue.c ****     #if ( ( INCLUDE_xTaskGetSchedulerState == 1 ) || ( configUSE_TIMERS == 1 ) )
ARM GAS  C:\Users\airforce\AppData\Local\Temp\cc49S5gS.s 			page 28


1515:Middlewares/FreeRTOS/Source/queue.c ****         {
1516:Middlewares/FreeRTOS/Source/queue.c ****             configASSERT( !( ( xTaskGetSchedulerState() == taskSCHEDULER_SUSPENDED ) && ( xTicksToW
1517:Middlewares/FreeRTOS/Source/queue.c ****         }
1518:Middlewares/FreeRTOS/Source/queue.c ****     #endif
1519:Middlewares/FreeRTOS/Source/queue.c **** 
1520:Middlewares/FreeRTOS/Source/queue.c ****     /*lint -save -e904 This function relaxes the coding standard somewhat to allow return
1521:Middlewares/FreeRTOS/Source/queue.c ****      * statements within the function itself.  This is done in the interest
1522:Middlewares/FreeRTOS/Source/queue.c ****      * of execution time efficiency. */
1523:Middlewares/FreeRTOS/Source/queue.c ****     for( ; ; )
1524:Middlewares/FreeRTOS/Source/queue.c ****     {
1525:Middlewares/FreeRTOS/Source/queue.c ****         taskENTER_CRITICAL();
1526:Middlewares/FreeRTOS/Source/queue.c ****         {
1527:Middlewares/FreeRTOS/Source/queue.c ****             /* Semaphores are queues with an item size of 0, and where the
1528:Middlewares/FreeRTOS/Source/queue.c ****              * number of messages in the queue is the semaphore's count value. */
1529:Middlewares/FreeRTOS/Source/queue.c ****             const UBaseType_t uxSemaphoreCount = pxQueue->uxMessagesWaiting;
1530:Middlewares/FreeRTOS/Source/queue.c **** 
1531:Middlewares/FreeRTOS/Source/queue.c ****             /* Is there data in the queue now?  To be running the calling task
1532:Middlewares/FreeRTOS/Source/queue.c ****              * must be the highest priority task wanting to access the queue. */
1533:Middlewares/FreeRTOS/Source/queue.c ****             if( uxSemaphoreCount > ( UBaseType_t ) 0 )
1534:Middlewares/FreeRTOS/Source/queue.c ****             {
1535:Middlewares/FreeRTOS/Source/queue.c ****                 traceQUEUE_RECEIVE( pxQueue );
1536:Middlewares/FreeRTOS/Source/queue.c **** 
1537:Middlewares/FreeRTOS/Source/queue.c ****                 /* Semaphores are queues with a data size of zero and where the
1538:Middlewares/FreeRTOS/Source/queue.c ****                  * messages waiting is the semaphore's count.  Reduce the count. */
1539:Middlewares/FreeRTOS/Source/queue.c ****                 pxQueue->uxMessagesWaiting = uxSemaphoreCount - ( UBaseType_t ) 1;
1540:Middlewares/FreeRTOS/Source/queue.c **** 
1541:Middlewares/FreeRTOS/Source/queue.c ****                 #if ( configUSE_MUTEXES == 1 )
1542:Middlewares/FreeRTOS/Source/queue.c ****                     {
1543:Middlewares/FreeRTOS/Source/queue.c ****                         if( pxQueue->uxQueueType == queueQUEUE_IS_MUTEX )
1544:Middlewares/FreeRTOS/Source/queue.c ****                         {
1545:Middlewares/FreeRTOS/Source/queue.c ****                             /* Record the information required to implement
1546:Middlewares/FreeRTOS/Source/queue.c ****                              * priority inheritance should it become necessary. */
1547:Middlewares/FreeRTOS/Source/queue.c ****                             pxQueue->u.xSemaphore.xMutexHolder = pvTaskIncrementMutexHeldCount();
1548:Middlewares/FreeRTOS/Source/queue.c ****                         }
1549:Middlewares/FreeRTOS/Source/queue.c ****                         else
1550:Middlewares/FreeRTOS/Source/queue.c ****                         {
1551:Middlewares/FreeRTOS/Source/queue.c ****                             mtCOVERAGE_TEST_MARKER();
1552:Middlewares/FreeRTOS/Source/queue.c ****                         }
1553:Middlewares/FreeRTOS/Source/queue.c ****                     }
1554:Middlewares/FreeRTOS/Source/queue.c ****                 #endif /* configUSE_MUTEXES */
1555:Middlewares/FreeRTOS/Source/queue.c **** 
1556:Middlewares/FreeRTOS/Source/queue.c ****                 /* Check to see if other tasks are blocked waiting to give the
1557:Middlewares/FreeRTOS/Source/queue.c ****                  * semaphore, and if so, unblock the highest priority such task. */
1558:Middlewares/FreeRTOS/Source/queue.c ****                 if( listLIST_IS_EMPTY( &( pxQueue->xTasksWaitingToSend ) ) == pdFALSE )
1559:Middlewares/FreeRTOS/Source/queue.c ****                 {
1560:Middlewares/FreeRTOS/Source/queue.c ****                     if( xTaskRemoveFromEventList( &( pxQueue->xTasksWaitingToSend ) ) != pdFALSE )
1561:Middlewares/FreeRTOS/Source/queue.c ****                     {
1562:Middlewares/FreeRTOS/Source/queue.c ****                         queueYIELD_IF_USING_PREEMPTION();
1563:Middlewares/FreeRTOS/Source/queue.c ****                     }
1564:Middlewares/FreeRTOS/Source/queue.c ****                     else
1565:Middlewares/FreeRTOS/Source/queue.c ****                     {
1566:Middlewares/FreeRTOS/Source/queue.c ****                         mtCOVERAGE_TEST_MARKER();
1567:Middlewares/FreeRTOS/Source/queue.c ****                     }
1568:Middlewares/FreeRTOS/Source/queue.c ****                 }
1569:Middlewares/FreeRTOS/Source/queue.c ****                 else
1570:Middlewares/FreeRTOS/Source/queue.c ****                 {
1571:Middlewares/FreeRTOS/Source/queue.c ****                     mtCOVERAGE_TEST_MARKER();
ARM GAS  C:\Users\airforce\AppData\Local\Temp\cc49S5gS.s 			page 29


1572:Middlewares/FreeRTOS/Source/queue.c ****                 }
1573:Middlewares/FreeRTOS/Source/queue.c **** 
1574:Middlewares/FreeRTOS/Source/queue.c ****                 taskEXIT_CRITICAL();
1575:Middlewares/FreeRTOS/Source/queue.c ****                 return pdPASS;
1576:Middlewares/FreeRTOS/Source/queue.c ****             }
1577:Middlewares/FreeRTOS/Source/queue.c ****             else
1578:Middlewares/FreeRTOS/Source/queue.c ****             {
1579:Middlewares/FreeRTOS/Source/queue.c ****                 if( xTicksToWait == ( TickType_t ) 0 )
1580:Middlewares/FreeRTOS/Source/queue.c ****                 {
1581:Middlewares/FreeRTOS/Source/queue.c ****                     /* For inheritance to have occurred there must have been an
1582:Middlewares/FreeRTOS/Source/queue.c ****                      * initial timeout, and an adjusted timeout cannot become 0, as
1583:Middlewares/FreeRTOS/Source/queue.c ****                      * if it were 0 the function would have exited. */
1584:Middlewares/FreeRTOS/Source/queue.c ****                     #if ( configUSE_MUTEXES == 1 )
1585:Middlewares/FreeRTOS/Source/queue.c ****                         {
1586:Middlewares/FreeRTOS/Source/queue.c ****                             configASSERT( xInheritanceOccurred == pdFALSE );
1587:Middlewares/FreeRTOS/Source/queue.c ****                         }
1588:Middlewares/FreeRTOS/Source/queue.c ****                     #endif /* configUSE_MUTEXES */
1589:Middlewares/FreeRTOS/Source/queue.c **** 
1590:Middlewares/FreeRTOS/Source/queue.c ****                     /* The semaphore count was 0 and no block time is specified
1591:Middlewares/FreeRTOS/Source/queue.c ****                      * (or the block time has expired) so exit now. */
1592:Middlewares/FreeRTOS/Source/queue.c ****                     taskEXIT_CRITICAL();
1593:Middlewares/FreeRTOS/Source/queue.c ****                     traceQUEUE_RECEIVE_FAILED( pxQueue );
1594:Middlewares/FreeRTOS/Source/queue.c ****                     return errQUEUE_EMPTY;
1595:Middlewares/FreeRTOS/Source/queue.c ****                 }
1596:Middlewares/FreeRTOS/Source/queue.c ****                 else if( xEntryTimeSet == pdFALSE )
1597:Middlewares/FreeRTOS/Source/queue.c ****                 {
1598:Middlewares/FreeRTOS/Source/queue.c ****                     /* The semaphore count was 0 and a block time was specified
1599:Middlewares/FreeRTOS/Source/queue.c ****                      * so configure the timeout structure ready to block. */
1600:Middlewares/FreeRTOS/Source/queue.c ****                     vTaskInternalSetTimeOutState( &xTimeOut );
1601:Middlewares/FreeRTOS/Source/queue.c ****                     xEntryTimeSet = pdTRUE;
1602:Middlewares/FreeRTOS/Source/queue.c ****                 }
1603:Middlewares/FreeRTOS/Source/queue.c ****                 else
1604:Middlewares/FreeRTOS/Source/queue.c ****                 {
1605:Middlewares/FreeRTOS/Source/queue.c ****                     /* Entry time was already set. */
1606:Middlewares/FreeRTOS/Source/queue.c ****                     mtCOVERAGE_TEST_MARKER();
1607:Middlewares/FreeRTOS/Source/queue.c ****                 }
1608:Middlewares/FreeRTOS/Source/queue.c ****             }
1609:Middlewares/FreeRTOS/Source/queue.c ****         }
1610:Middlewares/FreeRTOS/Source/queue.c ****         taskEXIT_CRITICAL();
1611:Middlewares/FreeRTOS/Source/queue.c **** 
1612:Middlewares/FreeRTOS/Source/queue.c ****         /* Interrupts and other tasks can give to and take from the semaphore
1613:Middlewares/FreeRTOS/Source/queue.c ****          * now the critical section has been exited. */
1614:Middlewares/FreeRTOS/Source/queue.c **** 
1615:Middlewares/FreeRTOS/Source/queue.c ****         vTaskSuspendAll();
1616:Middlewares/FreeRTOS/Source/queue.c ****         prvLockQueue( pxQueue );
1617:Middlewares/FreeRTOS/Source/queue.c **** 
1618:Middlewares/FreeRTOS/Source/queue.c ****         /* Update the timeout state to see if it has expired yet. */
1619:Middlewares/FreeRTOS/Source/queue.c ****         if( xTaskCheckForTimeOut( &xTimeOut, &xTicksToWait ) == pdFALSE )
1620:Middlewares/FreeRTOS/Source/queue.c ****         {
1621:Middlewares/FreeRTOS/Source/queue.c ****             /* A block time is specified and not expired.  If the semaphore
1622:Middlewares/FreeRTOS/Source/queue.c ****              * count is 0 then enter the Blocked state to wait for a semaphore to
1623:Middlewares/FreeRTOS/Source/queue.c ****              * become available.  As semaphores are implemented with queues the
1624:Middlewares/FreeRTOS/Source/queue.c ****              * queue being empty is equivalent to the semaphore count being 0. */
1625:Middlewares/FreeRTOS/Source/queue.c ****             if( prvIsQueueEmpty( pxQueue ) != pdFALSE )
1626:Middlewares/FreeRTOS/Source/queue.c ****             {
1627:Middlewares/FreeRTOS/Source/queue.c ****                 traceBLOCKING_ON_QUEUE_RECEIVE( pxQueue );
1628:Middlewares/FreeRTOS/Source/queue.c **** 
ARM GAS  C:\Users\airforce\AppData\Local\Temp\cc49S5gS.s 			page 30


1629:Middlewares/FreeRTOS/Source/queue.c ****                 #if ( configUSE_MUTEXES == 1 )
1630:Middlewares/FreeRTOS/Source/queue.c ****                     {
1631:Middlewares/FreeRTOS/Source/queue.c ****                         if( pxQueue->uxQueueType == queueQUEUE_IS_MUTEX )
1632:Middlewares/FreeRTOS/Source/queue.c ****                         {
1633:Middlewares/FreeRTOS/Source/queue.c ****                             taskENTER_CRITICAL();
1634:Middlewares/FreeRTOS/Source/queue.c ****                             {
1635:Middlewares/FreeRTOS/Source/queue.c ****                                 xInheritanceOccurred = xTaskPriorityInherit( pxQueue->u.xSemaphore.
1636:Middlewares/FreeRTOS/Source/queue.c ****                             }
1637:Middlewares/FreeRTOS/Source/queue.c ****                             taskEXIT_CRITICAL();
1638:Middlewares/FreeRTOS/Source/queue.c ****                         }
1639:Middlewares/FreeRTOS/Source/queue.c ****                         else
1640:Middlewares/FreeRTOS/Source/queue.c ****                         {
1641:Middlewares/FreeRTOS/Source/queue.c ****                             mtCOVERAGE_TEST_MARKER();
1642:Middlewares/FreeRTOS/Source/queue.c ****                         }
1643:Middlewares/FreeRTOS/Source/queue.c ****                     }
1644:Middlewares/FreeRTOS/Source/queue.c ****                 #endif /* if ( configUSE_MUTEXES == 1 ) */
1645:Middlewares/FreeRTOS/Source/queue.c **** 
1646:Middlewares/FreeRTOS/Source/queue.c ****                 vTaskPlaceOnEventList( &( pxQueue->xTasksWaitingToReceive ), xTicksToWait );
1647:Middlewares/FreeRTOS/Source/queue.c ****                 prvUnlockQueue( pxQueue );
1648:Middlewares/FreeRTOS/Source/queue.c **** 
1649:Middlewares/FreeRTOS/Source/queue.c ****                 if( xTaskResumeAll() == pdFALSE )
1650:Middlewares/FreeRTOS/Source/queue.c ****                 {
1651:Middlewares/FreeRTOS/Source/queue.c ****                     portYIELD_WITHIN_API();
1652:Middlewares/FreeRTOS/Source/queue.c ****                 }
1653:Middlewares/FreeRTOS/Source/queue.c ****                 else
1654:Middlewares/FreeRTOS/Source/queue.c ****                 {
1655:Middlewares/FreeRTOS/Source/queue.c ****                     mtCOVERAGE_TEST_MARKER();
1656:Middlewares/FreeRTOS/Source/queue.c ****                 }
1657:Middlewares/FreeRTOS/Source/queue.c ****             }
1658:Middlewares/FreeRTOS/Source/queue.c ****             else
1659:Middlewares/FreeRTOS/Source/queue.c ****             {
1660:Middlewares/FreeRTOS/Source/queue.c ****                 /* There was no timeout and the semaphore count was not 0, so
1661:Middlewares/FreeRTOS/Source/queue.c ****                  * attempt to take the semaphore again. */
1662:Middlewares/FreeRTOS/Source/queue.c ****                 prvUnlockQueue( pxQueue );
1663:Middlewares/FreeRTOS/Source/queue.c ****                 ( void ) xTaskResumeAll();
1664:Middlewares/FreeRTOS/Source/queue.c ****             }
1665:Middlewares/FreeRTOS/Source/queue.c ****         }
1666:Middlewares/FreeRTOS/Source/queue.c ****         else
1667:Middlewares/FreeRTOS/Source/queue.c ****         {
1668:Middlewares/FreeRTOS/Source/queue.c ****             /* Timed out. */
1669:Middlewares/FreeRTOS/Source/queue.c ****             prvUnlockQueue( pxQueue );
1670:Middlewares/FreeRTOS/Source/queue.c ****             ( void ) xTaskResumeAll();
1671:Middlewares/FreeRTOS/Source/queue.c **** 
1672:Middlewares/FreeRTOS/Source/queue.c ****             /* If the semaphore count is 0 exit now as the timeout has
1673:Middlewares/FreeRTOS/Source/queue.c ****              * expired.  Otherwise return to attempt to take the semaphore that is
1674:Middlewares/FreeRTOS/Source/queue.c ****              * known to be available.  As semaphores are implemented by queues the
1675:Middlewares/FreeRTOS/Source/queue.c ****              * queue being empty is equivalent to the semaphore count being 0. */
1676:Middlewares/FreeRTOS/Source/queue.c ****             if( prvIsQueueEmpty( pxQueue ) != pdFALSE )
1677:Middlewares/FreeRTOS/Source/queue.c ****             {
1678:Middlewares/FreeRTOS/Source/queue.c ****                 #if ( configUSE_MUTEXES == 1 )
1679:Middlewares/FreeRTOS/Source/queue.c ****                     {
1680:Middlewares/FreeRTOS/Source/queue.c ****                         /* xInheritanceOccurred could only have be set if
1681:Middlewares/FreeRTOS/Source/queue.c ****                          * pxQueue->uxQueueType == queueQUEUE_IS_MUTEX so no need to
1682:Middlewares/FreeRTOS/Source/queue.c ****                          * test the mutex type again to check it is actually a mutex. */
1683:Middlewares/FreeRTOS/Source/queue.c ****                         if( xInheritanceOccurred != pdFALSE )
1684:Middlewares/FreeRTOS/Source/queue.c ****                         {
1685:Middlewares/FreeRTOS/Source/queue.c ****                             taskENTER_CRITICAL();
ARM GAS  C:\Users\airforce\AppData\Local\Temp\cc49S5gS.s 			page 31


1686:Middlewares/FreeRTOS/Source/queue.c ****                             {
1687:Middlewares/FreeRTOS/Source/queue.c ****                                 UBaseType_t uxHighestWaitingPriority;
1688:Middlewares/FreeRTOS/Source/queue.c **** 
1689:Middlewares/FreeRTOS/Source/queue.c ****                                 /* This task blocking on the mutex caused another
1690:Middlewares/FreeRTOS/Source/queue.c ****                                  * task to inherit this task's priority.  Now this task
1691:Middlewares/FreeRTOS/Source/queue.c ****                                  * has timed out the priority should be disinherited
1692:Middlewares/FreeRTOS/Source/queue.c ****                                  * again, but only as low as the next highest priority
1693:Middlewares/FreeRTOS/Source/queue.c ****                                  * task that is waiting for the same mutex. */
1694:Middlewares/FreeRTOS/Source/queue.c ****                                 uxHighestWaitingPriority = prvGetDisinheritPriorityAfterTimeout( px
1695:Middlewares/FreeRTOS/Source/queue.c ****                                 vTaskPriorityDisinheritAfterTimeout( pxQueue->u.xSemaphore.xMutexHo
1696:Middlewares/FreeRTOS/Source/queue.c ****                             }
1697:Middlewares/FreeRTOS/Source/queue.c ****                             taskEXIT_CRITICAL();
1698:Middlewares/FreeRTOS/Source/queue.c ****                         }
1699:Middlewares/FreeRTOS/Source/queue.c ****                     }
1700:Middlewares/FreeRTOS/Source/queue.c ****                 #endif /* configUSE_MUTEXES */
1701:Middlewares/FreeRTOS/Source/queue.c **** 
1702:Middlewares/FreeRTOS/Source/queue.c ****                 traceQUEUE_RECEIVE_FAILED( pxQueue );
1703:Middlewares/FreeRTOS/Source/queue.c ****                 return errQUEUE_EMPTY;
1704:Middlewares/FreeRTOS/Source/queue.c ****             }
1705:Middlewares/FreeRTOS/Source/queue.c ****             else
1706:Middlewares/FreeRTOS/Source/queue.c ****             {
1707:Middlewares/FreeRTOS/Source/queue.c ****                 mtCOVERAGE_TEST_MARKER();
1708:Middlewares/FreeRTOS/Source/queue.c ****             }
1709:Middlewares/FreeRTOS/Source/queue.c ****         }
1710:Middlewares/FreeRTOS/Source/queue.c ****     } /*lint -restore */
1711:Middlewares/FreeRTOS/Source/queue.c **** }
1712:Middlewares/FreeRTOS/Source/queue.c **** /*-----------------------------------------------------------*/
1713:Middlewares/FreeRTOS/Source/queue.c **** 
1714:Middlewares/FreeRTOS/Source/queue.c **** BaseType_t xQueuePeek( QueueHandle_t xQueue,
1715:Middlewares/FreeRTOS/Source/queue.c ****                        void * const pvBuffer,
1716:Middlewares/FreeRTOS/Source/queue.c ****                        TickType_t xTicksToWait )
1717:Middlewares/FreeRTOS/Source/queue.c **** {
1718:Middlewares/FreeRTOS/Source/queue.c ****     BaseType_t xEntryTimeSet = pdFALSE;
1719:Middlewares/FreeRTOS/Source/queue.c ****     TimeOut_t xTimeOut;
1720:Middlewares/FreeRTOS/Source/queue.c ****     int8_t * pcOriginalReadPosition;
1721:Middlewares/FreeRTOS/Source/queue.c ****     Queue_t * const pxQueue = xQueue;
1722:Middlewares/FreeRTOS/Source/queue.c **** 
1723:Middlewares/FreeRTOS/Source/queue.c ****     /* Check the pointer is not NULL. */
1724:Middlewares/FreeRTOS/Source/queue.c ****     configASSERT( ( pxQueue ) );
1725:Middlewares/FreeRTOS/Source/queue.c **** 
1726:Middlewares/FreeRTOS/Source/queue.c ****     /* The buffer into which data is received can only be NULL if the data size
1727:Middlewares/FreeRTOS/Source/queue.c ****      * is zero (so no data is copied into the buffer. */
1728:Middlewares/FreeRTOS/Source/queue.c ****     configASSERT( !( ( ( pvBuffer ) == NULL ) && ( ( pxQueue )->uxItemSize != ( UBaseType_t ) 0U ) 
1729:Middlewares/FreeRTOS/Source/queue.c **** 
1730:Middlewares/FreeRTOS/Source/queue.c ****     /* Cannot block if the scheduler is suspended. */
1731:Middlewares/FreeRTOS/Source/queue.c ****     #if ( ( INCLUDE_xTaskGetSchedulerState == 1 ) || ( configUSE_TIMERS == 1 ) )
1732:Middlewares/FreeRTOS/Source/queue.c ****         {
1733:Middlewares/FreeRTOS/Source/queue.c ****             configASSERT( !( ( xTaskGetSchedulerState() == taskSCHEDULER_SUSPENDED ) && ( xTicksToW
1734:Middlewares/FreeRTOS/Source/queue.c ****         }
1735:Middlewares/FreeRTOS/Source/queue.c ****     #endif
1736:Middlewares/FreeRTOS/Source/queue.c **** 
1737:Middlewares/FreeRTOS/Source/queue.c ****     /*lint -save -e904  This function relaxes the coding standard somewhat to
1738:Middlewares/FreeRTOS/Source/queue.c ****      * allow return statements within the function itself.  This is done in the
1739:Middlewares/FreeRTOS/Source/queue.c ****      * interest of execution time efficiency. */
1740:Middlewares/FreeRTOS/Source/queue.c ****     for( ; ; )
1741:Middlewares/FreeRTOS/Source/queue.c ****     {
1742:Middlewares/FreeRTOS/Source/queue.c ****         taskENTER_CRITICAL();
ARM GAS  C:\Users\airforce\AppData\Local\Temp\cc49S5gS.s 			page 32


1743:Middlewares/FreeRTOS/Source/queue.c ****         {
1744:Middlewares/FreeRTOS/Source/queue.c ****             const UBaseType_t uxMessagesWaiting = pxQueue->uxMessagesWaiting;
1745:Middlewares/FreeRTOS/Source/queue.c **** 
1746:Middlewares/FreeRTOS/Source/queue.c ****             /* Is there data in the queue now?  To be running the calling task
1747:Middlewares/FreeRTOS/Source/queue.c ****              * must be the highest priority task wanting to access the queue. */
1748:Middlewares/FreeRTOS/Source/queue.c ****             if( uxMessagesWaiting > ( UBaseType_t ) 0 )
1749:Middlewares/FreeRTOS/Source/queue.c ****             {
1750:Middlewares/FreeRTOS/Source/queue.c ****                 /* Remember the read position so it can be reset after the data
1751:Middlewares/FreeRTOS/Source/queue.c ****                  * is read from the queue as this function is only peeking the
1752:Middlewares/FreeRTOS/Source/queue.c ****                  * data, not removing it. */
1753:Middlewares/FreeRTOS/Source/queue.c ****                 pcOriginalReadPosition = pxQueue->u.xQueue.pcReadFrom;
1754:Middlewares/FreeRTOS/Source/queue.c **** 
1755:Middlewares/FreeRTOS/Source/queue.c ****                 prvCopyDataFromQueue( pxQueue, pvBuffer );
1756:Middlewares/FreeRTOS/Source/queue.c ****                 traceQUEUE_PEEK( pxQueue );
1757:Middlewares/FreeRTOS/Source/queue.c **** 
1758:Middlewares/FreeRTOS/Source/queue.c ****                 /* The data is not being removed, so reset the read pointer. */
1759:Middlewares/FreeRTOS/Source/queue.c ****                 pxQueue->u.xQueue.pcReadFrom = pcOriginalReadPosition;
1760:Middlewares/FreeRTOS/Source/queue.c **** 
1761:Middlewares/FreeRTOS/Source/queue.c ****                 /* The data is being left in the queue, so see if there are
1762:Middlewares/FreeRTOS/Source/queue.c ****                  * any other tasks waiting for the data. */
1763:Middlewares/FreeRTOS/Source/queue.c ****                 if( listLIST_IS_EMPTY( &( pxQueue->xTasksWaitingToReceive ) ) == pdFALSE )
1764:Middlewares/FreeRTOS/Source/queue.c ****                 {
1765:Middlewares/FreeRTOS/Source/queue.c ****                     if( xTaskRemoveFromEventList( &( pxQueue->xTasksWaitingToReceive ) ) != pdFALSE
1766:Middlewares/FreeRTOS/Source/queue.c ****                     {
1767:Middlewares/FreeRTOS/Source/queue.c ****                         /* The task waiting has a higher priority than this task. */
1768:Middlewares/FreeRTOS/Source/queue.c ****                         queueYIELD_IF_USING_PREEMPTION();
1769:Middlewares/FreeRTOS/Source/queue.c ****                     }
1770:Middlewares/FreeRTOS/Source/queue.c ****                     else
1771:Middlewares/FreeRTOS/Source/queue.c ****                     {
1772:Middlewares/FreeRTOS/Source/queue.c ****                         mtCOVERAGE_TEST_MARKER();
1773:Middlewares/FreeRTOS/Source/queue.c ****                     }
1774:Middlewares/FreeRTOS/Source/queue.c ****                 }
1775:Middlewares/FreeRTOS/Source/queue.c ****                 else
1776:Middlewares/FreeRTOS/Source/queue.c ****                 {
1777:Middlewares/FreeRTOS/Source/queue.c ****                     mtCOVERAGE_TEST_MARKER();
1778:Middlewares/FreeRTOS/Source/queue.c ****                 }
1779:Middlewares/FreeRTOS/Source/queue.c **** 
1780:Middlewares/FreeRTOS/Source/queue.c ****                 taskEXIT_CRITICAL();
1781:Middlewares/FreeRTOS/Source/queue.c ****                 return pdPASS;
1782:Middlewares/FreeRTOS/Source/queue.c ****             }
1783:Middlewares/FreeRTOS/Source/queue.c ****             else
1784:Middlewares/FreeRTOS/Source/queue.c ****             {
1785:Middlewares/FreeRTOS/Source/queue.c ****                 if( xTicksToWait == ( TickType_t ) 0 )
1786:Middlewares/FreeRTOS/Source/queue.c ****                 {
1787:Middlewares/FreeRTOS/Source/queue.c ****                     /* The queue was empty and no block time is specified (or
1788:Middlewares/FreeRTOS/Source/queue.c ****                      * the block time has expired) so leave now. */
1789:Middlewares/FreeRTOS/Source/queue.c ****                     taskEXIT_CRITICAL();
1790:Middlewares/FreeRTOS/Source/queue.c ****                     traceQUEUE_PEEK_FAILED( pxQueue );
1791:Middlewares/FreeRTOS/Source/queue.c ****                     return errQUEUE_EMPTY;
1792:Middlewares/FreeRTOS/Source/queue.c ****                 }
1793:Middlewares/FreeRTOS/Source/queue.c ****                 else if( xEntryTimeSet == pdFALSE )
1794:Middlewares/FreeRTOS/Source/queue.c ****                 {
1795:Middlewares/FreeRTOS/Source/queue.c ****                     /* The queue was empty and a block time was specified so
1796:Middlewares/FreeRTOS/Source/queue.c ****                      * configure the timeout structure ready to enter the blocked
1797:Middlewares/FreeRTOS/Source/queue.c ****                      * state. */
1798:Middlewares/FreeRTOS/Source/queue.c ****                     vTaskInternalSetTimeOutState( &xTimeOut );
1799:Middlewares/FreeRTOS/Source/queue.c ****                     xEntryTimeSet = pdTRUE;
ARM GAS  C:\Users\airforce\AppData\Local\Temp\cc49S5gS.s 			page 33


1800:Middlewares/FreeRTOS/Source/queue.c ****                 }
1801:Middlewares/FreeRTOS/Source/queue.c ****                 else
1802:Middlewares/FreeRTOS/Source/queue.c ****                 {
1803:Middlewares/FreeRTOS/Source/queue.c ****                     /* Entry time was already set. */
1804:Middlewares/FreeRTOS/Source/queue.c ****                     mtCOVERAGE_TEST_MARKER();
1805:Middlewares/FreeRTOS/Source/queue.c ****                 }
1806:Middlewares/FreeRTOS/Source/queue.c ****             }
1807:Middlewares/FreeRTOS/Source/queue.c ****         }
1808:Middlewares/FreeRTOS/Source/queue.c ****         taskEXIT_CRITICAL();
1809:Middlewares/FreeRTOS/Source/queue.c **** 
1810:Middlewares/FreeRTOS/Source/queue.c ****         /* Interrupts and other tasks can send to and receive from the queue
1811:Middlewares/FreeRTOS/Source/queue.c ****          * now that the critical section has been exited. */
1812:Middlewares/FreeRTOS/Source/queue.c **** 
1813:Middlewares/FreeRTOS/Source/queue.c ****         vTaskSuspendAll();
1814:Middlewares/FreeRTOS/Source/queue.c ****         prvLockQueue( pxQueue );
1815:Middlewares/FreeRTOS/Source/queue.c **** 
1816:Middlewares/FreeRTOS/Source/queue.c ****         /* Update the timeout state to see if it has expired yet. */
1817:Middlewares/FreeRTOS/Source/queue.c ****         if( xTaskCheckForTimeOut( &xTimeOut, &xTicksToWait ) == pdFALSE )
1818:Middlewares/FreeRTOS/Source/queue.c ****         {
1819:Middlewares/FreeRTOS/Source/queue.c ****             /* Timeout has not expired yet, check to see if there is data in the
1820:Middlewares/FreeRTOS/Source/queue.c ****             * queue now, and if not enter the Blocked state to wait for data. */
1821:Middlewares/FreeRTOS/Source/queue.c ****             if( prvIsQueueEmpty( pxQueue ) != pdFALSE )
1822:Middlewares/FreeRTOS/Source/queue.c ****             {
1823:Middlewares/FreeRTOS/Source/queue.c ****                 traceBLOCKING_ON_QUEUE_PEEK( pxQueue );
1824:Middlewares/FreeRTOS/Source/queue.c ****                 vTaskPlaceOnEventList( &( pxQueue->xTasksWaitingToReceive ), xTicksToWait );
1825:Middlewares/FreeRTOS/Source/queue.c ****                 prvUnlockQueue( pxQueue );
1826:Middlewares/FreeRTOS/Source/queue.c **** 
1827:Middlewares/FreeRTOS/Source/queue.c ****                 if( xTaskResumeAll() == pdFALSE )
1828:Middlewares/FreeRTOS/Source/queue.c ****                 {
1829:Middlewares/FreeRTOS/Source/queue.c ****                     portYIELD_WITHIN_API();
1830:Middlewares/FreeRTOS/Source/queue.c ****                 }
1831:Middlewares/FreeRTOS/Source/queue.c ****                 else
1832:Middlewares/FreeRTOS/Source/queue.c ****                 {
1833:Middlewares/FreeRTOS/Source/queue.c ****                     mtCOVERAGE_TEST_MARKER();
1834:Middlewares/FreeRTOS/Source/queue.c ****                 }
1835:Middlewares/FreeRTOS/Source/queue.c ****             }
1836:Middlewares/FreeRTOS/Source/queue.c ****             else
1837:Middlewares/FreeRTOS/Source/queue.c ****             {
1838:Middlewares/FreeRTOS/Source/queue.c ****                 /* There is data in the queue now, so don't enter the blocked
1839:Middlewares/FreeRTOS/Source/queue.c ****                  * state, instead return to try and obtain the data. */
1840:Middlewares/FreeRTOS/Source/queue.c ****                 prvUnlockQueue( pxQueue );
1841:Middlewares/FreeRTOS/Source/queue.c ****                 ( void ) xTaskResumeAll();
1842:Middlewares/FreeRTOS/Source/queue.c ****             }
1843:Middlewares/FreeRTOS/Source/queue.c ****         }
1844:Middlewares/FreeRTOS/Source/queue.c ****         else
1845:Middlewares/FreeRTOS/Source/queue.c ****         {
1846:Middlewares/FreeRTOS/Source/queue.c ****             /* The timeout has expired.  If there is still no data in the queue
1847:Middlewares/FreeRTOS/Source/queue.c ****              * exit, otherwise go back and try to read the data again. */
1848:Middlewares/FreeRTOS/Source/queue.c ****             prvUnlockQueue( pxQueue );
1849:Middlewares/FreeRTOS/Source/queue.c ****             ( void ) xTaskResumeAll();
1850:Middlewares/FreeRTOS/Source/queue.c **** 
1851:Middlewares/FreeRTOS/Source/queue.c ****             if( prvIsQueueEmpty( pxQueue ) != pdFALSE )
1852:Middlewares/FreeRTOS/Source/queue.c ****             {
1853:Middlewares/FreeRTOS/Source/queue.c ****                 traceQUEUE_PEEK_FAILED( pxQueue );
1854:Middlewares/FreeRTOS/Source/queue.c ****                 return errQUEUE_EMPTY;
1855:Middlewares/FreeRTOS/Source/queue.c ****             }
1856:Middlewares/FreeRTOS/Source/queue.c ****             else
ARM GAS  C:\Users\airforce\AppData\Local\Temp\cc49S5gS.s 			page 34


1857:Middlewares/FreeRTOS/Source/queue.c ****             {
1858:Middlewares/FreeRTOS/Source/queue.c ****                 mtCOVERAGE_TEST_MARKER();
1859:Middlewares/FreeRTOS/Source/queue.c ****             }
1860:Middlewares/FreeRTOS/Source/queue.c ****         }
1861:Middlewares/FreeRTOS/Source/queue.c ****     } /*lint -restore */
1862:Middlewares/FreeRTOS/Source/queue.c **** }
1863:Middlewares/FreeRTOS/Source/queue.c **** /*-----------------------------------------------------------*/
1864:Middlewares/FreeRTOS/Source/queue.c **** 
1865:Middlewares/FreeRTOS/Source/queue.c **** BaseType_t xQueueReceiveFromISR( QueueHandle_t xQueue,
1866:Middlewares/FreeRTOS/Source/queue.c ****                                  void * const pvBuffer,
1867:Middlewares/FreeRTOS/Source/queue.c ****                                  BaseType_t * const pxHigherPriorityTaskWoken )
1868:Middlewares/FreeRTOS/Source/queue.c **** {
1869:Middlewares/FreeRTOS/Source/queue.c ****     BaseType_t xReturn;
1870:Middlewares/FreeRTOS/Source/queue.c ****     UBaseType_t uxSavedInterruptStatus;
1871:Middlewares/FreeRTOS/Source/queue.c ****     Queue_t * const pxQueue = xQueue;
1872:Middlewares/FreeRTOS/Source/queue.c **** 
1873:Middlewares/FreeRTOS/Source/queue.c ****     configASSERT( pxQueue );
1874:Middlewares/FreeRTOS/Source/queue.c ****     configASSERT( !( ( pvBuffer == NULL ) && ( pxQueue->uxItemSize != ( UBaseType_t ) 0U ) ) );
1875:Middlewares/FreeRTOS/Source/queue.c **** 
1876:Middlewares/FreeRTOS/Source/queue.c ****     /* RTOS ports that support interrupt nesting have the concept of a maximum
1877:Middlewares/FreeRTOS/Source/queue.c ****      * system call (or maximum API call) interrupt priority.  Interrupts that are
1878:Middlewares/FreeRTOS/Source/queue.c ****      * above the maximum system call priority are kept permanently enabled, even
1879:Middlewares/FreeRTOS/Source/queue.c ****      * when the RTOS kernel is in a critical section, but cannot make any calls to
1880:Middlewares/FreeRTOS/Source/queue.c ****      * FreeRTOS API functions.  If configASSERT() is defined in FreeRTOSConfig.h
1881:Middlewares/FreeRTOS/Source/queue.c ****      * then portASSERT_IF_INTERRUPT_PRIORITY_INVALID() will result in an assertion
1882:Middlewares/FreeRTOS/Source/queue.c ****      * failure if a FreeRTOS API function is called from an interrupt that has been
1883:Middlewares/FreeRTOS/Source/queue.c ****      * assigned a priority above the configured maximum system call priority.
1884:Middlewares/FreeRTOS/Source/queue.c ****      * Only FreeRTOS functions that end in FromISR can be called from interrupts
1885:Middlewares/FreeRTOS/Source/queue.c ****      * that have been assigned a priority at or (logically) below the maximum
1886:Middlewares/FreeRTOS/Source/queue.c ****      * system call interrupt priority.  FreeRTOS maintains a separate interrupt
1887:Middlewares/FreeRTOS/Source/queue.c ****      * safe API to ensure interrupt entry is as fast and as simple as possible.
1888:Middlewares/FreeRTOS/Source/queue.c ****      * More information (albeit Cortex-M specific) is provided on the following
1889:Middlewares/FreeRTOS/Source/queue.c ****      * link: https://www.FreeRTOS.org/RTOS-Cortex-M3-M4.html */
1890:Middlewares/FreeRTOS/Source/queue.c ****     portASSERT_IF_INTERRUPT_PRIORITY_INVALID();
1891:Middlewares/FreeRTOS/Source/queue.c **** 
1892:Middlewares/FreeRTOS/Source/queue.c ****     uxSavedInterruptStatus = portSET_INTERRUPT_MASK_FROM_ISR();
1893:Middlewares/FreeRTOS/Source/queue.c ****     {
1894:Middlewares/FreeRTOS/Source/queue.c ****         const UBaseType_t uxMessagesWaiting = pxQueue->uxMessagesWaiting;
1895:Middlewares/FreeRTOS/Source/queue.c **** 
1896:Middlewares/FreeRTOS/Source/queue.c ****         /* Cannot block in an ISR, so check there is data available. */
1897:Middlewares/FreeRTOS/Source/queue.c ****         if( uxMessagesWaiting > ( UBaseType_t ) 0 )
1898:Middlewares/FreeRTOS/Source/queue.c ****         {
1899:Middlewares/FreeRTOS/Source/queue.c ****             const int8_t cRxLock = pxQueue->cRxLock;
1900:Middlewares/FreeRTOS/Source/queue.c **** 
1901:Middlewares/FreeRTOS/Source/queue.c ****             traceQUEUE_RECEIVE_FROM_ISR( pxQueue );
1902:Middlewares/FreeRTOS/Source/queue.c **** 
1903:Middlewares/FreeRTOS/Source/queue.c ****             prvCopyDataFromQueue( pxQueue, pvBuffer );
1904:Middlewares/FreeRTOS/Source/queue.c ****             pxQueue->uxMessagesWaiting = uxMessagesWaiting - ( UBaseType_t ) 1;
1905:Middlewares/FreeRTOS/Source/queue.c **** 
1906:Middlewares/FreeRTOS/Source/queue.c ****             /* If the queue is locked the event list will not be modified.
1907:Middlewares/FreeRTOS/Source/queue.c ****              * Instead update the lock count so the task that unlocks the queue
1908:Middlewares/FreeRTOS/Source/queue.c ****              * will know that an ISR has removed data while the queue was
1909:Middlewares/FreeRTOS/Source/queue.c ****              * locked. */
1910:Middlewares/FreeRTOS/Source/queue.c ****             if( cRxLock == queueUNLOCKED )
1911:Middlewares/FreeRTOS/Source/queue.c ****             {
1912:Middlewares/FreeRTOS/Source/queue.c ****                 if( listLIST_IS_EMPTY( &( pxQueue->xTasksWaitingToSend ) ) == pdFALSE )
1913:Middlewares/FreeRTOS/Source/queue.c ****                 {
ARM GAS  C:\Users\airforce\AppData\Local\Temp\cc49S5gS.s 			page 35


1914:Middlewares/FreeRTOS/Source/queue.c ****                     if( xTaskRemoveFromEventList( &( pxQueue->xTasksWaitingToSend ) ) != pdFALSE )
1915:Middlewares/FreeRTOS/Source/queue.c ****                     {
1916:Middlewares/FreeRTOS/Source/queue.c ****                         /* The task waiting has a higher priority than us so
1917:Middlewares/FreeRTOS/Source/queue.c ****                          * force a context switch. */
1918:Middlewares/FreeRTOS/Source/queue.c ****                         if( pxHigherPriorityTaskWoken != NULL )
1919:Middlewares/FreeRTOS/Source/queue.c ****                         {
1920:Middlewares/FreeRTOS/Source/queue.c ****                             *pxHigherPriorityTaskWoken = pdTRUE;
1921:Middlewares/FreeRTOS/Source/queue.c ****                         }
1922:Middlewares/FreeRTOS/Source/queue.c ****                         else
1923:Middlewares/FreeRTOS/Source/queue.c ****                         {
1924:Middlewares/FreeRTOS/Source/queue.c ****                             mtCOVERAGE_TEST_MARKER();
1925:Middlewares/FreeRTOS/Source/queue.c ****                         }
1926:Middlewares/FreeRTOS/Source/queue.c ****                     }
1927:Middlewares/FreeRTOS/Source/queue.c ****                     else
1928:Middlewares/FreeRTOS/Source/queue.c ****                     {
1929:Middlewares/FreeRTOS/Source/queue.c ****                         mtCOVERAGE_TEST_MARKER();
1930:Middlewares/FreeRTOS/Source/queue.c ****                     }
1931:Middlewares/FreeRTOS/Source/queue.c ****                 }
1932:Middlewares/FreeRTOS/Source/queue.c ****                 else
1933:Middlewares/FreeRTOS/Source/queue.c ****                 {
1934:Middlewares/FreeRTOS/Source/queue.c ****                     mtCOVERAGE_TEST_MARKER();
1935:Middlewares/FreeRTOS/Source/queue.c ****                 }
1936:Middlewares/FreeRTOS/Source/queue.c ****             }
1937:Middlewares/FreeRTOS/Source/queue.c ****             else
1938:Middlewares/FreeRTOS/Source/queue.c ****             {
1939:Middlewares/FreeRTOS/Source/queue.c ****                 /* Increment the lock count so the task that unlocks the queue
1940:Middlewares/FreeRTOS/Source/queue.c ****                  * knows that data was removed while it was locked. */
1941:Middlewares/FreeRTOS/Source/queue.c ****                 configASSERT( cRxLock != queueINT8_MAX );
1942:Middlewares/FreeRTOS/Source/queue.c **** 
1943:Middlewares/FreeRTOS/Source/queue.c ****                 pxQueue->cRxLock = ( int8_t ) ( cRxLock + 1 );
1944:Middlewares/FreeRTOS/Source/queue.c ****             }
1945:Middlewares/FreeRTOS/Source/queue.c **** 
1946:Middlewares/FreeRTOS/Source/queue.c ****             xReturn = pdPASS;
1947:Middlewares/FreeRTOS/Source/queue.c ****         }
1948:Middlewares/FreeRTOS/Source/queue.c ****         else
1949:Middlewares/FreeRTOS/Source/queue.c ****         {
1950:Middlewares/FreeRTOS/Source/queue.c ****             xReturn = pdFAIL;
1951:Middlewares/FreeRTOS/Source/queue.c ****             traceQUEUE_RECEIVE_FROM_ISR_FAILED( pxQueue );
1952:Middlewares/FreeRTOS/Source/queue.c ****         }
1953:Middlewares/FreeRTOS/Source/queue.c ****     }
1954:Middlewares/FreeRTOS/Source/queue.c ****     portCLEAR_INTERRUPT_MASK_FROM_ISR( uxSavedInterruptStatus );
1955:Middlewares/FreeRTOS/Source/queue.c **** 
1956:Middlewares/FreeRTOS/Source/queue.c ****     return xReturn;
1957:Middlewares/FreeRTOS/Source/queue.c **** }
1958:Middlewares/FreeRTOS/Source/queue.c **** /*-----------------------------------------------------------*/
1959:Middlewares/FreeRTOS/Source/queue.c **** 
1960:Middlewares/FreeRTOS/Source/queue.c **** BaseType_t xQueuePeekFromISR( QueueHandle_t xQueue,
1961:Middlewares/FreeRTOS/Source/queue.c ****                               void * const pvBuffer )
1962:Middlewares/FreeRTOS/Source/queue.c **** {
1963:Middlewares/FreeRTOS/Source/queue.c ****     BaseType_t xReturn;
1964:Middlewares/FreeRTOS/Source/queue.c ****     UBaseType_t uxSavedInterruptStatus;
1965:Middlewares/FreeRTOS/Source/queue.c ****     int8_t * pcOriginalReadPosition;
1966:Middlewares/FreeRTOS/Source/queue.c ****     Queue_t * const pxQueue = xQueue;
1967:Middlewares/FreeRTOS/Source/queue.c **** 
1968:Middlewares/FreeRTOS/Source/queue.c ****     configASSERT( pxQueue );
1969:Middlewares/FreeRTOS/Source/queue.c ****     configASSERT( !( ( pvBuffer == NULL ) && ( pxQueue->uxItemSize != ( UBaseType_t ) 0U ) ) );
1970:Middlewares/FreeRTOS/Source/queue.c ****     configASSERT( pxQueue->uxItemSize != 0 ); /* Can't peek a semaphore. */
ARM GAS  C:\Users\airforce\AppData\Local\Temp\cc49S5gS.s 			page 36


1971:Middlewares/FreeRTOS/Source/queue.c **** 
1972:Middlewares/FreeRTOS/Source/queue.c ****     /* RTOS ports that support interrupt nesting have the concept of a maximum
1973:Middlewares/FreeRTOS/Source/queue.c ****      * system call (or maximum API call) interrupt priority.  Interrupts that are
1974:Middlewares/FreeRTOS/Source/queue.c ****      * above the maximum system call priority are kept permanently enabled, even
1975:Middlewares/FreeRTOS/Source/queue.c ****      * when the RTOS kernel is in a critical section, but cannot make any calls to
1976:Middlewares/FreeRTOS/Source/queue.c ****      * FreeRTOS API functions.  If configASSERT() is defined in FreeRTOSConfig.h
1977:Middlewares/FreeRTOS/Source/queue.c ****      * then portASSERT_IF_INTERRUPT_PRIORITY_INVALID() will result in an assertion
1978:Middlewares/FreeRTOS/Source/queue.c ****      * failure if a FreeRTOS API function is called from an interrupt that has been
1979:Middlewares/FreeRTOS/Source/queue.c ****      * assigned a priority above the configured maximum system call priority.
1980:Middlewares/FreeRTOS/Source/queue.c ****      * Only FreeRTOS functions that end in FromISR can be called from interrupts
1981:Middlewares/FreeRTOS/Source/queue.c ****      * that have been assigned a priority at or (logically) below the maximum
1982:Middlewares/FreeRTOS/Source/queue.c ****      * system call interrupt priority.  FreeRTOS maintains a separate interrupt
1983:Middlewares/FreeRTOS/Source/queue.c ****      * safe API to ensure interrupt entry is as fast and as simple as possible.
1984:Middlewares/FreeRTOS/Source/queue.c ****      * More information (albeit Cortex-M specific) is provided on the following
1985:Middlewares/FreeRTOS/Source/queue.c ****      * link: https://www.FreeRTOS.org/RTOS-Cortex-M3-M4.html */
1986:Middlewares/FreeRTOS/Source/queue.c ****     portASSERT_IF_INTERRUPT_PRIORITY_INVALID();
1987:Middlewares/FreeRTOS/Source/queue.c **** 
1988:Middlewares/FreeRTOS/Source/queue.c ****     uxSavedInterruptStatus = portSET_INTERRUPT_MASK_FROM_ISR();
1989:Middlewares/FreeRTOS/Source/queue.c ****     {
1990:Middlewares/FreeRTOS/Source/queue.c ****         /* Cannot block in an ISR, so check there is data available. */
1991:Middlewares/FreeRTOS/Source/queue.c ****         if( pxQueue->uxMessagesWaiting > ( UBaseType_t ) 0 )
1992:Middlewares/FreeRTOS/Source/queue.c ****         {
1993:Middlewares/FreeRTOS/Source/queue.c ****             traceQUEUE_PEEK_FROM_ISR( pxQueue );
1994:Middlewares/FreeRTOS/Source/queue.c **** 
1995:Middlewares/FreeRTOS/Source/queue.c ****             /* Remember the read position so it can be reset as nothing is
1996:Middlewares/FreeRTOS/Source/queue.c ****              * actually being removed from the queue. */
1997:Middlewares/FreeRTOS/Source/queue.c ****             pcOriginalReadPosition = pxQueue->u.xQueue.pcReadFrom;
1998:Middlewares/FreeRTOS/Source/queue.c ****             prvCopyDataFromQueue( pxQueue, pvBuffer );
1999:Middlewares/FreeRTOS/Source/queue.c ****             pxQueue->u.xQueue.pcReadFrom = pcOriginalReadPosition;
2000:Middlewares/FreeRTOS/Source/queue.c **** 
2001:Middlewares/FreeRTOS/Source/queue.c ****             xReturn = pdPASS;
2002:Middlewares/FreeRTOS/Source/queue.c ****         }
2003:Middlewares/FreeRTOS/Source/queue.c ****         else
2004:Middlewares/FreeRTOS/Source/queue.c ****         {
2005:Middlewares/FreeRTOS/Source/queue.c ****             xReturn = pdFAIL;
2006:Middlewares/FreeRTOS/Source/queue.c ****             traceQUEUE_PEEK_FROM_ISR_FAILED( pxQueue );
2007:Middlewares/FreeRTOS/Source/queue.c ****         }
2008:Middlewares/FreeRTOS/Source/queue.c ****     }
2009:Middlewares/FreeRTOS/Source/queue.c ****     portCLEAR_INTERRUPT_MASK_FROM_ISR( uxSavedInterruptStatus );
2010:Middlewares/FreeRTOS/Source/queue.c **** 
2011:Middlewares/FreeRTOS/Source/queue.c ****     return xReturn;
2012:Middlewares/FreeRTOS/Source/queue.c **** }
2013:Middlewares/FreeRTOS/Source/queue.c **** /*-----------------------------------------------------------*/
2014:Middlewares/FreeRTOS/Source/queue.c **** 
2015:Middlewares/FreeRTOS/Source/queue.c **** UBaseType_t uxQueueMessagesWaiting( const QueueHandle_t xQueue )
2016:Middlewares/FreeRTOS/Source/queue.c **** {
2017:Middlewares/FreeRTOS/Source/queue.c ****     UBaseType_t uxReturn;
2018:Middlewares/FreeRTOS/Source/queue.c **** 
2019:Middlewares/FreeRTOS/Source/queue.c ****     configASSERT( xQueue );
2020:Middlewares/FreeRTOS/Source/queue.c **** 
2021:Middlewares/FreeRTOS/Source/queue.c ****     taskENTER_CRITICAL();
2022:Middlewares/FreeRTOS/Source/queue.c ****     {
2023:Middlewares/FreeRTOS/Source/queue.c ****         uxReturn = ( ( Queue_t * ) xQueue )->uxMessagesWaiting;
2024:Middlewares/FreeRTOS/Source/queue.c ****     }
2025:Middlewares/FreeRTOS/Source/queue.c ****     taskEXIT_CRITICAL();
2026:Middlewares/FreeRTOS/Source/queue.c **** 
2027:Middlewares/FreeRTOS/Source/queue.c ****     return uxReturn;
ARM GAS  C:\Users\airforce\AppData\Local\Temp\cc49S5gS.s 			page 37


2028:Middlewares/FreeRTOS/Source/queue.c **** } /*lint !e818 Pointer cannot be declared const as xQueue is a typedef not pointer. */
2029:Middlewares/FreeRTOS/Source/queue.c **** /*-----------------------------------------------------------*/
2030:Middlewares/FreeRTOS/Source/queue.c **** 
2031:Middlewares/FreeRTOS/Source/queue.c **** UBaseType_t uxQueueSpacesAvailable( const QueueHandle_t xQueue )
2032:Middlewares/FreeRTOS/Source/queue.c **** {
2033:Middlewares/FreeRTOS/Source/queue.c ****     UBaseType_t uxReturn;
2034:Middlewares/FreeRTOS/Source/queue.c ****     Queue_t * const pxQueue = xQueue;
2035:Middlewares/FreeRTOS/Source/queue.c **** 
2036:Middlewares/FreeRTOS/Source/queue.c ****     configASSERT( pxQueue );
2037:Middlewares/FreeRTOS/Source/queue.c **** 
2038:Middlewares/FreeRTOS/Source/queue.c ****     taskENTER_CRITICAL();
2039:Middlewares/FreeRTOS/Source/queue.c ****     {
2040:Middlewares/FreeRTOS/Source/queue.c ****         uxReturn = pxQueue->uxLength - pxQueue->uxMessagesWaiting;
2041:Middlewares/FreeRTOS/Source/queue.c ****     }
2042:Middlewares/FreeRTOS/Source/queue.c ****     taskEXIT_CRITICAL();
2043:Middlewares/FreeRTOS/Source/queue.c **** 
2044:Middlewares/FreeRTOS/Source/queue.c ****     return uxReturn;
2045:Middlewares/FreeRTOS/Source/queue.c **** } /*lint !e818 Pointer cannot be declared const as xQueue is a typedef not pointer. */
2046:Middlewares/FreeRTOS/Source/queue.c **** /*-----------------------------------------------------------*/
2047:Middlewares/FreeRTOS/Source/queue.c **** 
2048:Middlewares/FreeRTOS/Source/queue.c **** UBaseType_t uxQueueMessagesWaitingFromISR( const QueueHandle_t xQueue )
2049:Middlewares/FreeRTOS/Source/queue.c **** {
2050:Middlewares/FreeRTOS/Source/queue.c ****     UBaseType_t uxReturn;
2051:Middlewares/FreeRTOS/Source/queue.c ****     Queue_t * const pxQueue = xQueue;
2052:Middlewares/FreeRTOS/Source/queue.c **** 
2053:Middlewares/FreeRTOS/Source/queue.c ****     configASSERT( pxQueue );
2054:Middlewares/FreeRTOS/Source/queue.c ****     uxReturn = pxQueue->uxMessagesWaiting;
2055:Middlewares/FreeRTOS/Source/queue.c **** 
2056:Middlewares/FreeRTOS/Source/queue.c ****     return uxReturn;
2057:Middlewares/FreeRTOS/Source/queue.c **** } /*lint !e818 Pointer cannot be declared const as xQueue is a typedef not pointer. */
2058:Middlewares/FreeRTOS/Source/queue.c **** /*-----------------------------------------------------------*/
2059:Middlewares/FreeRTOS/Source/queue.c **** 
2060:Middlewares/FreeRTOS/Source/queue.c **** void vQueueDelete( QueueHandle_t xQueue )
2061:Middlewares/FreeRTOS/Source/queue.c **** {
2062:Middlewares/FreeRTOS/Source/queue.c ****     Queue_t * const pxQueue = xQueue;
2063:Middlewares/FreeRTOS/Source/queue.c **** 
2064:Middlewares/FreeRTOS/Source/queue.c ****     configASSERT( pxQueue );
2065:Middlewares/FreeRTOS/Source/queue.c ****     traceQUEUE_DELETE( pxQueue );
2066:Middlewares/FreeRTOS/Source/queue.c **** 
2067:Middlewares/FreeRTOS/Source/queue.c ****     #if ( configQUEUE_REGISTRY_SIZE > 0 )
2068:Middlewares/FreeRTOS/Source/queue.c ****         {
2069:Middlewares/FreeRTOS/Source/queue.c ****             vQueueUnregisterQueue( pxQueue );
2070:Middlewares/FreeRTOS/Source/queue.c ****         }
2071:Middlewares/FreeRTOS/Source/queue.c ****     #endif
2072:Middlewares/FreeRTOS/Source/queue.c **** 
2073:Middlewares/FreeRTOS/Source/queue.c ****     #if ( ( configSUPPORT_DYNAMIC_ALLOCATION == 1 ) && ( configSUPPORT_STATIC_ALLOCATION == 0 ) )
2074:Middlewares/FreeRTOS/Source/queue.c ****         {
2075:Middlewares/FreeRTOS/Source/queue.c ****             /* The queue can only have been allocated dynamically - free it
2076:Middlewares/FreeRTOS/Source/queue.c ****              * again. */
2077:Middlewares/FreeRTOS/Source/queue.c ****             vPortFree( pxQueue );
2078:Middlewares/FreeRTOS/Source/queue.c ****         }
2079:Middlewares/FreeRTOS/Source/queue.c ****     #elif ( ( configSUPPORT_DYNAMIC_ALLOCATION == 1 ) && ( configSUPPORT_STATIC_ALLOCATION == 1 ) )
2080:Middlewares/FreeRTOS/Source/queue.c ****         {
2081:Middlewares/FreeRTOS/Source/queue.c ****             /* The queue could have been allocated statically or dynamically, so
2082:Middlewares/FreeRTOS/Source/queue.c ****              * check before attempting to free the memory. */
2083:Middlewares/FreeRTOS/Source/queue.c ****             if( pxQueue->ucStaticallyAllocated == ( uint8_t ) pdFALSE )
2084:Middlewares/FreeRTOS/Source/queue.c ****             {
ARM GAS  C:\Users\airforce\AppData\Local\Temp\cc49S5gS.s 			page 38


2085:Middlewares/FreeRTOS/Source/queue.c ****                 vPortFree( pxQueue );
2086:Middlewares/FreeRTOS/Source/queue.c ****             }
2087:Middlewares/FreeRTOS/Source/queue.c ****             else
2088:Middlewares/FreeRTOS/Source/queue.c ****             {
2089:Middlewares/FreeRTOS/Source/queue.c ****                 mtCOVERAGE_TEST_MARKER();
2090:Middlewares/FreeRTOS/Source/queue.c ****             }
2091:Middlewares/FreeRTOS/Source/queue.c ****         }
2092:Middlewares/FreeRTOS/Source/queue.c ****     #else /* if ( ( configSUPPORT_DYNAMIC_ALLOCATION == 1 ) && ( configSUPPORT_STATIC_ALLOCATION ==
2093:Middlewares/FreeRTOS/Source/queue.c ****         {
2094:Middlewares/FreeRTOS/Source/queue.c ****             /* The queue must have been statically allocated, so is not going to be
2095:Middlewares/FreeRTOS/Source/queue.c ****              * deleted.  Avoid compiler warnings about the unused parameter. */
2096:Middlewares/FreeRTOS/Source/queue.c ****             ( void ) pxQueue;
2097:Middlewares/FreeRTOS/Source/queue.c ****         }
2098:Middlewares/FreeRTOS/Source/queue.c ****     #endif /* configSUPPORT_DYNAMIC_ALLOCATION */
2099:Middlewares/FreeRTOS/Source/queue.c **** }
2100:Middlewares/FreeRTOS/Source/queue.c **** /*-----------------------------------------------------------*/
2101:Middlewares/FreeRTOS/Source/queue.c **** 
2102:Middlewares/FreeRTOS/Source/queue.c **** #if ( configUSE_TRACE_FACILITY == 1 )
2103:Middlewares/FreeRTOS/Source/queue.c **** 
2104:Middlewares/FreeRTOS/Source/queue.c ****     UBaseType_t uxQueueGetQueueNumber( QueueHandle_t xQueue )
2105:Middlewares/FreeRTOS/Source/queue.c ****     {
2106:Middlewares/FreeRTOS/Source/queue.c ****         return ( ( Queue_t * ) xQueue )->uxQueueNumber;
2107:Middlewares/FreeRTOS/Source/queue.c ****     }
2108:Middlewares/FreeRTOS/Source/queue.c **** 
2109:Middlewares/FreeRTOS/Source/queue.c **** #endif /* configUSE_TRACE_FACILITY */
2110:Middlewares/FreeRTOS/Source/queue.c **** /*-----------------------------------------------------------*/
2111:Middlewares/FreeRTOS/Source/queue.c **** 
2112:Middlewares/FreeRTOS/Source/queue.c **** #if ( configUSE_TRACE_FACILITY == 1 )
2113:Middlewares/FreeRTOS/Source/queue.c **** 
2114:Middlewares/FreeRTOS/Source/queue.c ****     void vQueueSetQueueNumber( QueueHandle_t xQueue,
2115:Middlewares/FreeRTOS/Source/queue.c ****                                UBaseType_t uxQueueNumber )
2116:Middlewares/FreeRTOS/Source/queue.c ****     {
2117:Middlewares/FreeRTOS/Source/queue.c ****         ( ( Queue_t * ) xQueue )->uxQueueNumber = uxQueueNumber;
2118:Middlewares/FreeRTOS/Source/queue.c ****     }
2119:Middlewares/FreeRTOS/Source/queue.c **** 
2120:Middlewares/FreeRTOS/Source/queue.c **** #endif /* configUSE_TRACE_FACILITY */
2121:Middlewares/FreeRTOS/Source/queue.c **** /*-----------------------------------------------------------*/
2122:Middlewares/FreeRTOS/Source/queue.c **** 
2123:Middlewares/FreeRTOS/Source/queue.c **** #if ( configUSE_TRACE_FACILITY == 1 )
2124:Middlewares/FreeRTOS/Source/queue.c **** 
2125:Middlewares/FreeRTOS/Source/queue.c ****     uint8_t ucQueueGetQueueType( QueueHandle_t xQueue )
2126:Middlewares/FreeRTOS/Source/queue.c ****     {
2127:Middlewares/FreeRTOS/Source/queue.c ****         return ( ( Queue_t * ) xQueue )->ucQueueType;
2128:Middlewares/FreeRTOS/Source/queue.c ****     }
2129:Middlewares/FreeRTOS/Source/queue.c **** 
2130:Middlewares/FreeRTOS/Source/queue.c **** #endif /* configUSE_TRACE_FACILITY */
2131:Middlewares/FreeRTOS/Source/queue.c **** /*-----------------------------------------------------------*/
2132:Middlewares/FreeRTOS/Source/queue.c **** 
2133:Middlewares/FreeRTOS/Source/queue.c **** #if ( configUSE_MUTEXES == 1 )
2134:Middlewares/FreeRTOS/Source/queue.c **** 
2135:Middlewares/FreeRTOS/Source/queue.c ****     static UBaseType_t prvGetDisinheritPriorityAfterTimeout( const Queue_t * const pxQueue )
2136:Middlewares/FreeRTOS/Source/queue.c ****     {
2137:Middlewares/FreeRTOS/Source/queue.c ****         UBaseType_t uxHighestPriorityOfWaitingTasks;
2138:Middlewares/FreeRTOS/Source/queue.c **** 
2139:Middlewares/FreeRTOS/Source/queue.c ****         /* If a task waiting for a mutex causes the mutex holder to inherit a
2140:Middlewares/FreeRTOS/Source/queue.c ****          * priority, but the waiting task times out, then the holder should
2141:Middlewares/FreeRTOS/Source/queue.c ****          * disinherit the priority - but only down to the highest priority of any
ARM GAS  C:\Users\airforce\AppData\Local\Temp\cc49S5gS.s 			page 39


2142:Middlewares/FreeRTOS/Source/queue.c ****          * other tasks that are waiting for the same mutex.  For this purpose,
2143:Middlewares/FreeRTOS/Source/queue.c ****          * return the priority of the highest priority task that is waiting for the
2144:Middlewares/FreeRTOS/Source/queue.c ****          * mutex. */
2145:Middlewares/FreeRTOS/Source/queue.c ****         if( listCURRENT_LIST_LENGTH( &( pxQueue->xTasksWaitingToReceive ) ) > 0U )
2146:Middlewares/FreeRTOS/Source/queue.c ****         {
2147:Middlewares/FreeRTOS/Source/queue.c ****             uxHighestPriorityOfWaitingTasks = ( UBaseType_t ) configMAX_PRIORITIES - ( UBaseType_t 
2148:Middlewares/FreeRTOS/Source/queue.c ****         }
2149:Middlewares/FreeRTOS/Source/queue.c ****         else
2150:Middlewares/FreeRTOS/Source/queue.c ****         {
2151:Middlewares/FreeRTOS/Source/queue.c ****             uxHighestPriorityOfWaitingTasks = tskIDLE_PRIORITY;
2152:Middlewares/FreeRTOS/Source/queue.c ****         }
2153:Middlewares/FreeRTOS/Source/queue.c **** 
2154:Middlewares/FreeRTOS/Source/queue.c ****         return uxHighestPriorityOfWaitingTasks;
2155:Middlewares/FreeRTOS/Source/queue.c ****     }
2156:Middlewares/FreeRTOS/Source/queue.c **** 
2157:Middlewares/FreeRTOS/Source/queue.c **** #endif /* configUSE_MUTEXES */
2158:Middlewares/FreeRTOS/Source/queue.c **** /*-----------------------------------------------------------*/
2159:Middlewares/FreeRTOS/Source/queue.c **** 
2160:Middlewares/FreeRTOS/Source/queue.c **** static BaseType_t prvCopyDataToQueue( Queue_t * const pxQueue,
2161:Middlewares/FreeRTOS/Source/queue.c ****                                       const void * pvItemToQueue,
2162:Middlewares/FreeRTOS/Source/queue.c ****                                       const BaseType_t xPosition )
2163:Middlewares/FreeRTOS/Source/queue.c **** {
2164:Middlewares/FreeRTOS/Source/queue.c ****     BaseType_t xReturn = pdFALSE;
2165:Middlewares/FreeRTOS/Source/queue.c ****     UBaseType_t uxMessagesWaiting;
2166:Middlewares/FreeRTOS/Source/queue.c **** 
2167:Middlewares/FreeRTOS/Source/queue.c ****     /* This function is called from a critical section. */
2168:Middlewares/FreeRTOS/Source/queue.c **** 
2169:Middlewares/FreeRTOS/Source/queue.c ****     uxMessagesWaiting = pxQueue->uxMessagesWaiting;
2170:Middlewares/FreeRTOS/Source/queue.c **** 
2171:Middlewares/FreeRTOS/Source/queue.c ****     if( pxQueue->uxItemSize == ( UBaseType_t ) 0 )
2172:Middlewares/FreeRTOS/Source/queue.c ****     {
2173:Middlewares/FreeRTOS/Source/queue.c ****         #if ( configUSE_MUTEXES == 1 )
2174:Middlewares/FreeRTOS/Source/queue.c ****             {
2175:Middlewares/FreeRTOS/Source/queue.c ****                 if( pxQueue->uxQueueType == queueQUEUE_IS_MUTEX )
2176:Middlewares/FreeRTOS/Source/queue.c ****                 {
2177:Middlewares/FreeRTOS/Source/queue.c ****                     /* The mutex is no longer being held. */
2178:Middlewares/FreeRTOS/Source/queue.c ****                     xReturn = xTaskPriorityDisinherit( pxQueue->u.xSemaphore.xMutexHolder );
2179:Middlewares/FreeRTOS/Source/queue.c ****                     pxQueue->u.xSemaphore.xMutexHolder = NULL;
2180:Middlewares/FreeRTOS/Source/queue.c ****                 }
2181:Middlewares/FreeRTOS/Source/queue.c ****                 else
2182:Middlewares/FreeRTOS/Source/queue.c ****                 {
2183:Middlewares/FreeRTOS/Source/queue.c ****                     mtCOVERAGE_TEST_MARKER();
2184:Middlewares/FreeRTOS/Source/queue.c ****                 }
2185:Middlewares/FreeRTOS/Source/queue.c ****             }
2186:Middlewares/FreeRTOS/Source/queue.c ****         #endif /* configUSE_MUTEXES */
2187:Middlewares/FreeRTOS/Source/queue.c ****     }
2188:Middlewares/FreeRTOS/Source/queue.c ****     else if( xPosition == queueSEND_TO_BACK )
2189:Middlewares/FreeRTOS/Source/queue.c ****     {
2190:Middlewares/FreeRTOS/Source/queue.c ****         ( void ) memcpy( ( void * ) pxQueue->pcWriteTo, pvItemToQueue, ( size_t ) pxQueue->uxItemSi
2191:Middlewares/FreeRTOS/Source/queue.c ****         pxQueue->pcWriteTo += pxQueue->uxItemSize;                                                 
2192:Middlewares/FreeRTOS/Source/queue.c **** 
2193:Middlewares/FreeRTOS/Source/queue.c ****         if( pxQueue->pcWriteTo >= pxQueue->u.xQueue.pcTail )                                       
2194:Middlewares/FreeRTOS/Source/queue.c ****         {
2195:Middlewares/FreeRTOS/Source/queue.c ****             pxQueue->pcWriteTo = pxQueue->pcHead;
2196:Middlewares/FreeRTOS/Source/queue.c ****         }
2197:Middlewares/FreeRTOS/Source/queue.c ****         else
2198:Middlewares/FreeRTOS/Source/queue.c ****         {
ARM GAS  C:\Users\airforce\AppData\Local\Temp\cc49S5gS.s 			page 40


2199:Middlewares/FreeRTOS/Source/queue.c ****             mtCOVERAGE_TEST_MARKER();
2200:Middlewares/FreeRTOS/Source/queue.c ****         }
2201:Middlewares/FreeRTOS/Source/queue.c ****     }
2202:Middlewares/FreeRTOS/Source/queue.c ****     else
2203:Middlewares/FreeRTOS/Source/queue.c ****     {
2204:Middlewares/FreeRTOS/Source/queue.c ****         ( void ) memcpy( ( void * ) pxQueue->u.xQueue.pcReadFrom, pvItemToQueue, ( size_t ) pxQueue
2205:Middlewares/FreeRTOS/Source/queue.c ****         pxQueue->u.xQueue.pcReadFrom -= pxQueue->uxItemSize;
2206:Middlewares/FreeRTOS/Source/queue.c **** 
2207:Middlewares/FreeRTOS/Source/queue.c ****         if( pxQueue->u.xQueue.pcReadFrom < pxQueue->pcHead ) /*lint !e946 MISRA exception justified
2208:Middlewares/FreeRTOS/Source/queue.c ****         {
2209:Middlewares/FreeRTOS/Source/queue.c ****             pxQueue->u.xQueue.pcReadFrom = ( pxQueue->u.xQueue.pcTail - pxQueue->uxItemSize );
2210:Middlewares/FreeRTOS/Source/queue.c ****         }
2211:Middlewares/FreeRTOS/Source/queue.c ****         else
2212:Middlewares/FreeRTOS/Source/queue.c ****         {
2213:Middlewares/FreeRTOS/Source/queue.c ****             mtCOVERAGE_TEST_MARKER();
2214:Middlewares/FreeRTOS/Source/queue.c ****         }
2215:Middlewares/FreeRTOS/Source/queue.c **** 
2216:Middlewares/FreeRTOS/Source/queue.c ****         if( xPosition == queueOVERWRITE )
2217:Middlewares/FreeRTOS/Source/queue.c ****         {
2218:Middlewares/FreeRTOS/Source/queue.c ****             if( uxMessagesWaiting > ( UBaseType_t ) 0 )
2219:Middlewares/FreeRTOS/Source/queue.c ****             {
2220:Middlewares/FreeRTOS/Source/queue.c ****                 /* An item is not being added but overwritten, so subtract
2221:Middlewares/FreeRTOS/Source/queue.c ****                  * one from the recorded number of items in the queue so when
2222:Middlewares/FreeRTOS/Source/queue.c ****                  * one is added again below the number of recorded items remains
2223:Middlewares/FreeRTOS/Source/queue.c ****                  * correct. */
2224:Middlewares/FreeRTOS/Source/queue.c ****                 --uxMessagesWaiting;
2225:Middlewares/FreeRTOS/Source/queue.c ****             }
2226:Middlewares/FreeRTOS/Source/queue.c ****             else
2227:Middlewares/FreeRTOS/Source/queue.c ****             {
2228:Middlewares/FreeRTOS/Source/queue.c ****                 mtCOVERAGE_TEST_MARKER();
2229:Middlewares/FreeRTOS/Source/queue.c ****             }
2230:Middlewares/FreeRTOS/Source/queue.c ****         }
2231:Middlewares/FreeRTOS/Source/queue.c ****         else
2232:Middlewares/FreeRTOS/Source/queue.c ****         {
2233:Middlewares/FreeRTOS/Source/queue.c ****             mtCOVERAGE_TEST_MARKER();
2234:Middlewares/FreeRTOS/Source/queue.c ****         }
2235:Middlewares/FreeRTOS/Source/queue.c ****     }
2236:Middlewares/FreeRTOS/Source/queue.c **** 
2237:Middlewares/FreeRTOS/Source/queue.c ****     pxQueue->uxMessagesWaiting = uxMessagesWaiting + ( UBaseType_t ) 1;
2238:Middlewares/FreeRTOS/Source/queue.c **** 
2239:Middlewares/FreeRTOS/Source/queue.c ****     return xReturn;
2240:Middlewares/FreeRTOS/Source/queue.c **** }
2241:Middlewares/FreeRTOS/Source/queue.c **** /*-----------------------------------------------------------*/
2242:Middlewares/FreeRTOS/Source/queue.c **** 
2243:Middlewares/FreeRTOS/Source/queue.c **** static void prvCopyDataFromQueue( Queue_t * const pxQueue,
2244:Middlewares/FreeRTOS/Source/queue.c ****                                   void * const pvBuffer )
2245:Middlewares/FreeRTOS/Source/queue.c **** {
2246:Middlewares/FreeRTOS/Source/queue.c ****     if( pxQueue->uxItemSize != ( UBaseType_t ) 0 )
2247:Middlewares/FreeRTOS/Source/queue.c ****     {
2248:Middlewares/FreeRTOS/Source/queue.c ****         pxQueue->u.xQueue.pcReadFrom += pxQueue->uxItemSize;           /*lint !e9016 Pointer arithm
2249:Middlewares/FreeRTOS/Source/queue.c **** 
2250:Middlewares/FreeRTOS/Source/queue.c ****         if( pxQueue->u.xQueue.pcReadFrom >= pxQueue->u.xQueue.pcTail ) /*lint !e946 MISRA exception
2251:Middlewares/FreeRTOS/Source/queue.c ****         {
2252:Middlewares/FreeRTOS/Source/queue.c ****             pxQueue->u.xQueue.pcReadFrom = pxQueue->pcHead;
2253:Middlewares/FreeRTOS/Source/queue.c ****         }
2254:Middlewares/FreeRTOS/Source/queue.c ****         else
2255:Middlewares/FreeRTOS/Source/queue.c ****         {
ARM GAS  C:\Users\airforce\AppData\Local\Temp\cc49S5gS.s 			page 41


2256:Middlewares/FreeRTOS/Source/queue.c ****             mtCOVERAGE_TEST_MARKER();
2257:Middlewares/FreeRTOS/Source/queue.c ****         }
2258:Middlewares/FreeRTOS/Source/queue.c **** 
2259:Middlewares/FreeRTOS/Source/queue.c ****         ( void ) memcpy( ( void * ) pvBuffer, ( void * ) pxQueue->u.xQueue.pcReadFrom, ( size_t ) p
2260:Middlewares/FreeRTOS/Source/queue.c ****     }
2261:Middlewares/FreeRTOS/Source/queue.c **** }
2262:Middlewares/FreeRTOS/Source/queue.c **** /*-----------------------------------------------------------*/
2263:Middlewares/FreeRTOS/Source/queue.c **** 
2264:Middlewares/FreeRTOS/Source/queue.c **** static void prvUnlockQueue( Queue_t * const pxQueue )
2265:Middlewares/FreeRTOS/Source/queue.c **** {
2266:Middlewares/FreeRTOS/Source/queue.c ****     /* THIS FUNCTION MUST BE CALLED WITH THE SCHEDULER SUSPENDED. */
2267:Middlewares/FreeRTOS/Source/queue.c **** 
2268:Middlewares/FreeRTOS/Source/queue.c ****     /* The lock counts contains the number of extra data items placed or
2269:Middlewares/FreeRTOS/Source/queue.c ****      * removed from the queue while the queue was locked.  When a queue is
2270:Middlewares/FreeRTOS/Source/queue.c ****      * locked items can be added or removed, but the event lists cannot be
2271:Middlewares/FreeRTOS/Source/queue.c ****      * updated. */
2272:Middlewares/FreeRTOS/Source/queue.c ****     taskENTER_CRITICAL();
2273:Middlewares/FreeRTOS/Source/queue.c ****     {
2274:Middlewares/FreeRTOS/Source/queue.c ****         int8_t cTxLock = pxQueue->cTxLock;
2275:Middlewares/FreeRTOS/Source/queue.c **** 
2276:Middlewares/FreeRTOS/Source/queue.c ****         /* See if data was added to the queue while it was locked. */
2277:Middlewares/FreeRTOS/Source/queue.c ****         while( cTxLock > queueLOCKED_UNMODIFIED )
2278:Middlewares/FreeRTOS/Source/queue.c ****         {
2279:Middlewares/FreeRTOS/Source/queue.c ****             /* Data was posted while the queue was locked.  Are any tasks
2280:Middlewares/FreeRTOS/Source/queue.c ****              * blocked waiting for data to become available? */
2281:Middlewares/FreeRTOS/Source/queue.c ****             #if ( configUSE_QUEUE_SETS == 1 )
2282:Middlewares/FreeRTOS/Source/queue.c ****                 {
2283:Middlewares/FreeRTOS/Source/queue.c ****                     if( pxQueue->pxQueueSetContainer != NULL )
2284:Middlewares/FreeRTOS/Source/queue.c ****                     {
2285:Middlewares/FreeRTOS/Source/queue.c ****                         if( prvNotifyQueueSetContainer( pxQueue ) != pdFALSE )
2286:Middlewares/FreeRTOS/Source/queue.c ****                         {
2287:Middlewares/FreeRTOS/Source/queue.c ****                             /* The queue is a member of a queue set, and posting to
2288:Middlewares/FreeRTOS/Source/queue.c ****                              * the queue set caused a higher priority task to unblock.
2289:Middlewares/FreeRTOS/Source/queue.c ****                              * A context switch is required. */
2290:Middlewares/FreeRTOS/Source/queue.c ****                             vTaskMissedYield();
2291:Middlewares/FreeRTOS/Source/queue.c ****                         }
2292:Middlewares/FreeRTOS/Source/queue.c ****                         else
2293:Middlewares/FreeRTOS/Source/queue.c ****                         {
2294:Middlewares/FreeRTOS/Source/queue.c ****                             mtCOVERAGE_TEST_MARKER();
2295:Middlewares/FreeRTOS/Source/queue.c ****                         }
2296:Middlewares/FreeRTOS/Source/queue.c ****                     }
2297:Middlewares/FreeRTOS/Source/queue.c ****                     else
2298:Middlewares/FreeRTOS/Source/queue.c ****                     {
2299:Middlewares/FreeRTOS/Source/queue.c ****                         /* Tasks that are removed from the event list will get
2300:Middlewares/FreeRTOS/Source/queue.c ****                          * added to the pending ready list as the scheduler is still
2301:Middlewares/FreeRTOS/Source/queue.c ****                          * suspended. */
2302:Middlewares/FreeRTOS/Source/queue.c ****                         if( listLIST_IS_EMPTY( &( pxQueue->xTasksWaitingToReceive ) ) == pdFALSE )
2303:Middlewares/FreeRTOS/Source/queue.c ****                         {
2304:Middlewares/FreeRTOS/Source/queue.c ****                             if( xTaskRemoveFromEventList( &( pxQueue->xTasksWaitingToReceive ) ) !=
2305:Middlewares/FreeRTOS/Source/queue.c ****                             {
2306:Middlewares/FreeRTOS/Source/queue.c ****                                 /* The task waiting has a higher priority so record that a
2307:Middlewares/FreeRTOS/Source/queue.c ****                                  * context switch is required. */
2308:Middlewares/FreeRTOS/Source/queue.c ****                                 vTaskMissedYield();
2309:Middlewares/FreeRTOS/Source/queue.c ****                             }
2310:Middlewares/FreeRTOS/Source/queue.c ****                             else
2311:Middlewares/FreeRTOS/Source/queue.c ****                             {
2312:Middlewares/FreeRTOS/Source/queue.c ****                                 mtCOVERAGE_TEST_MARKER();
ARM GAS  C:\Users\airforce\AppData\Local\Temp\cc49S5gS.s 			page 42


2313:Middlewares/FreeRTOS/Source/queue.c ****                             }
2314:Middlewares/FreeRTOS/Source/queue.c ****                         }
2315:Middlewares/FreeRTOS/Source/queue.c ****                         else
2316:Middlewares/FreeRTOS/Source/queue.c ****                         {
2317:Middlewares/FreeRTOS/Source/queue.c ****                             break;
2318:Middlewares/FreeRTOS/Source/queue.c ****                         }
2319:Middlewares/FreeRTOS/Source/queue.c ****                     }
2320:Middlewares/FreeRTOS/Source/queue.c ****                 }
2321:Middlewares/FreeRTOS/Source/queue.c ****             #else /* configUSE_QUEUE_SETS */
2322:Middlewares/FreeRTOS/Source/queue.c ****                 {
2323:Middlewares/FreeRTOS/Source/queue.c ****                     /* Tasks that are removed from the event list will get added to
2324:Middlewares/FreeRTOS/Source/queue.c ****                      * the pending ready list as the scheduler is still suspended. */
2325:Middlewares/FreeRTOS/Source/queue.c ****                     if( listLIST_IS_EMPTY( &( pxQueue->xTasksWaitingToReceive ) ) == pdFALSE )
2326:Middlewares/FreeRTOS/Source/queue.c ****                     {
2327:Middlewares/FreeRTOS/Source/queue.c ****                         if( xTaskRemoveFromEventList( &( pxQueue->xTasksWaitingToReceive ) ) != pdF
2328:Middlewares/FreeRTOS/Source/queue.c ****                         {
2329:Middlewares/FreeRTOS/Source/queue.c ****                             /* The task waiting has a higher priority so record that
2330:Middlewares/FreeRTOS/Source/queue.c ****                              * a context switch is required. */
2331:Middlewares/FreeRTOS/Source/queue.c ****                             vTaskMissedYield();
2332:Middlewares/FreeRTOS/Source/queue.c ****                         }
2333:Middlewares/FreeRTOS/Source/queue.c ****                         else
2334:Middlewares/FreeRTOS/Source/queue.c ****                         {
2335:Middlewares/FreeRTOS/Source/queue.c ****                             mtCOVERAGE_TEST_MARKER();
2336:Middlewares/FreeRTOS/Source/queue.c ****                         }
2337:Middlewares/FreeRTOS/Source/queue.c ****                     }
2338:Middlewares/FreeRTOS/Source/queue.c ****                     else
2339:Middlewares/FreeRTOS/Source/queue.c ****                     {
2340:Middlewares/FreeRTOS/Source/queue.c ****                         break;
2341:Middlewares/FreeRTOS/Source/queue.c ****                     }
2342:Middlewares/FreeRTOS/Source/queue.c ****                 }
2343:Middlewares/FreeRTOS/Source/queue.c ****             #endif /* configUSE_QUEUE_SETS */
2344:Middlewares/FreeRTOS/Source/queue.c **** 
2345:Middlewares/FreeRTOS/Source/queue.c ****             --cTxLock;
2346:Middlewares/FreeRTOS/Source/queue.c ****         }
2347:Middlewares/FreeRTOS/Source/queue.c **** 
2348:Middlewares/FreeRTOS/Source/queue.c ****         pxQueue->cTxLock = queueUNLOCKED;
2349:Middlewares/FreeRTOS/Source/queue.c ****     }
2350:Middlewares/FreeRTOS/Source/queue.c ****     taskEXIT_CRITICAL();
2351:Middlewares/FreeRTOS/Source/queue.c **** 
2352:Middlewares/FreeRTOS/Source/queue.c ****     /* Do the same for the Rx lock. */
2353:Middlewares/FreeRTOS/Source/queue.c ****     taskENTER_CRITICAL();
2354:Middlewares/FreeRTOS/Source/queue.c ****     {
2355:Middlewares/FreeRTOS/Source/queue.c ****         int8_t cRxLock = pxQueue->cRxLock;
2356:Middlewares/FreeRTOS/Source/queue.c **** 
2357:Middlewares/FreeRTOS/Source/queue.c ****         while( cRxLock > queueLOCKED_UNMODIFIED )
2358:Middlewares/FreeRTOS/Source/queue.c ****         {
2359:Middlewares/FreeRTOS/Source/queue.c ****             if( listLIST_IS_EMPTY( &( pxQueue->xTasksWaitingToSend ) ) == pdFALSE )
2360:Middlewares/FreeRTOS/Source/queue.c ****             {
2361:Middlewares/FreeRTOS/Source/queue.c ****                 if( xTaskRemoveFromEventList( &( pxQueue->xTasksWaitingToSend ) ) != pdFALSE )
2362:Middlewares/FreeRTOS/Source/queue.c ****                 {
2363:Middlewares/FreeRTOS/Source/queue.c ****                     vTaskMissedYield();
2364:Middlewares/FreeRTOS/Source/queue.c ****                 }
2365:Middlewares/FreeRTOS/Source/queue.c ****                 else
2366:Middlewares/FreeRTOS/Source/queue.c ****                 {
2367:Middlewares/FreeRTOS/Source/queue.c ****                     mtCOVERAGE_TEST_MARKER();
2368:Middlewares/FreeRTOS/Source/queue.c ****                 }
2369:Middlewares/FreeRTOS/Source/queue.c **** 
ARM GAS  C:\Users\airforce\AppData\Local\Temp\cc49S5gS.s 			page 43


2370:Middlewares/FreeRTOS/Source/queue.c ****                 --cRxLock;
2371:Middlewares/FreeRTOS/Source/queue.c ****             }
2372:Middlewares/FreeRTOS/Source/queue.c ****             else
2373:Middlewares/FreeRTOS/Source/queue.c ****             {
2374:Middlewares/FreeRTOS/Source/queue.c ****                 break;
2375:Middlewares/FreeRTOS/Source/queue.c ****             }
2376:Middlewares/FreeRTOS/Source/queue.c ****         }
2377:Middlewares/FreeRTOS/Source/queue.c **** 
2378:Middlewares/FreeRTOS/Source/queue.c ****         pxQueue->cRxLock = queueUNLOCKED;
2379:Middlewares/FreeRTOS/Source/queue.c ****     }
2380:Middlewares/FreeRTOS/Source/queue.c ****     taskEXIT_CRITICAL();
2381:Middlewares/FreeRTOS/Source/queue.c **** }
2382:Middlewares/FreeRTOS/Source/queue.c **** /*-----------------------------------------------------------*/
2383:Middlewares/FreeRTOS/Source/queue.c **** 
2384:Middlewares/FreeRTOS/Source/queue.c **** static BaseType_t prvIsQueueEmpty( const Queue_t * pxQueue )
2385:Middlewares/FreeRTOS/Source/queue.c **** {
  27              		.loc 1 2385 1 view -0
  28              		.cfi_startproc
  29              		@ args = 0, pretend = 0, frame = 0
  30              		@ frame_needed = 0, uses_anonymous_args = 0
2386:Middlewares/FreeRTOS/Source/queue.c ****     BaseType_t xReturn;
  31              		.loc 1 2386 5 view .LVU1
2387:Middlewares/FreeRTOS/Source/queue.c **** 
2388:Middlewares/FreeRTOS/Source/queue.c ****     taskENTER_CRITICAL();
  32              		.loc 1 2388 5 view .LVU2
2385:Middlewares/FreeRTOS/Source/queue.c ****     BaseType_t xReturn;
  33              		.loc 1 2385 1 is_stmt 0 view .LVU3
  34 0000 10B5     		push	{r4, lr}
  35              	.LCFI0:
  36              		.cfi_def_cfa_offset 8
  37              		.cfi_offset 4, -8
  38              		.cfi_offset 14, -4
2385:Middlewares/FreeRTOS/Source/queue.c ****     BaseType_t xReturn;
  39              		.loc 1 2385 1 view .LVU4
  40 0002 0446     		mov	r4, r0
  41              		.loc 1 2388 5 view .LVU5
  42 0004 FFF7FEFF 		bl	vPortEnterCritical
  43              	.LVL1:
2389:Middlewares/FreeRTOS/Source/queue.c ****     {
2390:Middlewares/FreeRTOS/Source/queue.c ****         if( pxQueue->uxMessagesWaiting == ( UBaseType_t ) 0 )
  44              		.loc 1 2390 9 is_stmt 1 view .LVU6
  45              		.loc 1 2390 20 is_stmt 0 view .LVU7
  46 0008 A46B     		ldr	r4, [r4, #56]
  47              	.LVL2:
2391:Middlewares/FreeRTOS/Source/queue.c ****         {
2392:Middlewares/FreeRTOS/Source/queue.c ****             xReturn = pdTRUE;
2393:Middlewares/FreeRTOS/Source/queue.c ****         }
2394:Middlewares/FreeRTOS/Source/queue.c ****         else
2395:Middlewares/FreeRTOS/Source/queue.c ****         {
2396:Middlewares/FreeRTOS/Source/queue.c ****             xReturn = pdFALSE;
2397:Middlewares/FreeRTOS/Source/queue.c ****         }
2398:Middlewares/FreeRTOS/Source/queue.c ****     }
2399:Middlewares/FreeRTOS/Source/queue.c ****     taskEXIT_CRITICAL();
  48              		.loc 1 2399 5 is_stmt 1 view .LVU8
  49 000a FFF7FEFF 		bl	vPortExitCritical
  50              	.LVL3:
2400:Middlewares/FreeRTOS/Source/queue.c **** 
ARM GAS  C:\Users\airforce\AppData\Local\Temp\cc49S5gS.s 			page 44


2401:Middlewares/FreeRTOS/Source/queue.c ****     return xReturn;
  51              		.loc 1 2401 5 view .LVU9
2402:Middlewares/FreeRTOS/Source/queue.c **** }
  52              		.loc 1 2402 1 is_stmt 0 view .LVU10
  53 000e B4FA84F0 		clz	r0, r4
  54 0012 4009     		lsrs	r0, r0, #5
  55 0014 10BD     		pop	{r4, pc}
  56              		.loc 1 2402 1 view .LVU11
  57              		.cfi_endproc
  58              	.LFE96:
  60              		.section	.text.prvCopyDataToQueue,"ax",%progbits
  61              		.align	1
  62              		.syntax unified
  63              		.thumb
  64              		.thumb_func
  66              	prvCopyDataToQueue:
  67              	.LVL4:
  68              	.LFB93:
2163:Middlewares/FreeRTOS/Source/queue.c ****     BaseType_t xReturn = pdFALSE;
  69              		.loc 1 2163 1 is_stmt 1 view -0
  70              		.cfi_startproc
  71              		@ args = 0, pretend = 0, frame = 0
  72              		@ frame_needed = 0, uses_anonymous_args = 0
2164:Middlewares/FreeRTOS/Source/queue.c ****     UBaseType_t uxMessagesWaiting;
  73              		.loc 1 2164 5 view .LVU13
2165:Middlewares/FreeRTOS/Source/queue.c **** 
  74              		.loc 1 2165 5 view .LVU14
2169:Middlewares/FreeRTOS/Source/queue.c **** 
  75              		.loc 1 2169 5 view .LVU15
2163:Middlewares/FreeRTOS/Source/queue.c ****     BaseType_t xReturn = pdFALSE;
  76              		.loc 1 2163 1 is_stmt 0 view .LVU16
  77 0000 70B5     		push	{r4, r5, r6, lr}
  78              	.LCFI1:
  79              		.cfi_def_cfa_offset 16
  80              		.cfi_offset 4, -16
  81              		.cfi_offset 5, -12
  82              		.cfi_offset 6, -8
  83              		.cfi_offset 14, -4
2163:Middlewares/FreeRTOS/Source/queue.c ****     BaseType_t xReturn = pdFALSE;
  84              		.loc 1 2163 1 view .LVU17
  85 0002 1646     		mov	r6, r2
2171:Middlewares/FreeRTOS/Source/queue.c ****     {
  86              		.loc 1 2171 16 view .LVU18
  87 0004 026C     		ldr	r2, [r0, #64]
  88              	.LVL5:
2163:Middlewares/FreeRTOS/Source/queue.c ****     BaseType_t xReturn = pdFALSE;
  89              		.loc 1 2163 1 view .LVU19
  90 0006 0446     		mov	r4, r0
2169:Middlewares/FreeRTOS/Source/queue.c **** 
  91              		.loc 1 2169 23 view .LVU20
  92 0008 856B     		ldr	r5, [r0, #56]
  93              	.LVL6:
2171:Middlewares/FreeRTOS/Source/queue.c ****     {
  94              		.loc 1 2171 5 is_stmt 1 view .LVU21
2171:Middlewares/FreeRTOS/Source/queue.c ****     {
  95              		.loc 1 2171 7 is_stmt 0 view .LVU22
  96 000a 42B9     		cbnz	r2, .L3
ARM GAS  C:\Users\airforce\AppData\Local\Temp\cc49S5gS.s 			page 45


2175:Middlewares/FreeRTOS/Source/queue.c ****                 {
  97              		.loc 1 2175 17 is_stmt 1 view .LVU23
2175:Middlewares/FreeRTOS/Source/queue.c ****                 {
  98              		.loc 1 2175 19 is_stmt 0 view .LVU24
  99 000c 0668     		ldr	r6, [r0]
 100              	.LVL7:
2175:Middlewares/FreeRTOS/Source/queue.c ****                 {
 101              		.loc 1 2175 19 view .LVU25
 102 000e 9EB9     		cbnz	r6, .L9
2178:Middlewares/FreeRTOS/Source/queue.c ****                     pxQueue->u.xSemaphore.xMutexHolder = NULL;
 103              		.loc 1 2178 21 is_stmt 1 view .LVU26
2178:Middlewares/FreeRTOS/Source/queue.c ****                     pxQueue->u.xSemaphore.xMutexHolder = NULL;
 104              		.loc 1 2178 31 is_stmt 0 view .LVU27
 105 0010 8068     		ldr	r0, [r0, #8]
 106              	.LVL8:
2178:Middlewares/FreeRTOS/Source/queue.c ****                     pxQueue->u.xSemaphore.xMutexHolder = NULL;
 107              		.loc 1 2178 31 view .LVU28
 108 0012 FFF7FEFF 		bl	xTaskPriorityDisinherit
 109              	.LVL9:
2179:Middlewares/FreeRTOS/Source/queue.c ****                 }
 110              		.loc 1 2179 21 is_stmt 1 view .LVU29
2179:Middlewares/FreeRTOS/Source/queue.c ****                 }
 111              		.loc 1 2179 56 is_stmt 0 view .LVU30
 112 0016 A660     		str	r6, [r4, #8]
 113              	.LVL10:
 114              	.L5:
2233:Middlewares/FreeRTOS/Source/queue.c ****         }
 115              		.loc 1 2233 37 is_stmt 1 view .LVU31
2237:Middlewares/FreeRTOS/Source/queue.c **** 
 116              		.loc 1 2237 5 view .LVU32
2237:Middlewares/FreeRTOS/Source/queue.c **** 
 117              		.loc 1 2237 52 is_stmt 0 view .LVU33
 118 0018 0135     		adds	r5, r5, #1
 119              	.LVL11:
2237:Middlewares/FreeRTOS/Source/queue.c **** 
 120              		.loc 1 2237 32 view .LVU34
 121 001a A563     		str	r5, [r4, #56]
2239:Middlewares/FreeRTOS/Source/queue.c **** }
 122              		.loc 1 2239 5 is_stmt 1 view .LVU35
2240:Middlewares/FreeRTOS/Source/queue.c **** /*-----------------------------------------------------------*/
 123              		.loc 1 2240 1 is_stmt 0 view .LVU36
 124 001c 70BD     		pop	{r4, r5, r6, pc}
 125              	.LVL12:
 126              	.L3:
2188:Middlewares/FreeRTOS/Source/queue.c ****     {
 127              		.loc 1 2188 10 is_stmt 1 view .LVU37
2188:Middlewares/FreeRTOS/Source/queue.c ****     {
 128              		.loc 1 2188 12 is_stmt 0 view .LVU38
 129 001e 6EB9     		cbnz	r6, .L6
2190:Middlewares/FreeRTOS/Source/queue.c ****         pxQueue->pcWriteTo += pxQueue->uxItemSize;                                                 
 130              		.loc 1 2190 9 is_stmt 1 view .LVU39
2190:Middlewares/FreeRTOS/Source/queue.c ****         pxQueue->pcWriteTo += pxQueue->uxItemSize;                                                 
 131              		.loc 1 2190 18 is_stmt 0 view .LVU40
 132 0020 4068     		ldr	r0, [r0, #4]
 133              	.LVL13:
2190:Middlewares/FreeRTOS/Source/queue.c ****         pxQueue->pcWriteTo += pxQueue->uxItemSize;                                                 
 134              		.loc 1 2190 18 view .LVU41
ARM GAS  C:\Users\airforce\AppData\Local\Temp\cc49S5gS.s 			page 46


 135 0022 FFF7FEFF 		bl	memcpy
 136              	.LVL14:
2191:Middlewares/FreeRTOS/Source/queue.c **** 
 137              		.loc 1 2191 9 is_stmt 1 view .LVU42
2191:Middlewares/FreeRTOS/Source/queue.c **** 
 138              		.loc 1 2191 28 is_stmt 0 view .LVU43
 139 0026 6368     		ldr	r3, [r4, #4]
 140 0028 226C     		ldr	r2, [r4, #64]
 141 002a 1344     		add	r3, r3, r2
2193:Middlewares/FreeRTOS/Source/queue.c ****         {
 142              		.loc 1 2193 11 view .LVU44
 143 002c A268     		ldr	r2, [r4, #8]
2191:Middlewares/FreeRTOS/Source/queue.c **** 
 144              		.loc 1 2191 28 view .LVU45
 145 002e 6360     		str	r3, [r4, #4]
2193:Middlewares/FreeRTOS/Source/queue.c ****         {
 146              		.loc 1 2193 9 is_stmt 1 view .LVU46
2193:Middlewares/FreeRTOS/Source/queue.c ****         {
 147              		.loc 1 2193 11 is_stmt 0 view .LVU47
 148 0030 9342     		cmp	r3, r2
2195:Middlewares/FreeRTOS/Source/queue.c ****         }
 149              		.loc 1 2195 13 is_stmt 1 view .LVU48
2195:Middlewares/FreeRTOS/Source/queue.c ****         }
 150              		.loc 1 2195 32 is_stmt 0 view .LVU49
 151 0032 24BF     		itt	cs
 152 0034 2368     		ldrcs	r3, [r4]
 153 0036 6360     		strcs	r3, [r4, #4]
 154              	.LVL15:
 155              	.L9:
2164:Middlewares/FreeRTOS/Source/queue.c ****     UBaseType_t uxMessagesWaiting;
 156              		.loc 1 2164 16 view .LVU50
 157 0038 0020     		movs	r0, #0
 158 003a EDE7     		b	.L5
 159              	.LVL16:
 160              	.L6:
2204:Middlewares/FreeRTOS/Source/queue.c ****         pxQueue->u.xQueue.pcReadFrom -= pxQueue->uxItemSize;
 161              		.loc 1 2204 9 is_stmt 1 view .LVU51
2204:Middlewares/FreeRTOS/Source/queue.c ****         pxQueue->u.xQueue.pcReadFrom -= pxQueue->uxItemSize;
 162              		.loc 1 2204 18 is_stmt 0 view .LVU52
 163 003c C068     		ldr	r0, [r0, #12]
 164              	.LVL17:
2204:Middlewares/FreeRTOS/Source/queue.c ****         pxQueue->u.xQueue.pcReadFrom -= pxQueue->uxItemSize;
 165              		.loc 1 2204 18 view .LVU53
 166 003e FFF7FEFF 		bl	memcpy
 167              	.LVL18:
2205:Middlewares/FreeRTOS/Source/queue.c **** 
 168              		.loc 1 2205 9 is_stmt 1 view .LVU54
2205:Middlewares/FreeRTOS/Source/queue.c **** 
 169              		.loc 1 2205 38 is_stmt 0 view .LVU55
 170 0042 226C     		ldr	r2, [r4, #64]
 171 0044 E368     		ldr	r3, [r4, #12]
 172 0046 5142     		rsbs	r1, r2, #0
 173 0048 9B1A     		subs	r3, r3, r2
2207:Middlewares/FreeRTOS/Source/queue.c ****         {
 174              		.loc 1 2207 11 view .LVU56
 175 004a 2268     		ldr	r2, [r4]
2205:Middlewares/FreeRTOS/Source/queue.c **** 
ARM GAS  C:\Users\airforce\AppData\Local\Temp\cc49S5gS.s 			page 47


 176              		.loc 1 2205 38 view .LVU57
 177 004c E360     		str	r3, [r4, #12]
2207:Middlewares/FreeRTOS/Source/queue.c ****         {
 178              		.loc 1 2207 9 is_stmt 1 view .LVU58
2207:Middlewares/FreeRTOS/Source/queue.c ****         {
 179              		.loc 1 2207 11 is_stmt 0 view .LVU59
 180 004e 9342     		cmp	r3, r2
2209:Middlewares/FreeRTOS/Source/queue.c ****         }
 181              		.loc 1 2209 13 is_stmt 1 view .LVU60
2209:Middlewares/FreeRTOS/Source/queue.c ****         }
 182              		.loc 1 2209 71 is_stmt 0 view .LVU61
 183 0050 3EBF     		ittt	cc
 184 0052 A368     		ldrcc	r3, [r4, #8]
 185 0054 5B18     		addcc	r3, r3, r1
2209:Middlewares/FreeRTOS/Source/queue.c ****         }
 186              		.loc 1 2209 42 view .LVU62
 187 0056 E360     		strcc	r3, [r4, #12]
2213:Middlewares/FreeRTOS/Source/queue.c ****         }
 188              		.loc 1 2213 37 is_stmt 1 view .LVU63
2216:Middlewares/FreeRTOS/Source/queue.c ****         {
 189              		.loc 1 2216 9 view .LVU64
2216:Middlewares/FreeRTOS/Source/queue.c ****         {
 190              		.loc 1 2216 11 is_stmt 0 view .LVU65
 191 0058 022E     		cmp	r6, #2
 192 005a EDD1     		bne	.L9
2218:Middlewares/FreeRTOS/Source/queue.c ****             {
 193              		.loc 1 2218 13 is_stmt 1 view .LVU66
2218:Middlewares/FreeRTOS/Source/queue.c ****             {
 194              		.loc 1 2218 15 is_stmt 0 view .LVU67
 195 005c 0DB1     		cbz	r5, .L10
2224:Middlewares/FreeRTOS/Source/queue.c ****             }
 196              		.loc 1 2224 17 is_stmt 1 view .LVU68
 197 005e 013D     		subs	r5, r5, #1
 198              	.LVL19:
2224:Middlewares/FreeRTOS/Source/queue.c ****             }
 199              		.loc 1 2224 17 is_stmt 0 view .LVU69
 200 0060 EAE7     		b	.L9
 201              	.L10:
2164:Middlewares/FreeRTOS/Source/queue.c ****     UBaseType_t uxMessagesWaiting;
 202              		.loc 1 2164 16 view .LVU70
 203 0062 2846     		mov	r0, r5
 204 0064 D8E7     		b	.L5
 205              		.cfi_endproc
 206              	.LFE93:
 208              		.section	.text.prvCopyDataFromQueue,"ax",%progbits
 209              		.align	1
 210              		.syntax unified
 211              		.thumb
 212              		.thumb_func
 214              	prvCopyDataFromQueue:
 215              	.LVL20:
 216              	.LFB94:
2245:Middlewares/FreeRTOS/Source/queue.c ****     if( pxQueue->uxItemSize != ( UBaseType_t ) 0 )
 217              		.loc 1 2245 1 is_stmt 1 view -0
 218              		.cfi_startproc
 219              		@ args = 0, pretend = 0, frame = 0
 220              		@ frame_needed = 0, uses_anonymous_args = 0
ARM GAS  C:\Users\airforce\AppData\Local\Temp\cc49S5gS.s 			page 48


 221              		@ link register save eliminated.
2246:Middlewares/FreeRTOS/Source/queue.c ****     {
 222              		.loc 1 2246 5 view .LVU72
2245:Middlewares/FreeRTOS/Source/queue.c ****     if( pxQueue->uxItemSize != ( UBaseType_t ) 0 )
 223              		.loc 1 2245 1 is_stmt 0 view .LVU73
 224 0000 0346     		mov	r3, r0
2246:Middlewares/FreeRTOS/Source/queue.c ****     {
 225              		.loc 1 2246 16 view .LVU74
 226 0002 1A6C     		ldr	r2, [r3, #64]
2245:Middlewares/FreeRTOS/Source/queue.c ****     if( pxQueue->uxItemSize != ( UBaseType_t ) 0 )
 227              		.loc 1 2245 1 view .LVU75
 228 0004 0846     		mov	r0, r1
 229              	.LVL21:
2245:Middlewares/FreeRTOS/Source/queue.c ****     if( pxQueue->uxItemSize != ( UBaseType_t ) 0 )
 230              		.loc 1 2245 1 view .LVU76
 231 0006 10B4     		push	{r4}
 232              	.LCFI2:
 233              		.cfi_def_cfa_offset 4
 234              		.cfi_offset 4, -4
2246:Middlewares/FreeRTOS/Source/queue.c ****     {
 235              		.loc 1 2246 7 view .LVU77
 236 0008 5AB1     		cbz	r2, .L11
2248:Middlewares/FreeRTOS/Source/queue.c **** 
 237              		.loc 1 2248 9 is_stmt 1 view .LVU78
2248:Middlewares/FreeRTOS/Source/queue.c **** 
 238              		.loc 1 2248 38 is_stmt 0 view .LVU79
 239 000a DC68     		ldr	r4, [r3, #12]
 240 000c A118     		adds	r1, r4, r2
 241              	.LVL22:
2250:Middlewares/FreeRTOS/Source/queue.c ****         {
 242              		.loc 1 2250 11 view .LVU80
 243 000e 9C68     		ldr	r4, [r3, #8]
2248:Middlewares/FreeRTOS/Source/queue.c **** 
 244              		.loc 1 2248 38 view .LVU81
 245 0010 D960     		str	r1, [r3, #12]
2250:Middlewares/FreeRTOS/Source/queue.c ****         {
 246              		.loc 1 2250 9 is_stmt 1 view .LVU82
2250:Middlewares/FreeRTOS/Source/queue.c ****         {
 247              		.loc 1 2250 11 is_stmt 0 view .LVU83
 248 0012 A142     		cmp	r1, r4
2252:Middlewares/FreeRTOS/Source/queue.c ****         }
 249              		.loc 1 2252 13 is_stmt 1 view .LVU84
2252:Middlewares/FreeRTOS/Source/queue.c ****         }
 250              		.loc 1 2252 51 is_stmt 0 view .LVU85
 251 0014 28BF     		it	cs
 252 0016 1968     		ldrcs	r1, [r3]
2261:Middlewares/FreeRTOS/Source/queue.c **** /*-----------------------------------------------------------*/
 253              		.loc 1 2261 1 view .LVU86
 254 0018 10BC     		pop	{r4}
 255              	.LCFI3:
 256              		.cfi_remember_state
 257              		.cfi_restore 4
 258              		.cfi_def_cfa_offset 0
2252:Middlewares/FreeRTOS/Source/queue.c ****         }
 259              		.loc 1 2252 42 view .LVU87
 260 001a 28BF     		it	cs
 261 001c D960     		strcs	r1, [r3, #12]
ARM GAS  C:\Users\airforce\AppData\Local\Temp\cc49S5gS.s 			page 49


2256:Middlewares/FreeRTOS/Source/queue.c ****         }
 262              		.loc 1 2256 37 is_stmt 1 view .LVU88
2259:Middlewares/FreeRTOS/Source/queue.c ****     }
 263              		.loc 1 2259 9 view .LVU89
2259:Middlewares/FreeRTOS/Source/queue.c ****     }
 264              		.loc 1 2259 18 is_stmt 0 view .LVU90
 265 001e FFF7FEBF 		b	memcpy
 266              	.LVL23:
 267              	.L11:
 268              	.LCFI4:
 269              		.cfi_restore_state
2261:Middlewares/FreeRTOS/Source/queue.c **** /*-----------------------------------------------------------*/
 270              		.loc 1 2261 1 view .LVU91
 271 0022 10BC     		pop	{r4}
 272              	.LCFI5:
 273              		.cfi_restore 4
 274              		.cfi_def_cfa_offset 0
 275 0024 7047     		bx	lr
 276              		.cfi_endproc
 277              	.LFE94:
 279              		.section	.text.prvUnlockQueue,"ax",%progbits
 280              		.align	1
 281              		.syntax unified
 282              		.thumb
 283              		.thumb_func
 285              	prvUnlockQueue:
 286              	.LVL24:
 287              	.LFB95:
2265:Middlewares/FreeRTOS/Source/queue.c ****     /* THIS FUNCTION MUST BE CALLED WITH THE SCHEDULER SUSPENDED. */
 288              		.loc 1 2265 1 is_stmt 1 view -0
 289              		.cfi_startproc
 290              		@ args = 0, pretend = 0, frame = 0
 291              		@ frame_needed = 0, uses_anonymous_args = 0
2272:Middlewares/FreeRTOS/Source/queue.c ****     {
 292              		.loc 1 2272 5 view .LVU93
2265:Middlewares/FreeRTOS/Source/queue.c ****     /* THIS FUNCTION MUST BE CALLED WITH THE SCHEDULER SUSPENDED. */
 293              		.loc 1 2265 1 is_stmt 0 view .LVU94
 294 0000 70B5     		push	{r4, r5, r6, lr}
 295              	.LCFI6:
 296              		.cfi_def_cfa_offset 16
 297              		.cfi_offset 4, -16
 298              		.cfi_offset 5, -12
 299              		.cfi_offset 6, -8
 300              		.cfi_offset 14, -4
2265:Middlewares/FreeRTOS/Source/queue.c ****     /* THIS FUNCTION MUST BE CALLED WITH THE SCHEDULER SUSPENDED. */
 301              		.loc 1 2265 1 view .LVU95
 302 0002 0446     		mov	r4, r0
2272:Middlewares/FreeRTOS/Source/queue.c ****     {
 303              		.loc 1 2272 5 view .LVU96
 304 0004 FFF7FEFF 		bl	vPortEnterCritical
 305              	.LVL25:
 306              	.LBB23:
2274:Middlewares/FreeRTOS/Source/queue.c **** 
 307              		.loc 1 2274 9 is_stmt 1 view .LVU97
2274:Middlewares/FreeRTOS/Source/queue.c **** 
 308              		.loc 1 2274 16 is_stmt 0 view .LVU98
 309 0008 94F84550 		ldrb	r5, [r4, #69]	@ zero_extendqisi2
ARM GAS  C:\Users\airforce\AppData\Local\Temp\cc49S5gS.s 			page 50


2327:Middlewares/FreeRTOS/Source/queue.c ****                         {
 310              		.loc 1 2327 55 view .LVU99
 311 000c 04F12406 		add	r6, r4, #36
2274:Middlewares/FreeRTOS/Source/queue.c **** 
 312              		.loc 1 2274 16 view .LVU100
 313 0010 6DB2     		sxtb	r5, r5
 314              	.LVL26:
2277:Middlewares/FreeRTOS/Source/queue.c ****         {
 315              		.loc 1 2277 9 is_stmt 1 view .LVU101
 316              	.L15:
2277:Middlewares/FreeRTOS/Source/queue.c ****         {
 317              		.loc 1 2277 24 view .LVU102
 318 0012 002D     		cmp	r5, #0
 319 0014 01DD     		ble	.L20
2325:Middlewares/FreeRTOS/Source/queue.c ****                     {
 320              		.loc 1 2325 21 view .LVU103
2325:Middlewares/FreeRTOS/Source/queue.c ****                     {
 321              		.loc 1 2325 25 is_stmt 0 view .LVU104
 322 0016 636A     		ldr	r3, [r4, #36]
2325:Middlewares/FreeRTOS/Source/queue.c ****                     {
 323              		.loc 1 2325 23 view .LVU105
 324 0018 B3B9     		cbnz	r3, .L16
 325              	.L20:
2348:Middlewares/FreeRTOS/Source/queue.c ****     }
 326              		.loc 1 2348 9 is_stmt 1 view .LVU106
2348:Middlewares/FreeRTOS/Source/queue.c ****     }
 327              		.loc 1 2348 26 is_stmt 0 view .LVU107
 328 001a FF23     		movs	r3, #255
 329 001c 84F84530 		strb	r3, [r4, #69]
 330              	.LBE23:
2350:Middlewares/FreeRTOS/Source/queue.c **** 
 331              		.loc 1 2350 5 is_stmt 1 view .LVU108
 332 0020 FFF7FEFF 		bl	vPortExitCritical
 333              	.LVL27:
2353:Middlewares/FreeRTOS/Source/queue.c ****     {
 334              		.loc 1 2353 5 view .LVU109
 335 0024 FFF7FEFF 		bl	vPortEnterCritical
 336              	.LVL28:
 337              	.LBB24:
2355:Middlewares/FreeRTOS/Source/queue.c **** 
 338              		.loc 1 2355 9 view .LVU110
2355:Middlewares/FreeRTOS/Source/queue.c **** 
 339              		.loc 1 2355 16 is_stmt 0 view .LVU111
 340 0028 94F84450 		ldrb	r5, [r4, #68]	@ zero_extendqisi2
 341              	.LVL29:
2361:Middlewares/FreeRTOS/Source/queue.c ****                 {
 342              		.loc 1 2361 47 view .LVU112
 343 002c 04F11006 		add	r6, r4, #16
2355:Middlewares/FreeRTOS/Source/queue.c **** 
 344              		.loc 1 2355 16 view .LVU113
 345 0030 6DB2     		sxtb	r5, r5
 346              	.LVL30:
2357:Middlewares/FreeRTOS/Source/queue.c ****         {
 347              		.loc 1 2357 9 is_stmt 1 view .LVU114
 348              	.L17:
2357:Middlewares/FreeRTOS/Source/queue.c ****         {
 349              		.loc 1 2357 24 view .LVU115
ARM GAS  C:\Users\airforce\AppData\Local\Temp\cc49S5gS.s 			page 51


 350 0032 002D     		cmp	r5, #0
 351 0034 01DD     		ble	.L24
2359:Middlewares/FreeRTOS/Source/queue.c ****             {
 352              		.loc 1 2359 13 view .LVU116
2359:Middlewares/FreeRTOS/Source/queue.c ****             {
 353              		.loc 1 2359 17 is_stmt 0 view .LVU117
 354 0036 2369     		ldr	r3, [r4, #16]
2359:Middlewares/FreeRTOS/Source/queue.c ****             {
 355              		.loc 1 2359 15 view .LVU118
 356 0038 7BB9     		cbnz	r3, .L21
 357              	.L24:
2378:Middlewares/FreeRTOS/Source/queue.c ****     }
 358              		.loc 1 2378 9 is_stmt 1 view .LVU119
2378:Middlewares/FreeRTOS/Source/queue.c ****     }
 359              		.loc 1 2378 26 is_stmt 0 view .LVU120
 360 003a FF23     		movs	r3, #255
 361 003c 84F84430 		strb	r3, [r4, #68]
 362              	.LBE24:
2380:Middlewares/FreeRTOS/Source/queue.c **** }
 363              		.loc 1 2380 5 is_stmt 1 view .LVU121
2381:Middlewares/FreeRTOS/Source/queue.c **** /*-----------------------------------------------------------*/
 364              		.loc 1 2381 1 is_stmt 0 view .LVU122
 365 0040 BDE87040 		pop	{r4, r5, r6, lr}
 366              	.LCFI7:
 367              		.cfi_remember_state
 368              		.cfi_restore 14
 369              		.cfi_restore 6
 370              		.cfi_restore 5
 371              		.cfi_restore 4
 372              		.cfi_def_cfa_offset 0
 373              	.LVL31:
2380:Middlewares/FreeRTOS/Source/queue.c **** }
 374              		.loc 1 2380 5 view .LVU123
 375 0044 FFF7FEBF 		b	vPortExitCritical
 376              	.LVL32:
 377              	.L16:
 378              	.LCFI8:
 379              		.cfi_restore_state
 380              	.LBB25:
2327:Middlewares/FreeRTOS/Source/queue.c ****                         {
 381              		.loc 1 2327 25 is_stmt 1 view .LVU124
2327:Middlewares/FreeRTOS/Source/queue.c ****                         {
 382              		.loc 1 2327 29 is_stmt 0 view .LVU125
 383 0048 3046     		mov	r0, r6
 384 004a FFF7FEFF 		bl	xTaskRemoveFromEventList
 385              	.LVL33:
2327:Middlewares/FreeRTOS/Source/queue.c ****                         {
 386              		.loc 1 2327 27 discriminator 1 view .LVU126
 387 004e 08B1     		cbz	r0, .L18
2331:Middlewares/FreeRTOS/Source/queue.c ****                         }
 388              		.loc 1 2331 29 is_stmt 1 view .LVU127
 389 0050 FFF7FEFF 		bl	vTaskMissedYield
 390              	.LVL34:
 391              	.L18:
2335:Middlewares/FreeRTOS/Source/queue.c ****                         }
 392              		.loc 1 2335 53 view .LVU128
2345:Middlewares/FreeRTOS/Source/queue.c ****         }
ARM GAS  C:\Users\airforce\AppData\Local\Temp\cc49S5gS.s 			page 52


 393              		.loc 1 2345 13 view .LVU129
 394 0054 013D     		subs	r5, r5, #1
 395              	.LVL35:
2345:Middlewares/FreeRTOS/Source/queue.c ****         }
 396              		.loc 1 2345 13 is_stmt 0 view .LVU130
 397 0056 6DB2     		sxtb	r5, r5
 398              	.LVL36:
2345:Middlewares/FreeRTOS/Source/queue.c ****         }
 399              		.loc 1 2345 13 view .LVU131
 400 0058 DBE7     		b	.L15
 401              	.LVL37:
 402              	.L21:
2345:Middlewares/FreeRTOS/Source/queue.c ****         }
 403              		.loc 1 2345 13 view .LVU132
 404              	.LBE25:
 405              	.LBB26:
2361:Middlewares/FreeRTOS/Source/queue.c ****                 {
 406              		.loc 1 2361 17 is_stmt 1 view .LVU133
2361:Middlewares/FreeRTOS/Source/queue.c ****                 {
 407              		.loc 1 2361 21 is_stmt 0 view .LVU134
 408 005a 3046     		mov	r0, r6
 409 005c FFF7FEFF 		bl	xTaskRemoveFromEventList
 410              	.LVL38:
2361:Middlewares/FreeRTOS/Source/queue.c ****                 {
 411              		.loc 1 2361 19 discriminator 1 view .LVU135
 412 0060 08B1     		cbz	r0, .L22
2363:Middlewares/FreeRTOS/Source/queue.c ****                 }
 413              		.loc 1 2363 21 is_stmt 1 view .LVU136
 414 0062 FFF7FEFF 		bl	vTaskMissedYield
 415              	.LVL39:
 416              	.L22:
2367:Middlewares/FreeRTOS/Source/queue.c ****                 }
 417              		.loc 1 2367 45 view .LVU137
2370:Middlewares/FreeRTOS/Source/queue.c ****             }
 418              		.loc 1 2370 17 view .LVU138
 419 0066 013D     		subs	r5, r5, #1
 420              	.LVL40:
2370:Middlewares/FreeRTOS/Source/queue.c ****             }
 421              		.loc 1 2370 17 is_stmt 0 view .LVU139
 422 0068 6DB2     		sxtb	r5, r5
 423              	.LVL41:
2370:Middlewares/FreeRTOS/Source/queue.c ****             }
 424              		.loc 1 2370 17 view .LVU140
 425 006a E2E7     		b	.L17
 426              	.LBE26:
 427              		.cfi_endproc
 428              	.LFE95:
 430              		.section	.text.xQueueGenericReset,"ax",%progbits
 431              		.align	1
 432              		.global	xQueueGenericReset
 433              		.syntax unified
 434              		.thumb
 435              		.thumb_func
 437              	xQueueGenericReset:
 438              	.LVL42:
 439              	.LFB70:
 268:Middlewares/FreeRTOS/Source/queue.c ****     BaseType_t xReturn = pdPASS;
ARM GAS  C:\Users\airforce\AppData\Local\Temp\cc49S5gS.s 			page 53


 440              		.loc 1 268 1 is_stmt 1 view -0
 441              		.cfi_startproc
 442              		@ args = 0, pretend = 0, frame = 0
 443              		@ frame_needed = 0, uses_anonymous_args = 0
 269:Middlewares/FreeRTOS/Source/queue.c ****     Queue_t * const pxQueue = xQueue;
 444              		.loc 1 269 5 view .LVU142
 270:Middlewares/FreeRTOS/Source/queue.c **** 
 445              		.loc 1 270 5 view .LVU143
 272:Middlewares/FreeRTOS/Source/queue.c **** 
 446              		.loc 1 272 28 view .LVU144
 274:Middlewares/FreeRTOS/Source/queue.c ****         ( pxQueue->uxLength >= 1U ) &&
 447              		.loc 1 274 5 view .LVU145
 268:Middlewares/FreeRTOS/Source/queue.c ****     BaseType_t xReturn = pdPASS;
 448              		.loc 1 268 1 is_stmt 0 view .LVU146
 449 0000 70B5     		push	{r4, r5, r6, lr}
 450              	.LCFI9:
 451              		.cfi_def_cfa_offset 16
 452              		.cfi_offset 4, -16
 453              		.cfi_offset 5, -12
 454              		.cfi_offset 6, -8
 455              		.cfi_offset 14, -4
 268:Middlewares/FreeRTOS/Source/queue.c ****     BaseType_t xReturn = pdPASS;
 456              		.loc 1 268 1 view .LVU147
 457 0002 0E46     		mov	r6, r1
 274:Middlewares/FreeRTOS/Source/queue.c ****         ( pxQueue->uxLength >= 1U ) &&
 458              		.loc 1 274 7 view .LVU148
 459 0004 0446     		mov	r4, r0
 460 0006 10B3     		cbz	r0, .L31
 275:Middlewares/FreeRTOS/Source/queue.c ****         /* Check for multiplication overflow. */
 461              		.loc 1 275 18 view .LVU149
 462 0008 C06B     		ldr	r0, [r0, #60]
 463              	.LVL43:
 274:Middlewares/FreeRTOS/Source/queue.c ****         ( pxQueue->uxLength >= 1U ) &&
 464              		.loc 1 274 29 discriminator 1 view .LVU150
 465 000a 00B3     		cbz	r0, .L31
 277:Middlewares/FreeRTOS/Source/queue.c ****     {
 466              		.loc 1 277 44 view .LVU151
 467 000c 236C     		ldr	r3, [r4, #64]
 468 000e A3FB0035 		umull	r3, r5, r3, r0
 469 0012 DDB9     		cbnz	r5, .L46
 470              	.LVL44:
 471              	.LBB29:
 472              	.LBI29:
 266:Middlewares/FreeRTOS/Source/queue.c ****                                BaseType_t xNewQueue )
 473              		.loc 1 266 12 is_stmt 1 view .LVU152
 474              	.LBB30:
 279:Middlewares/FreeRTOS/Source/queue.c ****         {
 475              		.loc 1 279 9 view .LVU153
 476 0014 FFF7FEFF 		bl	vPortEnterCritical
 477              	.LVL45:
 281:Middlewares/FreeRTOS/Source/queue.c ****             pxQueue->uxMessagesWaiting = ( UBaseType_t ) 0U;
 478              		.loc 1 281 13 view .LVU154
 281:Middlewares/FreeRTOS/Source/queue.c ****             pxQueue->uxMessagesWaiting = ( UBaseType_t ) 0U;
 479              		.loc 1 281 78 is_stmt 0 view .LVU155
 480 0018 D4E90F31 		ldrd	r3, r1, [r4, #60]
 481 001c 4B43     		muls	r3, r1, r3
 281:Middlewares/FreeRTOS/Source/queue.c ****             pxQueue->uxMessagesWaiting = ( UBaseType_t ) 0U;
ARM GAS  C:\Users\airforce\AppData\Local\Temp\cc49S5gS.s 			page 54


 482              		.loc 1 281 47 view .LVU156
 483 001e 2268     		ldr	r2, [r4]
 282:Middlewares/FreeRTOS/Source/queue.c ****             pxQueue->pcWriteTo = pxQueue->pcHead;
 484              		.loc 1 282 40 view .LVU157
 485 0020 A563     		str	r5, [r4, #56]
 281:Middlewares/FreeRTOS/Source/queue.c ****             pxQueue->uxMessagesWaiting = ( UBaseType_t ) 0U;
 486              		.loc 1 281 56 view .LVU158
 487 0022 D018     		adds	r0, r2, r3
 284:Middlewares/FreeRTOS/Source/queue.c ****             pxQueue->cRxLock = queueUNLOCKED;
 488              		.loc 1 284 60 view .LVU159
 489 0024 5B1A     		subs	r3, r3, r1
 283:Middlewares/FreeRTOS/Source/queue.c ****             pxQueue->u.xQueue.pcReadFrom = pxQueue->pcHead + ( ( pxQueue->uxLength - 1U ) * pxQueue
 490              		.loc 1 283 32 view .LVU160
 491 0026 6260     		str	r2, [r4, #4]
 284:Middlewares/FreeRTOS/Source/queue.c ****             pxQueue->cRxLock = queueUNLOCKED;
 492              		.loc 1 284 60 view .LVU161
 493 0028 1A44     		add	r2, r2, r3
 285:Middlewares/FreeRTOS/Source/queue.c ****             pxQueue->cTxLock = queueUNLOCKED;
 494              		.loc 1 285 30 view .LVU162
 495 002a FF23     		movs	r3, #255
 281:Middlewares/FreeRTOS/Source/queue.c ****             pxQueue->uxMessagesWaiting = ( UBaseType_t ) 0U;
 496              		.loc 1 281 38 view .LVU163
 497 002c A060     		str	r0, [r4, #8]
 282:Middlewares/FreeRTOS/Source/queue.c ****             pxQueue->pcWriteTo = pxQueue->pcHead;
 498              		.loc 1 282 13 is_stmt 1 view .LVU164
 283:Middlewares/FreeRTOS/Source/queue.c ****             pxQueue->u.xQueue.pcReadFrom = pxQueue->pcHead + ( ( pxQueue->uxLength - 1U ) * pxQueue
 499              		.loc 1 283 13 view .LVU165
 284:Middlewares/FreeRTOS/Source/queue.c ****             pxQueue->cRxLock = queueUNLOCKED;
 500              		.loc 1 284 13 view .LVU166
 285:Middlewares/FreeRTOS/Source/queue.c ****             pxQueue->cTxLock = queueUNLOCKED;
 501              		.loc 1 285 30 is_stmt 0 view .LVU167
 502 002e 84F84430 		strb	r3, [r4, #68]
 284:Middlewares/FreeRTOS/Source/queue.c ****             pxQueue->cRxLock = queueUNLOCKED;
 503              		.loc 1 284 42 view .LVU168
 504 0032 E260     		str	r2, [r4, #12]
 285:Middlewares/FreeRTOS/Source/queue.c ****             pxQueue->cTxLock = queueUNLOCKED;
 505              		.loc 1 285 13 is_stmt 1 view .LVU169
 286:Middlewares/FreeRTOS/Source/queue.c **** 
 506              		.loc 1 286 13 view .LVU170
 286:Middlewares/FreeRTOS/Source/queue.c **** 
 507              		.loc 1 286 30 is_stmt 0 view .LVU171
 508 0034 84F84530 		strb	r3, [r4, #69]
 288:Middlewares/FreeRTOS/Source/queue.c ****             {
 509              		.loc 1 288 13 is_stmt 1 view .LVU172
 288:Middlewares/FreeRTOS/Source/queue.c ****             {
 510              		.loc 1 288 15 is_stmt 0 view .LVU173
 511 0038 56B1     		cbz	r6, .L47
 314:Middlewares/FreeRTOS/Source/queue.c ****                 vListInitialise( &( pxQueue->xTasksWaitingToReceive ) );
 512              		.loc 1 314 17 is_stmt 1 view .LVU174
 513 003a 04F11000 		add	r0, r4, #16
 514 003e FFF7FEFF 		bl	vListInitialise
 515              	.LVL46:
 315:Middlewares/FreeRTOS/Source/queue.c ****             }
 516              		.loc 1 315 17 view .LVU175
 517 0042 04F12400 		add	r0, r4, #36
 518 0046 FFF7FEFF 		bl	vListInitialise
 519              	.LVL47:
ARM GAS  C:\Users\airforce\AppData\Local\Temp\cc49S5gS.s 			page 55


 520 004a 12E0     		b	.L37
 521              	.LVL48:
 522              	.L46:
 315:Middlewares/FreeRTOS/Source/queue.c ****             }
 523              		.loc 1 315 17 is_stmt 0 view .LVU176
 524              	.LBE30:
 525              	.LBE29:
 322:Middlewares/FreeRTOS/Source/queue.c ****     }
 526              		.loc 1 322 17 view .LVU177
 527 004c 0020     		movs	r0, #0
 528              	.LVL49:
 325:Middlewares/FreeRTOS/Source/queue.c **** 
 529              		.loc 1 325 38 is_stmt 1 view .LVU178
 329:Middlewares/FreeRTOS/Source/queue.c **** }
 530              		.loc 1 329 5 view .LVU179
 531              	.L31:
 330:Middlewares/FreeRTOS/Source/queue.c **** /*-----------------------------------------------------------*/
 532              		.loc 1 330 1 is_stmt 0 view .LVU180
 533 004e 70BD     		pop	{r4, r5, r6, pc}
 534              	.LVL50:
 535              	.L47:
 536              	.LBB32:
 537              	.LBB31:
 295:Middlewares/FreeRTOS/Source/queue.c ****                 {
 538              		.loc 1 295 17 is_stmt 1 view .LVU181
 295:Middlewares/FreeRTOS/Source/queue.c ****                 {
 539              		.loc 1 295 21 is_stmt 0 view .LVU182
 540 0050 2369     		ldr	r3, [r4, #16]
 295:Middlewares/FreeRTOS/Source/queue.c ****                 {
 541              		.loc 1 295 19 view .LVU183
 542 0052 73B1     		cbz	r3, .L37
 297:Middlewares/FreeRTOS/Source/queue.c ****                     {
 543              		.loc 1 297 21 is_stmt 1 view .LVU184
 297:Middlewares/FreeRTOS/Source/queue.c ****                     {
 544              		.loc 1 297 25 is_stmt 0 view .LVU185
 545 0054 04F11000 		add	r0, r4, #16
 546 0058 FFF7FEFF 		bl	xTaskRemoveFromEventList
 547              	.LVL51:
 297:Middlewares/FreeRTOS/Source/queue.c ****                     {
 548              		.loc 1 297 23 discriminator 1 view .LVU186
 549 005c 48B1     		cbz	r0, .L37
 299:Middlewares/FreeRTOS/Source/queue.c ****                     }
 550              		.loc 1 299 25 is_stmt 1 view .LVU187
 551 005e 4FF0E023 		mov	r3, #-536813568
 552 0062 4FF08052 		mov	r2, #268435456
 553 0066 C3F8042D 		str	r2, [r3, #3332]
 299:Middlewares/FreeRTOS/Source/queue.c ****                     }
 554              		.loc 1 299 25 view .LVU188
 555              		.syntax unified
 556              	@ 299 "Middlewares/FreeRTOS/Source/queue.c" 1
 557 006a BFF34F8F 		dsb
 558              	@ 0 "" 2
 299:Middlewares/FreeRTOS/Source/queue.c ****                     }
 559              		.loc 1 299 25 view .LVU189
 560              	@ 299 "Middlewares/FreeRTOS/Source/queue.c" 1
 561 006e BFF36F8F 		isb
 562              	@ 0 "" 2
ARM GAS  C:\Users\airforce\AppData\Local\Temp\cc49S5gS.s 			page 56


 299:Middlewares/FreeRTOS/Source/queue.c ****                     }
 563              		.loc 1 299 57 view .LVU190
 564              		.thumb
 565              		.syntax unified
 566              	.L37:
 318:Middlewares/FreeRTOS/Source/queue.c ****     }
 567              		.loc 1 318 9 view .LVU191
 568 0072 FFF7FEFF 		bl	vPortExitCritical
 569              	.LVL52:
 325:Middlewares/FreeRTOS/Source/queue.c **** 
 570              		.loc 1 325 38 view .LVU192
 329:Middlewares/FreeRTOS/Source/queue.c **** }
 571              		.loc 1 329 5 view .LVU193
 318:Middlewares/FreeRTOS/Source/queue.c ****     }
 572              		.loc 1 318 9 is_stmt 0 view .LVU194
 573 0076 0120     		movs	r0, #1
 574 0078 E9E7     		b	.L31
 575              	.LBE31:
 576              	.LBE32:
 577              		.cfi_endproc
 578              	.LFE70:
 580              		.section	.text.xQueueGenericCreateStatic,"ax",%progbits
 581              		.align	1
 582              		.global	xQueueGenericCreateStatic
 583              		.syntax unified
 584              		.thumb
 585              		.thumb_func
 587              	xQueueGenericCreateStatic:
 588              	.LVL53:
 589              	.LFB71:
 340:Middlewares/FreeRTOS/Source/queue.c ****         Queue_t * pxNewQueue = NULL;
 590              		.loc 1 340 5 is_stmt 1 view -0
 591              		.cfi_startproc
 592              		@ args = 4, pretend = 0, frame = 0
 593              		@ frame_needed = 0, uses_anonymous_args = 0
 341:Middlewares/FreeRTOS/Source/queue.c **** 
 594              		.loc 1 341 9 view .LVU196
 345:Middlewares/FreeRTOS/Source/queue.c **** 
 595              		.loc 1 345 38 view .LVU197
 347:Middlewares/FreeRTOS/Source/queue.c ****             ( pxStaticQueue != NULL ) &&
 596              		.loc 1 347 9 view .LVU198
 340:Middlewares/FreeRTOS/Source/queue.c ****         Queue_t * pxNewQueue = NULL;
 597              		.loc 1 340 5 is_stmt 0 view .LVU199
 598 0000 38B5     		push	{r3, r4, r5, lr}
 599              	.LCFI10:
 600              		.cfi_def_cfa_offset 16
 601              		.cfi_offset 3, -16
 602              		.cfi_offset 4, -12
 603              		.cfi_offset 5, -8
 604              		.cfi_offset 14, -4
 340:Middlewares/FreeRTOS/Source/queue.c ****         Queue_t * pxNewQueue = NULL;
 605              		.loc 1 340 5 view .LVU200
 606 0002 0D46     		mov	r5, r1
 607 0004 1C46     		mov	r4, r3
 347:Middlewares/FreeRTOS/Source/queue.c ****             ( pxStaticQueue != NULL ) &&
 608              		.loc 1 347 11 view .LVU201
 609 0006 A8B1     		cbz	r0, .L52
ARM GAS  C:\Users\airforce\AppData\Local\Temp\cc49S5gS.s 			page 57


 347:Middlewares/FreeRTOS/Source/queue.c ****             ( pxStaticQueue != NULL ) &&
 610              		.loc 1 347 51 discriminator 1 view .LVU202
 611 0008 13B1     		cbz	r3, .L49
 612              	.LVL54:
 613              	.LBB37:
 614              	.LBI37:
 335:Middlewares/FreeRTOS/Source/queue.c ****                                              const UBaseType_t uxItemSize,
 615              		.loc 1 335 19 is_stmt 1 view .LVU203
 616              	.LBB38:
 348:Middlewares/FreeRTOS/Source/queue.c **** 
 617              		.loc 1 348 39 is_stmt 0 view .LVU204
 618 000a 1AB1     		cbz	r2, .L50
 352:Middlewares/FreeRTOS/Source/queue.c ****             ( !( ( pucQueueStorage == NULL ) && ( uxItemSize != 0 ) ) ) )
 619              		.loc 1 352 15 view .LVU205
 620 000c 21B9     		cbnz	r1, .L51
 621              	.LBE38:
 622              	.LBE37:
 341:Middlewares/FreeRTOS/Source/queue.c **** 
 623              		.loc 1 341 19 view .LVU206
 624 000e 0C46     		mov	r4, r1
 625              	.LVL55:
 626              	.L49:
 390:Middlewares/FreeRTOS/Source/queue.c ****     }
 627              		.loc 1 390 9 is_stmt 1 view .LVU207
 391:Middlewares/FreeRTOS/Source/queue.c **** 
 628              		.loc 1 391 5 is_stmt 0 view .LVU208
 629 0010 2046     		mov	r0, r4
 630 0012 38BD     		pop	{r3, r4, r5, pc}
 631              	.LVL56:
 632              	.L50:
 633              	.LBB44:
 634              	.LBB43:
 353:Middlewares/FreeRTOS/Source/queue.c ****         {
 635              		.loc 1 353 15 view .LVU209
 636 0014 81B9     		cbnz	r1, .L53
 637 0016 1A46     		mov	r2, r3
 638              	.LVL57:
 639              	.L51:
 378:Middlewares/FreeRTOS/Source/queue.c ****                 }
 640              		.loc 1 378 55 view .LVU210
 641 0018 0121     		movs	r1, #1
 642              	.LVL58:
 643              	.LBB39:
 644              	.LBB40:
 491:Middlewares/FreeRTOS/Source/queue.c ****     ( void ) xQueueGenericReset( pxNewQueue, pdTRUE );
 645              		.loc 1 491 28 view .LVU211
 646 001a C4E90F05 		strd	r0, r5, [r4, #60]
 647              	.LBE40:
 648              	.LBE39:
 378:Middlewares/FreeRTOS/Source/queue.c ****                 }
 649              		.loc 1 378 55 view .LVU212
 650 001e 84F84610 		strb	r1, [r4, #70]
 651              	.LBB42:
 652              	.LBB41:
 492:Middlewares/FreeRTOS/Source/queue.c **** 
 653              		.loc 1 492 14 view .LVU213
 654 0022 2046     		mov	r0, r4
ARM GAS  C:\Users\airforce\AppData\Local\Temp\cc49S5gS.s 			page 58


 655              	.LVL59:
 480:Middlewares/FreeRTOS/Source/queue.c ****     }
 656              		.loc 1 480 28 view .LVU214
 657 0024 2260     		str	r2, [r4]
 490:Middlewares/FreeRTOS/Source/queue.c ****     pxNewQueue->uxItemSize = uxItemSize;
 658              		.loc 1 490 5 is_stmt 1 view .LVU215
 492:Middlewares/FreeRTOS/Source/queue.c **** 
 659              		.loc 1 492 5 view .LVU216
 492:Middlewares/FreeRTOS/Source/queue.c **** 
 660              		.loc 1 492 14 is_stmt 0 view .LVU217
 661 0026 FFF7FEFF 		bl	xQueueGenericReset
 662              	.LVL60:
 496:Middlewares/FreeRTOS/Source/queue.c ****         }
 663              		.loc 1 496 13 is_stmt 1 view .LVU218
 496:Middlewares/FreeRTOS/Source/queue.c ****         }
 664              		.loc 1 496 37 is_stmt 0 view .LVU219
 665 002a 9DF81030 		ldrb	r3, [sp, #16]	@ zero_extendqisi2
 666 002e 84F84C30 		strb	r3, [r4, #76]
 506:Middlewares/FreeRTOS/Source/queue.c **** }
 667              		.loc 1 506 36 is_stmt 1 view .LVU220
 507:Middlewares/FreeRTOS/Source/queue.c **** /*-----------------------------------------------------------*/
 668              		.loc 1 507 1 is_stmt 0 view .LVU221
 669 0032 EDE7     		b	.L49
 670              	.LVL61:
 671              	.L52:
 507:Middlewares/FreeRTOS/Source/queue.c **** /*-----------------------------------------------------------*/
 672              		.loc 1 507 1 view .LVU222
 673              	.LBE41:
 674              	.LBE42:
 675              	.LBE43:
 676              	.LBE44:
 341:Middlewares/FreeRTOS/Source/queue.c **** 
 677              		.loc 1 341 19 view .LVU223
 678 0034 0446     		mov	r4, r0
 679 0036 EBE7     		b	.L49
 680              	.LVL62:
 681              	.L53:
 341:Middlewares/FreeRTOS/Source/queue.c **** 
 682              		.loc 1 341 19 view .LVU224
 683 0038 1446     		mov	r4, r2
 684 003a E9E7     		b	.L49
 685              		.cfi_endproc
 686              	.LFE71:
 688              		.section	.text.xQueueGenericCreate,"ax",%progbits
 689              		.align	1
 690              		.global	xQueueGenericCreate
 691              		.syntax unified
 692              		.thumb
 693              		.thumb_func
 695              	xQueueGenericCreate:
 696              	.LVL63:
 697              	.LFB72:
 401:Middlewares/FreeRTOS/Source/queue.c ****         Queue_t * pxNewQueue = NULL;
 698              		.loc 1 401 5 is_stmt 1 view -0
 699              		.cfi_startproc
 700              		@ args = 0, pretend = 0, frame = 0
 701              		@ frame_needed = 0, uses_anonymous_args = 0
ARM GAS  C:\Users\airforce\AppData\Local\Temp\cc49S5gS.s 			page 59


 402:Middlewares/FreeRTOS/Source/queue.c ****         size_t xQueueSizeInBytes;
 702              		.loc 1 402 9 view .LVU226
 403:Middlewares/FreeRTOS/Source/queue.c ****         uint8_t * pucQueueStorage;
 703              		.loc 1 403 9 view .LVU227
 404:Middlewares/FreeRTOS/Source/queue.c **** 
 704              		.loc 1 404 9 view .LVU228
 406:Middlewares/FreeRTOS/Source/queue.c ****             /* Check for multiplication overflow. */
 705              		.loc 1 406 9 view .LVU229
 401:Middlewares/FreeRTOS/Source/queue.c ****         Queue_t * pxNewQueue = NULL;
 706              		.loc 1 401 5 is_stmt 0 view .LVU230
 707 0000 2DE9F041 		push	{r4, r5, r6, r7, r8, lr}
 708              	.LCFI11:
 709              		.cfi_def_cfa_offset 24
 710              		.cfi_offset 4, -24
 711              		.cfi_offset 5, -20
 712              		.cfi_offset 6, -16
 713              		.cfi_offset 7, -12
 714              		.cfi_offset 8, -8
 715              		.cfi_offset 14, -4
 401:Middlewares/FreeRTOS/Source/queue.c ****         Queue_t * pxNewQueue = NULL;
 716              		.loc 1 401 5 view .LVU231
 717 0004 0D46     		mov	r5, r1
 718 0006 1746     		mov	r7, r2
 406:Middlewares/FreeRTOS/Source/queue.c ****             /* Check for multiplication overflow. */
 719              		.loc 1 406 11 view .LVU232
 720 0008 0646     		mov	r6, r0
 721 000a 18B9     		cbnz	r0, .L58
 722              	.LVL64:
 723              	.L62:
 402:Middlewares/FreeRTOS/Source/queue.c ****         size_t xQueueSizeInBytes;
 724              		.loc 1 402 19 view .LVU233
 725 000c 0024     		movs	r4, #0
 726              	.L57:
 459:Middlewares/FreeRTOS/Source/queue.c **** 
 727              		.loc 1 459 5 view .LVU234
 728 000e 2046     		mov	r0, r4
 729 0010 BDE8F081 		pop	{r4, r5, r6, r7, r8, pc}
 730              	.LVL65:
 731              	.L58:
 408:Middlewares/FreeRTOS/Source/queue.c ****             /* Check for addition overflow. */
 732              		.loc 1 408 44 view .LVU235
 733 0014 A1FB0038 		umull	r3, r8, r1, r0
 734 0018 B8F1000F 		cmp	r8, #0
 735 001c F6D1     		bne	.L62
 410:Middlewares/FreeRTOS/Source/queue.c ****         {
 736              		.loc 1 410 67 view .LVU236
 737 001e 4843     		muls	r0, r1, r0
 738              	.LVL66:
 408:Middlewares/FreeRTOS/Source/queue.c ****             /* Check for addition overflow. */
 739              		.loc 1 408 60 view .LVU237
 740 0020 10F1510F 		cmn	r0, #81
 741 0024 F2D8     		bhi	.L62
 415:Middlewares/FreeRTOS/Source/queue.c **** 
 742              		.loc 1 415 13 is_stmt 1 view .LVU238
 743              	.LVL67:
 426:Middlewares/FreeRTOS/Source/queue.c **** 
 744              		.loc 1 426 13 view .LVU239
ARM GAS  C:\Users\airforce\AppData\Local\Temp\cc49S5gS.s 			page 60


 426:Middlewares/FreeRTOS/Source/queue.c **** 
 745              		.loc 1 426 40 is_stmt 0 view .LVU240
 746 0026 5030     		adds	r0, r0, #80
 747              	.LVL68:
 426:Middlewares/FreeRTOS/Source/queue.c **** 
 748              		.loc 1 426 40 view .LVU241
 749 0028 FFF7FEFF 		bl	pvPortMalloc
 750              	.LVL69:
 428:Middlewares/FreeRTOS/Source/queue.c ****             {
 751              		.loc 1 428 13 is_stmt 1 view .LVU242
 428:Middlewares/FreeRTOS/Source/queue.c ****             {
 752              		.loc 1 428 15 is_stmt 0 view .LVU243
 753 002c 0446     		mov	r4, r0
 754 002e 0028     		cmp	r0, #0
 755 0030 ECD0     		beq	.L62
 432:Middlewares/FreeRTOS/Source/queue.c ****                 pucQueueStorage += sizeof( Queue_t ); /*lint !e9016 Pointer arithmetic allowed on c
 756              		.loc 1 432 17 is_stmt 1 view .LVU244
 757              	.LVL70:
 433:Middlewares/FreeRTOS/Source/queue.c **** 
 758              		.loc 1 433 17 view .LVU245
 440:Middlewares/FreeRTOS/Source/queue.c ****                     }
 759              		.loc 1 440 25 view .LVU246
 440:Middlewares/FreeRTOS/Source/queue.c ****                     }
 760              		.loc 1 440 59 is_stmt 0 view .LVU247
 761 0032 80F84680 		strb	r8, [r0, #70]
 444:Middlewares/FreeRTOS/Source/queue.c ****             }
 762              		.loc 1 444 17 is_stmt 1 view .LVU248
 763              	.LVL71:
 764              	.LBB47:
 765              	.LBI47:
 464:Middlewares/FreeRTOS/Source/queue.c ****                                    const UBaseType_t uxItemSize,
 766              		.loc 1 464 13 view .LVU249
 767              	.LBB48:
 472:Middlewares/FreeRTOS/Source/queue.c **** 
 768              		.loc 1 472 5 view .LVU250
 474:Middlewares/FreeRTOS/Source/queue.c ****     {
 769              		.loc 1 474 5 view .LVU251
 474:Middlewares/FreeRTOS/Source/queue.c ****     {
 770              		.loc 1 474 7 is_stmt 0 view .LVU252
 771 0036 5DB1     		cbz	r5, .L64
 772              	.LBE48:
 773              	.LBE47:
 433:Middlewares/FreeRTOS/Source/queue.c **** 
 774              		.loc 1 433 33 view .LVU253
 775 0038 00F15003 		add	r3, r0, #80
 776              	.LVL72:
 777              	.LBB51:
 778              	.LBB49:
 485:Middlewares/FreeRTOS/Source/queue.c ****     }
 779              		.loc 1 485 9 is_stmt 1 view .LVU254
 780              	.L63:
 492:Middlewares/FreeRTOS/Source/queue.c **** 
 781              		.loc 1 492 14 is_stmt 0 view .LVU255
 782 003c 0121     		movs	r1, #1
 783 003e 2046     		mov	r0, r4
 784              	.LVL73:
 491:Middlewares/FreeRTOS/Source/queue.c ****     ( void ) xQueueGenericReset( pxNewQueue, pdTRUE );
ARM GAS  C:\Users\airforce\AppData\Local\Temp\cc49S5gS.s 			page 61


 785              		.loc 1 491 28 view .LVU256
 786 0040 C4E90F65 		strd	r6, r5, [r4, #60]
 787 0044 2360     		str	r3, [r4]
 490:Middlewares/FreeRTOS/Source/queue.c ****     pxNewQueue->uxItemSize = uxItemSize;
 788              		.loc 1 490 5 is_stmt 1 view .LVU257
 492:Middlewares/FreeRTOS/Source/queue.c **** 
 789              		.loc 1 492 5 view .LVU258
 492:Middlewares/FreeRTOS/Source/queue.c **** 
 790              		.loc 1 492 14 is_stmt 0 view .LVU259
 791 0046 FFF7FEFF 		bl	xQueueGenericReset
 792              	.LVL74:
 496:Middlewares/FreeRTOS/Source/queue.c ****         }
 793              		.loc 1 496 13 is_stmt 1 view .LVU260
 496:Middlewares/FreeRTOS/Source/queue.c ****         }
 794              		.loc 1 496 37 is_stmt 0 view .LVU261
 795 004a 84F84C70 		strb	r7, [r4, #76]
 506:Middlewares/FreeRTOS/Source/queue.c **** }
 796              		.loc 1 506 36 is_stmt 1 view .LVU262
 797              	.LVL75:
 506:Middlewares/FreeRTOS/Source/queue.c **** }
 798              		.loc 1 506 36 is_stmt 0 view .LVU263
 799              	.LBE49:
 800              	.LBE51:
 454:Middlewares/FreeRTOS/Source/queue.c ****             mtCOVERAGE_TEST_MARKER();
 801              		.loc 1 454 39 is_stmt 1 view .LVU264
 455:Middlewares/FreeRTOS/Source/queue.c ****         }
 802              		.loc 1 455 37 view .LVU265
 458:Middlewares/FreeRTOS/Source/queue.c ****     }
 803              		.loc 1 458 9 view .LVU266
 458:Middlewares/FreeRTOS/Source/queue.c ****     }
 804              		.loc 1 458 16 is_stmt 0 view .LVU267
 805 004e DEE7     		b	.L57
 806              	.LVL76:
 807              	.L64:
 808              	.LBB52:
 809              	.LBB50:
 480:Middlewares/FreeRTOS/Source/queue.c ****     }
 810              		.loc 1 480 28 view .LVU268
 811 0050 0346     		mov	r3, r0
 812 0052 F3E7     		b	.L63
 813              	.LBE50:
 814              	.LBE52:
 815              		.cfi_endproc
 816              	.LFE72:
 818              		.section	.text.xQueueGenericSend,"ax",%progbits
 819              		.align	1
 820              		.global	xQueueGenericSend
 821              		.syntax unified
 822              		.thumb
 823              		.thumb_func
 825              	xQueueGenericSend:
 826              	.LVL77:
 827              	.LFB77:
 809:Middlewares/FreeRTOS/Source/queue.c ****     BaseType_t xEntryTimeSet = pdFALSE, xYieldRequired;
 828              		.loc 1 809 1 is_stmt 1 view -0
 829              		.cfi_startproc
 830              		@ args = 0, pretend = 0, frame = 16
ARM GAS  C:\Users\airforce\AppData\Local\Temp\cc49S5gS.s 			page 62


 831              		@ frame_needed = 0, uses_anonymous_args = 0
 810:Middlewares/FreeRTOS/Source/queue.c ****     TimeOut_t xTimeOut;
 832              		.loc 1 810 5 view .LVU270
 811:Middlewares/FreeRTOS/Source/queue.c ****     Queue_t * const pxQueue = xQueue;
 833              		.loc 1 811 5 view .LVU271
 812:Middlewares/FreeRTOS/Source/queue.c **** 
 834              		.loc 1 812 5 view .LVU272
 809:Middlewares/FreeRTOS/Source/queue.c ****     BaseType_t xEntryTimeSet = pdFALSE, xYieldRequired;
 835              		.loc 1 809 1 is_stmt 0 view .LVU273
 836 0000 2DE9FF41 		push	{r0, r1, r2, r3, r4, r5, r6, r7, r8, lr}
 837              	.LCFI12:
 838              		.cfi_def_cfa_offset 40
 839              		.cfi_offset 4, -24
 840              		.cfi_offset 5, -20
 841              		.cfi_offset 6, -16
 842              		.cfi_offset 7, -12
 843              		.cfi_offset 8, -8
 844              		.cfi_offset 14, -4
 810:Middlewares/FreeRTOS/Source/queue.c ****     TimeOut_t xTimeOut;
 845              		.loc 1 810 16 view .LVU274
 846 0004 0027     		movs	r7, #0
 809:Middlewares/FreeRTOS/Source/queue.c ****     BaseType_t xEntryTimeSet = pdFALSE, xYieldRequired;
 847              		.loc 1 809 1 view .LVU275
 848 0006 0446     		mov	r4, r0
 849              	.LVL78:
 809:Middlewares/FreeRTOS/Source/queue.c ****     BaseType_t xEntryTimeSet = pdFALSE, xYieldRequired;
 850              		.loc 1 809 1 view .LVU276
 851 0008 0E46     		mov	r6, r1
 852 000a 1D46     		mov	r5, r3
 970:Middlewares/FreeRTOS/Source/queue.c **** 
 853              		.loc 1 970 9 discriminator 1 view .LVU277
 854 000c B846     		mov	r8, r7
 809:Middlewares/FreeRTOS/Source/queue.c ****     BaseType_t xEntryTimeSet = pdFALSE, xYieldRequired;
 855              		.loc 1 809 1 view .LVU278
 856 000e 0192     		str	r2, [sp, #4]
 857              	.LVL79:
 858              	.L70:
 814:Middlewares/FreeRTOS/Source/queue.c ****     configASSERT( !( ( pvItemToQueue == NULL ) && ( pxQueue->uxItemSize != ( UBaseType_t ) 0U ) ) )
 859              		.loc 1 814 28 is_stmt 1 view .LVU279
 815:Middlewares/FreeRTOS/Source/queue.c ****     configASSERT( !( ( xCopyPosition == queueOVERWRITE ) && ( pxQueue->uxLength != 1 ) ) );
 860              		.loc 1 815 100 view .LVU280
 816:Middlewares/FreeRTOS/Source/queue.c ****     #if ( ( INCLUDE_xTaskGetSchedulerState == 1 ) || ( configUSE_TIMERS == 1 ) )
 861              		.loc 1 816 91 view .LVU281
 819:Middlewares/FreeRTOS/Source/queue.c ****         }
 862              		.loc 1 819 114 view .LVU282
 826:Middlewares/FreeRTOS/Source/queue.c ****     {
 863              		.loc 1 826 5 view .LVU283
 828:Middlewares/FreeRTOS/Source/queue.c ****         {
 864              		.loc 1 828 9 view .LVU284
 865 0010 FFF7FEFF 		bl	vPortEnterCritical
 866              	.LVL80:
 834:Middlewares/FreeRTOS/Source/queue.c ****             {
 867              		.loc 1 834 13 view .LVU285
 834:Middlewares/FreeRTOS/Source/queue.c ****             {
 868              		.loc 1 834 26 is_stmt 0 view .LVU286
 869 0014 A26B     		ldr	r2, [r4, #56]
 834:Middlewares/FreeRTOS/Source/queue.c ****             {
ARM GAS  C:\Users\airforce\AppData\Local\Temp\cc49S5gS.s 			page 63


 870              		.loc 1 834 15 view .LVU287
 871 0016 E36B     		ldr	r3, [r4, #60]
 872 0018 9A42     		cmp	r2, r3
 873 001a 1BD2     		bcs	.L71
 874              	.L74:
 836:Middlewares/FreeRTOS/Source/queue.c **** 
 875              		.loc 1 836 43 is_stmt 1 view .LVU288
 900:Middlewares/FreeRTOS/Source/queue.c **** 
 876              		.loc 1 900 25 view .LVU289
 900:Middlewares/FreeRTOS/Source/queue.c **** 
 877              		.loc 1 900 42 is_stmt 0 view .LVU290
 878 001c 2A46     		mov	r2, r5
 879 001e 3146     		mov	r1, r6
 880 0020 2046     		mov	r0, r4
 881 0022 FFF7FEFF 		bl	prvCopyDataToQueue
 882              	.LVL81:
 904:Middlewares/FreeRTOS/Source/queue.c ****                         {
 883              		.loc 1 904 25 is_stmt 1 view .LVU291
 904:Middlewares/FreeRTOS/Source/queue.c ****                         {
 884              		.loc 1 904 29 is_stmt 0 view .LVU292
 885 0026 636A     		ldr	r3, [r4, #36]
 904:Middlewares/FreeRTOS/Source/queue.c ****                         {
 886              		.loc 1 904 27 view .LVU293
 887 0028 1BB1     		cbz	r3, .L95
 906:Middlewares/FreeRTOS/Source/queue.c ****                             {
 888              		.loc 1 906 29 is_stmt 1 view .LVU294
 906:Middlewares/FreeRTOS/Source/queue.c ****                             {
 889              		.loc 1 906 33 is_stmt 0 view .LVU295
 890 002a 04F12400 		add	r0, r4, #36
 891              	.LVL82:
 906:Middlewares/FreeRTOS/Source/queue.c ****                             {
 892              		.loc 1 906 33 view .LVU296
 893 002e FFF7FEFF 		bl	xTaskRemoveFromEventList
 894              	.LVL83:
 895              	.L95:
 919:Middlewares/FreeRTOS/Source/queue.c ****                         {
 896              		.loc 1 919 30 is_stmt 1 view .LVU297
 919:Middlewares/FreeRTOS/Source/queue.c ****                         {
 897              		.loc 1 919 32 is_stmt 0 view .LVU298
 898 0032 48B1     		cbz	r0, .L77
 925:Middlewares/FreeRTOS/Source/queue.c ****                         }
 899              		.loc 1 925 29 is_stmt 1 view .LVU299
 900 0034 4FF0E023 		mov	r3, #-536813568
 901 0038 4FF08052 		mov	r2, #268435456
 902 003c C3F8042D 		str	r2, [r3, #3332]
 925:Middlewares/FreeRTOS/Source/queue.c ****                         }
 903              		.loc 1 925 29 view .LVU300
 904              		.syntax unified
 905              	@ 925 "Middlewares/FreeRTOS/Source/queue.c" 1
 906 0040 BFF34F8F 		dsb
 907              	@ 0 "" 2
 925:Middlewares/FreeRTOS/Source/queue.c ****                         }
 908              		.loc 1 925 29 view .LVU301
 909              	@ 925 "Middlewares/FreeRTOS/Source/queue.c" 1
 910 0044 BFF36F8F 		isb
 911              	@ 0 "" 2
 925:Middlewares/FreeRTOS/Source/queue.c ****                         }
ARM GAS  C:\Users\airforce\AppData\Local\Temp\cc49S5gS.s 			page 64


 912              		.loc 1 925 61 view .LVU302
 913              		.thumb
 914              		.syntax unified
 915              	.L77:
 929:Middlewares/FreeRTOS/Source/queue.c ****                         }
 916              		.loc 1 929 53 view .LVU303
 934:Middlewares/FreeRTOS/Source/queue.c ****                 return pdPASS;
 917              		.loc 1 934 17 view .LVU304
 918 0048 FFF7FEFF 		bl	vPortExitCritical
 919              	.LVL84:
 935:Middlewares/FreeRTOS/Source/queue.c ****             }
 920              		.loc 1 935 17 view .LVU305
 935:Middlewares/FreeRTOS/Source/queue.c ****             }
 921              		.loc 1 935 24 is_stmt 0 view .LVU306
 922 004c 0120     		movs	r0, #1
 923              	.LVL85:
 924              	.L69:
1014:Middlewares/FreeRTOS/Source/queue.c **** /*-----------------------------------------------------------*/
 925              		.loc 1 1014 1 view .LVU307
 926 004e 04B0     		add	sp, sp, #16
 927              	.LCFI13:
 928              		.cfi_remember_state
 929              		.cfi_def_cfa_offset 24
 930              		@ sp needed
 931 0050 BDE8F081 		pop	{r4, r5, r6, r7, r8, pc}
 932              	.LVL86:
 933              	.L71:
 934              	.LCFI14:
 935              		.cfi_restore_state
 834:Middlewares/FreeRTOS/Source/queue.c ****             {
 936              		.loc 1 834 68 discriminator 1 view .LVU308
 937 0054 022D     		cmp	r5, #2
 938 0056 E1D0     		beq	.L74
 939:Middlewares/FreeRTOS/Source/queue.c ****                 {
 939              		.loc 1 939 17 is_stmt 1 view .LVU309
 939:Middlewares/FreeRTOS/Source/queue.c ****                 {
 940              		.loc 1 939 19 is_stmt 0 view .LVU310
 941 0058 019B     		ldr	r3, [sp, #4]
 942 005a 1BB9     		cbnz	r3, .L80
 943:Middlewares/FreeRTOS/Source/queue.c **** 
 943              		.loc 1 943 21 is_stmt 1 view .LVU311
 944 005c FFF7FEFF 		bl	vPortExitCritical
 945              	.LVL87:
 947:Middlewares/FreeRTOS/Source/queue.c ****                     return errQUEUE_FULL;
 946              		.loc 1 947 54 view .LVU312
 948:Middlewares/FreeRTOS/Source/queue.c ****                 }
 947              		.loc 1 948 21 view .LVU313
 948              	.L81:
 948:Middlewares/FreeRTOS/Source/queue.c ****                 }
 949              		.loc 1 948 28 is_stmt 0 view .LVU314
 950 0060 0020     		movs	r0, #0
 951 0062 F4E7     		b	.L69
 952              	.LVL88:
 953              	.L80:
 950:Middlewares/FreeRTOS/Source/queue.c ****                 {
 954              		.loc 1 950 22 is_stmt 1 view .LVU315
 950:Middlewares/FreeRTOS/Source/queue.c ****                 {
ARM GAS  C:\Users\airforce\AppData\Local\Temp\cc49S5gS.s 			page 65


 955              		.loc 1 950 24 is_stmt 0 view .LVU316
 956 0064 17B9     		cbnz	r7, .L82
 954:Middlewares/FreeRTOS/Source/queue.c ****                     xEntryTimeSet = pdTRUE;
 957              		.loc 1 954 21 is_stmt 1 view .LVU317
 958 0066 02A8     		add	r0, sp, #8
 959 0068 FFF7FEFF 		bl	vTaskInternalSetTimeOutState
 960              	.LVL89:
 955:Middlewares/FreeRTOS/Source/queue.c ****                 }
 961              		.loc 1 955 21 view .LVU318
 962              	.L82:
 960:Middlewares/FreeRTOS/Source/queue.c ****                 }
 963              		.loc 1 960 45 view .LVU319
 964:Middlewares/FreeRTOS/Source/queue.c **** 
 964              		.loc 1 964 9 view .LVU320
 965 006c FFF7FEFF 		bl	vPortExitCritical
 966              	.LVL90:
 969:Middlewares/FreeRTOS/Source/queue.c ****         prvLockQueue( pxQueue );
 967              		.loc 1 969 9 view .LVU321
 968 0070 FFF7FEFF 		bl	vTaskSuspendAll
 969              	.LVL91:
 970:Middlewares/FreeRTOS/Source/queue.c **** 
 970              		.loc 1 970 9 view .LVU322
 971 0074 FFF7FEFF 		bl	vPortEnterCritical
 972              	.LVL92:
 970:Middlewares/FreeRTOS/Source/queue.c **** 
 973              		.loc 1 970 9 discriminator 1 view .LVU323
 974 0078 94F84430 		ldrb	r3, [r4, #68]	@ zero_extendqisi2
 975 007c FF2B     		cmp	r3, #255
 970:Middlewares/FreeRTOS/Source/queue.c **** 
 976              		.loc 1 970 9 discriminator 1 view .LVU324
 977 007e 08BF     		it	eq
 978 0080 84F84480 		strbeq	r8, [r4, #68]
 970:Middlewares/FreeRTOS/Source/queue.c **** 
 979              		.loc 1 970 9 discriminator 3 view .LVU325
 980 0084 94F84530 		ldrb	r3, [r4, #69]	@ zero_extendqisi2
 981 0088 FF2B     		cmp	r3, #255
 970:Middlewares/FreeRTOS/Source/queue.c **** 
 982              		.loc 1 970 9 discriminator 4 view .LVU326
 983 008a 08BF     		it	eq
 984 008c 84F84580 		strbeq	r8, [r4, #69]
 970:Middlewares/FreeRTOS/Source/queue.c **** 
 985              		.loc 1 970 9 discriminator 6 view .LVU327
 986 0090 FFF7FEFF 		bl	vPortExitCritical
 987              	.LVL93:
 973:Middlewares/FreeRTOS/Source/queue.c ****         {
 988              		.loc 1 973 9 view .LVU328
 973:Middlewares/FreeRTOS/Source/queue.c ****         {
 989              		.loc 1 973 13 is_stmt 0 view .LVU329
 990 0094 01A9     		add	r1, sp, #4
 991 0096 02A8     		add	r0, sp, #8
 992 0098 FFF7FEFF 		bl	xTaskCheckForTimeOut
 993              	.LVL94:
 973:Middlewares/FreeRTOS/Source/queue.c ****         {
 994              		.loc 1 973 11 discriminator 1 view .LVU330
 995 009c 38BB     		cbnz	r0, .L85
 975:Middlewares/FreeRTOS/Source/queue.c ****             {
 996              		.loc 1 975 13 is_stmt 1 view .LVU331
ARM GAS  C:\Users\airforce\AppData\Local\Temp\cc49S5gS.s 			page 66


 997              	.LVL95:
 998              	.LBB55:
 999              	.LBI55:
2403:Middlewares/FreeRTOS/Source/queue.c **** /*-----------------------------------------------------------*/
2404:Middlewares/FreeRTOS/Source/queue.c **** 
2405:Middlewares/FreeRTOS/Source/queue.c **** BaseType_t xQueueIsQueueEmptyFromISR( const QueueHandle_t xQueue )
2406:Middlewares/FreeRTOS/Source/queue.c **** {
2407:Middlewares/FreeRTOS/Source/queue.c ****     BaseType_t xReturn;
2408:Middlewares/FreeRTOS/Source/queue.c ****     Queue_t * const pxQueue = xQueue;
2409:Middlewares/FreeRTOS/Source/queue.c **** 
2410:Middlewares/FreeRTOS/Source/queue.c ****     configASSERT( pxQueue );
2411:Middlewares/FreeRTOS/Source/queue.c **** 
2412:Middlewares/FreeRTOS/Source/queue.c ****     if( pxQueue->uxMessagesWaiting == ( UBaseType_t ) 0 )
2413:Middlewares/FreeRTOS/Source/queue.c ****     {
2414:Middlewares/FreeRTOS/Source/queue.c ****         xReturn = pdTRUE;
2415:Middlewares/FreeRTOS/Source/queue.c ****     }
2416:Middlewares/FreeRTOS/Source/queue.c ****     else
2417:Middlewares/FreeRTOS/Source/queue.c ****     {
2418:Middlewares/FreeRTOS/Source/queue.c ****         xReturn = pdFALSE;
2419:Middlewares/FreeRTOS/Source/queue.c ****     }
2420:Middlewares/FreeRTOS/Source/queue.c **** 
2421:Middlewares/FreeRTOS/Source/queue.c ****     return xReturn;
2422:Middlewares/FreeRTOS/Source/queue.c **** } /*lint !e818 xQueue could not be pointer to const because it is a typedef. */
2423:Middlewares/FreeRTOS/Source/queue.c **** /*-----------------------------------------------------------*/
2424:Middlewares/FreeRTOS/Source/queue.c **** 
2425:Middlewares/FreeRTOS/Source/queue.c **** static BaseType_t prvIsQueueFull( const Queue_t * pxQueue )
 1000              		.loc 1 2425 19 view .LVU332
 1001              	.LBB56:
2426:Middlewares/FreeRTOS/Source/queue.c **** {
2427:Middlewares/FreeRTOS/Source/queue.c ****     BaseType_t xReturn;
 1002              		.loc 1 2427 5 view .LVU333
2428:Middlewares/FreeRTOS/Source/queue.c **** 
2429:Middlewares/FreeRTOS/Source/queue.c ****     taskENTER_CRITICAL();
 1003              		.loc 1 2429 5 view .LVU334
 1004 009e FFF7FEFF 		bl	vPortEnterCritical
 1005              	.LVL96:
2430:Middlewares/FreeRTOS/Source/queue.c ****     {
2431:Middlewares/FreeRTOS/Source/queue.c ****         if( pxQueue->uxMessagesWaiting == pxQueue->uxLength )
 1006              		.loc 1 2431 9 view .LVU335
 1007              		.loc 1 2431 20 is_stmt 0 view .LVU336
 1008 00a2 A26B     		ldr	r2, [r4, #56]
 1009              		.loc 1 2431 11 view .LVU337
 1010 00a4 E36B     		ldr	r3, [r4, #60]
 1011 00a6 9A42     		cmp	r2, r3
 1012 00a8 0ED1     		bne	.L86
 1013              	.LVL97:
2432:Middlewares/FreeRTOS/Source/queue.c ****         {
2433:Middlewares/FreeRTOS/Source/queue.c ****             xReturn = pdTRUE;
2434:Middlewares/FreeRTOS/Source/queue.c ****         }
2435:Middlewares/FreeRTOS/Source/queue.c ****         else
2436:Middlewares/FreeRTOS/Source/queue.c ****         {
2437:Middlewares/FreeRTOS/Source/queue.c ****             xReturn = pdFALSE;
2438:Middlewares/FreeRTOS/Source/queue.c ****         }
2439:Middlewares/FreeRTOS/Source/queue.c ****     }
2440:Middlewares/FreeRTOS/Source/queue.c ****     taskEXIT_CRITICAL();
 1014              		.loc 1 2440 5 is_stmt 1 view .LVU338
 1015 00aa FFF7FEFF 		bl	vPortExitCritical
ARM GAS  C:\Users\airforce\AppData\Local\Temp\cc49S5gS.s 			page 67


 1016              	.LVL98:
2441:Middlewares/FreeRTOS/Source/queue.c **** 
2442:Middlewares/FreeRTOS/Source/queue.c ****     return xReturn;
 1017              		.loc 1 2442 5 view .LVU339
 1018              		.loc 1 2442 5 is_stmt 0 view .LVU340
 1019              	.LBE56:
 1020              	.LBE55:
 977:Middlewares/FreeRTOS/Source/queue.c ****                 vTaskPlaceOnEventList( &( pxQueue->xTasksWaitingToSend ), xTicksToWait );
 1021              		.loc 1 977 55 is_stmt 1 view .LVU341
 978:Middlewares/FreeRTOS/Source/queue.c **** 
 1022              		.loc 1 978 17 view .LVU342
 1023 00ae 0199     		ldr	r1, [sp, #4]
 1024 00b0 04F11000 		add	r0, r4, #16
 1025 00b4 FFF7FEFF 		bl	vTaskPlaceOnEventList
 1026              	.LVL99:
 985:Middlewares/FreeRTOS/Source/queue.c **** 
 1027              		.loc 1 985 17 view .LVU343
 1028 00b8 2046     		mov	r0, r4
 1029 00ba FFF7FEFF 		bl	prvUnlockQueue
 1030              	.LVL100:
 992:Middlewares/FreeRTOS/Source/queue.c ****                 {
 1031              		.loc 1 992 17 view .LVU344
 992:Middlewares/FreeRTOS/Source/queue.c ****                 {
 1032              		.loc 1 992 21 is_stmt 0 view .LVU345
 1033 00be FFF7FEFF 		bl	xTaskResumeAll
 1034              	.LVL101:
 992:Middlewares/FreeRTOS/Source/queue.c ****                 {
 1035              		.loc 1 992 19 discriminator 1 view .LVU346
 1036 00c2 48B1     		cbz	r0, .L87
 1037              	.L88:
 809:Middlewares/FreeRTOS/Source/queue.c ****     BaseType_t xEntryTimeSet = pdFALSE, xYieldRequired;
 1038              		.loc 1 809 1 view .LVU347
 1039 00c4 0127     		movs	r7, #1
 1040 00c6 A3E7     		b	.L70
 1041              	.LVL102:
 1042              	.L86:
 1043              	.LBB58:
 1044              	.LBB57:
2437:Middlewares/FreeRTOS/Source/queue.c ****         }
 1045              		.loc 1 2437 13 is_stmt 1 view .LVU348
2440:Middlewares/FreeRTOS/Source/queue.c **** 
 1046              		.loc 1 2440 5 view .LVU349
 1047 00c8 FFF7FEFF 		bl	vPortExitCritical
 1048              	.LVL103:
 1049              		.loc 1 2442 5 view .LVU350
 1050              		.loc 1 2442 5 is_stmt 0 view .LVU351
 1051              	.LBE57:
 1052              	.LBE58:
1000:Middlewares/FreeRTOS/Source/queue.c ****                 ( void ) xTaskResumeAll();
 1053              		.loc 1 1000 17 is_stmt 1 view .LVU352
 1054 00cc 2046     		mov	r0, r4
 1055 00ce FFF7FEFF 		bl	prvUnlockQueue
 1056              	.LVL104:
1001:Middlewares/FreeRTOS/Source/queue.c ****             }
 1057              		.loc 1 1001 17 view .LVU353
1001:Middlewares/FreeRTOS/Source/queue.c ****             }
 1058              		.loc 1 1001 26 is_stmt 0 view .LVU354
ARM GAS  C:\Users\airforce\AppData\Local\Temp\cc49S5gS.s 			page 68


 1059 00d2 FFF7FEFF 		bl	xTaskResumeAll
 1060              	.LVL105:
 1061 00d6 F5E7     		b	.L88
 1062              	.L87:
 994:Middlewares/FreeRTOS/Source/queue.c ****                 }
 1063              		.loc 1 994 21 is_stmt 1 view .LVU355
 1064 00d8 4FF0E023 		mov	r3, #-536813568
 1065 00dc 4FF08052 		mov	r2, #268435456
 1066 00e0 C3F8042D 		str	r2, [r3, #3332]
 994:Middlewares/FreeRTOS/Source/queue.c ****                 }
 1067              		.loc 1 994 21 view .LVU356
 1068              		.syntax unified
 1069              	@ 994 "Middlewares/FreeRTOS/Source/queue.c" 1
 1070 00e4 BFF34F8F 		dsb
 1071              	@ 0 "" 2
 994:Middlewares/FreeRTOS/Source/queue.c ****                 }
 1072              		.loc 1 994 21 view .LVU357
 1073              	@ 994 "Middlewares/FreeRTOS/Source/queue.c" 1
 1074 00e8 BFF36F8F 		isb
 1075              	@ 0 "" 2
 1076              		.thumb
 1077              		.syntax unified
 1078 00ec EAE7     		b	.L88
 1079              	.L85:
1007:Middlewares/FreeRTOS/Source/queue.c ****             ( void ) xTaskResumeAll();
 1080              		.loc 1 1007 13 view .LVU358
 1081 00ee 2046     		mov	r0, r4
 1082 00f0 FFF7FEFF 		bl	prvUnlockQueue
 1083              	.LVL106:
1008:Middlewares/FreeRTOS/Source/queue.c **** 
 1084              		.loc 1 1008 13 view .LVU359
1008:Middlewares/FreeRTOS/Source/queue.c **** 
 1085              		.loc 1 1008 22 is_stmt 0 view .LVU360
 1086 00f4 FFF7FEFF 		bl	xTaskResumeAll
 1087              	.LVL107:
1010:Middlewares/FreeRTOS/Source/queue.c ****             return errQUEUE_FULL;
 1088              		.loc 1 1010 46 is_stmt 1 view .LVU361
1011:Middlewares/FreeRTOS/Source/queue.c ****         }
 1089              		.loc 1 1011 13 view .LVU362
1011:Middlewares/FreeRTOS/Source/queue.c ****         }
 1090              		.loc 1 1011 20 is_stmt 0 view .LVU363
 1091 00f8 B2E7     		b	.L81
 1092              		.cfi_endproc
 1093              	.LFE77:
 1095              		.section	.text.xQueueCreateMutexStatic,"ax",%progbits
 1096              		.align	1
 1097              		.global	xQueueCreateMutexStatic
 1098              		.syntax unified
 1099              		.thumb
 1100              		.thumb_func
 1102              	xQueueCreateMutexStatic:
 1103              	.LVL108:
 1104              	.LFB76:
 560:Middlewares/FreeRTOS/Source/queue.c ****         QueueHandle_t xNewQueue;
 1105              		.loc 1 560 5 is_stmt 1 view -0
 1106              		.cfi_startproc
 1107              		@ args = 0, pretend = 0, frame = 0
ARM GAS  C:\Users\airforce\AppData\Local\Temp\cc49S5gS.s 			page 69


 1108              		@ frame_needed = 0, uses_anonymous_args = 0
 561:Middlewares/FreeRTOS/Source/queue.c ****         const UBaseType_t uxMutexLength = ( UBaseType_t ) 1, uxMutexSize = ( UBaseType_t ) 0;
 1109              		.loc 1 561 9 view .LVU365
 562:Middlewares/FreeRTOS/Source/queue.c **** 
 1110              		.loc 1 562 9 view .LVU366
 566:Middlewares/FreeRTOS/Source/queue.c **** 
 1111              		.loc 1 566 9 view .LVU367
 568:Middlewares/FreeRTOS/Source/queue.c ****         prvInitialiseMutex( ( Queue_t * ) xNewQueue );
 1112              		.loc 1 568 9 view .LVU368
 568:Middlewares/FreeRTOS/Source/queue.c ****         prvInitialiseMutex( ( Queue_t * ) xNewQueue );
 1113              		.loc 1 568 21 is_stmt 0 view .LVU369
 1114 0000 0022     		movs	r2, #0
 560:Middlewares/FreeRTOS/Source/queue.c ****         QueueHandle_t xNewQueue;
 1115              		.loc 1 560 5 view .LVU370
 1116 0002 13B5     		push	{r0, r1, r4, lr}
 1117              	.LCFI15:
 1118              		.cfi_def_cfa_offset 16
 1119              		.cfi_offset 4, -8
 1120              		.cfi_offset 14, -4
 560:Middlewares/FreeRTOS/Source/queue.c ****         QueueHandle_t xNewQueue;
 1121              		.loc 1 560 5 view .LVU371
 1122 0004 0B46     		mov	r3, r1
 568:Middlewares/FreeRTOS/Source/queue.c ****         prvInitialiseMutex( ( Queue_t * ) xNewQueue );
 1123              		.loc 1 568 21 view .LVU372
 1124 0006 0090     		str	r0, [sp]
 1125 0008 1146     		mov	r1, r2
 1126              	.LVL109:
 568:Middlewares/FreeRTOS/Source/queue.c ****         prvInitialiseMutex( ( Queue_t * ) xNewQueue );
 1127              		.loc 1 568 21 view .LVU373
 1128 000a 0120     		movs	r0, #1
 1129              	.LVL110:
 568:Middlewares/FreeRTOS/Source/queue.c ****         prvInitialiseMutex( ( Queue_t * ) xNewQueue );
 1130              		.loc 1 568 21 view .LVU374
 1131 000c FFF7FEFF 		bl	xQueueGenericCreateStatic
 1132              	.LVL111:
 569:Middlewares/FreeRTOS/Source/queue.c **** 
 1133              		.loc 1 569 9 is_stmt 1 view .LVU375
 1134              	.LBB63:
 1135              	.LBI63:
 512:Middlewares/FreeRTOS/Source/queue.c ****     {
 1136              		.loc 1 512 17 view .LVU376
 1137              	.LBB64:
 514:Middlewares/FreeRTOS/Source/queue.c ****         {
 1138              		.loc 1 514 9 view .LVU377
 514:Middlewares/FreeRTOS/Source/queue.c ****         {
 1139              		.loc 1 514 11 is_stmt 0 view .LVU378
 1140 0010 0446     		mov	r4, r0
 1141 0012 38B1     		cbz	r0, .L99
 1142              	.LVL112:
 1143              	.LBB65:
 1144              	.LBI65:
 512:Middlewares/FreeRTOS/Source/queue.c ****     {
 1145              		.loc 1 512 17 is_stmt 1 view .LVU379
 1146              	.LBB66:
 520:Middlewares/FreeRTOS/Source/queue.c ****             pxNewQueue->uxQueueType = queueQUEUE_IS_MUTEX;
 1147              		.loc 1 520 13 view .LVU380
 520:Middlewares/FreeRTOS/Source/queue.c ****             pxNewQueue->uxQueueType = queueQUEUE_IS_MUTEX;
ARM GAS  C:\Users\airforce\AppData\Local\Temp\cc49S5gS.s 			page 70


 1148              		.loc 1 520 51 is_stmt 0 view .LVU381
 1149 0014 0023     		movs	r3, #0
 529:Middlewares/FreeRTOS/Source/queue.c ****         }
 1150              		.loc 1 529 22 view .LVU382
 1151 0016 1A46     		mov	r2, r3
 1152 0018 1946     		mov	r1, r3
 520:Middlewares/FreeRTOS/Source/queue.c ****             pxNewQueue->uxQueueType = queueQUEUE_IS_MUTEX;
 1153              		.loc 1 520 51 view .LVU383
 1154 001a 8360     		str	r3, [r0, #8]
 521:Middlewares/FreeRTOS/Source/queue.c **** 
 1155              		.loc 1 521 13 is_stmt 1 view .LVU384
 521:Middlewares/FreeRTOS/Source/queue.c **** 
 1156              		.loc 1 521 37 is_stmt 0 view .LVU385
 1157 001c 0360     		str	r3, [r0]
 524:Middlewares/FreeRTOS/Source/queue.c **** 
 1158              		.loc 1 524 13 is_stmt 1 view .LVU386
 524:Middlewares/FreeRTOS/Source/queue.c **** 
 1159              		.loc 1 524 59 is_stmt 0 view .LVU387
 1160 001e C360     		str	r3, [r0, #12]
 526:Middlewares/FreeRTOS/Source/queue.c **** 
 1161              		.loc 1 526 44 is_stmt 1 view .LVU388
 529:Middlewares/FreeRTOS/Source/queue.c ****         }
 1162              		.loc 1 529 13 view .LVU389
 529:Middlewares/FreeRTOS/Source/queue.c ****         }
 1163              		.loc 1 529 22 is_stmt 0 view .LVU390
 1164 0020 FFF7FEFF 		bl	xQueueGenericSend
 1165              	.LVL113:
 533:Middlewares/FreeRTOS/Source/queue.c ****         }
 1166              		.loc 1 533 39 is_stmt 1 view .LVU391
 533:Middlewares/FreeRTOS/Source/queue.c ****         }
 1167              		.loc 1 533 39 is_stmt 0 view .LVU392
 1168              	.LBE66:
 1169              	.LBE65:
 533:Middlewares/FreeRTOS/Source/queue.c ****         }
 1170              		.loc 1 533 39 is_stmt 1 view .LVU393
 533:Middlewares/FreeRTOS/Source/queue.c ****         }
 1171              		.loc 1 533 39 is_stmt 0 view .LVU394
 1172              	.LBE64:
 1173              	.LBE63:
 571:Middlewares/FreeRTOS/Source/queue.c ****     }
 1174              		.loc 1 571 9 is_stmt 1 view .LVU395
 1175              	.L99:
 572:Middlewares/FreeRTOS/Source/queue.c **** 
 1176              		.loc 1 572 5 is_stmt 0 view .LVU396
 1177 0024 2046     		mov	r0, r4
 1178 0026 02B0     		add	sp, sp, #8
 1179              	.LCFI16:
 1180              		.cfi_def_cfa_offset 8
 1181              		@ sp needed
 1182 0028 10BD     		pop	{r4, pc}
 572:Middlewares/FreeRTOS/Source/queue.c **** 
 1183              		.loc 1 572 5 view .LVU397
 1184              		.cfi_endproc
 1185              	.LFE76:
 1187              		.section	.text.xQueueCreateMutex,"ax",%progbits
 1188              		.align	1
 1189              		.global	xQueueCreateMutex
ARM GAS  C:\Users\airforce\AppData\Local\Temp\cc49S5gS.s 			page 71


 1190              		.syntax unified
 1191              		.thumb
 1192              		.thumb_func
 1194              	xQueueCreateMutex:
 1195              	.LVL114:
 1196              	.LFB75:
 543:Middlewares/FreeRTOS/Source/queue.c ****         QueueHandle_t xNewQueue;
 1197              		.loc 1 543 5 is_stmt 1 view -0
 1198              		.cfi_startproc
 1199              		@ args = 0, pretend = 0, frame = 0
 1200              		@ frame_needed = 0, uses_anonymous_args = 0
 544:Middlewares/FreeRTOS/Source/queue.c ****         const UBaseType_t uxMutexLength = ( UBaseType_t ) 1, uxMutexSize = ( UBaseType_t ) 0;
 1201              		.loc 1 544 9 view .LVU399
 545:Middlewares/FreeRTOS/Source/queue.c **** 
 1202              		.loc 1 545 9 view .LVU400
 547:Middlewares/FreeRTOS/Source/queue.c ****         prvInitialiseMutex( ( Queue_t * ) xNewQueue );
 1203              		.loc 1 547 9 view .LVU401
 543:Middlewares/FreeRTOS/Source/queue.c ****         QueueHandle_t xNewQueue;
 1204              		.loc 1 543 5 is_stmt 0 view .LVU402
 1205 0000 0246     		mov	r2, r0
 1206 0002 10B5     		push	{r4, lr}
 1207              	.LCFI17:
 1208              		.cfi_def_cfa_offset 8
 1209              		.cfi_offset 4, -8
 1210              		.cfi_offset 14, -4
 547:Middlewares/FreeRTOS/Source/queue.c ****         prvInitialiseMutex( ( Queue_t * ) xNewQueue );
 1211              		.loc 1 547 21 view .LVU403
 1212 0004 0021     		movs	r1, #0
 1213 0006 0120     		movs	r0, #1
 1214              	.LVL115:
 547:Middlewares/FreeRTOS/Source/queue.c ****         prvInitialiseMutex( ( Queue_t * ) xNewQueue );
 1215              		.loc 1 547 21 view .LVU404
 1216 0008 FFF7FEFF 		bl	xQueueGenericCreate
 1217              	.LVL116:
 548:Middlewares/FreeRTOS/Source/queue.c **** 
 1218              		.loc 1 548 9 is_stmt 1 view .LVU405
 1219              	.LBB71:
 1220              	.LBI71:
 512:Middlewares/FreeRTOS/Source/queue.c ****     {
 1221              		.loc 1 512 17 view .LVU406
 1222              	.LBB72:
 514:Middlewares/FreeRTOS/Source/queue.c ****         {
 1223              		.loc 1 514 9 view .LVU407
 514:Middlewares/FreeRTOS/Source/queue.c ****         {
 1224              		.loc 1 514 11 is_stmt 0 view .LVU408
 1225 000c 0446     		mov	r4, r0
 1226 000e 38B1     		cbz	r0, .L104
 1227              	.LVL117:
 1228              	.LBB73:
 1229              	.LBI73:
 512:Middlewares/FreeRTOS/Source/queue.c ****     {
 1230              		.loc 1 512 17 is_stmt 1 view .LVU409
 1231              	.LBB74:
 520:Middlewares/FreeRTOS/Source/queue.c ****             pxNewQueue->uxQueueType = queueQUEUE_IS_MUTEX;
 1232              		.loc 1 520 13 view .LVU410
 520:Middlewares/FreeRTOS/Source/queue.c ****             pxNewQueue->uxQueueType = queueQUEUE_IS_MUTEX;
 1233              		.loc 1 520 51 is_stmt 0 view .LVU411
ARM GAS  C:\Users\airforce\AppData\Local\Temp\cc49S5gS.s 			page 72


 1234 0010 0023     		movs	r3, #0
 529:Middlewares/FreeRTOS/Source/queue.c ****         }
 1235              		.loc 1 529 22 view .LVU412
 1236 0012 1A46     		mov	r2, r3
 1237 0014 1946     		mov	r1, r3
 520:Middlewares/FreeRTOS/Source/queue.c ****             pxNewQueue->uxQueueType = queueQUEUE_IS_MUTEX;
 1238              		.loc 1 520 51 view .LVU413
 1239 0016 8360     		str	r3, [r0, #8]
 521:Middlewares/FreeRTOS/Source/queue.c **** 
 1240              		.loc 1 521 13 is_stmt 1 view .LVU414
 521:Middlewares/FreeRTOS/Source/queue.c **** 
 1241              		.loc 1 521 37 is_stmt 0 view .LVU415
 1242 0018 0360     		str	r3, [r0]
 524:Middlewares/FreeRTOS/Source/queue.c **** 
 1243              		.loc 1 524 13 is_stmt 1 view .LVU416
 524:Middlewares/FreeRTOS/Source/queue.c **** 
 1244              		.loc 1 524 59 is_stmt 0 view .LVU417
 1245 001a C360     		str	r3, [r0, #12]
 526:Middlewares/FreeRTOS/Source/queue.c **** 
 1246              		.loc 1 526 44 is_stmt 1 view .LVU418
 529:Middlewares/FreeRTOS/Source/queue.c ****         }
 1247              		.loc 1 529 13 view .LVU419
 529:Middlewares/FreeRTOS/Source/queue.c ****         }
 1248              		.loc 1 529 22 is_stmt 0 view .LVU420
 1249 001c FFF7FEFF 		bl	xQueueGenericSend
 1250              	.LVL118:
 533:Middlewares/FreeRTOS/Source/queue.c ****         }
 1251              		.loc 1 533 39 is_stmt 1 view .LVU421
 533:Middlewares/FreeRTOS/Source/queue.c ****         }
 1252              		.loc 1 533 39 is_stmt 0 view .LVU422
 1253              	.LBE74:
 1254              	.LBE73:
 533:Middlewares/FreeRTOS/Source/queue.c ****         }
 1255              		.loc 1 533 39 is_stmt 1 view .LVU423
 533:Middlewares/FreeRTOS/Source/queue.c ****         }
 1256              		.loc 1 533 39 is_stmt 0 view .LVU424
 1257              	.LBE72:
 1258              	.LBE71:
 550:Middlewares/FreeRTOS/Source/queue.c ****     }
 1259              		.loc 1 550 9 is_stmt 1 view .LVU425
 1260              	.L104:
 551:Middlewares/FreeRTOS/Source/queue.c **** 
 1261              		.loc 1 551 5 is_stmt 0 view .LVU426
 1262 0020 2046     		mov	r0, r4
 1263 0022 10BD     		pop	{r4, pc}
 551:Middlewares/FreeRTOS/Source/queue.c **** 
 1264              		.loc 1 551 5 view .LVU427
 1265              		.cfi_endproc
 1266              	.LFE75:
 1268              		.section	.text.xQueueGenericSendFromISR,"ax",%progbits
 1269              		.align	1
 1270              		.global	xQueueGenericSendFromISR
 1271              		.syntax unified
 1272              		.thumb
 1273              		.thumb_func
 1275              	xQueueGenericSendFromISR:
 1276              	.LVL119:
ARM GAS  C:\Users\airforce\AppData\Local\Temp\cc49S5gS.s 			page 73


 1277              	.LFB78:
1021:Middlewares/FreeRTOS/Source/queue.c ****     BaseType_t xReturn;
 1278              		.loc 1 1021 1 is_stmt 1 view -0
 1279              		.cfi_startproc
 1280              		@ args = 0, pretend = 0, frame = 0
 1281              		@ frame_needed = 0, uses_anonymous_args = 0
1022:Middlewares/FreeRTOS/Source/queue.c ****     UBaseType_t uxSavedInterruptStatus;
 1282              		.loc 1 1022 5 view .LVU429
1023:Middlewares/FreeRTOS/Source/queue.c ****     Queue_t * const pxQueue = xQueue;
 1283              		.loc 1 1023 5 view .LVU430
1024:Middlewares/FreeRTOS/Source/queue.c **** 
 1284              		.loc 1 1024 5 view .LVU431
1026:Middlewares/FreeRTOS/Source/queue.c ****     configASSERT( !( ( pvItemToQueue == NULL ) && ( pxQueue->uxItemSize != ( UBaseType_t ) 0U ) ) )
 1285              		.loc 1 1026 28 view .LVU432
1027:Middlewares/FreeRTOS/Source/queue.c ****     configASSERT( !( ( xCopyPosition == queueOVERWRITE ) && ( pxQueue->uxLength != 1 ) ) );
 1286              		.loc 1 1027 100 view .LVU433
1028:Middlewares/FreeRTOS/Source/queue.c **** 
 1287              		.loc 1 1028 91 view .LVU434
1044:Middlewares/FreeRTOS/Source/queue.c **** 
 1288              		.loc 1 1044 47 view .LVU435
1051:Middlewares/FreeRTOS/Source/queue.c ****     {
 1289              		.loc 1 1051 5 view .LVU436
 1290              	.LBB75:
 1291              	.LBI75:
 1292              		.file 2 "Middlewares/FreeRTOS/Source/portable/GCC/ARM_CM3/portmacro.h"
   1:Middlewares/FreeRTOS/Source/portable/GCC/ARM_CM3/portmacro.h **** /*
   2:Middlewares/FreeRTOS/Source/portable/GCC/ARM_CM3/portmacro.h ****  * FreeRTOS Kernel V10.4.6
   3:Middlewares/FreeRTOS/Source/portable/GCC/ARM_CM3/portmacro.h ****  * Copyright (C) 2021 Amazon.com, Inc. or its affiliates.  All Rights Reserved.
   4:Middlewares/FreeRTOS/Source/portable/GCC/ARM_CM3/portmacro.h ****  *
   5:Middlewares/FreeRTOS/Source/portable/GCC/ARM_CM3/portmacro.h ****  * SPDX-License-Identifier: MIT
   6:Middlewares/FreeRTOS/Source/portable/GCC/ARM_CM3/portmacro.h ****  *
   7:Middlewares/FreeRTOS/Source/portable/GCC/ARM_CM3/portmacro.h ****  * Permission is hereby granted, free of charge, to any person obtaining a copy of
   8:Middlewares/FreeRTOS/Source/portable/GCC/ARM_CM3/portmacro.h ****  * this software and associated documentation files (the "Software"), to deal in
   9:Middlewares/FreeRTOS/Source/portable/GCC/ARM_CM3/portmacro.h ****  * the Software without restriction, including without limitation the rights to
  10:Middlewares/FreeRTOS/Source/portable/GCC/ARM_CM3/portmacro.h ****  * use, copy, modify, merge, publish, distribute, sublicense, and/or sell copies of
  11:Middlewares/FreeRTOS/Source/portable/GCC/ARM_CM3/portmacro.h ****  * the Software, and to permit persons to whom the Software is furnished to do so,
  12:Middlewares/FreeRTOS/Source/portable/GCC/ARM_CM3/portmacro.h ****  * subject to the following conditions:
  13:Middlewares/FreeRTOS/Source/portable/GCC/ARM_CM3/portmacro.h ****  *
  14:Middlewares/FreeRTOS/Source/portable/GCC/ARM_CM3/portmacro.h ****  * The above copyright notice and this permission notice shall be included in all
  15:Middlewares/FreeRTOS/Source/portable/GCC/ARM_CM3/portmacro.h ****  * copies or substantial portions of the Software.
  16:Middlewares/FreeRTOS/Source/portable/GCC/ARM_CM3/portmacro.h ****  *
  17:Middlewares/FreeRTOS/Source/portable/GCC/ARM_CM3/portmacro.h ****  * THE SOFTWARE IS PROVIDED "AS IS", WITHOUT WARRANTY OF ANY KIND, EXPRESS OR
  18:Middlewares/FreeRTOS/Source/portable/GCC/ARM_CM3/portmacro.h ****  * IMPLIED, INCLUDING BUT NOT LIMITED TO THE WARRANTIES OF MERCHANTABILITY, FITNESS
  19:Middlewares/FreeRTOS/Source/portable/GCC/ARM_CM3/portmacro.h ****  * FOR A PARTICULAR PURPOSE AND NONINFRINGEMENT. IN NO EVENT SHALL THE AUTHORS OR
  20:Middlewares/FreeRTOS/Source/portable/GCC/ARM_CM3/portmacro.h ****  * COPYRIGHT HOLDERS BE LIABLE FOR ANY CLAIM, DAMAGES OR OTHER LIABILITY, WHETHER
  21:Middlewares/FreeRTOS/Source/portable/GCC/ARM_CM3/portmacro.h ****  * IN AN ACTION OF CONTRACT, TORT OR OTHERWISE, ARISING FROM, OUT OF OR IN
  22:Middlewares/FreeRTOS/Source/portable/GCC/ARM_CM3/portmacro.h ****  * CONNECTION WITH THE SOFTWARE OR THE USE OR OTHER DEALINGS IN THE SOFTWARE.
  23:Middlewares/FreeRTOS/Source/portable/GCC/ARM_CM3/portmacro.h ****  *
  24:Middlewares/FreeRTOS/Source/portable/GCC/ARM_CM3/portmacro.h ****  * https://www.FreeRTOS.org
  25:Middlewares/FreeRTOS/Source/portable/GCC/ARM_CM3/portmacro.h ****  * https://github.com/FreeRTOS
  26:Middlewares/FreeRTOS/Source/portable/GCC/ARM_CM3/portmacro.h ****  *
  27:Middlewares/FreeRTOS/Source/portable/GCC/ARM_CM3/portmacro.h ****  */
  28:Middlewares/FreeRTOS/Source/portable/GCC/ARM_CM3/portmacro.h **** 
  29:Middlewares/FreeRTOS/Source/portable/GCC/ARM_CM3/portmacro.h **** 
  30:Middlewares/FreeRTOS/Source/portable/GCC/ARM_CM3/portmacro.h **** #ifndef PORTMACRO_H
  31:Middlewares/FreeRTOS/Source/portable/GCC/ARM_CM3/portmacro.h ****     #define PORTMACRO_H
  32:Middlewares/FreeRTOS/Source/portable/GCC/ARM_CM3/portmacro.h **** 
ARM GAS  C:\Users\airforce\AppData\Local\Temp\cc49S5gS.s 			page 74


  33:Middlewares/FreeRTOS/Source/portable/GCC/ARM_CM3/portmacro.h ****     #ifdef __cplusplus
  34:Middlewares/FreeRTOS/Source/portable/GCC/ARM_CM3/portmacro.h ****         extern "C" {
  35:Middlewares/FreeRTOS/Source/portable/GCC/ARM_CM3/portmacro.h ****     #endif
  36:Middlewares/FreeRTOS/Source/portable/GCC/ARM_CM3/portmacro.h **** 
  37:Middlewares/FreeRTOS/Source/portable/GCC/ARM_CM3/portmacro.h **** /*-----------------------------------------------------------
  38:Middlewares/FreeRTOS/Source/portable/GCC/ARM_CM3/portmacro.h ****  * Port specific definitions.
  39:Middlewares/FreeRTOS/Source/portable/GCC/ARM_CM3/portmacro.h ****  *
  40:Middlewares/FreeRTOS/Source/portable/GCC/ARM_CM3/portmacro.h ****  * The settings in this file configure FreeRTOS correctly for the
  41:Middlewares/FreeRTOS/Source/portable/GCC/ARM_CM3/portmacro.h ****  * given hardware and compiler.
  42:Middlewares/FreeRTOS/Source/portable/GCC/ARM_CM3/portmacro.h ****  *
  43:Middlewares/FreeRTOS/Source/portable/GCC/ARM_CM3/portmacro.h ****  * These settings should not be altered.
  44:Middlewares/FreeRTOS/Source/portable/GCC/ARM_CM3/portmacro.h ****  *-----------------------------------------------------------
  45:Middlewares/FreeRTOS/Source/portable/GCC/ARM_CM3/portmacro.h ****  */
  46:Middlewares/FreeRTOS/Source/portable/GCC/ARM_CM3/portmacro.h **** 
  47:Middlewares/FreeRTOS/Source/portable/GCC/ARM_CM3/portmacro.h **** /* Type definitions. */
  48:Middlewares/FreeRTOS/Source/portable/GCC/ARM_CM3/portmacro.h ****     #define portCHAR          char
  49:Middlewares/FreeRTOS/Source/portable/GCC/ARM_CM3/portmacro.h ****     #define portFLOAT         float
  50:Middlewares/FreeRTOS/Source/portable/GCC/ARM_CM3/portmacro.h ****     #define portDOUBLE        double
  51:Middlewares/FreeRTOS/Source/portable/GCC/ARM_CM3/portmacro.h ****     #define portLONG          long
  52:Middlewares/FreeRTOS/Source/portable/GCC/ARM_CM3/portmacro.h ****     #define portSHORT         short
  53:Middlewares/FreeRTOS/Source/portable/GCC/ARM_CM3/portmacro.h ****     #define portSTACK_TYPE    uint32_t
  54:Middlewares/FreeRTOS/Source/portable/GCC/ARM_CM3/portmacro.h ****     #define portBASE_TYPE     long
  55:Middlewares/FreeRTOS/Source/portable/GCC/ARM_CM3/portmacro.h **** 
  56:Middlewares/FreeRTOS/Source/portable/GCC/ARM_CM3/portmacro.h ****     typedef portSTACK_TYPE   StackType_t;
  57:Middlewares/FreeRTOS/Source/portable/GCC/ARM_CM3/portmacro.h ****     typedef long             BaseType_t;
  58:Middlewares/FreeRTOS/Source/portable/GCC/ARM_CM3/portmacro.h ****     typedef unsigned long    UBaseType_t;
  59:Middlewares/FreeRTOS/Source/portable/GCC/ARM_CM3/portmacro.h **** 
  60:Middlewares/FreeRTOS/Source/portable/GCC/ARM_CM3/portmacro.h ****     #if ( configUSE_16_BIT_TICKS == 1 )
  61:Middlewares/FreeRTOS/Source/portable/GCC/ARM_CM3/portmacro.h ****         typedef uint16_t     TickType_t;
  62:Middlewares/FreeRTOS/Source/portable/GCC/ARM_CM3/portmacro.h ****         #define portMAX_DELAY              ( TickType_t ) 0xffff
  63:Middlewares/FreeRTOS/Source/portable/GCC/ARM_CM3/portmacro.h ****     #else
  64:Middlewares/FreeRTOS/Source/portable/GCC/ARM_CM3/portmacro.h ****         typedef uint32_t     TickType_t;
  65:Middlewares/FreeRTOS/Source/portable/GCC/ARM_CM3/portmacro.h ****         #define portMAX_DELAY              ( TickType_t ) 0xffffffffUL
  66:Middlewares/FreeRTOS/Source/portable/GCC/ARM_CM3/portmacro.h **** 
  67:Middlewares/FreeRTOS/Source/portable/GCC/ARM_CM3/portmacro.h **** /* 32-bit tick type on a 32-bit architecture, so reads of the tick count do
  68:Middlewares/FreeRTOS/Source/portable/GCC/ARM_CM3/portmacro.h ****  * not need to be guarded with a critical section. */
  69:Middlewares/FreeRTOS/Source/portable/GCC/ARM_CM3/portmacro.h ****         #define portTICK_TYPE_IS_ATOMIC    1
  70:Middlewares/FreeRTOS/Source/portable/GCC/ARM_CM3/portmacro.h ****     #endif
  71:Middlewares/FreeRTOS/Source/portable/GCC/ARM_CM3/portmacro.h **** /*-----------------------------------------------------------*/
  72:Middlewares/FreeRTOS/Source/portable/GCC/ARM_CM3/portmacro.h **** 
  73:Middlewares/FreeRTOS/Source/portable/GCC/ARM_CM3/portmacro.h **** /* Architecture specifics. */
  74:Middlewares/FreeRTOS/Source/portable/GCC/ARM_CM3/portmacro.h ****     #define portSTACK_GROWTH      ( -1 )
  75:Middlewares/FreeRTOS/Source/portable/GCC/ARM_CM3/portmacro.h ****     #define portTICK_PERIOD_MS    ( ( TickType_t ) 1000 / configTICK_RATE_HZ )
  76:Middlewares/FreeRTOS/Source/portable/GCC/ARM_CM3/portmacro.h ****     #define portBYTE_ALIGNMENT    8
  77:Middlewares/FreeRTOS/Source/portable/GCC/ARM_CM3/portmacro.h ****     #define portDONT_DISCARD      __attribute__( ( used ) )
  78:Middlewares/FreeRTOS/Source/portable/GCC/ARM_CM3/portmacro.h **** /*-----------------------------------------------------------*/
  79:Middlewares/FreeRTOS/Source/portable/GCC/ARM_CM3/portmacro.h **** 
  80:Middlewares/FreeRTOS/Source/portable/GCC/ARM_CM3/portmacro.h **** /* Scheduler utilities. */
  81:Middlewares/FreeRTOS/Source/portable/GCC/ARM_CM3/portmacro.h ****     #define portYIELD()                                 \
  82:Middlewares/FreeRTOS/Source/portable/GCC/ARM_CM3/portmacro.h ****     {                                                   \
  83:Middlewares/FreeRTOS/Source/portable/GCC/ARM_CM3/portmacro.h ****         /* Set a PendSV to request a context switch. */ \
  84:Middlewares/FreeRTOS/Source/portable/GCC/ARM_CM3/portmacro.h ****         portNVIC_INT_CTRL_REG = portNVIC_PENDSVSET_BIT; \
  85:Middlewares/FreeRTOS/Source/portable/GCC/ARM_CM3/portmacro.h ****                                                         \
  86:Middlewares/FreeRTOS/Source/portable/GCC/ARM_CM3/portmacro.h ****         /* Barriers are normally not required but do ensure the code is completely \
  87:Middlewares/FreeRTOS/Source/portable/GCC/ARM_CM3/portmacro.h ****          * within the specified behaviour for the architecture. */ \
  88:Middlewares/FreeRTOS/Source/portable/GCC/ARM_CM3/portmacro.h ****         __asm volatile ( "dsb" ::: "memory" );                     \
  89:Middlewares/FreeRTOS/Source/portable/GCC/ARM_CM3/portmacro.h ****         __asm volatile ( "isb" );                                  \
ARM GAS  C:\Users\airforce\AppData\Local\Temp\cc49S5gS.s 			page 75


  90:Middlewares/FreeRTOS/Source/portable/GCC/ARM_CM3/portmacro.h ****     }
  91:Middlewares/FreeRTOS/Source/portable/GCC/ARM_CM3/portmacro.h **** 
  92:Middlewares/FreeRTOS/Source/portable/GCC/ARM_CM3/portmacro.h ****     #define portNVIC_INT_CTRL_REG     ( *( ( volatile uint32_t * ) 0xe000ed04 ) )
  93:Middlewares/FreeRTOS/Source/portable/GCC/ARM_CM3/portmacro.h ****     #define portNVIC_PENDSVSET_BIT    ( 1UL << 28UL )
  94:Middlewares/FreeRTOS/Source/portable/GCC/ARM_CM3/portmacro.h ****     #define portEND_SWITCHING_ISR( xSwitchRequired )    do { if( xSwitchRequired != pdFALSE ) portY
  95:Middlewares/FreeRTOS/Source/portable/GCC/ARM_CM3/portmacro.h ****     #define portYIELD_FROM_ISR( x )                     portEND_SWITCHING_ISR( x )
  96:Middlewares/FreeRTOS/Source/portable/GCC/ARM_CM3/portmacro.h **** /*-----------------------------------------------------------*/
  97:Middlewares/FreeRTOS/Source/portable/GCC/ARM_CM3/portmacro.h **** 
  98:Middlewares/FreeRTOS/Source/portable/GCC/ARM_CM3/portmacro.h **** /* Critical section management. */
  99:Middlewares/FreeRTOS/Source/portable/GCC/ARM_CM3/portmacro.h ****     extern void vPortEnterCritical( void );
 100:Middlewares/FreeRTOS/Source/portable/GCC/ARM_CM3/portmacro.h ****     extern void vPortExitCritical( void );
 101:Middlewares/FreeRTOS/Source/portable/GCC/ARM_CM3/portmacro.h ****     #define portSET_INTERRUPT_MASK_FROM_ISR()         ulPortRaiseBASEPRI()
 102:Middlewares/FreeRTOS/Source/portable/GCC/ARM_CM3/portmacro.h ****     #define portCLEAR_INTERRUPT_MASK_FROM_ISR( x )    vPortSetBASEPRI( x )
 103:Middlewares/FreeRTOS/Source/portable/GCC/ARM_CM3/portmacro.h ****     #define portDISABLE_INTERRUPTS()                  vPortRaiseBASEPRI()
 104:Middlewares/FreeRTOS/Source/portable/GCC/ARM_CM3/portmacro.h ****     #define portENABLE_INTERRUPTS()                   vPortSetBASEPRI( 0 )
 105:Middlewares/FreeRTOS/Source/portable/GCC/ARM_CM3/portmacro.h ****     #define portENTER_CRITICAL()                      vPortEnterCritical()
 106:Middlewares/FreeRTOS/Source/portable/GCC/ARM_CM3/portmacro.h ****     #define portEXIT_CRITICAL()                       vPortExitCritical()
 107:Middlewares/FreeRTOS/Source/portable/GCC/ARM_CM3/portmacro.h **** 
 108:Middlewares/FreeRTOS/Source/portable/GCC/ARM_CM3/portmacro.h **** /*-----------------------------------------------------------*/
 109:Middlewares/FreeRTOS/Source/portable/GCC/ARM_CM3/portmacro.h **** 
 110:Middlewares/FreeRTOS/Source/portable/GCC/ARM_CM3/portmacro.h **** /* Task function macros as described on the FreeRTOS.org WEB site.  These are
 111:Middlewares/FreeRTOS/Source/portable/GCC/ARM_CM3/portmacro.h ****  * not necessary for to use this port.  They are defined so the common demo files
 112:Middlewares/FreeRTOS/Source/portable/GCC/ARM_CM3/portmacro.h ****  * (which build with all the ports) will build. */
 113:Middlewares/FreeRTOS/Source/portable/GCC/ARM_CM3/portmacro.h ****     #define portTASK_FUNCTION_PROTO( vFunction, pvParameters )    void vFunction( void * pvParamete
 114:Middlewares/FreeRTOS/Source/portable/GCC/ARM_CM3/portmacro.h ****     #define portTASK_FUNCTION( vFunction, pvParameters )          void vFunction( void * pvParamete
 115:Middlewares/FreeRTOS/Source/portable/GCC/ARM_CM3/portmacro.h **** /*-----------------------------------------------------------*/
 116:Middlewares/FreeRTOS/Source/portable/GCC/ARM_CM3/portmacro.h **** 
 117:Middlewares/FreeRTOS/Source/portable/GCC/ARM_CM3/portmacro.h **** /* Tickless idle/low power functionality. */
 118:Middlewares/FreeRTOS/Source/portable/GCC/ARM_CM3/portmacro.h ****     #ifndef portSUPPRESS_TICKS_AND_SLEEP
 119:Middlewares/FreeRTOS/Source/portable/GCC/ARM_CM3/portmacro.h ****         extern void vPortSuppressTicksAndSleep( TickType_t xExpectedIdleTime );
 120:Middlewares/FreeRTOS/Source/portable/GCC/ARM_CM3/portmacro.h ****         #define portSUPPRESS_TICKS_AND_SLEEP( xExpectedIdleTime )    vPortSuppressTicksAndSleep( xE
 121:Middlewares/FreeRTOS/Source/portable/GCC/ARM_CM3/portmacro.h ****     #endif
 122:Middlewares/FreeRTOS/Source/portable/GCC/ARM_CM3/portmacro.h **** /*-----------------------------------------------------------*/
 123:Middlewares/FreeRTOS/Source/portable/GCC/ARM_CM3/portmacro.h **** 
 124:Middlewares/FreeRTOS/Source/portable/GCC/ARM_CM3/portmacro.h **** /* Architecture specific optimisations. */
 125:Middlewares/FreeRTOS/Source/portable/GCC/ARM_CM3/portmacro.h ****     #ifndef configUSE_PORT_OPTIMISED_TASK_SELECTION
 126:Middlewares/FreeRTOS/Source/portable/GCC/ARM_CM3/portmacro.h ****         #define configUSE_PORT_OPTIMISED_TASK_SELECTION    1
 127:Middlewares/FreeRTOS/Source/portable/GCC/ARM_CM3/portmacro.h ****     #endif
 128:Middlewares/FreeRTOS/Source/portable/GCC/ARM_CM3/portmacro.h **** 
 129:Middlewares/FreeRTOS/Source/portable/GCC/ARM_CM3/portmacro.h ****     #if configUSE_PORT_OPTIMISED_TASK_SELECTION == 1
 130:Middlewares/FreeRTOS/Source/portable/GCC/ARM_CM3/portmacro.h **** 
 131:Middlewares/FreeRTOS/Source/portable/GCC/ARM_CM3/portmacro.h **** /* Generic helper function. */
 132:Middlewares/FreeRTOS/Source/portable/GCC/ARM_CM3/portmacro.h ****         __attribute__( ( always_inline ) ) static inline uint8_t ucPortCountLeadingZeros( uint32_t 
 133:Middlewares/FreeRTOS/Source/portable/GCC/ARM_CM3/portmacro.h ****         {
 134:Middlewares/FreeRTOS/Source/portable/GCC/ARM_CM3/portmacro.h ****             uint8_t ucReturn;
 135:Middlewares/FreeRTOS/Source/portable/GCC/ARM_CM3/portmacro.h **** 
 136:Middlewares/FreeRTOS/Source/portable/GCC/ARM_CM3/portmacro.h ****             __asm volatile ( "clz %0, %1" : "=r" ( ucReturn ) : "r" ( ulBitmap ) : "memory" );
 137:Middlewares/FreeRTOS/Source/portable/GCC/ARM_CM3/portmacro.h **** 
 138:Middlewares/FreeRTOS/Source/portable/GCC/ARM_CM3/portmacro.h ****             return ucReturn;
 139:Middlewares/FreeRTOS/Source/portable/GCC/ARM_CM3/portmacro.h ****         }
 140:Middlewares/FreeRTOS/Source/portable/GCC/ARM_CM3/portmacro.h **** 
 141:Middlewares/FreeRTOS/Source/portable/GCC/ARM_CM3/portmacro.h **** /* Check the configuration. */
 142:Middlewares/FreeRTOS/Source/portable/GCC/ARM_CM3/portmacro.h ****         #if ( configMAX_PRIORITIES > 32 )
 143:Middlewares/FreeRTOS/Source/portable/GCC/ARM_CM3/portmacro.h ****             #error configUSE_PORT_OPTIMISED_TASK_SELECTION can only be set to 1 when configMAX_PRIO
 144:Middlewares/FreeRTOS/Source/portable/GCC/ARM_CM3/portmacro.h ****         #endif
 145:Middlewares/FreeRTOS/Source/portable/GCC/ARM_CM3/portmacro.h **** 
 146:Middlewares/FreeRTOS/Source/portable/GCC/ARM_CM3/portmacro.h **** /* Store/clear the ready priorities in a bit map. */
ARM GAS  C:\Users\airforce\AppData\Local\Temp\cc49S5gS.s 			page 76


 147:Middlewares/FreeRTOS/Source/portable/GCC/ARM_CM3/portmacro.h ****         #define portRECORD_READY_PRIORITY( uxPriority, uxReadyPriorities )    ( uxReadyPriorities )
 148:Middlewares/FreeRTOS/Source/portable/GCC/ARM_CM3/portmacro.h ****         #define portRESET_READY_PRIORITY( uxPriority, uxReadyPriorities )     ( uxReadyPriorities )
 149:Middlewares/FreeRTOS/Source/portable/GCC/ARM_CM3/portmacro.h **** 
 150:Middlewares/FreeRTOS/Source/portable/GCC/ARM_CM3/portmacro.h **** /*-----------------------------------------------------------*/
 151:Middlewares/FreeRTOS/Source/portable/GCC/ARM_CM3/portmacro.h **** 
 152:Middlewares/FreeRTOS/Source/portable/GCC/ARM_CM3/portmacro.h ****         #define portGET_HIGHEST_PRIORITY( uxTopPriority, uxReadyPriorities )    uxTopPriority = ( 3
 153:Middlewares/FreeRTOS/Source/portable/GCC/ARM_CM3/portmacro.h **** 
 154:Middlewares/FreeRTOS/Source/portable/GCC/ARM_CM3/portmacro.h ****     #endif /* configUSE_PORT_OPTIMISED_TASK_SELECTION */
 155:Middlewares/FreeRTOS/Source/portable/GCC/ARM_CM3/portmacro.h **** 
 156:Middlewares/FreeRTOS/Source/portable/GCC/ARM_CM3/portmacro.h **** /*-----------------------------------------------------------*/
 157:Middlewares/FreeRTOS/Source/portable/GCC/ARM_CM3/portmacro.h **** 
 158:Middlewares/FreeRTOS/Source/portable/GCC/ARM_CM3/portmacro.h ****     #ifdef configASSERT
 159:Middlewares/FreeRTOS/Source/portable/GCC/ARM_CM3/portmacro.h ****         void vPortValidateInterruptPriority( void );
 160:Middlewares/FreeRTOS/Source/portable/GCC/ARM_CM3/portmacro.h ****         #define portASSERT_IF_INTERRUPT_PRIORITY_INVALID()    vPortValidateInterruptPriority()
 161:Middlewares/FreeRTOS/Source/portable/GCC/ARM_CM3/portmacro.h ****     #endif
 162:Middlewares/FreeRTOS/Source/portable/GCC/ARM_CM3/portmacro.h **** 
 163:Middlewares/FreeRTOS/Source/portable/GCC/ARM_CM3/portmacro.h **** /* portNOP() is not required by this port. */
 164:Middlewares/FreeRTOS/Source/portable/GCC/ARM_CM3/portmacro.h ****     #define portNOP()
 165:Middlewares/FreeRTOS/Source/portable/GCC/ARM_CM3/portmacro.h **** 
 166:Middlewares/FreeRTOS/Source/portable/GCC/ARM_CM3/portmacro.h ****     #define portINLINE              __inline
 167:Middlewares/FreeRTOS/Source/portable/GCC/ARM_CM3/portmacro.h **** 
 168:Middlewares/FreeRTOS/Source/portable/GCC/ARM_CM3/portmacro.h ****     #ifndef portFORCE_INLINE
 169:Middlewares/FreeRTOS/Source/portable/GCC/ARM_CM3/portmacro.h ****         #define portFORCE_INLINE    inline __attribute__( ( always_inline ) )
 170:Middlewares/FreeRTOS/Source/portable/GCC/ARM_CM3/portmacro.h ****     #endif
 171:Middlewares/FreeRTOS/Source/portable/GCC/ARM_CM3/portmacro.h **** 
 172:Middlewares/FreeRTOS/Source/portable/GCC/ARM_CM3/portmacro.h **** /*-----------------------------------------------------------*/
 173:Middlewares/FreeRTOS/Source/portable/GCC/ARM_CM3/portmacro.h **** 
 174:Middlewares/FreeRTOS/Source/portable/GCC/ARM_CM3/portmacro.h ****     portFORCE_INLINE static BaseType_t xPortIsInsideInterrupt( void )
 175:Middlewares/FreeRTOS/Source/portable/GCC/ARM_CM3/portmacro.h ****     {
 176:Middlewares/FreeRTOS/Source/portable/GCC/ARM_CM3/portmacro.h ****         uint32_t ulCurrentInterrupt;
 177:Middlewares/FreeRTOS/Source/portable/GCC/ARM_CM3/portmacro.h ****         BaseType_t xReturn;
 178:Middlewares/FreeRTOS/Source/portable/GCC/ARM_CM3/portmacro.h **** 
 179:Middlewares/FreeRTOS/Source/portable/GCC/ARM_CM3/portmacro.h ****         /* Obtain the number of the currently executing interrupt. */
 180:Middlewares/FreeRTOS/Source/portable/GCC/ARM_CM3/portmacro.h ****         __asm volatile ( "mrs %0, ipsr" : "=r" ( ulCurrentInterrupt )::"memory" );
 181:Middlewares/FreeRTOS/Source/portable/GCC/ARM_CM3/portmacro.h **** 
 182:Middlewares/FreeRTOS/Source/portable/GCC/ARM_CM3/portmacro.h ****         if( ulCurrentInterrupt == 0 )
 183:Middlewares/FreeRTOS/Source/portable/GCC/ARM_CM3/portmacro.h ****         {
 184:Middlewares/FreeRTOS/Source/portable/GCC/ARM_CM3/portmacro.h ****             xReturn = pdFALSE;
 185:Middlewares/FreeRTOS/Source/portable/GCC/ARM_CM3/portmacro.h ****         }
 186:Middlewares/FreeRTOS/Source/portable/GCC/ARM_CM3/portmacro.h ****         else
 187:Middlewares/FreeRTOS/Source/portable/GCC/ARM_CM3/portmacro.h ****         {
 188:Middlewares/FreeRTOS/Source/portable/GCC/ARM_CM3/portmacro.h ****             xReturn = pdTRUE;
 189:Middlewares/FreeRTOS/Source/portable/GCC/ARM_CM3/portmacro.h ****         }
 190:Middlewares/FreeRTOS/Source/portable/GCC/ARM_CM3/portmacro.h **** 
 191:Middlewares/FreeRTOS/Source/portable/GCC/ARM_CM3/portmacro.h ****         return xReturn;
 192:Middlewares/FreeRTOS/Source/portable/GCC/ARM_CM3/portmacro.h ****     }
 193:Middlewares/FreeRTOS/Source/portable/GCC/ARM_CM3/portmacro.h **** 
 194:Middlewares/FreeRTOS/Source/portable/GCC/ARM_CM3/portmacro.h **** /*-----------------------------------------------------------*/
 195:Middlewares/FreeRTOS/Source/portable/GCC/ARM_CM3/portmacro.h **** 
 196:Middlewares/FreeRTOS/Source/portable/GCC/ARM_CM3/portmacro.h ****     portFORCE_INLINE static void vPortRaiseBASEPRI( void )
 197:Middlewares/FreeRTOS/Source/portable/GCC/ARM_CM3/portmacro.h ****     {
 198:Middlewares/FreeRTOS/Source/portable/GCC/ARM_CM3/portmacro.h ****         uint32_t ulNewBASEPRI;
 199:Middlewares/FreeRTOS/Source/portable/GCC/ARM_CM3/portmacro.h **** 
 200:Middlewares/FreeRTOS/Source/portable/GCC/ARM_CM3/portmacro.h ****         __asm volatile
 201:Middlewares/FreeRTOS/Source/portable/GCC/ARM_CM3/portmacro.h ****         (
 202:Middlewares/FreeRTOS/Source/portable/GCC/ARM_CM3/portmacro.h ****             "	mov %0, %1												\n"\
 203:Middlewares/FreeRTOS/Source/portable/GCC/ARM_CM3/portmacro.h ****             "	msr basepri, %0											\n"\
ARM GAS  C:\Users\airforce\AppData\Local\Temp\cc49S5gS.s 			page 77


 204:Middlewares/FreeRTOS/Source/portable/GCC/ARM_CM3/portmacro.h ****             "	isb														\n"\
 205:Middlewares/FreeRTOS/Source/portable/GCC/ARM_CM3/portmacro.h ****             "	dsb														\n"\
 206:Middlewares/FreeRTOS/Source/portable/GCC/ARM_CM3/portmacro.h ****             : "=r" ( ulNewBASEPRI ) : "i" ( configMAX_SYSCALL_INTERRUPT_PRIORITY ) : "memory"
 207:Middlewares/FreeRTOS/Source/portable/GCC/ARM_CM3/portmacro.h ****         );
 208:Middlewares/FreeRTOS/Source/portable/GCC/ARM_CM3/portmacro.h ****     }
 209:Middlewares/FreeRTOS/Source/portable/GCC/ARM_CM3/portmacro.h **** 
 210:Middlewares/FreeRTOS/Source/portable/GCC/ARM_CM3/portmacro.h **** /*-----------------------------------------------------------*/
 211:Middlewares/FreeRTOS/Source/portable/GCC/ARM_CM3/portmacro.h **** 
 212:Middlewares/FreeRTOS/Source/portable/GCC/ARM_CM3/portmacro.h ****     portFORCE_INLINE static uint32_t ulPortRaiseBASEPRI( void )
 1293              		.loc 2 212 38 view .LVU437
 1294              	.LBB76:
 213:Middlewares/FreeRTOS/Source/portable/GCC/ARM_CM3/portmacro.h ****     {
 214:Middlewares/FreeRTOS/Source/portable/GCC/ARM_CM3/portmacro.h ****         uint32_t ulOriginalBASEPRI, ulNewBASEPRI;
 1295              		.loc 2 214 9 view .LVU438
 215:Middlewares/FreeRTOS/Source/portable/GCC/ARM_CM3/portmacro.h **** 
 216:Middlewares/FreeRTOS/Source/portable/GCC/ARM_CM3/portmacro.h ****         __asm volatile
 1296              		.loc 2 216 9 view .LVU439
 1297              	.LBE76:
 1298              	.LBE75:
1021:Middlewares/FreeRTOS/Source/queue.c ****     BaseType_t xReturn;
 1299              		.loc 1 1021 1 is_stmt 0 view .LVU440
 1300 0000 F8B5     		push	{r3, r4, r5, r6, r7, lr}
 1301              	.LCFI18:
 1302              		.cfi_def_cfa_offset 24
 1303              		.cfi_offset 3, -24
 1304              		.cfi_offset 4, -20
 1305              		.cfi_offset 5, -16
 1306              		.cfi_offset 6, -12
 1307              		.cfi_offset 7, -8
 1308              		.cfi_offset 14, -4
1021:Middlewares/FreeRTOS/Source/queue.c ****     BaseType_t xReturn;
 1309              		.loc 1 1021 1 view .LVU441
 1310 0002 1646     		mov	r6, r2
 1311 0004 0446     		mov	r4, r0
 1312 0006 1A46     		mov	r2, r3
 1313              	.LVL120:
 1314              	.LBB78:
 1315              	.LBB77:
 1316              		.loc 2 216 9 view .LVU442
 1317              		.syntax unified
 1318              	@ 216 "Middlewares/FreeRTOS/Source/portable/GCC/ARM_CM3/portmacro.h" 1
 1319 0008 EFF31187 			mrs r7, basepri											
 1320 000c 4FF05003 		mov r3, #80												
 1321 0010 83F31188 		msr basepri, r3											
 1322 0014 BFF36F8F 		isb														
 1323 0018 BFF34F8F 		dsb														
 1324              	
 1325              	@ 0 "" 2
 1326              	.LVL121:
 217:Middlewares/FreeRTOS/Source/portable/GCC/ARM_CM3/portmacro.h ****         (
 218:Middlewares/FreeRTOS/Source/portable/GCC/ARM_CM3/portmacro.h ****             "	mrs %0, basepri											\n"\
 219:Middlewares/FreeRTOS/Source/portable/GCC/ARM_CM3/portmacro.h ****             "	mov %1, %2												\n"\
 220:Middlewares/FreeRTOS/Source/portable/GCC/ARM_CM3/portmacro.h ****             "	msr basepri, %1											\n"\
 221:Middlewares/FreeRTOS/Source/portable/GCC/ARM_CM3/portmacro.h ****             "	isb														\n"\
 222:Middlewares/FreeRTOS/Source/portable/GCC/ARM_CM3/portmacro.h ****             "	dsb														\n"\
 223:Middlewares/FreeRTOS/Source/portable/GCC/ARM_CM3/portmacro.h ****             : "=r" ( ulOriginalBASEPRI ), "=r" ( ulNewBASEPRI ) : "i" ( configMAX_SYSCALL_INTERRUPT
 224:Middlewares/FreeRTOS/Source/portable/GCC/ARM_CM3/portmacro.h ****         );
ARM GAS  C:\Users\airforce\AppData\Local\Temp\cc49S5gS.s 			page 78


 225:Middlewares/FreeRTOS/Source/portable/GCC/ARM_CM3/portmacro.h **** 
 226:Middlewares/FreeRTOS/Source/portable/GCC/ARM_CM3/portmacro.h ****         /* This return will not be reached but is necessary to prevent compiler
 227:Middlewares/FreeRTOS/Source/portable/GCC/ARM_CM3/portmacro.h ****          * warnings. */
 228:Middlewares/FreeRTOS/Source/portable/GCC/ARM_CM3/portmacro.h ****         return ulOriginalBASEPRI;
 1327              		.loc 2 228 9 is_stmt 1 view .LVU443
 1328              		.loc 2 228 9 is_stmt 0 view .LVU444
 1329              		.thumb
 1330              		.syntax unified
 1331              	.LBE77:
 1332              	.LBE78:
1053:Middlewares/FreeRTOS/Source/queue.c ****         {
 1333              		.loc 1 1053 9 is_stmt 1 view .LVU445
1053:Middlewares/FreeRTOS/Source/queue.c ****         {
 1334              		.loc 1 1053 22 is_stmt 0 view .LVU446
 1335 001c 806B     		ldr	r0, [r0, #56]
 1336              	.LVL122:
1053:Middlewares/FreeRTOS/Source/queue.c ****         {
 1337              		.loc 1 1053 11 view .LVU447
 1338 001e E36B     		ldr	r3, [r4, #60]
 1339 0020 9842     		cmp	r0, r3
 1340 0022 01D3     		bcc	.L110
1053:Middlewares/FreeRTOS/Source/queue.c ****         {
 1341              		.loc 1 1053 64 discriminator 1 view .LVU448
 1342 0024 022A     		cmp	r2, #2
 1343 0026 1BD1     		bne	.L116
 1344              	.L110:
 1345              	.LBB79:
1055:Middlewares/FreeRTOS/Source/queue.c ****             const UBaseType_t uxPreviousMessagesWaiting = pxQueue->uxMessagesWaiting;
 1346              		.loc 1 1055 13 is_stmt 1 view .LVU449
1055:Middlewares/FreeRTOS/Source/queue.c ****             const UBaseType_t uxPreviousMessagesWaiting = pxQueue->uxMessagesWaiting;
 1347              		.loc 1 1055 26 is_stmt 0 view .LVU450
 1348 0028 94F84550 		ldrb	r5, [r4, #69]	@ zero_extendqisi2
1065:Middlewares/FreeRTOS/Source/queue.c **** 
 1349              		.loc 1 1065 22 view .LVU451
 1350 002c 2046     		mov	r0, r4
1055:Middlewares/FreeRTOS/Source/queue.c ****             const UBaseType_t uxPreviousMessagesWaiting = pxQueue->uxMessagesWaiting;
 1351              		.loc 1 1055 26 view .LVU452
 1352 002e 6DB2     		sxtb	r5, r5
 1353              	.LVL123:
1056:Middlewares/FreeRTOS/Source/queue.c **** 
 1354              		.loc 1 1056 13 is_stmt 1 view .LVU453
1056:Middlewares/FreeRTOS/Source/queue.c **** 
 1355              		.loc 1 1056 31 is_stmt 0 view .LVU454
 1356 0030 A36B     		ldr	r3, [r4, #56]
1058:Middlewares/FreeRTOS/Source/queue.c **** 
 1357              		.loc 1 1058 48 is_stmt 1 view .LVU455
1065:Middlewares/FreeRTOS/Source/queue.c **** 
 1358              		.loc 1 1065 13 view .LVU456
1065:Middlewares/FreeRTOS/Source/queue.c **** 
 1359              		.loc 1 1065 22 is_stmt 0 view .LVU457
 1360 0032 FFF7FEFF 		bl	prvCopyDataToQueue
 1361              	.LVL124:
1069:Middlewares/FreeRTOS/Source/queue.c ****             {
 1362              		.loc 1 1069 13 is_stmt 1 view .LVU458
1069:Middlewares/FreeRTOS/Source/queue.c ****             {
 1363              		.loc 1 1069 15 is_stmt 0 view .LVU459
 1364 0036 6B1C     		adds	r3, r5, #1
ARM GAS  C:\Users\airforce\AppData\Local\Temp\cc49S5gS.s 			page 79


 1365 0038 0DD1     		bne	.L112
1131:Middlewares/FreeRTOS/Source/queue.c ****                         {
 1366              		.loc 1 1131 25 is_stmt 1 view .LVU460
1131:Middlewares/FreeRTOS/Source/queue.c ****                         {
 1367              		.loc 1 1131 29 is_stmt 0 view .LVU461
 1368 003a 636A     		ldr	r3, [r4, #36]
1131:Middlewares/FreeRTOS/Source/queue.c ****                         {
 1369              		.loc 1 1131 27 view .LVU462
 1370 003c 3BB1     		cbz	r3, .L114
1133:Middlewares/FreeRTOS/Source/queue.c ****                             {
 1371              		.loc 1 1133 29 is_stmt 1 view .LVU463
1133:Middlewares/FreeRTOS/Source/queue.c ****                             {
 1372              		.loc 1 1133 33 is_stmt 0 view .LVU464
 1373 003e 04F12400 		add	r0, r4, #36
 1374 0042 FFF7FEFF 		bl	xTaskRemoveFromEventList
 1375              	.LVL125:
1133:Middlewares/FreeRTOS/Source/queue.c ****                             {
 1376              		.loc 1 1133 31 discriminator 1 view .LVU465
 1377 0046 10B1     		cbz	r0, .L114
1137:Middlewares/FreeRTOS/Source/queue.c ****                                 {
 1378              		.loc 1 1137 33 is_stmt 1 view .LVU466
1137:Middlewares/FreeRTOS/Source/queue.c ****                                 {
 1379              		.loc 1 1137 35 is_stmt 0 view .LVU467
 1380 0048 0EB1     		cbz	r6, .L114
1139:Middlewares/FreeRTOS/Source/queue.c ****                                 }
 1381              		.loc 1 1139 37 is_stmt 1 view .LVU468
1139:Middlewares/FreeRTOS/Source/queue.c ****                                 }
 1382              		.loc 1 1139 64 is_stmt 0 view .LVU469
 1383 004a 0123     		movs	r3, #1
 1384 004c 3360     		str	r3, [r6]
 1385              	.LVL126:
 1386              	.L114:
1170:Middlewares/FreeRTOS/Source/queue.c ****         }
 1387              		.loc 1 1170 21 view .LVU470
 1388 004e 0120     		movs	r0, #1
 1389              	.LVL127:
 1390              	.L111:
1170:Middlewares/FreeRTOS/Source/queue.c ****         }
 1391              		.loc 1 1170 21 view .LVU471
 1392              	.LBE79:
1178:Middlewares/FreeRTOS/Source/queue.c **** 
 1393              		.loc 1 1178 5 is_stmt 1 view .LVU472
 1394              	.LBB80:
 1395              	.LBI80:
 229:Middlewares/FreeRTOS/Source/portable/GCC/ARM_CM3/portmacro.h ****     }
 230:Middlewares/FreeRTOS/Source/portable/GCC/ARM_CM3/portmacro.h **** /*-----------------------------------------------------------*/
 231:Middlewares/FreeRTOS/Source/portable/GCC/ARM_CM3/portmacro.h **** 
 232:Middlewares/FreeRTOS/Source/portable/GCC/ARM_CM3/portmacro.h ****     portFORCE_INLINE static void vPortSetBASEPRI( uint32_t ulNewMaskValue )
 1396              		.loc 2 232 34 view .LVU473
 1397              	.LBB81:
 233:Middlewares/FreeRTOS/Source/portable/GCC/ARM_CM3/portmacro.h ****     {
 234:Middlewares/FreeRTOS/Source/portable/GCC/ARM_CM3/portmacro.h ****         __asm volatile
 1398              		.loc 2 234 9 view .LVU474
 1399              		.syntax unified
 1400              	@ 234 "Middlewares/FreeRTOS/Source/portable/GCC/ARM_CM3/portmacro.h" 1
 1401 0050 87F31188 			msr basepri, r7	
 1402              	@ 0 "" 2
ARM GAS  C:\Users\airforce\AppData\Local\Temp\cc49S5gS.s 			page 80


 1403              	.LVL128:
 1404              		.loc 2 234 9 is_stmt 0 view .LVU475
 1405              		.thumb
 1406              		.syntax unified
 1407              	.LBE81:
 1408              	.LBE80:
1180:Middlewares/FreeRTOS/Source/queue.c **** }
 1409              		.loc 1 1180 5 is_stmt 1 view .LVU476
1181:Middlewares/FreeRTOS/Source/queue.c **** /*-----------------------------------------------------------*/
 1410              		.loc 1 1181 1 is_stmt 0 view .LVU477
 1411 0054 F8BD     		pop	{r3, r4, r5, r6, r7, pc}
 1412              	.LVL129:
 1413              	.L112:
 1414              	.LBB82:
1165:Middlewares/FreeRTOS/Source/queue.c **** 
 1415              		.loc 1 1165 57 is_stmt 1 view .LVU478
1167:Middlewares/FreeRTOS/Source/queue.c ****             }
 1416              		.loc 1 1167 17 view .LVU479
1167:Middlewares/FreeRTOS/Source/queue.c ****             }
 1417              		.loc 1 1167 57 is_stmt 0 view .LVU480
 1418 0056 0135     		adds	r5, r5, #1
 1419              	.LVL130:
1167:Middlewares/FreeRTOS/Source/queue.c ****             }
 1420              		.loc 1 1167 36 view .LVU481
 1421 0058 6DB2     		sxtb	r5, r5
 1422              	.LVL131:
1167:Middlewares/FreeRTOS/Source/queue.c ****             }
 1423              		.loc 1 1167 34 view .LVU482
 1424 005a 84F84550 		strb	r5, [r4, #69]
 1425 005e F6E7     		b	.L114
 1426              	.LVL132:
 1427              	.L116:
1167:Middlewares/FreeRTOS/Source/queue.c ****             }
 1428              		.loc 1 1167 34 view .LVU483
 1429              	.LBE82:
1175:Middlewares/FreeRTOS/Source/queue.c ****         }
 1430              		.loc 1 1175 21 view .LVU484
 1431 0060 0020     		movs	r0, #0
 1432 0062 F5E7     		b	.L111
 1433              		.cfi_endproc
 1434              	.LFE78:
 1436              		.section	.text.xQueueGiveFromISR,"ax",%progbits
 1437              		.align	1
 1438              		.global	xQueueGiveFromISR
 1439              		.syntax unified
 1440              		.thumb
 1441              		.thumb_func
 1443              	xQueueGiveFromISR:
 1444              	.LVL133:
 1445              	.LFB79:
1186:Middlewares/FreeRTOS/Source/queue.c ****     BaseType_t xReturn;
 1446              		.loc 1 1186 1 is_stmt 1 view -0
 1447              		.cfi_startproc
 1448              		@ args = 0, pretend = 0, frame = 0
 1449              		@ frame_needed = 0, uses_anonymous_args = 0
1187:Middlewares/FreeRTOS/Source/queue.c ****     UBaseType_t uxSavedInterruptStatus;
 1450              		.loc 1 1187 5 view .LVU486
ARM GAS  C:\Users\airforce\AppData\Local\Temp\cc49S5gS.s 			page 81


1188:Middlewares/FreeRTOS/Source/queue.c ****     Queue_t * const pxQueue = xQueue;
 1451              		.loc 1 1188 5 view .LVU487
1189:Middlewares/FreeRTOS/Source/queue.c **** 
 1452              		.loc 1 1189 5 view .LVU488
1197:Middlewares/FreeRTOS/Source/queue.c **** 
 1453              		.loc 1 1197 28 view .LVU489
1201:Middlewares/FreeRTOS/Source/queue.c **** 
 1454              		.loc 1 1201 45 view .LVU490
1206:Middlewares/FreeRTOS/Source/queue.c **** 
 1455              		.loc 1 1206 123 view .LVU491
1222:Middlewares/FreeRTOS/Source/queue.c **** 
 1456              		.loc 1 1222 47 view .LVU492
1224:Middlewares/FreeRTOS/Source/queue.c ****     {
 1457              		.loc 1 1224 5 view .LVU493
 1458              	.LBB83:
 1459              	.LBI83:
 212:Middlewares/FreeRTOS/Source/portable/GCC/ARM_CM3/portmacro.h ****     {
 1460              		.loc 2 212 38 view .LVU494
 1461              	.LBB84:
 214:Middlewares/FreeRTOS/Source/portable/GCC/ARM_CM3/portmacro.h **** 
 1462              		.loc 2 214 9 view .LVU495
 216:Middlewares/FreeRTOS/Source/portable/GCC/ARM_CM3/portmacro.h ****         (
 1463              		.loc 2 216 9 view .LVU496
 1464              	.LBE84:
 1465              	.LBE83:
1186:Middlewares/FreeRTOS/Source/queue.c ****     BaseType_t xReturn;
 1466              		.loc 1 1186 1 is_stmt 0 view .LVU497
 1467 0000 38B5     		push	{r3, r4, r5, lr}
 1468              	.LCFI19:
 1469              		.cfi_def_cfa_offset 16
 1470              		.cfi_offset 3, -16
 1471              		.cfi_offset 4, -12
 1472              		.cfi_offset 5, -8
 1473              		.cfi_offset 14, -4
1186:Middlewares/FreeRTOS/Source/queue.c ****     BaseType_t xReturn;
 1474              		.loc 1 1186 1 view .LVU498
 1475 0002 0C46     		mov	r4, r1
 1476              	.LBB86:
 1477              	.LBB85:
 216:Middlewares/FreeRTOS/Source/portable/GCC/ARM_CM3/portmacro.h ****         (
 1478              		.loc 2 216 9 view .LVU499
 1479              		.syntax unified
 1480              	@ 216 "Middlewares/FreeRTOS/Source/portable/GCC/ARM_CM3/portmacro.h" 1
 1481 0004 EFF31185 			mrs r5, basepri											
 1482 0008 4FF05003 		mov r3, #80												
 1483 000c 83F31188 		msr basepri, r3											
 1484 0010 BFF36F8F 		isb														
 1485 0014 BFF34F8F 		dsb														
 1486              	
 1487              	@ 0 "" 2
 1488              	.LVL134:
 228:Middlewares/FreeRTOS/Source/portable/GCC/ARM_CM3/portmacro.h ****     }
 1489              		.loc 2 228 9 is_stmt 1 view .LVU500
 228:Middlewares/FreeRTOS/Source/portable/GCC/ARM_CM3/portmacro.h ****     }
 1490              		.loc 2 228 9 is_stmt 0 view .LVU501
 1491              		.thumb
 1492              		.syntax unified
ARM GAS  C:\Users\airforce\AppData\Local\Temp\cc49S5gS.s 			page 82


 1493              	.LBE85:
 1494              	.LBE86:
 1495              	.LBB87:
1226:Middlewares/FreeRTOS/Source/queue.c **** 
 1496              		.loc 1 1226 9 is_stmt 1 view .LVU502
1226:Middlewares/FreeRTOS/Source/queue.c **** 
 1497              		.loc 1 1226 27 is_stmt 0 view .LVU503
 1498 0018 826B     		ldr	r2, [r0, #56]
 1499              	.LVL135:
1231:Middlewares/FreeRTOS/Source/queue.c ****         {
 1500              		.loc 1 1231 9 is_stmt 1 view .LVU504
1231:Middlewares/FreeRTOS/Source/queue.c ****         {
 1501              		.loc 1 1231 11 is_stmt 0 view .LVU505
 1502 001a C36B     		ldr	r3, [r0, #60]
 1503 001c 9342     		cmp	r3, r2
 1504 001e 18D9     		bls	.L129
 1505              	.LBB88:
1233:Middlewares/FreeRTOS/Source/queue.c **** 
 1506              		.loc 1 1233 13 is_stmt 1 view .LVU506
1233:Middlewares/FreeRTOS/Source/queue.c **** 
 1507              		.loc 1 1233 26 is_stmt 0 view .LVU507
 1508 0020 90F84510 		ldrb	r1, [r0, #69]	@ zero_extendqisi2
 1509              	.LVL136:
1243:Middlewares/FreeRTOS/Source/queue.c **** 
 1510              		.loc 1 1243 60 view .LVU508
 1511 0024 0132     		adds	r2, r2, #1
 1512              	.LVL137:
1247:Middlewares/FreeRTOS/Source/queue.c ****             {
 1513              		.loc 1 1247 15 view .LVU509
 1514 0026 FF29     		cmp	r1, #255
1233:Middlewares/FreeRTOS/Source/queue.c **** 
 1515              		.loc 1 1233 26 view .LVU510
 1516 0028 4BB2     		sxtb	r3, r1
 1517              	.LVL138:
1235:Middlewares/FreeRTOS/Source/queue.c **** 
 1518              		.loc 1 1235 48 is_stmt 1 view .LVU511
1243:Middlewares/FreeRTOS/Source/queue.c **** 
 1519              		.loc 1 1243 13 view .LVU512
1243:Middlewares/FreeRTOS/Source/queue.c **** 
 1520              		.loc 1 1243 40 is_stmt 0 view .LVU513
 1521 002a 8263     		str	r2, [r0, #56]
1247:Middlewares/FreeRTOS/Source/queue.c ****             {
 1522              		.loc 1 1247 13 is_stmt 1 view .LVU514
1247:Middlewares/FreeRTOS/Source/queue.c ****             {
 1523              		.loc 1 1247 15 is_stmt 0 view .LVU515
 1524 002c 0CD1     		bne	.L125
1302:Middlewares/FreeRTOS/Source/queue.c ****                         {
 1525              		.loc 1 1302 25 is_stmt 1 view .LVU516
1302:Middlewares/FreeRTOS/Source/queue.c ****                         {
 1526              		.loc 1 1302 29 is_stmt 0 view .LVU517
 1527 002e 436A     		ldr	r3, [r0, #36]
 1528              	.LVL139:
1302:Middlewares/FreeRTOS/Source/queue.c ****                         {
 1529              		.loc 1 1302 27 view .LVU518
 1530 0030 33B1     		cbz	r3, .L127
1304:Middlewares/FreeRTOS/Source/queue.c ****                             {
 1531              		.loc 1 1304 29 is_stmt 1 view .LVU519
ARM GAS  C:\Users\airforce\AppData\Local\Temp\cc49S5gS.s 			page 83


1304:Middlewares/FreeRTOS/Source/queue.c ****                             {
 1532              		.loc 1 1304 33 is_stmt 0 view .LVU520
 1533 0032 2430     		adds	r0, r0, #36
 1534              	.LVL140:
1304:Middlewares/FreeRTOS/Source/queue.c ****                             {
 1535              		.loc 1 1304 33 view .LVU521
 1536 0034 FFF7FEFF 		bl	xTaskRemoveFromEventList
 1537              	.LVL141:
1304:Middlewares/FreeRTOS/Source/queue.c ****                             {
 1538              		.loc 1 1304 31 discriminator 1 view .LVU522
 1539 0038 10B1     		cbz	r0, .L127
1308:Middlewares/FreeRTOS/Source/queue.c ****                                 {
 1540              		.loc 1 1308 33 is_stmt 1 view .LVU523
1308:Middlewares/FreeRTOS/Source/queue.c ****                                 {
 1541              		.loc 1 1308 35 is_stmt 0 view .LVU524
 1542 003a 0CB1     		cbz	r4, .L127
1310:Middlewares/FreeRTOS/Source/queue.c ****                                 }
 1543              		.loc 1 1310 37 is_stmt 1 view .LVU525
1310:Middlewares/FreeRTOS/Source/queue.c ****                                 }
 1544              		.loc 1 1310 64 is_stmt 0 view .LVU526
 1545 003c 0123     		movs	r3, #1
 1546 003e 2360     		str	r3, [r4]
 1547              	.L127:
1338:Middlewares/FreeRTOS/Source/queue.c ****         }
 1548              		.loc 1 1338 21 view .LVU527
 1549 0040 0120     		movs	r0, #1
 1550              	.LVL142:
 1551              	.L124:
1338:Middlewares/FreeRTOS/Source/queue.c ****         }
 1552              		.loc 1 1338 21 view .LVU528
 1553              	.LBE88:
 1554              	.LBE87:
1346:Middlewares/FreeRTOS/Source/queue.c **** 
 1555              		.loc 1 1346 5 is_stmt 1 view .LVU529
 1556              	.LBB90:
 1557              	.LBI90:
 232:Middlewares/FreeRTOS/Source/portable/GCC/ARM_CM3/portmacro.h ****     {
 1558              		.loc 2 232 34 view .LVU530
 1559              	.LBB91:
 1560              		.loc 2 234 9 view .LVU531
 1561              		.syntax unified
 1562              	@ 234 "Middlewares/FreeRTOS/Source/portable/GCC/ARM_CM3/portmacro.h" 1
 1563 0042 85F31188 			msr basepri, r5	
 1564              	@ 0 "" 2
 1565              	.LVL143:
 1566              		.loc 2 234 9 is_stmt 0 view .LVU532
 1567              		.thumb
 1568              		.syntax unified
 1569              	.LBE91:
 1570              	.LBE90:
1348:Middlewares/FreeRTOS/Source/queue.c **** }
 1571              		.loc 1 1348 5 is_stmt 1 view .LVU533
1349:Middlewares/FreeRTOS/Source/queue.c **** /*-----------------------------------------------------------*/
 1572              		.loc 1 1349 1 is_stmt 0 view .LVU534
 1573 0046 38BD     		pop	{r3, r4, r5, pc}
 1574              	.LVL144:
 1575              	.L125:
ARM GAS  C:\Users\airforce\AppData\Local\Temp\cc49S5gS.s 			page 84


 1576              	.LBB92:
 1577              	.LBB89:
1333:Middlewares/FreeRTOS/Source/queue.c **** 
 1578              		.loc 1 1333 57 is_stmt 1 view .LVU535
1335:Middlewares/FreeRTOS/Source/queue.c ****             }
 1579              		.loc 1 1335 17 view .LVU536
1335:Middlewares/FreeRTOS/Source/queue.c ****             }
 1580              		.loc 1 1335 57 is_stmt 0 view .LVU537
 1581 0048 0133     		adds	r3, r3, #1
 1582              	.LVL145:
1335:Middlewares/FreeRTOS/Source/queue.c ****             }
 1583              		.loc 1 1335 36 view .LVU538
 1584 004a 5BB2     		sxtb	r3, r3
 1585              	.LVL146:
1335:Middlewares/FreeRTOS/Source/queue.c ****             }
 1586              		.loc 1 1335 34 view .LVU539
 1587 004c 80F84530 		strb	r3, [r0, #69]
 1588 0050 F6E7     		b	.L127
 1589              	.LVL147:
 1590              	.L129:
1335:Middlewares/FreeRTOS/Source/queue.c ****             }
 1591              		.loc 1 1335 34 view .LVU540
 1592              	.LBE89:
1343:Middlewares/FreeRTOS/Source/queue.c ****         }
 1593              		.loc 1 1343 21 view .LVU541
 1594 0052 0020     		movs	r0, #0
 1595              	.LVL148:
1343:Middlewares/FreeRTOS/Source/queue.c ****         }
 1596              		.loc 1 1343 21 view .LVU542
 1597 0054 F5E7     		b	.L124
 1598              	.LBE92:
 1599              		.cfi_endproc
 1600              	.LFE79:
 1602              		.section	.text.xQueueReceive,"ax",%progbits
 1603              		.align	1
 1604              		.global	xQueueReceive
 1605              		.syntax unified
 1606              		.thumb
 1607              		.thumb_func
 1609              	xQueueReceive:
 1610              	.LVL149:
 1611              	.LFB80:
1355:Middlewares/FreeRTOS/Source/queue.c ****     BaseType_t xEntryTimeSet = pdFALSE;
 1612              		.loc 1 1355 1 is_stmt 1 view -0
 1613              		.cfi_startproc
 1614              		@ args = 0, pretend = 0, frame = 16
 1615              		@ frame_needed = 0, uses_anonymous_args = 0
1356:Middlewares/FreeRTOS/Source/queue.c ****     TimeOut_t xTimeOut;
 1616              		.loc 1 1356 5 view .LVU544
1357:Middlewares/FreeRTOS/Source/queue.c ****     Queue_t * const pxQueue = xQueue;
 1617              		.loc 1 1357 5 view .LVU545
1358:Middlewares/FreeRTOS/Source/queue.c **** 
 1618              		.loc 1 1358 5 view .LVU546
1355:Middlewares/FreeRTOS/Source/queue.c ****     BaseType_t xEntryTimeSet = pdFALSE;
 1619              		.loc 1 1355 1 is_stmt 0 view .LVU547
 1620 0000 2DE9FF41 		push	{r0, r1, r2, r3, r4, r5, r6, r7, r8, lr}
 1621              	.LCFI20:
ARM GAS  C:\Users\airforce\AppData\Local\Temp\cc49S5gS.s 			page 85


 1622              		.cfi_def_cfa_offset 40
 1623              		.cfi_offset 4, -24
 1624              		.cfi_offset 5, -20
 1625              		.cfi_offset 6, -16
 1626              		.cfi_offset 7, -12
 1627              		.cfi_offset 8, -8
 1628              		.cfi_offset 14, -4
1356:Middlewares/FreeRTOS/Source/queue.c ****     TimeOut_t xTimeOut;
 1629              		.loc 1 1356 16 view .LVU548
 1630 0004 0027     		movs	r7, #0
1355:Middlewares/FreeRTOS/Source/queue.c ****     BaseType_t xEntryTimeSet = pdFALSE;
 1631              		.loc 1 1355 1 view .LVU549
 1632 0006 0446     		mov	r4, r0
 1633              	.LVL150:
1355:Middlewares/FreeRTOS/Source/queue.c ****     BaseType_t xEntryTimeSet = pdFALSE;
 1634              		.loc 1 1355 1 view .LVU550
 1635 0008 0E46     		mov	r6, r1
1444:Middlewares/FreeRTOS/Source/queue.c **** 
 1636              		.loc 1 1444 9 discriminator 1 view .LVU551
 1637 000a B846     		mov	r8, r7
1355:Middlewares/FreeRTOS/Source/queue.c ****     BaseType_t xEntryTimeSet = pdFALSE;
 1638              		.loc 1 1355 1 view .LVU552
 1639 000c 0192     		str	r2, [sp, #4]
 1640              	.LVL151:
 1641              	.L137:
1361:Middlewares/FreeRTOS/Source/queue.c **** 
 1642              		.loc 1 1361 32 is_stmt 1 view .LVU553
1365:Middlewares/FreeRTOS/Source/queue.c **** 
 1643              		.loc 1 1365 103 view .LVU554
1370:Middlewares/FreeRTOS/Source/queue.c ****         }
 1644              		.loc 1 1370 114 view .LVU555
1377:Middlewares/FreeRTOS/Source/queue.c ****     {
 1645              		.loc 1 1377 5 view .LVU556
1379:Middlewares/FreeRTOS/Source/queue.c ****         {
 1646              		.loc 1 1379 9 view .LVU557
 1647 000e FFF7FEFF 		bl	vPortEnterCritical
 1648              	.LVL152:
 1649              	.LBB93:
1381:Middlewares/FreeRTOS/Source/queue.c **** 
 1650              		.loc 1 1381 13 view .LVU558
1381:Middlewares/FreeRTOS/Source/queue.c **** 
 1651              		.loc 1 1381 31 is_stmt 0 view .LVU559
 1652 0012 A56B     		ldr	r5, [r4, #56]
 1653              	.LVL153:
1385:Middlewares/FreeRTOS/Source/queue.c ****             {
 1654              		.loc 1 1385 13 is_stmt 1 view .LVU560
1385:Middlewares/FreeRTOS/Source/queue.c ****             {
 1655              		.loc 1 1385 15 is_stmt 0 view .LVU561
 1656 0014 E5B1     		cbz	r5, .L138
1388:Middlewares/FreeRTOS/Source/queue.c ****                 traceQUEUE_RECEIVE( pxQueue );
 1657              		.loc 1 1388 17 is_stmt 1 view .LVU562
 1658 0016 3146     		mov	r1, r6
 1659 0018 2046     		mov	r0, r4
1390:Middlewares/FreeRTOS/Source/queue.c **** 
 1660              		.loc 1 1390 64 is_stmt 0 view .LVU563
 1661 001a 013D     		subs	r5, r5, #1
 1662              	.LVL154:
ARM GAS  C:\Users\airforce\AppData\Local\Temp\cc49S5gS.s 			page 86


1388:Middlewares/FreeRTOS/Source/queue.c ****                 traceQUEUE_RECEIVE( pxQueue );
 1663              		.loc 1 1388 17 view .LVU564
 1664 001c FFF7FEFF 		bl	prvCopyDataFromQueue
 1665              	.LVL155:
1389:Middlewares/FreeRTOS/Source/queue.c ****                 pxQueue->uxMessagesWaiting = uxMessagesWaiting - ( UBaseType_t ) 1;
 1666              		.loc 1 1389 46 is_stmt 1 view .LVU565
1390:Middlewares/FreeRTOS/Source/queue.c **** 
 1667              		.loc 1 1390 17 view .LVU566
1390:Middlewares/FreeRTOS/Source/queue.c **** 
 1668              		.loc 1 1390 44 is_stmt 0 view .LVU567
 1669 0020 A563     		str	r5, [r4, #56]
1395:Middlewares/FreeRTOS/Source/queue.c ****                 {
 1670              		.loc 1 1395 17 is_stmt 1 view .LVU568
1395:Middlewares/FreeRTOS/Source/queue.c ****                 {
 1671              		.loc 1 1395 21 is_stmt 0 view .LVU569
 1672 0022 2369     		ldr	r3, [r4, #16]
1395:Middlewares/FreeRTOS/Source/queue.c ****                 {
 1673              		.loc 1 1395 19 view .LVU570
 1674 0024 73B1     		cbz	r3, .L140
1397:Middlewares/FreeRTOS/Source/queue.c ****                     {
 1675              		.loc 1 1397 21 is_stmt 1 view .LVU571
1397:Middlewares/FreeRTOS/Source/queue.c ****                     {
 1676              		.loc 1 1397 25 is_stmt 0 view .LVU572
 1677 0026 04F11000 		add	r0, r4, #16
 1678 002a FFF7FEFF 		bl	xTaskRemoveFromEventList
 1679              	.LVL156:
1397:Middlewares/FreeRTOS/Source/queue.c ****                     {
 1680              		.loc 1 1397 23 discriminator 1 view .LVU573
 1681 002e 48B1     		cbz	r0, .L140
1399:Middlewares/FreeRTOS/Source/queue.c ****                     }
 1682              		.loc 1 1399 25 is_stmt 1 view .LVU574
 1683 0030 4FF0E023 		mov	r3, #-536813568
 1684 0034 4FF08052 		mov	r2, #268435456
 1685 0038 C3F8042D 		str	r2, [r3, #3332]
1399:Middlewares/FreeRTOS/Source/queue.c ****                     }
 1686              		.loc 1 1399 25 view .LVU575
 1687              		.syntax unified
 1688              	@ 1399 "Middlewares/FreeRTOS/Source/queue.c" 1
 1689 003c BFF34F8F 		dsb
 1690              	@ 0 "" 2
1399:Middlewares/FreeRTOS/Source/queue.c ****                     }
 1691              		.loc 1 1399 25 view .LVU576
 1692              	@ 1399 "Middlewares/FreeRTOS/Source/queue.c" 1
 1693 0040 BFF36F8F 		isb
 1694              	@ 0 "" 2
1399:Middlewares/FreeRTOS/Source/queue.c ****                     }
 1695              		.loc 1 1399 57 view .LVU577
 1696              		.thumb
 1697              		.syntax unified
 1698              	.L140:
1408:Middlewares/FreeRTOS/Source/queue.c ****                 }
 1699              		.loc 1 1408 45 view .LVU578
1411:Middlewares/FreeRTOS/Source/queue.c ****                 return pdPASS;
 1700              		.loc 1 1411 17 view .LVU579
 1701 0044 FFF7FEFF 		bl	vPortExitCritical
 1702              	.LVL157:
1412:Middlewares/FreeRTOS/Source/queue.c ****             }
ARM GAS  C:\Users\airforce\AppData\Local\Temp\cc49S5gS.s 			page 87


 1703              		.loc 1 1412 17 view .LVU580
1412:Middlewares/FreeRTOS/Source/queue.c ****             }
 1704              		.loc 1 1412 24 is_stmt 0 view .LVU581
 1705 0048 0120     		movs	r0, #1
 1706              	.LVL158:
 1707              	.L136:
1412:Middlewares/FreeRTOS/Source/queue.c ****             }
 1708              		.loc 1 1412 24 view .LVU582
 1709              	.LBE93:
1492:Middlewares/FreeRTOS/Source/queue.c **** /*-----------------------------------------------------------*/
 1710              		.loc 1 1492 1 view .LVU583
 1711 004a 04B0     		add	sp, sp, #16
 1712              	.LCFI21:
 1713              		.cfi_remember_state
 1714              		.cfi_def_cfa_offset 24
 1715              		@ sp needed
 1716 004c BDE8F081 		pop	{r4, r5, r6, r7, r8, pc}
 1717              	.LVL159:
 1718              	.L138:
 1719              	.LCFI22:
 1720              		.cfi_restore_state
 1721              	.LBB94:
1416:Middlewares/FreeRTOS/Source/queue.c ****                 {
 1722              		.loc 1 1416 17 is_stmt 1 view .LVU584
1416:Middlewares/FreeRTOS/Source/queue.c ****                 {
 1723              		.loc 1 1416 19 is_stmt 0 view .LVU585
 1724 0050 019B     		ldr	r3, [sp, #4]
 1725 0052 1BB9     		cbnz	r3, .L143
1420:Middlewares/FreeRTOS/Source/queue.c ****                     traceQUEUE_RECEIVE_FAILED( pxQueue );
 1726              		.loc 1 1420 21 is_stmt 1 view .LVU586
 1727 0054 FFF7FEFF 		bl	vPortExitCritical
 1728              	.LVL160:
1421:Middlewares/FreeRTOS/Source/queue.c ****                     return errQUEUE_EMPTY;
 1729              		.loc 1 1421 57 view .LVU587
1422:Middlewares/FreeRTOS/Source/queue.c ****                 }
 1730              		.loc 1 1422 21 view .LVU588
 1731              	.L144:
1422:Middlewares/FreeRTOS/Source/queue.c ****                 }
 1732              		.loc 1 1422 28 is_stmt 0 view .LVU589
 1733 0058 0020     		movs	r0, #0
 1734 005a F6E7     		b	.L136
 1735              	.LVL161:
 1736              	.L143:
1424:Middlewares/FreeRTOS/Source/queue.c ****                 {
 1737              		.loc 1 1424 22 is_stmt 1 view .LVU590
1424:Middlewares/FreeRTOS/Source/queue.c ****                 {
 1738              		.loc 1 1424 24 is_stmt 0 view .LVU591
 1739 005c 17B9     		cbnz	r7, .L145
1428:Middlewares/FreeRTOS/Source/queue.c ****                     xEntryTimeSet = pdTRUE;
 1740              		.loc 1 1428 21 is_stmt 1 view .LVU592
 1741 005e 02A8     		add	r0, sp, #8
 1742 0060 FFF7FEFF 		bl	vTaskInternalSetTimeOutState
 1743              	.LVL162:
1429:Middlewares/FreeRTOS/Source/queue.c ****                 }
 1744              		.loc 1 1429 21 view .LVU593
 1745              	.L145:
1434:Middlewares/FreeRTOS/Source/queue.c ****                 }
ARM GAS  C:\Users\airforce\AppData\Local\Temp\cc49S5gS.s 			page 88


 1746              		.loc 1 1434 45 view .LVU594
 1747              	.LBE94:
1438:Middlewares/FreeRTOS/Source/queue.c **** 
 1748              		.loc 1 1438 9 view .LVU595
 1749 0064 FFF7FEFF 		bl	vPortExitCritical
 1750              	.LVL163:
1443:Middlewares/FreeRTOS/Source/queue.c ****         prvLockQueue( pxQueue );
 1751              		.loc 1 1443 9 view .LVU596
 1752 0068 FFF7FEFF 		bl	vTaskSuspendAll
 1753              	.LVL164:
1444:Middlewares/FreeRTOS/Source/queue.c **** 
 1754              		.loc 1 1444 9 view .LVU597
 1755 006c FFF7FEFF 		bl	vPortEnterCritical
 1756              	.LVL165:
1444:Middlewares/FreeRTOS/Source/queue.c **** 
 1757              		.loc 1 1444 9 discriminator 1 view .LVU598
 1758 0070 94F84430 		ldrb	r3, [r4, #68]	@ zero_extendqisi2
 1759 0074 FF2B     		cmp	r3, #255
1444:Middlewares/FreeRTOS/Source/queue.c **** 
 1760              		.loc 1 1444 9 discriminator 1 view .LVU599
 1761 0076 08BF     		it	eq
 1762 0078 84F84480 		strbeq	r8, [r4, #68]
1444:Middlewares/FreeRTOS/Source/queue.c **** 
 1763              		.loc 1 1444 9 discriminator 3 view .LVU600
 1764 007c 94F84530 		ldrb	r3, [r4, #69]	@ zero_extendqisi2
 1765 0080 FF2B     		cmp	r3, #255
1444:Middlewares/FreeRTOS/Source/queue.c **** 
 1766              		.loc 1 1444 9 discriminator 4 view .LVU601
 1767 0082 08BF     		it	eq
 1768 0084 84F84580 		strbeq	r8, [r4, #69]
1444:Middlewares/FreeRTOS/Source/queue.c **** 
 1769              		.loc 1 1444 9 discriminator 6 view .LVU602
 1770 0088 FFF7FEFF 		bl	vPortExitCritical
 1771              	.LVL166:
1447:Middlewares/FreeRTOS/Source/queue.c ****         {
 1772              		.loc 1 1447 9 view .LVU603
1447:Middlewares/FreeRTOS/Source/queue.c ****         {
 1773              		.loc 1 1447 13 is_stmt 0 view .LVU604
 1774 008c 01A9     		add	r1, sp, #4
 1775 008e 02A8     		add	r0, sp, #8
 1776 0090 FFF7FEFF 		bl	xTaskCheckForTimeOut
 1777              	.LVL167:
1447:Middlewares/FreeRTOS/Source/queue.c ****         {
 1778              		.loc 1 1447 11 discriminator 1 view .LVU605
 1779 0094 00BB     		cbnz	r0, .L148
1451:Middlewares/FreeRTOS/Source/queue.c ****             {
 1780              		.loc 1 1451 13 is_stmt 1 view .LVU606
1451:Middlewares/FreeRTOS/Source/queue.c ****             {
 1781              		.loc 1 1451 17 is_stmt 0 view .LVU607
 1782 0096 2046     		mov	r0, r4
 1783 0098 FFF7FEFF 		bl	prvIsQueueEmpty
 1784              	.LVL168:
1451:Middlewares/FreeRTOS/Source/queue.c ****             {
 1785              		.loc 1 1451 15 discriminator 1 view .LVU608
 1786 009c B0B1     		cbz	r0, .L149
1453:Middlewares/FreeRTOS/Source/queue.c ****                 vTaskPlaceOnEventList( &( pxQueue->xTasksWaitingToReceive ), xTicksToWait );
 1787              		.loc 1 1453 58 is_stmt 1 view .LVU609
ARM GAS  C:\Users\airforce\AppData\Local\Temp\cc49S5gS.s 			page 89


1454:Middlewares/FreeRTOS/Source/queue.c ****                 prvUnlockQueue( pxQueue );
 1788              		.loc 1 1454 17 view .LVU610
 1789 009e 0199     		ldr	r1, [sp, #4]
 1790 00a0 04F12400 		add	r0, r4, #36
 1791 00a4 FFF7FEFF 		bl	vTaskPlaceOnEventList
 1792              	.LVL169:
1455:Middlewares/FreeRTOS/Source/queue.c **** 
 1793              		.loc 1 1455 17 view .LVU611
 1794 00a8 2046     		mov	r0, r4
 1795 00aa FFF7FEFF 		bl	prvUnlockQueue
 1796              	.LVL170:
1457:Middlewares/FreeRTOS/Source/queue.c ****                 {
 1797              		.loc 1 1457 17 view .LVU612
1457:Middlewares/FreeRTOS/Source/queue.c ****                 {
 1798              		.loc 1 1457 21 is_stmt 0 view .LVU613
 1799 00ae FFF7FEFF 		bl	xTaskResumeAll
 1800              	.LVL171:
1457:Middlewares/FreeRTOS/Source/queue.c ****                 {
 1801              		.loc 1 1457 19 discriminator 1 view .LVU614
 1802 00b2 48B9     		cbnz	r0, .L151
1459:Middlewares/FreeRTOS/Source/queue.c ****                 }
 1803              		.loc 1 1459 21 is_stmt 1 view .LVU615
 1804 00b4 4FF0E023 		mov	r3, #-536813568
 1805 00b8 4FF08052 		mov	r2, #268435456
 1806 00bc C3F8042D 		str	r2, [r3, #3332]
1459:Middlewares/FreeRTOS/Source/queue.c ****                 }
 1807              		.loc 1 1459 21 view .LVU616
 1808              		.syntax unified
 1809              	@ 1459 "Middlewares/FreeRTOS/Source/queue.c" 1
 1810 00c0 BFF34F8F 		dsb
 1811              	@ 0 "" 2
1459:Middlewares/FreeRTOS/Source/queue.c ****                 }
 1812              		.loc 1 1459 21 view .LVU617
 1813              	@ 1459 "Middlewares/FreeRTOS/Source/queue.c" 1
 1814 00c4 BFF36F8F 		isb
 1815              	@ 0 "" 2
1459:Middlewares/FreeRTOS/Source/queue.c ****                 }
 1816              		.loc 1 1459 43 view .LVU618
 1817              		.thumb
 1818              		.syntax unified
 1819              	.L151:
1355:Middlewares/FreeRTOS/Source/queue.c ****     BaseType_t xEntryTimeSet = pdFALSE;
 1820              		.loc 1 1355 1 is_stmt 0 view .LVU619
 1821 00c8 0127     		movs	r7, #1
 1822 00ca A0E7     		b	.L137
 1823              	.L149:
1470:Middlewares/FreeRTOS/Source/queue.c ****                 ( void ) xTaskResumeAll();
 1824              		.loc 1 1470 17 is_stmt 1 view .LVU620
 1825 00cc 2046     		mov	r0, r4
 1826 00ce FFF7FEFF 		bl	prvUnlockQueue
 1827              	.LVL172:
1471:Middlewares/FreeRTOS/Source/queue.c ****             }
 1828              		.loc 1 1471 17 view .LVU621
1471:Middlewares/FreeRTOS/Source/queue.c ****             }
 1829              		.loc 1 1471 26 is_stmt 0 view .LVU622
 1830 00d2 FFF7FEFF 		bl	xTaskResumeAll
 1831              	.LVL173:
ARM GAS  C:\Users\airforce\AppData\Local\Temp\cc49S5gS.s 			page 90


 1832 00d6 F7E7     		b	.L151
 1833              	.L148:
1478:Middlewares/FreeRTOS/Source/queue.c ****             ( void ) xTaskResumeAll();
 1834              		.loc 1 1478 13 is_stmt 1 view .LVU623
 1835 00d8 2046     		mov	r0, r4
 1836 00da FFF7FEFF 		bl	prvUnlockQueue
 1837              	.LVL174:
1479:Middlewares/FreeRTOS/Source/queue.c **** 
 1838              		.loc 1 1479 13 view .LVU624
1479:Middlewares/FreeRTOS/Source/queue.c **** 
 1839              		.loc 1 1479 22 is_stmt 0 view .LVU625
 1840 00de FFF7FEFF 		bl	xTaskResumeAll
 1841              	.LVL175:
1481:Middlewares/FreeRTOS/Source/queue.c ****             {
 1842              		.loc 1 1481 13 is_stmt 1 view .LVU626
1481:Middlewares/FreeRTOS/Source/queue.c ****             {
 1843              		.loc 1 1481 17 is_stmt 0 view .LVU627
 1844 00e2 2046     		mov	r0, r4
 1845 00e4 FFF7FEFF 		bl	prvIsQueueEmpty
 1846              	.LVL176:
1481:Middlewares/FreeRTOS/Source/queue.c ****             {
 1847              		.loc 1 1481 15 discriminator 1 view .LVU628
 1848 00e8 0028     		cmp	r0, #0
 1849 00ea EDD0     		beq	.L151
 1850 00ec B4E7     		b	.L144
 1851              		.cfi_endproc
 1852              	.LFE80:
 1854              		.section	.text.xQueueSemaphoreTake,"ax",%progbits
 1855              		.align	1
 1856              		.global	xQueueSemaphoreTake
 1857              		.syntax unified
 1858              		.thumb
 1859              		.thumb_func
 1861              	xQueueSemaphoreTake:
 1862              	.LVL177:
 1863              	.LFB81:
1497:Middlewares/FreeRTOS/Source/queue.c ****     BaseType_t xEntryTimeSet = pdFALSE;
 1864              		.loc 1 1497 1 is_stmt 1 view -0
 1865              		.cfi_startproc
 1866              		@ args = 0, pretend = 0, frame = 16
 1867              		@ frame_needed = 0, uses_anonymous_args = 0
1498:Middlewares/FreeRTOS/Source/queue.c ****     TimeOut_t xTimeOut;
 1868              		.loc 1 1498 5 view .LVU630
1499:Middlewares/FreeRTOS/Source/queue.c ****     Queue_t * const pxQueue = xQueue;
 1869              		.loc 1 1499 5 view .LVU631
1500:Middlewares/FreeRTOS/Source/queue.c **** 
 1870              		.loc 1 1500 5 view .LVU632
1497:Middlewares/FreeRTOS/Source/queue.c ****     BaseType_t xEntryTimeSet = pdFALSE;
 1871              		.loc 1 1497 1 is_stmt 0 view .LVU633
 1872 0000 F0B5     		push	{r4, r5, r6, r7, lr}
 1873              	.LCFI23:
 1874              		.cfi_def_cfa_offset 20
 1875              		.cfi_offset 4, -20
 1876              		.cfi_offset 5, -16
 1877              		.cfi_offset 6, -12
 1878              		.cfi_offset 7, -8
 1879              		.cfi_offset 14, -4
ARM GAS  C:\Users\airforce\AppData\Local\Temp\cc49S5gS.s 			page 91


1503:Middlewares/FreeRTOS/Source/queue.c ****     #endif
 1880              		.loc 1 1503 20 view .LVU634
 1881 0002 0025     		movs	r5, #0
1497:Middlewares/FreeRTOS/Source/queue.c ****     BaseType_t xEntryTimeSet = pdFALSE;
 1882              		.loc 1 1497 1 view .LVU635
 1883 0004 0446     		mov	r4, r0
 1884              	.LVL178:
1503:Middlewares/FreeRTOS/Source/queue.c ****     #endif
 1885              		.loc 1 1503 9 is_stmt 1 view .LVU636
1498:Middlewares/FreeRTOS/Source/queue.c ****     TimeOut_t xTimeOut;
 1886              		.loc 1 1498 16 is_stmt 0 view .LVU637
 1887 0006 2F46     		mov	r7, r5
1616:Middlewares/FreeRTOS/Source/queue.c **** 
 1888              		.loc 1 1616 9 discriminator 1 view .LVU638
 1889 0008 2E46     		mov	r6, r5
1497:Middlewares/FreeRTOS/Source/queue.c ****     BaseType_t xEntryTimeSet = pdFALSE;
 1890              		.loc 1 1497 1 view .LVU639
 1891 000a 85B0     		sub	sp, sp, #20
 1892              	.LCFI24:
 1893              		.cfi_def_cfa_offset 40
1497:Middlewares/FreeRTOS/Source/queue.c ****     BaseType_t xEntryTimeSet = pdFALSE;
 1894              		.loc 1 1497 1 view .LVU640
 1895 000c 0191     		str	r1, [sp, #4]
 1896              	.LVL179:
 1897              	.L159:
1507:Middlewares/FreeRTOS/Source/queue.c **** 
 1898              		.loc 1 1507 32 is_stmt 1 view .LVU641
1511:Middlewares/FreeRTOS/Source/queue.c **** 
 1899              		.loc 1 1511 45 view .LVU642
1516:Middlewares/FreeRTOS/Source/queue.c ****         }
 1900              		.loc 1 1516 114 view .LVU643
1523:Middlewares/FreeRTOS/Source/queue.c ****     {
 1901              		.loc 1 1523 5 view .LVU644
1525:Middlewares/FreeRTOS/Source/queue.c ****         {
 1902              		.loc 1 1525 9 view .LVU645
 1903 000e FFF7FEFF 		bl	vPortEnterCritical
 1904              	.LVL180:
 1905              	.LBB99:
1529:Middlewares/FreeRTOS/Source/queue.c **** 
 1906              		.loc 1 1529 13 view .LVU646
1529:Middlewares/FreeRTOS/Source/queue.c **** 
 1907              		.loc 1 1529 31 is_stmt 0 view .LVU647
 1908 0012 A36B     		ldr	r3, [r4, #56]
 1909              	.LVL181:
1533:Middlewares/FreeRTOS/Source/queue.c ****             {
 1910              		.loc 1 1533 13 is_stmt 1 view .LVU648
1533:Middlewares/FreeRTOS/Source/queue.c ****             {
 1911              		.loc 1 1533 15 is_stmt 0 view .LVU649
 1912 0014 E3B1     		cbz	r3, .L160
1535:Middlewares/FreeRTOS/Source/queue.c **** 
 1913              		.loc 1 1535 46 is_stmt 1 view .LVU650
1539:Middlewares/FreeRTOS/Source/queue.c **** 
 1914              		.loc 1 1539 17 view .LVU651
1539:Middlewares/FreeRTOS/Source/queue.c **** 
 1915              		.loc 1 1539 63 is_stmt 0 view .LVU652
 1916 0016 013B     		subs	r3, r3, #1
 1917              	.LVL182:
ARM GAS  C:\Users\airforce\AppData\Local\Temp\cc49S5gS.s 			page 92


1539:Middlewares/FreeRTOS/Source/queue.c **** 
 1918              		.loc 1 1539 44 view .LVU653
 1919 0018 A363     		str	r3, [r4, #56]
1543:Middlewares/FreeRTOS/Source/queue.c ****                         {
 1920              		.loc 1 1543 25 is_stmt 1 view .LVU654
1543:Middlewares/FreeRTOS/Source/queue.c ****                         {
 1921              		.loc 1 1543 27 is_stmt 0 view .LVU655
 1922 001a 2368     		ldr	r3, [r4]
 1923              	.LVL183:
1543:Middlewares/FreeRTOS/Source/queue.c ****                         {
 1924              		.loc 1 1543 27 view .LVU656
 1925 001c 13B9     		cbnz	r3, .L161
1547:Middlewares/FreeRTOS/Source/queue.c ****                         }
 1926              		.loc 1 1547 29 is_stmt 1 view .LVU657
1547:Middlewares/FreeRTOS/Source/queue.c ****                         }
 1927              		.loc 1 1547 66 is_stmt 0 view .LVU658
 1928 001e FFF7FEFF 		bl	pvTaskIncrementMutexHeldCount
 1929              	.LVL184:
1547:Middlewares/FreeRTOS/Source/queue.c ****                         }
 1930              		.loc 1 1547 64 discriminator 1 view .LVU659
 1931 0022 A060     		str	r0, [r4, #8]
 1932              	.L161:
1551:Middlewares/FreeRTOS/Source/queue.c ****                         }
 1933              		.loc 1 1551 53 is_stmt 1 view .LVU660
1558:Middlewares/FreeRTOS/Source/queue.c ****                 {
 1934              		.loc 1 1558 17 view .LVU661
1558:Middlewares/FreeRTOS/Source/queue.c ****                 {
 1935              		.loc 1 1558 21 is_stmt 0 view .LVU662
 1936 0024 2369     		ldr	r3, [r4, #16]
1558:Middlewares/FreeRTOS/Source/queue.c ****                 {
 1937              		.loc 1 1558 19 view .LVU663
 1938 0026 73B1     		cbz	r3, .L163
1560:Middlewares/FreeRTOS/Source/queue.c ****                     {
 1939              		.loc 1 1560 21 is_stmt 1 view .LVU664
1560:Middlewares/FreeRTOS/Source/queue.c ****                     {
 1940              		.loc 1 1560 25 is_stmt 0 view .LVU665
 1941 0028 04F11000 		add	r0, r4, #16
 1942 002c FFF7FEFF 		bl	xTaskRemoveFromEventList
 1943              	.LVL185:
1560:Middlewares/FreeRTOS/Source/queue.c ****                     {
 1944              		.loc 1 1560 23 discriminator 1 view .LVU666
 1945 0030 48B1     		cbz	r0, .L163
1562:Middlewares/FreeRTOS/Source/queue.c ****                     }
 1946              		.loc 1 1562 25 is_stmt 1 view .LVU667
 1947 0032 4FF0E023 		mov	r3, #-536813568
 1948 0036 4FF08052 		mov	r2, #268435456
 1949 003a C3F8042D 		str	r2, [r3, #3332]
1562:Middlewares/FreeRTOS/Source/queue.c ****                     }
 1950              		.loc 1 1562 25 view .LVU668
 1951              		.syntax unified
 1952              	@ 1562 "Middlewares/FreeRTOS/Source/queue.c" 1
 1953 003e BFF34F8F 		dsb
 1954              	@ 0 "" 2
1562:Middlewares/FreeRTOS/Source/queue.c ****                     }
 1955              		.loc 1 1562 25 view .LVU669
 1956              	@ 1562 "Middlewares/FreeRTOS/Source/queue.c" 1
 1957 0042 BFF36F8F 		isb
ARM GAS  C:\Users\airforce\AppData\Local\Temp\cc49S5gS.s 			page 93


 1958              	@ 0 "" 2
1562:Middlewares/FreeRTOS/Source/queue.c ****                     }
 1959              		.loc 1 1562 57 view .LVU670
 1960              		.thumb
 1961              		.syntax unified
 1962              	.L163:
1571:Middlewares/FreeRTOS/Source/queue.c ****                 }
 1963              		.loc 1 1571 45 view .LVU671
1574:Middlewares/FreeRTOS/Source/queue.c ****                 return pdPASS;
 1964              		.loc 1 1574 17 view .LVU672
 1965 0046 FFF7FEFF 		bl	vPortExitCritical
 1966              	.LVL186:
1575:Middlewares/FreeRTOS/Source/queue.c ****             }
 1967              		.loc 1 1575 17 view .LVU673
1575:Middlewares/FreeRTOS/Source/queue.c ****             }
 1968              		.loc 1 1575 24 is_stmt 0 view .LVU674
 1969 004a 0120     		movs	r0, #1
 1970              	.LVL187:
 1971              	.L158:
1575:Middlewares/FreeRTOS/Source/queue.c ****             }
 1972              		.loc 1 1575 24 view .LVU675
 1973              	.LBE99:
1711:Middlewares/FreeRTOS/Source/queue.c **** /*-----------------------------------------------------------*/
 1974              		.loc 1 1711 1 view .LVU676
 1975 004c 05B0     		add	sp, sp, #20
 1976              	.LCFI25:
 1977              		.cfi_remember_state
 1978              		.cfi_def_cfa_offset 20
 1979              		@ sp needed
 1980 004e F0BD     		pop	{r4, r5, r6, r7, pc}
 1981              	.LVL188:
 1982              	.L160:
 1983              	.LCFI26:
 1984              		.cfi_restore_state
 1985              	.LBB100:
1579:Middlewares/FreeRTOS/Source/queue.c ****                 {
 1986              		.loc 1 1579 17 is_stmt 1 view .LVU677
1579:Middlewares/FreeRTOS/Source/queue.c ****                 {
 1987              		.loc 1 1579 19 is_stmt 0 view .LVU678
 1988 0050 019B     		ldr	r3, [sp, #4]
 1989              	.LVL189:
1579:Middlewares/FreeRTOS/Source/queue.c ****                 {
 1990              		.loc 1 1579 19 view .LVU679
 1991 0052 1BB9     		cbnz	r3, .L166
 1992              	.LVL190:
 1993              	.L188:
1579:Middlewares/FreeRTOS/Source/queue.c ****                 {
 1994              		.loc 1 1579 19 view .LVU680
 1995              	.LBE100:
1697:Middlewares/FreeRTOS/Source/queue.c ****                         }
 1996              		.loc 1 1697 29 is_stmt 1 view .LVU681
 1997 0054 FFF7FEFF 		bl	vPortExitCritical
 1998              	.LVL191:
 1999              	.L167:
 2000              	.LBB101:
1594:Middlewares/FreeRTOS/Source/queue.c ****                 }
 2001              		.loc 1 1594 28 is_stmt 0 view .LVU682
ARM GAS  C:\Users\airforce\AppData\Local\Temp\cc49S5gS.s 			page 94


 2002 0058 0020     		movs	r0, #0
 2003 005a F7E7     		b	.L158
 2004              	.LVL192:
 2005              	.L166:
1596:Middlewares/FreeRTOS/Source/queue.c ****                 {
 2006              		.loc 1 1596 22 is_stmt 1 view .LVU683
1596:Middlewares/FreeRTOS/Source/queue.c ****                 {
 2007              		.loc 1 1596 24 is_stmt 0 view .LVU684
 2008 005c 17B9     		cbnz	r7, .L168
1600:Middlewares/FreeRTOS/Source/queue.c ****                     xEntryTimeSet = pdTRUE;
 2009              		.loc 1 1600 21 is_stmt 1 view .LVU685
 2010 005e 02A8     		add	r0, sp, #8
 2011 0060 FFF7FEFF 		bl	vTaskInternalSetTimeOutState
 2012              	.LVL193:
1601:Middlewares/FreeRTOS/Source/queue.c ****                 }
 2013              		.loc 1 1601 21 view .LVU686
 2014              	.L168:
1606:Middlewares/FreeRTOS/Source/queue.c ****                 }
 2015              		.loc 1 1606 45 view .LVU687
 2016              	.LBE101:
1610:Middlewares/FreeRTOS/Source/queue.c **** 
 2017              		.loc 1 1610 9 view .LVU688
 2018 0064 FFF7FEFF 		bl	vPortExitCritical
 2019              	.LVL194:
1615:Middlewares/FreeRTOS/Source/queue.c ****         prvLockQueue( pxQueue );
 2020              		.loc 1 1615 9 view .LVU689
 2021 0068 FFF7FEFF 		bl	vTaskSuspendAll
 2022              	.LVL195:
1616:Middlewares/FreeRTOS/Source/queue.c **** 
 2023              		.loc 1 1616 9 view .LVU690
 2024 006c FFF7FEFF 		bl	vPortEnterCritical
 2025              	.LVL196:
1616:Middlewares/FreeRTOS/Source/queue.c **** 
 2026              		.loc 1 1616 9 discriminator 1 view .LVU691
 2027 0070 94F84430 		ldrb	r3, [r4, #68]	@ zero_extendqisi2
 2028 0074 FF2B     		cmp	r3, #255
1616:Middlewares/FreeRTOS/Source/queue.c **** 
 2029              		.loc 1 1616 9 discriminator 1 view .LVU692
 2030 0076 08BF     		it	eq
 2031 0078 84F84460 		strbeq	r6, [r4, #68]
1616:Middlewares/FreeRTOS/Source/queue.c **** 
 2032              		.loc 1 1616 9 discriminator 3 view .LVU693
 2033 007c 94F84530 		ldrb	r3, [r4, #69]	@ zero_extendqisi2
 2034 0080 FF2B     		cmp	r3, #255
1616:Middlewares/FreeRTOS/Source/queue.c **** 
 2035              		.loc 1 1616 9 discriminator 4 view .LVU694
 2036 0082 08BF     		it	eq
 2037 0084 84F84560 		strbeq	r6, [r4, #69]
1616:Middlewares/FreeRTOS/Source/queue.c **** 
 2038              		.loc 1 1616 9 discriminator 6 view .LVU695
 2039 0088 FFF7FEFF 		bl	vPortExitCritical
 2040              	.LVL197:
1619:Middlewares/FreeRTOS/Source/queue.c ****         {
 2041              		.loc 1 1619 9 view .LVU696
1619:Middlewares/FreeRTOS/Source/queue.c ****         {
 2042              		.loc 1 1619 13 is_stmt 0 view .LVU697
 2043 008c 01A9     		add	r1, sp, #4
ARM GAS  C:\Users\airforce\AppData\Local\Temp\cc49S5gS.s 			page 95


 2044 008e 02A8     		add	r0, sp, #8
 2045 0090 FFF7FEFF 		bl	xTaskCheckForTimeOut
 2046              	.LVL198:
1619:Middlewares/FreeRTOS/Source/queue.c ****         {
 2047              		.loc 1 1619 11 discriminator 1 view .LVU698
 2048 0094 50BB     		cbnz	r0, .L171
1625:Middlewares/FreeRTOS/Source/queue.c ****             {
 2049              		.loc 1 1625 13 is_stmt 1 view .LVU699
1625:Middlewares/FreeRTOS/Source/queue.c ****             {
 2050              		.loc 1 1625 17 is_stmt 0 view .LVU700
 2051 0096 2046     		mov	r0, r4
 2052 0098 FFF7FEFF 		bl	prvIsQueueEmpty
 2053              	.LVL199:
1625:Middlewares/FreeRTOS/Source/queue.c ****             {
 2054              		.loc 1 1625 15 discriminator 1 view .LVU701
 2055 009c 00B3     		cbz	r0, .L172
1627:Middlewares/FreeRTOS/Source/queue.c **** 
 2056              		.loc 1 1627 58 is_stmt 1 view .LVU702
1631:Middlewares/FreeRTOS/Source/queue.c ****                         {
 2057              		.loc 1 1631 25 view .LVU703
1631:Middlewares/FreeRTOS/Source/queue.c ****                         {
 2058              		.loc 1 1631 27 is_stmt 0 view .LVU704
 2059 009e 2368     		ldr	r3, [r4]
 2060 00a0 3BB9     		cbnz	r3, .L173
1633:Middlewares/FreeRTOS/Source/queue.c ****                             {
 2061              		.loc 1 1633 29 is_stmt 1 view .LVU705
 2062 00a2 FFF7FEFF 		bl	vPortEnterCritical
 2063              	.LVL200:
1635:Middlewares/FreeRTOS/Source/queue.c ****                             }
 2064              		.loc 1 1635 33 view .LVU706
1635:Middlewares/FreeRTOS/Source/queue.c ****                             }
 2065              		.loc 1 1635 56 is_stmt 0 view .LVU707
 2066 00a6 A068     		ldr	r0, [r4, #8]
 2067 00a8 FFF7FEFF 		bl	xTaskPriorityInherit
 2068              	.LVL201:
 2069 00ac 0546     		mov	r5, r0
 2070              	.LVL202:
1637:Middlewares/FreeRTOS/Source/queue.c ****                         }
 2071              		.loc 1 1637 29 is_stmt 1 view .LVU708
 2072 00ae FFF7FEFF 		bl	vPortExitCritical
 2073              	.LVL203:
 2074              	.L173:
1641:Middlewares/FreeRTOS/Source/queue.c ****                         }
 2075              		.loc 1 1641 53 view .LVU709
1646:Middlewares/FreeRTOS/Source/queue.c ****                 prvUnlockQueue( pxQueue );
 2076              		.loc 1 1646 17 view .LVU710
 2077 00b2 0199     		ldr	r1, [sp, #4]
 2078 00b4 04F12400 		add	r0, r4, #36
 2079 00b8 FFF7FEFF 		bl	vTaskPlaceOnEventList
 2080              	.LVL204:
1647:Middlewares/FreeRTOS/Source/queue.c **** 
 2081              		.loc 1 1647 17 view .LVU711
 2082 00bc 2046     		mov	r0, r4
 2083 00be FFF7FEFF 		bl	prvUnlockQueue
 2084              	.LVL205:
1649:Middlewares/FreeRTOS/Source/queue.c ****                 {
 2085              		.loc 1 1649 17 view .LVU712
ARM GAS  C:\Users\airforce\AppData\Local\Temp\cc49S5gS.s 			page 96


1649:Middlewares/FreeRTOS/Source/queue.c ****                 {
 2086              		.loc 1 1649 21 is_stmt 0 view .LVU713
 2087 00c2 FFF7FEFF 		bl	xTaskResumeAll
 2088              	.LVL206:
1649:Middlewares/FreeRTOS/Source/queue.c ****                 {
 2089              		.loc 1 1649 19 discriminator 1 view .LVU714
 2090 00c6 48B9     		cbnz	r0, .L177
1651:Middlewares/FreeRTOS/Source/queue.c ****                 }
 2091              		.loc 1 1651 21 is_stmt 1 view .LVU715
 2092 00c8 4FF0E023 		mov	r3, #-536813568
 2093 00cc 4FF08052 		mov	r2, #268435456
 2094 00d0 C3F8042D 		str	r2, [r3, #3332]
1651:Middlewares/FreeRTOS/Source/queue.c ****                 }
 2095              		.loc 1 1651 21 view .LVU716
 2096              		.syntax unified
 2097              	@ 1651 "Middlewares/FreeRTOS/Source/queue.c" 1
 2098 00d4 BFF34F8F 		dsb
 2099              	@ 0 "" 2
1651:Middlewares/FreeRTOS/Source/queue.c ****                 }
 2100              		.loc 1 1651 21 view .LVU717
 2101              	@ 1651 "Middlewares/FreeRTOS/Source/queue.c" 1
 2102 00d8 BFF36F8F 		isb
 2103              	@ 0 "" 2
1651:Middlewares/FreeRTOS/Source/queue.c ****                 }
 2104              		.loc 1 1651 43 view .LVU718
 2105              		.thumb
 2106              		.syntax unified
 2107              	.L177:
1497:Middlewares/FreeRTOS/Source/queue.c ****     BaseType_t xEntryTimeSet = pdFALSE;
 2108              		.loc 1 1497 1 is_stmt 0 view .LVU719
 2109 00dc 0127     		movs	r7, #1
 2110 00de 96E7     		b	.L159
 2111              	.L172:
1662:Middlewares/FreeRTOS/Source/queue.c ****                 ( void ) xTaskResumeAll();
 2112              		.loc 1 1662 17 is_stmt 1 view .LVU720
 2113 00e0 2046     		mov	r0, r4
 2114 00e2 FFF7FEFF 		bl	prvUnlockQueue
 2115              	.LVL207:
1663:Middlewares/FreeRTOS/Source/queue.c ****             }
 2116              		.loc 1 1663 17 view .LVU721
1663:Middlewares/FreeRTOS/Source/queue.c ****             }
 2117              		.loc 1 1663 26 is_stmt 0 view .LVU722
 2118 00e6 FFF7FEFF 		bl	xTaskResumeAll
 2119              	.LVL208:
 2120 00ea F7E7     		b	.L177
 2121              	.L171:
1669:Middlewares/FreeRTOS/Source/queue.c ****             ( void ) xTaskResumeAll();
 2122              		.loc 1 1669 13 is_stmt 1 view .LVU723
 2123 00ec 2046     		mov	r0, r4
 2124 00ee FFF7FEFF 		bl	prvUnlockQueue
 2125              	.LVL209:
1670:Middlewares/FreeRTOS/Source/queue.c **** 
 2126              		.loc 1 1670 13 view .LVU724
1670:Middlewares/FreeRTOS/Source/queue.c **** 
 2127              		.loc 1 1670 22 is_stmt 0 view .LVU725
 2128 00f2 FFF7FEFF 		bl	xTaskResumeAll
 2129              	.LVL210:
ARM GAS  C:\Users\airforce\AppData\Local\Temp\cc49S5gS.s 			page 97


1676:Middlewares/FreeRTOS/Source/queue.c ****             {
 2130              		.loc 1 1676 13 is_stmt 1 view .LVU726
1676:Middlewares/FreeRTOS/Source/queue.c ****             {
 2131              		.loc 1 1676 17 is_stmt 0 view .LVU727
 2132 00f6 2046     		mov	r0, r4
 2133 00f8 FFF7FEFF 		bl	prvIsQueueEmpty
 2134              	.LVL211:
1676:Middlewares/FreeRTOS/Source/queue.c ****             {
 2135              		.loc 1 1676 15 discriminator 1 view .LVU728
 2136 00fc 0028     		cmp	r0, #0
 2137 00fe EDD0     		beq	.L177
1683:Middlewares/FreeRTOS/Source/queue.c ****                         {
 2138              		.loc 1 1683 25 is_stmt 1 view .LVU729
1683:Middlewares/FreeRTOS/Source/queue.c ****                         {
 2139              		.loc 1 1683 27 is_stmt 0 view .LVU730
 2140 0100 002D     		cmp	r5, #0
 2141 0102 A9D0     		beq	.L167
1685:Middlewares/FreeRTOS/Source/queue.c ****                             {
 2142              		.loc 1 1685 29 is_stmt 1 view .LVU731
 2143 0104 FFF7FEFF 		bl	vPortEnterCritical
 2144              	.LVL212:
 2145              	.LBB102:
1687:Middlewares/FreeRTOS/Source/queue.c **** 
 2146              		.loc 1 1687 33 view .LVU732
1694:Middlewares/FreeRTOS/Source/queue.c ****                                 vTaskPriorityDisinheritAfterTimeout( pxQueue->u.xSemaphore.xMutexHo
 2147              		.loc 1 1694 33 view .LVU733
 2148              	.LBB103:
 2149              	.LBI103:
2135:Middlewares/FreeRTOS/Source/queue.c ****     {
 2150              		.loc 1 2135 24 view .LVU734
 2151              	.LBB104:
2137:Middlewares/FreeRTOS/Source/queue.c **** 
 2152              		.loc 1 2137 9 view .LVU735
2145:Middlewares/FreeRTOS/Source/queue.c ****         {
 2153              		.loc 1 2145 9 view .LVU736
2145:Middlewares/FreeRTOS/Source/queue.c ****         {
 2154              		.loc 1 2145 13 is_stmt 0 view .LVU737
 2155 0108 616A     		ldr	r1, [r4, #36]
2145:Middlewares/FreeRTOS/Source/queue.c ****         {
 2156              		.loc 1 2145 11 view .LVU738
 2157 010a 19B1     		cbz	r1, .L178
2147:Middlewares/FreeRTOS/Source/queue.c ****         }
 2158              		.loc 1 2147 13 is_stmt 1 view .LVU739
2147:Middlewares/FreeRTOS/Source/queue.c ****         }
 2159              		.loc 1 2147 102 is_stmt 0 view .LVU740
 2160 010c 236B     		ldr	r3, [r4, #48]
2147:Middlewares/FreeRTOS/Source/queue.c ****         }
 2161              		.loc 1 2147 45 view .LVU741
 2162 010e 1968     		ldr	r1, [r3]
 2163 0110 C1F12001 		rsb	r1, r1, #32
 2164              	.L178:
 2165              	.LVL213:
2154:Middlewares/FreeRTOS/Source/queue.c ****     }
 2166              		.loc 1 2154 9 is_stmt 1 view .LVU742
2154:Middlewares/FreeRTOS/Source/queue.c ****     }
 2167              		.loc 1 2154 9 is_stmt 0 view .LVU743
 2168              	.LBE104:
ARM GAS  C:\Users\airforce\AppData\Local\Temp\cc49S5gS.s 			page 98


 2169              	.LBE103:
1695:Middlewares/FreeRTOS/Source/queue.c ****                             }
 2170              		.loc 1 1695 33 is_stmt 1 view .LVU744
 2171 0114 A068     		ldr	r0, [r4, #8]
 2172 0116 FFF7FEFF 		bl	vTaskPriorityDisinheritAfterTimeout
 2173              	.LVL214:
1695:Middlewares/FreeRTOS/Source/queue.c ****                             }
 2174              		.loc 1 1695 33 is_stmt 0 view .LVU745
 2175 011a 9BE7     		b	.L188
 2176              	.LBE102:
 2177              		.cfi_endproc
 2178              	.LFE81:
 2180              		.section	.text.xQueuePeek,"ax",%progbits
 2181              		.align	1
 2182              		.global	xQueuePeek
 2183              		.syntax unified
 2184              		.thumb
 2185              		.thumb_func
 2187              	xQueuePeek:
 2188              	.LVL215:
 2189              	.LFB82:
1717:Middlewares/FreeRTOS/Source/queue.c ****     BaseType_t xEntryTimeSet = pdFALSE;
 2190              		.loc 1 1717 1 is_stmt 1 view -0
 2191              		.cfi_startproc
 2192              		@ args = 0, pretend = 0, frame = 16
 2193              		@ frame_needed = 0, uses_anonymous_args = 0
1718:Middlewares/FreeRTOS/Source/queue.c ****     TimeOut_t xTimeOut;
 2194              		.loc 1 1718 5 view .LVU747
1719:Middlewares/FreeRTOS/Source/queue.c ****     int8_t * pcOriginalReadPosition;
 2195              		.loc 1 1719 5 view .LVU748
1720:Middlewares/FreeRTOS/Source/queue.c ****     Queue_t * const pxQueue = xQueue;
 2196              		.loc 1 1720 5 view .LVU749
1721:Middlewares/FreeRTOS/Source/queue.c **** 
 2197              		.loc 1 1721 5 view .LVU750
1717:Middlewares/FreeRTOS/Source/queue.c ****     BaseType_t xEntryTimeSet = pdFALSE;
 2198              		.loc 1 1717 1 is_stmt 0 view .LVU751
 2199 0000 F0B5     		push	{r4, r5, r6, r7, lr}
 2200              	.LCFI27:
 2201              		.cfi_def_cfa_offset 20
 2202              		.cfi_offset 4, -20
 2203              		.cfi_offset 5, -16
 2204              		.cfi_offset 6, -12
 2205              		.cfi_offset 7, -8
 2206              		.cfi_offset 14, -4
1718:Middlewares/FreeRTOS/Source/queue.c ****     TimeOut_t xTimeOut;
 2207              		.loc 1 1718 16 view .LVU752
 2208 0002 0026     		movs	r6, #0
1717:Middlewares/FreeRTOS/Source/queue.c ****     BaseType_t xEntryTimeSet = pdFALSE;
 2209              		.loc 1 1717 1 view .LVU753
 2210 0004 0446     		mov	r4, r0
 2211              	.LVL216:
1717:Middlewares/FreeRTOS/Source/queue.c ****     BaseType_t xEntryTimeSet = pdFALSE;
 2212              		.loc 1 1717 1 view .LVU754
 2213 0006 0D46     		mov	r5, r1
1814:Middlewares/FreeRTOS/Source/queue.c **** 
 2214              		.loc 1 1814 9 discriminator 1 view .LVU755
 2215 0008 3746     		mov	r7, r6
ARM GAS  C:\Users\airforce\AppData\Local\Temp\cc49S5gS.s 			page 99


1717:Middlewares/FreeRTOS/Source/queue.c ****     BaseType_t xEntryTimeSet = pdFALSE;
 2216              		.loc 1 1717 1 view .LVU756
 2217 000a 85B0     		sub	sp, sp, #20
 2218              	.LCFI28:
 2219              		.cfi_def_cfa_offset 40
1717:Middlewares/FreeRTOS/Source/queue.c ****     BaseType_t xEntryTimeSet = pdFALSE;
 2220              		.loc 1 1717 1 view .LVU757
 2221 000c 0192     		str	r2, [sp, #4]
 2222              	.LVL217:
 2223              	.L190:
1724:Middlewares/FreeRTOS/Source/queue.c **** 
 2224              		.loc 1 1724 32 is_stmt 1 view .LVU758
1728:Middlewares/FreeRTOS/Source/queue.c **** 
 2225              		.loc 1 1728 103 view .LVU759
1733:Middlewares/FreeRTOS/Source/queue.c ****         }
 2226              		.loc 1 1733 114 view .LVU760
1740:Middlewares/FreeRTOS/Source/queue.c ****     {
 2227              		.loc 1 1740 5 view .LVU761
1742:Middlewares/FreeRTOS/Source/queue.c ****         {
 2228              		.loc 1 1742 9 view .LVU762
 2229 000e FFF7FEFF 		bl	vPortEnterCritical
 2230              	.LVL218:
 2231              	.LBB105:
1744:Middlewares/FreeRTOS/Source/queue.c **** 
 2232              		.loc 1 1744 13 view .LVU763
1744:Middlewares/FreeRTOS/Source/queue.c **** 
 2233              		.loc 1 1744 31 is_stmt 0 view .LVU764
 2234 0012 A36B     		ldr	r3, [r4, #56]
 2235              	.LVL219:
1748:Middlewares/FreeRTOS/Source/queue.c ****             {
 2236              		.loc 1 1748 13 is_stmt 1 view .LVU765
1748:Middlewares/FreeRTOS/Source/queue.c ****             {
 2237              		.loc 1 1748 15 is_stmt 0 view .LVU766
 2238 0014 DBB1     		cbz	r3, .L191
1753:Middlewares/FreeRTOS/Source/queue.c **** 
 2239              		.loc 1 1753 17 is_stmt 1 view .LVU767
1755:Middlewares/FreeRTOS/Source/queue.c ****                 traceQUEUE_PEEK( pxQueue );
 2240              		.loc 1 1755 17 is_stmt 0 view .LVU768
 2241 0016 2946     		mov	r1, r5
 2242 0018 2046     		mov	r0, r4
1753:Middlewares/FreeRTOS/Source/queue.c **** 
 2243              		.loc 1 1753 40 view .LVU769
 2244 001a E668     		ldr	r6, [r4, #12]
 2245              	.LVL220:
1755:Middlewares/FreeRTOS/Source/queue.c ****                 traceQUEUE_PEEK( pxQueue );
 2246              		.loc 1 1755 17 is_stmt 1 view .LVU770
 2247 001c FFF7FEFF 		bl	prvCopyDataFromQueue
 2248              	.LVL221:
1756:Middlewares/FreeRTOS/Source/queue.c **** 
 2249              		.loc 1 1756 43 view .LVU771
1759:Middlewares/FreeRTOS/Source/queue.c **** 
 2250              		.loc 1 1759 17 view .LVU772
1763:Middlewares/FreeRTOS/Source/queue.c ****                 {
 2251              		.loc 1 1763 21 is_stmt 0 view .LVU773
 2252 0020 636A     		ldr	r3, [r4, #36]
1759:Middlewares/FreeRTOS/Source/queue.c **** 
 2253              		.loc 1 1759 46 view .LVU774
ARM GAS  C:\Users\airforce\AppData\Local\Temp\cc49S5gS.s 			page 100


 2254 0022 E660     		str	r6, [r4, #12]
1763:Middlewares/FreeRTOS/Source/queue.c ****                 {
 2255              		.loc 1 1763 17 is_stmt 1 view .LVU775
1763:Middlewares/FreeRTOS/Source/queue.c ****                 {
 2256              		.loc 1 1763 19 is_stmt 0 view .LVU776
 2257 0024 73B1     		cbz	r3, .L193
1765:Middlewares/FreeRTOS/Source/queue.c ****                     {
 2258              		.loc 1 1765 21 is_stmt 1 view .LVU777
1765:Middlewares/FreeRTOS/Source/queue.c ****                     {
 2259              		.loc 1 1765 25 is_stmt 0 view .LVU778
 2260 0026 04F12400 		add	r0, r4, #36
 2261 002a FFF7FEFF 		bl	xTaskRemoveFromEventList
 2262              	.LVL222:
1765:Middlewares/FreeRTOS/Source/queue.c ****                     {
 2263              		.loc 1 1765 23 discriminator 1 view .LVU779
 2264 002e 48B1     		cbz	r0, .L193
1768:Middlewares/FreeRTOS/Source/queue.c ****                     }
 2265              		.loc 1 1768 25 is_stmt 1 view .LVU780
 2266 0030 4FF0E023 		mov	r3, #-536813568
 2267 0034 4FF08052 		mov	r2, #268435456
 2268 0038 C3F8042D 		str	r2, [r3, #3332]
1768:Middlewares/FreeRTOS/Source/queue.c ****                     }
 2269              		.loc 1 1768 25 view .LVU781
 2270              		.syntax unified
 2271              	@ 1768 "Middlewares/FreeRTOS/Source/queue.c" 1
 2272 003c BFF34F8F 		dsb
 2273              	@ 0 "" 2
1768:Middlewares/FreeRTOS/Source/queue.c ****                     }
 2274              		.loc 1 1768 25 view .LVU782
 2275              	@ 1768 "Middlewares/FreeRTOS/Source/queue.c" 1
 2276 0040 BFF36F8F 		isb
 2277              	@ 0 "" 2
1768:Middlewares/FreeRTOS/Source/queue.c ****                     }
 2278              		.loc 1 1768 57 view .LVU783
 2279              		.thumb
 2280              		.syntax unified
 2281              	.L193:
1777:Middlewares/FreeRTOS/Source/queue.c ****                 }
 2282              		.loc 1 1777 45 view .LVU784
1780:Middlewares/FreeRTOS/Source/queue.c ****                 return pdPASS;
 2283              		.loc 1 1780 17 view .LVU785
 2284 0044 FFF7FEFF 		bl	vPortExitCritical
 2285              	.LVL223:
1781:Middlewares/FreeRTOS/Source/queue.c ****             }
 2286              		.loc 1 1781 17 view .LVU786
1781:Middlewares/FreeRTOS/Source/queue.c ****             }
 2287              		.loc 1 1781 24 is_stmt 0 view .LVU787
 2288 0048 0120     		movs	r0, #1
 2289              	.LVL224:
 2290              	.L189:
1781:Middlewares/FreeRTOS/Source/queue.c ****             }
 2291              		.loc 1 1781 24 view .LVU788
 2292              	.LBE105:
1862:Middlewares/FreeRTOS/Source/queue.c **** /*-----------------------------------------------------------*/
 2293              		.loc 1 1862 1 view .LVU789
 2294 004a 05B0     		add	sp, sp, #20
 2295              	.LCFI29:
ARM GAS  C:\Users\airforce\AppData\Local\Temp\cc49S5gS.s 			page 101


 2296              		.cfi_remember_state
 2297              		.cfi_def_cfa_offset 20
 2298              		@ sp needed
 2299 004c F0BD     		pop	{r4, r5, r6, r7, pc}
 2300              	.LVL225:
 2301              	.L191:
 2302              	.LCFI30:
 2303              		.cfi_restore_state
 2304              	.LBB106:
1785:Middlewares/FreeRTOS/Source/queue.c ****                 {
 2305              		.loc 1 1785 17 is_stmt 1 view .LVU790
1785:Middlewares/FreeRTOS/Source/queue.c ****                 {
 2306              		.loc 1 1785 19 is_stmt 0 view .LVU791
 2307 004e 019B     		ldr	r3, [sp, #4]
 2308              	.LVL226:
1785:Middlewares/FreeRTOS/Source/queue.c ****                 {
 2309              		.loc 1 1785 19 view .LVU792
 2310 0050 1BB9     		cbnz	r3, .L196
1789:Middlewares/FreeRTOS/Source/queue.c ****                     traceQUEUE_PEEK_FAILED( pxQueue );
 2311              		.loc 1 1789 21 is_stmt 1 view .LVU793
 2312 0052 FFF7FEFF 		bl	vPortExitCritical
 2313              	.LVL227:
1790:Middlewares/FreeRTOS/Source/queue.c ****                     return errQUEUE_EMPTY;
 2314              		.loc 1 1790 54 view .LVU794
1791:Middlewares/FreeRTOS/Source/queue.c ****                 }
 2315              		.loc 1 1791 21 view .LVU795
 2316              	.L197:
1791:Middlewares/FreeRTOS/Source/queue.c ****                 }
 2317              		.loc 1 1791 28 is_stmt 0 view .LVU796
 2318 0056 0020     		movs	r0, #0
 2319 0058 F7E7     		b	.L189
 2320              	.LVL228:
 2321              	.L196:
1793:Middlewares/FreeRTOS/Source/queue.c ****                 {
 2322              		.loc 1 1793 22 is_stmt 1 view .LVU797
1793:Middlewares/FreeRTOS/Source/queue.c ****                 {
 2323              		.loc 1 1793 24 is_stmt 0 view .LVU798
 2324 005a 16B9     		cbnz	r6, .L198
1798:Middlewares/FreeRTOS/Source/queue.c ****                     xEntryTimeSet = pdTRUE;
 2325              		.loc 1 1798 21 is_stmt 1 view .LVU799
 2326 005c 02A8     		add	r0, sp, #8
 2327 005e FFF7FEFF 		bl	vTaskInternalSetTimeOutState
 2328              	.LVL229:
1799:Middlewares/FreeRTOS/Source/queue.c ****                 }
 2329              		.loc 1 1799 21 view .LVU800
 2330              	.L198:
1804:Middlewares/FreeRTOS/Source/queue.c ****                 }
 2331              		.loc 1 1804 45 view .LVU801
 2332              	.LBE106:
1808:Middlewares/FreeRTOS/Source/queue.c **** 
 2333              		.loc 1 1808 9 view .LVU802
 2334 0062 FFF7FEFF 		bl	vPortExitCritical
 2335              	.LVL230:
1813:Middlewares/FreeRTOS/Source/queue.c ****         prvLockQueue( pxQueue );
 2336              		.loc 1 1813 9 view .LVU803
 2337 0066 FFF7FEFF 		bl	vTaskSuspendAll
 2338              	.LVL231:
ARM GAS  C:\Users\airforce\AppData\Local\Temp\cc49S5gS.s 			page 102


1814:Middlewares/FreeRTOS/Source/queue.c **** 
 2339              		.loc 1 1814 9 view .LVU804
 2340 006a FFF7FEFF 		bl	vPortEnterCritical
 2341              	.LVL232:
1814:Middlewares/FreeRTOS/Source/queue.c **** 
 2342              		.loc 1 1814 9 discriminator 1 view .LVU805
 2343 006e 94F84430 		ldrb	r3, [r4, #68]	@ zero_extendqisi2
 2344 0072 FF2B     		cmp	r3, #255
1814:Middlewares/FreeRTOS/Source/queue.c **** 
 2345              		.loc 1 1814 9 discriminator 1 view .LVU806
 2346 0074 08BF     		it	eq
 2347 0076 84F84470 		strbeq	r7, [r4, #68]
1814:Middlewares/FreeRTOS/Source/queue.c **** 
 2348              		.loc 1 1814 9 discriminator 3 view .LVU807
 2349 007a 94F84530 		ldrb	r3, [r4, #69]	@ zero_extendqisi2
 2350 007e FF2B     		cmp	r3, #255
1814:Middlewares/FreeRTOS/Source/queue.c **** 
 2351              		.loc 1 1814 9 discriminator 4 view .LVU808
 2352 0080 08BF     		it	eq
 2353 0082 84F84570 		strbeq	r7, [r4, #69]
1814:Middlewares/FreeRTOS/Source/queue.c **** 
 2354              		.loc 1 1814 9 discriminator 6 view .LVU809
 2355 0086 FFF7FEFF 		bl	vPortExitCritical
 2356              	.LVL233:
1817:Middlewares/FreeRTOS/Source/queue.c ****         {
 2357              		.loc 1 1817 9 view .LVU810
1817:Middlewares/FreeRTOS/Source/queue.c ****         {
 2358              		.loc 1 1817 13 is_stmt 0 view .LVU811
 2359 008a 01A9     		add	r1, sp, #4
 2360 008c 02A8     		add	r0, sp, #8
 2361 008e FFF7FEFF 		bl	xTaskCheckForTimeOut
 2362              	.LVL234:
1817:Middlewares/FreeRTOS/Source/queue.c ****         {
 2363              		.loc 1 1817 11 discriminator 1 view .LVU812
 2364 0092 00BB     		cbnz	r0, .L201
1821:Middlewares/FreeRTOS/Source/queue.c ****             {
 2365              		.loc 1 1821 13 is_stmt 1 view .LVU813
1821:Middlewares/FreeRTOS/Source/queue.c ****             {
 2366              		.loc 1 1821 17 is_stmt 0 view .LVU814
 2367 0094 2046     		mov	r0, r4
 2368 0096 FFF7FEFF 		bl	prvIsQueueEmpty
 2369              	.LVL235:
1821:Middlewares/FreeRTOS/Source/queue.c ****             {
 2370              		.loc 1 1821 15 discriminator 1 view .LVU815
 2371 009a B0B1     		cbz	r0, .L202
1823:Middlewares/FreeRTOS/Source/queue.c ****                 vTaskPlaceOnEventList( &( pxQueue->xTasksWaitingToReceive ), xTicksToWait );
 2372              		.loc 1 1823 55 is_stmt 1 view .LVU816
1824:Middlewares/FreeRTOS/Source/queue.c ****                 prvUnlockQueue( pxQueue );
 2373              		.loc 1 1824 17 view .LVU817
 2374 009c 0199     		ldr	r1, [sp, #4]
 2375 009e 04F12400 		add	r0, r4, #36
 2376 00a2 FFF7FEFF 		bl	vTaskPlaceOnEventList
 2377              	.LVL236:
1825:Middlewares/FreeRTOS/Source/queue.c **** 
 2378              		.loc 1 1825 17 view .LVU818
 2379 00a6 2046     		mov	r0, r4
 2380 00a8 FFF7FEFF 		bl	prvUnlockQueue
ARM GAS  C:\Users\airforce\AppData\Local\Temp\cc49S5gS.s 			page 103


 2381              	.LVL237:
1827:Middlewares/FreeRTOS/Source/queue.c ****                 {
 2382              		.loc 1 1827 17 view .LVU819
1827:Middlewares/FreeRTOS/Source/queue.c ****                 {
 2383              		.loc 1 1827 21 is_stmt 0 view .LVU820
 2384 00ac FFF7FEFF 		bl	xTaskResumeAll
 2385              	.LVL238:
1827:Middlewares/FreeRTOS/Source/queue.c ****                 {
 2386              		.loc 1 1827 19 discriminator 1 view .LVU821
 2387 00b0 48B9     		cbnz	r0, .L204
1829:Middlewares/FreeRTOS/Source/queue.c ****                 }
 2388              		.loc 1 1829 21 is_stmt 1 view .LVU822
 2389 00b2 4FF0E023 		mov	r3, #-536813568
 2390 00b6 4FF08052 		mov	r2, #268435456
 2391 00ba C3F8042D 		str	r2, [r3, #3332]
1829:Middlewares/FreeRTOS/Source/queue.c ****                 }
 2392              		.loc 1 1829 21 view .LVU823
 2393              		.syntax unified
 2394              	@ 1829 "Middlewares/FreeRTOS/Source/queue.c" 1
 2395 00be BFF34F8F 		dsb
 2396              	@ 0 "" 2
1829:Middlewares/FreeRTOS/Source/queue.c ****                 }
 2397              		.loc 1 1829 21 view .LVU824
 2398              	@ 1829 "Middlewares/FreeRTOS/Source/queue.c" 1
 2399 00c2 BFF36F8F 		isb
 2400              	@ 0 "" 2
1829:Middlewares/FreeRTOS/Source/queue.c ****                 }
 2401              		.loc 1 1829 43 view .LVU825
 2402              		.thumb
 2403              		.syntax unified
 2404              	.L204:
1717:Middlewares/FreeRTOS/Source/queue.c ****     BaseType_t xEntryTimeSet = pdFALSE;
 2405              		.loc 1 1717 1 is_stmt 0 view .LVU826
 2406 00c6 0126     		movs	r6, #1
 2407 00c8 A1E7     		b	.L190
 2408              	.L202:
1840:Middlewares/FreeRTOS/Source/queue.c ****                 ( void ) xTaskResumeAll();
 2409              		.loc 1 1840 17 is_stmt 1 view .LVU827
 2410 00ca 2046     		mov	r0, r4
 2411 00cc FFF7FEFF 		bl	prvUnlockQueue
 2412              	.LVL239:
1841:Middlewares/FreeRTOS/Source/queue.c ****             }
 2413              		.loc 1 1841 17 view .LVU828
1841:Middlewares/FreeRTOS/Source/queue.c ****             }
 2414              		.loc 1 1841 26 is_stmt 0 view .LVU829
 2415 00d0 FFF7FEFF 		bl	xTaskResumeAll
 2416              	.LVL240:
 2417 00d4 F7E7     		b	.L204
 2418              	.L201:
1848:Middlewares/FreeRTOS/Source/queue.c ****             ( void ) xTaskResumeAll();
 2419              		.loc 1 1848 13 is_stmt 1 view .LVU830
 2420 00d6 2046     		mov	r0, r4
 2421 00d8 FFF7FEFF 		bl	prvUnlockQueue
 2422              	.LVL241:
1849:Middlewares/FreeRTOS/Source/queue.c **** 
 2423              		.loc 1 1849 13 view .LVU831
1849:Middlewares/FreeRTOS/Source/queue.c **** 
ARM GAS  C:\Users\airforce\AppData\Local\Temp\cc49S5gS.s 			page 104


 2424              		.loc 1 1849 22 is_stmt 0 view .LVU832
 2425 00dc FFF7FEFF 		bl	xTaskResumeAll
 2426              	.LVL242:
1851:Middlewares/FreeRTOS/Source/queue.c ****             {
 2427              		.loc 1 1851 13 is_stmt 1 view .LVU833
1851:Middlewares/FreeRTOS/Source/queue.c ****             {
 2428              		.loc 1 1851 17 is_stmt 0 view .LVU834
 2429 00e0 2046     		mov	r0, r4
 2430 00e2 FFF7FEFF 		bl	prvIsQueueEmpty
 2431              	.LVL243:
1851:Middlewares/FreeRTOS/Source/queue.c ****             {
 2432              		.loc 1 1851 15 discriminator 1 view .LVU835
 2433 00e6 0028     		cmp	r0, #0
 2434 00e8 EDD0     		beq	.L204
 2435 00ea B4E7     		b	.L197
 2436              		.cfi_endproc
 2437              	.LFE82:
 2439              		.section	.text.xQueueReceiveFromISR,"ax",%progbits
 2440              		.align	1
 2441              		.global	xQueueReceiveFromISR
 2442              		.syntax unified
 2443              		.thumb
 2444              		.thumb_func
 2446              	xQueueReceiveFromISR:
 2447              	.LVL244:
 2448              	.LFB83:
1868:Middlewares/FreeRTOS/Source/queue.c ****     BaseType_t xReturn;
 2449              		.loc 1 1868 1 is_stmt 1 view -0
 2450              		.cfi_startproc
 2451              		@ args = 0, pretend = 0, frame = 0
 2452              		@ frame_needed = 0, uses_anonymous_args = 0
1869:Middlewares/FreeRTOS/Source/queue.c ****     UBaseType_t uxSavedInterruptStatus;
 2453              		.loc 1 1869 5 view .LVU837
1870:Middlewares/FreeRTOS/Source/queue.c ****     Queue_t * const pxQueue = xQueue;
 2454              		.loc 1 1870 5 view .LVU838
1871:Middlewares/FreeRTOS/Source/queue.c **** 
 2455              		.loc 1 1871 5 view .LVU839
1873:Middlewares/FreeRTOS/Source/queue.c ****     configASSERT( !( ( pvBuffer == NULL ) && ( pxQueue->uxItemSize != ( UBaseType_t ) 0U ) ) );
 2456              		.loc 1 1873 28 view .LVU840
1874:Middlewares/FreeRTOS/Source/queue.c **** 
 2457              		.loc 1 1874 95 view .LVU841
1890:Middlewares/FreeRTOS/Source/queue.c **** 
 2458              		.loc 1 1890 47 view .LVU842
1892:Middlewares/FreeRTOS/Source/queue.c ****     {
 2459              		.loc 1 1892 5 view .LVU843
 2460              	.LBB107:
 2461              	.LBI107:
 212:Middlewares/FreeRTOS/Source/portable/GCC/ARM_CM3/portmacro.h ****     {
 2462              		.loc 2 212 38 view .LVU844
 2463              	.LBB108:
 214:Middlewares/FreeRTOS/Source/portable/GCC/ARM_CM3/portmacro.h **** 
 2464              		.loc 2 214 9 view .LVU845
 216:Middlewares/FreeRTOS/Source/portable/GCC/ARM_CM3/portmacro.h ****         (
 2465              		.loc 2 216 9 view .LVU846
 2466              	.LBE108:
 2467              	.LBE107:
1868:Middlewares/FreeRTOS/Source/queue.c ****     BaseType_t xReturn;
ARM GAS  C:\Users\airforce\AppData\Local\Temp\cc49S5gS.s 			page 105


 2468              		.loc 1 1868 1 is_stmt 0 view .LVU847
 2469 0000 2DE9F041 		push	{r4, r5, r6, r7, r8, lr}
 2470              	.LCFI31:
 2471              		.cfi_def_cfa_offset 24
 2472              		.cfi_offset 4, -24
 2473              		.cfi_offset 5, -20
 2474              		.cfi_offset 6, -16
 2475              		.cfi_offset 7, -12
 2476              		.cfi_offset 8, -8
 2477              		.cfi_offset 14, -4
1868:Middlewares/FreeRTOS/Source/queue.c ****     BaseType_t xReturn;
 2478              		.loc 1 1868 1 view .LVU848
 2479 0004 0546     		mov	r5, r0
 2480 0006 9046     		mov	r8, r2
 2481              	.LBB110:
 2482              	.LBB109:
 216:Middlewares/FreeRTOS/Source/portable/GCC/ARM_CM3/portmacro.h ****         (
 2483              		.loc 2 216 9 view .LVU849
 2484              		.syntax unified
 2485              	@ 216 "Middlewares/FreeRTOS/Source/portable/GCC/ARM_CM3/portmacro.h" 1
 2486 0008 EFF31187 			mrs r7, basepri											
 2487 000c 4FF05003 		mov r3, #80												
 2488 0010 83F31188 		msr basepri, r3											
 2489 0014 BFF36F8F 		isb														
 2490 0018 BFF34F8F 		dsb														
 2491              	
 2492              	@ 0 "" 2
 2493              	.LVL245:
 228:Middlewares/FreeRTOS/Source/portable/GCC/ARM_CM3/portmacro.h ****     }
 2494              		.loc 2 228 9 is_stmt 1 view .LVU850
 228:Middlewares/FreeRTOS/Source/portable/GCC/ARM_CM3/portmacro.h ****     }
 2495              		.loc 2 228 9 is_stmt 0 view .LVU851
 2496              		.thumb
 2497              		.syntax unified
 2498              	.LBE109:
 2499              	.LBE110:
 2500              	.LBB111:
1894:Middlewares/FreeRTOS/Source/queue.c **** 
 2501              		.loc 1 1894 9 is_stmt 1 view .LVU852
1894:Middlewares/FreeRTOS/Source/queue.c **** 
 2502              		.loc 1 1894 27 is_stmt 0 view .LVU853
 2503 001c 846B     		ldr	r4, [r0, #56]
 2504              	.LVL246:
1897:Middlewares/FreeRTOS/Source/queue.c ****         {
 2505              		.loc 1 1897 9 is_stmt 1 view .LVU854
1897:Middlewares/FreeRTOS/Source/queue.c ****         {
 2506              		.loc 1 1897 11 is_stmt 0 view .LVU855
 2507 001e FCB1     		cbz	r4, .L217
 2508              	.LBB112:
1899:Middlewares/FreeRTOS/Source/queue.c **** 
 2509              		.loc 1 1899 13 is_stmt 1 view .LVU856
1899:Middlewares/FreeRTOS/Source/queue.c **** 
 2510              		.loc 1 1899 26 is_stmt 0 view .LVU857
 2511 0020 90F84460 		ldrb	r6, [r0, #68]	@ zero_extendqisi2
1904:Middlewares/FreeRTOS/Source/queue.c **** 
 2512              		.loc 1 1904 60 view .LVU858
 2513 0024 013C     		subs	r4, r4, #1
ARM GAS  C:\Users\airforce\AppData\Local\Temp\cc49S5gS.s 			page 106


 2514              	.LVL247:
1899:Middlewares/FreeRTOS/Source/queue.c **** 
 2515              		.loc 1 1899 26 view .LVU859
 2516 0026 76B2     		sxtb	r6, r6
 2517              	.LVL248:
1901:Middlewares/FreeRTOS/Source/queue.c **** 
 2518              		.loc 1 1901 51 is_stmt 1 view .LVU860
1903:Middlewares/FreeRTOS/Source/queue.c ****             pxQueue->uxMessagesWaiting = uxMessagesWaiting - ( UBaseType_t ) 1;
 2519              		.loc 1 1903 13 view .LVU861
 2520 0028 FFF7FEFF 		bl	prvCopyDataFromQueue
 2521              	.LVL249:
1904:Middlewares/FreeRTOS/Source/queue.c **** 
 2522              		.loc 1 1904 13 view .LVU862
1910:Middlewares/FreeRTOS/Source/queue.c ****             {
 2523              		.loc 1 1910 15 is_stmt 0 view .LVU863
 2524 002c 731C     		adds	r3, r6, #1
1904:Middlewares/FreeRTOS/Source/queue.c **** 
 2525              		.loc 1 1904 40 view .LVU864
 2526 002e AC63     		str	r4, [r5, #56]
1910:Middlewares/FreeRTOS/Source/queue.c ****             {
 2527              		.loc 1 1910 13 is_stmt 1 view .LVU865
1910:Middlewares/FreeRTOS/Source/queue.c ****             {
 2528              		.loc 1 1910 15 is_stmt 0 view .LVU866
 2529 0030 11D1     		bne	.L213
1912:Middlewares/FreeRTOS/Source/queue.c ****                 {
 2530              		.loc 1 1912 17 is_stmt 1 view .LVU867
1912:Middlewares/FreeRTOS/Source/queue.c ****                 {
 2531              		.loc 1 1912 21 is_stmt 0 view .LVU868
 2532 0032 2B69     		ldr	r3, [r5, #16]
1912:Middlewares/FreeRTOS/Source/queue.c ****                 {
 2533              		.loc 1 1912 19 view .LVU869
 2534 0034 53B1     		cbz	r3, .L215
1914:Middlewares/FreeRTOS/Source/queue.c ****                     {
 2535              		.loc 1 1914 21 is_stmt 1 view .LVU870
1914:Middlewares/FreeRTOS/Source/queue.c ****                     {
 2536              		.loc 1 1914 25 is_stmt 0 view .LVU871
 2537 0036 05F11000 		add	r0, r5, #16
 2538 003a FFF7FEFF 		bl	xTaskRemoveFromEventList
 2539              	.LVL250:
1914:Middlewares/FreeRTOS/Source/queue.c ****                     {
 2540              		.loc 1 1914 23 discriminator 1 view .LVU872
 2541 003e 28B1     		cbz	r0, .L215
1918:Middlewares/FreeRTOS/Source/queue.c ****                         {
 2542              		.loc 1 1918 25 is_stmt 1 view .LVU873
1918:Middlewares/FreeRTOS/Source/queue.c ****                         {
 2543              		.loc 1 1918 27 is_stmt 0 view .LVU874
 2544 0040 B8F1000F 		cmp	r8, #0
 2545 0044 02D0     		beq	.L215
1920:Middlewares/FreeRTOS/Source/queue.c ****                         }
 2546              		.loc 1 1920 29 is_stmt 1 view .LVU875
1920:Middlewares/FreeRTOS/Source/queue.c ****                         }
 2547              		.loc 1 1920 56 is_stmt 0 view .LVU876
 2548 0046 0123     		movs	r3, #1
 2549 0048 C8F80030 		str	r3, [r8]
 2550              	.LVL251:
 2551              	.L215:
1946:Middlewares/FreeRTOS/Source/queue.c ****         }
ARM GAS  C:\Users\airforce\AppData\Local\Temp\cc49S5gS.s 			page 107


 2552              		.loc 1 1946 21 view .LVU877
 2553 004c 0120     		movs	r0, #1
 2554              	.LVL252:
 2555              	.L212:
1946:Middlewares/FreeRTOS/Source/queue.c ****         }
 2556              		.loc 1 1946 21 view .LVU878
 2557              	.LBE112:
1951:Middlewares/FreeRTOS/Source/queue.c ****         }
 2558              		.loc 1 1951 58 is_stmt 1 view .LVU879
 2559              	.LBE111:
1954:Middlewares/FreeRTOS/Source/queue.c **** 
 2560              		.loc 1 1954 5 view .LVU880
 2561              	.LBB114:
 2562              	.LBI114:
 232:Middlewares/FreeRTOS/Source/portable/GCC/ARM_CM3/portmacro.h ****     {
 2563              		.loc 2 232 34 view .LVU881
 2564              	.LBB115:
 2565              		.loc 2 234 9 view .LVU882
 2566              		.syntax unified
 2567              	@ 234 "Middlewares/FreeRTOS/Source/portable/GCC/ARM_CM3/portmacro.h" 1
 2568 004e 87F31188 			msr basepri, r7	
 2569              	@ 0 "" 2
 2570              	.LVL253:
 2571              		.loc 2 234 9 is_stmt 0 view .LVU883
 2572              		.thumb
 2573              		.syntax unified
 2574              	.LBE115:
 2575              	.LBE114:
1956:Middlewares/FreeRTOS/Source/queue.c **** }
 2576              		.loc 1 1956 5 is_stmt 1 view .LVU884
1957:Middlewares/FreeRTOS/Source/queue.c **** /*-----------------------------------------------------------*/
 2577              		.loc 1 1957 1 is_stmt 0 view .LVU885
 2578 0052 BDE8F081 		pop	{r4, r5, r6, r7, r8, pc}
 2579              	.LVL254:
 2580              	.L213:
 2581              	.LBB116:
 2582              	.LBB113:
1941:Middlewares/FreeRTOS/Source/queue.c **** 
 2583              		.loc 1 1941 57 is_stmt 1 view .LVU886
1943:Middlewares/FreeRTOS/Source/queue.c ****             }
 2584              		.loc 1 1943 17 view .LVU887
1943:Middlewares/FreeRTOS/Source/queue.c ****             }
 2585              		.loc 1 1943 57 is_stmt 0 view .LVU888
 2586 0056 0136     		adds	r6, r6, #1
 2587              	.LVL255:
1943:Middlewares/FreeRTOS/Source/queue.c ****             }
 2588              		.loc 1 1943 36 view .LVU889
 2589 0058 76B2     		sxtb	r6, r6
 2590              	.LVL256:
1943:Middlewares/FreeRTOS/Source/queue.c ****             }
 2591              		.loc 1 1943 34 view .LVU890
 2592 005a 85F84460 		strb	r6, [r5, #68]
 2593 005e F5E7     		b	.L215
 2594              	.LVL257:
 2595              	.L217:
1943:Middlewares/FreeRTOS/Source/queue.c ****             }
 2596              		.loc 1 1943 34 view .LVU891
ARM GAS  C:\Users\airforce\AppData\Local\Temp\cc49S5gS.s 			page 108


 2597              	.LBE113:
1950:Middlewares/FreeRTOS/Source/queue.c ****             traceQUEUE_RECEIVE_FROM_ISR_FAILED( pxQueue );
 2598              		.loc 1 1950 21 view .LVU892
 2599 0060 2046     		mov	r0, r4
 2600              	.LVL258:
1950:Middlewares/FreeRTOS/Source/queue.c ****             traceQUEUE_RECEIVE_FROM_ISR_FAILED( pxQueue );
 2601              		.loc 1 1950 21 view .LVU893
 2602 0062 F4E7     		b	.L212
 2603              	.LBE116:
 2604              		.cfi_endproc
 2605              	.LFE83:
 2607              		.section	.text.xQueuePeekFromISR,"ax",%progbits
 2608              		.align	1
 2609              		.global	xQueuePeekFromISR
 2610              		.syntax unified
 2611              		.thumb
 2612              		.thumb_func
 2614              	xQueuePeekFromISR:
 2615              	.LVL259:
 2616              	.LFB84:
1962:Middlewares/FreeRTOS/Source/queue.c ****     BaseType_t xReturn;
 2617              		.loc 1 1962 1 is_stmt 1 view -0
 2618              		.cfi_startproc
 2619              		@ args = 0, pretend = 0, frame = 0
 2620              		@ frame_needed = 0, uses_anonymous_args = 0
1963:Middlewares/FreeRTOS/Source/queue.c ****     UBaseType_t uxSavedInterruptStatus;
 2621              		.loc 1 1963 5 view .LVU895
1964:Middlewares/FreeRTOS/Source/queue.c ****     int8_t * pcOriginalReadPosition;
 2622              		.loc 1 1964 5 view .LVU896
1965:Middlewares/FreeRTOS/Source/queue.c ****     Queue_t * const pxQueue = xQueue;
 2623              		.loc 1 1965 5 view .LVU897
1966:Middlewares/FreeRTOS/Source/queue.c **** 
 2624              		.loc 1 1966 5 view .LVU898
1968:Middlewares/FreeRTOS/Source/queue.c ****     configASSERT( !( ( pvBuffer == NULL ) && ( pxQueue->uxItemSize != ( UBaseType_t ) 0U ) ) );
 2625              		.loc 1 1968 28 view .LVU899
1969:Middlewares/FreeRTOS/Source/queue.c ****     configASSERT( pxQueue->uxItemSize != 0 ); /* Can't peek a semaphore. */
 2626              		.loc 1 1969 95 view .LVU900
1970:Middlewares/FreeRTOS/Source/queue.c **** 
 2627              		.loc 1 1970 45 view .LVU901
1986:Middlewares/FreeRTOS/Source/queue.c **** 
 2628              		.loc 1 1986 47 view .LVU902
1988:Middlewares/FreeRTOS/Source/queue.c ****     {
 2629              		.loc 1 1988 5 view .LVU903
 2630              	.LBB117:
 2631              	.LBI117:
 212:Middlewares/FreeRTOS/Source/portable/GCC/ARM_CM3/portmacro.h ****     {
 2632              		.loc 2 212 38 view .LVU904
 2633              	.LBB118:
 214:Middlewares/FreeRTOS/Source/portable/GCC/ARM_CM3/portmacro.h **** 
 2634              		.loc 2 214 9 view .LVU905
 216:Middlewares/FreeRTOS/Source/portable/GCC/ARM_CM3/portmacro.h ****         (
 2635              		.loc 2 216 9 view .LVU906
 2636              	.LBE118:
 2637              	.LBE117:
1962:Middlewares/FreeRTOS/Source/queue.c ****     BaseType_t xReturn;
 2638              		.loc 1 1962 1 is_stmt 0 view .LVU907
 2639 0000 70B5     		push	{r4, r5, r6, lr}
ARM GAS  C:\Users\airforce\AppData\Local\Temp\cc49S5gS.s 			page 109


 2640              	.LCFI32:
 2641              		.cfi_def_cfa_offset 16
 2642              		.cfi_offset 4, -16
 2643              		.cfi_offset 5, -12
 2644              		.cfi_offset 6, -8
 2645              		.cfi_offset 14, -4
1962:Middlewares/FreeRTOS/Source/queue.c ****     BaseType_t xReturn;
 2646              		.loc 1 1962 1 view .LVU908
 2647 0002 0446     		mov	r4, r0
 2648              	.LBB120:
 2649              	.LBB119:
 216:Middlewares/FreeRTOS/Source/portable/GCC/ARM_CM3/portmacro.h ****         (
 2650              		.loc 2 216 9 view .LVU909
 2651              		.syntax unified
 2652              	@ 216 "Middlewares/FreeRTOS/Source/portable/GCC/ARM_CM3/portmacro.h" 1
 2653 0004 EFF31185 			mrs r5, basepri											
 2654 0008 4FF05003 		mov r3, #80												
 2655 000c 83F31188 		msr basepri, r3											
 2656 0010 BFF36F8F 		isb														
 2657 0014 BFF34F8F 		dsb														
 2658              	
 2659              	@ 0 "" 2
 2660              	.LVL260:
 228:Middlewares/FreeRTOS/Source/portable/GCC/ARM_CM3/portmacro.h ****     }
 2661              		.loc 2 228 9 is_stmt 1 view .LVU910
 228:Middlewares/FreeRTOS/Source/portable/GCC/ARM_CM3/portmacro.h ****     }
 2662              		.loc 2 228 9 is_stmt 0 view .LVU911
 2663              		.thumb
 2664              		.syntax unified
 2665              	.LBE119:
 2666              	.LBE120:
1991:Middlewares/FreeRTOS/Source/queue.c ****         {
 2667              		.loc 1 1991 9 is_stmt 1 view .LVU912
1991:Middlewares/FreeRTOS/Source/queue.c ****         {
 2668              		.loc 1 1991 20 is_stmt 0 view .LVU913
 2669 0018 836B     		ldr	r3, [r0, #56]
1991:Middlewares/FreeRTOS/Source/queue.c ****         {
 2670              		.loc 1 1991 11 view .LVU914
 2671 001a 3BB1     		cbz	r3, .L226
1993:Middlewares/FreeRTOS/Source/queue.c **** 
 2672              		.loc 1 1993 48 is_stmt 1 view .LVU915
1997:Middlewares/FreeRTOS/Source/queue.c ****             prvCopyDataFromQueue( pxQueue, pvBuffer );
 2673              		.loc 1 1997 13 view .LVU916
1997:Middlewares/FreeRTOS/Source/queue.c ****             prvCopyDataFromQueue( pxQueue, pvBuffer );
 2674              		.loc 1 1997 36 is_stmt 0 view .LVU917
 2675 001c C668     		ldr	r6, [r0, #12]
 2676              	.LVL261:
1998:Middlewares/FreeRTOS/Source/queue.c ****             pxQueue->u.xQueue.pcReadFrom = pcOriginalReadPosition;
 2677              		.loc 1 1998 13 is_stmt 1 view .LVU918
 2678 001e FFF7FEFF 		bl	prvCopyDataFromQueue
 2679              	.LVL262:
1999:Middlewares/FreeRTOS/Source/queue.c **** 
 2680              		.loc 1 1999 13 view .LVU919
2001:Middlewares/FreeRTOS/Source/queue.c ****         }
 2681              		.loc 1 2001 21 is_stmt 0 view .LVU920
 2682 0022 0120     		movs	r0, #1
1999:Middlewares/FreeRTOS/Source/queue.c **** 
ARM GAS  C:\Users\airforce\AppData\Local\Temp\cc49S5gS.s 			page 110


 2683              		.loc 1 1999 42 view .LVU921
 2684 0024 E660     		str	r6, [r4, #12]
2001:Middlewares/FreeRTOS/Source/queue.c ****         }
 2685              		.loc 1 2001 13 is_stmt 1 view .LVU922
 2686              	.LVL263:
 2687              	.L225:
2006:Middlewares/FreeRTOS/Source/queue.c ****         }
 2688              		.loc 1 2006 55 view .LVU923
2009:Middlewares/FreeRTOS/Source/queue.c **** 
 2689              		.loc 1 2009 5 view .LVU924
 2690              	.LBB121:
 2691              	.LBI121:
 232:Middlewares/FreeRTOS/Source/portable/GCC/ARM_CM3/portmacro.h ****     {
 2692              		.loc 2 232 34 view .LVU925
 2693              	.LBB122:
 2694              		.loc 2 234 9 view .LVU926
 2695              		.syntax unified
 2696              	@ 234 "Middlewares/FreeRTOS/Source/portable/GCC/ARM_CM3/portmacro.h" 1
 2697 0026 85F31188 			msr basepri, r5	
 2698              	@ 0 "" 2
 2699              	.LVL264:
 2700              		.loc 2 234 9 is_stmt 0 view .LVU927
 2701              		.thumb
 2702              		.syntax unified
 2703              	.LBE122:
 2704              	.LBE121:
2011:Middlewares/FreeRTOS/Source/queue.c **** }
 2705              		.loc 1 2011 5 is_stmt 1 view .LVU928
2012:Middlewares/FreeRTOS/Source/queue.c **** /*-----------------------------------------------------------*/
 2706              		.loc 1 2012 1 is_stmt 0 view .LVU929
 2707 002a 70BD     		pop	{r4, r5, r6, pc}
 2708              	.LVL265:
 2709              	.L226:
2005:Middlewares/FreeRTOS/Source/queue.c ****             traceQUEUE_PEEK_FROM_ISR_FAILED( pxQueue );
 2710              		.loc 1 2005 21 view .LVU930
 2711 002c 1846     		mov	r0, r3
 2712              	.LVL266:
2005:Middlewares/FreeRTOS/Source/queue.c ****             traceQUEUE_PEEK_FROM_ISR_FAILED( pxQueue );
 2713              		.loc 1 2005 21 view .LVU931
 2714 002e FAE7     		b	.L225
 2715              		.cfi_endproc
 2716              	.LFE84:
 2718              		.section	.text.uxQueueMessagesWaiting,"ax",%progbits
 2719              		.align	1
 2720              		.global	uxQueueMessagesWaiting
 2721              		.syntax unified
 2722              		.thumb
 2723              		.thumb_func
 2725              	uxQueueMessagesWaiting:
 2726              	.LVL267:
 2727              	.LFB85:
2016:Middlewares/FreeRTOS/Source/queue.c ****     UBaseType_t uxReturn;
 2728              		.loc 1 2016 1 is_stmt 1 view -0
 2729              		.cfi_startproc
 2730              		@ args = 0, pretend = 0, frame = 0
 2731              		@ frame_needed = 0, uses_anonymous_args = 0
2017:Middlewares/FreeRTOS/Source/queue.c **** 
ARM GAS  C:\Users\airforce\AppData\Local\Temp\cc49S5gS.s 			page 111


 2732              		.loc 1 2017 5 view .LVU933
2019:Middlewares/FreeRTOS/Source/queue.c **** 
 2733              		.loc 1 2019 27 view .LVU934
2021:Middlewares/FreeRTOS/Source/queue.c ****     {
 2734              		.loc 1 2021 5 view .LVU935
2016:Middlewares/FreeRTOS/Source/queue.c ****     UBaseType_t uxReturn;
 2735              		.loc 1 2016 1 is_stmt 0 view .LVU936
 2736 0000 10B5     		push	{r4, lr}
 2737              	.LCFI33:
 2738              		.cfi_def_cfa_offset 8
 2739              		.cfi_offset 4, -8
 2740              		.cfi_offset 14, -4
2016:Middlewares/FreeRTOS/Source/queue.c ****     UBaseType_t uxReturn;
 2741              		.loc 1 2016 1 view .LVU937
 2742 0002 0446     		mov	r4, r0
2021:Middlewares/FreeRTOS/Source/queue.c ****     {
 2743              		.loc 1 2021 5 view .LVU938
 2744 0004 FFF7FEFF 		bl	vPortEnterCritical
 2745              	.LVL268:
2023:Middlewares/FreeRTOS/Source/queue.c ****     }
 2746              		.loc 1 2023 9 is_stmt 1 view .LVU939
2023:Middlewares/FreeRTOS/Source/queue.c ****     }
 2747              		.loc 1 2023 18 is_stmt 0 view .LVU940
 2748 0008 A46B     		ldr	r4, [r4, #56]
 2749              	.LVL269:
2025:Middlewares/FreeRTOS/Source/queue.c **** 
 2750              		.loc 1 2025 5 is_stmt 1 view .LVU941
 2751 000a FFF7FEFF 		bl	vPortExitCritical
 2752              	.LVL270:
2027:Middlewares/FreeRTOS/Source/queue.c **** } /*lint !e818 Pointer cannot be declared const as xQueue is a typedef not pointer. */
 2753              		.loc 1 2027 5 view .LVU942
2028:Middlewares/FreeRTOS/Source/queue.c **** /*-----------------------------------------------------------*/
 2754              		.loc 1 2028 1 is_stmt 0 view .LVU943
 2755 000e 2046     		mov	r0, r4
 2756 0010 10BD     		pop	{r4, pc}
2028:Middlewares/FreeRTOS/Source/queue.c **** /*-----------------------------------------------------------*/
 2757              		.loc 1 2028 1 view .LVU944
 2758              		.cfi_endproc
 2759              	.LFE85:
 2761              		.section	.text.uxQueueSpacesAvailable,"ax",%progbits
 2762              		.align	1
 2763              		.global	uxQueueSpacesAvailable
 2764              		.syntax unified
 2765              		.thumb
 2766              		.thumb_func
 2768              	uxQueueSpacesAvailable:
 2769              	.LVL271:
 2770              	.LFB86:
2032:Middlewares/FreeRTOS/Source/queue.c ****     UBaseType_t uxReturn;
 2771              		.loc 1 2032 1 is_stmt 1 view -0
 2772              		.cfi_startproc
 2773              		@ args = 0, pretend = 0, frame = 0
 2774              		@ frame_needed = 0, uses_anonymous_args = 0
2033:Middlewares/FreeRTOS/Source/queue.c ****     Queue_t * const pxQueue = xQueue;
 2775              		.loc 1 2033 5 view .LVU946
2034:Middlewares/FreeRTOS/Source/queue.c **** 
 2776              		.loc 1 2034 5 view .LVU947
ARM GAS  C:\Users\airforce\AppData\Local\Temp\cc49S5gS.s 			page 112


2032:Middlewares/FreeRTOS/Source/queue.c ****     UBaseType_t uxReturn;
 2777              		.loc 1 2032 1 is_stmt 0 view .LVU948
 2778 0000 10B5     		push	{r4, lr}
 2779              	.LCFI34:
 2780              		.cfi_def_cfa_offset 8
 2781              		.cfi_offset 4, -8
 2782              		.cfi_offset 14, -4
2032:Middlewares/FreeRTOS/Source/queue.c ****     UBaseType_t uxReturn;
 2783              		.loc 1 2032 1 view .LVU949
 2784 0002 0446     		mov	r4, r0
 2785              	.LVL272:
2036:Middlewares/FreeRTOS/Source/queue.c **** 
 2786              		.loc 1 2036 28 is_stmt 1 view .LVU950
2038:Middlewares/FreeRTOS/Source/queue.c ****     {
 2787              		.loc 1 2038 5 view .LVU951
 2788 0004 FFF7FEFF 		bl	vPortEnterCritical
 2789              	.LVL273:
2040:Middlewares/FreeRTOS/Source/queue.c ****     }
 2790              		.loc 1 2040 9 view .LVU952
2040:Middlewares/FreeRTOS/Source/queue.c ****     }
 2791              		.loc 1 2040 47 is_stmt 0 view .LVU953
 2792 0008 A36B     		ldr	r3, [r4, #56]
2040:Middlewares/FreeRTOS/Source/queue.c ****     }
 2793              		.loc 1 2040 18 view .LVU954
 2794 000a E46B     		ldr	r4, [r4, #60]
 2795              	.LVL274:
2040:Middlewares/FreeRTOS/Source/queue.c ****     }
 2796              		.loc 1 2040 18 view .LVU955
 2797 000c E41A     		subs	r4, r4, r3
 2798              	.LVL275:
2042:Middlewares/FreeRTOS/Source/queue.c **** 
 2799              		.loc 1 2042 5 is_stmt 1 view .LVU956
 2800 000e FFF7FEFF 		bl	vPortExitCritical
 2801              	.LVL276:
2044:Middlewares/FreeRTOS/Source/queue.c **** } /*lint !e818 Pointer cannot be declared const as xQueue is a typedef not pointer. */
 2802              		.loc 1 2044 5 view .LVU957
2045:Middlewares/FreeRTOS/Source/queue.c **** /*-----------------------------------------------------------*/
 2803              		.loc 1 2045 1 is_stmt 0 view .LVU958
 2804 0012 2046     		mov	r0, r4
 2805 0014 10BD     		pop	{r4, pc}
2045:Middlewares/FreeRTOS/Source/queue.c **** /*-----------------------------------------------------------*/
 2806              		.loc 1 2045 1 view .LVU959
 2807              		.cfi_endproc
 2808              	.LFE86:
 2810              		.section	.text.uxQueueMessagesWaitingFromISR,"ax",%progbits
 2811              		.align	1
 2812              		.global	uxQueueMessagesWaitingFromISR
 2813              		.syntax unified
 2814              		.thumb
 2815              		.thumb_func
 2817              	uxQueueMessagesWaitingFromISR:
 2818              	.LVL277:
 2819              	.LFB87:
2049:Middlewares/FreeRTOS/Source/queue.c ****     UBaseType_t uxReturn;
 2820              		.loc 1 2049 1 is_stmt 1 view -0
 2821              		.cfi_startproc
 2822              		@ args = 0, pretend = 0, frame = 0
ARM GAS  C:\Users\airforce\AppData\Local\Temp\cc49S5gS.s 			page 113


 2823              		@ frame_needed = 0, uses_anonymous_args = 0
 2824              		@ link register save eliminated.
2050:Middlewares/FreeRTOS/Source/queue.c ****     Queue_t * const pxQueue = xQueue;
 2825              		.loc 1 2050 5 view .LVU961
2051:Middlewares/FreeRTOS/Source/queue.c **** 
 2826              		.loc 1 2051 5 view .LVU962
2053:Middlewares/FreeRTOS/Source/queue.c ****     uxReturn = pxQueue->uxMessagesWaiting;
 2827              		.loc 1 2053 28 view .LVU963
2054:Middlewares/FreeRTOS/Source/queue.c **** 
 2828              		.loc 1 2054 5 view .LVU964
2054:Middlewares/FreeRTOS/Source/queue.c **** 
 2829              		.loc 1 2054 14 is_stmt 0 view .LVU965
 2830 0000 806B     		ldr	r0, [r0, #56]
 2831              	.LVL278:
2056:Middlewares/FreeRTOS/Source/queue.c **** } /*lint !e818 Pointer cannot be declared const as xQueue is a typedef not pointer. */
 2832              		.loc 1 2056 5 is_stmt 1 view .LVU966
2057:Middlewares/FreeRTOS/Source/queue.c **** /*-----------------------------------------------------------*/
 2833              		.loc 1 2057 1 is_stmt 0 view .LVU967
 2834 0002 7047     		bx	lr
 2835              		.cfi_endproc
 2836              	.LFE87:
 2838              		.section	.text.vQueueDelete,"ax",%progbits
 2839              		.align	1
 2840              		.global	vQueueDelete
 2841              		.syntax unified
 2842              		.thumb
 2843              		.thumb_func
 2845              	vQueueDelete:
 2846              	.LVL279:
 2847              	.LFB88:
2061:Middlewares/FreeRTOS/Source/queue.c ****     Queue_t * const pxQueue = xQueue;
 2848              		.loc 1 2061 1 is_stmt 1 view -0
 2849              		.cfi_startproc
 2850              		@ args = 0, pretend = 0, frame = 0
 2851              		@ frame_needed = 0, uses_anonymous_args = 0
 2852              		@ link register save eliminated.
2062:Middlewares/FreeRTOS/Source/queue.c **** 
 2853              		.loc 1 2062 5 view .LVU969
2064:Middlewares/FreeRTOS/Source/queue.c ****     traceQUEUE_DELETE( pxQueue );
 2854              		.loc 1 2064 28 view .LVU970
2065:Middlewares/FreeRTOS/Source/queue.c **** 
 2855              		.loc 1 2065 33 view .LVU971
2083:Middlewares/FreeRTOS/Source/queue.c ****             {
 2856              		.loc 1 2083 13 view .LVU972
2083:Middlewares/FreeRTOS/Source/queue.c ****             {
 2857              		.loc 1 2083 15 is_stmt 0 view .LVU973
 2858 0000 90F84630 		ldrb	r3, [r0, #70]	@ zero_extendqisi2
 2859 0004 0BB9     		cbnz	r3, .L230
2085:Middlewares/FreeRTOS/Source/queue.c ****             }
 2860              		.loc 1 2085 17 is_stmt 1 view .LVU974
 2861 0006 FFF7FEBF 		b	vPortFree
 2862              	.LVL280:
 2863              	.L230:
2099:Middlewares/FreeRTOS/Source/queue.c **** /*-----------------------------------------------------------*/
 2864              		.loc 1 2099 1 is_stmt 0 view .LVU975
 2865 000a 7047     		bx	lr
 2866              		.cfi_endproc
ARM GAS  C:\Users\airforce\AppData\Local\Temp\cc49S5gS.s 			page 114


 2867              	.LFE88:
 2869              		.section	.text.uxQueueGetQueueNumber,"ax",%progbits
 2870              		.align	1
 2871              		.global	uxQueueGetQueueNumber
 2872              		.syntax unified
 2873              		.thumb
 2874              		.thumb_func
 2876              	uxQueueGetQueueNumber:
 2877              	.LVL281:
 2878              	.LFB89:
2105:Middlewares/FreeRTOS/Source/queue.c ****         return ( ( Queue_t * ) xQueue )->uxQueueNumber;
 2879              		.loc 1 2105 5 is_stmt 1 view -0
 2880              		.cfi_startproc
 2881              		@ args = 0, pretend = 0, frame = 0
 2882              		@ frame_needed = 0, uses_anonymous_args = 0
 2883              		@ link register save eliminated.
2106:Middlewares/FreeRTOS/Source/queue.c ****     }
 2884              		.loc 1 2106 9 view .LVU977
2107:Middlewares/FreeRTOS/Source/queue.c **** 
 2885              		.loc 1 2107 5 is_stmt 0 view .LVU978
 2886 0000 806C     		ldr	r0, [r0, #72]
 2887              	.LVL282:
2107:Middlewares/FreeRTOS/Source/queue.c **** 
 2888              		.loc 1 2107 5 view .LVU979
 2889 0002 7047     		bx	lr
 2890              		.cfi_endproc
 2891              	.LFE89:
 2893              		.section	.text.vQueueSetQueueNumber,"ax",%progbits
 2894              		.align	1
 2895              		.global	vQueueSetQueueNumber
 2896              		.syntax unified
 2897              		.thumb
 2898              		.thumb_func
 2900              	vQueueSetQueueNumber:
 2901              	.LVL283:
 2902              	.LFB90:
2116:Middlewares/FreeRTOS/Source/queue.c ****         ( ( Queue_t * ) xQueue )->uxQueueNumber = uxQueueNumber;
 2903              		.loc 1 2116 5 is_stmt 1 view -0
 2904              		.cfi_startproc
 2905              		@ args = 0, pretend = 0, frame = 0
 2906              		@ frame_needed = 0, uses_anonymous_args = 0
 2907              		@ link register save eliminated.
2117:Middlewares/FreeRTOS/Source/queue.c ****     }
 2908              		.loc 1 2117 9 view .LVU981
2117:Middlewares/FreeRTOS/Source/queue.c ****     }
 2909              		.loc 1 2117 49 is_stmt 0 view .LVU982
 2910 0000 8164     		str	r1, [r0, #72]
2118:Middlewares/FreeRTOS/Source/queue.c **** 
 2911              		.loc 1 2118 5 view .LVU983
 2912 0002 7047     		bx	lr
 2913              		.cfi_endproc
 2914              	.LFE90:
 2916              		.section	.text.ucQueueGetQueueType,"ax",%progbits
 2917              		.align	1
 2918              		.global	ucQueueGetQueueType
 2919              		.syntax unified
 2920              		.thumb
ARM GAS  C:\Users\airforce\AppData\Local\Temp\cc49S5gS.s 			page 115


 2921              		.thumb_func
 2923              	ucQueueGetQueueType:
 2924              	.LVL284:
 2925              	.LFB91:
2126:Middlewares/FreeRTOS/Source/queue.c ****         return ( ( Queue_t * ) xQueue )->ucQueueType;
 2926              		.loc 1 2126 5 is_stmt 1 view -0
 2927              		.cfi_startproc
 2928              		@ args = 0, pretend = 0, frame = 0
 2929              		@ frame_needed = 0, uses_anonymous_args = 0
 2930              		@ link register save eliminated.
2127:Middlewares/FreeRTOS/Source/queue.c ****     }
 2931              		.loc 1 2127 9 view .LVU985
2128:Middlewares/FreeRTOS/Source/queue.c **** 
 2932              		.loc 1 2128 5 is_stmt 0 view .LVU986
 2933 0000 90F84C00 		ldrb	r0, [r0, #76]	@ zero_extendqisi2
 2934              	.LVL285:
2128:Middlewares/FreeRTOS/Source/queue.c **** 
 2935              		.loc 1 2128 5 view .LVU987
 2936 0004 7047     		bx	lr
 2937              		.cfi_endproc
 2938              	.LFE91:
 2940              		.section	.text.xQueueIsQueueEmptyFromISR,"ax",%progbits
 2941              		.align	1
 2942              		.global	xQueueIsQueueEmptyFromISR
 2943              		.syntax unified
 2944              		.thumb
 2945              		.thumb_func
 2947              	xQueueIsQueueEmptyFromISR:
 2948              	.LVL286:
 2949              	.LFB97:
2406:Middlewares/FreeRTOS/Source/queue.c ****     BaseType_t xReturn;
 2950              		.loc 1 2406 1 is_stmt 1 view -0
 2951              		.cfi_startproc
 2952              		@ args = 0, pretend = 0, frame = 0
 2953              		@ frame_needed = 0, uses_anonymous_args = 0
 2954              		@ link register save eliminated.
2407:Middlewares/FreeRTOS/Source/queue.c ****     Queue_t * const pxQueue = xQueue;
 2955              		.loc 1 2407 5 view .LVU989
2408:Middlewares/FreeRTOS/Source/queue.c **** 
 2956              		.loc 1 2408 5 view .LVU990
2410:Middlewares/FreeRTOS/Source/queue.c **** 
 2957              		.loc 1 2410 28 view .LVU991
2412:Middlewares/FreeRTOS/Source/queue.c ****     {
 2958              		.loc 1 2412 5 view .LVU992
2412:Middlewares/FreeRTOS/Source/queue.c ****     {
 2959              		.loc 1 2412 16 is_stmt 0 view .LVU993
 2960 0000 806B     		ldr	r0, [r0, #56]
 2961              	.LVL287:
2421:Middlewares/FreeRTOS/Source/queue.c **** } /*lint !e818 xQueue could not be pointer to const because it is a typedef. */
 2962              		.loc 1 2421 5 is_stmt 1 view .LVU994
2422:Middlewares/FreeRTOS/Source/queue.c **** /*-----------------------------------------------------------*/
 2963              		.loc 1 2422 1 is_stmt 0 view .LVU995
 2964 0002 B0FA80F0 		clz	r0, r0
 2965              	.LVL288:
2422:Middlewares/FreeRTOS/Source/queue.c **** /*-----------------------------------------------------------*/
 2966              		.loc 1 2422 1 view .LVU996
 2967 0006 4009     		lsrs	r0, r0, #5
ARM GAS  C:\Users\airforce\AppData\Local\Temp\cc49S5gS.s 			page 116


 2968 0008 7047     		bx	lr
 2969              		.cfi_endproc
 2970              	.LFE97:
 2972              		.section	.text.xQueueIsQueueFullFromISR,"ax",%progbits
 2973              		.align	1
 2974              		.global	xQueueIsQueueFullFromISR
 2975              		.syntax unified
 2976              		.thumb
 2977              		.thumb_func
 2979              	xQueueIsQueueFullFromISR:
 2980              	.LVL289:
 2981              	.LFB99:
2443:Middlewares/FreeRTOS/Source/queue.c **** }
2444:Middlewares/FreeRTOS/Source/queue.c **** /*-----------------------------------------------------------*/
2445:Middlewares/FreeRTOS/Source/queue.c **** 
2446:Middlewares/FreeRTOS/Source/queue.c **** BaseType_t xQueueIsQueueFullFromISR( const QueueHandle_t xQueue )
2447:Middlewares/FreeRTOS/Source/queue.c **** {
 2982              		.loc 1 2447 1 is_stmt 1 view -0
 2983              		.cfi_startproc
 2984              		@ args = 0, pretend = 0, frame = 0
 2985              		@ frame_needed = 0, uses_anonymous_args = 0
 2986              		@ link register save eliminated.
2448:Middlewares/FreeRTOS/Source/queue.c ****     BaseType_t xReturn;
 2987              		.loc 1 2448 5 view .LVU998
2449:Middlewares/FreeRTOS/Source/queue.c ****     Queue_t * const pxQueue = xQueue;
 2988              		.loc 1 2449 5 view .LVU999
2450:Middlewares/FreeRTOS/Source/queue.c **** 
2451:Middlewares/FreeRTOS/Source/queue.c ****     configASSERT( pxQueue );
 2989              		.loc 1 2451 28 view .LVU1000
2452:Middlewares/FreeRTOS/Source/queue.c **** 
2453:Middlewares/FreeRTOS/Source/queue.c ****     if( pxQueue->uxMessagesWaiting == pxQueue->uxLength )
 2990              		.loc 1 2453 5 view .LVU1001
 2991              		.loc 1 2453 16 is_stmt 0 view .LVU1002
 2992 0000 836B     		ldr	r3, [r0, #56]
 2993              	.LVL290:
2454:Middlewares/FreeRTOS/Source/queue.c ****     {
2455:Middlewares/FreeRTOS/Source/queue.c ****         xReturn = pdTRUE;
2456:Middlewares/FreeRTOS/Source/queue.c ****     }
2457:Middlewares/FreeRTOS/Source/queue.c ****     else
2458:Middlewares/FreeRTOS/Source/queue.c ****     {
2459:Middlewares/FreeRTOS/Source/queue.c ****         xReturn = pdFALSE;
2460:Middlewares/FreeRTOS/Source/queue.c ****     }
2461:Middlewares/FreeRTOS/Source/queue.c **** 
2462:Middlewares/FreeRTOS/Source/queue.c ****     return xReturn;
 2994              		.loc 1 2462 5 is_stmt 1 view .LVU1003
2453:Middlewares/FreeRTOS/Source/queue.c ****     {
 2995              		.loc 1 2453 7 is_stmt 0 view .LVU1004
 2996 0002 C06B     		ldr	r0, [r0, #60]
 2997              	.LVL291:
2463:Middlewares/FreeRTOS/Source/queue.c **** } /*lint !e818 xQueue could not be pointer to const because it is a typedef. */
 2998              		.loc 1 2463 1 view .LVU1005
 2999 0004 C31A     		subs	r3, r0, r3
 3000              	.LVL292:
 3001              		.loc 1 2463 1 view .LVU1006
 3002 0006 5842     		rsbs	r0, r3, #0
 3003              		.loc 1 2463 1 view .LVU1007
 3004 0008 5841     		adcs	r0, r0, r3
ARM GAS  C:\Users\airforce\AppData\Local\Temp\cc49S5gS.s 			page 117


 3005 000a 7047     		bx	lr
 3006              		.cfi_endproc
 3007              	.LFE99:
 3009              		.text
 3010              	.Letext0:
 3011              		.file 3 "D:/stm32tools/arm-none-eabi-gcc/14.2.1-1.1.1/.content/lib/gcc/arm-none-eabi/14.2.1/includ
 3012              		.file 4 "D:/stm32tools/arm-none-eabi-gcc/14.2.1-1.1.1/.content/arm-none-eabi/include/machine/_defa
 3013              		.file 5 "D:/stm32tools/arm-none-eabi-gcc/14.2.1-1.1.1/.content/arm-none-eabi/include/sys/_stdint.h
 3014              		.file 6 "Middlewares/FreeRTOS/Source/include/FreeRTOS.h"
 3015              		.file 7 "Middlewares/FreeRTOS/Source/include/list.h"
 3016              		.file 8 "Middlewares/FreeRTOS/Source/include/task.h"
 3017              		.file 9 "Middlewares/FreeRTOS/Source/include/queue.h"
 3018              		.file 10 "Middlewares/FreeRTOS/Source/include/portable.h"
 3019              		.file 11 "D:/stm32tools/arm-none-eabi-gcc/14.2.1-1.1.1/.content/arm-none-eabi/include/string.h"
 3020              		.file 12 "<built-in>"
ARM GAS  C:\Users\airforce\AppData\Local\Temp\cc49S5gS.s 			page 118


DEFINED SYMBOLS
                            *ABS*:00000000 queue.c
C:\Users\airforce\AppData\Local\Temp\cc49S5gS.s:19     .text.prvIsQueueEmpty:00000000 $t
C:\Users\airforce\AppData\Local\Temp\cc49S5gS.s:24     .text.prvIsQueueEmpty:00000000 prvIsQueueEmpty
C:\Users\airforce\AppData\Local\Temp\cc49S5gS.s:61     .text.prvCopyDataToQueue:00000000 $t
C:\Users\airforce\AppData\Local\Temp\cc49S5gS.s:66     .text.prvCopyDataToQueue:00000000 prvCopyDataToQueue
C:\Users\airforce\AppData\Local\Temp\cc49S5gS.s:209    .text.prvCopyDataFromQueue:00000000 $t
C:\Users\airforce\AppData\Local\Temp\cc49S5gS.s:214    .text.prvCopyDataFromQueue:00000000 prvCopyDataFromQueue
C:\Users\airforce\AppData\Local\Temp\cc49S5gS.s:280    .text.prvUnlockQueue:00000000 $t
C:\Users\airforce\AppData\Local\Temp\cc49S5gS.s:285    .text.prvUnlockQueue:00000000 prvUnlockQueue
C:\Users\airforce\AppData\Local\Temp\cc49S5gS.s:431    .text.xQueueGenericReset:00000000 $t
C:\Users\airforce\AppData\Local\Temp\cc49S5gS.s:437    .text.xQueueGenericReset:00000000 xQueueGenericReset
C:\Users\airforce\AppData\Local\Temp\cc49S5gS.s:581    .text.xQueueGenericCreateStatic:00000000 $t
C:\Users\airforce\AppData\Local\Temp\cc49S5gS.s:587    .text.xQueueGenericCreateStatic:00000000 xQueueGenericCreateStatic
C:\Users\airforce\AppData\Local\Temp\cc49S5gS.s:689    .text.xQueueGenericCreate:00000000 $t
C:\Users\airforce\AppData\Local\Temp\cc49S5gS.s:695    .text.xQueueGenericCreate:00000000 xQueueGenericCreate
C:\Users\airforce\AppData\Local\Temp\cc49S5gS.s:819    .text.xQueueGenericSend:00000000 $t
C:\Users\airforce\AppData\Local\Temp\cc49S5gS.s:825    .text.xQueueGenericSend:00000000 xQueueGenericSend
C:\Users\airforce\AppData\Local\Temp\cc49S5gS.s:1096   .text.xQueueCreateMutexStatic:00000000 $t
C:\Users\airforce\AppData\Local\Temp\cc49S5gS.s:1102   .text.xQueueCreateMutexStatic:00000000 xQueueCreateMutexStatic
C:\Users\airforce\AppData\Local\Temp\cc49S5gS.s:1188   .text.xQueueCreateMutex:00000000 $t
C:\Users\airforce\AppData\Local\Temp\cc49S5gS.s:1194   .text.xQueueCreateMutex:00000000 xQueueCreateMutex
C:\Users\airforce\AppData\Local\Temp\cc49S5gS.s:1269   .text.xQueueGenericSendFromISR:00000000 $t
C:\Users\airforce\AppData\Local\Temp\cc49S5gS.s:1275   .text.xQueueGenericSendFromISR:00000000 xQueueGenericSendFromISR
C:\Users\airforce\AppData\Local\Temp\cc49S5gS.s:1437   .text.xQueueGiveFromISR:00000000 $t
C:\Users\airforce\AppData\Local\Temp\cc49S5gS.s:1443   .text.xQueueGiveFromISR:00000000 xQueueGiveFromISR
C:\Users\airforce\AppData\Local\Temp\cc49S5gS.s:1603   .text.xQueueReceive:00000000 $t
C:\Users\airforce\AppData\Local\Temp\cc49S5gS.s:1609   .text.xQueueReceive:00000000 xQueueReceive
C:\Users\airforce\AppData\Local\Temp\cc49S5gS.s:1855   .text.xQueueSemaphoreTake:00000000 $t
C:\Users\airforce\AppData\Local\Temp\cc49S5gS.s:1861   .text.xQueueSemaphoreTake:00000000 xQueueSemaphoreTake
C:\Users\airforce\AppData\Local\Temp\cc49S5gS.s:2181   .text.xQueuePeek:00000000 $t
C:\Users\airforce\AppData\Local\Temp\cc49S5gS.s:2187   .text.xQueuePeek:00000000 xQueuePeek
C:\Users\airforce\AppData\Local\Temp\cc49S5gS.s:2440   .text.xQueueReceiveFromISR:00000000 $t
C:\Users\airforce\AppData\Local\Temp\cc49S5gS.s:2446   .text.xQueueReceiveFromISR:00000000 xQueueReceiveFromISR
C:\Users\airforce\AppData\Local\Temp\cc49S5gS.s:2608   .text.xQueuePeekFromISR:00000000 $t
C:\Users\airforce\AppData\Local\Temp\cc49S5gS.s:2614   .text.xQueuePeekFromISR:00000000 xQueuePeekFromISR
C:\Users\airforce\AppData\Local\Temp\cc49S5gS.s:2719   .text.uxQueueMessagesWaiting:00000000 $t
C:\Users\airforce\AppData\Local\Temp\cc49S5gS.s:2725   .text.uxQueueMessagesWaiting:00000000 uxQueueMessagesWaiting
C:\Users\airforce\AppData\Local\Temp\cc49S5gS.s:2762   .text.uxQueueSpacesAvailable:00000000 $t
C:\Users\airforce\AppData\Local\Temp\cc49S5gS.s:2768   .text.uxQueueSpacesAvailable:00000000 uxQueueSpacesAvailable
C:\Users\airforce\AppData\Local\Temp\cc49S5gS.s:2811   .text.uxQueueMessagesWaitingFromISR:00000000 $t
C:\Users\airforce\AppData\Local\Temp\cc49S5gS.s:2817   .text.uxQueueMessagesWaitingFromISR:00000000 uxQueueMessagesWaitingFromISR
C:\Users\airforce\AppData\Local\Temp\cc49S5gS.s:2839   .text.vQueueDelete:00000000 $t
C:\Users\airforce\AppData\Local\Temp\cc49S5gS.s:2845   .text.vQueueDelete:00000000 vQueueDelete
C:\Users\airforce\AppData\Local\Temp\cc49S5gS.s:2870   .text.uxQueueGetQueueNumber:00000000 $t
C:\Users\airforce\AppData\Local\Temp\cc49S5gS.s:2876   .text.uxQueueGetQueueNumber:00000000 uxQueueGetQueueNumber
C:\Users\airforce\AppData\Local\Temp\cc49S5gS.s:2894   .text.vQueueSetQueueNumber:00000000 $t
C:\Users\airforce\AppData\Local\Temp\cc49S5gS.s:2900   .text.vQueueSetQueueNumber:00000000 vQueueSetQueueNumber
C:\Users\airforce\AppData\Local\Temp\cc49S5gS.s:2917   .text.ucQueueGetQueueType:00000000 $t
C:\Users\airforce\AppData\Local\Temp\cc49S5gS.s:2923   .text.ucQueueGetQueueType:00000000 ucQueueGetQueueType
C:\Users\airforce\AppData\Local\Temp\cc49S5gS.s:2941   .text.xQueueIsQueueEmptyFromISR:00000000 $t
C:\Users\airforce\AppData\Local\Temp\cc49S5gS.s:2947   .text.xQueueIsQueueEmptyFromISR:00000000 xQueueIsQueueEmptyFromISR
C:\Users\airforce\AppData\Local\Temp\cc49S5gS.s:2973   .text.xQueueIsQueueFullFromISR:00000000 $t
C:\Users\airforce\AppData\Local\Temp\cc49S5gS.s:2979   .text.xQueueIsQueueFullFromISR:00000000 xQueueIsQueueFullFromISR

UNDEFINED SYMBOLS
vPortEnterCritical
ARM GAS  C:\Users\airforce\AppData\Local\Temp\cc49S5gS.s 			page 119


vPortExitCritical
xTaskPriorityDisinherit
memcpy
xTaskRemoveFromEventList
vTaskMissedYield
vListInitialise
pvPortMalloc
vTaskInternalSetTimeOutState
vTaskSuspendAll
xTaskCheckForTimeOut
vTaskPlaceOnEventList
xTaskResumeAll
pvTaskIncrementMutexHeldCount
xTaskPriorityInherit
vTaskPriorityDisinheritAfterTimeout
vPortFree
