ARM GAS  C:\Users\airforce\AppData\Local\Temp\cc3pEavS.s 			page 1


   1              		.cpu cortex-m3
   2              		.arch armv7-m
   3              		.fpu softvfp
   4              		.eabi_attribute 20, 1
   5              		.eabi_attribute 21, 1
   6              		.eabi_attribute 23, 3
   7              		.eabi_attribute 24, 1
   8              		.eabi_attribute 25, 1
   9              		.eabi_attribute 26, 1
  10              		.eabi_attribute 30, 4
  11              		.eabi_attribute 34, 1
  12              		.eabi_attribute 18, 4
  13              		.file	"stm32f1xx_hal_flash.c"
  14              		.text
  15              	.Ltext0:
  16              		.cfi_sections	.debug_frame
  17              		.file 1 "Drivers/STM32F1xx_HAL_Driver/Src/stm32f1xx_hal_flash.c"
  18              		.section	.text.FLASH_SetErrorCode,"ax",%progbits
  19              		.align	1
  20              		.syntax unified
  21              		.thumb
  22              		.thumb_func
  24              	FLASH_SetErrorCode:
  25              	.LFB78:
   1:Drivers/STM32F1xx_HAL_Driver/Src/stm32f1xx_hal_flash.c **** /**
   2:Drivers/STM32F1xx_HAL_Driver/Src/stm32f1xx_hal_flash.c ****   ******************************************************************************
   3:Drivers/STM32F1xx_HAL_Driver/Src/stm32f1xx_hal_flash.c ****   * @file    stm32f1xx_hal_flash.c
   4:Drivers/STM32F1xx_HAL_Driver/Src/stm32f1xx_hal_flash.c ****   * @author  MCD Application Team
   5:Drivers/STM32F1xx_HAL_Driver/Src/stm32f1xx_hal_flash.c ****   * @brief   FLASH HAL module driver.
   6:Drivers/STM32F1xx_HAL_Driver/Src/stm32f1xx_hal_flash.c ****   *          This file provides firmware functions to manage the following 
   7:Drivers/STM32F1xx_HAL_Driver/Src/stm32f1xx_hal_flash.c ****   *          functionalities of the internal FLASH memory:
   8:Drivers/STM32F1xx_HAL_Driver/Src/stm32f1xx_hal_flash.c ****   *           + Program operations functions
   9:Drivers/STM32F1xx_HAL_Driver/Src/stm32f1xx_hal_flash.c ****   *           + Memory Control functions 
  10:Drivers/STM32F1xx_HAL_Driver/Src/stm32f1xx_hal_flash.c ****   *           + Peripheral State functions
  11:Drivers/STM32F1xx_HAL_Driver/Src/stm32f1xx_hal_flash.c ****   *         
  12:Drivers/STM32F1xx_HAL_Driver/Src/stm32f1xx_hal_flash.c ****   @verbatim
  13:Drivers/STM32F1xx_HAL_Driver/Src/stm32f1xx_hal_flash.c ****   ==============================================================================
  14:Drivers/STM32F1xx_HAL_Driver/Src/stm32f1xx_hal_flash.c ****                         ##### FLASH peripheral features #####
  15:Drivers/STM32F1xx_HAL_Driver/Src/stm32f1xx_hal_flash.c ****   ==============================================================================
  16:Drivers/STM32F1xx_HAL_Driver/Src/stm32f1xx_hal_flash.c ****   [..] The Flash memory interface manages CPU AHB I-Code and D-Code accesses 
  17:Drivers/STM32F1xx_HAL_Driver/Src/stm32f1xx_hal_flash.c ****        to the Flash memory. It implements the erase and program Flash memory operations 
  18:Drivers/STM32F1xx_HAL_Driver/Src/stm32f1xx_hal_flash.c ****        and the read and write protection mechanisms.
  19:Drivers/STM32F1xx_HAL_Driver/Src/stm32f1xx_hal_flash.c **** 
  20:Drivers/STM32F1xx_HAL_Driver/Src/stm32f1xx_hal_flash.c ****   [..] The Flash memory interface accelerates code execution with a system of instruction
  21:Drivers/STM32F1xx_HAL_Driver/Src/stm32f1xx_hal_flash.c ****       prefetch. 
  22:Drivers/STM32F1xx_HAL_Driver/Src/stm32f1xx_hal_flash.c **** 
  23:Drivers/STM32F1xx_HAL_Driver/Src/stm32f1xx_hal_flash.c ****   [..] The FLASH main features are:
  24:Drivers/STM32F1xx_HAL_Driver/Src/stm32f1xx_hal_flash.c ****       (+) Flash memory read operations
  25:Drivers/STM32F1xx_HAL_Driver/Src/stm32f1xx_hal_flash.c ****       (+) Flash memory program/erase operations
  26:Drivers/STM32F1xx_HAL_Driver/Src/stm32f1xx_hal_flash.c ****       (+) Read / write protections
  27:Drivers/STM32F1xx_HAL_Driver/Src/stm32f1xx_hal_flash.c ****       (+) Prefetch on I-Code
  28:Drivers/STM32F1xx_HAL_Driver/Src/stm32f1xx_hal_flash.c ****       (+) Option Bytes programming
  29:Drivers/STM32F1xx_HAL_Driver/Src/stm32f1xx_hal_flash.c **** 
  30:Drivers/STM32F1xx_HAL_Driver/Src/stm32f1xx_hal_flash.c **** 
  31:Drivers/STM32F1xx_HAL_Driver/Src/stm32f1xx_hal_flash.c ****                      ##### How to use this driver #####
  32:Drivers/STM32F1xx_HAL_Driver/Src/stm32f1xx_hal_flash.c ****   ==============================================================================
  33:Drivers/STM32F1xx_HAL_Driver/Src/stm32f1xx_hal_flash.c ****   [..]                             
ARM GAS  C:\Users\airforce\AppData\Local\Temp\cc3pEavS.s 			page 2


  34:Drivers/STM32F1xx_HAL_Driver/Src/stm32f1xx_hal_flash.c ****       This driver provides functions and macros to configure and program the FLASH 
  35:Drivers/STM32F1xx_HAL_Driver/Src/stm32f1xx_hal_flash.c ****       memory of all STM32F1xx devices.
  36:Drivers/STM32F1xx_HAL_Driver/Src/stm32f1xx_hal_flash.c ****     
  37:Drivers/STM32F1xx_HAL_Driver/Src/stm32f1xx_hal_flash.c ****       (#) FLASH Memory I/O Programming functions: this group includes all needed
  38:Drivers/STM32F1xx_HAL_Driver/Src/stm32f1xx_hal_flash.c ****           functions to erase and program the main memory:
  39:Drivers/STM32F1xx_HAL_Driver/Src/stm32f1xx_hal_flash.c ****         (++) Lock and Unlock the FLASH interface
  40:Drivers/STM32F1xx_HAL_Driver/Src/stm32f1xx_hal_flash.c ****         (++) Erase function: Erase page, erase all pages
  41:Drivers/STM32F1xx_HAL_Driver/Src/stm32f1xx_hal_flash.c ****         (++) Program functions: half word, word and doubleword
  42:Drivers/STM32F1xx_HAL_Driver/Src/stm32f1xx_hal_flash.c ****       (#) FLASH Option Bytes Programming functions: this group includes all needed
  43:Drivers/STM32F1xx_HAL_Driver/Src/stm32f1xx_hal_flash.c ****           functions to manage the Option Bytes:
  44:Drivers/STM32F1xx_HAL_Driver/Src/stm32f1xx_hal_flash.c ****         (++) Lock and Unlock the Option Bytes
  45:Drivers/STM32F1xx_HAL_Driver/Src/stm32f1xx_hal_flash.c ****         (++) Set/Reset the write protection
  46:Drivers/STM32F1xx_HAL_Driver/Src/stm32f1xx_hal_flash.c ****         (++) Set the Read protection Level
  47:Drivers/STM32F1xx_HAL_Driver/Src/stm32f1xx_hal_flash.c ****         (++) Program the user Option Bytes
  48:Drivers/STM32F1xx_HAL_Driver/Src/stm32f1xx_hal_flash.c ****         (++) Launch the Option Bytes loader
  49:Drivers/STM32F1xx_HAL_Driver/Src/stm32f1xx_hal_flash.c ****         (++) Erase Option Bytes
  50:Drivers/STM32F1xx_HAL_Driver/Src/stm32f1xx_hal_flash.c ****         (++) Program the data Option Bytes
  51:Drivers/STM32F1xx_HAL_Driver/Src/stm32f1xx_hal_flash.c ****         (++) Get the Write protection.
  52:Drivers/STM32F1xx_HAL_Driver/Src/stm32f1xx_hal_flash.c ****         (++) Get the user option bytes.
  53:Drivers/STM32F1xx_HAL_Driver/Src/stm32f1xx_hal_flash.c ****     
  54:Drivers/STM32F1xx_HAL_Driver/Src/stm32f1xx_hal_flash.c ****       (#) Interrupts and flags management functions : this group 
  55:Drivers/STM32F1xx_HAL_Driver/Src/stm32f1xx_hal_flash.c ****           includes all needed functions to:
  56:Drivers/STM32F1xx_HAL_Driver/Src/stm32f1xx_hal_flash.c ****         (++) Handle FLASH interrupts
  57:Drivers/STM32F1xx_HAL_Driver/Src/stm32f1xx_hal_flash.c ****         (++) Wait for last FLASH operation according to its status
  58:Drivers/STM32F1xx_HAL_Driver/Src/stm32f1xx_hal_flash.c ****         (++) Get error flag status
  59:Drivers/STM32F1xx_HAL_Driver/Src/stm32f1xx_hal_flash.c **** 
  60:Drivers/STM32F1xx_HAL_Driver/Src/stm32f1xx_hal_flash.c ****   [..] In addition to these function, this driver includes a set of macros allowing
  61:Drivers/STM32F1xx_HAL_Driver/Src/stm32f1xx_hal_flash.c ****        to handle the following operations:
  62:Drivers/STM32F1xx_HAL_Driver/Src/stm32f1xx_hal_flash.c ****       
  63:Drivers/STM32F1xx_HAL_Driver/Src/stm32f1xx_hal_flash.c ****       (+) Set/Get the latency
  64:Drivers/STM32F1xx_HAL_Driver/Src/stm32f1xx_hal_flash.c ****       (+) Enable/Disable the prefetch buffer
  65:Drivers/STM32F1xx_HAL_Driver/Src/stm32f1xx_hal_flash.c ****       (+) Enable/Disable the half cycle access
  66:Drivers/STM32F1xx_HAL_Driver/Src/stm32f1xx_hal_flash.c ****       (+) Enable/Disable the FLASH interrupts
  67:Drivers/STM32F1xx_HAL_Driver/Src/stm32f1xx_hal_flash.c ****       (+) Monitor the FLASH flags status
  68:Drivers/STM32F1xx_HAL_Driver/Src/stm32f1xx_hal_flash.c ****           
  69:Drivers/STM32F1xx_HAL_Driver/Src/stm32f1xx_hal_flash.c ****   @endverbatim
  70:Drivers/STM32F1xx_HAL_Driver/Src/stm32f1xx_hal_flash.c ****   ******************************************************************************
  71:Drivers/STM32F1xx_HAL_Driver/Src/stm32f1xx_hal_flash.c ****   * @attention
  72:Drivers/STM32F1xx_HAL_Driver/Src/stm32f1xx_hal_flash.c ****   *
  73:Drivers/STM32F1xx_HAL_Driver/Src/stm32f1xx_hal_flash.c ****   * Copyright (c) 2016 STMicroelectronics.
  74:Drivers/STM32F1xx_HAL_Driver/Src/stm32f1xx_hal_flash.c ****   * All rights reserved.
  75:Drivers/STM32F1xx_HAL_Driver/Src/stm32f1xx_hal_flash.c ****   *
  76:Drivers/STM32F1xx_HAL_Driver/Src/stm32f1xx_hal_flash.c ****   * This software is licensed under terms that can be found in the LICENSE file in
  77:Drivers/STM32F1xx_HAL_Driver/Src/stm32f1xx_hal_flash.c ****   * the root directory of this software component.
  78:Drivers/STM32F1xx_HAL_Driver/Src/stm32f1xx_hal_flash.c ****   * If no LICENSE file comes with this software, it is provided AS-IS.
  79:Drivers/STM32F1xx_HAL_Driver/Src/stm32f1xx_hal_flash.c ****   ******************************************************************************
  80:Drivers/STM32F1xx_HAL_Driver/Src/stm32f1xx_hal_flash.c ****   */
  81:Drivers/STM32F1xx_HAL_Driver/Src/stm32f1xx_hal_flash.c **** 
  82:Drivers/STM32F1xx_HAL_Driver/Src/stm32f1xx_hal_flash.c **** /* Includes ------------------------------------------------------------------*/
  83:Drivers/STM32F1xx_HAL_Driver/Src/stm32f1xx_hal_flash.c **** #include "stm32f1xx_hal.h"
  84:Drivers/STM32F1xx_HAL_Driver/Src/stm32f1xx_hal_flash.c **** 
  85:Drivers/STM32F1xx_HAL_Driver/Src/stm32f1xx_hal_flash.c **** /** @addtogroup STM32F1xx_HAL_Driver
  86:Drivers/STM32F1xx_HAL_Driver/Src/stm32f1xx_hal_flash.c ****   * @{
  87:Drivers/STM32F1xx_HAL_Driver/Src/stm32f1xx_hal_flash.c ****   */
  88:Drivers/STM32F1xx_HAL_Driver/Src/stm32f1xx_hal_flash.c **** 
  89:Drivers/STM32F1xx_HAL_Driver/Src/stm32f1xx_hal_flash.c **** #ifdef HAL_FLASH_MODULE_ENABLED
  90:Drivers/STM32F1xx_HAL_Driver/Src/stm32f1xx_hal_flash.c **** 
ARM GAS  C:\Users\airforce\AppData\Local\Temp\cc3pEavS.s 			page 3


  91:Drivers/STM32F1xx_HAL_Driver/Src/stm32f1xx_hal_flash.c **** /** @defgroup FLASH FLASH
  92:Drivers/STM32F1xx_HAL_Driver/Src/stm32f1xx_hal_flash.c ****   * @brief FLASH HAL module driver
  93:Drivers/STM32F1xx_HAL_Driver/Src/stm32f1xx_hal_flash.c ****   * @{
  94:Drivers/STM32F1xx_HAL_Driver/Src/stm32f1xx_hal_flash.c ****   */
  95:Drivers/STM32F1xx_HAL_Driver/Src/stm32f1xx_hal_flash.c **** 
  96:Drivers/STM32F1xx_HAL_Driver/Src/stm32f1xx_hal_flash.c **** /* Private typedef -----------------------------------------------------------*/
  97:Drivers/STM32F1xx_HAL_Driver/Src/stm32f1xx_hal_flash.c **** /* Private define ------------------------------------------------------------*/
  98:Drivers/STM32F1xx_HAL_Driver/Src/stm32f1xx_hal_flash.c **** /** @defgroup FLASH_Private_Constants FLASH Private Constants
  99:Drivers/STM32F1xx_HAL_Driver/Src/stm32f1xx_hal_flash.c ****   * @{
 100:Drivers/STM32F1xx_HAL_Driver/Src/stm32f1xx_hal_flash.c ****   */
 101:Drivers/STM32F1xx_HAL_Driver/Src/stm32f1xx_hal_flash.c **** /**
 102:Drivers/STM32F1xx_HAL_Driver/Src/stm32f1xx_hal_flash.c ****   * @}
 103:Drivers/STM32F1xx_HAL_Driver/Src/stm32f1xx_hal_flash.c ****   */
 104:Drivers/STM32F1xx_HAL_Driver/Src/stm32f1xx_hal_flash.c **** 
 105:Drivers/STM32F1xx_HAL_Driver/Src/stm32f1xx_hal_flash.c **** /* Private macro ---------------------------- ---------------------------------*/
 106:Drivers/STM32F1xx_HAL_Driver/Src/stm32f1xx_hal_flash.c **** /** @defgroup FLASH_Private_Macros FLASH Private Macros
 107:Drivers/STM32F1xx_HAL_Driver/Src/stm32f1xx_hal_flash.c ****   * @{
 108:Drivers/STM32F1xx_HAL_Driver/Src/stm32f1xx_hal_flash.c ****   */
 109:Drivers/STM32F1xx_HAL_Driver/Src/stm32f1xx_hal_flash.c ****  
 110:Drivers/STM32F1xx_HAL_Driver/Src/stm32f1xx_hal_flash.c **** /**
 111:Drivers/STM32F1xx_HAL_Driver/Src/stm32f1xx_hal_flash.c ****   * @}
 112:Drivers/STM32F1xx_HAL_Driver/Src/stm32f1xx_hal_flash.c ****   */
 113:Drivers/STM32F1xx_HAL_Driver/Src/stm32f1xx_hal_flash.c **** 
 114:Drivers/STM32F1xx_HAL_Driver/Src/stm32f1xx_hal_flash.c **** /* Private variables ---------------------------------------------------------*/
 115:Drivers/STM32F1xx_HAL_Driver/Src/stm32f1xx_hal_flash.c **** /** @defgroup FLASH_Private_Variables FLASH Private Variables
 116:Drivers/STM32F1xx_HAL_Driver/Src/stm32f1xx_hal_flash.c ****   * @{
 117:Drivers/STM32F1xx_HAL_Driver/Src/stm32f1xx_hal_flash.c ****   */
 118:Drivers/STM32F1xx_HAL_Driver/Src/stm32f1xx_hal_flash.c **** /* Variables used for Erase pages under interruption*/
 119:Drivers/STM32F1xx_HAL_Driver/Src/stm32f1xx_hal_flash.c **** FLASH_ProcessTypeDef pFlash;
 120:Drivers/STM32F1xx_HAL_Driver/Src/stm32f1xx_hal_flash.c **** /**
 121:Drivers/STM32F1xx_HAL_Driver/Src/stm32f1xx_hal_flash.c ****   * @}
 122:Drivers/STM32F1xx_HAL_Driver/Src/stm32f1xx_hal_flash.c ****   */
 123:Drivers/STM32F1xx_HAL_Driver/Src/stm32f1xx_hal_flash.c **** 
 124:Drivers/STM32F1xx_HAL_Driver/Src/stm32f1xx_hal_flash.c **** /* Private function prototypes -----------------------------------------------*/
 125:Drivers/STM32F1xx_HAL_Driver/Src/stm32f1xx_hal_flash.c **** /** @defgroup FLASH_Private_Functions FLASH Private Functions
 126:Drivers/STM32F1xx_HAL_Driver/Src/stm32f1xx_hal_flash.c ****   * @{
 127:Drivers/STM32F1xx_HAL_Driver/Src/stm32f1xx_hal_flash.c ****   */
 128:Drivers/STM32F1xx_HAL_Driver/Src/stm32f1xx_hal_flash.c **** static  void   FLASH_Program_HalfWord(uint32_t Address, uint16_t Data);
 129:Drivers/STM32F1xx_HAL_Driver/Src/stm32f1xx_hal_flash.c **** static  void   FLASH_SetErrorCode(void);
 130:Drivers/STM32F1xx_HAL_Driver/Src/stm32f1xx_hal_flash.c **** extern void    FLASH_PageErase(uint32_t PageAddress);
 131:Drivers/STM32F1xx_HAL_Driver/Src/stm32f1xx_hal_flash.c **** /**
 132:Drivers/STM32F1xx_HAL_Driver/Src/stm32f1xx_hal_flash.c ****   * @}
 133:Drivers/STM32F1xx_HAL_Driver/Src/stm32f1xx_hal_flash.c ****   */
 134:Drivers/STM32F1xx_HAL_Driver/Src/stm32f1xx_hal_flash.c **** 
 135:Drivers/STM32F1xx_HAL_Driver/Src/stm32f1xx_hal_flash.c **** /* Exported functions ---------------------------------------------------------*/
 136:Drivers/STM32F1xx_HAL_Driver/Src/stm32f1xx_hal_flash.c **** /** @defgroup FLASH_Exported_Functions FLASH Exported Functions
 137:Drivers/STM32F1xx_HAL_Driver/Src/stm32f1xx_hal_flash.c ****   * @{
 138:Drivers/STM32F1xx_HAL_Driver/Src/stm32f1xx_hal_flash.c ****   */
 139:Drivers/STM32F1xx_HAL_Driver/Src/stm32f1xx_hal_flash.c ****   
 140:Drivers/STM32F1xx_HAL_Driver/Src/stm32f1xx_hal_flash.c **** /** @defgroup FLASH_Exported_Functions_Group1 Programming operation functions 
 141:Drivers/STM32F1xx_HAL_Driver/Src/stm32f1xx_hal_flash.c ****   *  @brief   Programming operation functions 
 142:Drivers/STM32F1xx_HAL_Driver/Src/stm32f1xx_hal_flash.c ****   *
 143:Drivers/STM32F1xx_HAL_Driver/Src/stm32f1xx_hal_flash.c **** @verbatim   
 144:Drivers/STM32F1xx_HAL_Driver/Src/stm32f1xx_hal_flash.c **** @endverbatim
 145:Drivers/STM32F1xx_HAL_Driver/Src/stm32f1xx_hal_flash.c ****   * @{
 146:Drivers/STM32F1xx_HAL_Driver/Src/stm32f1xx_hal_flash.c ****   */
 147:Drivers/STM32F1xx_HAL_Driver/Src/stm32f1xx_hal_flash.c **** 
ARM GAS  C:\Users\airforce\AppData\Local\Temp\cc3pEavS.s 			page 4


 148:Drivers/STM32F1xx_HAL_Driver/Src/stm32f1xx_hal_flash.c **** /**
 149:Drivers/STM32F1xx_HAL_Driver/Src/stm32f1xx_hal_flash.c ****   * @brief  Program halfword, word or double word at a specified address
 150:Drivers/STM32F1xx_HAL_Driver/Src/stm32f1xx_hal_flash.c ****   * @note   The function HAL_FLASH_Unlock() should be called before to unlock the FLASH interface
 151:Drivers/STM32F1xx_HAL_Driver/Src/stm32f1xx_hal_flash.c ****   *         The function HAL_FLASH_Lock() should be called after to lock the FLASH interface
 152:Drivers/STM32F1xx_HAL_Driver/Src/stm32f1xx_hal_flash.c ****   *
 153:Drivers/STM32F1xx_HAL_Driver/Src/stm32f1xx_hal_flash.c ****   * @note   If an erase and a program operations are requested simultaneously,    
 154:Drivers/STM32F1xx_HAL_Driver/Src/stm32f1xx_hal_flash.c ****   *         the erase operation is performed before the program one.
 155:Drivers/STM32F1xx_HAL_Driver/Src/stm32f1xx_hal_flash.c ****   *  
 156:Drivers/STM32F1xx_HAL_Driver/Src/stm32f1xx_hal_flash.c ****   * @note   FLASH should be previously erased before new programmation (only exception to this 
 157:Drivers/STM32F1xx_HAL_Driver/Src/stm32f1xx_hal_flash.c ****   *         is when 0x0000 is programmed)
 158:Drivers/STM32F1xx_HAL_Driver/Src/stm32f1xx_hal_flash.c ****   *
 159:Drivers/STM32F1xx_HAL_Driver/Src/stm32f1xx_hal_flash.c ****   * @param  TypeProgram:  Indicate the way to program at a specified address.
 160:Drivers/STM32F1xx_HAL_Driver/Src/stm32f1xx_hal_flash.c ****   *                       This parameter can be a value of @ref FLASH_Type_Program
 161:Drivers/STM32F1xx_HAL_Driver/Src/stm32f1xx_hal_flash.c ****   * @param  Address:      Specifies the address to be programmed.
 162:Drivers/STM32F1xx_HAL_Driver/Src/stm32f1xx_hal_flash.c ****   * @param  Data:         Specifies the data to be programmed
 163:Drivers/STM32F1xx_HAL_Driver/Src/stm32f1xx_hal_flash.c ****   * 
 164:Drivers/STM32F1xx_HAL_Driver/Src/stm32f1xx_hal_flash.c ****   * @retval HAL_StatusTypeDef HAL Status
 165:Drivers/STM32F1xx_HAL_Driver/Src/stm32f1xx_hal_flash.c ****   */
 166:Drivers/STM32F1xx_HAL_Driver/Src/stm32f1xx_hal_flash.c **** HAL_StatusTypeDef HAL_FLASH_Program(uint32_t TypeProgram, uint32_t Address, uint64_t Data)
 167:Drivers/STM32F1xx_HAL_Driver/Src/stm32f1xx_hal_flash.c **** {
 168:Drivers/STM32F1xx_HAL_Driver/Src/stm32f1xx_hal_flash.c ****   HAL_StatusTypeDef status = HAL_ERROR;
 169:Drivers/STM32F1xx_HAL_Driver/Src/stm32f1xx_hal_flash.c ****   uint8_t index = 0;
 170:Drivers/STM32F1xx_HAL_Driver/Src/stm32f1xx_hal_flash.c ****   uint8_t nbiterations = 0;
 171:Drivers/STM32F1xx_HAL_Driver/Src/stm32f1xx_hal_flash.c ****   
 172:Drivers/STM32F1xx_HAL_Driver/Src/stm32f1xx_hal_flash.c ****   /* Process Locked */
 173:Drivers/STM32F1xx_HAL_Driver/Src/stm32f1xx_hal_flash.c ****   __HAL_LOCK(&pFlash);
 174:Drivers/STM32F1xx_HAL_Driver/Src/stm32f1xx_hal_flash.c **** 
 175:Drivers/STM32F1xx_HAL_Driver/Src/stm32f1xx_hal_flash.c ****   /* Check the parameters */
 176:Drivers/STM32F1xx_HAL_Driver/Src/stm32f1xx_hal_flash.c ****   assert_param(IS_FLASH_TYPEPROGRAM(TypeProgram));
 177:Drivers/STM32F1xx_HAL_Driver/Src/stm32f1xx_hal_flash.c ****   assert_param(IS_FLASH_PROGRAM_ADDRESS(Address));
 178:Drivers/STM32F1xx_HAL_Driver/Src/stm32f1xx_hal_flash.c **** 
 179:Drivers/STM32F1xx_HAL_Driver/Src/stm32f1xx_hal_flash.c **** #if defined(FLASH_BANK2_END)
 180:Drivers/STM32F1xx_HAL_Driver/Src/stm32f1xx_hal_flash.c ****   if(Address <= FLASH_BANK1_END)
 181:Drivers/STM32F1xx_HAL_Driver/Src/stm32f1xx_hal_flash.c ****   {
 182:Drivers/STM32F1xx_HAL_Driver/Src/stm32f1xx_hal_flash.c **** #endif /* FLASH_BANK2_END */
 183:Drivers/STM32F1xx_HAL_Driver/Src/stm32f1xx_hal_flash.c ****     /* Wait for last operation to be completed */
 184:Drivers/STM32F1xx_HAL_Driver/Src/stm32f1xx_hal_flash.c ****     status = FLASH_WaitForLastOperation(FLASH_TIMEOUT_VALUE);
 185:Drivers/STM32F1xx_HAL_Driver/Src/stm32f1xx_hal_flash.c **** #if defined(FLASH_BANK2_END)
 186:Drivers/STM32F1xx_HAL_Driver/Src/stm32f1xx_hal_flash.c ****   }
 187:Drivers/STM32F1xx_HAL_Driver/Src/stm32f1xx_hal_flash.c ****   else
 188:Drivers/STM32F1xx_HAL_Driver/Src/stm32f1xx_hal_flash.c ****   {
 189:Drivers/STM32F1xx_HAL_Driver/Src/stm32f1xx_hal_flash.c ****     /* Wait for last operation to be completed */
 190:Drivers/STM32F1xx_HAL_Driver/Src/stm32f1xx_hal_flash.c ****     status = FLASH_WaitForLastOperationBank2(FLASH_TIMEOUT_VALUE);
 191:Drivers/STM32F1xx_HAL_Driver/Src/stm32f1xx_hal_flash.c ****   }
 192:Drivers/STM32F1xx_HAL_Driver/Src/stm32f1xx_hal_flash.c **** #endif /* FLASH_BANK2_END */
 193:Drivers/STM32F1xx_HAL_Driver/Src/stm32f1xx_hal_flash.c ****   
 194:Drivers/STM32F1xx_HAL_Driver/Src/stm32f1xx_hal_flash.c ****   if(status == HAL_OK)
 195:Drivers/STM32F1xx_HAL_Driver/Src/stm32f1xx_hal_flash.c ****   {
 196:Drivers/STM32F1xx_HAL_Driver/Src/stm32f1xx_hal_flash.c ****     if(TypeProgram == FLASH_TYPEPROGRAM_HALFWORD)
 197:Drivers/STM32F1xx_HAL_Driver/Src/stm32f1xx_hal_flash.c ****     {
 198:Drivers/STM32F1xx_HAL_Driver/Src/stm32f1xx_hal_flash.c ****       /* Program halfword (16-bit) at a specified address. */
 199:Drivers/STM32F1xx_HAL_Driver/Src/stm32f1xx_hal_flash.c ****       nbiterations = 1U;
 200:Drivers/STM32F1xx_HAL_Driver/Src/stm32f1xx_hal_flash.c ****     }
 201:Drivers/STM32F1xx_HAL_Driver/Src/stm32f1xx_hal_flash.c ****     else if(TypeProgram == FLASH_TYPEPROGRAM_WORD)
 202:Drivers/STM32F1xx_HAL_Driver/Src/stm32f1xx_hal_flash.c ****     {
 203:Drivers/STM32F1xx_HAL_Driver/Src/stm32f1xx_hal_flash.c ****       /* Program word (32-bit = 2*16-bit) at a specified address. */
 204:Drivers/STM32F1xx_HAL_Driver/Src/stm32f1xx_hal_flash.c ****       nbiterations = 2U;
ARM GAS  C:\Users\airforce\AppData\Local\Temp\cc3pEavS.s 			page 5


 205:Drivers/STM32F1xx_HAL_Driver/Src/stm32f1xx_hal_flash.c ****     }
 206:Drivers/STM32F1xx_HAL_Driver/Src/stm32f1xx_hal_flash.c ****     else
 207:Drivers/STM32F1xx_HAL_Driver/Src/stm32f1xx_hal_flash.c ****     {
 208:Drivers/STM32F1xx_HAL_Driver/Src/stm32f1xx_hal_flash.c ****       /* Program double word (64-bit = 4*16-bit) at a specified address. */
 209:Drivers/STM32F1xx_HAL_Driver/Src/stm32f1xx_hal_flash.c ****       nbiterations = 4U;
 210:Drivers/STM32F1xx_HAL_Driver/Src/stm32f1xx_hal_flash.c ****     }
 211:Drivers/STM32F1xx_HAL_Driver/Src/stm32f1xx_hal_flash.c **** 
 212:Drivers/STM32F1xx_HAL_Driver/Src/stm32f1xx_hal_flash.c ****     for (index = 0U; index < nbiterations; index++)
 213:Drivers/STM32F1xx_HAL_Driver/Src/stm32f1xx_hal_flash.c ****     {
 214:Drivers/STM32F1xx_HAL_Driver/Src/stm32f1xx_hal_flash.c ****       FLASH_Program_HalfWord((Address + (2U*index)), (uint16_t)(Data >> (16U*index)));
 215:Drivers/STM32F1xx_HAL_Driver/Src/stm32f1xx_hal_flash.c **** 
 216:Drivers/STM32F1xx_HAL_Driver/Src/stm32f1xx_hal_flash.c **** #if defined(FLASH_BANK2_END)
 217:Drivers/STM32F1xx_HAL_Driver/Src/stm32f1xx_hal_flash.c ****       if(Address <= FLASH_BANK1_END)
 218:Drivers/STM32F1xx_HAL_Driver/Src/stm32f1xx_hal_flash.c ****       {
 219:Drivers/STM32F1xx_HAL_Driver/Src/stm32f1xx_hal_flash.c **** #endif /* FLASH_BANK2_END */
 220:Drivers/STM32F1xx_HAL_Driver/Src/stm32f1xx_hal_flash.c ****         /* Wait for last operation to be completed */
 221:Drivers/STM32F1xx_HAL_Driver/Src/stm32f1xx_hal_flash.c ****         status = FLASH_WaitForLastOperation(FLASH_TIMEOUT_VALUE);
 222:Drivers/STM32F1xx_HAL_Driver/Src/stm32f1xx_hal_flash.c ****     
 223:Drivers/STM32F1xx_HAL_Driver/Src/stm32f1xx_hal_flash.c ****         /* If the program operation is completed, disable the PG Bit */
 224:Drivers/STM32F1xx_HAL_Driver/Src/stm32f1xx_hal_flash.c ****         CLEAR_BIT(FLASH->CR, FLASH_CR_PG);
 225:Drivers/STM32F1xx_HAL_Driver/Src/stm32f1xx_hal_flash.c **** #if defined(FLASH_BANK2_END)
 226:Drivers/STM32F1xx_HAL_Driver/Src/stm32f1xx_hal_flash.c ****       }
 227:Drivers/STM32F1xx_HAL_Driver/Src/stm32f1xx_hal_flash.c ****       else
 228:Drivers/STM32F1xx_HAL_Driver/Src/stm32f1xx_hal_flash.c ****       {
 229:Drivers/STM32F1xx_HAL_Driver/Src/stm32f1xx_hal_flash.c ****         /* Wait for last operation to be completed */
 230:Drivers/STM32F1xx_HAL_Driver/Src/stm32f1xx_hal_flash.c ****         status = FLASH_WaitForLastOperationBank2(FLASH_TIMEOUT_VALUE);
 231:Drivers/STM32F1xx_HAL_Driver/Src/stm32f1xx_hal_flash.c ****         
 232:Drivers/STM32F1xx_HAL_Driver/Src/stm32f1xx_hal_flash.c ****         /* If the program operation is completed, disable the PG Bit */
 233:Drivers/STM32F1xx_HAL_Driver/Src/stm32f1xx_hal_flash.c ****         CLEAR_BIT(FLASH->CR2, FLASH_CR2_PG);
 234:Drivers/STM32F1xx_HAL_Driver/Src/stm32f1xx_hal_flash.c ****       }
 235:Drivers/STM32F1xx_HAL_Driver/Src/stm32f1xx_hal_flash.c **** #endif /* FLASH_BANK2_END */
 236:Drivers/STM32F1xx_HAL_Driver/Src/stm32f1xx_hal_flash.c ****       /* In case of error, stop programation procedure */
 237:Drivers/STM32F1xx_HAL_Driver/Src/stm32f1xx_hal_flash.c ****       if (status != HAL_OK)
 238:Drivers/STM32F1xx_HAL_Driver/Src/stm32f1xx_hal_flash.c ****       {
 239:Drivers/STM32F1xx_HAL_Driver/Src/stm32f1xx_hal_flash.c ****         break;
 240:Drivers/STM32F1xx_HAL_Driver/Src/stm32f1xx_hal_flash.c ****       }
 241:Drivers/STM32F1xx_HAL_Driver/Src/stm32f1xx_hal_flash.c ****     }
 242:Drivers/STM32F1xx_HAL_Driver/Src/stm32f1xx_hal_flash.c ****   }
 243:Drivers/STM32F1xx_HAL_Driver/Src/stm32f1xx_hal_flash.c **** 
 244:Drivers/STM32F1xx_HAL_Driver/Src/stm32f1xx_hal_flash.c ****   /* Process Unlocked */
 245:Drivers/STM32F1xx_HAL_Driver/Src/stm32f1xx_hal_flash.c ****   __HAL_UNLOCK(&pFlash);
 246:Drivers/STM32F1xx_HAL_Driver/Src/stm32f1xx_hal_flash.c **** 
 247:Drivers/STM32F1xx_HAL_Driver/Src/stm32f1xx_hal_flash.c ****   return status;
 248:Drivers/STM32F1xx_HAL_Driver/Src/stm32f1xx_hal_flash.c **** }
 249:Drivers/STM32F1xx_HAL_Driver/Src/stm32f1xx_hal_flash.c **** 
 250:Drivers/STM32F1xx_HAL_Driver/Src/stm32f1xx_hal_flash.c **** /**
 251:Drivers/STM32F1xx_HAL_Driver/Src/stm32f1xx_hal_flash.c ****   * @brief  Program halfword, word or double word at a specified address  with interrupt enabled.
 252:Drivers/STM32F1xx_HAL_Driver/Src/stm32f1xx_hal_flash.c ****   * @note   The function HAL_FLASH_Unlock() should be called before to unlock the FLASH interface
 253:Drivers/STM32F1xx_HAL_Driver/Src/stm32f1xx_hal_flash.c ****   *         The function HAL_FLASH_Lock() should be called after to lock the FLASH interface
 254:Drivers/STM32F1xx_HAL_Driver/Src/stm32f1xx_hal_flash.c ****   *
 255:Drivers/STM32F1xx_HAL_Driver/Src/stm32f1xx_hal_flash.c ****   * @note   If an erase and a program operations are requested simultaneously,    
 256:Drivers/STM32F1xx_HAL_Driver/Src/stm32f1xx_hal_flash.c ****   *         the erase operation is performed before the program one.
 257:Drivers/STM32F1xx_HAL_Driver/Src/stm32f1xx_hal_flash.c ****   *
 258:Drivers/STM32F1xx_HAL_Driver/Src/stm32f1xx_hal_flash.c ****   * @param  TypeProgram: Indicate the way to program at a specified address.
 259:Drivers/STM32F1xx_HAL_Driver/Src/stm32f1xx_hal_flash.c ****   *                      This parameter can be a value of @ref FLASH_Type_Program
 260:Drivers/STM32F1xx_HAL_Driver/Src/stm32f1xx_hal_flash.c ****   * @param  Address:     Specifies the address to be programmed.
 261:Drivers/STM32F1xx_HAL_Driver/Src/stm32f1xx_hal_flash.c ****   * @param  Data:        Specifies the data to be programmed
ARM GAS  C:\Users\airforce\AppData\Local\Temp\cc3pEavS.s 			page 6


 262:Drivers/STM32F1xx_HAL_Driver/Src/stm32f1xx_hal_flash.c ****   * 
 263:Drivers/STM32F1xx_HAL_Driver/Src/stm32f1xx_hal_flash.c ****   * @retval HAL_StatusTypeDef HAL Status
 264:Drivers/STM32F1xx_HAL_Driver/Src/stm32f1xx_hal_flash.c ****   */
 265:Drivers/STM32F1xx_HAL_Driver/Src/stm32f1xx_hal_flash.c **** HAL_StatusTypeDef HAL_FLASH_Program_IT(uint32_t TypeProgram, uint32_t Address, uint64_t Data)
 266:Drivers/STM32F1xx_HAL_Driver/Src/stm32f1xx_hal_flash.c **** {
 267:Drivers/STM32F1xx_HAL_Driver/Src/stm32f1xx_hal_flash.c ****   HAL_StatusTypeDef status = HAL_OK;
 268:Drivers/STM32F1xx_HAL_Driver/Src/stm32f1xx_hal_flash.c **** 
 269:Drivers/STM32F1xx_HAL_Driver/Src/stm32f1xx_hal_flash.c ****   /* Check the parameters */
 270:Drivers/STM32F1xx_HAL_Driver/Src/stm32f1xx_hal_flash.c ****   assert_param(IS_FLASH_TYPEPROGRAM(TypeProgram));
 271:Drivers/STM32F1xx_HAL_Driver/Src/stm32f1xx_hal_flash.c ****   assert_param(IS_FLASH_PROGRAM_ADDRESS(Address));
 272:Drivers/STM32F1xx_HAL_Driver/Src/stm32f1xx_hal_flash.c **** 
 273:Drivers/STM32F1xx_HAL_Driver/Src/stm32f1xx_hal_flash.c **** #if defined(FLASH_BANK2_END)
 274:Drivers/STM32F1xx_HAL_Driver/Src/stm32f1xx_hal_flash.c ****   /* If procedure already ongoing, reject the next one */
 275:Drivers/STM32F1xx_HAL_Driver/Src/stm32f1xx_hal_flash.c ****   if (pFlash.ProcedureOnGoing != FLASH_PROC_NONE)
 276:Drivers/STM32F1xx_HAL_Driver/Src/stm32f1xx_hal_flash.c ****   {
 277:Drivers/STM32F1xx_HAL_Driver/Src/stm32f1xx_hal_flash.c ****     return HAL_ERROR;
 278:Drivers/STM32F1xx_HAL_Driver/Src/stm32f1xx_hal_flash.c ****   }
 279:Drivers/STM32F1xx_HAL_Driver/Src/stm32f1xx_hal_flash.c ****   
 280:Drivers/STM32F1xx_HAL_Driver/Src/stm32f1xx_hal_flash.c ****   if(Address <= FLASH_BANK1_END)
 281:Drivers/STM32F1xx_HAL_Driver/Src/stm32f1xx_hal_flash.c ****   {
 282:Drivers/STM32F1xx_HAL_Driver/Src/stm32f1xx_hal_flash.c ****     /* Enable End of FLASH Operation and Error source interrupts */
 283:Drivers/STM32F1xx_HAL_Driver/Src/stm32f1xx_hal_flash.c ****     __HAL_FLASH_ENABLE_IT(FLASH_IT_EOP_BANK1 | FLASH_IT_ERR_BANK1);
 284:Drivers/STM32F1xx_HAL_Driver/Src/stm32f1xx_hal_flash.c **** 
 285:Drivers/STM32F1xx_HAL_Driver/Src/stm32f1xx_hal_flash.c ****   }else
 286:Drivers/STM32F1xx_HAL_Driver/Src/stm32f1xx_hal_flash.c ****   {
 287:Drivers/STM32F1xx_HAL_Driver/Src/stm32f1xx_hal_flash.c ****     /* Enable End of FLASH Operation and Error source interrupts */
 288:Drivers/STM32F1xx_HAL_Driver/Src/stm32f1xx_hal_flash.c ****     __HAL_FLASH_ENABLE_IT(FLASH_IT_EOP_BANK2 | FLASH_IT_ERR_BANK2);
 289:Drivers/STM32F1xx_HAL_Driver/Src/stm32f1xx_hal_flash.c ****   }
 290:Drivers/STM32F1xx_HAL_Driver/Src/stm32f1xx_hal_flash.c **** #else
 291:Drivers/STM32F1xx_HAL_Driver/Src/stm32f1xx_hal_flash.c ****   /* Enable End of FLASH Operation and Error source interrupts */
 292:Drivers/STM32F1xx_HAL_Driver/Src/stm32f1xx_hal_flash.c ****   __HAL_FLASH_ENABLE_IT(FLASH_IT_EOP | FLASH_IT_ERR);
 293:Drivers/STM32F1xx_HAL_Driver/Src/stm32f1xx_hal_flash.c **** #endif /* FLASH_BANK2_END */
 294:Drivers/STM32F1xx_HAL_Driver/Src/stm32f1xx_hal_flash.c ****   
 295:Drivers/STM32F1xx_HAL_Driver/Src/stm32f1xx_hal_flash.c ****   pFlash.Address = Address;
 296:Drivers/STM32F1xx_HAL_Driver/Src/stm32f1xx_hal_flash.c ****   pFlash.Data = Data;
 297:Drivers/STM32F1xx_HAL_Driver/Src/stm32f1xx_hal_flash.c **** 
 298:Drivers/STM32F1xx_HAL_Driver/Src/stm32f1xx_hal_flash.c ****   if(TypeProgram == FLASH_TYPEPROGRAM_HALFWORD)
 299:Drivers/STM32F1xx_HAL_Driver/Src/stm32f1xx_hal_flash.c ****   {
 300:Drivers/STM32F1xx_HAL_Driver/Src/stm32f1xx_hal_flash.c ****     pFlash.ProcedureOnGoing = FLASH_PROC_PROGRAMHALFWORD;
 301:Drivers/STM32F1xx_HAL_Driver/Src/stm32f1xx_hal_flash.c ****     /* Program halfword (16-bit) at a specified address. */
 302:Drivers/STM32F1xx_HAL_Driver/Src/stm32f1xx_hal_flash.c ****     pFlash.DataRemaining = 1U;
 303:Drivers/STM32F1xx_HAL_Driver/Src/stm32f1xx_hal_flash.c ****   }
 304:Drivers/STM32F1xx_HAL_Driver/Src/stm32f1xx_hal_flash.c ****   else if(TypeProgram == FLASH_TYPEPROGRAM_WORD)
 305:Drivers/STM32F1xx_HAL_Driver/Src/stm32f1xx_hal_flash.c ****   {
 306:Drivers/STM32F1xx_HAL_Driver/Src/stm32f1xx_hal_flash.c ****     pFlash.ProcedureOnGoing = FLASH_PROC_PROGRAMWORD;
 307:Drivers/STM32F1xx_HAL_Driver/Src/stm32f1xx_hal_flash.c ****     /* Program word (32-bit : 2*16-bit) at a specified address. */
 308:Drivers/STM32F1xx_HAL_Driver/Src/stm32f1xx_hal_flash.c ****     pFlash.DataRemaining = 2U;
 309:Drivers/STM32F1xx_HAL_Driver/Src/stm32f1xx_hal_flash.c ****   }
 310:Drivers/STM32F1xx_HAL_Driver/Src/stm32f1xx_hal_flash.c ****   else
 311:Drivers/STM32F1xx_HAL_Driver/Src/stm32f1xx_hal_flash.c ****   {
 312:Drivers/STM32F1xx_HAL_Driver/Src/stm32f1xx_hal_flash.c ****     pFlash.ProcedureOnGoing = FLASH_PROC_PROGRAMDOUBLEWORD;
 313:Drivers/STM32F1xx_HAL_Driver/Src/stm32f1xx_hal_flash.c ****     /* Program double word (64-bit : 4*16-bit) at a specified address. */
 314:Drivers/STM32F1xx_HAL_Driver/Src/stm32f1xx_hal_flash.c ****     pFlash.DataRemaining = 4U;
 315:Drivers/STM32F1xx_HAL_Driver/Src/stm32f1xx_hal_flash.c ****   }
 316:Drivers/STM32F1xx_HAL_Driver/Src/stm32f1xx_hal_flash.c **** 
 317:Drivers/STM32F1xx_HAL_Driver/Src/stm32f1xx_hal_flash.c ****   /* Program halfword (16-bit) at a specified address. */
 318:Drivers/STM32F1xx_HAL_Driver/Src/stm32f1xx_hal_flash.c ****   FLASH_Program_HalfWord(Address, (uint16_t)Data);
ARM GAS  C:\Users\airforce\AppData\Local\Temp\cc3pEavS.s 			page 7


 319:Drivers/STM32F1xx_HAL_Driver/Src/stm32f1xx_hal_flash.c **** 
 320:Drivers/STM32F1xx_HAL_Driver/Src/stm32f1xx_hal_flash.c ****   return status;
 321:Drivers/STM32F1xx_HAL_Driver/Src/stm32f1xx_hal_flash.c **** }
 322:Drivers/STM32F1xx_HAL_Driver/Src/stm32f1xx_hal_flash.c **** 
 323:Drivers/STM32F1xx_HAL_Driver/Src/stm32f1xx_hal_flash.c **** /**
 324:Drivers/STM32F1xx_HAL_Driver/Src/stm32f1xx_hal_flash.c ****   * @brief This function handles FLASH interrupt request.
 325:Drivers/STM32F1xx_HAL_Driver/Src/stm32f1xx_hal_flash.c ****   * @retval None
 326:Drivers/STM32F1xx_HAL_Driver/Src/stm32f1xx_hal_flash.c ****   */
 327:Drivers/STM32F1xx_HAL_Driver/Src/stm32f1xx_hal_flash.c **** void HAL_FLASH_IRQHandler(void)
 328:Drivers/STM32F1xx_HAL_Driver/Src/stm32f1xx_hal_flash.c **** {
 329:Drivers/STM32F1xx_HAL_Driver/Src/stm32f1xx_hal_flash.c ****   uint32_t addresstmp = 0U;
 330:Drivers/STM32F1xx_HAL_Driver/Src/stm32f1xx_hal_flash.c ****   
 331:Drivers/STM32F1xx_HAL_Driver/Src/stm32f1xx_hal_flash.c ****   /* Check FLASH operation error flags */
 332:Drivers/STM32F1xx_HAL_Driver/Src/stm32f1xx_hal_flash.c **** #if defined(FLASH_BANK2_END)
 333:Drivers/STM32F1xx_HAL_Driver/Src/stm32f1xx_hal_flash.c ****   if(__HAL_FLASH_GET_FLAG(FLASH_FLAG_WRPERR_BANK1) || __HAL_FLASH_GET_FLAG(FLASH_FLAG_PGERR_BANK1) 
 334:Drivers/STM32F1xx_HAL_Driver/Src/stm32f1xx_hal_flash.c ****     (__HAL_FLASH_GET_FLAG(FLASH_FLAG_WRPERR_BANK2) || __HAL_FLASH_GET_FLAG(FLASH_FLAG_PGERR_BANK2))
 335:Drivers/STM32F1xx_HAL_Driver/Src/stm32f1xx_hal_flash.c **** #else
 336:Drivers/STM32F1xx_HAL_Driver/Src/stm32f1xx_hal_flash.c ****   if(__HAL_FLASH_GET_FLAG(FLASH_FLAG_WRPERR) ||__HAL_FLASH_GET_FLAG(FLASH_FLAG_PGERR))
 337:Drivers/STM32F1xx_HAL_Driver/Src/stm32f1xx_hal_flash.c **** #endif /* FLASH_BANK2_END */
 338:Drivers/STM32F1xx_HAL_Driver/Src/stm32f1xx_hal_flash.c ****   {
 339:Drivers/STM32F1xx_HAL_Driver/Src/stm32f1xx_hal_flash.c ****     /* Return the faulty address */
 340:Drivers/STM32F1xx_HAL_Driver/Src/stm32f1xx_hal_flash.c ****     addresstmp = pFlash.Address;
 341:Drivers/STM32F1xx_HAL_Driver/Src/stm32f1xx_hal_flash.c ****     /* Reset address */
 342:Drivers/STM32F1xx_HAL_Driver/Src/stm32f1xx_hal_flash.c ****     pFlash.Address = 0xFFFFFFFFU;
 343:Drivers/STM32F1xx_HAL_Driver/Src/stm32f1xx_hal_flash.c ****   
 344:Drivers/STM32F1xx_HAL_Driver/Src/stm32f1xx_hal_flash.c ****     /* Save the Error code */
 345:Drivers/STM32F1xx_HAL_Driver/Src/stm32f1xx_hal_flash.c ****     FLASH_SetErrorCode();
 346:Drivers/STM32F1xx_HAL_Driver/Src/stm32f1xx_hal_flash.c ****     
 347:Drivers/STM32F1xx_HAL_Driver/Src/stm32f1xx_hal_flash.c ****     /* FLASH error interrupt user callback */
 348:Drivers/STM32F1xx_HAL_Driver/Src/stm32f1xx_hal_flash.c ****     HAL_FLASH_OperationErrorCallback(addresstmp);
 349:Drivers/STM32F1xx_HAL_Driver/Src/stm32f1xx_hal_flash.c **** 
 350:Drivers/STM32F1xx_HAL_Driver/Src/stm32f1xx_hal_flash.c ****     /* Stop the procedure ongoing */
 351:Drivers/STM32F1xx_HAL_Driver/Src/stm32f1xx_hal_flash.c ****     pFlash.ProcedureOnGoing = FLASH_PROC_NONE;
 352:Drivers/STM32F1xx_HAL_Driver/Src/stm32f1xx_hal_flash.c ****   }
 353:Drivers/STM32F1xx_HAL_Driver/Src/stm32f1xx_hal_flash.c **** 
 354:Drivers/STM32F1xx_HAL_Driver/Src/stm32f1xx_hal_flash.c ****   /* Check FLASH End of Operation flag  */
 355:Drivers/STM32F1xx_HAL_Driver/Src/stm32f1xx_hal_flash.c **** #if defined(FLASH_BANK2_END)
 356:Drivers/STM32F1xx_HAL_Driver/Src/stm32f1xx_hal_flash.c ****   if(__HAL_FLASH_GET_FLAG(FLASH_FLAG_EOP_BANK1))
 357:Drivers/STM32F1xx_HAL_Driver/Src/stm32f1xx_hal_flash.c ****   {
 358:Drivers/STM32F1xx_HAL_Driver/Src/stm32f1xx_hal_flash.c ****     /* Clear FLASH End of Operation pending bit */
 359:Drivers/STM32F1xx_HAL_Driver/Src/stm32f1xx_hal_flash.c ****     __HAL_FLASH_CLEAR_FLAG(FLASH_FLAG_EOP_BANK1);
 360:Drivers/STM32F1xx_HAL_Driver/Src/stm32f1xx_hal_flash.c **** #else
 361:Drivers/STM32F1xx_HAL_Driver/Src/stm32f1xx_hal_flash.c ****   if(__HAL_FLASH_GET_FLAG(FLASH_FLAG_EOP))
 362:Drivers/STM32F1xx_HAL_Driver/Src/stm32f1xx_hal_flash.c ****   {
 363:Drivers/STM32F1xx_HAL_Driver/Src/stm32f1xx_hal_flash.c ****     /* Clear FLASH End of Operation pending bit */
 364:Drivers/STM32F1xx_HAL_Driver/Src/stm32f1xx_hal_flash.c ****     __HAL_FLASH_CLEAR_FLAG(FLASH_FLAG_EOP);
 365:Drivers/STM32F1xx_HAL_Driver/Src/stm32f1xx_hal_flash.c **** #endif /* FLASH_BANK2_END */
 366:Drivers/STM32F1xx_HAL_Driver/Src/stm32f1xx_hal_flash.c ****     
 367:Drivers/STM32F1xx_HAL_Driver/Src/stm32f1xx_hal_flash.c ****     /* Process can continue only if no error detected */
 368:Drivers/STM32F1xx_HAL_Driver/Src/stm32f1xx_hal_flash.c ****     if(pFlash.ProcedureOnGoing != FLASH_PROC_NONE)
 369:Drivers/STM32F1xx_HAL_Driver/Src/stm32f1xx_hal_flash.c ****     {
 370:Drivers/STM32F1xx_HAL_Driver/Src/stm32f1xx_hal_flash.c ****       if(pFlash.ProcedureOnGoing == FLASH_PROC_PAGEERASE)
 371:Drivers/STM32F1xx_HAL_Driver/Src/stm32f1xx_hal_flash.c ****       {
 372:Drivers/STM32F1xx_HAL_Driver/Src/stm32f1xx_hal_flash.c ****         /* Nb of pages to erased can be decreased */
 373:Drivers/STM32F1xx_HAL_Driver/Src/stm32f1xx_hal_flash.c ****         pFlash.DataRemaining--;
 374:Drivers/STM32F1xx_HAL_Driver/Src/stm32f1xx_hal_flash.c **** 
 375:Drivers/STM32F1xx_HAL_Driver/Src/stm32f1xx_hal_flash.c ****         /* Check if there are still pages to erase */
ARM GAS  C:\Users\airforce\AppData\Local\Temp\cc3pEavS.s 			page 8


 376:Drivers/STM32F1xx_HAL_Driver/Src/stm32f1xx_hal_flash.c ****         if(pFlash.DataRemaining != 0U)
 377:Drivers/STM32F1xx_HAL_Driver/Src/stm32f1xx_hal_flash.c ****         {
 378:Drivers/STM32F1xx_HAL_Driver/Src/stm32f1xx_hal_flash.c ****           addresstmp = pFlash.Address;
 379:Drivers/STM32F1xx_HAL_Driver/Src/stm32f1xx_hal_flash.c ****           /*Indicate user which sector has been erased */
 380:Drivers/STM32F1xx_HAL_Driver/Src/stm32f1xx_hal_flash.c ****           HAL_FLASH_EndOfOperationCallback(addresstmp);
 381:Drivers/STM32F1xx_HAL_Driver/Src/stm32f1xx_hal_flash.c **** 
 382:Drivers/STM32F1xx_HAL_Driver/Src/stm32f1xx_hal_flash.c ****           /*Increment sector number*/
 383:Drivers/STM32F1xx_HAL_Driver/Src/stm32f1xx_hal_flash.c ****           addresstmp = pFlash.Address + FLASH_PAGE_SIZE;
 384:Drivers/STM32F1xx_HAL_Driver/Src/stm32f1xx_hal_flash.c ****           pFlash.Address = addresstmp;
 385:Drivers/STM32F1xx_HAL_Driver/Src/stm32f1xx_hal_flash.c **** 
 386:Drivers/STM32F1xx_HAL_Driver/Src/stm32f1xx_hal_flash.c ****           /* If the erase operation is completed, disable the PER Bit */
 387:Drivers/STM32F1xx_HAL_Driver/Src/stm32f1xx_hal_flash.c ****           CLEAR_BIT(FLASH->CR, FLASH_CR_PER);
 388:Drivers/STM32F1xx_HAL_Driver/Src/stm32f1xx_hal_flash.c **** 
 389:Drivers/STM32F1xx_HAL_Driver/Src/stm32f1xx_hal_flash.c ****           FLASH_PageErase(addresstmp);
 390:Drivers/STM32F1xx_HAL_Driver/Src/stm32f1xx_hal_flash.c ****         }
 391:Drivers/STM32F1xx_HAL_Driver/Src/stm32f1xx_hal_flash.c ****         else
 392:Drivers/STM32F1xx_HAL_Driver/Src/stm32f1xx_hal_flash.c ****         {
 393:Drivers/STM32F1xx_HAL_Driver/Src/stm32f1xx_hal_flash.c ****           /* No more pages to Erase, user callback can be called. */
 394:Drivers/STM32F1xx_HAL_Driver/Src/stm32f1xx_hal_flash.c ****           /* Reset Sector and stop Erase pages procedure */
 395:Drivers/STM32F1xx_HAL_Driver/Src/stm32f1xx_hal_flash.c ****           pFlash.Address = addresstmp = 0xFFFFFFFFU;
 396:Drivers/STM32F1xx_HAL_Driver/Src/stm32f1xx_hal_flash.c ****           pFlash.ProcedureOnGoing = FLASH_PROC_NONE;
 397:Drivers/STM32F1xx_HAL_Driver/Src/stm32f1xx_hal_flash.c ****           /* FLASH EOP interrupt user callback */
 398:Drivers/STM32F1xx_HAL_Driver/Src/stm32f1xx_hal_flash.c ****           HAL_FLASH_EndOfOperationCallback(addresstmp);
 399:Drivers/STM32F1xx_HAL_Driver/Src/stm32f1xx_hal_flash.c ****         }
 400:Drivers/STM32F1xx_HAL_Driver/Src/stm32f1xx_hal_flash.c ****       }
 401:Drivers/STM32F1xx_HAL_Driver/Src/stm32f1xx_hal_flash.c ****       else if(pFlash.ProcedureOnGoing == FLASH_PROC_MASSERASE)
 402:Drivers/STM32F1xx_HAL_Driver/Src/stm32f1xx_hal_flash.c ****       {
 403:Drivers/STM32F1xx_HAL_Driver/Src/stm32f1xx_hal_flash.c ****         /* Operation is completed, disable the MER Bit */
 404:Drivers/STM32F1xx_HAL_Driver/Src/stm32f1xx_hal_flash.c ****         CLEAR_BIT(FLASH->CR, FLASH_CR_MER);
 405:Drivers/STM32F1xx_HAL_Driver/Src/stm32f1xx_hal_flash.c **** 
 406:Drivers/STM32F1xx_HAL_Driver/Src/stm32f1xx_hal_flash.c **** #if defined(FLASH_BANK2_END)
 407:Drivers/STM32F1xx_HAL_Driver/Src/stm32f1xx_hal_flash.c ****         /* Stop Mass Erase procedure if no pending mass erase on other bank */
 408:Drivers/STM32F1xx_HAL_Driver/Src/stm32f1xx_hal_flash.c ****         if (HAL_IS_BIT_CLR(FLASH->CR2, FLASH_CR2_MER))
 409:Drivers/STM32F1xx_HAL_Driver/Src/stm32f1xx_hal_flash.c ****         {
 410:Drivers/STM32F1xx_HAL_Driver/Src/stm32f1xx_hal_flash.c **** #endif /* FLASH_BANK2_END */
 411:Drivers/STM32F1xx_HAL_Driver/Src/stm32f1xx_hal_flash.c ****           /* MassErase ended. Return the selected bank */
 412:Drivers/STM32F1xx_HAL_Driver/Src/stm32f1xx_hal_flash.c ****           /* FLASH EOP interrupt user callback */
 413:Drivers/STM32F1xx_HAL_Driver/Src/stm32f1xx_hal_flash.c ****           HAL_FLASH_EndOfOperationCallback(0U);
 414:Drivers/STM32F1xx_HAL_Driver/Src/stm32f1xx_hal_flash.c **** 
 415:Drivers/STM32F1xx_HAL_Driver/Src/stm32f1xx_hal_flash.c ****           /* Stop Mass Erase procedure*/
 416:Drivers/STM32F1xx_HAL_Driver/Src/stm32f1xx_hal_flash.c ****           pFlash.ProcedureOnGoing = FLASH_PROC_NONE;
 417:Drivers/STM32F1xx_HAL_Driver/Src/stm32f1xx_hal_flash.c ****         }
 418:Drivers/STM32F1xx_HAL_Driver/Src/stm32f1xx_hal_flash.c **** #if defined(FLASH_BANK2_END)
 419:Drivers/STM32F1xx_HAL_Driver/Src/stm32f1xx_hal_flash.c ****       }
 420:Drivers/STM32F1xx_HAL_Driver/Src/stm32f1xx_hal_flash.c **** #endif /* FLASH_BANK2_END */
 421:Drivers/STM32F1xx_HAL_Driver/Src/stm32f1xx_hal_flash.c ****       else
 422:Drivers/STM32F1xx_HAL_Driver/Src/stm32f1xx_hal_flash.c ****       {
 423:Drivers/STM32F1xx_HAL_Driver/Src/stm32f1xx_hal_flash.c ****         /* Nb of 16-bit data to program can be decreased */
 424:Drivers/STM32F1xx_HAL_Driver/Src/stm32f1xx_hal_flash.c ****         pFlash.DataRemaining--;
 425:Drivers/STM32F1xx_HAL_Driver/Src/stm32f1xx_hal_flash.c ****         
 426:Drivers/STM32F1xx_HAL_Driver/Src/stm32f1xx_hal_flash.c ****         /* Check if there are still 16-bit data to program */
 427:Drivers/STM32F1xx_HAL_Driver/Src/stm32f1xx_hal_flash.c ****         if(pFlash.DataRemaining != 0U)
 428:Drivers/STM32F1xx_HAL_Driver/Src/stm32f1xx_hal_flash.c ****         {
 429:Drivers/STM32F1xx_HAL_Driver/Src/stm32f1xx_hal_flash.c ****           /* Increment address to 16-bit */
 430:Drivers/STM32F1xx_HAL_Driver/Src/stm32f1xx_hal_flash.c ****           pFlash.Address += 2U;
 431:Drivers/STM32F1xx_HAL_Driver/Src/stm32f1xx_hal_flash.c ****           addresstmp = pFlash.Address;
 432:Drivers/STM32F1xx_HAL_Driver/Src/stm32f1xx_hal_flash.c ****           
ARM GAS  C:\Users\airforce\AppData\Local\Temp\cc3pEavS.s 			page 9


 433:Drivers/STM32F1xx_HAL_Driver/Src/stm32f1xx_hal_flash.c ****           /* Shift to have next 16-bit data */
 434:Drivers/STM32F1xx_HAL_Driver/Src/stm32f1xx_hal_flash.c ****           pFlash.Data = (pFlash.Data >> 16U);
 435:Drivers/STM32F1xx_HAL_Driver/Src/stm32f1xx_hal_flash.c ****           
 436:Drivers/STM32F1xx_HAL_Driver/Src/stm32f1xx_hal_flash.c ****           /* Operation is completed, disable the PG Bit */
 437:Drivers/STM32F1xx_HAL_Driver/Src/stm32f1xx_hal_flash.c ****           CLEAR_BIT(FLASH->CR, FLASH_CR_PG);
 438:Drivers/STM32F1xx_HAL_Driver/Src/stm32f1xx_hal_flash.c **** 
 439:Drivers/STM32F1xx_HAL_Driver/Src/stm32f1xx_hal_flash.c ****           /*Program halfword (16-bit) at a specified address.*/
 440:Drivers/STM32F1xx_HAL_Driver/Src/stm32f1xx_hal_flash.c ****           FLASH_Program_HalfWord(addresstmp, (uint16_t)pFlash.Data);
 441:Drivers/STM32F1xx_HAL_Driver/Src/stm32f1xx_hal_flash.c ****         }
 442:Drivers/STM32F1xx_HAL_Driver/Src/stm32f1xx_hal_flash.c ****         else
 443:Drivers/STM32F1xx_HAL_Driver/Src/stm32f1xx_hal_flash.c ****         {
 444:Drivers/STM32F1xx_HAL_Driver/Src/stm32f1xx_hal_flash.c ****           /* Program ended. Return the selected address */
 445:Drivers/STM32F1xx_HAL_Driver/Src/stm32f1xx_hal_flash.c ****           /* FLASH EOP interrupt user callback */
 446:Drivers/STM32F1xx_HAL_Driver/Src/stm32f1xx_hal_flash.c ****           if (pFlash.ProcedureOnGoing == FLASH_PROC_PROGRAMHALFWORD)
 447:Drivers/STM32F1xx_HAL_Driver/Src/stm32f1xx_hal_flash.c ****           {
 448:Drivers/STM32F1xx_HAL_Driver/Src/stm32f1xx_hal_flash.c ****             HAL_FLASH_EndOfOperationCallback(pFlash.Address);
 449:Drivers/STM32F1xx_HAL_Driver/Src/stm32f1xx_hal_flash.c ****           }
 450:Drivers/STM32F1xx_HAL_Driver/Src/stm32f1xx_hal_flash.c ****           else if (pFlash.ProcedureOnGoing == FLASH_PROC_PROGRAMWORD)
 451:Drivers/STM32F1xx_HAL_Driver/Src/stm32f1xx_hal_flash.c ****           {
 452:Drivers/STM32F1xx_HAL_Driver/Src/stm32f1xx_hal_flash.c ****             HAL_FLASH_EndOfOperationCallback(pFlash.Address - 2U);
 453:Drivers/STM32F1xx_HAL_Driver/Src/stm32f1xx_hal_flash.c ****           }
 454:Drivers/STM32F1xx_HAL_Driver/Src/stm32f1xx_hal_flash.c ****           else 
 455:Drivers/STM32F1xx_HAL_Driver/Src/stm32f1xx_hal_flash.c ****           {
 456:Drivers/STM32F1xx_HAL_Driver/Src/stm32f1xx_hal_flash.c ****             HAL_FLASH_EndOfOperationCallback(pFlash.Address - 6U);
 457:Drivers/STM32F1xx_HAL_Driver/Src/stm32f1xx_hal_flash.c ****           }
 458:Drivers/STM32F1xx_HAL_Driver/Src/stm32f1xx_hal_flash.c ****         
 459:Drivers/STM32F1xx_HAL_Driver/Src/stm32f1xx_hal_flash.c ****           /* Reset Address and stop Program procedure */
 460:Drivers/STM32F1xx_HAL_Driver/Src/stm32f1xx_hal_flash.c ****           pFlash.Address = 0xFFFFFFFFU;
 461:Drivers/STM32F1xx_HAL_Driver/Src/stm32f1xx_hal_flash.c ****           pFlash.ProcedureOnGoing = FLASH_PROC_NONE;
 462:Drivers/STM32F1xx_HAL_Driver/Src/stm32f1xx_hal_flash.c ****         }
 463:Drivers/STM32F1xx_HAL_Driver/Src/stm32f1xx_hal_flash.c ****       }
 464:Drivers/STM32F1xx_HAL_Driver/Src/stm32f1xx_hal_flash.c ****     }
 465:Drivers/STM32F1xx_HAL_Driver/Src/stm32f1xx_hal_flash.c ****   }
 466:Drivers/STM32F1xx_HAL_Driver/Src/stm32f1xx_hal_flash.c ****   
 467:Drivers/STM32F1xx_HAL_Driver/Src/stm32f1xx_hal_flash.c **** #if defined(FLASH_BANK2_END)
 468:Drivers/STM32F1xx_HAL_Driver/Src/stm32f1xx_hal_flash.c ****   /* Check FLASH End of Operation flag  */
 469:Drivers/STM32F1xx_HAL_Driver/Src/stm32f1xx_hal_flash.c ****   if(__HAL_FLASH_GET_FLAG( FLASH_FLAG_EOP_BANK2))
 470:Drivers/STM32F1xx_HAL_Driver/Src/stm32f1xx_hal_flash.c ****   {
 471:Drivers/STM32F1xx_HAL_Driver/Src/stm32f1xx_hal_flash.c ****     /* Clear FLASH End of Operation pending bit */
 472:Drivers/STM32F1xx_HAL_Driver/Src/stm32f1xx_hal_flash.c ****     __HAL_FLASH_CLEAR_FLAG(FLASH_FLAG_EOP_BANK2);
 473:Drivers/STM32F1xx_HAL_Driver/Src/stm32f1xx_hal_flash.c ****     
 474:Drivers/STM32F1xx_HAL_Driver/Src/stm32f1xx_hal_flash.c ****     /* Process can continue only if no error detected */
 475:Drivers/STM32F1xx_HAL_Driver/Src/stm32f1xx_hal_flash.c ****     if(pFlash.ProcedureOnGoing != FLASH_PROC_NONE)
 476:Drivers/STM32F1xx_HAL_Driver/Src/stm32f1xx_hal_flash.c ****     {
 477:Drivers/STM32F1xx_HAL_Driver/Src/stm32f1xx_hal_flash.c ****       if(pFlash.ProcedureOnGoing == FLASH_PROC_PAGEERASE)
 478:Drivers/STM32F1xx_HAL_Driver/Src/stm32f1xx_hal_flash.c ****       {
 479:Drivers/STM32F1xx_HAL_Driver/Src/stm32f1xx_hal_flash.c ****         /* Nb of pages to erased can be decreased */
 480:Drivers/STM32F1xx_HAL_Driver/Src/stm32f1xx_hal_flash.c ****         pFlash.DataRemaining--;
 481:Drivers/STM32F1xx_HAL_Driver/Src/stm32f1xx_hal_flash.c ****         
 482:Drivers/STM32F1xx_HAL_Driver/Src/stm32f1xx_hal_flash.c ****         /* Check if there are still pages to erase*/
 483:Drivers/STM32F1xx_HAL_Driver/Src/stm32f1xx_hal_flash.c ****         if(pFlash.DataRemaining != 0U)
 484:Drivers/STM32F1xx_HAL_Driver/Src/stm32f1xx_hal_flash.c ****         {
 485:Drivers/STM32F1xx_HAL_Driver/Src/stm32f1xx_hal_flash.c ****           /* Indicate user which page address has been erased*/
 486:Drivers/STM32F1xx_HAL_Driver/Src/stm32f1xx_hal_flash.c ****           HAL_FLASH_EndOfOperationCallback(pFlash.Address);
 487:Drivers/STM32F1xx_HAL_Driver/Src/stm32f1xx_hal_flash.c ****         
 488:Drivers/STM32F1xx_HAL_Driver/Src/stm32f1xx_hal_flash.c ****           /* Increment page address to next page */
 489:Drivers/STM32F1xx_HAL_Driver/Src/stm32f1xx_hal_flash.c ****           pFlash.Address += FLASH_PAGE_SIZE;
ARM GAS  C:\Users\airforce\AppData\Local\Temp\cc3pEavS.s 			page 10


 490:Drivers/STM32F1xx_HAL_Driver/Src/stm32f1xx_hal_flash.c ****           addresstmp = pFlash.Address;
 491:Drivers/STM32F1xx_HAL_Driver/Src/stm32f1xx_hal_flash.c **** 
 492:Drivers/STM32F1xx_HAL_Driver/Src/stm32f1xx_hal_flash.c ****           /* Operation is completed, disable the PER Bit */
 493:Drivers/STM32F1xx_HAL_Driver/Src/stm32f1xx_hal_flash.c ****           CLEAR_BIT(FLASH->CR2, FLASH_CR2_PER);
 494:Drivers/STM32F1xx_HAL_Driver/Src/stm32f1xx_hal_flash.c **** 
 495:Drivers/STM32F1xx_HAL_Driver/Src/stm32f1xx_hal_flash.c ****           FLASH_PageErase(addresstmp);
 496:Drivers/STM32F1xx_HAL_Driver/Src/stm32f1xx_hal_flash.c ****         }
 497:Drivers/STM32F1xx_HAL_Driver/Src/stm32f1xx_hal_flash.c ****         else
 498:Drivers/STM32F1xx_HAL_Driver/Src/stm32f1xx_hal_flash.c ****         {
 499:Drivers/STM32F1xx_HAL_Driver/Src/stm32f1xx_hal_flash.c ****           /*No more pages to Erase*/
 500:Drivers/STM32F1xx_HAL_Driver/Src/stm32f1xx_hal_flash.c ****           
 501:Drivers/STM32F1xx_HAL_Driver/Src/stm32f1xx_hal_flash.c ****           /*Reset Address and stop Erase pages procedure*/
 502:Drivers/STM32F1xx_HAL_Driver/Src/stm32f1xx_hal_flash.c ****           pFlash.Address = 0xFFFFFFFFU;
 503:Drivers/STM32F1xx_HAL_Driver/Src/stm32f1xx_hal_flash.c ****           pFlash.ProcedureOnGoing = FLASH_PROC_NONE;
 504:Drivers/STM32F1xx_HAL_Driver/Src/stm32f1xx_hal_flash.c **** 
 505:Drivers/STM32F1xx_HAL_Driver/Src/stm32f1xx_hal_flash.c ****           /* FLASH EOP interrupt user callback */
 506:Drivers/STM32F1xx_HAL_Driver/Src/stm32f1xx_hal_flash.c ****           HAL_FLASH_EndOfOperationCallback(pFlash.Address);
 507:Drivers/STM32F1xx_HAL_Driver/Src/stm32f1xx_hal_flash.c ****         }
 508:Drivers/STM32F1xx_HAL_Driver/Src/stm32f1xx_hal_flash.c ****       }
 509:Drivers/STM32F1xx_HAL_Driver/Src/stm32f1xx_hal_flash.c ****       else if(pFlash.ProcedureOnGoing == FLASH_PROC_MASSERASE)
 510:Drivers/STM32F1xx_HAL_Driver/Src/stm32f1xx_hal_flash.c ****       {
 511:Drivers/STM32F1xx_HAL_Driver/Src/stm32f1xx_hal_flash.c ****         /* Operation is completed, disable the MER Bit */
 512:Drivers/STM32F1xx_HAL_Driver/Src/stm32f1xx_hal_flash.c ****         CLEAR_BIT(FLASH->CR2, FLASH_CR2_MER);
 513:Drivers/STM32F1xx_HAL_Driver/Src/stm32f1xx_hal_flash.c **** 
 514:Drivers/STM32F1xx_HAL_Driver/Src/stm32f1xx_hal_flash.c ****         if (HAL_IS_BIT_CLR(FLASH->CR, FLASH_CR_MER))
 515:Drivers/STM32F1xx_HAL_Driver/Src/stm32f1xx_hal_flash.c ****         {
 516:Drivers/STM32F1xx_HAL_Driver/Src/stm32f1xx_hal_flash.c ****           /* MassErase ended. Return the selected bank*/
 517:Drivers/STM32F1xx_HAL_Driver/Src/stm32f1xx_hal_flash.c ****           /* FLASH EOP interrupt user callback */
 518:Drivers/STM32F1xx_HAL_Driver/Src/stm32f1xx_hal_flash.c ****           HAL_FLASH_EndOfOperationCallback(0U);
 519:Drivers/STM32F1xx_HAL_Driver/Src/stm32f1xx_hal_flash.c ****         
 520:Drivers/STM32F1xx_HAL_Driver/Src/stm32f1xx_hal_flash.c ****           pFlash.ProcedureOnGoing = FLASH_PROC_NONE;
 521:Drivers/STM32F1xx_HAL_Driver/Src/stm32f1xx_hal_flash.c ****         }
 522:Drivers/STM32F1xx_HAL_Driver/Src/stm32f1xx_hal_flash.c ****       }
 523:Drivers/STM32F1xx_HAL_Driver/Src/stm32f1xx_hal_flash.c ****       else
 524:Drivers/STM32F1xx_HAL_Driver/Src/stm32f1xx_hal_flash.c ****       {
 525:Drivers/STM32F1xx_HAL_Driver/Src/stm32f1xx_hal_flash.c ****         /* Nb of 16-bit data to program can be decreased */
 526:Drivers/STM32F1xx_HAL_Driver/Src/stm32f1xx_hal_flash.c ****         pFlash.DataRemaining--;
 527:Drivers/STM32F1xx_HAL_Driver/Src/stm32f1xx_hal_flash.c ****         
 528:Drivers/STM32F1xx_HAL_Driver/Src/stm32f1xx_hal_flash.c ****         /* Check if there are still 16-bit data to program */
 529:Drivers/STM32F1xx_HAL_Driver/Src/stm32f1xx_hal_flash.c ****         if(pFlash.DataRemaining != 0U)
 530:Drivers/STM32F1xx_HAL_Driver/Src/stm32f1xx_hal_flash.c ****         {
 531:Drivers/STM32F1xx_HAL_Driver/Src/stm32f1xx_hal_flash.c ****           /* Increment address to 16-bit */
 532:Drivers/STM32F1xx_HAL_Driver/Src/stm32f1xx_hal_flash.c ****           pFlash.Address += 2U;
 533:Drivers/STM32F1xx_HAL_Driver/Src/stm32f1xx_hal_flash.c ****           addresstmp = pFlash.Address;
 534:Drivers/STM32F1xx_HAL_Driver/Src/stm32f1xx_hal_flash.c ****           
 535:Drivers/STM32F1xx_HAL_Driver/Src/stm32f1xx_hal_flash.c ****           /* Shift to have next 16-bit data */
 536:Drivers/STM32F1xx_HAL_Driver/Src/stm32f1xx_hal_flash.c ****           pFlash.Data = (pFlash.Data >> 16U);
 537:Drivers/STM32F1xx_HAL_Driver/Src/stm32f1xx_hal_flash.c ****           
 538:Drivers/STM32F1xx_HAL_Driver/Src/stm32f1xx_hal_flash.c ****           /* Operation is completed, disable the PG Bit */
 539:Drivers/STM32F1xx_HAL_Driver/Src/stm32f1xx_hal_flash.c ****           CLEAR_BIT(FLASH->CR2, FLASH_CR2_PG);
 540:Drivers/STM32F1xx_HAL_Driver/Src/stm32f1xx_hal_flash.c **** 
 541:Drivers/STM32F1xx_HAL_Driver/Src/stm32f1xx_hal_flash.c ****           /*Program halfword (16-bit) at a specified address.*/
 542:Drivers/STM32F1xx_HAL_Driver/Src/stm32f1xx_hal_flash.c ****           FLASH_Program_HalfWord(addresstmp, (uint16_t)pFlash.Data);
 543:Drivers/STM32F1xx_HAL_Driver/Src/stm32f1xx_hal_flash.c ****         }
 544:Drivers/STM32F1xx_HAL_Driver/Src/stm32f1xx_hal_flash.c ****         else
 545:Drivers/STM32F1xx_HAL_Driver/Src/stm32f1xx_hal_flash.c ****         {
 546:Drivers/STM32F1xx_HAL_Driver/Src/stm32f1xx_hal_flash.c ****           /*Program ended. Return the selected address*/
ARM GAS  C:\Users\airforce\AppData\Local\Temp\cc3pEavS.s 			page 11


 547:Drivers/STM32F1xx_HAL_Driver/Src/stm32f1xx_hal_flash.c ****           /* FLASH EOP interrupt user callback */
 548:Drivers/STM32F1xx_HAL_Driver/Src/stm32f1xx_hal_flash.c ****           if (pFlash.ProcedureOnGoing == FLASH_PROC_PROGRAMHALFWORD)
 549:Drivers/STM32F1xx_HAL_Driver/Src/stm32f1xx_hal_flash.c ****           {
 550:Drivers/STM32F1xx_HAL_Driver/Src/stm32f1xx_hal_flash.c ****             HAL_FLASH_EndOfOperationCallback(pFlash.Address);
 551:Drivers/STM32F1xx_HAL_Driver/Src/stm32f1xx_hal_flash.c ****           }
 552:Drivers/STM32F1xx_HAL_Driver/Src/stm32f1xx_hal_flash.c ****           else if (pFlash.ProcedureOnGoing == FLASH_PROC_PROGRAMWORD)
 553:Drivers/STM32F1xx_HAL_Driver/Src/stm32f1xx_hal_flash.c ****           {
 554:Drivers/STM32F1xx_HAL_Driver/Src/stm32f1xx_hal_flash.c ****             HAL_FLASH_EndOfOperationCallback(pFlash.Address-2U);
 555:Drivers/STM32F1xx_HAL_Driver/Src/stm32f1xx_hal_flash.c ****           }
 556:Drivers/STM32F1xx_HAL_Driver/Src/stm32f1xx_hal_flash.c ****           else 
 557:Drivers/STM32F1xx_HAL_Driver/Src/stm32f1xx_hal_flash.c ****           {
 558:Drivers/STM32F1xx_HAL_Driver/Src/stm32f1xx_hal_flash.c ****             HAL_FLASH_EndOfOperationCallback(pFlash.Address-6U);
 559:Drivers/STM32F1xx_HAL_Driver/Src/stm32f1xx_hal_flash.c ****           }
 560:Drivers/STM32F1xx_HAL_Driver/Src/stm32f1xx_hal_flash.c ****           
 561:Drivers/STM32F1xx_HAL_Driver/Src/stm32f1xx_hal_flash.c ****           /* Reset Address and stop Program procedure*/
 562:Drivers/STM32F1xx_HAL_Driver/Src/stm32f1xx_hal_flash.c ****           pFlash.Address = 0xFFFFFFFFU;
 563:Drivers/STM32F1xx_HAL_Driver/Src/stm32f1xx_hal_flash.c ****           pFlash.ProcedureOnGoing = FLASH_PROC_NONE;
 564:Drivers/STM32F1xx_HAL_Driver/Src/stm32f1xx_hal_flash.c ****         }
 565:Drivers/STM32F1xx_HAL_Driver/Src/stm32f1xx_hal_flash.c ****       }
 566:Drivers/STM32F1xx_HAL_Driver/Src/stm32f1xx_hal_flash.c ****     }
 567:Drivers/STM32F1xx_HAL_Driver/Src/stm32f1xx_hal_flash.c ****   }
 568:Drivers/STM32F1xx_HAL_Driver/Src/stm32f1xx_hal_flash.c **** #endif 
 569:Drivers/STM32F1xx_HAL_Driver/Src/stm32f1xx_hal_flash.c **** 
 570:Drivers/STM32F1xx_HAL_Driver/Src/stm32f1xx_hal_flash.c ****   if(pFlash.ProcedureOnGoing == FLASH_PROC_NONE)
 571:Drivers/STM32F1xx_HAL_Driver/Src/stm32f1xx_hal_flash.c ****   {
 572:Drivers/STM32F1xx_HAL_Driver/Src/stm32f1xx_hal_flash.c **** #if defined(FLASH_BANK2_END)
 573:Drivers/STM32F1xx_HAL_Driver/Src/stm32f1xx_hal_flash.c ****     /* Operation is completed, disable the PG, PER and MER Bits for both bank */
 574:Drivers/STM32F1xx_HAL_Driver/Src/stm32f1xx_hal_flash.c ****     CLEAR_BIT(FLASH->CR, (FLASH_CR_PG | FLASH_CR_PER | FLASH_CR_MER));
 575:Drivers/STM32F1xx_HAL_Driver/Src/stm32f1xx_hal_flash.c ****     CLEAR_BIT(FLASH->CR2, (FLASH_CR2_PG | FLASH_CR2_PER | FLASH_CR2_MER));  
 576:Drivers/STM32F1xx_HAL_Driver/Src/stm32f1xx_hal_flash.c ****   
 577:Drivers/STM32F1xx_HAL_Driver/Src/stm32f1xx_hal_flash.c ****     /* Disable End of FLASH Operation and Error source interrupts for both banks */
 578:Drivers/STM32F1xx_HAL_Driver/Src/stm32f1xx_hal_flash.c ****     __HAL_FLASH_DISABLE_IT(FLASH_IT_EOP_BANK1 | FLASH_IT_ERR_BANK1 | FLASH_IT_EOP_BANK2 | FLASH_IT_
 579:Drivers/STM32F1xx_HAL_Driver/Src/stm32f1xx_hal_flash.c **** #else
 580:Drivers/STM32F1xx_HAL_Driver/Src/stm32f1xx_hal_flash.c ****     /* Operation is completed, disable the PG, PER and MER Bits */
 581:Drivers/STM32F1xx_HAL_Driver/Src/stm32f1xx_hal_flash.c ****     CLEAR_BIT(FLASH->CR, (FLASH_CR_PG | FLASH_CR_PER | FLASH_CR_MER));
 582:Drivers/STM32F1xx_HAL_Driver/Src/stm32f1xx_hal_flash.c **** 
 583:Drivers/STM32F1xx_HAL_Driver/Src/stm32f1xx_hal_flash.c ****     /* Disable End of FLASH Operation and Error source interrupts */
 584:Drivers/STM32F1xx_HAL_Driver/Src/stm32f1xx_hal_flash.c ****     __HAL_FLASH_DISABLE_IT(FLASH_IT_EOP | FLASH_IT_ERR);
 585:Drivers/STM32F1xx_HAL_Driver/Src/stm32f1xx_hal_flash.c **** #endif /* FLASH_BANK2_END */
 586:Drivers/STM32F1xx_HAL_Driver/Src/stm32f1xx_hal_flash.c **** 
 587:Drivers/STM32F1xx_HAL_Driver/Src/stm32f1xx_hal_flash.c ****   }
 588:Drivers/STM32F1xx_HAL_Driver/Src/stm32f1xx_hal_flash.c **** }
 589:Drivers/STM32F1xx_HAL_Driver/Src/stm32f1xx_hal_flash.c **** 
 590:Drivers/STM32F1xx_HAL_Driver/Src/stm32f1xx_hal_flash.c **** /**
 591:Drivers/STM32F1xx_HAL_Driver/Src/stm32f1xx_hal_flash.c ****   * @brief  FLASH end of operation interrupt callback
 592:Drivers/STM32F1xx_HAL_Driver/Src/stm32f1xx_hal_flash.c ****   * @param  ReturnValue: The value saved in this parameter depends on the ongoing procedure
 593:Drivers/STM32F1xx_HAL_Driver/Src/stm32f1xx_hal_flash.c ****   *                 - Mass Erase: No return value expected
 594:Drivers/STM32F1xx_HAL_Driver/Src/stm32f1xx_hal_flash.c ****   *                 - Pages Erase: Address of the page which has been erased 
 595:Drivers/STM32F1xx_HAL_Driver/Src/stm32f1xx_hal_flash.c ****   *                    (if 0xFFFFFFFF, it means that all the selected pages have been erased)
 596:Drivers/STM32F1xx_HAL_Driver/Src/stm32f1xx_hal_flash.c ****   *                 - Program: Address which was selected for data program
 597:Drivers/STM32F1xx_HAL_Driver/Src/stm32f1xx_hal_flash.c ****   * @retval none
 598:Drivers/STM32F1xx_HAL_Driver/Src/stm32f1xx_hal_flash.c ****   */
 599:Drivers/STM32F1xx_HAL_Driver/Src/stm32f1xx_hal_flash.c **** __weak void HAL_FLASH_EndOfOperationCallback(uint32_t ReturnValue)
 600:Drivers/STM32F1xx_HAL_Driver/Src/stm32f1xx_hal_flash.c **** {
 601:Drivers/STM32F1xx_HAL_Driver/Src/stm32f1xx_hal_flash.c ****   /* Prevent unused argument(s) compilation warning */
 602:Drivers/STM32F1xx_HAL_Driver/Src/stm32f1xx_hal_flash.c ****   UNUSED(ReturnValue);
 603:Drivers/STM32F1xx_HAL_Driver/Src/stm32f1xx_hal_flash.c **** 
ARM GAS  C:\Users\airforce\AppData\Local\Temp\cc3pEavS.s 			page 12


 604:Drivers/STM32F1xx_HAL_Driver/Src/stm32f1xx_hal_flash.c ****   /* NOTE : This function Should not be modified, when the callback is needed,
 605:Drivers/STM32F1xx_HAL_Driver/Src/stm32f1xx_hal_flash.c ****             the HAL_FLASH_EndOfOperationCallback could be implemented in the user file
 606:Drivers/STM32F1xx_HAL_Driver/Src/stm32f1xx_hal_flash.c ****    */ 
 607:Drivers/STM32F1xx_HAL_Driver/Src/stm32f1xx_hal_flash.c **** }
 608:Drivers/STM32F1xx_HAL_Driver/Src/stm32f1xx_hal_flash.c **** 
 609:Drivers/STM32F1xx_HAL_Driver/Src/stm32f1xx_hal_flash.c **** /**
 610:Drivers/STM32F1xx_HAL_Driver/Src/stm32f1xx_hal_flash.c ****   * @brief  FLASH operation error interrupt callback
 611:Drivers/STM32F1xx_HAL_Driver/Src/stm32f1xx_hal_flash.c ****   * @param  ReturnValue: The value saved in this parameter depends on the ongoing procedure
 612:Drivers/STM32F1xx_HAL_Driver/Src/stm32f1xx_hal_flash.c ****   *                 - Mass Erase: No return value expected
 613:Drivers/STM32F1xx_HAL_Driver/Src/stm32f1xx_hal_flash.c ****   *                 - Pages Erase: Address of the page which returned an error
 614:Drivers/STM32F1xx_HAL_Driver/Src/stm32f1xx_hal_flash.c ****   *                 - Program: Address which was selected for data program
 615:Drivers/STM32F1xx_HAL_Driver/Src/stm32f1xx_hal_flash.c ****   * @retval none
 616:Drivers/STM32F1xx_HAL_Driver/Src/stm32f1xx_hal_flash.c ****   */
 617:Drivers/STM32F1xx_HAL_Driver/Src/stm32f1xx_hal_flash.c **** __weak void HAL_FLASH_OperationErrorCallback(uint32_t ReturnValue)
 618:Drivers/STM32F1xx_HAL_Driver/Src/stm32f1xx_hal_flash.c **** {
 619:Drivers/STM32F1xx_HAL_Driver/Src/stm32f1xx_hal_flash.c ****   /* Prevent unused argument(s) compilation warning */
 620:Drivers/STM32F1xx_HAL_Driver/Src/stm32f1xx_hal_flash.c ****   UNUSED(ReturnValue);
 621:Drivers/STM32F1xx_HAL_Driver/Src/stm32f1xx_hal_flash.c **** 
 622:Drivers/STM32F1xx_HAL_Driver/Src/stm32f1xx_hal_flash.c ****   /* NOTE : This function Should not be modified, when the callback is needed,
 623:Drivers/STM32F1xx_HAL_Driver/Src/stm32f1xx_hal_flash.c ****             the HAL_FLASH_OperationErrorCallback could be implemented in the user file
 624:Drivers/STM32F1xx_HAL_Driver/Src/stm32f1xx_hal_flash.c ****    */ 
 625:Drivers/STM32F1xx_HAL_Driver/Src/stm32f1xx_hal_flash.c **** }
 626:Drivers/STM32F1xx_HAL_Driver/Src/stm32f1xx_hal_flash.c **** 
 627:Drivers/STM32F1xx_HAL_Driver/Src/stm32f1xx_hal_flash.c **** /**
 628:Drivers/STM32F1xx_HAL_Driver/Src/stm32f1xx_hal_flash.c ****   * @}
 629:Drivers/STM32F1xx_HAL_Driver/Src/stm32f1xx_hal_flash.c ****   */
 630:Drivers/STM32F1xx_HAL_Driver/Src/stm32f1xx_hal_flash.c **** 
 631:Drivers/STM32F1xx_HAL_Driver/Src/stm32f1xx_hal_flash.c **** /** @defgroup FLASH_Exported_Functions_Group2 Peripheral Control functions 
 632:Drivers/STM32F1xx_HAL_Driver/Src/stm32f1xx_hal_flash.c ****  *  @brief   management functions 
 633:Drivers/STM32F1xx_HAL_Driver/Src/stm32f1xx_hal_flash.c ****  *
 634:Drivers/STM32F1xx_HAL_Driver/Src/stm32f1xx_hal_flash.c **** @verbatim   
 635:Drivers/STM32F1xx_HAL_Driver/Src/stm32f1xx_hal_flash.c ****  ===============================================================================
 636:Drivers/STM32F1xx_HAL_Driver/Src/stm32f1xx_hal_flash.c ****                       ##### Peripheral Control functions #####
 637:Drivers/STM32F1xx_HAL_Driver/Src/stm32f1xx_hal_flash.c ****  ===============================================================================  
 638:Drivers/STM32F1xx_HAL_Driver/Src/stm32f1xx_hal_flash.c ****     [..]
 639:Drivers/STM32F1xx_HAL_Driver/Src/stm32f1xx_hal_flash.c ****     This subsection provides a set of functions allowing to control the FLASH 
 640:Drivers/STM32F1xx_HAL_Driver/Src/stm32f1xx_hal_flash.c ****     memory operations.
 641:Drivers/STM32F1xx_HAL_Driver/Src/stm32f1xx_hal_flash.c **** 
 642:Drivers/STM32F1xx_HAL_Driver/Src/stm32f1xx_hal_flash.c **** @endverbatim
 643:Drivers/STM32F1xx_HAL_Driver/Src/stm32f1xx_hal_flash.c ****   * @{
 644:Drivers/STM32F1xx_HAL_Driver/Src/stm32f1xx_hal_flash.c ****   */
 645:Drivers/STM32F1xx_HAL_Driver/Src/stm32f1xx_hal_flash.c **** 
 646:Drivers/STM32F1xx_HAL_Driver/Src/stm32f1xx_hal_flash.c **** /**
 647:Drivers/STM32F1xx_HAL_Driver/Src/stm32f1xx_hal_flash.c ****   * @brief  Unlock the FLASH control register access
 648:Drivers/STM32F1xx_HAL_Driver/Src/stm32f1xx_hal_flash.c ****   * @retval HAL Status
 649:Drivers/STM32F1xx_HAL_Driver/Src/stm32f1xx_hal_flash.c ****   */
 650:Drivers/STM32F1xx_HAL_Driver/Src/stm32f1xx_hal_flash.c **** HAL_StatusTypeDef HAL_FLASH_Unlock(void)
 651:Drivers/STM32F1xx_HAL_Driver/Src/stm32f1xx_hal_flash.c **** {
 652:Drivers/STM32F1xx_HAL_Driver/Src/stm32f1xx_hal_flash.c ****   HAL_StatusTypeDef status = HAL_OK;
 653:Drivers/STM32F1xx_HAL_Driver/Src/stm32f1xx_hal_flash.c **** 
 654:Drivers/STM32F1xx_HAL_Driver/Src/stm32f1xx_hal_flash.c ****   if(READ_BIT(FLASH->CR, FLASH_CR_LOCK) != RESET)
 655:Drivers/STM32F1xx_HAL_Driver/Src/stm32f1xx_hal_flash.c ****   {
 656:Drivers/STM32F1xx_HAL_Driver/Src/stm32f1xx_hal_flash.c ****     /* Authorize the FLASH Registers access */
 657:Drivers/STM32F1xx_HAL_Driver/Src/stm32f1xx_hal_flash.c ****     WRITE_REG(FLASH->KEYR, FLASH_KEY1);
 658:Drivers/STM32F1xx_HAL_Driver/Src/stm32f1xx_hal_flash.c ****     WRITE_REG(FLASH->KEYR, FLASH_KEY2);
 659:Drivers/STM32F1xx_HAL_Driver/Src/stm32f1xx_hal_flash.c **** 
 660:Drivers/STM32F1xx_HAL_Driver/Src/stm32f1xx_hal_flash.c ****     /* Verify Flash is unlocked */
ARM GAS  C:\Users\airforce\AppData\Local\Temp\cc3pEavS.s 			page 13


 661:Drivers/STM32F1xx_HAL_Driver/Src/stm32f1xx_hal_flash.c ****     if(READ_BIT(FLASH->CR, FLASH_CR_LOCK) != RESET)
 662:Drivers/STM32F1xx_HAL_Driver/Src/stm32f1xx_hal_flash.c ****     {
 663:Drivers/STM32F1xx_HAL_Driver/Src/stm32f1xx_hal_flash.c ****       status = HAL_ERROR;
 664:Drivers/STM32F1xx_HAL_Driver/Src/stm32f1xx_hal_flash.c ****     }
 665:Drivers/STM32F1xx_HAL_Driver/Src/stm32f1xx_hal_flash.c ****   }
 666:Drivers/STM32F1xx_HAL_Driver/Src/stm32f1xx_hal_flash.c **** #if defined(FLASH_BANK2_END)
 667:Drivers/STM32F1xx_HAL_Driver/Src/stm32f1xx_hal_flash.c ****   if(READ_BIT(FLASH->CR2, FLASH_CR2_LOCK) != RESET)
 668:Drivers/STM32F1xx_HAL_Driver/Src/stm32f1xx_hal_flash.c ****   {
 669:Drivers/STM32F1xx_HAL_Driver/Src/stm32f1xx_hal_flash.c ****     /* Authorize the FLASH BANK2 Registers access */
 670:Drivers/STM32F1xx_HAL_Driver/Src/stm32f1xx_hal_flash.c ****     WRITE_REG(FLASH->KEYR2, FLASH_KEY1);
 671:Drivers/STM32F1xx_HAL_Driver/Src/stm32f1xx_hal_flash.c ****     WRITE_REG(FLASH->KEYR2, FLASH_KEY2);
 672:Drivers/STM32F1xx_HAL_Driver/Src/stm32f1xx_hal_flash.c ****     
 673:Drivers/STM32F1xx_HAL_Driver/Src/stm32f1xx_hal_flash.c ****     /* Verify Flash BANK2 is unlocked */
 674:Drivers/STM32F1xx_HAL_Driver/Src/stm32f1xx_hal_flash.c ****     if(READ_BIT(FLASH->CR2, FLASH_CR2_LOCK) != RESET)
 675:Drivers/STM32F1xx_HAL_Driver/Src/stm32f1xx_hal_flash.c ****     {
 676:Drivers/STM32F1xx_HAL_Driver/Src/stm32f1xx_hal_flash.c ****       status = HAL_ERROR;
 677:Drivers/STM32F1xx_HAL_Driver/Src/stm32f1xx_hal_flash.c ****     }
 678:Drivers/STM32F1xx_HAL_Driver/Src/stm32f1xx_hal_flash.c ****   }
 679:Drivers/STM32F1xx_HAL_Driver/Src/stm32f1xx_hal_flash.c **** #endif /* FLASH_BANK2_END */
 680:Drivers/STM32F1xx_HAL_Driver/Src/stm32f1xx_hal_flash.c **** 
 681:Drivers/STM32F1xx_HAL_Driver/Src/stm32f1xx_hal_flash.c ****   return status;
 682:Drivers/STM32F1xx_HAL_Driver/Src/stm32f1xx_hal_flash.c **** }
 683:Drivers/STM32F1xx_HAL_Driver/Src/stm32f1xx_hal_flash.c **** 
 684:Drivers/STM32F1xx_HAL_Driver/Src/stm32f1xx_hal_flash.c **** /**
 685:Drivers/STM32F1xx_HAL_Driver/Src/stm32f1xx_hal_flash.c ****   * @brief  Locks the FLASH control register access
 686:Drivers/STM32F1xx_HAL_Driver/Src/stm32f1xx_hal_flash.c ****   * @retval HAL Status
 687:Drivers/STM32F1xx_HAL_Driver/Src/stm32f1xx_hal_flash.c ****   */
 688:Drivers/STM32F1xx_HAL_Driver/Src/stm32f1xx_hal_flash.c **** HAL_StatusTypeDef HAL_FLASH_Lock(void)
 689:Drivers/STM32F1xx_HAL_Driver/Src/stm32f1xx_hal_flash.c **** {
 690:Drivers/STM32F1xx_HAL_Driver/Src/stm32f1xx_hal_flash.c ****   /* Set the LOCK Bit to lock the FLASH Registers access */
 691:Drivers/STM32F1xx_HAL_Driver/Src/stm32f1xx_hal_flash.c ****   SET_BIT(FLASH->CR, FLASH_CR_LOCK);
 692:Drivers/STM32F1xx_HAL_Driver/Src/stm32f1xx_hal_flash.c ****   
 693:Drivers/STM32F1xx_HAL_Driver/Src/stm32f1xx_hal_flash.c **** #if defined(FLASH_BANK2_END)
 694:Drivers/STM32F1xx_HAL_Driver/Src/stm32f1xx_hal_flash.c ****   /* Set the LOCK Bit to lock the FLASH BANK2 Registers access */
 695:Drivers/STM32F1xx_HAL_Driver/Src/stm32f1xx_hal_flash.c ****   SET_BIT(FLASH->CR2, FLASH_CR2_LOCK);
 696:Drivers/STM32F1xx_HAL_Driver/Src/stm32f1xx_hal_flash.c **** 
 697:Drivers/STM32F1xx_HAL_Driver/Src/stm32f1xx_hal_flash.c **** #endif /* FLASH_BANK2_END */
 698:Drivers/STM32F1xx_HAL_Driver/Src/stm32f1xx_hal_flash.c ****   return HAL_OK;  
 699:Drivers/STM32F1xx_HAL_Driver/Src/stm32f1xx_hal_flash.c **** }
 700:Drivers/STM32F1xx_HAL_Driver/Src/stm32f1xx_hal_flash.c **** 
 701:Drivers/STM32F1xx_HAL_Driver/Src/stm32f1xx_hal_flash.c **** /**
 702:Drivers/STM32F1xx_HAL_Driver/Src/stm32f1xx_hal_flash.c ****   * @brief  Unlock the FLASH Option Control Registers access.
 703:Drivers/STM32F1xx_HAL_Driver/Src/stm32f1xx_hal_flash.c ****   * @retval HAL Status
 704:Drivers/STM32F1xx_HAL_Driver/Src/stm32f1xx_hal_flash.c ****   */
 705:Drivers/STM32F1xx_HAL_Driver/Src/stm32f1xx_hal_flash.c **** HAL_StatusTypeDef HAL_FLASH_OB_Unlock(void)
 706:Drivers/STM32F1xx_HAL_Driver/Src/stm32f1xx_hal_flash.c **** {
 707:Drivers/STM32F1xx_HAL_Driver/Src/stm32f1xx_hal_flash.c ****   if (HAL_IS_BIT_CLR(FLASH->CR, FLASH_CR_OPTWRE))
 708:Drivers/STM32F1xx_HAL_Driver/Src/stm32f1xx_hal_flash.c ****   {
 709:Drivers/STM32F1xx_HAL_Driver/Src/stm32f1xx_hal_flash.c ****     /* Authorizes the Option Byte register programming */
 710:Drivers/STM32F1xx_HAL_Driver/Src/stm32f1xx_hal_flash.c ****     WRITE_REG(FLASH->OPTKEYR, FLASH_OPTKEY1);
 711:Drivers/STM32F1xx_HAL_Driver/Src/stm32f1xx_hal_flash.c ****     WRITE_REG(FLASH->OPTKEYR, FLASH_OPTKEY2);
 712:Drivers/STM32F1xx_HAL_Driver/Src/stm32f1xx_hal_flash.c ****   }
 713:Drivers/STM32F1xx_HAL_Driver/Src/stm32f1xx_hal_flash.c ****   else
 714:Drivers/STM32F1xx_HAL_Driver/Src/stm32f1xx_hal_flash.c ****   {
 715:Drivers/STM32F1xx_HAL_Driver/Src/stm32f1xx_hal_flash.c ****     return HAL_ERROR;
 716:Drivers/STM32F1xx_HAL_Driver/Src/stm32f1xx_hal_flash.c ****   }  
 717:Drivers/STM32F1xx_HAL_Driver/Src/stm32f1xx_hal_flash.c ****   
ARM GAS  C:\Users\airforce\AppData\Local\Temp\cc3pEavS.s 			page 14


 718:Drivers/STM32F1xx_HAL_Driver/Src/stm32f1xx_hal_flash.c ****   return HAL_OK;  
 719:Drivers/STM32F1xx_HAL_Driver/Src/stm32f1xx_hal_flash.c **** }
 720:Drivers/STM32F1xx_HAL_Driver/Src/stm32f1xx_hal_flash.c **** 
 721:Drivers/STM32F1xx_HAL_Driver/Src/stm32f1xx_hal_flash.c **** /**
 722:Drivers/STM32F1xx_HAL_Driver/Src/stm32f1xx_hal_flash.c ****   * @brief  Lock the FLASH Option Control Registers access.
 723:Drivers/STM32F1xx_HAL_Driver/Src/stm32f1xx_hal_flash.c ****   * @retval HAL Status 
 724:Drivers/STM32F1xx_HAL_Driver/Src/stm32f1xx_hal_flash.c ****   */
 725:Drivers/STM32F1xx_HAL_Driver/Src/stm32f1xx_hal_flash.c **** HAL_StatusTypeDef HAL_FLASH_OB_Lock(void)
 726:Drivers/STM32F1xx_HAL_Driver/Src/stm32f1xx_hal_flash.c **** {
 727:Drivers/STM32F1xx_HAL_Driver/Src/stm32f1xx_hal_flash.c ****   /* Clear the OPTWRE Bit to lock the FLASH Option Byte Registers access */
 728:Drivers/STM32F1xx_HAL_Driver/Src/stm32f1xx_hal_flash.c ****   CLEAR_BIT(FLASH->CR, FLASH_CR_OPTWRE);
 729:Drivers/STM32F1xx_HAL_Driver/Src/stm32f1xx_hal_flash.c ****   
 730:Drivers/STM32F1xx_HAL_Driver/Src/stm32f1xx_hal_flash.c ****   return HAL_OK;  
 731:Drivers/STM32F1xx_HAL_Driver/Src/stm32f1xx_hal_flash.c **** }
 732:Drivers/STM32F1xx_HAL_Driver/Src/stm32f1xx_hal_flash.c ****   
 733:Drivers/STM32F1xx_HAL_Driver/Src/stm32f1xx_hal_flash.c **** /**
 734:Drivers/STM32F1xx_HAL_Driver/Src/stm32f1xx_hal_flash.c ****   * @brief  Launch the option byte loading.
 735:Drivers/STM32F1xx_HAL_Driver/Src/stm32f1xx_hal_flash.c ****   * @note   This function will reset automatically the MCU.
 736:Drivers/STM32F1xx_HAL_Driver/Src/stm32f1xx_hal_flash.c ****   * @retval None
 737:Drivers/STM32F1xx_HAL_Driver/Src/stm32f1xx_hal_flash.c ****   */
 738:Drivers/STM32F1xx_HAL_Driver/Src/stm32f1xx_hal_flash.c **** void HAL_FLASH_OB_Launch(void)
 739:Drivers/STM32F1xx_HAL_Driver/Src/stm32f1xx_hal_flash.c **** {
 740:Drivers/STM32F1xx_HAL_Driver/Src/stm32f1xx_hal_flash.c ****   /* Initiates a system reset request to launch the option byte loading */
 741:Drivers/STM32F1xx_HAL_Driver/Src/stm32f1xx_hal_flash.c ****   HAL_NVIC_SystemReset();
 742:Drivers/STM32F1xx_HAL_Driver/Src/stm32f1xx_hal_flash.c **** }
 743:Drivers/STM32F1xx_HAL_Driver/Src/stm32f1xx_hal_flash.c **** 
 744:Drivers/STM32F1xx_HAL_Driver/Src/stm32f1xx_hal_flash.c **** /**
 745:Drivers/STM32F1xx_HAL_Driver/Src/stm32f1xx_hal_flash.c ****   * @}
 746:Drivers/STM32F1xx_HAL_Driver/Src/stm32f1xx_hal_flash.c ****   */  
 747:Drivers/STM32F1xx_HAL_Driver/Src/stm32f1xx_hal_flash.c **** 
 748:Drivers/STM32F1xx_HAL_Driver/Src/stm32f1xx_hal_flash.c **** /** @defgroup FLASH_Exported_Functions_Group3 Peripheral errors functions 
 749:Drivers/STM32F1xx_HAL_Driver/Src/stm32f1xx_hal_flash.c ****  *  @brief    Peripheral errors functions 
 750:Drivers/STM32F1xx_HAL_Driver/Src/stm32f1xx_hal_flash.c ****  *
 751:Drivers/STM32F1xx_HAL_Driver/Src/stm32f1xx_hal_flash.c **** @verbatim   
 752:Drivers/STM32F1xx_HAL_Driver/Src/stm32f1xx_hal_flash.c ****  ===============================================================================
 753:Drivers/STM32F1xx_HAL_Driver/Src/stm32f1xx_hal_flash.c ****                       ##### Peripheral Errors functions #####
 754:Drivers/STM32F1xx_HAL_Driver/Src/stm32f1xx_hal_flash.c ****  ===============================================================================  
 755:Drivers/STM32F1xx_HAL_Driver/Src/stm32f1xx_hal_flash.c ****     [..]
 756:Drivers/STM32F1xx_HAL_Driver/Src/stm32f1xx_hal_flash.c ****     This subsection permit to get in run-time errors of  the FLASH peripheral.
 757:Drivers/STM32F1xx_HAL_Driver/Src/stm32f1xx_hal_flash.c **** 
 758:Drivers/STM32F1xx_HAL_Driver/Src/stm32f1xx_hal_flash.c **** @endverbatim
 759:Drivers/STM32F1xx_HAL_Driver/Src/stm32f1xx_hal_flash.c ****   * @{
 760:Drivers/STM32F1xx_HAL_Driver/Src/stm32f1xx_hal_flash.c ****   */
 761:Drivers/STM32F1xx_HAL_Driver/Src/stm32f1xx_hal_flash.c **** 
 762:Drivers/STM32F1xx_HAL_Driver/Src/stm32f1xx_hal_flash.c **** /**
 763:Drivers/STM32F1xx_HAL_Driver/Src/stm32f1xx_hal_flash.c ****   * @brief  Get the specific FLASH error flag.
 764:Drivers/STM32F1xx_HAL_Driver/Src/stm32f1xx_hal_flash.c ****   * @retval FLASH_ErrorCode The returned value can be:
 765:Drivers/STM32F1xx_HAL_Driver/Src/stm32f1xx_hal_flash.c ****   *            @ref FLASH_Error_Codes
 766:Drivers/STM32F1xx_HAL_Driver/Src/stm32f1xx_hal_flash.c ****   */
 767:Drivers/STM32F1xx_HAL_Driver/Src/stm32f1xx_hal_flash.c **** uint32_t HAL_FLASH_GetError(void)
 768:Drivers/STM32F1xx_HAL_Driver/Src/stm32f1xx_hal_flash.c **** {
 769:Drivers/STM32F1xx_HAL_Driver/Src/stm32f1xx_hal_flash.c ****    return pFlash.ErrorCode;
 770:Drivers/STM32F1xx_HAL_Driver/Src/stm32f1xx_hal_flash.c **** }
 771:Drivers/STM32F1xx_HAL_Driver/Src/stm32f1xx_hal_flash.c **** 
 772:Drivers/STM32F1xx_HAL_Driver/Src/stm32f1xx_hal_flash.c **** /**
 773:Drivers/STM32F1xx_HAL_Driver/Src/stm32f1xx_hal_flash.c ****   * @}
 774:Drivers/STM32F1xx_HAL_Driver/Src/stm32f1xx_hal_flash.c ****   */
ARM GAS  C:\Users\airforce\AppData\Local\Temp\cc3pEavS.s 			page 15


 775:Drivers/STM32F1xx_HAL_Driver/Src/stm32f1xx_hal_flash.c **** 
 776:Drivers/STM32F1xx_HAL_Driver/Src/stm32f1xx_hal_flash.c **** /**
 777:Drivers/STM32F1xx_HAL_Driver/Src/stm32f1xx_hal_flash.c ****   * @}
 778:Drivers/STM32F1xx_HAL_Driver/Src/stm32f1xx_hal_flash.c ****   */
 779:Drivers/STM32F1xx_HAL_Driver/Src/stm32f1xx_hal_flash.c **** 
 780:Drivers/STM32F1xx_HAL_Driver/Src/stm32f1xx_hal_flash.c **** /** @addtogroup FLASH_Private_Functions
 781:Drivers/STM32F1xx_HAL_Driver/Src/stm32f1xx_hal_flash.c ****  * @{
 782:Drivers/STM32F1xx_HAL_Driver/Src/stm32f1xx_hal_flash.c ****  */
 783:Drivers/STM32F1xx_HAL_Driver/Src/stm32f1xx_hal_flash.c **** 
 784:Drivers/STM32F1xx_HAL_Driver/Src/stm32f1xx_hal_flash.c **** /**
 785:Drivers/STM32F1xx_HAL_Driver/Src/stm32f1xx_hal_flash.c ****   * @brief  Program a half-word (16-bit) at a specified address.
 786:Drivers/STM32F1xx_HAL_Driver/Src/stm32f1xx_hal_flash.c ****   * @param  Address specify the address to be programmed.
 787:Drivers/STM32F1xx_HAL_Driver/Src/stm32f1xx_hal_flash.c ****   * @param  Data    specify the data to be programmed.
 788:Drivers/STM32F1xx_HAL_Driver/Src/stm32f1xx_hal_flash.c ****   * @retval None
 789:Drivers/STM32F1xx_HAL_Driver/Src/stm32f1xx_hal_flash.c ****   */
 790:Drivers/STM32F1xx_HAL_Driver/Src/stm32f1xx_hal_flash.c **** static void FLASH_Program_HalfWord(uint32_t Address, uint16_t Data)
 791:Drivers/STM32F1xx_HAL_Driver/Src/stm32f1xx_hal_flash.c **** {
 792:Drivers/STM32F1xx_HAL_Driver/Src/stm32f1xx_hal_flash.c ****   /* Clean the error context */
 793:Drivers/STM32F1xx_HAL_Driver/Src/stm32f1xx_hal_flash.c ****   pFlash.ErrorCode = HAL_FLASH_ERROR_NONE;
 794:Drivers/STM32F1xx_HAL_Driver/Src/stm32f1xx_hal_flash.c ****   
 795:Drivers/STM32F1xx_HAL_Driver/Src/stm32f1xx_hal_flash.c **** #if defined(FLASH_BANK2_END)
 796:Drivers/STM32F1xx_HAL_Driver/Src/stm32f1xx_hal_flash.c ****   if(Address <= FLASH_BANK1_END)
 797:Drivers/STM32F1xx_HAL_Driver/Src/stm32f1xx_hal_flash.c ****   {
 798:Drivers/STM32F1xx_HAL_Driver/Src/stm32f1xx_hal_flash.c **** #endif /* FLASH_BANK2_END */
 799:Drivers/STM32F1xx_HAL_Driver/Src/stm32f1xx_hal_flash.c ****     /* Proceed to program the new data */
 800:Drivers/STM32F1xx_HAL_Driver/Src/stm32f1xx_hal_flash.c ****     SET_BIT(FLASH->CR, FLASH_CR_PG);
 801:Drivers/STM32F1xx_HAL_Driver/Src/stm32f1xx_hal_flash.c **** #if defined(FLASH_BANK2_END)
 802:Drivers/STM32F1xx_HAL_Driver/Src/stm32f1xx_hal_flash.c ****   }
 803:Drivers/STM32F1xx_HAL_Driver/Src/stm32f1xx_hal_flash.c ****   else
 804:Drivers/STM32F1xx_HAL_Driver/Src/stm32f1xx_hal_flash.c ****   {
 805:Drivers/STM32F1xx_HAL_Driver/Src/stm32f1xx_hal_flash.c ****     /* Proceed to program the new data */
 806:Drivers/STM32F1xx_HAL_Driver/Src/stm32f1xx_hal_flash.c ****     SET_BIT(FLASH->CR2, FLASH_CR2_PG);
 807:Drivers/STM32F1xx_HAL_Driver/Src/stm32f1xx_hal_flash.c ****   }
 808:Drivers/STM32F1xx_HAL_Driver/Src/stm32f1xx_hal_flash.c **** #endif /* FLASH_BANK2_END */
 809:Drivers/STM32F1xx_HAL_Driver/Src/stm32f1xx_hal_flash.c **** 
 810:Drivers/STM32F1xx_HAL_Driver/Src/stm32f1xx_hal_flash.c ****   /* Write data in the address */
 811:Drivers/STM32F1xx_HAL_Driver/Src/stm32f1xx_hal_flash.c ****   *(__IO uint16_t*)Address = Data;
 812:Drivers/STM32F1xx_HAL_Driver/Src/stm32f1xx_hal_flash.c **** }
 813:Drivers/STM32F1xx_HAL_Driver/Src/stm32f1xx_hal_flash.c **** 
 814:Drivers/STM32F1xx_HAL_Driver/Src/stm32f1xx_hal_flash.c **** /**
 815:Drivers/STM32F1xx_HAL_Driver/Src/stm32f1xx_hal_flash.c ****   * @brief  Wait for a FLASH operation to complete.
 816:Drivers/STM32F1xx_HAL_Driver/Src/stm32f1xx_hal_flash.c ****   * @param  Timeout  maximum flash operation timeout
 817:Drivers/STM32F1xx_HAL_Driver/Src/stm32f1xx_hal_flash.c ****   * @retval HAL Status
 818:Drivers/STM32F1xx_HAL_Driver/Src/stm32f1xx_hal_flash.c ****   */
 819:Drivers/STM32F1xx_HAL_Driver/Src/stm32f1xx_hal_flash.c **** HAL_StatusTypeDef FLASH_WaitForLastOperation(uint32_t Timeout)
 820:Drivers/STM32F1xx_HAL_Driver/Src/stm32f1xx_hal_flash.c **** {
 821:Drivers/STM32F1xx_HAL_Driver/Src/stm32f1xx_hal_flash.c ****   /* Wait for the FLASH operation to complete by polling on BUSY flag to be reset.
 822:Drivers/STM32F1xx_HAL_Driver/Src/stm32f1xx_hal_flash.c ****      Even if the FLASH operation fails, the BUSY flag will be reset and an error
 823:Drivers/STM32F1xx_HAL_Driver/Src/stm32f1xx_hal_flash.c ****      flag will be set */
 824:Drivers/STM32F1xx_HAL_Driver/Src/stm32f1xx_hal_flash.c ****      
 825:Drivers/STM32F1xx_HAL_Driver/Src/stm32f1xx_hal_flash.c ****   uint32_t tickstart = HAL_GetTick();
 826:Drivers/STM32F1xx_HAL_Driver/Src/stm32f1xx_hal_flash.c ****      
 827:Drivers/STM32F1xx_HAL_Driver/Src/stm32f1xx_hal_flash.c ****   while(__HAL_FLASH_GET_FLAG(FLASH_FLAG_BSY)) 
 828:Drivers/STM32F1xx_HAL_Driver/Src/stm32f1xx_hal_flash.c ****   { 
 829:Drivers/STM32F1xx_HAL_Driver/Src/stm32f1xx_hal_flash.c ****     if (Timeout != HAL_MAX_DELAY)
 830:Drivers/STM32F1xx_HAL_Driver/Src/stm32f1xx_hal_flash.c ****     {
 831:Drivers/STM32F1xx_HAL_Driver/Src/stm32f1xx_hal_flash.c ****       if((Timeout == 0U) || ((HAL_GetTick()-tickstart) > Timeout))
ARM GAS  C:\Users\airforce\AppData\Local\Temp\cc3pEavS.s 			page 16


 832:Drivers/STM32F1xx_HAL_Driver/Src/stm32f1xx_hal_flash.c ****       {
 833:Drivers/STM32F1xx_HAL_Driver/Src/stm32f1xx_hal_flash.c ****         return HAL_TIMEOUT;
 834:Drivers/STM32F1xx_HAL_Driver/Src/stm32f1xx_hal_flash.c ****       }
 835:Drivers/STM32F1xx_HAL_Driver/Src/stm32f1xx_hal_flash.c ****     }
 836:Drivers/STM32F1xx_HAL_Driver/Src/stm32f1xx_hal_flash.c ****   }
 837:Drivers/STM32F1xx_HAL_Driver/Src/stm32f1xx_hal_flash.c ****   
 838:Drivers/STM32F1xx_HAL_Driver/Src/stm32f1xx_hal_flash.c ****   /* Check FLASH End of Operation flag  */
 839:Drivers/STM32F1xx_HAL_Driver/Src/stm32f1xx_hal_flash.c ****   if (__HAL_FLASH_GET_FLAG(FLASH_FLAG_EOP))
 840:Drivers/STM32F1xx_HAL_Driver/Src/stm32f1xx_hal_flash.c ****   {
 841:Drivers/STM32F1xx_HAL_Driver/Src/stm32f1xx_hal_flash.c ****     /* Clear FLASH End of Operation pending bit */
 842:Drivers/STM32F1xx_HAL_Driver/Src/stm32f1xx_hal_flash.c ****     __HAL_FLASH_CLEAR_FLAG(FLASH_FLAG_EOP);
 843:Drivers/STM32F1xx_HAL_Driver/Src/stm32f1xx_hal_flash.c ****   }
 844:Drivers/STM32F1xx_HAL_Driver/Src/stm32f1xx_hal_flash.c ****   
 845:Drivers/STM32F1xx_HAL_Driver/Src/stm32f1xx_hal_flash.c ****   if(__HAL_FLASH_GET_FLAG(FLASH_FLAG_WRPERR)  || 
 846:Drivers/STM32F1xx_HAL_Driver/Src/stm32f1xx_hal_flash.c ****      __HAL_FLASH_GET_FLAG(FLASH_FLAG_OPTVERR) || 
 847:Drivers/STM32F1xx_HAL_Driver/Src/stm32f1xx_hal_flash.c ****      __HAL_FLASH_GET_FLAG(FLASH_FLAG_PGERR))
 848:Drivers/STM32F1xx_HAL_Driver/Src/stm32f1xx_hal_flash.c ****   {
 849:Drivers/STM32F1xx_HAL_Driver/Src/stm32f1xx_hal_flash.c ****     /*Save the error code*/
 850:Drivers/STM32F1xx_HAL_Driver/Src/stm32f1xx_hal_flash.c ****     FLASH_SetErrorCode();
 851:Drivers/STM32F1xx_HAL_Driver/Src/stm32f1xx_hal_flash.c ****     return HAL_ERROR;
 852:Drivers/STM32F1xx_HAL_Driver/Src/stm32f1xx_hal_flash.c ****   }
 853:Drivers/STM32F1xx_HAL_Driver/Src/stm32f1xx_hal_flash.c **** 
 854:Drivers/STM32F1xx_HAL_Driver/Src/stm32f1xx_hal_flash.c ****   /* There is no error flag set */
 855:Drivers/STM32F1xx_HAL_Driver/Src/stm32f1xx_hal_flash.c ****   return HAL_OK;
 856:Drivers/STM32F1xx_HAL_Driver/Src/stm32f1xx_hal_flash.c **** }
 857:Drivers/STM32F1xx_HAL_Driver/Src/stm32f1xx_hal_flash.c **** 
 858:Drivers/STM32F1xx_HAL_Driver/Src/stm32f1xx_hal_flash.c **** #if defined(FLASH_BANK2_END)
 859:Drivers/STM32F1xx_HAL_Driver/Src/stm32f1xx_hal_flash.c **** /**
 860:Drivers/STM32F1xx_HAL_Driver/Src/stm32f1xx_hal_flash.c ****   * @brief  Wait for a FLASH BANK2 operation to complete.
 861:Drivers/STM32F1xx_HAL_Driver/Src/stm32f1xx_hal_flash.c ****   * @param  Timeout maximum flash operation timeout
 862:Drivers/STM32F1xx_HAL_Driver/Src/stm32f1xx_hal_flash.c ****   * @retval HAL_StatusTypeDef HAL Status
 863:Drivers/STM32F1xx_HAL_Driver/Src/stm32f1xx_hal_flash.c ****   */
 864:Drivers/STM32F1xx_HAL_Driver/Src/stm32f1xx_hal_flash.c **** HAL_StatusTypeDef FLASH_WaitForLastOperationBank2(uint32_t Timeout)
 865:Drivers/STM32F1xx_HAL_Driver/Src/stm32f1xx_hal_flash.c **** { 
 866:Drivers/STM32F1xx_HAL_Driver/Src/stm32f1xx_hal_flash.c ****   /* Wait for the FLASH BANK2 operation to complete by polling on BUSY flag to be reset.
 867:Drivers/STM32F1xx_HAL_Driver/Src/stm32f1xx_hal_flash.c ****      Even if the FLASH BANK2 operation fails, the BUSY flag will be reset and an error
 868:Drivers/STM32F1xx_HAL_Driver/Src/stm32f1xx_hal_flash.c ****      flag will be set */
 869:Drivers/STM32F1xx_HAL_Driver/Src/stm32f1xx_hal_flash.c ****      
 870:Drivers/STM32F1xx_HAL_Driver/Src/stm32f1xx_hal_flash.c ****   uint32_t tickstart = HAL_GetTick();
 871:Drivers/STM32F1xx_HAL_Driver/Src/stm32f1xx_hal_flash.c ****      
 872:Drivers/STM32F1xx_HAL_Driver/Src/stm32f1xx_hal_flash.c ****   while(__HAL_FLASH_GET_FLAG(FLASH_FLAG_BSY_BANK2)) 
 873:Drivers/STM32F1xx_HAL_Driver/Src/stm32f1xx_hal_flash.c ****   { 
 874:Drivers/STM32F1xx_HAL_Driver/Src/stm32f1xx_hal_flash.c ****     if (Timeout != HAL_MAX_DELAY)
 875:Drivers/STM32F1xx_HAL_Driver/Src/stm32f1xx_hal_flash.c ****     {
 876:Drivers/STM32F1xx_HAL_Driver/Src/stm32f1xx_hal_flash.c ****       if((Timeout == 0U) || ((HAL_GetTick()-tickstart) > Timeout))
 877:Drivers/STM32F1xx_HAL_Driver/Src/stm32f1xx_hal_flash.c ****       {
 878:Drivers/STM32F1xx_HAL_Driver/Src/stm32f1xx_hal_flash.c ****         return HAL_TIMEOUT;
 879:Drivers/STM32F1xx_HAL_Driver/Src/stm32f1xx_hal_flash.c ****       }
 880:Drivers/STM32F1xx_HAL_Driver/Src/stm32f1xx_hal_flash.c ****     }
 881:Drivers/STM32F1xx_HAL_Driver/Src/stm32f1xx_hal_flash.c ****   }
 882:Drivers/STM32F1xx_HAL_Driver/Src/stm32f1xx_hal_flash.c ****   
 883:Drivers/STM32F1xx_HAL_Driver/Src/stm32f1xx_hal_flash.c ****   /* Check FLASH End of Operation flag  */
 884:Drivers/STM32F1xx_HAL_Driver/Src/stm32f1xx_hal_flash.c ****   if (__HAL_FLASH_GET_FLAG(FLASH_FLAG_EOP_BANK2))
 885:Drivers/STM32F1xx_HAL_Driver/Src/stm32f1xx_hal_flash.c ****   {
 886:Drivers/STM32F1xx_HAL_Driver/Src/stm32f1xx_hal_flash.c ****     /* Clear FLASH End of Operation pending bit */
 887:Drivers/STM32F1xx_HAL_Driver/Src/stm32f1xx_hal_flash.c ****     __HAL_FLASH_CLEAR_FLAG(FLASH_FLAG_EOP_BANK2);
 888:Drivers/STM32F1xx_HAL_Driver/Src/stm32f1xx_hal_flash.c ****   }
ARM GAS  C:\Users\airforce\AppData\Local\Temp\cc3pEavS.s 			page 17


 889:Drivers/STM32F1xx_HAL_Driver/Src/stm32f1xx_hal_flash.c **** 
 890:Drivers/STM32F1xx_HAL_Driver/Src/stm32f1xx_hal_flash.c ****   if(__HAL_FLASH_GET_FLAG(FLASH_FLAG_WRPERR_BANK2) || __HAL_FLASH_GET_FLAG(FLASH_FLAG_PGERR_BANK2))
 891:Drivers/STM32F1xx_HAL_Driver/Src/stm32f1xx_hal_flash.c ****   {
 892:Drivers/STM32F1xx_HAL_Driver/Src/stm32f1xx_hal_flash.c ****     /*Save the error code*/
 893:Drivers/STM32F1xx_HAL_Driver/Src/stm32f1xx_hal_flash.c ****     FLASH_SetErrorCode();
 894:Drivers/STM32F1xx_HAL_Driver/Src/stm32f1xx_hal_flash.c ****     return HAL_ERROR;
 895:Drivers/STM32F1xx_HAL_Driver/Src/stm32f1xx_hal_flash.c ****   }
 896:Drivers/STM32F1xx_HAL_Driver/Src/stm32f1xx_hal_flash.c **** 
 897:Drivers/STM32F1xx_HAL_Driver/Src/stm32f1xx_hal_flash.c ****   /* If there is an error flag set */
 898:Drivers/STM32F1xx_HAL_Driver/Src/stm32f1xx_hal_flash.c ****   return HAL_OK;
 899:Drivers/STM32F1xx_HAL_Driver/Src/stm32f1xx_hal_flash.c ****   
 900:Drivers/STM32F1xx_HAL_Driver/Src/stm32f1xx_hal_flash.c **** }
 901:Drivers/STM32F1xx_HAL_Driver/Src/stm32f1xx_hal_flash.c **** #endif /* FLASH_BANK2_END */
 902:Drivers/STM32F1xx_HAL_Driver/Src/stm32f1xx_hal_flash.c **** 
 903:Drivers/STM32F1xx_HAL_Driver/Src/stm32f1xx_hal_flash.c **** /**
 904:Drivers/STM32F1xx_HAL_Driver/Src/stm32f1xx_hal_flash.c ****   * @brief  Set the specific FLASH error flag.
 905:Drivers/STM32F1xx_HAL_Driver/Src/stm32f1xx_hal_flash.c ****   * @retval None
 906:Drivers/STM32F1xx_HAL_Driver/Src/stm32f1xx_hal_flash.c ****   */
 907:Drivers/STM32F1xx_HAL_Driver/Src/stm32f1xx_hal_flash.c **** static void FLASH_SetErrorCode(void)
 908:Drivers/STM32F1xx_HAL_Driver/Src/stm32f1xx_hal_flash.c **** {
  26              		.loc 1 908 1 view -0
  27              		.cfi_startproc
  28              		@ args = 0, pretend = 0, frame = 0
  29              		@ frame_needed = 0, uses_anonymous_args = 0
  30              		@ link register save eliminated.
 909:Drivers/STM32F1xx_HAL_Driver/Src/stm32f1xx_hal_flash.c ****   uint32_t flags = 0U;
  31              		.loc 1 909 3 view .LVU1
  32              	.LVL0:
 910:Drivers/STM32F1xx_HAL_Driver/Src/stm32f1xx_hal_flash.c ****   
 911:Drivers/STM32F1xx_HAL_Driver/Src/stm32f1xx_hal_flash.c **** #if defined(FLASH_BANK2_END)
 912:Drivers/STM32F1xx_HAL_Driver/Src/stm32f1xx_hal_flash.c ****   if(__HAL_FLASH_GET_FLAG(FLASH_FLAG_WRPERR) || __HAL_FLASH_GET_FLAG(FLASH_FLAG_WRPERR_BANK2))
 913:Drivers/STM32F1xx_HAL_Driver/Src/stm32f1xx_hal_flash.c **** #else
 914:Drivers/STM32F1xx_HAL_Driver/Src/stm32f1xx_hal_flash.c ****   if(__HAL_FLASH_GET_FLAG(FLASH_FLAG_WRPERR))
  33              		.loc 1 914 3 view .LVU2
  34              		.loc 1 914 6 is_stmt 0 view .LVU3
  35 0000 114A     		ldr	r2, .L14
  36 0002 D368     		ldr	r3, [r2, #12]
  37              		.loc 1 914 5 view .LVU4
  38 0004 13F01003 		ands	r3, r3, #16
  39 0008 05D0     		beq	.L2
 915:Drivers/STM32F1xx_HAL_Driver/Src/stm32f1xx_hal_flash.c **** #endif /* FLASH_BANK2_END */
 916:Drivers/STM32F1xx_HAL_Driver/Src/stm32f1xx_hal_flash.c ****   {
 917:Drivers/STM32F1xx_HAL_Driver/Src/stm32f1xx_hal_flash.c ****     pFlash.ErrorCode |= HAL_FLASH_ERROR_WRP;
  40              		.loc 1 917 5 is_stmt 1 view .LVU5
  41              		.loc 1 917 11 is_stmt 0 view .LVU6
  42 000a 1049     		ldr	r1, .L14+4
  43 000c CB69     		ldr	r3, [r1, #28]
  44              		.loc 1 917 22 view .LVU7
  45 000e 43F00203 		orr	r3, r3, #2
  46 0012 CB61     		str	r3, [r1, #28]
 918:Drivers/STM32F1xx_HAL_Driver/Src/stm32f1xx_hal_flash.c **** #if defined(FLASH_BANK2_END)
 919:Drivers/STM32F1xx_HAL_Driver/Src/stm32f1xx_hal_flash.c ****     flags |= FLASH_FLAG_WRPERR | FLASH_FLAG_WRPERR_BANK2;
 920:Drivers/STM32F1xx_HAL_Driver/Src/stm32f1xx_hal_flash.c **** #else
 921:Drivers/STM32F1xx_HAL_Driver/Src/stm32f1xx_hal_flash.c ****     flags |= FLASH_FLAG_WRPERR;
  47              		.loc 1 921 5 is_stmt 1 view .LVU8
  48              	.LVL1:
  49              		.loc 1 921 11 is_stmt 0 view .LVU9
ARM GAS  C:\Users\airforce\AppData\Local\Temp\cc3pEavS.s 			page 18


  50 0014 1023     		movs	r3, #16
  51              	.LVL2:
  52              	.L2:
 922:Drivers/STM32F1xx_HAL_Driver/Src/stm32f1xx_hal_flash.c **** #endif /* FLASH_BANK2_END */
 923:Drivers/STM32F1xx_HAL_Driver/Src/stm32f1xx_hal_flash.c ****   }
 924:Drivers/STM32F1xx_HAL_Driver/Src/stm32f1xx_hal_flash.c **** #if defined(FLASH_BANK2_END)
 925:Drivers/STM32F1xx_HAL_Driver/Src/stm32f1xx_hal_flash.c ****   if(__HAL_FLASH_GET_FLAG(FLASH_FLAG_PGERR) || __HAL_FLASH_GET_FLAG(FLASH_FLAG_PGERR_BANK2))
 926:Drivers/STM32F1xx_HAL_Driver/Src/stm32f1xx_hal_flash.c **** #else
 927:Drivers/STM32F1xx_HAL_Driver/Src/stm32f1xx_hal_flash.c ****   if(__HAL_FLASH_GET_FLAG(FLASH_FLAG_PGERR))
  53              		.loc 1 927 3 is_stmt 1 view .LVU10
  54              		.loc 1 927 6 is_stmt 0 view .LVU11
  55 0016 D268     		ldr	r2, [r2, #12]
  56              		.loc 1 927 5 view .LVU12
  57 0018 5007     		lsls	r0, r2, #29
  58 001a 06D5     		bpl	.L3
 928:Drivers/STM32F1xx_HAL_Driver/Src/stm32f1xx_hal_flash.c **** #endif /* FLASH_BANK2_END */
 929:Drivers/STM32F1xx_HAL_Driver/Src/stm32f1xx_hal_flash.c ****   {
 930:Drivers/STM32F1xx_HAL_Driver/Src/stm32f1xx_hal_flash.c ****     pFlash.ErrorCode |= HAL_FLASH_ERROR_PROG;
  59              		.loc 1 930 5 is_stmt 1 view .LVU13
  60              		.loc 1 930 11 is_stmt 0 view .LVU14
  61 001c 0B49     		ldr	r1, .L14+4
 931:Drivers/STM32F1xx_HAL_Driver/Src/stm32f1xx_hal_flash.c **** #if defined(FLASH_BANK2_END)
 932:Drivers/STM32F1xx_HAL_Driver/Src/stm32f1xx_hal_flash.c ****     flags |= FLASH_FLAG_PGERR | FLASH_FLAG_PGERR_BANK2;
 933:Drivers/STM32F1xx_HAL_Driver/Src/stm32f1xx_hal_flash.c **** #else
 934:Drivers/STM32F1xx_HAL_Driver/Src/stm32f1xx_hal_flash.c ****     flags |= FLASH_FLAG_PGERR;
  62              		.loc 1 934 11 view .LVU15
  63 001e 43F00403 		orr	r3, r3, #4
  64              	.LVL3:
 930:Drivers/STM32F1xx_HAL_Driver/Src/stm32f1xx_hal_flash.c **** #if defined(FLASH_BANK2_END)
  65              		.loc 1 930 11 view .LVU16
  66 0022 CA69     		ldr	r2, [r1, #28]
 930:Drivers/STM32F1xx_HAL_Driver/Src/stm32f1xx_hal_flash.c **** #if defined(FLASH_BANK2_END)
  67              		.loc 1 930 22 view .LVU17
  68 0024 42F00102 		orr	r2, r2, #1
  69 0028 CA61     		str	r2, [r1, #28]
  70              		.loc 1 934 5 is_stmt 1 view .LVU18
  71              	.L3:
  72              	.LVL4:
 935:Drivers/STM32F1xx_HAL_Driver/Src/stm32f1xx_hal_flash.c **** #endif /* FLASH_BANK2_END */
 936:Drivers/STM32F1xx_HAL_Driver/Src/stm32f1xx_hal_flash.c ****   }
 937:Drivers/STM32F1xx_HAL_Driver/Src/stm32f1xx_hal_flash.c ****   if(__HAL_FLASH_GET_FLAG(FLASH_FLAG_OPTVERR))
  73              		.loc 1 937 3 view .LVU19
  74              		.loc 1 937 6 is_stmt 0 view .LVU20
  75 002a 074A     		ldr	r2, .L14
  76 002c D169     		ldr	r1, [r2, #28]
  77              		.loc 1 937 5 view .LVU21
  78 002e C907     		lsls	r1, r1, #31
  79 0030 08D5     		bpl	.L4
 938:Drivers/STM32F1xx_HAL_Driver/Src/stm32f1xx_hal_flash.c ****   {
 939:Drivers/STM32F1xx_HAL_Driver/Src/stm32f1xx_hal_flash.c ****     pFlash.ErrorCode |= HAL_FLASH_ERROR_OPTV;
  80              		.loc 1 939 5 is_stmt 1 view .LVU22
  81              		.loc 1 939 11 is_stmt 0 view .LVU23
  82 0032 0648     		ldr	r0, .L14+4
  83 0034 C169     		ldr	r1, [r0, #28]
  84              		.loc 1 939 22 view .LVU24
  85 0036 41F00401 		orr	r1, r1, #4
  86 003a C161     		str	r1, [r0, #28]
ARM GAS  C:\Users\airforce\AppData\Local\Temp\cc3pEavS.s 			page 19


 940:Drivers/STM32F1xx_HAL_Driver/Src/stm32f1xx_hal_flash.c ****   __HAL_FLASH_CLEAR_FLAG(FLASH_FLAG_OPTVERR);
  87              		.loc 1 940 3 is_stmt 1 view .LVU25
  88              		.loc 1 940 3 view .LVU26
  89              		.loc 1 940 3 discriminator 1 view .LVU27
  90 003c D169     		ldr	r1, [r2, #28]
  91 003e 21F00101 		bic	r1, r1, #1
  92 0042 D161     		str	r1, [r2, #28]
  93              	.L4:
  94              		.loc 1 940 3 discriminator 4 view .LVU28
 941:Drivers/STM32F1xx_HAL_Driver/Src/stm32f1xx_hal_flash.c ****   }
 942:Drivers/STM32F1xx_HAL_Driver/Src/stm32f1xx_hal_flash.c **** 
 943:Drivers/STM32F1xx_HAL_Driver/Src/stm32f1xx_hal_flash.c ****   /* Clear FLASH error pending bits */
 944:Drivers/STM32F1xx_HAL_Driver/Src/stm32f1xx_hal_flash.c ****   __HAL_FLASH_CLEAR_FLAG(flags);
  95              		.loc 1 944 3 view .LVU29
  96              		.loc 1 944 3 view .LVU30
  97              		.loc 1 944 3 discriminator 2 view .LVU31
  98 0044 D360     		str	r3, [r2, #12]
  99              		.loc 1 944 3 discriminator 4 view .LVU32
 945:Drivers/STM32F1xx_HAL_Driver/Src/stm32f1xx_hal_flash.c **** }  
 100              		.loc 1 945 1 is_stmt 0 view .LVU33
 101 0046 7047     		bx	lr
 102              	.L15:
 103              		.align	2
 104              	.L14:
 105 0048 00200240 		.word	1073881088
 106 004c 00000000 		.word	pFlash
 107              		.cfi_endproc
 108              	.LFE78:
 110              		.section	.text.HAL_FLASH_Program_IT,"ax",%progbits
 111              		.align	1
 112              		.global	HAL_FLASH_Program_IT
 113              		.syntax unified
 114              		.thumb
 115              		.thumb_func
 117              	HAL_FLASH_Program_IT:
 118              	.LVL5:
 119              	.LFB66:
 266:Drivers/STM32F1xx_HAL_Driver/Src/stm32f1xx_hal_flash.c ****   HAL_StatusTypeDef status = HAL_OK;
 120              		.loc 1 266 1 is_stmt 1 view -0
 121              		.cfi_startproc
 122              		@ args = 0, pretend = 0, frame = 0
 123              		@ frame_needed = 0, uses_anonymous_args = 0
 267:Drivers/STM32F1xx_HAL_Driver/Src/stm32f1xx_hal_flash.c **** 
 124              		.loc 1 267 3 view .LVU35
 270:Drivers/STM32F1xx_HAL_Driver/Src/stm32f1xx_hal_flash.c ****   assert_param(IS_FLASH_PROGRAM_ADDRESS(Address));
 125              		.loc 1 270 3 view .LVU36
 271:Drivers/STM32F1xx_HAL_Driver/Src/stm32f1xx_hal_flash.c **** 
 126              		.loc 1 271 3 view .LVU37
 292:Drivers/STM32F1xx_HAL_Driver/Src/stm32f1xx_hal_flash.c **** #endif /* FLASH_BANK2_END */
 127              		.loc 1 292 3 view .LVU38
 266:Drivers/STM32F1xx_HAL_Driver/Src/stm32f1xx_hal_flash.c ****   HAL_StatusTypeDef status = HAL_OK;
 128              		.loc 1 266 1 is_stmt 0 view .LVU39
 129 0000 30B5     		push	{r4, r5, lr}
 130              	.LCFI0:
 131              		.cfi_def_cfa_offset 12
 132              		.cfi_offset 4, -12
 133              		.cfi_offset 5, -8
ARM GAS  C:\Users\airforce\AppData\Local\Temp\cc3pEavS.s 			page 20


 134              		.cfi_offset 14, -4
 266:Drivers/STM32F1xx_HAL_Driver/Src/stm32f1xx_hal_flash.c ****   HAL_StatusTypeDef status = HAL_OK;
 135              		.loc 1 266 1 view .LVU40
 136 0002 1446     		mov	r4, r2
 137 0004 1D46     		mov	r5, r3
 292:Drivers/STM32F1xx_HAL_Driver/Src/stm32f1xx_hal_flash.c **** #endif /* FLASH_BANK2_END */
 138              		.loc 1 292 3 view .LVU41
 139 0006 104A     		ldr	r2, .L21
 140              	.LVL6:
 298:Drivers/STM32F1xx_HAL_Driver/Src/stm32f1xx_hal_flash.c ****   {
 141              		.loc 1 298 5 view .LVU42
 142 0008 0128     		cmp	r0, #1
 292:Drivers/STM32F1xx_HAL_Driver/Src/stm32f1xx_hal_flash.c **** #endif /* FLASH_BANK2_END */
 143              		.loc 1 292 3 view .LVU43
 144 000a 1369     		ldr	r3, [r2, #16]
 145 000c 43F4A053 		orr	r3, r3, #5120
 146 0010 1361     		str	r3, [r2, #16]
 295:Drivers/STM32F1xx_HAL_Driver/Src/stm32f1xx_hal_flash.c ****   pFlash.Data = Data;
 147              		.loc 1 295 3 is_stmt 1 view .LVU44
 295:Drivers/STM32F1xx_HAL_Driver/Src/stm32f1xx_hal_flash.c ****   pFlash.Data = Data;
 148              		.loc 1 295 18 is_stmt 0 view .LVU45
 149 0012 0E4B     		ldr	r3, .L21+4
 150 0014 9960     		str	r1, [r3, #8]
 296:Drivers/STM32F1xx_HAL_Driver/Src/stm32f1xx_hal_flash.c **** 
 151              		.loc 1 296 3 is_stmt 1 view .LVU46
 296:Drivers/STM32F1xx_HAL_Driver/Src/stm32f1xx_hal_flash.c **** 
 152              		.loc 1 296 15 is_stmt 0 view .LVU47
 153 0016 C3E90445 		strd	r4, [r3, #16]
 298:Drivers/STM32F1xx_HAL_Driver/Src/stm32f1xx_hal_flash.c ****   {
 154              		.loc 1 298 3 is_stmt 1 view .LVU48
 298:Drivers/STM32F1xx_HAL_Driver/Src/stm32f1xx_hal_flash.c ****   {
 155              		.loc 1 298 5 is_stmt 0 view .LVU49
 156 001a 0CD1     		bne	.L17
 300:Drivers/STM32F1xx_HAL_Driver/Src/stm32f1xx_hal_flash.c ****     /* Program halfword (16-bit) at a specified address. */
 157              		.loc 1 300 5 is_stmt 1 view .LVU50
 300:Drivers/STM32F1xx_HAL_Driver/Src/stm32f1xx_hal_flash.c ****     /* Program halfword (16-bit) at a specified address. */
 158              		.loc 1 300 29 is_stmt 0 view .LVU51
 159 001c 0322     		movs	r2, #3
 160              	.L20:
 306:Drivers/STM32F1xx_HAL_Driver/Src/stm32f1xx_hal_flash.c ****     /* Program word (32-bit : 2*16-bit) at a specified address. */
 161              		.loc 1 306 5 is_stmt 1 view .LVU52
 306:Drivers/STM32F1xx_HAL_Driver/Src/stm32f1xx_hal_flash.c ****     /* Program word (32-bit : 2*16-bit) at a specified address. */
 162              		.loc 1 306 29 is_stmt 0 view .LVU53
 163 001e 1A70     		strb	r2, [r3]
 308:Drivers/STM32F1xx_HAL_Driver/Src/stm32f1xx_hal_flash.c ****   }
 164              		.loc 1 308 5 is_stmt 1 view .LVU54
 308:Drivers/STM32F1xx_HAL_Driver/Src/stm32f1xx_hal_flash.c ****   }
 165              		.loc 1 308 26 is_stmt 0 view .LVU55
 166 0020 5860     		str	r0, [r3, #4]
 167              	.LVL7:
 168              	.L18:
 318:Drivers/STM32F1xx_HAL_Driver/Src/stm32f1xx_hal_flash.c **** 
 169              		.loc 1 318 3 is_stmt 1 view .LVU56
 170              	.LBB4:
 171              	.LBB5:
 793:Drivers/STM32F1xx_HAL_Driver/Src/stm32f1xx_hal_flash.c ****   
 172              		.loc 1 793 20 is_stmt 0 view .LVU57
ARM GAS  C:\Users\airforce\AppData\Local\Temp\cc3pEavS.s 			page 21


 173 0022 0020     		movs	r0, #0
 800:Drivers/STM32F1xx_HAL_Driver/Src/stm32f1xx_hal_flash.c **** #if defined(FLASH_BANK2_END)
 174              		.loc 1 800 5 view .LVU58
 175 0024 084A     		ldr	r2, .L21
 793:Drivers/STM32F1xx_HAL_Driver/Src/stm32f1xx_hal_flash.c ****   
 176              		.loc 1 793 20 view .LVU59
 177 0026 D861     		str	r0, [r3, #28]
 800:Drivers/STM32F1xx_HAL_Driver/Src/stm32f1xx_hal_flash.c **** #if defined(FLASH_BANK2_END)
 178              		.loc 1 800 5 view .LVU60
 179 0028 1369     		ldr	r3, [r2, #16]
 180              	.LBE5:
 181              	.LBE4:
 318:Drivers/STM32F1xx_HAL_Driver/Src/stm32f1xx_hal_flash.c **** 
 182              		.loc 1 318 3 view .LVU61
 183 002a A4B2     		uxth	r4, r4
 184              	.LVL8:
 185              	.LBB7:
 186              	.LBI4:
 790:Drivers/STM32F1xx_HAL_Driver/Src/stm32f1xx_hal_flash.c **** {
 187              		.loc 1 790 13 is_stmt 1 view .LVU62
 188              	.LBB6:
 793:Drivers/STM32F1xx_HAL_Driver/Src/stm32f1xx_hal_flash.c ****   
 189              		.loc 1 793 3 view .LVU63
 800:Drivers/STM32F1xx_HAL_Driver/Src/stm32f1xx_hal_flash.c **** #if defined(FLASH_BANK2_END)
 190              		.loc 1 800 5 view .LVU64
 191 002c 43F00103 		orr	r3, r3, #1
 192 0030 1361     		str	r3, [r2, #16]
 811:Drivers/STM32F1xx_HAL_Driver/Src/stm32f1xx_hal_flash.c **** }
 193              		.loc 1 811 3 view .LVU65
 811:Drivers/STM32F1xx_HAL_Driver/Src/stm32f1xx_hal_flash.c **** }
 194              		.loc 1 811 28 is_stmt 0 view .LVU66
 195 0032 0C80     		strh	r4, [r1]	@ movhi
 196              	.LVL9:
 811:Drivers/STM32F1xx_HAL_Driver/Src/stm32f1xx_hal_flash.c **** }
 197              		.loc 1 811 28 view .LVU67
 198              	.LBE6:
 199              	.LBE7:
 320:Drivers/STM32F1xx_HAL_Driver/Src/stm32f1xx_hal_flash.c **** }
 200              		.loc 1 320 3 is_stmt 1 view .LVU68
 321:Drivers/STM32F1xx_HAL_Driver/Src/stm32f1xx_hal_flash.c **** 
 201              		.loc 1 321 1 is_stmt 0 view .LVU69
 202 0034 30BD     		pop	{r4, r5, pc}
 203              	.LVL10:
 204              	.L17:
 304:Drivers/STM32F1xx_HAL_Driver/Src/stm32f1xx_hal_flash.c ****   {
 205              		.loc 1 304 8 is_stmt 1 view .LVU70
 304:Drivers/STM32F1xx_HAL_Driver/Src/stm32f1xx_hal_flash.c ****   {
 206              		.loc 1 304 10 is_stmt 0 view .LVU71
 207 0036 0228     		cmp	r0, #2
 208 0038 4FF00402 		mov	r2, #4
 209 003c EFD0     		beq	.L20
 312:Drivers/STM32F1xx_HAL_Driver/Src/stm32f1xx_hal_flash.c ****     /* Program double word (64-bit : 4*16-bit) at a specified address. */
 210              		.loc 1 312 5 is_stmt 1 view .LVU72
 312:Drivers/STM32F1xx_HAL_Driver/Src/stm32f1xx_hal_flash.c ****     /* Program double word (64-bit : 4*16-bit) at a specified address. */
 211              		.loc 1 312 29 is_stmt 0 view .LVU73
 212 003e 0520     		movs	r0, #5
 213              	.LVL11:
ARM GAS  C:\Users\airforce\AppData\Local\Temp\cc3pEavS.s 			page 22


 312:Drivers/STM32F1xx_HAL_Driver/Src/stm32f1xx_hal_flash.c ****     /* Program double word (64-bit : 4*16-bit) at a specified address. */
 214              		.loc 1 312 29 view .LVU74
 215 0040 1870     		strb	r0, [r3]
 314:Drivers/STM32F1xx_HAL_Driver/Src/stm32f1xx_hal_flash.c ****   }
 216              		.loc 1 314 5 is_stmt 1 view .LVU75
 314:Drivers/STM32F1xx_HAL_Driver/Src/stm32f1xx_hal_flash.c ****   }
 217              		.loc 1 314 26 is_stmt 0 view .LVU76
 218 0042 5A60     		str	r2, [r3, #4]
 219 0044 EDE7     		b	.L18
 220              	.L22:
 221 0046 00BF     		.align	2
 222              	.L21:
 223 0048 00200240 		.word	1073881088
 224 004c 00000000 		.word	pFlash
 225              		.cfi_endproc
 226              	.LFE66:
 228              		.section	.text.HAL_FLASH_EndOfOperationCallback,"ax",%progbits
 229              		.align	1
 230              		.weak	HAL_FLASH_EndOfOperationCallback
 231              		.syntax unified
 232              		.thumb
 233              		.thumb_func
 235              	HAL_FLASH_EndOfOperationCallback:
 236              	.LVL12:
 237              	.LFB68:
 600:Drivers/STM32F1xx_HAL_Driver/Src/stm32f1xx_hal_flash.c ****   /* Prevent unused argument(s) compilation warning */
 238              		.loc 1 600 1 is_stmt 1 view -0
 239              		.cfi_startproc
 240              		@ args = 0, pretend = 0, frame = 0
 241              		@ frame_needed = 0, uses_anonymous_args = 0
 242              		@ link register save eliminated.
 602:Drivers/STM32F1xx_HAL_Driver/Src/stm32f1xx_hal_flash.c **** 
 243              		.loc 1 602 3 view .LVU78
 607:Drivers/STM32F1xx_HAL_Driver/Src/stm32f1xx_hal_flash.c **** 
 244              		.loc 1 607 1 is_stmt 0 view .LVU79
 245 0000 7047     		bx	lr
 246              		.cfi_endproc
 247              	.LFE68:
 249              		.section	.text.HAL_FLASH_OperationErrorCallback,"ax",%progbits
 250              		.align	1
 251              		.weak	HAL_FLASH_OperationErrorCallback
 252              		.syntax unified
 253              		.thumb
 254              		.thumb_func
 256              	HAL_FLASH_OperationErrorCallback:
 257              	.LFB80:
 258              		.cfi_startproc
 617:Drivers/STM32F1xx_HAL_Driver/Src/stm32f1xx_hal_flash.c **** {
 259              		.loc 1 617 13 is_stmt 1 view -0
 260              		@ args = 0, pretend = 0, frame = 0
 261              		@ frame_needed = 0, uses_anonymous_args = 0
 262              		@ link register save eliminated.
 263 0000 7047     		bx	lr
 264              		.cfi_endproc
 265              	.LFE80:
 267              		.section	.text.HAL_FLASH_IRQHandler,"ax",%progbits
 268              		.align	1
ARM GAS  C:\Users\airforce\AppData\Local\Temp\cc3pEavS.s 			page 23


 269              		.global	HAL_FLASH_IRQHandler
 270              		.syntax unified
 271              		.thumb
 272              		.thumb_func
 274              	HAL_FLASH_IRQHandler:
 275              	.LFB67:
 328:Drivers/STM32F1xx_HAL_Driver/Src/stm32f1xx_hal_flash.c ****   uint32_t addresstmp = 0U;
 276              		.loc 1 328 1 view -0
 277              		.cfi_startproc
 278              		@ args = 0, pretend = 0, frame = 0
 279              		@ frame_needed = 0, uses_anonymous_args = 0
 329:Drivers/STM32F1xx_HAL_Driver/Src/stm32f1xx_hal_flash.c ****   
 280              		.loc 1 329 3 view .LVU82
 281              	.LVL13:
 336:Drivers/STM32F1xx_HAL_Driver/Src/stm32f1xx_hal_flash.c **** #endif /* FLASH_BANK2_END */
 282              		.loc 1 336 3 view .LVU83
 336:Drivers/STM32F1xx_HAL_Driver/Src/stm32f1xx_hal_flash.c **** #endif /* FLASH_BANK2_END */
 283              		.loc 1 336 6 is_stmt 0 view .LVU84
 284 0000 414B     		ldr	r3, .L47
 328:Drivers/STM32F1xx_HAL_Driver/Src/stm32f1xx_hal_flash.c ****   uint32_t addresstmp = 0U;
 285              		.loc 1 328 1 view .LVU85
 286 0002 70B5     		push	{r4, r5, r6, lr}
 287              	.LCFI1:
 288              		.cfi_def_cfa_offset 16
 289              		.cfi_offset 4, -16
 290              		.cfi_offset 5, -12
 291              		.cfi_offset 6, -8
 292              		.cfi_offset 14, -4
 336:Drivers/STM32F1xx_HAL_Driver/Src/stm32f1xx_hal_flash.c **** #endif /* FLASH_BANK2_END */
 293              		.loc 1 336 6 view .LVU86
 294 0004 DA68     		ldr	r2, [r3, #12]
 295 0006 414C     		ldr	r4, .L47+4
 336:Drivers/STM32F1xx_HAL_Driver/Src/stm32f1xx_hal_flash.c **** #endif /* FLASH_BANK2_END */
 296              		.loc 1 336 5 view .LVU87
 297 0008 12F0100F 		tst	r2, #16
 298 000c 02D1     		bne	.L26
 336:Drivers/STM32F1xx_HAL_Driver/Src/stm32f1xx_hal_flash.c **** #endif /* FLASH_BANK2_END */
 299              		.loc 1 336 48 discriminator 1 view .LVU88
 300 000e DB68     		ldr	r3, [r3, #12]
 336:Drivers/STM32F1xx_HAL_Driver/Src/stm32f1xx_hal_flash.c **** #endif /* FLASH_BANK2_END */
 301              		.loc 1 336 46 discriminator 1 view .LVU89
 302 0010 5A07     		lsls	r2, r3, #29
 303 0012 0AD5     		bpl	.L27
 304              	.L26:
 340:Drivers/STM32F1xx_HAL_Driver/Src/stm32f1xx_hal_flash.c ****     /* Reset address */
 305              		.loc 1 340 5 is_stmt 1 view .LVU90
 342:Drivers/STM32F1xx_HAL_Driver/Src/stm32f1xx_hal_flash.c ****   
 306              		.loc 1 342 20 is_stmt 0 view .LVU91
 307 0014 4FF0FF33 		mov	r3, #-1
 340:Drivers/STM32F1xx_HAL_Driver/Src/stm32f1xx_hal_flash.c ****     /* Reset address */
 308              		.loc 1 340 16 view .LVU92
 309 0018 A568     		ldr	r5, [r4, #8]
 310              	.LVL14:
 342:Drivers/STM32F1xx_HAL_Driver/Src/stm32f1xx_hal_flash.c ****   
 311              		.loc 1 342 5 is_stmt 1 view .LVU93
 342:Drivers/STM32F1xx_HAL_Driver/Src/stm32f1xx_hal_flash.c ****   
 312              		.loc 1 342 20 is_stmt 0 view .LVU94
ARM GAS  C:\Users\airforce\AppData\Local\Temp\cc3pEavS.s 			page 24


 313 001a A360     		str	r3, [r4, #8]
 345:Drivers/STM32F1xx_HAL_Driver/Src/stm32f1xx_hal_flash.c ****     
 314              		.loc 1 345 5 is_stmt 1 view .LVU95
 315 001c FFF7FEFF 		bl	FLASH_SetErrorCode
 316              	.LVL15:
 348:Drivers/STM32F1xx_HAL_Driver/Src/stm32f1xx_hal_flash.c **** 
 317              		.loc 1 348 5 view .LVU96
 318 0020 2846     		mov	r0, r5
 319 0022 FFF7FEFF 		bl	HAL_FLASH_OperationErrorCallback
 320              	.LVL16:
 351:Drivers/STM32F1xx_HAL_Driver/Src/stm32f1xx_hal_flash.c ****   }
 321              		.loc 1 351 5 view .LVU97
 351:Drivers/STM32F1xx_HAL_Driver/Src/stm32f1xx_hal_flash.c ****   }
 322              		.loc 1 351 29 is_stmt 0 view .LVU98
 323 0026 0023     		movs	r3, #0
 324 0028 2370     		strb	r3, [r4]
 325              	.LVL17:
 326              	.L27:
 361:Drivers/STM32F1xx_HAL_Driver/Src/stm32f1xx_hal_flash.c ****   {
 327              		.loc 1 361 3 is_stmt 1 view .LVU99
 361:Drivers/STM32F1xx_HAL_Driver/Src/stm32f1xx_hal_flash.c ****   {
 328              		.loc 1 361 6 is_stmt 0 view .LVU100
 329 002a 374D     		ldr	r5, .L47
 330 002c EB68     		ldr	r3, [r5, #12]
 361:Drivers/STM32F1xx_HAL_Driver/Src/stm32f1xx_hal_flash.c ****   {
 331              		.loc 1 361 5 view .LVU101
 332 002e 9B06     		lsls	r3, r3, #26
 333 0030 18D5     		bpl	.L29
 364:Drivers/STM32F1xx_HAL_Driver/Src/stm32f1xx_hal_flash.c **** #endif /* FLASH_BANK2_END */
 334              		.loc 1 364 5 is_stmt 1 view .LVU102
 364:Drivers/STM32F1xx_HAL_Driver/Src/stm32f1xx_hal_flash.c **** #endif /* FLASH_BANK2_END */
 335              		.loc 1 364 5 view .LVU103
 364:Drivers/STM32F1xx_HAL_Driver/Src/stm32f1xx_hal_flash.c **** #endif /* FLASH_BANK2_END */
 336              		.loc 1 364 5 discriminator 2 view .LVU104
 337 0032 2023     		movs	r3, #32
 338 0034 EB60     		str	r3, [r5, #12]
 364:Drivers/STM32F1xx_HAL_Driver/Src/stm32f1xx_hal_flash.c **** #endif /* FLASH_BANK2_END */
 339              		.loc 1 364 5 discriminator 4 view .LVU105
 368:Drivers/STM32F1xx_HAL_Driver/Src/stm32f1xx_hal_flash.c ****     {
 340              		.loc 1 368 5 view .LVU106
 368:Drivers/STM32F1xx_HAL_Driver/Src/stm32f1xx_hal_flash.c ****     {
 341              		.loc 1 368 14 is_stmt 0 view .LVU107
 342 0036 2378     		ldrb	r3, [r4]	@ zero_extendqisi2
 368:Drivers/STM32F1xx_HAL_Driver/Src/stm32f1xx_hal_flash.c ****     {
 343              		.loc 1 368 7 view .LVU108
 344 0038 A3B1     		cbz	r3, .L29
 370:Drivers/STM32F1xx_HAL_Driver/Src/stm32f1xx_hal_flash.c ****       {
 345              		.loc 1 370 7 is_stmt 1 view .LVU109
 370:Drivers/STM32F1xx_HAL_Driver/Src/stm32f1xx_hal_flash.c ****       {
 346              		.loc 1 370 16 is_stmt 0 view .LVU110
 347 003a 2378     		ldrb	r3, [r4]	@ zero_extendqisi2
 370:Drivers/STM32F1xx_HAL_Driver/Src/stm32f1xx_hal_flash.c ****       {
 348              		.loc 1 370 9 view .LVU111
 349 003c 012B     		cmp	r3, #1
 350 003e 24D1     		bne	.L31
 373:Drivers/STM32F1xx_HAL_Driver/Src/stm32f1xx_hal_flash.c **** 
 351              		.loc 1 373 9 is_stmt 1 view .LVU112
ARM GAS  C:\Users\airforce\AppData\Local\Temp\cc3pEavS.s 			page 25


 373:Drivers/STM32F1xx_HAL_Driver/Src/stm32f1xx_hal_flash.c **** 
 352              		.loc 1 373 15 is_stmt 0 view .LVU113
 353 0040 6368     		ldr	r3, [r4, #4]
 373:Drivers/STM32F1xx_HAL_Driver/Src/stm32f1xx_hal_flash.c **** 
 354              		.loc 1 373 29 view .LVU114
 355 0042 013B     		subs	r3, r3, #1
 356 0044 6360     		str	r3, [r4, #4]
 376:Drivers/STM32F1xx_HAL_Driver/Src/stm32f1xx_hal_flash.c ****         {
 357              		.loc 1 376 9 is_stmt 1 view .LVU115
 376:Drivers/STM32F1xx_HAL_Driver/Src/stm32f1xx_hal_flash.c ****         {
 358              		.loc 1 376 18 is_stmt 0 view .LVU116
 359 0046 6368     		ldr	r3, [r4, #4]
 376:Drivers/STM32F1xx_HAL_Driver/Src/stm32f1xx_hal_flash.c ****         {
 360              		.loc 1 376 11 view .LVU117
 361 0048 C3B1     		cbz	r3, .L32
 378:Drivers/STM32F1xx_HAL_Driver/Src/stm32f1xx_hal_flash.c ****           /*Indicate user which sector has been erased */
 362              		.loc 1 378 11 is_stmt 1 view .LVU118
 378:Drivers/STM32F1xx_HAL_Driver/Src/stm32f1xx_hal_flash.c ****           /*Indicate user which sector has been erased */
 363              		.loc 1 378 22 is_stmt 0 view .LVU119
 364 004a A068     		ldr	r0, [r4, #8]
 365              	.LVL18:
 380:Drivers/STM32F1xx_HAL_Driver/Src/stm32f1xx_hal_flash.c **** 
 366              		.loc 1 380 11 is_stmt 1 view .LVU120
 367 004c FFF7FEFF 		bl	HAL_FLASH_EndOfOperationCallback
 368              	.LVL19:
 383:Drivers/STM32F1xx_HAL_Driver/Src/stm32f1xx_hal_flash.c ****           pFlash.Address = addresstmp;
 369              		.loc 1 383 11 view .LVU121
 383:Drivers/STM32F1xx_HAL_Driver/Src/stm32f1xx_hal_flash.c ****           pFlash.Address = addresstmp;
 370              		.loc 1 383 30 is_stmt 0 view .LVU122
 371 0050 A068     		ldr	r0, [r4, #8]
 383:Drivers/STM32F1xx_HAL_Driver/Src/stm32f1xx_hal_flash.c ****           pFlash.Address = addresstmp;
 372              		.loc 1 383 22 view .LVU123
 373 0052 00F58060 		add	r0, r0, #1024
 374              	.LVL20:
 384:Drivers/STM32F1xx_HAL_Driver/Src/stm32f1xx_hal_flash.c **** 
 375              		.loc 1 384 11 is_stmt 1 view .LVU124
 384:Drivers/STM32F1xx_HAL_Driver/Src/stm32f1xx_hal_flash.c **** 
 376              		.loc 1 384 26 is_stmt 0 view .LVU125
 377 0056 A060     		str	r0, [r4, #8]
 387:Drivers/STM32F1xx_HAL_Driver/Src/stm32f1xx_hal_flash.c **** 
 378              		.loc 1 387 11 is_stmt 1 view .LVU126
 379 0058 2B69     		ldr	r3, [r5, #16]
 380 005a 23F00203 		bic	r3, r3, #2
 381 005e 2B61     		str	r3, [r5, #16]
 389:Drivers/STM32F1xx_HAL_Driver/Src/stm32f1xx_hal_flash.c ****         }
 382              		.loc 1 389 11 view .LVU127
 383 0060 FFF7FEFF 		bl	FLASH_PageErase
 384              	.LVL21:
 385              	.L29:
 570:Drivers/STM32F1xx_HAL_Driver/Src/stm32f1xx_hal_flash.c ****   {
 386              		.loc 1 570 3 view .LVU128
 570:Drivers/STM32F1xx_HAL_Driver/Src/stm32f1xx_hal_flash.c ****   {
 387              		.loc 1 570 12 is_stmt 0 view .LVU129
 388 0064 2378     		ldrb	r3, [r4]	@ zero_extendqisi2
 570:Drivers/STM32F1xx_HAL_Driver/Src/stm32f1xx_hal_flash.c ****   {
 389              		.loc 1 570 5 view .LVU130
 390 0066 43B9     		cbnz	r3, .L25
ARM GAS  C:\Users\airforce\AppData\Local\Temp\cc3pEavS.s 			page 26


 581:Drivers/STM32F1xx_HAL_Driver/Src/stm32f1xx_hal_flash.c **** 
 391              		.loc 1 581 5 is_stmt 1 view .LVU131
 392 0068 274B     		ldr	r3, .L47
 393 006a 1A69     		ldr	r2, [r3, #16]
 394 006c 22F00702 		bic	r2, r2, #7
 395 0070 1A61     		str	r2, [r3, #16]
 584:Drivers/STM32F1xx_HAL_Driver/Src/stm32f1xx_hal_flash.c **** #endif /* FLASH_BANK2_END */
 396              		.loc 1 584 5 view .LVU132
 397 0072 1A69     		ldr	r2, [r3, #16]
 398 0074 22F4A052 		bic	r2, r2, #5120
 399 0078 1A61     		str	r2, [r3, #16]
 400              	.L25:
 588:Drivers/STM32F1xx_HAL_Driver/Src/stm32f1xx_hal_flash.c **** 
 401              		.loc 1 588 1 is_stmt 0 view .LVU133
 402 007a 70BD     		pop	{r4, r5, r6, pc}
 403              	.L32:
 395:Drivers/STM32F1xx_HAL_Driver/Src/stm32f1xx_hal_flash.c ****           pFlash.ProcedureOnGoing = FLASH_PROC_NONE;
 404              		.loc 1 395 11 is_stmt 1 view .LVU134
 405              	.LVL22:
 395:Drivers/STM32F1xx_HAL_Driver/Src/stm32f1xx_hal_flash.c ****           pFlash.ProcedureOnGoing = FLASH_PROC_NONE;
 406              		.loc 1 395 26 is_stmt 0 view .LVU135
 407 007c 4FF0FF30 		mov	r0, #-1
 408 0080 A060     		str	r0, [r4, #8]
 396:Drivers/STM32F1xx_HAL_Driver/Src/stm32f1xx_hal_flash.c ****           /* FLASH EOP interrupt user callback */
 409              		.loc 1 396 11 is_stmt 1 view .LVU136
 396:Drivers/STM32F1xx_HAL_Driver/Src/stm32f1xx_hal_flash.c ****           /* FLASH EOP interrupt user callback */
 410              		.loc 1 396 35 is_stmt 0 view .LVU137
 411 0082 2370     		strb	r3, [r4]
 398:Drivers/STM32F1xx_HAL_Driver/Src/stm32f1xx_hal_flash.c ****         }
 412              		.loc 1 398 11 is_stmt 1 view .LVU138
 413 0084 FFF7FEFF 		bl	HAL_FLASH_EndOfOperationCallback
 414              	.LVL23:
 415 0088 ECE7     		b	.L29
 416              	.LVL24:
 417              	.L31:
 401:Drivers/STM32F1xx_HAL_Driver/Src/stm32f1xx_hal_flash.c ****       {
 418              		.loc 1 401 12 view .LVU139
 401:Drivers/STM32F1xx_HAL_Driver/Src/stm32f1xx_hal_flash.c ****       {
 419              		.loc 1 401 21 is_stmt 0 view .LVU140
 420 008a 2378     		ldrb	r3, [r4]	@ zero_extendqisi2
 401:Drivers/STM32F1xx_HAL_Driver/Src/stm32f1xx_hal_flash.c ****       {
 421              		.loc 1 401 14 view .LVU141
 422 008c 022B     		cmp	r3, #2
 423 008e 09D1     		bne	.L33
 404:Drivers/STM32F1xx_HAL_Driver/Src/stm32f1xx_hal_flash.c **** 
 424              		.loc 1 404 9 is_stmt 1 view .LVU142
 425 0090 2B69     		ldr	r3, [r5, #16]
 413:Drivers/STM32F1xx_HAL_Driver/Src/stm32f1xx_hal_flash.c **** 
 426              		.loc 1 413 11 is_stmt 0 view .LVU143
 427 0092 0020     		movs	r0, #0
 404:Drivers/STM32F1xx_HAL_Driver/Src/stm32f1xx_hal_flash.c **** 
 428              		.loc 1 404 9 view .LVU144
 429 0094 23F00403 		bic	r3, r3, #4
 430 0098 2B61     		str	r3, [r5, #16]
 413:Drivers/STM32F1xx_HAL_Driver/Src/stm32f1xx_hal_flash.c **** 
 431              		.loc 1 413 11 is_stmt 1 view .LVU145
 432 009a FFF7FEFF 		bl	HAL_FLASH_EndOfOperationCallback
ARM GAS  C:\Users\airforce\AppData\Local\Temp\cc3pEavS.s 			page 27


 433              	.LVL25:
 416:Drivers/STM32F1xx_HAL_Driver/Src/stm32f1xx_hal_flash.c ****         }
 434              		.loc 1 416 11 view .LVU146
 435              	.L46:
 461:Drivers/STM32F1xx_HAL_Driver/Src/stm32f1xx_hal_flash.c ****         }
 436              		.loc 1 461 11 view .LVU147
 461:Drivers/STM32F1xx_HAL_Driver/Src/stm32f1xx_hal_flash.c ****         }
 437              		.loc 1 461 35 is_stmt 0 view .LVU148
 438 009e 0023     		movs	r3, #0
 439 00a0 2370     		strb	r3, [r4]
 440 00a2 DFE7     		b	.L29
 441              	.L33:
 424:Drivers/STM32F1xx_HAL_Driver/Src/stm32f1xx_hal_flash.c ****         
 442              		.loc 1 424 9 is_stmt 1 view .LVU149
 424:Drivers/STM32F1xx_HAL_Driver/Src/stm32f1xx_hal_flash.c ****         
 443              		.loc 1 424 15 is_stmt 0 view .LVU150
 444 00a4 6368     		ldr	r3, [r4, #4]
 424:Drivers/STM32F1xx_HAL_Driver/Src/stm32f1xx_hal_flash.c ****         
 445              		.loc 1 424 29 view .LVU151
 446 00a6 013B     		subs	r3, r3, #1
 447 00a8 6360     		str	r3, [r4, #4]
 427:Drivers/STM32F1xx_HAL_Driver/Src/stm32f1xx_hal_flash.c ****         {
 448              		.loc 1 427 9 is_stmt 1 view .LVU152
 427:Drivers/STM32F1xx_HAL_Driver/Src/stm32f1xx_hal_flash.c ****         {
 449              		.loc 1 427 18 is_stmt 0 view .LVU153
 450 00aa 6368     		ldr	r3, [r4, #4]
 427:Drivers/STM32F1xx_HAL_Driver/Src/stm32f1xx_hal_flash.c ****         {
 451              		.loc 1 427 11 view .LVU154
 452 00ac D3B1     		cbz	r3, .L34
 430:Drivers/STM32F1xx_HAL_Driver/Src/stm32f1xx_hal_flash.c ****           addresstmp = pFlash.Address;
 453              		.loc 1 430 11 is_stmt 1 view .LVU155
 430:Drivers/STM32F1xx_HAL_Driver/Src/stm32f1xx_hal_flash.c ****           addresstmp = pFlash.Address;
 454              		.loc 1 430 17 is_stmt 0 view .LVU156
 455 00ae A368     		ldr	r3, [r4, #8]
 430:Drivers/STM32F1xx_HAL_Driver/Src/stm32f1xx_hal_flash.c ****           addresstmp = pFlash.Address;
 456              		.loc 1 430 26 view .LVU157
 457 00b0 0233     		adds	r3, r3, #2
 458 00b2 A360     		str	r3, [r4, #8]
 431:Drivers/STM32F1xx_HAL_Driver/Src/stm32f1xx_hal_flash.c ****           
 459              		.loc 1 431 11 is_stmt 1 view .LVU158
 431:Drivers/STM32F1xx_HAL_Driver/Src/stm32f1xx_hal_flash.c ****           
 460              		.loc 1 431 22 is_stmt 0 view .LVU159
 461 00b4 A668     		ldr	r6, [r4, #8]
 462              	.LVL26:
 434:Drivers/STM32F1xx_HAL_Driver/Src/stm32f1xx_hal_flash.c ****           
 463              		.loc 1 434 11 is_stmt 1 view .LVU160
 434:Drivers/STM32F1xx_HAL_Driver/Src/stm32f1xx_hal_flash.c ****           
 464              		.loc 1 434 32 is_stmt 0 view .LVU161
 465 00b6 D4E90401 		ldrd	r0, [r4, #16]
 434:Drivers/STM32F1xx_HAL_Driver/Src/stm32f1xx_hal_flash.c ****           
 466              		.loc 1 434 38 view .LVU162
 467 00ba 020C     		lsrs	r2, r0, #16
 468 00bc 42EA0142 		orr	r2, r2, r1, lsl #16
 469 00c0 0B0C     		lsrs	r3, r1, #16
 434:Drivers/STM32F1xx_HAL_Driver/Src/stm32f1xx_hal_flash.c ****           
 470              		.loc 1 434 23 view .LVU163
 471 00c2 C4E90423 		strd	r2, [r4, #16]
ARM GAS  C:\Users\airforce\AppData\Local\Temp\cc3pEavS.s 			page 28


 437:Drivers/STM32F1xx_HAL_Driver/Src/stm32f1xx_hal_flash.c **** 
 472              		.loc 1 437 11 is_stmt 1 view .LVU164
 473 00c6 2B69     		ldr	r3, [r5, #16]
 474 00c8 23F00103 		bic	r3, r3, #1
 475 00cc 2B61     		str	r3, [r5, #16]
 440:Drivers/STM32F1xx_HAL_Driver/Src/stm32f1xx_hal_flash.c ****         }
 476              		.loc 1 440 11 view .LVU165
 440:Drivers/STM32F1xx_HAL_Driver/Src/stm32f1xx_hal_flash.c ****         }
 477              		.loc 1 440 62 is_stmt 0 view .LVU166
 478 00ce D4E90423 		ldrd	r2, [r4, #16]
 479              	.LBB10:
 480              	.LBB11:
 793:Drivers/STM32F1xx_HAL_Driver/Src/stm32f1xx_hal_flash.c ****   
 481              		.loc 1 793 20 view .LVU167
 482 00d2 0023     		movs	r3, #0
 483 00d4 E361     		str	r3, [r4, #28]
 800:Drivers/STM32F1xx_HAL_Driver/Src/stm32f1xx_hal_flash.c **** #if defined(FLASH_BANK2_END)
 484              		.loc 1 800 5 view .LVU168
 485 00d6 2B69     		ldr	r3, [r5, #16]
 486              	.LBE11:
 487              	.LBE10:
 440:Drivers/STM32F1xx_HAL_Driver/Src/stm32f1xx_hal_flash.c ****         }
 488              		.loc 1 440 11 view .LVU169
 489 00d8 92B2     		uxth	r2, r2
 490              	.LVL27:
 491              	.LBB13:
 492              	.LBI10:
 790:Drivers/STM32F1xx_HAL_Driver/Src/stm32f1xx_hal_flash.c **** {
 493              		.loc 1 790 13 is_stmt 1 view .LVU170
 494              	.LBB12:
 793:Drivers/STM32F1xx_HAL_Driver/Src/stm32f1xx_hal_flash.c ****   
 495              		.loc 1 793 3 view .LVU171
 800:Drivers/STM32F1xx_HAL_Driver/Src/stm32f1xx_hal_flash.c **** #if defined(FLASH_BANK2_END)
 496              		.loc 1 800 5 view .LVU172
 497 00da 43F00103 		orr	r3, r3, #1
 498 00de 2B61     		str	r3, [r5, #16]
 811:Drivers/STM32F1xx_HAL_Driver/Src/stm32f1xx_hal_flash.c **** }
 499              		.loc 1 811 3 view .LVU173
 811:Drivers/STM32F1xx_HAL_Driver/Src/stm32f1xx_hal_flash.c **** }
 500              		.loc 1 811 28 is_stmt 0 view .LVU174
 501 00e0 3280     		strh	r2, [r6]	@ movhi
 502              	.LVL28:
 812:Drivers/STM32F1xx_HAL_Driver/Src/stm32f1xx_hal_flash.c **** 
 503              		.loc 1 812 1 view .LVU175
 504 00e2 BFE7     		b	.L29
 505              	.LVL29:
 506              	.L34:
 812:Drivers/STM32F1xx_HAL_Driver/Src/stm32f1xx_hal_flash.c **** 
 507              		.loc 1 812 1 view .LVU176
 508              	.LBE12:
 509              	.LBE13:
 446:Drivers/STM32F1xx_HAL_Driver/Src/stm32f1xx_hal_flash.c ****           {
 510              		.loc 1 446 11 is_stmt 1 view .LVU177
 446:Drivers/STM32F1xx_HAL_Driver/Src/stm32f1xx_hal_flash.c ****           {
 511              		.loc 1 446 21 is_stmt 0 view .LVU178
 512 00e4 2378     		ldrb	r3, [r4]	@ zero_extendqisi2
 446:Drivers/STM32F1xx_HAL_Driver/Src/stm32f1xx_hal_flash.c ****           {
ARM GAS  C:\Users\airforce\AppData\Local\Temp\cc3pEavS.s 			page 29


 513              		.loc 1 446 14 view .LVU179
 514 00e6 032B     		cmp	r3, #3
 515 00e8 06D1     		bne	.L35
 448:Drivers/STM32F1xx_HAL_Driver/Src/stm32f1xx_hal_flash.c ****           }
 516              		.loc 1 448 13 is_stmt 1 view .LVU180
 448:Drivers/STM32F1xx_HAL_Driver/Src/stm32f1xx_hal_flash.c ****           }
 517              		.loc 1 448 52 is_stmt 0 view .LVU181
 518 00ea A068     		ldr	r0, [r4, #8]
 519              	.L45:
 456:Drivers/STM32F1xx_HAL_Driver/Src/stm32f1xx_hal_flash.c ****           }
 520              		.loc 1 456 13 view .LVU182
 521 00ec FFF7FEFF 		bl	HAL_FLASH_EndOfOperationCallback
 522              	.LVL30:
 460:Drivers/STM32F1xx_HAL_Driver/Src/stm32f1xx_hal_flash.c ****           pFlash.ProcedureOnGoing = FLASH_PROC_NONE;
 523              		.loc 1 460 11 is_stmt 1 view .LVU183
 460:Drivers/STM32F1xx_HAL_Driver/Src/stm32f1xx_hal_flash.c ****           pFlash.ProcedureOnGoing = FLASH_PROC_NONE;
 524              		.loc 1 460 26 is_stmt 0 view .LVU184
 525 00f0 4FF0FF33 		mov	r3, #-1
 526 00f4 A360     		str	r3, [r4, #8]
 527 00f6 D2E7     		b	.L46
 528              	.L35:
 450:Drivers/STM32F1xx_HAL_Driver/Src/stm32f1xx_hal_flash.c ****           {
 529              		.loc 1 450 16 is_stmt 1 view .LVU185
 450:Drivers/STM32F1xx_HAL_Driver/Src/stm32f1xx_hal_flash.c ****           {
 530              		.loc 1 450 26 is_stmt 0 view .LVU186
 531 00f8 2378     		ldrb	r3, [r4]	@ zero_extendqisi2
 452:Drivers/STM32F1xx_HAL_Driver/Src/stm32f1xx_hal_flash.c ****           }
 532              		.loc 1 452 52 view .LVU187
 533 00fa A068     		ldr	r0, [r4, #8]
 450:Drivers/STM32F1xx_HAL_Driver/Src/stm32f1xx_hal_flash.c ****           {
 534              		.loc 1 450 19 view .LVU188
 535 00fc 042B     		cmp	r3, #4
 452:Drivers/STM32F1xx_HAL_Driver/Src/stm32f1xx_hal_flash.c ****           }
 536              		.loc 1 452 13 is_stmt 1 view .LVU189
 537 00fe 0CBF     		ite	eq
 538 0100 0238     		subeq	r0, r0, #2
 456:Drivers/STM32F1xx_HAL_Driver/Src/stm32f1xx_hal_flash.c ****           }
 539              		.loc 1 456 13 view .LVU190
 540 0102 0638     		subne	r0, r0, #6
 541 0104 F2E7     		b	.L45
 542              	.L48:
 543 0106 00BF     		.align	2
 544              	.L47:
 545 0108 00200240 		.word	1073881088
 546 010c 00000000 		.word	pFlash
 547              		.cfi_endproc
 548              	.LFE67:
 550              		.section	.text.HAL_FLASH_Unlock,"ax",%progbits
 551              		.align	1
 552              		.global	HAL_FLASH_Unlock
 553              		.syntax unified
 554              		.thumb
 555              		.thumb_func
 557              	HAL_FLASH_Unlock:
 558              	.LFB70:
 651:Drivers/STM32F1xx_HAL_Driver/Src/stm32f1xx_hal_flash.c ****   HAL_StatusTypeDef status = HAL_OK;
 559              		.loc 1 651 1 view -0
ARM GAS  C:\Users\airforce\AppData\Local\Temp\cc3pEavS.s 			page 30


 560              		.cfi_startproc
 561              		@ args = 0, pretend = 0, frame = 0
 562              		@ frame_needed = 0, uses_anonymous_args = 0
 563              		@ link register save eliminated.
 652:Drivers/STM32F1xx_HAL_Driver/Src/stm32f1xx_hal_flash.c **** 
 564              		.loc 1 652 3 view .LVU192
 565              	.LVL31:
 654:Drivers/STM32F1xx_HAL_Driver/Src/stm32f1xx_hal_flash.c ****   {
 566              		.loc 1 654 3 view .LVU193
 654:Drivers/STM32F1xx_HAL_Driver/Src/stm32f1xx_hal_flash.c ****   {
 567              		.loc 1 654 6 is_stmt 0 view .LVU194
 568 0000 064B     		ldr	r3, .L52
 569 0002 1869     		ldr	r0, [r3, #16]
 654:Drivers/STM32F1xx_HAL_Driver/Src/stm32f1xx_hal_flash.c ****   {
 570              		.loc 1 654 5 view .LVU195
 571 0004 10F08000 		ands	r0, r0, #128
 572 0008 07D0     		beq	.L50
 657:Drivers/STM32F1xx_HAL_Driver/Src/stm32f1xx_hal_flash.c ****     WRITE_REG(FLASH->KEYR, FLASH_KEY2);
 573              		.loc 1 657 5 is_stmt 1 view .LVU196
 574 000a 054A     		ldr	r2, .L52+4
 575 000c 5A60     		str	r2, [r3, #4]
 658:Drivers/STM32F1xx_HAL_Driver/Src/stm32f1xx_hal_flash.c **** 
 576              		.loc 1 658 5 view .LVU197
 577 000e 02F18832 		add	r2, r2, #-2004318072
 578 0012 5A60     		str	r2, [r3, #4]
 661:Drivers/STM32F1xx_HAL_Driver/Src/stm32f1xx_hal_flash.c ****     {
 579              		.loc 1 661 5 view .LVU198
 661:Drivers/STM32F1xx_HAL_Driver/Src/stm32f1xx_hal_flash.c ****     {
 580              		.loc 1 661 8 is_stmt 0 view .LVU199
 581 0014 1869     		ldr	r0, [r3, #16]
 661:Drivers/STM32F1xx_HAL_Driver/Src/stm32f1xx_hal_flash.c ****     {
 582              		.loc 1 661 7 view .LVU200
 583 0016 C0F3C010 		ubfx	r0, r0, #7, #1
 584              	.L50:
 585              	.LVL32:
 681:Drivers/STM32F1xx_HAL_Driver/Src/stm32f1xx_hal_flash.c **** }
 586              		.loc 1 681 3 is_stmt 1 view .LVU201
 682:Drivers/STM32F1xx_HAL_Driver/Src/stm32f1xx_hal_flash.c **** 
 587              		.loc 1 682 1 is_stmt 0 view .LVU202
 588 001a 7047     		bx	lr
 589              	.L53:
 590              		.align	2
 591              	.L52:
 592 001c 00200240 		.word	1073881088
 593 0020 23016745 		.word	1164378403
 594              		.cfi_endproc
 595              	.LFE70:
 597              		.section	.text.HAL_FLASH_Lock,"ax",%progbits
 598              		.align	1
 599              		.global	HAL_FLASH_Lock
 600              		.syntax unified
 601              		.thumb
 602              		.thumb_func
 604              	HAL_FLASH_Lock:
 605              	.LFB71:
 689:Drivers/STM32F1xx_HAL_Driver/Src/stm32f1xx_hal_flash.c ****   /* Set the LOCK Bit to lock the FLASH Registers access */
 606              		.loc 1 689 1 is_stmt 1 view -0
ARM GAS  C:\Users\airforce\AppData\Local\Temp\cc3pEavS.s 			page 31


 607              		.cfi_startproc
 608              		@ args = 0, pretend = 0, frame = 0
 609              		@ frame_needed = 0, uses_anonymous_args = 0
 610              		@ link register save eliminated.
 691:Drivers/STM32F1xx_HAL_Driver/Src/stm32f1xx_hal_flash.c ****   
 611              		.loc 1 691 3 view .LVU204
 612 0000 034A     		ldr	r2, .L55
 699:Drivers/STM32F1xx_HAL_Driver/Src/stm32f1xx_hal_flash.c **** 
 613              		.loc 1 699 1 is_stmt 0 view .LVU205
 614 0002 0020     		movs	r0, #0
 691:Drivers/STM32F1xx_HAL_Driver/Src/stm32f1xx_hal_flash.c ****   
 615              		.loc 1 691 3 view .LVU206
 616 0004 1369     		ldr	r3, [r2, #16]
 617 0006 43F08003 		orr	r3, r3, #128
 618 000a 1361     		str	r3, [r2, #16]
 698:Drivers/STM32F1xx_HAL_Driver/Src/stm32f1xx_hal_flash.c **** }
 619              		.loc 1 698 3 is_stmt 1 view .LVU207
 699:Drivers/STM32F1xx_HAL_Driver/Src/stm32f1xx_hal_flash.c **** 
 620              		.loc 1 699 1 is_stmt 0 view .LVU208
 621 000c 7047     		bx	lr
 622              	.L56:
 623 000e 00BF     		.align	2
 624              	.L55:
 625 0010 00200240 		.word	1073881088
 626              		.cfi_endproc
 627              	.LFE71:
 629              		.section	.text.HAL_FLASH_OB_Unlock,"ax",%progbits
 630              		.align	1
 631              		.global	HAL_FLASH_OB_Unlock
 632              		.syntax unified
 633              		.thumb
 634              		.thumb_func
 636              	HAL_FLASH_OB_Unlock:
 637              	.LFB72:
 706:Drivers/STM32F1xx_HAL_Driver/Src/stm32f1xx_hal_flash.c ****   if (HAL_IS_BIT_CLR(FLASH->CR, FLASH_CR_OPTWRE))
 638              		.loc 1 706 1 is_stmt 1 view -0
 639              		.cfi_startproc
 640              		@ args = 0, pretend = 0, frame = 0
 641              		@ frame_needed = 0, uses_anonymous_args = 0
 642              		@ link register save eliminated.
 707:Drivers/STM32F1xx_HAL_Driver/Src/stm32f1xx_hal_flash.c ****   {
 643              		.loc 1 707 3 view .LVU210
 707:Drivers/STM32F1xx_HAL_Driver/Src/stm32f1xx_hal_flash.c ****   {
 644              		.loc 1 707 7 is_stmt 0 view .LVU211
 645 0000 064B     		ldr	r3, .L60
 646 0002 1869     		ldr	r0, [r3, #16]
 707:Drivers/STM32F1xx_HAL_Driver/Src/stm32f1xx_hal_flash.c ****   {
 647              		.loc 1 707 6 view .LVU212
 648 0004 10F40070 		ands	r0, r0, #512
 710:Drivers/STM32F1xx_HAL_Driver/Src/stm32f1xx_hal_flash.c ****     WRITE_REG(FLASH->OPTKEYR, FLASH_OPTKEY2);
 649              		.loc 1 710 5 is_stmt 1 view .LVU213
 650 0008 09BF     		itett	eq
 651 000a 054A     		ldreq	r2, .L60+4
 715:Drivers/STM32F1xx_HAL_Driver/Src/stm32f1xx_hal_flash.c ****   }  
 652              		.loc 1 715 12 is_stmt 0 view .LVU214
 653 000c 0120     		movne	r0, #1
 710:Drivers/STM32F1xx_HAL_Driver/Src/stm32f1xx_hal_flash.c ****     WRITE_REG(FLASH->OPTKEYR, FLASH_OPTKEY2);
ARM GAS  C:\Users\airforce\AppData\Local\Temp\cc3pEavS.s 			page 32


 654              		.loc 1 710 5 view .LVU215
 655 000e 9A60     		streq	r2, [r3, #8]
 711:Drivers/STM32F1xx_HAL_Driver/Src/stm32f1xx_hal_flash.c ****   }
 656              		.loc 1 711 5 is_stmt 1 view .LVU216
 657 0010 02F18832 		addeq	r2, r2, #-2004318072
 658 0014 08BF     		it	eq
 659 0016 9A60     		streq	r2, [r3, #8]
 718:Drivers/STM32F1xx_HAL_Driver/Src/stm32f1xx_hal_flash.c **** }
 660              		.loc 1 718 3 view .LVU217
 719:Drivers/STM32F1xx_HAL_Driver/Src/stm32f1xx_hal_flash.c **** 
 661              		.loc 1 719 1 is_stmt 0 view .LVU218
 662 0018 7047     		bx	lr
 663              	.L61:
 664 001a 00BF     		.align	2
 665              	.L60:
 666 001c 00200240 		.word	1073881088
 667 0020 23016745 		.word	1164378403
 668              		.cfi_endproc
 669              	.LFE72:
 671              		.section	.text.HAL_FLASH_OB_Lock,"ax",%progbits
 672              		.align	1
 673              		.global	HAL_FLASH_OB_Lock
 674              		.syntax unified
 675              		.thumb
 676              		.thumb_func
 678              	HAL_FLASH_OB_Lock:
 679              	.LFB73:
 726:Drivers/STM32F1xx_HAL_Driver/Src/stm32f1xx_hal_flash.c ****   /* Clear the OPTWRE Bit to lock the FLASH Option Byte Registers access */
 680              		.loc 1 726 1 is_stmt 1 view -0
 681              		.cfi_startproc
 682              		@ args = 0, pretend = 0, frame = 0
 683              		@ frame_needed = 0, uses_anonymous_args = 0
 684              		@ link register save eliminated.
 728:Drivers/STM32F1xx_HAL_Driver/Src/stm32f1xx_hal_flash.c ****   
 685              		.loc 1 728 3 view .LVU220
 686 0000 034A     		ldr	r2, .L63
 731:Drivers/STM32F1xx_HAL_Driver/Src/stm32f1xx_hal_flash.c ****   
 687              		.loc 1 731 1 is_stmt 0 view .LVU221
 688 0002 0020     		movs	r0, #0
 728:Drivers/STM32F1xx_HAL_Driver/Src/stm32f1xx_hal_flash.c ****   
 689              		.loc 1 728 3 view .LVU222
 690 0004 1369     		ldr	r3, [r2, #16]
 691 0006 23F40073 		bic	r3, r3, #512
 692 000a 1361     		str	r3, [r2, #16]
 730:Drivers/STM32F1xx_HAL_Driver/Src/stm32f1xx_hal_flash.c **** }
 693              		.loc 1 730 3 is_stmt 1 view .LVU223
 731:Drivers/STM32F1xx_HAL_Driver/Src/stm32f1xx_hal_flash.c ****   
 694              		.loc 1 731 1 is_stmt 0 view .LVU224
 695 000c 7047     		bx	lr
 696              	.L64:
 697 000e 00BF     		.align	2
 698              	.L63:
 699 0010 00200240 		.word	1073881088
 700              		.cfi_endproc
 701              	.LFE73:
 703              		.section	.text.HAL_FLASH_OB_Launch,"ax",%progbits
 704              		.align	1
ARM GAS  C:\Users\airforce\AppData\Local\Temp\cc3pEavS.s 			page 33


 705              		.global	HAL_FLASH_OB_Launch
 706              		.syntax unified
 707              		.thumb
 708              		.thumb_func
 710              	HAL_FLASH_OB_Launch:
 711              	.LFB74:
 739:Drivers/STM32F1xx_HAL_Driver/Src/stm32f1xx_hal_flash.c ****   /* Initiates a system reset request to launch the option byte loading */
 712              		.loc 1 739 1 is_stmt 1 view -0
 713              		.cfi_startproc
 714              		@ args = 0, pretend = 0, frame = 0
 715              		@ frame_needed = 0, uses_anonymous_args = 0
 716              		@ link register save eliminated.
 741:Drivers/STM32F1xx_HAL_Driver/Src/stm32f1xx_hal_flash.c **** }
 717              		.loc 1 741 3 view .LVU226
 718 0000 FFF7FEBF 		b	HAL_NVIC_SystemReset
 719              	.LVL33:
 720              		.cfi_endproc
 721              	.LFE74:
 723              		.section	.text.HAL_FLASH_GetError,"ax",%progbits
 724              		.align	1
 725              		.global	HAL_FLASH_GetError
 726              		.syntax unified
 727              		.thumb
 728              		.thumb_func
 730              	HAL_FLASH_GetError:
 731              	.LFB75:
 768:Drivers/STM32F1xx_HAL_Driver/Src/stm32f1xx_hal_flash.c ****    return pFlash.ErrorCode;
 732              		.loc 1 768 1 view -0
 733              		.cfi_startproc
 734              		@ args = 0, pretend = 0, frame = 0
 735              		@ frame_needed = 0, uses_anonymous_args = 0
 736              		@ link register save eliminated.
 769:Drivers/STM32F1xx_HAL_Driver/Src/stm32f1xx_hal_flash.c **** }
 737              		.loc 1 769 4 view .LVU228
 769:Drivers/STM32F1xx_HAL_Driver/Src/stm32f1xx_hal_flash.c **** }
 738              		.loc 1 769 17 is_stmt 0 view .LVU229
 739 0000 014B     		ldr	r3, .L67
 740 0002 D869     		ldr	r0, [r3, #28]
 770:Drivers/STM32F1xx_HAL_Driver/Src/stm32f1xx_hal_flash.c **** 
 741              		.loc 1 770 1 view .LVU230
 742 0004 7047     		bx	lr
 743              	.L68:
 744 0006 00BF     		.align	2
 745              	.L67:
 746 0008 00000000 		.word	pFlash
 747              		.cfi_endproc
 748              	.LFE75:
 750              		.section	.text.FLASH_WaitForLastOperation,"ax",%progbits
 751              		.align	1
 752              		.global	FLASH_WaitForLastOperation
 753              		.syntax unified
 754              		.thumb
 755              		.thumb_func
 757              	FLASH_WaitForLastOperation:
 758              	.LVL34:
 759              	.LFB77:
 820:Drivers/STM32F1xx_HAL_Driver/Src/stm32f1xx_hal_flash.c ****   /* Wait for the FLASH operation to complete by polling on BUSY flag to be reset.
ARM GAS  C:\Users\airforce\AppData\Local\Temp\cc3pEavS.s 			page 34


 760              		.loc 1 820 1 is_stmt 1 view -0
 761              		.cfi_startproc
 762              		@ args = 0, pretend = 0, frame = 0
 763              		@ frame_needed = 0, uses_anonymous_args = 0
 825:Drivers/STM32F1xx_HAL_Driver/Src/stm32f1xx_hal_flash.c ****      
 764              		.loc 1 825 3 view .LVU232
 820:Drivers/STM32F1xx_HAL_Driver/Src/stm32f1xx_hal_flash.c ****   /* Wait for the FLASH operation to complete by polling on BUSY flag to be reset.
 765              		.loc 1 820 1 is_stmt 0 view .LVU233
 766 0000 70B5     		push	{r4, r5, r6, lr}
 767              	.LCFI2:
 768              		.cfi_def_cfa_offset 16
 769              		.cfi_offset 4, -16
 770              		.cfi_offset 5, -12
 771              		.cfi_offset 6, -8
 772              		.cfi_offset 14, -4
 820:Drivers/STM32F1xx_HAL_Driver/Src/stm32f1xx_hal_flash.c ****   /* Wait for the FLASH operation to complete by polling on BUSY flag to be reset.
 773              		.loc 1 820 1 view .LVU234
 774 0002 0546     		mov	r5, r0
 825:Drivers/STM32F1xx_HAL_Driver/Src/stm32f1xx_hal_flash.c ****      
 775              		.loc 1 825 24 view .LVU235
 776 0004 FFF7FEFF 		bl	HAL_GetTick
 777              	.LVL35:
 825:Drivers/STM32F1xx_HAL_Driver/Src/stm32f1xx_hal_flash.c ****      
 778              		.loc 1 825 24 view .LVU236
 779 0008 0646     		mov	r6, r0
 780              	.LVL36:
 827:Drivers/STM32F1xx_HAL_Driver/Src/stm32f1xx_hal_flash.c ****   { 
 781              		.loc 1 827 3 is_stmt 1 view .LVU237
 827:Drivers/STM32F1xx_HAL_Driver/Src/stm32f1xx_hal_flash.c ****   { 
 782              		.loc 1 827 9 is_stmt 0 view .LVU238
 783 000a 114C     		ldr	r4, .L84
 784              	.LVL37:
 785              	.L71:
 827:Drivers/STM32F1xx_HAL_Driver/Src/stm32f1xx_hal_flash.c ****   { 
 786              		.loc 1 827 9 is_stmt 1 view .LVU239
 787 000c E368     		ldr	r3, [r4, #12]
 788 000e D807     		lsls	r0, r3, #31
 789 0010 12D4     		bmi	.L75
 839:Drivers/STM32F1xx_HAL_Driver/Src/stm32f1xx_hal_flash.c ****   {
 790              		.loc 1 839 3 view .LVU240
 839:Drivers/STM32F1xx_HAL_Driver/Src/stm32f1xx_hal_flash.c ****   {
 791              		.loc 1 839 7 is_stmt 0 view .LVU241
 792 0012 E368     		ldr	r3, [r4, #12]
 839:Drivers/STM32F1xx_HAL_Driver/Src/stm32f1xx_hal_flash.c ****   {
 793              		.loc 1 839 6 view .LVU242
 794 0014 9906     		lsls	r1, r3, #26
 842:Drivers/STM32F1xx_HAL_Driver/Src/stm32f1xx_hal_flash.c ****   }
 795              		.loc 1 842 5 is_stmt 1 view .LVU243
 842:Drivers/STM32F1xx_HAL_Driver/Src/stm32f1xx_hal_flash.c ****   }
 796              		.loc 1 842 5 view .LVU244
 842:Drivers/STM32F1xx_HAL_Driver/Src/stm32f1xx_hal_flash.c ****   }
 797              		.loc 1 842 5 discriminator 2 view .LVU245
 798 0016 44BF     		itt	mi
 799 0018 2023     		movmi	r3, #32
 800 001a E360     		strmi	r3, [r4, #12]
 842:Drivers/STM32F1xx_HAL_Driver/Src/stm32f1xx_hal_flash.c ****   }
 801              		.loc 1 842 5 discriminator 4 view .LVU246
ARM GAS  C:\Users\airforce\AppData\Local\Temp\cc3pEavS.s 			page 35


 845:Drivers/STM32F1xx_HAL_Driver/Src/stm32f1xx_hal_flash.c ****      __HAL_FLASH_GET_FLAG(FLASH_FLAG_OPTVERR) || 
 802              		.loc 1 845 3 view .LVU247
 845:Drivers/STM32F1xx_HAL_Driver/Src/stm32f1xx_hal_flash.c ****      __HAL_FLASH_GET_FLAG(FLASH_FLAG_OPTVERR) || 
 803              		.loc 1 845 6 is_stmt 0 view .LVU248
 804 001c E368     		ldr	r3, [r4, #12]
 845:Drivers/STM32F1xx_HAL_Driver/Src/stm32f1xx_hal_flash.c ****      __HAL_FLASH_GET_FLAG(FLASH_FLAG_OPTVERR) || 
 805              		.loc 1 845 5 view .LVU249
 806 001e DA06     		lsls	r2, r3, #27
 807 0020 06D4     		bmi	.L77
 846:Drivers/STM32F1xx_HAL_Driver/Src/stm32f1xx_hal_flash.c ****      __HAL_FLASH_GET_FLAG(FLASH_FLAG_PGERR))
 808              		.loc 1 846 6 view .LVU250
 809 0022 E369     		ldr	r3, [r4, #28]
 845:Drivers/STM32F1xx_HAL_Driver/Src/stm32f1xx_hal_flash.c ****      __HAL_FLASH_GET_FLAG(FLASH_FLAG_OPTVERR) || 
 810              		.loc 1 845 47 discriminator 1 view .LVU251
 811 0024 DB07     		lsls	r3, r3, #31
 812 0026 03D4     		bmi	.L77
 847:Drivers/STM32F1xx_HAL_Driver/Src/stm32f1xx_hal_flash.c ****   {
 813              		.loc 1 847 6 view .LVU252
 814 0028 E068     		ldr	r0, [r4, #12]
 846:Drivers/STM32F1xx_HAL_Driver/Src/stm32f1xx_hal_flash.c ****      __HAL_FLASH_GET_FLAG(FLASH_FLAG_PGERR))
 815              		.loc 1 846 47 view .LVU253
 816 002a 10F00400 		ands	r0, r0, #4
 817 002e 07D0     		beq	.L73
 818              	.L77:
 850:Drivers/STM32F1xx_HAL_Driver/Src/stm32f1xx_hal_flash.c ****     return HAL_ERROR;
 819              		.loc 1 850 5 is_stmt 1 view .LVU254
 820 0030 FFF7FEFF 		bl	FLASH_SetErrorCode
 821              	.LVL38:
 851:Drivers/STM32F1xx_HAL_Driver/Src/stm32f1xx_hal_flash.c ****   }
 822              		.loc 1 851 5 view .LVU255
 851:Drivers/STM32F1xx_HAL_Driver/Src/stm32f1xx_hal_flash.c ****   }
 823              		.loc 1 851 12 is_stmt 0 view .LVU256
 824 0034 0120     		movs	r0, #1
 825 0036 03E0     		b	.L73
 826              	.L75:
 829:Drivers/STM32F1xx_HAL_Driver/Src/stm32f1xx_hal_flash.c ****     {
 827              		.loc 1 829 5 is_stmt 1 view .LVU257
 829:Drivers/STM32F1xx_HAL_Driver/Src/stm32f1xx_hal_flash.c ****     {
 828              		.loc 1 829 8 is_stmt 0 view .LVU258
 829 0038 6B1C     		adds	r3, r5, #1
 830 003a E7D0     		beq	.L71
 831:Drivers/STM32F1xx_HAL_Driver/Src/stm32f1xx_hal_flash.c ****       {
 831              		.loc 1 831 7 is_stmt 1 view .LVU259
 831:Drivers/STM32F1xx_HAL_Driver/Src/stm32f1xx_hal_flash.c ****       {
 832              		.loc 1 831 9 is_stmt 0 view .LVU260
 833 003c 0DB9     		cbnz	r5, .L72
 834              	.L74:
 833:Drivers/STM32F1xx_HAL_Driver/Src/stm32f1xx_hal_flash.c ****       }
 835              		.loc 1 833 16 view .LVU261
 836 003e 0320     		movs	r0, #3
 837              	.L73:
 856:Drivers/STM32F1xx_HAL_Driver/Src/stm32f1xx_hal_flash.c **** 
 838              		.loc 1 856 1 view .LVU262
 839 0040 70BD     		pop	{r4, r5, r6, pc}
 840              	.LVL39:
 841              	.L72:
 831:Drivers/STM32F1xx_HAL_Driver/Src/stm32f1xx_hal_flash.c ****       {
ARM GAS  C:\Users\airforce\AppData\Local\Temp\cc3pEavS.s 			page 36


 842              		.loc 1 831 31 discriminator 1 view .LVU263
 843 0042 FFF7FEFF 		bl	HAL_GetTick
 844              	.LVL40:
 831:Drivers/STM32F1xx_HAL_Driver/Src/stm32f1xx_hal_flash.c ****       {
 845              		.loc 1 831 44 discriminator 1 view .LVU264
 846 0046 801B     		subs	r0, r0, r6
 831:Drivers/STM32F1xx_HAL_Driver/Src/stm32f1xx_hal_flash.c ****       {
 847              		.loc 1 831 26 discriminator 1 view .LVU265
 848 0048 A842     		cmp	r0, r5
 849 004a DFD9     		bls	.L71
 850 004c F7E7     		b	.L74
 851              	.L85:
 852 004e 00BF     		.align	2
 853              	.L84:
 854 0050 00200240 		.word	1073881088
 855              		.cfi_endproc
 856              	.LFE77:
 858              		.section	.text.HAL_FLASH_Program,"ax",%progbits
 859              		.align	1
 860              		.global	HAL_FLASH_Program
 861              		.syntax unified
 862              		.thumb
 863              		.thumb_func
 865              	HAL_FLASH_Program:
 866              	.LVL41:
 867              	.LFB65:
 167:Drivers/STM32F1xx_HAL_Driver/Src/stm32f1xx_hal_flash.c ****   HAL_StatusTypeDef status = HAL_ERROR;
 868              		.loc 1 167 1 is_stmt 1 view -0
 869              		.cfi_startproc
 870              		@ args = 0, pretend = 0, frame = 0
 871              		@ frame_needed = 0, uses_anonymous_args = 0
 168:Drivers/STM32F1xx_HAL_Driver/Src/stm32f1xx_hal_flash.c ****   uint8_t index = 0;
 872              		.loc 1 168 3 view .LVU267
 169:Drivers/STM32F1xx_HAL_Driver/Src/stm32f1xx_hal_flash.c ****   uint8_t nbiterations = 0;
 873              		.loc 1 169 3 view .LVU268
 170:Drivers/STM32F1xx_HAL_Driver/Src/stm32f1xx_hal_flash.c ****   
 874              		.loc 1 170 3 view .LVU269
 173:Drivers/STM32F1xx_HAL_Driver/Src/stm32f1xx_hal_flash.c **** 
 875              		.loc 1 173 3 view .LVU270
 173:Drivers/STM32F1xx_HAL_Driver/Src/stm32f1xx_hal_flash.c **** 
 876              		.loc 1 173 3 view .LVU271
 167:Drivers/STM32F1xx_HAL_Driver/Src/stm32f1xx_hal_flash.c ****   HAL_StatusTypeDef status = HAL_ERROR;
 877              		.loc 1 167 1 is_stmt 0 view .LVU272
 878 0000 2DE9F84F 		push	{r3, r4, r5, r6, r7, r8, r9, r10, fp, lr}
 879              	.LCFI3:
 880              		.cfi_def_cfa_offset 40
 881              		.cfi_offset 3, -40
 882              		.cfi_offset 4, -36
 883              		.cfi_offset 5, -32
 884              		.cfi_offset 6, -28
 885              		.cfi_offset 7, -24
 886              		.cfi_offset 8, -20
 887              		.cfi_offset 9, -16
 888              		.cfi_offset 10, -12
 889              		.cfi_offset 11, -8
 890              		.cfi_offset 14, -4
 173:Drivers/STM32F1xx_HAL_Driver/Src/stm32f1xx_hal_flash.c **** 
ARM GAS  C:\Users\airforce\AppData\Local\Temp\cc3pEavS.s 			page 37


 891              		.loc 1 173 3 view .LVU273
 892 0004 DFF894A0 		ldr	r10, .L95
 167:Drivers/STM32F1xx_HAL_Driver/Src/stm32f1xx_hal_flash.c ****   HAL_StatusTypeDef status = HAL_ERROR;
 893              		.loc 1 167 1 view .LVU274
 894 0008 1F46     		mov	r7, r3
 173:Drivers/STM32F1xx_HAL_Driver/Src/stm32f1xx_hal_flash.c **** 
 895              		.loc 1 173 3 view .LVU275
 896 000a 9AF81830 		ldrb	r3, [r10, #24]	@ zero_extendqisi2
 167:Drivers/STM32F1xx_HAL_Driver/Src/stm32f1xx_hal_flash.c ****   HAL_StatusTypeDef status = HAL_ERROR;
 897              		.loc 1 167 1 view .LVU276
 898 000e 0546     		mov	r5, r0
 173:Drivers/STM32F1xx_HAL_Driver/Src/stm32f1xx_hal_flash.c **** 
 899              		.loc 1 173 3 view .LVU277
 900 0010 012B     		cmp	r3, #1
 167:Drivers/STM32F1xx_HAL_Driver/Src/stm32f1xx_hal_flash.c ****   HAL_StatusTypeDef status = HAL_ERROR;
 901              		.loc 1 167 1 view .LVU278
 902 0012 8846     		mov	r8, r1
 903 0014 9146     		mov	r9, r2
 173:Drivers/STM32F1xx_HAL_Driver/Src/stm32f1xx_hal_flash.c **** 
 904              		.loc 1 173 3 view .LVU279
 905 0016 3FD0     		beq	.L91
 173:Drivers/STM32F1xx_HAL_Driver/Src/stm32f1xx_hal_flash.c **** 
 906              		.loc 1 173 3 is_stmt 1 discriminator 2 view .LVU280
 907 0018 0123     		movs	r3, #1
 184:Drivers/STM32F1xx_HAL_Driver/Src/stm32f1xx_hal_flash.c **** #if defined(FLASH_BANK2_END)
 908              		.loc 1 184 14 is_stmt 0 view .LVU281
 909 001a 4CF25030 		movw	r0, #50000
 910              	.LVL42:
 173:Drivers/STM32F1xx_HAL_Driver/Src/stm32f1xx_hal_flash.c **** 
 911              		.loc 1 173 3 discriminator 2 view .LVU282
 912 001e 8AF81830 		strb	r3, [r10, #24]
 173:Drivers/STM32F1xx_HAL_Driver/Src/stm32f1xx_hal_flash.c **** 
 913              		.loc 1 173 3 is_stmt 1 view .LVU283
 176:Drivers/STM32F1xx_HAL_Driver/Src/stm32f1xx_hal_flash.c ****   assert_param(IS_FLASH_PROGRAM_ADDRESS(Address));
 914              		.loc 1 176 3 view .LVU284
 177:Drivers/STM32F1xx_HAL_Driver/Src/stm32f1xx_hal_flash.c **** 
 915              		.loc 1 177 3 view .LVU285
 184:Drivers/STM32F1xx_HAL_Driver/Src/stm32f1xx_hal_flash.c **** #if defined(FLASH_BANK2_END)
 916              		.loc 1 184 5 view .LVU286
 184:Drivers/STM32F1xx_HAL_Driver/Src/stm32f1xx_hal_flash.c **** #if defined(FLASH_BANK2_END)
 917              		.loc 1 184 14 is_stmt 0 view .LVU287
 918 0022 FFF7FEFF 		bl	FLASH_WaitForLastOperation
 919              	.LVL43:
 194:Drivers/STM32F1xx_HAL_Driver/Src/stm32f1xx_hal_flash.c ****   {
 920              		.loc 1 194 3 is_stmt 1 view .LVU288
 194:Drivers/STM32F1xx_HAL_Driver/Src/stm32f1xx_hal_flash.c ****   {
 921              		.loc 1 194 5 is_stmt 0 view .LVU289
 922 0026 90BB     		cbnz	r0, .L88
 196:Drivers/STM32F1xx_HAL_Driver/Src/stm32f1xx_hal_flash.c ****     {
 923              		.loc 1 196 5 is_stmt 1 view .LVU290
 196:Drivers/STM32F1xx_HAL_Driver/Src/stm32f1xx_hal_flash.c ****     {
 924              		.loc 1 196 7 is_stmt 0 view .LVU291
 925 0028 012D     		cmp	r5, #1
 926 002a 03D0     		beq	.L89
 201:Drivers/STM32F1xx_HAL_Driver/Src/stm32f1xx_hal_flash.c ****     {
 927              		.loc 1 201 10 is_stmt 1 view .LVU292
 204:Drivers/STM32F1xx_HAL_Driver/Src/stm32f1xx_hal_flash.c ****     }
ARM GAS  C:\Users\airforce\AppData\Local\Temp\cc3pEavS.s 			page 38


 928              		.loc 1 204 20 is_stmt 0 view .LVU293
 929 002c 022D     		cmp	r5, #2
 930 002e 14BF     		ite	ne
 931 0030 0425     		movne	r5, #4
 932              	.LVL44:
 204:Drivers/STM32F1xx_HAL_Driver/Src/stm32f1xx_hal_flash.c ****     }
 933              		.loc 1 204 20 view .LVU294
 934 0032 0225     		moveq	r5, #2
 935              	.L89:
 936              	.LVL45:
 212:Drivers/STM32F1xx_HAL_Driver/Src/stm32f1xx_hal_flash.c ****     {
 937              		.loc 1 212 5 is_stmt 1 view .LVU295
 212:Drivers/STM32F1xx_HAL_Driver/Src/stm32f1xx_hal_flash.c ****     {
 938              		.loc 1 212 28 discriminator 1 view .LVU296
 209:Drivers/STM32F1xx_HAL_Driver/Src/stm32f1xx_hal_flash.c ****     }
 939              		.loc 1 209 20 is_stmt 0 view .LVU297
 940 0034 0026     		movs	r6, #0
 941              	.LBB16:
 942              	.LBB17:
 793:Drivers/STM32F1xx_HAL_Driver/Src/stm32f1xx_hal_flash.c ****   
 943              		.loc 1 793 20 view .LVU298
 944 0036 3346     		mov	r3, r6
 800:Drivers/STM32F1xx_HAL_Driver/Src/stm32f1xx_hal_flash.c **** #if defined(FLASH_BANK2_END)
 945              		.loc 1 800 5 view .LVU299
 946 0038 DFF864B0 		ldr	fp, .L95+4
 947              	.LVL46:
 948              	.L90:
 800:Drivers/STM32F1xx_HAL_Driver/Src/stm32f1xx_hal_flash.c **** #if defined(FLASH_BANK2_END)
 949              		.loc 1 800 5 view .LVU300
 950              	.LBE17:
 951              	.LBE16:
 214:Drivers/STM32F1xx_HAL_Driver/Src/stm32f1xx_hal_flash.c **** 
 952              		.loc 1 214 7 is_stmt 1 view .LVU301
 214:Drivers/STM32F1xx_HAL_Driver/Src/stm32f1xx_hal_flash.c **** 
 953              		.loc 1 214 70 is_stmt 0 view .LVU302
 954 003c 3401     		lsls	r4, r6, #4
 955 003e C4F12001 		rsb	r1, r4, #32
 956 0042 A4F12002 		sub	r2, r4, #32
 957 0046 07FA01F1 		lsl	r1, r7, r1
 958 004a 29FA04F4 		lsr	r4, r9, r4
 959              	.LBB22:
 960              	.LBB18:
 793:Drivers/STM32F1xx_HAL_Driver/Src/stm32f1xx_hal_flash.c ****   
 961              		.loc 1 793 20 view .LVU303
 962 004e CAF81C30 		str	r3, [r10, #28]
 963              	.LBE18:
 964              	.LBE22:
 214:Drivers/STM32F1xx_HAL_Driver/Src/stm32f1xx_hal_flash.c **** 
 965              		.loc 1 214 70 view .LVU304
 966 0052 0C43     		orrs	r4, r4, r1
 967 0054 27FA02F2 		lsr	r2, r7, r2
 968 0058 1443     		orrs	r4, r4, r2
 969              	.LBB23:
 970              	.LBB19:
 800:Drivers/STM32F1xx_HAL_Driver/Src/stm32f1xx_hal_flash.c **** #if defined(FLASH_BANK2_END)
 971              		.loc 1 800 5 view .LVU305
 972 005a DBF81020 		ldr	r2, [fp, #16]
ARM GAS  C:\Users\airforce\AppData\Local\Temp\cc3pEavS.s 			page 39


 973              	.LBE19:
 974              	.LBE23:
 214:Drivers/STM32F1xx_HAL_Driver/Src/stm32f1xx_hal_flash.c **** 
 975              		.loc 1 214 7 view .LVU306
 976 005e A4B2     		uxth	r4, r4
 977              	.LVL47:
 978              	.LBB24:
 979              	.LBI16:
 790:Drivers/STM32F1xx_HAL_Driver/Src/stm32f1xx_hal_flash.c **** {
 980              		.loc 1 790 13 is_stmt 1 view .LVU307
 981              	.LBB20:
 793:Drivers/STM32F1xx_HAL_Driver/Src/stm32f1xx_hal_flash.c ****   
 982              		.loc 1 793 3 view .LVU308
 800:Drivers/STM32F1xx_HAL_Driver/Src/stm32f1xx_hal_flash.c **** #if defined(FLASH_BANK2_END)
 983              		.loc 1 800 5 view .LVU309
 984 0060 42F00102 		orr	r2, r2, #1
 985 0064 CBF81020 		str	r2, [fp, #16]
 811:Drivers/STM32F1xx_HAL_Driver/Src/stm32f1xx_hal_flash.c **** }
 986              		.loc 1 811 3 view .LVU310
 987              	.LBE20:
 988              	.LBE24:
 221:Drivers/STM32F1xx_HAL_Driver/Src/stm32f1xx_hal_flash.c ****     
 989              		.loc 1 221 18 is_stmt 0 view .LVU311
 990 0068 4CF25030 		movw	r0, #50000
 991              	.LBB25:
 992              	.LBB21:
 811:Drivers/STM32F1xx_HAL_Driver/Src/stm32f1xx_hal_flash.c **** }
 993              		.loc 1 811 28 view .LVU312
 994 006c 28F81640 		strh	r4, [r8, r6, lsl #1]	@ movhi
 995              	.LVL48:
 811:Drivers/STM32F1xx_HAL_Driver/Src/stm32f1xx_hal_flash.c **** }
 996              		.loc 1 811 28 view .LVU313
 997              	.LBE21:
 998              	.LBE25:
 221:Drivers/STM32F1xx_HAL_Driver/Src/stm32f1xx_hal_flash.c ****     
 999              		.loc 1 221 9 is_stmt 1 view .LVU314
 221:Drivers/STM32F1xx_HAL_Driver/Src/stm32f1xx_hal_flash.c ****     
 1000              		.loc 1 221 18 is_stmt 0 view .LVU315
 1001 0070 FFF7FEFF 		bl	FLASH_WaitForLastOperation
 1002              	.LVL49:
 224:Drivers/STM32F1xx_HAL_Driver/Src/stm32f1xx_hal_flash.c **** #if defined(FLASH_BANK2_END)
 1003              		.loc 1 224 9 is_stmt 1 view .LVU316
 1004 0074 DBF81020 		ldr	r2, [fp, #16]
 1005 0078 22F00102 		bic	r2, r2, #1
 1006 007c CBF81020 		str	r2, [fp, #16]
 237:Drivers/STM32F1xx_HAL_Driver/Src/stm32f1xx_hal_flash.c ****       {
 1007              		.loc 1 237 7 view .LVU317
 237:Drivers/STM32F1xx_HAL_Driver/Src/stm32f1xx_hal_flash.c ****       {
 1008              		.loc 1 237 10 is_stmt 0 view .LVU318
 1009 0080 28B9     		cbnz	r0, .L88
 212:Drivers/STM32F1xx_HAL_Driver/Src/stm32f1xx_hal_flash.c ****     {
 1010              		.loc 1 212 49 is_stmt 1 discriminator 2 view .LVU319
 1011              	.LVL50:
 212:Drivers/STM32F1xx_HAL_Driver/Src/stm32f1xx_hal_flash.c ****     {
 1012              		.loc 1 212 28 discriminator 1 view .LVU320
 1013 0082 0136     		adds	r6, r6, #1
 1014              	.LVL51:
ARM GAS  C:\Users\airforce\AppData\Local\Temp\cc3pEavS.s 			page 40


 212:Drivers/STM32F1xx_HAL_Driver/Src/stm32f1xx_hal_flash.c ****     {
 1015              		.loc 1 212 28 is_stmt 0 discriminator 1 view .LVU321
 1016 0084 F2B2     		uxtb	r2, r6
 1017 0086 9542     		cmp	r5, r2
 1018 0088 4FF00003 		mov	r3, #0
 1019 008c D6D8     		bhi	.L90
 1020              	.LVL52:
 1021              	.L88:
 245:Drivers/STM32F1xx_HAL_Driver/Src/stm32f1xx_hal_flash.c **** 
 1022              		.loc 1 245 3 is_stmt 1 view .LVU322
 245:Drivers/STM32F1xx_HAL_Driver/Src/stm32f1xx_hal_flash.c **** 
 1023              		.loc 1 245 3 view .LVU323
 1024 008e 0023     		movs	r3, #0
 1025 0090 8AF81830 		strb	r3, [r10, #24]
 245:Drivers/STM32F1xx_HAL_Driver/Src/stm32f1xx_hal_flash.c **** 
 1026              		.loc 1 245 3 view .LVU324
 247:Drivers/STM32F1xx_HAL_Driver/Src/stm32f1xx_hal_flash.c **** }
 1027              		.loc 1 247 3 view .LVU325
 1028              	.LVL53:
 1029              	.L87:
 248:Drivers/STM32F1xx_HAL_Driver/Src/stm32f1xx_hal_flash.c **** 
 1030              		.loc 1 248 1 is_stmt 0 view .LVU326
 1031 0094 BDE8F88F 		pop	{r3, r4, r5, r6, r7, r8, r9, r10, fp, pc}
 1032              	.LVL54:
 1033              	.L91:
 173:Drivers/STM32F1xx_HAL_Driver/Src/stm32f1xx_hal_flash.c **** 
 1034              		.loc 1 173 3 discriminator 1 view .LVU327
 1035 0098 0220     		movs	r0, #2
 1036              	.LVL55:
 173:Drivers/STM32F1xx_HAL_Driver/Src/stm32f1xx_hal_flash.c **** 
 1037              		.loc 1 173 3 discriminator 1 view .LVU328
 1038 009a FBE7     		b	.L87
 1039              	.L96:
 1040              		.align	2
 1041              	.L95:
 1042 009c 00000000 		.word	pFlash
 1043 00a0 00200240 		.word	1073881088
 1044              		.cfi_endproc
 1045              	.LFE65:
 1047              		.global	pFlash
 1048              		.section	.bss.pFlash,"aw",%nobits
 1049              		.align	3
 1052              	pFlash:
 1053 0000 00000000 		.space	32
 1053      00000000 
 1053      00000000 
 1053      00000000 
 1053      00000000 
 1054              		.text
 1055              	.Letext0:
 1056              		.file 2 "D:/stm32tools/arm-none-eabi-gcc/14.2.1-1.1.1/.content/arm-none-eabi/include/machine/_defa
 1057              		.file 3 "D:/stm32tools/arm-none-eabi-gcc/14.2.1-1.1.1/.content/arm-none-eabi/include/sys/_stdint.h
 1058              		.file 4 "Drivers/CMSIS/Device/ST/STM32F1xx/Include/stm32f103xb.h"
 1059              		.file 5 "Drivers/CMSIS/Device/ST/STM32F1xx/Include/stm32f1xx.h"
 1060              		.file 6 "Drivers/STM32F1xx_HAL_Driver/Inc/stm32f1xx_hal_def.h"
 1061              		.file 7 "Drivers/STM32F1xx_HAL_Driver/Inc/stm32f1xx_hal_flash.h"
 1062              		.file 8 "Drivers/STM32F1xx_HAL_Driver/Inc/stm32f1xx_hal.h"
ARM GAS  C:\Users\airforce\AppData\Local\Temp\cc3pEavS.s 			page 41


 1063              		.file 9 "Drivers/STM32F1xx_HAL_Driver/Inc/stm32f1xx_hal_cortex.h"
ARM GAS  C:\Users\airforce\AppData\Local\Temp\cc3pEavS.s 			page 42


DEFINED SYMBOLS
                            *ABS*:00000000 stm32f1xx_hal_flash.c
C:\Users\airforce\AppData\Local\Temp\cc3pEavS.s:19     .text.FLASH_SetErrorCode:00000000 $t
C:\Users\airforce\AppData\Local\Temp\cc3pEavS.s:24     .text.FLASH_SetErrorCode:00000000 FLASH_SetErrorCode
C:\Users\airforce\AppData\Local\Temp\cc3pEavS.s:105    .text.FLASH_SetErrorCode:00000048 $d
C:\Users\airforce\AppData\Local\Temp\cc3pEavS.s:1052   .bss.pFlash:00000000 pFlash
C:\Users\airforce\AppData\Local\Temp\cc3pEavS.s:111    .text.HAL_FLASH_Program_IT:00000000 $t
C:\Users\airforce\AppData\Local\Temp\cc3pEavS.s:117    .text.HAL_FLASH_Program_IT:00000000 HAL_FLASH_Program_IT
C:\Users\airforce\AppData\Local\Temp\cc3pEavS.s:223    .text.HAL_FLASH_Program_IT:00000048 $d
C:\Users\airforce\AppData\Local\Temp\cc3pEavS.s:229    .text.HAL_FLASH_EndOfOperationCallback:00000000 $t
C:\Users\airforce\AppData\Local\Temp\cc3pEavS.s:235    .text.HAL_FLASH_EndOfOperationCallback:00000000 HAL_FLASH_EndOfOperationCallback
C:\Users\airforce\AppData\Local\Temp\cc3pEavS.s:250    .text.HAL_FLASH_OperationErrorCallback:00000000 $t
C:\Users\airforce\AppData\Local\Temp\cc3pEavS.s:256    .text.HAL_FLASH_OperationErrorCallback:00000000 HAL_FLASH_OperationErrorCallback
C:\Users\airforce\AppData\Local\Temp\cc3pEavS.s:268    .text.HAL_FLASH_IRQHandler:00000000 $t
C:\Users\airforce\AppData\Local\Temp\cc3pEavS.s:274    .text.HAL_FLASH_IRQHandler:00000000 HAL_FLASH_IRQHandler
C:\Users\airforce\AppData\Local\Temp\cc3pEavS.s:545    .text.HAL_FLASH_IRQHandler:00000108 $d
C:\Users\airforce\AppData\Local\Temp\cc3pEavS.s:551    .text.HAL_FLASH_Unlock:00000000 $t
C:\Users\airforce\AppData\Local\Temp\cc3pEavS.s:557    .text.HAL_FLASH_Unlock:00000000 HAL_FLASH_Unlock
C:\Users\airforce\AppData\Local\Temp\cc3pEavS.s:592    .text.HAL_FLASH_Unlock:0000001c $d
C:\Users\airforce\AppData\Local\Temp\cc3pEavS.s:598    .text.HAL_FLASH_Lock:00000000 $t
C:\Users\airforce\AppData\Local\Temp\cc3pEavS.s:604    .text.HAL_FLASH_Lock:00000000 HAL_FLASH_Lock
C:\Users\airforce\AppData\Local\Temp\cc3pEavS.s:625    .text.HAL_FLASH_Lock:00000010 $d
C:\Users\airforce\AppData\Local\Temp\cc3pEavS.s:630    .text.HAL_FLASH_OB_Unlock:00000000 $t
C:\Users\airforce\AppData\Local\Temp\cc3pEavS.s:636    .text.HAL_FLASH_OB_Unlock:00000000 HAL_FLASH_OB_Unlock
C:\Users\airforce\AppData\Local\Temp\cc3pEavS.s:666    .text.HAL_FLASH_OB_Unlock:0000001c $d
C:\Users\airforce\AppData\Local\Temp\cc3pEavS.s:672    .text.HAL_FLASH_OB_Lock:00000000 $t
C:\Users\airforce\AppData\Local\Temp\cc3pEavS.s:678    .text.HAL_FLASH_OB_Lock:00000000 HAL_FLASH_OB_Lock
C:\Users\airforce\AppData\Local\Temp\cc3pEavS.s:699    .text.HAL_FLASH_OB_Lock:00000010 $d
C:\Users\airforce\AppData\Local\Temp\cc3pEavS.s:704    .text.HAL_FLASH_OB_Launch:00000000 $t
C:\Users\airforce\AppData\Local\Temp\cc3pEavS.s:710    .text.HAL_FLASH_OB_Launch:00000000 HAL_FLASH_OB_Launch
C:\Users\airforce\AppData\Local\Temp\cc3pEavS.s:724    .text.HAL_FLASH_GetError:00000000 $t
C:\Users\airforce\AppData\Local\Temp\cc3pEavS.s:730    .text.HAL_FLASH_GetError:00000000 HAL_FLASH_GetError
C:\Users\airforce\AppData\Local\Temp\cc3pEavS.s:746    .text.HAL_FLASH_GetError:00000008 $d
C:\Users\airforce\AppData\Local\Temp\cc3pEavS.s:751    .text.FLASH_WaitForLastOperation:00000000 $t
C:\Users\airforce\AppData\Local\Temp\cc3pEavS.s:757    .text.FLASH_WaitForLastOperation:00000000 FLASH_WaitForLastOperation
C:\Users\airforce\AppData\Local\Temp\cc3pEavS.s:854    .text.FLASH_WaitForLastOperation:00000050 $d
C:\Users\airforce\AppData\Local\Temp\cc3pEavS.s:859    .text.HAL_FLASH_Program:00000000 $t
C:\Users\airforce\AppData\Local\Temp\cc3pEavS.s:865    .text.HAL_FLASH_Program:00000000 HAL_FLASH_Program
C:\Users\airforce\AppData\Local\Temp\cc3pEavS.s:1042   .text.HAL_FLASH_Program:0000009c $d
C:\Users\airforce\AppData\Local\Temp\cc3pEavS.s:1049   .bss.pFlash:00000000 $d

UNDEFINED SYMBOLS
FLASH_PageErase
HAL_NVIC_SystemReset
HAL_GetTick
