ARM GAS  C:\Users\airforce\AppData\Local\Temp\cca1ZS9V.s 			page 1


   1              		.cpu cortex-m3
   2              		.arch armv7-m
   3              		.fpu softvfp
   4              		.eabi_attribute 20, 1
   5              		.eabi_attribute 21, 1
   6              		.eabi_attribute 23, 3
   7              		.eabi_attribute 24, 1
   8              		.eabi_attribute 25, 1
   9              		.eabi_attribute 26, 1
  10              		.eabi_attribute 30, 4
  11              		.eabi_attribute 34, 1
  12              		.eabi_attribute 18, 4
  13              		.file	"stm32f1xx_hal_spi.c"
  14              		.text
  15              	.Ltext0:
  16              		.cfi_sections	.debug_frame
  17              		.file 1 "Drivers/STM32F1xx_HAL_Driver/Src/stm32f1xx_hal_spi.c"
  18              		.section	.text.SPI_AbortRx_ISR,"ax",%progbits
  19              		.align	1
  20              		.syntax unified
  21              		.thumb
  22              		.thumb_func
  24              	SPI_AbortRx_ISR:
  25              	.LVL0:
  26              	.LFB118:
   1:Drivers/STM32F1xx_HAL_Driver/Src/stm32f1xx_hal_spi.c **** /**
   2:Drivers/STM32F1xx_HAL_Driver/Src/stm32f1xx_hal_spi.c ****   ******************************************************************************
   3:Drivers/STM32F1xx_HAL_Driver/Src/stm32f1xx_hal_spi.c ****   * @file    stm32f1xx_hal_spi.c
   4:Drivers/STM32F1xx_HAL_Driver/Src/stm32f1xx_hal_spi.c ****   * @author  MCD Application Team
   5:Drivers/STM32F1xx_HAL_Driver/Src/stm32f1xx_hal_spi.c ****   * @brief   SPI HAL module driver.
   6:Drivers/STM32F1xx_HAL_Driver/Src/stm32f1xx_hal_spi.c ****   *          This file provides firmware functions to manage the following
   7:Drivers/STM32F1xx_HAL_Driver/Src/stm32f1xx_hal_spi.c ****   *          functionalities of the Serial Peripheral Interface (SPI) peripheral:
   8:Drivers/STM32F1xx_HAL_Driver/Src/stm32f1xx_hal_spi.c ****   *           + Initialization and de-initialization functions
   9:Drivers/STM32F1xx_HAL_Driver/Src/stm32f1xx_hal_spi.c ****   *           + IO operation functions
  10:Drivers/STM32F1xx_HAL_Driver/Src/stm32f1xx_hal_spi.c ****   *           + Peripheral Control functions
  11:Drivers/STM32F1xx_HAL_Driver/Src/stm32f1xx_hal_spi.c ****   *           + Peripheral State functions
  12:Drivers/STM32F1xx_HAL_Driver/Src/stm32f1xx_hal_spi.c ****   ******************************************************************************
  13:Drivers/STM32F1xx_HAL_Driver/Src/stm32f1xx_hal_spi.c ****   * @attention
  14:Drivers/STM32F1xx_HAL_Driver/Src/stm32f1xx_hal_spi.c ****   *
  15:Drivers/STM32F1xx_HAL_Driver/Src/stm32f1xx_hal_spi.c ****   * Copyright (c) 2016 STMicroelectronics.
  16:Drivers/STM32F1xx_HAL_Driver/Src/stm32f1xx_hal_spi.c ****   * All rights reserved.
  17:Drivers/STM32F1xx_HAL_Driver/Src/stm32f1xx_hal_spi.c ****   *
  18:Drivers/STM32F1xx_HAL_Driver/Src/stm32f1xx_hal_spi.c ****   * This software is licensed under terms that can be found in the LICENSE file
  19:Drivers/STM32F1xx_HAL_Driver/Src/stm32f1xx_hal_spi.c ****   * in the root directory of this software component.
  20:Drivers/STM32F1xx_HAL_Driver/Src/stm32f1xx_hal_spi.c ****   * If no LICENSE file comes with this software, it is provided AS-IS.
  21:Drivers/STM32F1xx_HAL_Driver/Src/stm32f1xx_hal_spi.c ****   *
  22:Drivers/STM32F1xx_HAL_Driver/Src/stm32f1xx_hal_spi.c ****   ******************************************************************************
  23:Drivers/STM32F1xx_HAL_Driver/Src/stm32f1xx_hal_spi.c ****   @verbatim
  24:Drivers/STM32F1xx_HAL_Driver/Src/stm32f1xx_hal_spi.c ****   ==============================================================================
  25:Drivers/STM32F1xx_HAL_Driver/Src/stm32f1xx_hal_spi.c ****                         ##### How to use this driver #####
  26:Drivers/STM32F1xx_HAL_Driver/Src/stm32f1xx_hal_spi.c ****   ==============================================================================
  27:Drivers/STM32F1xx_HAL_Driver/Src/stm32f1xx_hal_spi.c ****     [..]
  28:Drivers/STM32F1xx_HAL_Driver/Src/stm32f1xx_hal_spi.c ****       The SPI HAL driver can be used as follows:
  29:Drivers/STM32F1xx_HAL_Driver/Src/stm32f1xx_hal_spi.c **** 
  30:Drivers/STM32F1xx_HAL_Driver/Src/stm32f1xx_hal_spi.c ****       (#) Declare a SPI_HandleTypeDef handle structure, for example:
  31:Drivers/STM32F1xx_HAL_Driver/Src/stm32f1xx_hal_spi.c ****           SPI_HandleTypeDef  hspi;
  32:Drivers/STM32F1xx_HAL_Driver/Src/stm32f1xx_hal_spi.c **** 
ARM GAS  C:\Users\airforce\AppData\Local\Temp\cca1ZS9V.s 			page 2


  33:Drivers/STM32F1xx_HAL_Driver/Src/stm32f1xx_hal_spi.c ****       (#)Initialize the SPI low level resources by implementing the HAL_SPI_MspInit() API:
  34:Drivers/STM32F1xx_HAL_Driver/Src/stm32f1xx_hal_spi.c ****           (##) Enable the SPIx interface clock
  35:Drivers/STM32F1xx_HAL_Driver/Src/stm32f1xx_hal_spi.c ****           (##) SPI pins configuration
  36:Drivers/STM32F1xx_HAL_Driver/Src/stm32f1xx_hal_spi.c ****               (+++) Enable the clock for the SPI GPIOs
  37:Drivers/STM32F1xx_HAL_Driver/Src/stm32f1xx_hal_spi.c ****               (+++) Configure these SPI pins as alternate function push-pull
  38:Drivers/STM32F1xx_HAL_Driver/Src/stm32f1xx_hal_spi.c ****           (##) NVIC configuration if you need to use interrupt process
  39:Drivers/STM32F1xx_HAL_Driver/Src/stm32f1xx_hal_spi.c ****               (+++) Configure the SPIx interrupt priority
  40:Drivers/STM32F1xx_HAL_Driver/Src/stm32f1xx_hal_spi.c ****               (+++) Enable the NVIC SPI IRQ handle
  41:Drivers/STM32F1xx_HAL_Driver/Src/stm32f1xx_hal_spi.c ****           (##) DMA Configuration if you need to use DMA process
  42:Drivers/STM32F1xx_HAL_Driver/Src/stm32f1xx_hal_spi.c ****               (+++) Declare a DMA_HandleTypeDef handle structure for the transmit or receive Stream
  43:Drivers/STM32F1xx_HAL_Driver/Src/stm32f1xx_hal_spi.c ****               (+++) Enable the DMAx clock
  44:Drivers/STM32F1xx_HAL_Driver/Src/stm32f1xx_hal_spi.c ****               (+++) Configure the DMA handle parameters
  45:Drivers/STM32F1xx_HAL_Driver/Src/stm32f1xx_hal_spi.c ****               (+++) Configure the DMA Tx or Rx Stream/Channel
  46:Drivers/STM32F1xx_HAL_Driver/Src/stm32f1xx_hal_spi.c ****               (+++) Associate the initialized hdma_tx(or _rx)  handle to the hspi DMA Tx or Rx hand
  47:Drivers/STM32F1xx_HAL_Driver/Src/stm32f1xx_hal_spi.c ****               (+++) Configure the priority and enable the NVIC for the transfer complete interrupt 
  48:Drivers/STM32F1xx_HAL_Driver/Src/stm32f1xx_hal_spi.c ****                     or Rx Stream/Channel
  49:Drivers/STM32F1xx_HAL_Driver/Src/stm32f1xx_hal_spi.c **** 
  50:Drivers/STM32F1xx_HAL_Driver/Src/stm32f1xx_hal_spi.c ****       (#) Program the Mode, BidirectionalMode , Data size, Baudrate Prescaler, NSS
  51:Drivers/STM32F1xx_HAL_Driver/Src/stm32f1xx_hal_spi.c ****           management, Clock polarity and phase, FirstBit and CRC configuration in the hspi Init str
  52:Drivers/STM32F1xx_HAL_Driver/Src/stm32f1xx_hal_spi.c **** 
  53:Drivers/STM32F1xx_HAL_Driver/Src/stm32f1xx_hal_spi.c ****       (#) Initialize the SPI registers by calling the HAL_SPI_Init() API:
  54:Drivers/STM32F1xx_HAL_Driver/Src/stm32f1xx_hal_spi.c ****           (++) This API configures also the low level Hardware GPIO, CLOCK, CORTEX...etc)
  55:Drivers/STM32F1xx_HAL_Driver/Src/stm32f1xx_hal_spi.c ****               by calling the customized HAL_SPI_MspInit() API.
  56:Drivers/STM32F1xx_HAL_Driver/Src/stm32f1xx_hal_spi.c ****      [..]
  57:Drivers/STM32F1xx_HAL_Driver/Src/stm32f1xx_hal_spi.c ****        Circular mode restriction:
  58:Drivers/STM32F1xx_HAL_Driver/Src/stm32f1xx_hal_spi.c ****       (#) The DMA circular mode cannot be used when the SPI is configured in these modes:
  59:Drivers/STM32F1xx_HAL_Driver/Src/stm32f1xx_hal_spi.c ****           (##) Master 2Lines RxOnly
  60:Drivers/STM32F1xx_HAL_Driver/Src/stm32f1xx_hal_spi.c ****           (##) Master 1Line Rx
  61:Drivers/STM32F1xx_HAL_Driver/Src/stm32f1xx_hal_spi.c ****       (#) The CRC feature is not managed when the DMA circular mode is enabled
  62:Drivers/STM32F1xx_HAL_Driver/Src/stm32f1xx_hal_spi.c ****       (#) When the SPI DMA Pause/Stop features are used, we must use the following APIs
  63:Drivers/STM32F1xx_HAL_Driver/Src/stm32f1xx_hal_spi.c ****           the HAL_SPI_DMAPause()/ HAL_SPI_DMAStop() only under the SPI callbacks
  64:Drivers/STM32F1xx_HAL_Driver/Src/stm32f1xx_hal_spi.c ****      [..]
  65:Drivers/STM32F1xx_HAL_Driver/Src/stm32f1xx_hal_spi.c ****        Master Receive mode restriction:
  66:Drivers/STM32F1xx_HAL_Driver/Src/stm32f1xx_hal_spi.c ****       (#) In Master unidirectional receive-only mode (MSTR =1, BIDIMODE=0, RXONLY=1) or
  67:Drivers/STM32F1xx_HAL_Driver/Src/stm32f1xx_hal_spi.c ****           bidirectional receive mode (MSTR=1, BIDIMODE=1, BIDIOE=0), to ensure that the SPI
  68:Drivers/STM32F1xx_HAL_Driver/Src/stm32f1xx_hal_spi.c ****           does not initiate a new transfer the following procedure has to be respected:
  69:Drivers/STM32F1xx_HAL_Driver/Src/stm32f1xx_hal_spi.c ****           (##) HAL_SPI_DeInit()
  70:Drivers/STM32F1xx_HAL_Driver/Src/stm32f1xx_hal_spi.c ****           (##) HAL_SPI_Init()
  71:Drivers/STM32F1xx_HAL_Driver/Src/stm32f1xx_hal_spi.c ****      [..]
  72:Drivers/STM32F1xx_HAL_Driver/Src/stm32f1xx_hal_spi.c ****        Callback registration:
  73:Drivers/STM32F1xx_HAL_Driver/Src/stm32f1xx_hal_spi.c **** 
  74:Drivers/STM32F1xx_HAL_Driver/Src/stm32f1xx_hal_spi.c ****       (#) The compilation flag USE_HAL_SPI_REGISTER_CALLBACKS when set to 1U
  75:Drivers/STM32F1xx_HAL_Driver/Src/stm32f1xx_hal_spi.c ****           allows the user to configure dynamically the driver callbacks.
  76:Drivers/STM32F1xx_HAL_Driver/Src/stm32f1xx_hal_spi.c ****           Use Functions HAL_SPI_RegisterCallback() to register an interrupt callback.
  77:Drivers/STM32F1xx_HAL_Driver/Src/stm32f1xx_hal_spi.c **** 
  78:Drivers/STM32F1xx_HAL_Driver/Src/stm32f1xx_hal_spi.c ****           Function HAL_SPI_RegisterCallback() allows to register following callbacks:
  79:Drivers/STM32F1xx_HAL_Driver/Src/stm32f1xx_hal_spi.c ****             (++) TxCpltCallback        : SPI Tx Completed callback
  80:Drivers/STM32F1xx_HAL_Driver/Src/stm32f1xx_hal_spi.c ****             (++) RxCpltCallback        : SPI Rx Completed callback
  81:Drivers/STM32F1xx_HAL_Driver/Src/stm32f1xx_hal_spi.c ****             (++) TxRxCpltCallback      : SPI TxRx Completed callback
  82:Drivers/STM32F1xx_HAL_Driver/Src/stm32f1xx_hal_spi.c ****             (++) TxHalfCpltCallback    : SPI Tx Half Completed callback
  83:Drivers/STM32F1xx_HAL_Driver/Src/stm32f1xx_hal_spi.c ****             (++) RxHalfCpltCallback    : SPI Rx Half Completed callback
  84:Drivers/STM32F1xx_HAL_Driver/Src/stm32f1xx_hal_spi.c ****             (++) TxRxHalfCpltCallback  : SPI TxRx Half Completed callback
  85:Drivers/STM32F1xx_HAL_Driver/Src/stm32f1xx_hal_spi.c ****             (++) ErrorCallback         : SPI Error callback
  86:Drivers/STM32F1xx_HAL_Driver/Src/stm32f1xx_hal_spi.c ****             (++) AbortCpltCallback     : SPI Abort callback
  87:Drivers/STM32F1xx_HAL_Driver/Src/stm32f1xx_hal_spi.c ****             (++) MspInitCallback       : SPI Msp Init callback
  88:Drivers/STM32F1xx_HAL_Driver/Src/stm32f1xx_hal_spi.c ****             (++) MspDeInitCallback     : SPI Msp DeInit callback
  89:Drivers/STM32F1xx_HAL_Driver/Src/stm32f1xx_hal_spi.c ****           This function takes as parameters the HAL peripheral handle, the Callback ID
ARM GAS  C:\Users\airforce\AppData\Local\Temp\cca1ZS9V.s 			page 3


  90:Drivers/STM32F1xx_HAL_Driver/Src/stm32f1xx_hal_spi.c ****           and a pointer to the user callback function.
  91:Drivers/STM32F1xx_HAL_Driver/Src/stm32f1xx_hal_spi.c **** 
  92:Drivers/STM32F1xx_HAL_Driver/Src/stm32f1xx_hal_spi.c **** 
  93:Drivers/STM32F1xx_HAL_Driver/Src/stm32f1xx_hal_spi.c ****       (#) Use function HAL_SPI_UnRegisterCallback to reset a callback to the default
  94:Drivers/STM32F1xx_HAL_Driver/Src/stm32f1xx_hal_spi.c ****           weak function.
  95:Drivers/STM32F1xx_HAL_Driver/Src/stm32f1xx_hal_spi.c ****           HAL_SPI_UnRegisterCallback takes as parameters the HAL peripheral handle,
  96:Drivers/STM32F1xx_HAL_Driver/Src/stm32f1xx_hal_spi.c ****           and the Callback ID.
  97:Drivers/STM32F1xx_HAL_Driver/Src/stm32f1xx_hal_spi.c ****           This function allows to reset following callbacks:
  98:Drivers/STM32F1xx_HAL_Driver/Src/stm32f1xx_hal_spi.c ****             (++) TxCpltCallback        : SPI Tx Completed callback
  99:Drivers/STM32F1xx_HAL_Driver/Src/stm32f1xx_hal_spi.c ****             (++) RxCpltCallback        : SPI Rx Completed callback
 100:Drivers/STM32F1xx_HAL_Driver/Src/stm32f1xx_hal_spi.c ****             (++) TxRxCpltCallback      : SPI TxRx Completed callback
 101:Drivers/STM32F1xx_HAL_Driver/Src/stm32f1xx_hal_spi.c ****             (++) TxHalfCpltCallback    : SPI Tx Half Completed callback
 102:Drivers/STM32F1xx_HAL_Driver/Src/stm32f1xx_hal_spi.c ****             (++) RxHalfCpltCallback    : SPI Rx Half Completed callback
 103:Drivers/STM32F1xx_HAL_Driver/Src/stm32f1xx_hal_spi.c ****             (++) TxRxHalfCpltCallback  : SPI TxRx Half Completed callback
 104:Drivers/STM32F1xx_HAL_Driver/Src/stm32f1xx_hal_spi.c ****             (++) ErrorCallback         : SPI Error callback
 105:Drivers/STM32F1xx_HAL_Driver/Src/stm32f1xx_hal_spi.c ****             (++) AbortCpltCallback     : SPI Abort callback
 106:Drivers/STM32F1xx_HAL_Driver/Src/stm32f1xx_hal_spi.c ****             (++) MspInitCallback       : SPI Msp Init callback
 107:Drivers/STM32F1xx_HAL_Driver/Src/stm32f1xx_hal_spi.c ****             (++) MspDeInitCallback     : SPI Msp DeInit callback
 108:Drivers/STM32F1xx_HAL_Driver/Src/stm32f1xx_hal_spi.c **** 
 109:Drivers/STM32F1xx_HAL_Driver/Src/stm32f1xx_hal_spi.c ****        [..]
 110:Drivers/STM32F1xx_HAL_Driver/Src/stm32f1xx_hal_spi.c ****        By default, after the HAL_SPI_Init() and when the state is HAL_SPI_STATE_RESET
 111:Drivers/STM32F1xx_HAL_Driver/Src/stm32f1xx_hal_spi.c ****        all callbacks are set to the corresponding weak functions:
 112:Drivers/STM32F1xx_HAL_Driver/Src/stm32f1xx_hal_spi.c ****        examples HAL_SPI_MasterTxCpltCallback(), HAL_SPI_MasterRxCpltCallback().
 113:Drivers/STM32F1xx_HAL_Driver/Src/stm32f1xx_hal_spi.c ****        Exception done for MspInit and MspDeInit functions that are
 114:Drivers/STM32F1xx_HAL_Driver/Src/stm32f1xx_hal_spi.c ****        reset to the legacy weak functions in the HAL_SPI_Init()/ HAL_SPI_DeInit() only when
 115:Drivers/STM32F1xx_HAL_Driver/Src/stm32f1xx_hal_spi.c ****        these callbacks are null (not registered beforehand).
 116:Drivers/STM32F1xx_HAL_Driver/Src/stm32f1xx_hal_spi.c ****        If MspInit or MspDeInit are not null, the HAL_SPI_Init()/ HAL_SPI_DeInit()
 117:Drivers/STM32F1xx_HAL_Driver/Src/stm32f1xx_hal_spi.c ****        keep and use the user MspInit/MspDeInit callbacks (registered beforehand) whatever the state
 118:Drivers/STM32F1xx_HAL_Driver/Src/stm32f1xx_hal_spi.c **** 
 119:Drivers/STM32F1xx_HAL_Driver/Src/stm32f1xx_hal_spi.c ****        [..]
 120:Drivers/STM32F1xx_HAL_Driver/Src/stm32f1xx_hal_spi.c ****        Callbacks can be registered/unregistered in HAL_SPI_STATE_READY state only.
 121:Drivers/STM32F1xx_HAL_Driver/Src/stm32f1xx_hal_spi.c ****        Exception done MspInit/MspDeInit functions that can be registered/unregistered
 122:Drivers/STM32F1xx_HAL_Driver/Src/stm32f1xx_hal_spi.c ****        in HAL_SPI_STATE_READY or HAL_SPI_STATE_RESET state,
 123:Drivers/STM32F1xx_HAL_Driver/Src/stm32f1xx_hal_spi.c ****        thus registered (user) MspInit/DeInit callbacks can be used during the Init/DeInit.
 124:Drivers/STM32F1xx_HAL_Driver/Src/stm32f1xx_hal_spi.c ****        Then, the user first registers the MspInit/MspDeInit user callbacks
 125:Drivers/STM32F1xx_HAL_Driver/Src/stm32f1xx_hal_spi.c ****        using HAL_SPI_RegisterCallback() before calling HAL_SPI_DeInit()
 126:Drivers/STM32F1xx_HAL_Driver/Src/stm32f1xx_hal_spi.c ****        or HAL_SPI_Init() function.
 127:Drivers/STM32F1xx_HAL_Driver/Src/stm32f1xx_hal_spi.c **** 
 128:Drivers/STM32F1xx_HAL_Driver/Src/stm32f1xx_hal_spi.c ****        [..]
 129:Drivers/STM32F1xx_HAL_Driver/Src/stm32f1xx_hal_spi.c ****        When the compilation define USE_HAL_PPP_REGISTER_CALLBACKS is set to 0 or
 130:Drivers/STM32F1xx_HAL_Driver/Src/stm32f1xx_hal_spi.c ****        not defined, the callback registering feature is not available
 131:Drivers/STM32F1xx_HAL_Driver/Src/stm32f1xx_hal_spi.c ****        and weak (surcharged) callbacks are used.
 132:Drivers/STM32F1xx_HAL_Driver/Src/stm32f1xx_hal_spi.c **** 
 133:Drivers/STM32F1xx_HAL_Driver/Src/stm32f1xx_hal_spi.c ****      [..]
 134:Drivers/STM32F1xx_HAL_Driver/Src/stm32f1xx_hal_spi.c ****        Using the HAL it is not possible to reach all supported SPI frequency with the different SPI
 135:Drivers/STM32F1xx_HAL_Driver/Src/stm32f1xx_hal_spi.c ****        the following table resume the max SPI frequency reached with data size 8bits/16bits,
 136:Drivers/STM32F1xx_HAL_Driver/Src/stm32f1xx_hal_spi.c ****          according to frequency of the APBx Peripheral Clock (fPCLK) used by the SPI instance.
 137:Drivers/STM32F1xx_HAL_Driver/Src/stm32f1xx_hal_spi.c **** 
 138:Drivers/STM32F1xx_HAL_Driver/Src/stm32f1xx_hal_spi.c ****   @endverbatim
 139:Drivers/STM32F1xx_HAL_Driver/Src/stm32f1xx_hal_spi.c **** 
 140:Drivers/STM32F1xx_HAL_Driver/Src/stm32f1xx_hal_spi.c ****   Additional table :
 141:Drivers/STM32F1xx_HAL_Driver/Src/stm32f1xx_hal_spi.c **** 
 142:Drivers/STM32F1xx_HAL_Driver/Src/stm32f1xx_hal_spi.c ****        DataSize = SPI_DATASIZE_8BIT:
 143:Drivers/STM32F1xx_HAL_Driver/Src/stm32f1xx_hal_spi.c ****        +-------------------------------------------------------------------------------------------
 144:Drivers/STM32F1xx_HAL_Driver/Src/stm32f1xx_hal_spi.c ****        |         |                | 2Lines Fullduplex   |     2Lines RxOnly    |         1Line     
 145:Drivers/STM32F1xx_HAL_Driver/Src/stm32f1xx_hal_spi.c ****        | Process | Transfer mode  |---------------------|----------------------|-------------------
 146:Drivers/STM32F1xx_HAL_Driver/Src/stm32f1xx_hal_spi.c ****        |         |                |  Master  |  Slave   |  Master   |  Slave   |  Master   |  Slave
ARM GAS  C:\Users\airforce\AppData\Local\Temp\cca1ZS9V.s 			page 4


 147:Drivers/STM32F1xx_HAL_Driver/Src/stm32f1xx_hal_spi.c ****        |===========================================================================================
 148:Drivers/STM32F1xx_HAL_Driver/Src/stm32f1xx_hal_spi.c ****        |    T    |     Polling    | Fpclk/2  | Fpclk/2  |    NA     |    NA    |    NA     |   NA  
 149:Drivers/STM32F1xx_HAL_Driver/Src/stm32f1xx_hal_spi.c ****        |    X    |----------------|----------|----------|-----------|----------|-----------|-------
 150:Drivers/STM32F1xx_HAL_Driver/Src/stm32f1xx_hal_spi.c ****        |    /    |     Interrupt  | Fpclk/4  | Fpclk/8  |    NA     |    NA    |    NA     |   NA  
 151:Drivers/STM32F1xx_HAL_Driver/Src/stm32f1xx_hal_spi.c ****        |    R    |----------------|----------|----------|-----------|----------|-----------|-------
 152:Drivers/STM32F1xx_HAL_Driver/Src/stm32f1xx_hal_spi.c ****        |    X    |       DMA      | Fpclk/2  | Fpclk/2  |    NA     |    NA    |    NA     |   NA  
 153:Drivers/STM32F1xx_HAL_Driver/Src/stm32f1xx_hal_spi.c ****        |=========|================|==========|==========|===========|==========|===========|=======
 154:Drivers/STM32F1xx_HAL_Driver/Src/stm32f1xx_hal_spi.c ****        |         |     Polling    | Fpclk/2  | Fpclk/2  | Fpclk/64  | Fpclk/2  | Fpclk/64  | Fpclk/
 155:Drivers/STM32F1xx_HAL_Driver/Src/stm32f1xx_hal_spi.c ****        |         |----------------|----------|----------|-----------|----------|-----------|-------
 156:Drivers/STM32F1xx_HAL_Driver/Src/stm32f1xx_hal_spi.c ****        |    R    |     Interrupt  | Fpclk/8  | Fpclk/8  | Fpclk/64  | Fpclk/2  | Fpclk/64  | Fpclk/
 157:Drivers/STM32F1xx_HAL_Driver/Src/stm32f1xx_hal_spi.c ****        |    X    |----------------|----------|----------|-----------|----------|-----------|-------
 158:Drivers/STM32F1xx_HAL_Driver/Src/stm32f1xx_hal_spi.c ****        |         |       DMA      | Fpclk/2  | Fpclk/2  | Fpclk/64  | Fpclk/2  | Fpclk/128 | Fpclk/
 159:Drivers/STM32F1xx_HAL_Driver/Src/stm32f1xx_hal_spi.c ****        |=========|================|==========|==========|===========|==========|===========|=======
 160:Drivers/STM32F1xx_HAL_Driver/Src/stm32f1xx_hal_spi.c ****        |         |     Polling    | Fpclk/2  | Fpclk/4  |     NA    |    NA    | Fpclk/2   | Fpclk/
 161:Drivers/STM32F1xx_HAL_Driver/Src/stm32f1xx_hal_spi.c ****        |         |----------------|----------|----------|-----------|----------|-----------|-------
 162:Drivers/STM32F1xx_HAL_Driver/Src/stm32f1xx_hal_spi.c ****        |    T    |     Interrupt  | Fpclk/2  | Fpclk/4  |     NA    |    NA    | Fpclk/2   | Fpclk/
 163:Drivers/STM32F1xx_HAL_Driver/Src/stm32f1xx_hal_spi.c ****        |    X    |----------------|----------|----------|-----------|----------|-----------|-------
 164:Drivers/STM32F1xx_HAL_Driver/Src/stm32f1xx_hal_spi.c ****        |         |       DMA      | Fpclk/2  | Fpclk/2  |     NA    |    NA    | Fpclk/2   | Fpclk/
 165:Drivers/STM32F1xx_HAL_Driver/Src/stm32f1xx_hal_spi.c ****        +-------------------------------------------------------------------------------------------
 166:Drivers/STM32F1xx_HAL_Driver/Src/stm32f1xx_hal_spi.c **** 
 167:Drivers/STM32F1xx_HAL_Driver/Src/stm32f1xx_hal_spi.c ****        DataSize = SPI_DATASIZE_16BIT:
 168:Drivers/STM32F1xx_HAL_Driver/Src/stm32f1xx_hal_spi.c ****        +-------------------------------------------------------------------------------------------
 169:Drivers/STM32F1xx_HAL_Driver/Src/stm32f1xx_hal_spi.c ****        |         |                | 2Lines Fullduplex   |     2Lines RxOnly    |         1Line     
 170:Drivers/STM32F1xx_HAL_Driver/Src/stm32f1xx_hal_spi.c ****        | Process | Transfer mode  |---------------------|----------------------|-------------------
 171:Drivers/STM32F1xx_HAL_Driver/Src/stm32f1xx_hal_spi.c ****        |         |                |  Master  |  Slave   |  Master   |  Slave   |  Master   |  Slave
 172:Drivers/STM32F1xx_HAL_Driver/Src/stm32f1xx_hal_spi.c ****        |===========================================================================================
 173:Drivers/STM32F1xx_HAL_Driver/Src/stm32f1xx_hal_spi.c ****        |    T    |     Polling    | Fpclk/2  | Fpclk/2  |    NA     |    NA    |    NA     |   NA  
 174:Drivers/STM32F1xx_HAL_Driver/Src/stm32f1xx_hal_spi.c ****        |    X    |----------------|----------|----------|-----------|----------|-----------|-------
 175:Drivers/STM32F1xx_HAL_Driver/Src/stm32f1xx_hal_spi.c ****        |    /    |     Interrupt  | Fpclk/4  | Fpclk/4  |    NA     |    NA    |    NA     |   NA  
 176:Drivers/STM32F1xx_HAL_Driver/Src/stm32f1xx_hal_spi.c ****        |    R    |----------------|----------|----------|-----------|----------|-----------|-------
 177:Drivers/STM32F1xx_HAL_Driver/Src/stm32f1xx_hal_spi.c ****        |    X    |       DMA      | Fpclk/2  | Fpclk/2  |    NA     |    NA    |    NA     |   NA  
 178:Drivers/STM32F1xx_HAL_Driver/Src/stm32f1xx_hal_spi.c ****        |=========|================|==========|==========|===========|==========|===========|=======
 179:Drivers/STM32F1xx_HAL_Driver/Src/stm32f1xx_hal_spi.c ****        |         |     Polling    | Fpclk/2  | Fpclk/2  | Fpclk/64  | Fpclk/2  | Fpclk/32  | Fpclk/
 180:Drivers/STM32F1xx_HAL_Driver/Src/stm32f1xx_hal_spi.c ****        |         |----------------|----------|----------|-----------|----------|-----------|-------
 181:Drivers/STM32F1xx_HAL_Driver/Src/stm32f1xx_hal_spi.c ****        |    R    |     Interrupt  | Fpclk/4  | Fpclk/4  | Fpclk/64  | Fpclk/2  | Fpclk/64  | Fpclk/
 182:Drivers/STM32F1xx_HAL_Driver/Src/stm32f1xx_hal_spi.c ****        |    X    |----------------|----------|----------|-----------|----------|-----------|-------
 183:Drivers/STM32F1xx_HAL_Driver/Src/stm32f1xx_hal_spi.c ****        |         |       DMA      | Fpclk/2  | Fpclk/2  | Fpclk/64  | Fpclk/2  | Fpclk/128 | Fpclk/
 184:Drivers/STM32F1xx_HAL_Driver/Src/stm32f1xx_hal_spi.c ****        |=========|================|==========|==========|===========|==========|===========|=======
 185:Drivers/STM32F1xx_HAL_Driver/Src/stm32f1xx_hal_spi.c ****        |         |     Polling    | Fpclk/2  | Fpclk/2  |     NA    |    NA    | Fpclk/2   | Fpclk/
 186:Drivers/STM32F1xx_HAL_Driver/Src/stm32f1xx_hal_spi.c ****        |         |----------------|----------|----------|-----------|----------|-----------|-------
 187:Drivers/STM32F1xx_HAL_Driver/Src/stm32f1xx_hal_spi.c ****        |    T    |     Interrupt  | Fpclk/2  | Fpclk/2  |     NA    |    NA    | Fpclk/2   | Fpclk/
 188:Drivers/STM32F1xx_HAL_Driver/Src/stm32f1xx_hal_spi.c ****        |    X    |----------------|----------|----------|-----------|----------|-----------|-------
 189:Drivers/STM32F1xx_HAL_Driver/Src/stm32f1xx_hal_spi.c ****        |         |       DMA      | Fpclk/2  | Fpclk/2  |     NA    |    NA    | Fpclk/2   | Fpclk/
 190:Drivers/STM32F1xx_HAL_Driver/Src/stm32f1xx_hal_spi.c ****        +-------------------------------------------------------------------------------------------
 191:Drivers/STM32F1xx_HAL_Driver/Src/stm32f1xx_hal_spi.c ****        @note The max SPI frequency depend on SPI data size (8bits, 16bits),
 192:Drivers/STM32F1xx_HAL_Driver/Src/stm32f1xx_hal_spi.c ****              SPI mode(2 Lines fullduplex, 2 lines RxOnly, 1 line TX/RX) and Process mode (Polling, 
 193:Drivers/STM32F1xx_HAL_Driver/Src/stm32f1xx_hal_spi.c ****        @note
 194:Drivers/STM32F1xx_HAL_Driver/Src/stm32f1xx_hal_spi.c ****             (#) TX/RX processes are HAL_SPI_TransmitReceive(), HAL_SPI_TransmitReceive_IT() and
 195:Drivers/STM32F1xx_HAL_Driver/Src/stm32f1xx_hal_spi.c ****                 HAL_SPI_TransmitReceive_DMA()
 196:Drivers/STM32F1xx_HAL_Driver/Src/stm32f1xx_hal_spi.c ****             (#) RX processes are HAL_SPI_Receive(), HAL_SPI_Receive_IT() and HAL_SPI_Receive_DMA()
 197:Drivers/STM32F1xx_HAL_Driver/Src/stm32f1xx_hal_spi.c ****             (#) TX processes are HAL_SPI_Transmit(), HAL_SPI_Transmit_IT() and HAL_SPI_Transmit_DMA
 198:Drivers/STM32F1xx_HAL_Driver/Src/stm32f1xx_hal_spi.c **** 
 199:Drivers/STM32F1xx_HAL_Driver/Src/stm32f1xx_hal_spi.c ****   */
 200:Drivers/STM32F1xx_HAL_Driver/Src/stm32f1xx_hal_spi.c **** 
 201:Drivers/STM32F1xx_HAL_Driver/Src/stm32f1xx_hal_spi.c **** /* Includes ------------------------------------------------------------------*/
 202:Drivers/STM32F1xx_HAL_Driver/Src/stm32f1xx_hal_spi.c **** #include "stm32f1xx_hal.h"
 203:Drivers/STM32F1xx_HAL_Driver/Src/stm32f1xx_hal_spi.c **** 
ARM GAS  C:\Users\airforce\AppData\Local\Temp\cca1ZS9V.s 			page 5


 204:Drivers/STM32F1xx_HAL_Driver/Src/stm32f1xx_hal_spi.c **** /** @addtogroup STM32F1xx_HAL_Driver
 205:Drivers/STM32F1xx_HAL_Driver/Src/stm32f1xx_hal_spi.c ****   * @{
 206:Drivers/STM32F1xx_HAL_Driver/Src/stm32f1xx_hal_spi.c ****   */
 207:Drivers/STM32F1xx_HAL_Driver/Src/stm32f1xx_hal_spi.c **** 
 208:Drivers/STM32F1xx_HAL_Driver/Src/stm32f1xx_hal_spi.c **** /** @defgroup SPI SPI
 209:Drivers/STM32F1xx_HAL_Driver/Src/stm32f1xx_hal_spi.c ****   * @brief SPI HAL module driver
 210:Drivers/STM32F1xx_HAL_Driver/Src/stm32f1xx_hal_spi.c ****   * @{
 211:Drivers/STM32F1xx_HAL_Driver/Src/stm32f1xx_hal_spi.c ****   */
 212:Drivers/STM32F1xx_HAL_Driver/Src/stm32f1xx_hal_spi.c **** #ifdef HAL_SPI_MODULE_ENABLED
 213:Drivers/STM32F1xx_HAL_Driver/Src/stm32f1xx_hal_spi.c **** 
 214:Drivers/STM32F1xx_HAL_Driver/Src/stm32f1xx_hal_spi.c **** /* Private typedef -----------------------------------------------------------*/
 215:Drivers/STM32F1xx_HAL_Driver/Src/stm32f1xx_hal_spi.c **** /* Private defines -----------------------------------------------------------*/
 216:Drivers/STM32F1xx_HAL_Driver/Src/stm32f1xx_hal_spi.c **** #if (USE_SPI_CRC != 0U) && defined(SPI_CRC_ERROR_WORKAROUND_FEATURE)
 217:Drivers/STM32F1xx_HAL_Driver/Src/stm32f1xx_hal_spi.c **** /* CRC WORKAROUND FEATURE: Variable used to determine if device is impacted by implementation
 218:Drivers/STM32F1xx_HAL_Driver/Src/stm32f1xx_hal_spi.c ****  * of workaround related to wrong CRC errors detection on SPI2. Conditions in which this workaround
 219:Drivers/STM32F1xx_HAL_Driver/Src/stm32f1xx_hal_spi.c ****  * has to be applied, are:
 220:Drivers/STM32F1xx_HAL_Driver/Src/stm32f1xx_hal_spi.c ****  *  - STM32F101CDE/STM32F103CDE
 221:Drivers/STM32F1xx_HAL_Driver/Src/stm32f1xx_hal_spi.c ****  *  - Revision ID : Z
 222:Drivers/STM32F1xx_HAL_Driver/Src/stm32f1xx_hal_spi.c ****  *  - SPI2
 223:Drivers/STM32F1xx_HAL_Driver/Src/stm32f1xx_hal_spi.c ****  *  - In receive only mode, with CRC calculation enabled, at the end of the CRC reception,
 224:Drivers/STM32F1xx_HAL_Driver/Src/stm32f1xx_hal_spi.c ****  *     the software needs to check the CRCERR flag. If it is found set, read back the SPI_RXCRC:
 225:Drivers/STM32F1xx_HAL_Driver/Src/stm32f1xx_hal_spi.c ****  *       + If the value is 0, the complete data transfer is successful.
 226:Drivers/STM32F1xx_HAL_Driver/Src/stm32f1xx_hal_spi.c ****  *       + Otherwise, one or more errors have been detected during the data transfer by CPU or DMA.
 227:Drivers/STM32F1xx_HAL_Driver/Src/stm32f1xx_hal_spi.c ****  *    If CRCERR is found reset, the complete data transfer is considered successful.
 228:Drivers/STM32F1xx_HAL_Driver/Src/stm32f1xx_hal_spi.c ****  *
 229:Drivers/STM32F1xx_HAL_Driver/Src/stm32f1xx_hal_spi.c ****  * Check RevisionID value for identifying if Device is Rev Z (0x0001) in order to enable workaround
 230:Drivers/STM32F1xx_HAL_Driver/Src/stm32f1xx_hal_spi.c ****  * CRC errors wrongly detected
 231:Drivers/STM32F1xx_HAL_Driver/Src/stm32f1xx_hal_spi.c ****  */
 232:Drivers/STM32F1xx_HAL_Driver/Src/stm32f1xx_hal_spi.c **** /* Pb is that ES_STM32F10xxCDE also identify an issue in Debug registers access while not in Debug 
 233:Drivers/STM32F1xx_HAL_Driver/Src/stm32f1xx_hal_spi.c ****  * Revision ID information is only available in Debug mode, so Workaround could not be implemented
 234:Drivers/STM32F1xx_HAL_Driver/Src/stm32f1xx_hal_spi.c ****  * to distinguish Rev Z devices (issue present) from more recent version (issue fixed).
 235:Drivers/STM32F1xx_HAL_Driver/Src/stm32f1xx_hal_spi.c ****  * So, in case of Revision Z F101 or F103 devices, below define should be assigned to 1.
 236:Drivers/STM32F1xx_HAL_Driver/Src/stm32f1xx_hal_spi.c ****  */
 237:Drivers/STM32F1xx_HAL_Driver/Src/stm32f1xx_hal_spi.c **** #define  USE_SPI_CRC_ERROR_WORKAROUND   0U
 238:Drivers/STM32F1xx_HAL_Driver/Src/stm32f1xx_hal_spi.c **** #endif /* USE_SPI_CRC */
 239:Drivers/STM32F1xx_HAL_Driver/Src/stm32f1xx_hal_spi.c **** /** @defgroup SPI_Private_Constants SPI Private Constants
 240:Drivers/STM32F1xx_HAL_Driver/Src/stm32f1xx_hal_spi.c ****   * @{
 241:Drivers/STM32F1xx_HAL_Driver/Src/stm32f1xx_hal_spi.c ****   */
 242:Drivers/STM32F1xx_HAL_Driver/Src/stm32f1xx_hal_spi.c **** #define SPI_DEFAULT_TIMEOUT 100U
 243:Drivers/STM32F1xx_HAL_Driver/Src/stm32f1xx_hal_spi.c **** /**
 244:Drivers/STM32F1xx_HAL_Driver/Src/stm32f1xx_hal_spi.c ****   * @}
 245:Drivers/STM32F1xx_HAL_Driver/Src/stm32f1xx_hal_spi.c ****   */
 246:Drivers/STM32F1xx_HAL_Driver/Src/stm32f1xx_hal_spi.c **** 
 247:Drivers/STM32F1xx_HAL_Driver/Src/stm32f1xx_hal_spi.c **** /* Private macros ------------------------------------------------------------*/
 248:Drivers/STM32F1xx_HAL_Driver/Src/stm32f1xx_hal_spi.c **** /* Private variables ---------------------------------------------------------*/
 249:Drivers/STM32F1xx_HAL_Driver/Src/stm32f1xx_hal_spi.c **** /* Private function prototypes -----------------------------------------------*/
 250:Drivers/STM32F1xx_HAL_Driver/Src/stm32f1xx_hal_spi.c **** /** @defgroup SPI_Private_Functions SPI Private Functions
 251:Drivers/STM32F1xx_HAL_Driver/Src/stm32f1xx_hal_spi.c ****   * @{
 252:Drivers/STM32F1xx_HAL_Driver/Src/stm32f1xx_hal_spi.c ****   */
 253:Drivers/STM32F1xx_HAL_Driver/Src/stm32f1xx_hal_spi.c **** static void SPI_DMATransmitCplt(DMA_HandleTypeDef *hdma);
 254:Drivers/STM32F1xx_HAL_Driver/Src/stm32f1xx_hal_spi.c **** static void SPI_DMAReceiveCplt(DMA_HandleTypeDef *hdma);
 255:Drivers/STM32F1xx_HAL_Driver/Src/stm32f1xx_hal_spi.c **** static void SPI_DMATransmitReceiveCplt(DMA_HandleTypeDef *hdma);
 256:Drivers/STM32F1xx_HAL_Driver/Src/stm32f1xx_hal_spi.c **** static void SPI_DMAHalfTransmitCplt(DMA_HandleTypeDef *hdma);
 257:Drivers/STM32F1xx_HAL_Driver/Src/stm32f1xx_hal_spi.c **** static void SPI_DMAHalfReceiveCplt(DMA_HandleTypeDef *hdma);
 258:Drivers/STM32F1xx_HAL_Driver/Src/stm32f1xx_hal_spi.c **** static void SPI_DMAHalfTransmitReceiveCplt(DMA_HandleTypeDef *hdma);
 259:Drivers/STM32F1xx_HAL_Driver/Src/stm32f1xx_hal_spi.c **** static void SPI_DMAError(DMA_HandleTypeDef *hdma);
 260:Drivers/STM32F1xx_HAL_Driver/Src/stm32f1xx_hal_spi.c **** static void SPI_DMAAbortOnError(DMA_HandleTypeDef *hdma);
ARM GAS  C:\Users\airforce\AppData\Local\Temp\cca1ZS9V.s 			page 6


 261:Drivers/STM32F1xx_HAL_Driver/Src/stm32f1xx_hal_spi.c **** static void SPI_DMATxAbortCallback(DMA_HandleTypeDef *hdma);
 262:Drivers/STM32F1xx_HAL_Driver/Src/stm32f1xx_hal_spi.c **** static void SPI_DMARxAbortCallback(DMA_HandleTypeDef *hdma);
 263:Drivers/STM32F1xx_HAL_Driver/Src/stm32f1xx_hal_spi.c **** static HAL_StatusTypeDef SPI_WaitFlagStateUntilTimeout(SPI_HandleTypeDef *hspi, uint32_t Flag, Flag
 264:Drivers/STM32F1xx_HAL_Driver/Src/stm32f1xx_hal_spi.c ****                                                        uint32_t Timeout, uint32_t Tickstart);
 265:Drivers/STM32F1xx_HAL_Driver/Src/stm32f1xx_hal_spi.c **** static void SPI_TxISR_8BIT(struct __SPI_HandleTypeDef *hspi);
 266:Drivers/STM32F1xx_HAL_Driver/Src/stm32f1xx_hal_spi.c **** static void SPI_TxISR_16BIT(struct __SPI_HandleTypeDef *hspi);
 267:Drivers/STM32F1xx_HAL_Driver/Src/stm32f1xx_hal_spi.c **** static void SPI_RxISR_8BIT(struct __SPI_HandleTypeDef *hspi);
 268:Drivers/STM32F1xx_HAL_Driver/Src/stm32f1xx_hal_spi.c **** static void SPI_RxISR_16BIT(struct __SPI_HandleTypeDef *hspi);
 269:Drivers/STM32F1xx_HAL_Driver/Src/stm32f1xx_hal_spi.c **** static void SPI_2linesRxISR_8BIT(struct __SPI_HandleTypeDef *hspi);
 270:Drivers/STM32F1xx_HAL_Driver/Src/stm32f1xx_hal_spi.c **** static void SPI_2linesTxISR_8BIT(struct __SPI_HandleTypeDef *hspi);
 271:Drivers/STM32F1xx_HAL_Driver/Src/stm32f1xx_hal_spi.c **** static void SPI_2linesTxISR_16BIT(struct __SPI_HandleTypeDef *hspi);
 272:Drivers/STM32F1xx_HAL_Driver/Src/stm32f1xx_hal_spi.c **** static void SPI_2linesRxISR_16BIT(struct __SPI_HandleTypeDef *hspi);
 273:Drivers/STM32F1xx_HAL_Driver/Src/stm32f1xx_hal_spi.c **** #if (USE_SPI_CRC != 0U)
 274:Drivers/STM32F1xx_HAL_Driver/Src/stm32f1xx_hal_spi.c **** static void SPI_RxISR_8BITCRC(struct __SPI_HandleTypeDef *hspi);
 275:Drivers/STM32F1xx_HAL_Driver/Src/stm32f1xx_hal_spi.c **** static void SPI_RxISR_16BITCRC(struct __SPI_HandleTypeDef *hspi);
 276:Drivers/STM32F1xx_HAL_Driver/Src/stm32f1xx_hal_spi.c **** static void SPI_2linesRxISR_8BITCRC(struct __SPI_HandleTypeDef *hspi);
 277:Drivers/STM32F1xx_HAL_Driver/Src/stm32f1xx_hal_spi.c **** static void SPI_2linesRxISR_16BITCRC(struct __SPI_HandleTypeDef *hspi);
 278:Drivers/STM32F1xx_HAL_Driver/Src/stm32f1xx_hal_spi.c **** #endif /* USE_SPI_CRC */
 279:Drivers/STM32F1xx_HAL_Driver/Src/stm32f1xx_hal_spi.c **** static void SPI_AbortRx_ISR(SPI_HandleTypeDef *hspi);
 280:Drivers/STM32F1xx_HAL_Driver/Src/stm32f1xx_hal_spi.c **** static void SPI_AbortTx_ISR(SPI_HandleTypeDef *hspi);
 281:Drivers/STM32F1xx_HAL_Driver/Src/stm32f1xx_hal_spi.c **** static void SPI_CloseRxTx_ISR(SPI_HandleTypeDef *hspi);
 282:Drivers/STM32F1xx_HAL_Driver/Src/stm32f1xx_hal_spi.c **** static void SPI_CloseRx_ISR(SPI_HandleTypeDef *hspi);
 283:Drivers/STM32F1xx_HAL_Driver/Src/stm32f1xx_hal_spi.c **** static void SPI_CloseTx_ISR(SPI_HandleTypeDef *hspi);
 284:Drivers/STM32F1xx_HAL_Driver/Src/stm32f1xx_hal_spi.c **** static HAL_StatusTypeDef SPI_EndRxTransaction(SPI_HandleTypeDef *hspi, uint32_t Timeout, uint32_t T
 285:Drivers/STM32F1xx_HAL_Driver/Src/stm32f1xx_hal_spi.c **** static HAL_StatusTypeDef SPI_EndRxTxTransaction(SPI_HandleTypeDef *hspi, uint32_t Timeout, uint32_t
 286:Drivers/STM32F1xx_HAL_Driver/Src/stm32f1xx_hal_spi.c **** /**
 287:Drivers/STM32F1xx_HAL_Driver/Src/stm32f1xx_hal_spi.c ****   * @}
 288:Drivers/STM32F1xx_HAL_Driver/Src/stm32f1xx_hal_spi.c ****   */
 289:Drivers/STM32F1xx_HAL_Driver/Src/stm32f1xx_hal_spi.c **** 
 290:Drivers/STM32F1xx_HAL_Driver/Src/stm32f1xx_hal_spi.c **** /* Exported functions --------------------------------------------------------*/
 291:Drivers/STM32F1xx_HAL_Driver/Src/stm32f1xx_hal_spi.c **** /** @defgroup SPI_Exported_Functions SPI Exported Functions
 292:Drivers/STM32F1xx_HAL_Driver/Src/stm32f1xx_hal_spi.c ****   * @{
 293:Drivers/STM32F1xx_HAL_Driver/Src/stm32f1xx_hal_spi.c ****   */
 294:Drivers/STM32F1xx_HAL_Driver/Src/stm32f1xx_hal_spi.c **** 
 295:Drivers/STM32F1xx_HAL_Driver/Src/stm32f1xx_hal_spi.c **** /** @defgroup SPI_Exported_Functions_Group1 Initialization and de-initialization functions
 296:Drivers/STM32F1xx_HAL_Driver/Src/stm32f1xx_hal_spi.c ****   *  @brief    Initialization and Configuration functions
 297:Drivers/STM32F1xx_HAL_Driver/Src/stm32f1xx_hal_spi.c ****   *
 298:Drivers/STM32F1xx_HAL_Driver/Src/stm32f1xx_hal_spi.c **** @verbatim
 299:Drivers/STM32F1xx_HAL_Driver/Src/stm32f1xx_hal_spi.c ****  ===============================================================================
 300:Drivers/STM32F1xx_HAL_Driver/Src/stm32f1xx_hal_spi.c ****               ##### Initialization and de-initialization functions #####
 301:Drivers/STM32F1xx_HAL_Driver/Src/stm32f1xx_hal_spi.c ****  ===============================================================================
 302:Drivers/STM32F1xx_HAL_Driver/Src/stm32f1xx_hal_spi.c ****     [..]  This subsection provides a set of functions allowing to initialize and
 303:Drivers/STM32F1xx_HAL_Driver/Src/stm32f1xx_hal_spi.c ****           de-initialize the SPIx peripheral:
 304:Drivers/STM32F1xx_HAL_Driver/Src/stm32f1xx_hal_spi.c **** 
 305:Drivers/STM32F1xx_HAL_Driver/Src/stm32f1xx_hal_spi.c ****       (+) User must implement HAL_SPI_MspInit() function in which he configures
 306:Drivers/STM32F1xx_HAL_Driver/Src/stm32f1xx_hal_spi.c ****           all related peripherals resources (CLOCK, GPIO, DMA, IT and NVIC ).
 307:Drivers/STM32F1xx_HAL_Driver/Src/stm32f1xx_hal_spi.c **** 
 308:Drivers/STM32F1xx_HAL_Driver/Src/stm32f1xx_hal_spi.c ****       (+) Call the function HAL_SPI_Init() to configure the selected device with
 309:Drivers/STM32F1xx_HAL_Driver/Src/stm32f1xx_hal_spi.c ****           the selected configuration:
 310:Drivers/STM32F1xx_HAL_Driver/Src/stm32f1xx_hal_spi.c ****         (++) Mode
 311:Drivers/STM32F1xx_HAL_Driver/Src/stm32f1xx_hal_spi.c ****         (++) Direction
 312:Drivers/STM32F1xx_HAL_Driver/Src/stm32f1xx_hal_spi.c ****         (++) Data Size
 313:Drivers/STM32F1xx_HAL_Driver/Src/stm32f1xx_hal_spi.c ****         (++) Clock Polarity and Phase
 314:Drivers/STM32F1xx_HAL_Driver/Src/stm32f1xx_hal_spi.c ****         (++) NSS Management
 315:Drivers/STM32F1xx_HAL_Driver/Src/stm32f1xx_hal_spi.c ****         (++) BaudRate Prescaler
 316:Drivers/STM32F1xx_HAL_Driver/Src/stm32f1xx_hal_spi.c ****         (++) FirstBit
 317:Drivers/STM32F1xx_HAL_Driver/Src/stm32f1xx_hal_spi.c ****         (++) TIMode
ARM GAS  C:\Users\airforce\AppData\Local\Temp\cca1ZS9V.s 			page 7


 318:Drivers/STM32F1xx_HAL_Driver/Src/stm32f1xx_hal_spi.c ****         (++) CRC Calculation
 319:Drivers/STM32F1xx_HAL_Driver/Src/stm32f1xx_hal_spi.c ****         (++) CRC Polynomial if CRC enabled
 320:Drivers/STM32F1xx_HAL_Driver/Src/stm32f1xx_hal_spi.c **** 
 321:Drivers/STM32F1xx_HAL_Driver/Src/stm32f1xx_hal_spi.c ****       (+) Call the function HAL_SPI_DeInit() to restore the default configuration
 322:Drivers/STM32F1xx_HAL_Driver/Src/stm32f1xx_hal_spi.c ****           of the selected SPIx peripheral.
 323:Drivers/STM32F1xx_HAL_Driver/Src/stm32f1xx_hal_spi.c **** 
 324:Drivers/STM32F1xx_HAL_Driver/Src/stm32f1xx_hal_spi.c **** @endverbatim
 325:Drivers/STM32F1xx_HAL_Driver/Src/stm32f1xx_hal_spi.c ****   * @{
 326:Drivers/STM32F1xx_HAL_Driver/Src/stm32f1xx_hal_spi.c ****   */
 327:Drivers/STM32F1xx_HAL_Driver/Src/stm32f1xx_hal_spi.c **** 
 328:Drivers/STM32F1xx_HAL_Driver/Src/stm32f1xx_hal_spi.c **** /**
 329:Drivers/STM32F1xx_HAL_Driver/Src/stm32f1xx_hal_spi.c ****   * @brief  Initialize the SPI according to the specified parameters
 330:Drivers/STM32F1xx_HAL_Driver/Src/stm32f1xx_hal_spi.c ****   *         in the SPI_InitTypeDef and initialize the associated handle.
 331:Drivers/STM32F1xx_HAL_Driver/Src/stm32f1xx_hal_spi.c ****   * @param  hspi pointer to a SPI_HandleTypeDef structure that contains
 332:Drivers/STM32F1xx_HAL_Driver/Src/stm32f1xx_hal_spi.c ****   *               the configuration information for SPI module.
 333:Drivers/STM32F1xx_HAL_Driver/Src/stm32f1xx_hal_spi.c ****   * @retval HAL status
 334:Drivers/STM32F1xx_HAL_Driver/Src/stm32f1xx_hal_spi.c ****   */
 335:Drivers/STM32F1xx_HAL_Driver/Src/stm32f1xx_hal_spi.c **** HAL_StatusTypeDef HAL_SPI_Init(SPI_HandleTypeDef *hspi)
 336:Drivers/STM32F1xx_HAL_Driver/Src/stm32f1xx_hal_spi.c **** {
 337:Drivers/STM32F1xx_HAL_Driver/Src/stm32f1xx_hal_spi.c ****   /* Check the SPI handle allocation */
 338:Drivers/STM32F1xx_HAL_Driver/Src/stm32f1xx_hal_spi.c ****   if (hspi == NULL)
 339:Drivers/STM32F1xx_HAL_Driver/Src/stm32f1xx_hal_spi.c ****   {
 340:Drivers/STM32F1xx_HAL_Driver/Src/stm32f1xx_hal_spi.c ****     return HAL_ERROR;
 341:Drivers/STM32F1xx_HAL_Driver/Src/stm32f1xx_hal_spi.c ****   }
 342:Drivers/STM32F1xx_HAL_Driver/Src/stm32f1xx_hal_spi.c **** 
 343:Drivers/STM32F1xx_HAL_Driver/Src/stm32f1xx_hal_spi.c ****   /* Check the parameters */
 344:Drivers/STM32F1xx_HAL_Driver/Src/stm32f1xx_hal_spi.c ****   assert_param(IS_SPI_ALL_INSTANCE(hspi->Instance));
 345:Drivers/STM32F1xx_HAL_Driver/Src/stm32f1xx_hal_spi.c ****   assert_param(IS_SPI_MODE(hspi->Init.Mode));
 346:Drivers/STM32F1xx_HAL_Driver/Src/stm32f1xx_hal_spi.c ****   assert_param(IS_SPI_DIRECTION(hspi->Init.Direction));
 347:Drivers/STM32F1xx_HAL_Driver/Src/stm32f1xx_hal_spi.c ****   assert_param(IS_SPI_DATASIZE(hspi->Init.DataSize));
 348:Drivers/STM32F1xx_HAL_Driver/Src/stm32f1xx_hal_spi.c ****   assert_param(IS_SPI_NSS(hspi->Init.NSS));
 349:Drivers/STM32F1xx_HAL_Driver/Src/stm32f1xx_hal_spi.c ****   assert_param(IS_SPI_BAUDRATE_PRESCALER(hspi->Init.BaudRatePrescaler));
 350:Drivers/STM32F1xx_HAL_Driver/Src/stm32f1xx_hal_spi.c ****   assert_param(IS_SPI_FIRST_BIT(hspi->Init.FirstBit));
 351:Drivers/STM32F1xx_HAL_Driver/Src/stm32f1xx_hal_spi.c ****   /* TI mode is not supported on this device.
 352:Drivers/STM32F1xx_HAL_Driver/Src/stm32f1xx_hal_spi.c ****      TIMode parameter is mandatory equal to SPI_TIMODE_DISABLE */
 353:Drivers/STM32F1xx_HAL_Driver/Src/stm32f1xx_hal_spi.c ****   assert_param(IS_SPI_TIMODE(hspi->Init.TIMode));
 354:Drivers/STM32F1xx_HAL_Driver/Src/stm32f1xx_hal_spi.c ****   if (hspi->Init.TIMode == SPI_TIMODE_DISABLE)
 355:Drivers/STM32F1xx_HAL_Driver/Src/stm32f1xx_hal_spi.c ****   {
 356:Drivers/STM32F1xx_HAL_Driver/Src/stm32f1xx_hal_spi.c ****     assert_param(IS_SPI_CPOL(hspi->Init.CLKPolarity));
 357:Drivers/STM32F1xx_HAL_Driver/Src/stm32f1xx_hal_spi.c ****     assert_param(IS_SPI_CPHA(hspi->Init.CLKPhase));
 358:Drivers/STM32F1xx_HAL_Driver/Src/stm32f1xx_hal_spi.c **** 
 359:Drivers/STM32F1xx_HAL_Driver/Src/stm32f1xx_hal_spi.c ****     if (hspi->Init.Mode == SPI_MODE_MASTER)
 360:Drivers/STM32F1xx_HAL_Driver/Src/stm32f1xx_hal_spi.c ****     {
 361:Drivers/STM32F1xx_HAL_Driver/Src/stm32f1xx_hal_spi.c ****       assert_param(IS_SPI_BAUDRATE_PRESCALER(hspi->Init.BaudRatePrescaler));
 362:Drivers/STM32F1xx_HAL_Driver/Src/stm32f1xx_hal_spi.c ****     }
 363:Drivers/STM32F1xx_HAL_Driver/Src/stm32f1xx_hal_spi.c ****     else
 364:Drivers/STM32F1xx_HAL_Driver/Src/stm32f1xx_hal_spi.c ****     {
 365:Drivers/STM32F1xx_HAL_Driver/Src/stm32f1xx_hal_spi.c ****       /* Baudrate prescaler not use in Motoraola Slave mode. force to default value */
 366:Drivers/STM32F1xx_HAL_Driver/Src/stm32f1xx_hal_spi.c ****       hspi->Init.BaudRatePrescaler = SPI_BAUDRATEPRESCALER_2;
 367:Drivers/STM32F1xx_HAL_Driver/Src/stm32f1xx_hal_spi.c ****     }
 368:Drivers/STM32F1xx_HAL_Driver/Src/stm32f1xx_hal_spi.c ****   }
 369:Drivers/STM32F1xx_HAL_Driver/Src/stm32f1xx_hal_spi.c ****   else
 370:Drivers/STM32F1xx_HAL_Driver/Src/stm32f1xx_hal_spi.c ****   {
 371:Drivers/STM32F1xx_HAL_Driver/Src/stm32f1xx_hal_spi.c ****     assert_param(IS_SPI_BAUDRATE_PRESCALER(hspi->Init.BaudRatePrescaler));
 372:Drivers/STM32F1xx_HAL_Driver/Src/stm32f1xx_hal_spi.c **** 
 373:Drivers/STM32F1xx_HAL_Driver/Src/stm32f1xx_hal_spi.c ****     /* Force polarity and phase to TI protocaol requirements */
 374:Drivers/STM32F1xx_HAL_Driver/Src/stm32f1xx_hal_spi.c ****     hspi->Init.CLKPolarity = SPI_POLARITY_LOW;
ARM GAS  C:\Users\airforce\AppData\Local\Temp\cca1ZS9V.s 			page 8


 375:Drivers/STM32F1xx_HAL_Driver/Src/stm32f1xx_hal_spi.c ****     hspi->Init.CLKPhase    = SPI_PHASE_1EDGE;
 376:Drivers/STM32F1xx_HAL_Driver/Src/stm32f1xx_hal_spi.c ****   }
 377:Drivers/STM32F1xx_HAL_Driver/Src/stm32f1xx_hal_spi.c **** #if (USE_SPI_CRC != 0U)
 378:Drivers/STM32F1xx_HAL_Driver/Src/stm32f1xx_hal_spi.c ****   assert_param(IS_SPI_CRC_CALCULATION(hspi->Init.CRCCalculation));
 379:Drivers/STM32F1xx_HAL_Driver/Src/stm32f1xx_hal_spi.c ****   if (hspi->Init.CRCCalculation == SPI_CRCCALCULATION_ENABLE)
 380:Drivers/STM32F1xx_HAL_Driver/Src/stm32f1xx_hal_spi.c ****   {
 381:Drivers/STM32F1xx_HAL_Driver/Src/stm32f1xx_hal_spi.c ****     assert_param(IS_SPI_CRC_POLYNOMIAL(hspi->Init.CRCPolynomial));
 382:Drivers/STM32F1xx_HAL_Driver/Src/stm32f1xx_hal_spi.c ****   }
 383:Drivers/STM32F1xx_HAL_Driver/Src/stm32f1xx_hal_spi.c **** #else
 384:Drivers/STM32F1xx_HAL_Driver/Src/stm32f1xx_hal_spi.c ****   hspi->Init.CRCCalculation = SPI_CRCCALCULATION_DISABLE;
 385:Drivers/STM32F1xx_HAL_Driver/Src/stm32f1xx_hal_spi.c **** #endif /* USE_SPI_CRC */
 386:Drivers/STM32F1xx_HAL_Driver/Src/stm32f1xx_hal_spi.c **** 
 387:Drivers/STM32F1xx_HAL_Driver/Src/stm32f1xx_hal_spi.c ****   if (hspi->State == HAL_SPI_STATE_RESET)
 388:Drivers/STM32F1xx_HAL_Driver/Src/stm32f1xx_hal_spi.c ****   {
 389:Drivers/STM32F1xx_HAL_Driver/Src/stm32f1xx_hal_spi.c ****     /* Allocate lock resource and initialize it */
 390:Drivers/STM32F1xx_HAL_Driver/Src/stm32f1xx_hal_spi.c ****     hspi->Lock = HAL_UNLOCKED;
 391:Drivers/STM32F1xx_HAL_Driver/Src/stm32f1xx_hal_spi.c **** 
 392:Drivers/STM32F1xx_HAL_Driver/Src/stm32f1xx_hal_spi.c **** #if (USE_HAL_SPI_REGISTER_CALLBACKS == 1U)
 393:Drivers/STM32F1xx_HAL_Driver/Src/stm32f1xx_hal_spi.c ****     /* Init the SPI Callback settings */
 394:Drivers/STM32F1xx_HAL_Driver/Src/stm32f1xx_hal_spi.c ****     hspi->TxCpltCallback       = HAL_SPI_TxCpltCallback;       /* Legacy weak TxCpltCallback       
 395:Drivers/STM32F1xx_HAL_Driver/Src/stm32f1xx_hal_spi.c ****     hspi->RxCpltCallback       = HAL_SPI_RxCpltCallback;       /* Legacy weak RxCpltCallback       
 396:Drivers/STM32F1xx_HAL_Driver/Src/stm32f1xx_hal_spi.c ****     hspi->TxRxCpltCallback     = HAL_SPI_TxRxCpltCallback;     /* Legacy weak TxRxCpltCallback     
 397:Drivers/STM32F1xx_HAL_Driver/Src/stm32f1xx_hal_spi.c ****     hspi->TxHalfCpltCallback   = HAL_SPI_TxHalfCpltCallback;   /* Legacy weak TxHalfCpltCallback   
 398:Drivers/STM32F1xx_HAL_Driver/Src/stm32f1xx_hal_spi.c ****     hspi->RxHalfCpltCallback   = HAL_SPI_RxHalfCpltCallback;   /* Legacy weak RxHalfCpltCallback   
 399:Drivers/STM32F1xx_HAL_Driver/Src/stm32f1xx_hal_spi.c ****     hspi->TxRxHalfCpltCallback = HAL_SPI_TxRxHalfCpltCallback; /* Legacy weak TxRxHalfCpltCallback 
 400:Drivers/STM32F1xx_HAL_Driver/Src/stm32f1xx_hal_spi.c ****     hspi->ErrorCallback        = HAL_SPI_ErrorCallback;        /* Legacy weak ErrorCallback        
 401:Drivers/STM32F1xx_HAL_Driver/Src/stm32f1xx_hal_spi.c ****     hspi->AbortCpltCallback    = HAL_SPI_AbortCpltCallback;    /* Legacy weak AbortCpltCallback    
 402:Drivers/STM32F1xx_HAL_Driver/Src/stm32f1xx_hal_spi.c **** 
 403:Drivers/STM32F1xx_HAL_Driver/Src/stm32f1xx_hal_spi.c ****     if (hspi->MspInitCallback == NULL)
 404:Drivers/STM32F1xx_HAL_Driver/Src/stm32f1xx_hal_spi.c ****     {
 405:Drivers/STM32F1xx_HAL_Driver/Src/stm32f1xx_hal_spi.c ****       hspi->MspInitCallback = HAL_SPI_MspInit; /* Legacy weak MspInit  */
 406:Drivers/STM32F1xx_HAL_Driver/Src/stm32f1xx_hal_spi.c ****     }
 407:Drivers/STM32F1xx_HAL_Driver/Src/stm32f1xx_hal_spi.c **** 
 408:Drivers/STM32F1xx_HAL_Driver/Src/stm32f1xx_hal_spi.c ****     /* Init the low level hardware : GPIO, CLOCK, NVIC... */
 409:Drivers/STM32F1xx_HAL_Driver/Src/stm32f1xx_hal_spi.c ****     hspi->MspInitCallback(hspi);
 410:Drivers/STM32F1xx_HAL_Driver/Src/stm32f1xx_hal_spi.c **** #else
 411:Drivers/STM32F1xx_HAL_Driver/Src/stm32f1xx_hal_spi.c ****     /* Init the low level hardware : GPIO, CLOCK, NVIC... */
 412:Drivers/STM32F1xx_HAL_Driver/Src/stm32f1xx_hal_spi.c ****     HAL_SPI_MspInit(hspi);
 413:Drivers/STM32F1xx_HAL_Driver/Src/stm32f1xx_hal_spi.c **** #endif /* USE_HAL_SPI_REGISTER_CALLBACKS */
 414:Drivers/STM32F1xx_HAL_Driver/Src/stm32f1xx_hal_spi.c ****   }
 415:Drivers/STM32F1xx_HAL_Driver/Src/stm32f1xx_hal_spi.c **** 
 416:Drivers/STM32F1xx_HAL_Driver/Src/stm32f1xx_hal_spi.c ****   hspi->State = HAL_SPI_STATE_BUSY;
 417:Drivers/STM32F1xx_HAL_Driver/Src/stm32f1xx_hal_spi.c **** 
 418:Drivers/STM32F1xx_HAL_Driver/Src/stm32f1xx_hal_spi.c ****   /* Disable the selected SPI peripheral */
 419:Drivers/STM32F1xx_HAL_Driver/Src/stm32f1xx_hal_spi.c ****   __HAL_SPI_DISABLE(hspi);
 420:Drivers/STM32F1xx_HAL_Driver/Src/stm32f1xx_hal_spi.c **** 
 421:Drivers/STM32F1xx_HAL_Driver/Src/stm32f1xx_hal_spi.c ****   /*----------------------- SPIx CR1 & CR2 Configuration ---------------------*/
 422:Drivers/STM32F1xx_HAL_Driver/Src/stm32f1xx_hal_spi.c ****   /* Configure : SPI Mode, Communication Mode, Data size, Clock polarity and phase, NSS management,
 423:Drivers/STM32F1xx_HAL_Driver/Src/stm32f1xx_hal_spi.c ****   Communication speed, First bit and CRC calculation state */
 424:Drivers/STM32F1xx_HAL_Driver/Src/stm32f1xx_hal_spi.c ****   WRITE_REG(hspi->Instance->CR1, ((hspi->Init.Mode & (SPI_CR1_MSTR | SPI_CR1_SSI)) |
 425:Drivers/STM32F1xx_HAL_Driver/Src/stm32f1xx_hal_spi.c ****                                   (hspi->Init.Direction & (SPI_CR1_RXONLY | SPI_CR1_BIDIMODE)) |
 426:Drivers/STM32F1xx_HAL_Driver/Src/stm32f1xx_hal_spi.c ****                                   (hspi->Init.DataSize & SPI_CR1_DFF) |
 427:Drivers/STM32F1xx_HAL_Driver/Src/stm32f1xx_hal_spi.c ****                                   (hspi->Init.CLKPolarity & SPI_CR1_CPOL) |
 428:Drivers/STM32F1xx_HAL_Driver/Src/stm32f1xx_hal_spi.c ****                                   (hspi->Init.CLKPhase & SPI_CR1_CPHA) |
 429:Drivers/STM32F1xx_HAL_Driver/Src/stm32f1xx_hal_spi.c ****                                   (hspi->Init.NSS & SPI_CR1_SSM) |
 430:Drivers/STM32F1xx_HAL_Driver/Src/stm32f1xx_hal_spi.c ****                                   (hspi->Init.BaudRatePrescaler & SPI_CR1_BR_Msk) |
 431:Drivers/STM32F1xx_HAL_Driver/Src/stm32f1xx_hal_spi.c ****                                   (hspi->Init.FirstBit  & SPI_CR1_LSBFIRST) |
ARM GAS  C:\Users\airforce\AppData\Local\Temp\cca1ZS9V.s 			page 9


 432:Drivers/STM32F1xx_HAL_Driver/Src/stm32f1xx_hal_spi.c ****                                   (hspi->Init.CRCCalculation & SPI_CR1_CRCEN)));
 433:Drivers/STM32F1xx_HAL_Driver/Src/stm32f1xx_hal_spi.c **** 
 434:Drivers/STM32F1xx_HAL_Driver/Src/stm32f1xx_hal_spi.c ****   /* Configure : NSS management */
 435:Drivers/STM32F1xx_HAL_Driver/Src/stm32f1xx_hal_spi.c ****   WRITE_REG(hspi->Instance->CR2, ((hspi->Init.NSS >> 16U) & SPI_CR2_SSOE));
 436:Drivers/STM32F1xx_HAL_Driver/Src/stm32f1xx_hal_spi.c **** 
 437:Drivers/STM32F1xx_HAL_Driver/Src/stm32f1xx_hal_spi.c **** #if (USE_SPI_CRC != 0U)
 438:Drivers/STM32F1xx_HAL_Driver/Src/stm32f1xx_hal_spi.c ****   /*---------------------------- SPIx CRCPOLY Configuration ------------------*/
 439:Drivers/STM32F1xx_HAL_Driver/Src/stm32f1xx_hal_spi.c ****   /* Configure : CRC Polynomial */
 440:Drivers/STM32F1xx_HAL_Driver/Src/stm32f1xx_hal_spi.c ****   if (hspi->Init.CRCCalculation == SPI_CRCCALCULATION_ENABLE)
 441:Drivers/STM32F1xx_HAL_Driver/Src/stm32f1xx_hal_spi.c ****   {
 442:Drivers/STM32F1xx_HAL_Driver/Src/stm32f1xx_hal_spi.c ****     WRITE_REG(hspi->Instance->CRCPR, (hspi->Init.CRCPolynomial & SPI_CRCPR_CRCPOLY_Msk));
 443:Drivers/STM32F1xx_HAL_Driver/Src/stm32f1xx_hal_spi.c ****   }
 444:Drivers/STM32F1xx_HAL_Driver/Src/stm32f1xx_hal_spi.c **** #endif /* USE_SPI_CRC */
 445:Drivers/STM32F1xx_HAL_Driver/Src/stm32f1xx_hal_spi.c **** 
 446:Drivers/STM32F1xx_HAL_Driver/Src/stm32f1xx_hal_spi.c **** #if defined(SPI_I2SCFGR_I2SMOD)
 447:Drivers/STM32F1xx_HAL_Driver/Src/stm32f1xx_hal_spi.c ****   /* Activate the SPI mode (Make sure that I2SMOD bit in I2SCFGR register is reset) */
 448:Drivers/STM32F1xx_HAL_Driver/Src/stm32f1xx_hal_spi.c ****   CLEAR_BIT(hspi->Instance->I2SCFGR, SPI_I2SCFGR_I2SMOD);
 449:Drivers/STM32F1xx_HAL_Driver/Src/stm32f1xx_hal_spi.c **** #endif /* SPI_I2SCFGR_I2SMOD */
 450:Drivers/STM32F1xx_HAL_Driver/Src/stm32f1xx_hal_spi.c **** 
 451:Drivers/STM32F1xx_HAL_Driver/Src/stm32f1xx_hal_spi.c ****   hspi->ErrorCode = HAL_SPI_ERROR_NONE;
 452:Drivers/STM32F1xx_HAL_Driver/Src/stm32f1xx_hal_spi.c ****   hspi->State     = HAL_SPI_STATE_READY;
 453:Drivers/STM32F1xx_HAL_Driver/Src/stm32f1xx_hal_spi.c **** 
 454:Drivers/STM32F1xx_HAL_Driver/Src/stm32f1xx_hal_spi.c ****   return HAL_OK;
 455:Drivers/STM32F1xx_HAL_Driver/Src/stm32f1xx_hal_spi.c **** }
 456:Drivers/STM32F1xx_HAL_Driver/Src/stm32f1xx_hal_spi.c **** 
 457:Drivers/STM32F1xx_HAL_Driver/Src/stm32f1xx_hal_spi.c **** /**
 458:Drivers/STM32F1xx_HAL_Driver/Src/stm32f1xx_hal_spi.c ****   * @brief  De-Initialize the SPI peripheral.
 459:Drivers/STM32F1xx_HAL_Driver/Src/stm32f1xx_hal_spi.c ****   * @param  hspi pointer to a SPI_HandleTypeDef structure that contains
 460:Drivers/STM32F1xx_HAL_Driver/Src/stm32f1xx_hal_spi.c ****   *               the configuration information for SPI module.
 461:Drivers/STM32F1xx_HAL_Driver/Src/stm32f1xx_hal_spi.c ****   * @retval HAL status
 462:Drivers/STM32F1xx_HAL_Driver/Src/stm32f1xx_hal_spi.c ****   */
 463:Drivers/STM32F1xx_HAL_Driver/Src/stm32f1xx_hal_spi.c **** HAL_StatusTypeDef HAL_SPI_DeInit(SPI_HandleTypeDef *hspi)
 464:Drivers/STM32F1xx_HAL_Driver/Src/stm32f1xx_hal_spi.c **** {
 465:Drivers/STM32F1xx_HAL_Driver/Src/stm32f1xx_hal_spi.c ****   /* Check the SPI handle allocation */
 466:Drivers/STM32F1xx_HAL_Driver/Src/stm32f1xx_hal_spi.c ****   if (hspi == NULL)
 467:Drivers/STM32F1xx_HAL_Driver/Src/stm32f1xx_hal_spi.c ****   {
 468:Drivers/STM32F1xx_HAL_Driver/Src/stm32f1xx_hal_spi.c ****     return HAL_ERROR;
 469:Drivers/STM32F1xx_HAL_Driver/Src/stm32f1xx_hal_spi.c ****   }
 470:Drivers/STM32F1xx_HAL_Driver/Src/stm32f1xx_hal_spi.c **** 
 471:Drivers/STM32F1xx_HAL_Driver/Src/stm32f1xx_hal_spi.c ****   /* Check SPI Instance parameter */
 472:Drivers/STM32F1xx_HAL_Driver/Src/stm32f1xx_hal_spi.c ****   assert_param(IS_SPI_ALL_INSTANCE(hspi->Instance));
 473:Drivers/STM32F1xx_HAL_Driver/Src/stm32f1xx_hal_spi.c **** 
 474:Drivers/STM32F1xx_HAL_Driver/Src/stm32f1xx_hal_spi.c ****   hspi->State = HAL_SPI_STATE_BUSY;
 475:Drivers/STM32F1xx_HAL_Driver/Src/stm32f1xx_hal_spi.c **** 
 476:Drivers/STM32F1xx_HAL_Driver/Src/stm32f1xx_hal_spi.c ****   /* Disable the SPI Peripheral Clock */
 477:Drivers/STM32F1xx_HAL_Driver/Src/stm32f1xx_hal_spi.c ****   __HAL_SPI_DISABLE(hspi);
 478:Drivers/STM32F1xx_HAL_Driver/Src/stm32f1xx_hal_spi.c **** 
 479:Drivers/STM32F1xx_HAL_Driver/Src/stm32f1xx_hal_spi.c **** #if (USE_HAL_SPI_REGISTER_CALLBACKS == 1U)
 480:Drivers/STM32F1xx_HAL_Driver/Src/stm32f1xx_hal_spi.c ****   if (hspi->MspDeInitCallback == NULL)
 481:Drivers/STM32F1xx_HAL_Driver/Src/stm32f1xx_hal_spi.c ****   {
 482:Drivers/STM32F1xx_HAL_Driver/Src/stm32f1xx_hal_spi.c ****     hspi->MspDeInitCallback = HAL_SPI_MspDeInit; /* Legacy weak MspDeInit  */
 483:Drivers/STM32F1xx_HAL_Driver/Src/stm32f1xx_hal_spi.c ****   }
 484:Drivers/STM32F1xx_HAL_Driver/Src/stm32f1xx_hal_spi.c **** 
 485:Drivers/STM32F1xx_HAL_Driver/Src/stm32f1xx_hal_spi.c ****   /* DeInit the low level hardware: GPIO, CLOCK, NVIC... */
 486:Drivers/STM32F1xx_HAL_Driver/Src/stm32f1xx_hal_spi.c ****   hspi->MspDeInitCallback(hspi);
 487:Drivers/STM32F1xx_HAL_Driver/Src/stm32f1xx_hal_spi.c **** #else
 488:Drivers/STM32F1xx_HAL_Driver/Src/stm32f1xx_hal_spi.c ****   /* DeInit the low level hardware: GPIO, CLOCK, NVIC... */
ARM GAS  C:\Users\airforce\AppData\Local\Temp\cca1ZS9V.s 			page 10


 489:Drivers/STM32F1xx_HAL_Driver/Src/stm32f1xx_hal_spi.c ****   HAL_SPI_MspDeInit(hspi);
 490:Drivers/STM32F1xx_HAL_Driver/Src/stm32f1xx_hal_spi.c **** #endif /* USE_HAL_SPI_REGISTER_CALLBACKS */
 491:Drivers/STM32F1xx_HAL_Driver/Src/stm32f1xx_hal_spi.c **** 
 492:Drivers/STM32F1xx_HAL_Driver/Src/stm32f1xx_hal_spi.c ****   hspi->ErrorCode = HAL_SPI_ERROR_NONE;
 493:Drivers/STM32F1xx_HAL_Driver/Src/stm32f1xx_hal_spi.c ****   hspi->State = HAL_SPI_STATE_RESET;
 494:Drivers/STM32F1xx_HAL_Driver/Src/stm32f1xx_hal_spi.c **** 
 495:Drivers/STM32F1xx_HAL_Driver/Src/stm32f1xx_hal_spi.c ****   /* Release Lock */
 496:Drivers/STM32F1xx_HAL_Driver/Src/stm32f1xx_hal_spi.c ****   __HAL_UNLOCK(hspi);
 497:Drivers/STM32F1xx_HAL_Driver/Src/stm32f1xx_hal_spi.c **** 
 498:Drivers/STM32F1xx_HAL_Driver/Src/stm32f1xx_hal_spi.c ****   return HAL_OK;
 499:Drivers/STM32F1xx_HAL_Driver/Src/stm32f1xx_hal_spi.c **** }
 500:Drivers/STM32F1xx_HAL_Driver/Src/stm32f1xx_hal_spi.c **** 
 501:Drivers/STM32F1xx_HAL_Driver/Src/stm32f1xx_hal_spi.c **** /**
 502:Drivers/STM32F1xx_HAL_Driver/Src/stm32f1xx_hal_spi.c ****   * @brief  Initialize the SPI MSP.
 503:Drivers/STM32F1xx_HAL_Driver/Src/stm32f1xx_hal_spi.c ****   * @param  hspi pointer to a SPI_HandleTypeDef structure that contains
 504:Drivers/STM32F1xx_HAL_Driver/Src/stm32f1xx_hal_spi.c ****   *               the configuration information for SPI module.
 505:Drivers/STM32F1xx_HAL_Driver/Src/stm32f1xx_hal_spi.c ****   * @retval None
 506:Drivers/STM32F1xx_HAL_Driver/Src/stm32f1xx_hal_spi.c ****   */
 507:Drivers/STM32F1xx_HAL_Driver/Src/stm32f1xx_hal_spi.c **** __weak void HAL_SPI_MspInit(SPI_HandleTypeDef *hspi)
 508:Drivers/STM32F1xx_HAL_Driver/Src/stm32f1xx_hal_spi.c **** {
 509:Drivers/STM32F1xx_HAL_Driver/Src/stm32f1xx_hal_spi.c ****   /* Prevent unused argument(s) compilation warning */
 510:Drivers/STM32F1xx_HAL_Driver/Src/stm32f1xx_hal_spi.c ****   UNUSED(hspi);
 511:Drivers/STM32F1xx_HAL_Driver/Src/stm32f1xx_hal_spi.c **** 
 512:Drivers/STM32F1xx_HAL_Driver/Src/stm32f1xx_hal_spi.c ****   /* NOTE : This function should not be modified, when the callback is needed,
 513:Drivers/STM32F1xx_HAL_Driver/Src/stm32f1xx_hal_spi.c ****             the HAL_SPI_MspInit should be implemented in the user file
 514:Drivers/STM32F1xx_HAL_Driver/Src/stm32f1xx_hal_spi.c ****    */
 515:Drivers/STM32F1xx_HAL_Driver/Src/stm32f1xx_hal_spi.c **** }
 516:Drivers/STM32F1xx_HAL_Driver/Src/stm32f1xx_hal_spi.c **** 
 517:Drivers/STM32F1xx_HAL_Driver/Src/stm32f1xx_hal_spi.c **** /**
 518:Drivers/STM32F1xx_HAL_Driver/Src/stm32f1xx_hal_spi.c ****   * @brief  De-Initialize the SPI MSP.
 519:Drivers/STM32F1xx_HAL_Driver/Src/stm32f1xx_hal_spi.c ****   * @param  hspi pointer to a SPI_HandleTypeDef structure that contains
 520:Drivers/STM32F1xx_HAL_Driver/Src/stm32f1xx_hal_spi.c ****   *               the configuration information for SPI module.
 521:Drivers/STM32F1xx_HAL_Driver/Src/stm32f1xx_hal_spi.c ****   * @retval None
 522:Drivers/STM32F1xx_HAL_Driver/Src/stm32f1xx_hal_spi.c ****   */
 523:Drivers/STM32F1xx_HAL_Driver/Src/stm32f1xx_hal_spi.c **** __weak void HAL_SPI_MspDeInit(SPI_HandleTypeDef *hspi)
 524:Drivers/STM32F1xx_HAL_Driver/Src/stm32f1xx_hal_spi.c **** {
 525:Drivers/STM32F1xx_HAL_Driver/Src/stm32f1xx_hal_spi.c ****   /* Prevent unused argument(s) compilation warning */
 526:Drivers/STM32F1xx_HAL_Driver/Src/stm32f1xx_hal_spi.c ****   UNUSED(hspi);
 527:Drivers/STM32F1xx_HAL_Driver/Src/stm32f1xx_hal_spi.c **** 
 528:Drivers/STM32F1xx_HAL_Driver/Src/stm32f1xx_hal_spi.c ****   /* NOTE : This function should not be modified, when the callback is needed,
 529:Drivers/STM32F1xx_HAL_Driver/Src/stm32f1xx_hal_spi.c ****             the HAL_SPI_MspDeInit should be implemented in the user file
 530:Drivers/STM32F1xx_HAL_Driver/Src/stm32f1xx_hal_spi.c ****    */
 531:Drivers/STM32F1xx_HAL_Driver/Src/stm32f1xx_hal_spi.c **** }
 532:Drivers/STM32F1xx_HAL_Driver/Src/stm32f1xx_hal_spi.c **** 
 533:Drivers/STM32F1xx_HAL_Driver/Src/stm32f1xx_hal_spi.c **** #if (USE_HAL_SPI_REGISTER_CALLBACKS == 1U)
 534:Drivers/STM32F1xx_HAL_Driver/Src/stm32f1xx_hal_spi.c **** /**
 535:Drivers/STM32F1xx_HAL_Driver/Src/stm32f1xx_hal_spi.c ****   * @brief  Register a User SPI Callback
 536:Drivers/STM32F1xx_HAL_Driver/Src/stm32f1xx_hal_spi.c ****   *         To be used instead of the weak predefined callback
 537:Drivers/STM32F1xx_HAL_Driver/Src/stm32f1xx_hal_spi.c ****   * @param  hspi Pointer to a SPI_HandleTypeDef structure that contains
 538:Drivers/STM32F1xx_HAL_Driver/Src/stm32f1xx_hal_spi.c ****   *                the configuration information for the specified SPI.
 539:Drivers/STM32F1xx_HAL_Driver/Src/stm32f1xx_hal_spi.c ****   * @param  CallbackID ID of the callback to be registered
 540:Drivers/STM32F1xx_HAL_Driver/Src/stm32f1xx_hal_spi.c ****   * @param  pCallback pointer to the Callback function
 541:Drivers/STM32F1xx_HAL_Driver/Src/stm32f1xx_hal_spi.c ****   * @retval HAL status
 542:Drivers/STM32F1xx_HAL_Driver/Src/stm32f1xx_hal_spi.c ****   */
 543:Drivers/STM32F1xx_HAL_Driver/Src/stm32f1xx_hal_spi.c **** HAL_StatusTypeDef HAL_SPI_RegisterCallback(SPI_HandleTypeDef *hspi, HAL_SPI_CallbackIDTypeDef Callb
 544:Drivers/STM32F1xx_HAL_Driver/Src/stm32f1xx_hal_spi.c ****                                            pSPI_CallbackTypeDef pCallback)
 545:Drivers/STM32F1xx_HAL_Driver/Src/stm32f1xx_hal_spi.c **** {
ARM GAS  C:\Users\airforce\AppData\Local\Temp\cca1ZS9V.s 			page 11


 546:Drivers/STM32F1xx_HAL_Driver/Src/stm32f1xx_hal_spi.c ****   HAL_StatusTypeDef status = HAL_OK;
 547:Drivers/STM32F1xx_HAL_Driver/Src/stm32f1xx_hal_spi.c **** 
 548:Drivers/STM32F1xx_HAL_Driver/Src/stm32f1xx_hal_spi.c ****   if (pCallback == NULL)
 549:Drivers/STM32F1xx_HAL_Driver/Src/stm32f1xx_hal_spi.c ****   {
 550:Drivers/STM32F1xx_HAL_Driver/Src/stm32f1xx_hal_spi.c ****     /* Update the error code */
 551:Drivers/STM32F1xx_HAL_Driver/Src/stm32f1xx_hal_spi.c ****     hspi->ErrorCode |= HAL_SPI_ERROR_INVALID_CALLBACK;
 552:Drivers/STM32F1xx_HAL_Driver/Src/stm32f1xx_hal_spi.c **** 
 553:Drivers/STM32F1xx_HAL_Driver/Src/stm32f1xx_hal_spi.c ****     return HAL_ERROR;
 554:Drivers/STM32F1xx_HAL_Driver/Src/stm32f1xx_hal_spi.c ****   }
 555:Drivers/STM32F1xx_HAL_Driver/Src/stm32f1xx_hal_spi.c ****   /* Process locked */
 556:Drivers/STM32F1xx_HAL_Driver/Src/stm32f1xx_hal_spi.c ****   __HAL_LOCK(hspi);
 557:Drivers/STM32F1xx_HAL_Driver/Src/stm32f1xx_hal_spi.c **** 
 558:Drivers/STM32F1xx_HAL_Driver/Src/stm32f1xx_hal_spi.c ****   if (HAL_SPI_STATE_READY == hspi->State)
 559:Drivers/STM32F1xx_HAL_Driver/Src/stm32f1xx_hal_spi.c ****   {
 560:Drivers/STM32F1xx_HAL_Driver/Src/stm32f1xx_hal_spi.c ****     switch (CallbackID)
 561:Drivers/STM32F1xx_HAL_Driver/Src/stm32f1xx_hal_spi.c ****     {
 562:Drivers/STM32F1xx_HAL_Driver/Src/stm32f1xx_hal_spi.c ****       case HAL_SPI_TX_COMPLETE_CB_ID :
 563:Drivers/STM32F1xx_HAL_Driver/Src/stm32f1xx_hal_spi.c ****         hspi->TxCpltCallback = pCallback;
 564:Drivers/STM32F1xx_HAL_Driver/Src/stm32f1xx_hal_spi.c ****         break;
 565:Drivers/STM32F1xx_HAL_Driver/Src/stm32f1xx_hal_spi.c **** 
 566:Drivers/STM32F1xx_HAL_Driver/Src/stm32f1xx_hal_spi.c ****       case HAL_SPI_RX_COMPLETE_CB_ID :
 567:Drivers/STM32F1xx_HAL_Driver/Src/stm32f1xx_hal_spi.c ****         hspi->RxCpltCallback = pCallback;
 568:Drivers/STM32F1xx_HAL_Driver/Src/stm32f1xx_hal_spi.c ****         break;
 569:Drivers/STM32F1xx_HAL_Driver/Src/stm32f1xx_hal_spi.c **** 
 570:Drivers/STM32F1xx_HAL_Driver/Src/stm32f1xx_hal_spi.c ****       case HAL_SPI_TX_RX_COMPLETE_CB_ID :
 571:Drivers/STM32F1xx_HAL_Driver/Src/stm32f1xx_hal_spi.c ****         hspi->TxRxCpltCallback = pCallback;
 572:Drivers/STM32F1xx_HAL_Driver/Src/stm32f1xx_hal_spi.c ****         break;
 573:Drivers/STM32F1xx_HAL_Driver/Src/stm32f1xx_hal_spi.c **** 
 574:Drivers/STM32F1xx_HAL_Driver/Src/stm32f1xx_hal_spi.c ****       case HAL_SPI_TX_HALF_COMPLETE_CB_ID :
 575:Drivers/STM32F1xx_HAL_Driver/Src/stm32f1xx_hal_spi.c ****         hspi->TxHalfCpltCallback = pCallback;
 576:Drivers/STM32F1xx_HAL_Driver/Src/stm32f1xx_hal_spi.c ****         break;
 577:Drivers/STM32F1xx_HAL_Driver/Src/stm32f1xx_hal_spi.c **** 
 578:Drivers/STM32F1xx_HAL_Driver/Src/stm32f1xx_hal_spi.c ****       case HAL_SPI_RX_HALF_COMPLETE_CB_ID :
 579:Drivers/STM32F1xx_HAL_Driver/Src/stm32f1xx_hal_spi.c ****         hspi->RxHalfCpltCallback = pCallback;
 580:Drivers/STM32F1xx_HAL_Driver/Src/stm32f1xx_hal_spi.c ****         break;
 581:Drivers/STM32F1xx_HAL_Driver/Src/stm32f1xx_hal_spi.c **** 
 582:Drivers/STM32F1xx_HAL_Driver/Src/stm32f1xx_hal_spi.c ****       case HAL_SPI_TX_RX_HALF_COMPLETE_CB_ID :
 583:Drivers/STM32F1xx_HAL_Driver/Src/stm32f1xx_hal_spi.c ****         hspi->TxRxHalfCpltCallback = pCallback;
 584:Drivers/STM32F1xx_HAL_Driver/Src/stm32f1xx_hal_spi.c ****         break;
 585:Drivers/STM32F1xx_HAL_Driver/Src/stm32f1xx_hal_spi.c **** 
 586:Drivers/STM32F1xx_HAL_Driver/Src/stm32f1xx_hal_spi.c ****       case HAL_SPI_ERROR_CB_ID :
 587:Drivers/STM32F1xx_HAL_Driver/Src/stm32f1xx_hal_spi.c ****         hspi->ErrorCallback = pCallback;
 588:Drivers/STM32F1xx_HAL_Driver/Src/stm32f1xx_hal_spi.c ****         break;
 589:Drivers/STM32F1xx_HAL_Driver/Src/stm32f1xx_hal_spi.c **** 
 590:Drivers/STM32F1xx_HAL_Driver/Src/stm32f1xx_hal_spi.c ****       case HAL_SPI_ABORT_CB_ID :
 591:Drivers/STM32F1xx_HAL_Driver/Src/stm32f1xx_hal_spi.c ****         hspi->AbortCpltCallback = pCallback;
 592:Drivers/STM32F1xx_HAL_Driver/Src/stm32f1xx_hal_spi.c ****         break;
 593:Drivers/STM32F1xx_HAL_Driver/Src/stm32f1xx_hal_spi.c **** 
 594:Drivers/STM32F1xx_HAL_Driver/Src/stm32f1xx_hal_spi.c ****       case HAL_SPI_MSPINIT_CB_ID :
 595:Drivers/STM32F1xx_HAL_Driver/Src/stm32f1xx_hal_spi.c ****         hspi->MspInitCallback = pCallback;
 596:Drivers/STM32F1xx_HAL_Driver/Src/stm32f1xx_hal_spi.c ****         break;
 597:Drivers/STM32F1xx_HAL_Driver/Src/stm32f1xx_hal_spi.c **** 
 598:Drivers/STM32F1xx_HAL_Driver/Src/stm32f1xx_hal_spi.c ****       case HAL_SPI_MSPDEINIT_CB_ID :
 599:Drivers/STM32F1xx_HAL_Driver/Src/stm32f1xx_hal_spi.c ****         hspi->MspDeInitCallback = pCallback;
 600:Drivers/STM32F1xx_HAL_Driver/Src/stm32f1xx_hal_spi.c ****         break;
 601:Drivers/STM32F1xx_HAL_Driver/Src/stm32f1xx_hal_spi.c **** 
 602:Drivers/STM32F1xx_HAL_Driver/Src/stm32f1xx_hal_spi.c ****       default :
ARM GAS  C:\Users\airforce\AppData\Local\Temp\cca1ZS9V.s 			page 12


 603:Drivers/STM32F1xx_HAL_Driver/Src/stm32f1xx_hal_spi.c ****         /* Update the error code */
 604:Drivers/STM32F1xx_HAL_Driver/Src/stm32f1xx_hal_spi.c ****         SET_BIT(hspi->ErrorCode, HAL_SPI_ERROR_INVALID_CALLBACK);
 605:Drivers/STM32F1xx_HAL_Driver/Src/stm32f1xx_hal_spi.c **** 
 606:Drivers/STM32F1xx_HAL_Driver/Src/stm32f1xx_hal_spi.c ****         /* Return error status */
 607:Drivers/STM32F1xx_HAL_Driver/Src/stm32f1xx_hal_spi.c ****         status =  HAL_ERROR;
 608:Drivers/STM32F1xx_HAL_Driver/Src/stm32f1xx_hal_spi.c ****         break;
 609:Drivers/STM32F1xx_HAL_Driver/Src/stm32f1xx_hal_spi.c ****     }
 610:Drivers/STM32F1xx_HAL_Driver/Src/stm32f1xx_hal_spi.c ****   }
 611:Drivers/STM32F1xx_HAL_Driver/Src/stm32f1xx_hal_spi.c ****   else if (HAL_SPI_STATE_RESET == hspi->State)
 612:Drivers/STM32F1xx_HAL_Driver/Src/stm32f1xx_hal_spi.c ****   {
 613:Drivers/STM32F1xx_HAL_Driver/Src/stm32f1xx_hal_spi.c ****     switch (CallbackID)
 614:Drivers/STM32F1xx_HAL_Driver/Src/stm32f1xx_hal_spi.c ****     {
 615:Drivers/STM32F1xx_HAL_Driver/Src/stm32f1xx_hal_spi.c ****       case HAL_SPI_MSPINIT_CB_ID :
 616:Drivers/STM32F1xx_HAL_Driver/Src/stm32f1xx_hal_spi.c ****         hspi->MspInitCallback = pCallback;
 617:Drivers/STM32F1xx_HAL_Driver/Src/stm32f1xx_hal_spi.c ****         break;
 618:Drivers/STM32F1xx_HAL_Driver/Src/stm32f1xx_hal_spi.c **** 
 619:Drivers/STM32F1xx_HAL_Driver/Src/stm32f1xx_hal_spi.c ****       case HAL_SPI_MSPDEINIT_CB_ID :
 620:Drivers/STM32F1xx_HAL_Driver/Src/stm32f1xx_hal_spi.c ****         hspi->MspDeInitCallback = pCallback;
 621:Drivers/STM32F1xx_HAL_Driver/Src/stm32f1xx_hal_spi.c ****         break;
 622:Drivers/STM32F1xx_HAL_Driver/Src/stm32f1xx_hal_spi.c **** 
 623:Drivers/STM32F1xx_HAL_Driver/Src/stm32f1xx_hal_spi.c ****       default :
 624:Drivers/STM32F1xx_HAL_Driver/Src/stm32f1xx_hal_spi.c ****         /* Update the error code */
 625:Drivers/STM32F1xx_HAL_Driver/Src/stm32f1xx_hal_spi.c ****         SET_BIT(hspi->ErrorCode, HAL_SPI_ERROR_INVALID_CALLBACK);
 626:Drivers/STM32F1xx_HAL_Driver/Src/stm32f1xx_hal_spi.c **** 
 627:Drivers/STM32F1xx_HAL_Driver/Src/stm32f1xx_hal_spi.c ****         /* Return error status */
 628:Drivers/STM32F1xx_HAL_Driver/Src/stm32f1xx_hal_spi.c ****         status =  HAL_ERROR;
 629:Drivers/STM32F1xx_HAL_Driver/Src/stm32f1xx_hal_spi.c ****         break;
 630:Drivers/STM32F1xx_HAL_Driver/Src/stm32f1xx_hal_spi.c ****     }
 631:Drivers/STM32F1xx_HAL_Driver/Src/stm32f1xx_hal_spi.c ****   }
 632:Drivers/STM32F1xx_HAL_Driver/Src/stm32f1xx_hal_spi.c ****   else
 633:Drivers/STM32F1xx_HAL_Driver/Src/stm32f1xx_hal_spi.c ****   {
 634:Drivers/STM32F1xx_HAL_Driver/Src/stm32f1xx_hal_spi.c ****     /* Update the error code */
 635:Drivers/STM32F1xx_HAL_Driver/Src/stm32f1xx_hal_spi.c ****     SET_BIT(hspi->ErrorCode, HAL_SPI_ERROR_INVALID_CALLBACK);
 636:Drivers/STM32F1xx_HAL_Driver/Src/stm32f1xx_hal_spi.c **** 
 637:Drivers/STM32F1xx_HAL_Driver/Src/stm32f1xx_hal_spi.c ****     /* Return error status */
 638:Drivers/STM32F1xx_HAL_Driver/Src/stm32f1xx_hal_spi.c ****     status =  HAL_ERROR;
 639:Drivers/STM32F1xx_HAL_Driver/Src/stm32f1xx_hal_spi.c ****   }
 640:Drivers/STM32F1xx_HAL_Driver/Src/stm32f1xx_hal_spi.c **** 
 641:Drivers/STM32F1xx_HAL_Driver/Src/stm32f1xx_hal_spi.c ****   /* Release Lock */
 642:Drivers/STM32F1xx_HAL_Driver/Src/stm32f1xx_hal_spi.c ****   __HAL_UNLOCK(hspi);
 643:Drivers/STM32F1xx_HAL_Driver/Src/stm32f1xx_hal_spi.c ****   return status;
 644:Drivers/STM32F1xx_HAL_Driver/Src/stm32f1xx_hal_spi.c **** }
 645:Drivers/STM32F1xx_HAL_Driver/Src/stm32f1xx_hal_spi.c **** 
 646:Drivers/STM32F1xx_HAL_Driver/Src/stm32f1xx_hal_spi.c **** /**
 647:Drivers/STM32F1xx_HAL_Driver/Src/stm32f1xx_hal_spi.c ****   * @brief  Unregister an SPI Callback
 648:Drivers/STM32F1xx_HAL_Driver/Src/stm32f1xx_hal_spi.c ****   *         SPI callback is redirected to the weak predefined callback
 649:Drivers/STM32F1xx_HAL_Driver/Src/stm32f1xx_hal_spi.c ****   * @param  hspi Pointer to a SPI_HandleTypeDef structure that contains
 650:Drivers/STM32F1xx_HAL_Driver/Src/stm32f1xx_hal_spi.c ****   *                the configuration information for the specified SPI.
 651:Drivers/STM32F1xx_HAL_Driver/Src/stm32f1xx_hal_spi.c ****   * @param  CallbackID ID of the callback to be unregistered
 652:Drivers/STM32F1xx_HAL_Driver/Src/stm32f1xx_hal_spi.c ****   * @retval HAL status
 653:Drivers/STM32F1xx_HAL_Driver/Src/stm32f1xx_hal_spi.c ****   */
 654:Drivers/STM32F1xx_HAL_Driver/Src/stm32f1xx_hal_spi.c **** HAL_StatusTypeDef HAL_SPI_UnRegisterCallback(SPI_HandleTypeDef *hspi, HAL_SPI_CallbackIDTypeDef Cal
 655:Drivers/STM32F1xx_HAL_Driver/Src/stm32f1xx_hal_spi.c **** {
 656:Drivers/STM32F1xx_HAL_Driver/Src/stm32f1xx_hal_spi.c ****   HAL_StatusTypeDef status = HAL_OK;
 657:Drivers/STM32F1xx_HAL_Driver/Src/stm32f1xx_hal_spi.c **** 
 658:Drivers/STM32F1xx_HAL_Driver/Src/stm32f1xx_hal_spi.c ****   /* Process locked */
 659:Drivers/STM32F1xx_HAL_Driver/Src/stm32f1xx_hal_spi.c ****   __HAL_LOCK(hspi);
ARM GAS  C:\Users\airforce\AppData\Local\Temp\cca1ZS9V.s 			page 13


 660:Drivers/STM32F1xx_HAL_Driver/Src/stm32f1xx_hal_spi.c **** 
 661:Drivers/STM32F1xx_HAL_Driver/Src/stm32f1xx_hal_spi.c ****   if (HAL_SPI_STATE_READY == hspi->State)
 662:Drivers/STM32F1xx_HAL_Driver/Src/stm32f1xx_hal_spi.c ****   {
 663:Drivers/STM32F1xx_HAL_Driver/Src/stm32f1xx_hal_spi.c ****     switch (CallbackID)
 664:Drivers/STM32F1xx_HAL_Driver/Src/stm32f1xx_hal_spi.c ****     {
 665:Drivers/STM32F1xx_HAL_Driver/Src/stm32f1xx_hal_spi.c ****       case HAL_SPI_TX_COMPLETE_CB_ID :
 666:Drivers/STM32F1xx_HAL_Driver/Src/stm32f1xx_hal_spi.c ****         hspi->TxCpltCallback = HAL_SPI_TxCpltCallback;             /* Legacy weak TxCpltCallback   
 667:Drivers/STM32F1xx_HAL_Driver/Src/stm32f1xx_hal_spi.c ****         break;
 668:Drivers/STM32F1xx_HAL_Driver/Src/stm32f1xx_hal_spi.c **** 
 669:Drivers/STM32F1xx_HAL_Driver/Src/stm32f1xx_hal_spi.c ****       case HAL_SPI_RX_COMPLETE_CB_ID :
 670:Drivers/STM32F1xx_HAL_Driver/Src/stm32f1xx_hal_spi.c ****         hspi->RxCpltCallback = HAL_SPI_RxCpltCallback;             /* Legacy weak RxCpltCallback   
 671:Drivers/STM32F1xx_HAL_Driver/Src/stm32f1xx_hal_spi.c ****         break;
 672:Drivers/STM32F1xx_HAL_Driver/Src/stm32f1xx_hal_spi.c **** 
 673:Drivers/STM32F1xx_HAL_Driver/Src/stm32f1xx_hal_spi.c ****       case HAL_SPI_TX_RX_COMPLETE_CB_ID :
 674:Drivers/STM32F1xx_HAL_Driver/Src/stm32f1xx_hal_spi.c ****         hspi->TxRxCpltCallback = HAL_SPI_TxRxCpltCallback;         /* Legacy weak TxRxCpltCallback 
 675:Drivers/STM32F1xx_HAL_Driver/Src/stm32f1xx_hal_spi.c ****         break;
 676:Drivers/STM32F1xx_HAL_Driver/Src/stm32f1xx_hal_spi.c **** 
 677:Drivers/STM32F1xx_HAL_Driver/Src/stm32f1xx_hal_spi.c ****       case HAL_SPI_TX_HALF_COMPLETE_CB_ID :
 678:Drivers/STM32F1xx_HAL_Driver/Src/stm32f1xx_hal_spi.c ****         hspi->TxHalfCpltCallback = HAL_SPI_TxHalfCpltCallback;     /* Legacy weak TxHalfCpltCallbac
 679:Drivers/STM32F1xx_HAL_Driver/Src/stm32f1xx_hal_spi.c ****         break;
 680:Drivers/STM32F1xx_HAL_Driver/Src/stm32f1xx_hal_spi.c **** 
 681:Drivers/STM32F1xx_HAL_Driver/Src/stm32f1xx_hal_spi.c ****       case HAL_SPI_RX_HALF_COMPLETE_CB_ID :
 682:Drivers/STM32F1xx_HAL_Driver/Src/stm32f1xx_hal_spi.c ****         hspi->RxHalfCpltCallback = HAL_SPI_RxHalfCpltCallback;     /* Legacy weak RxHalfCpltCallbac
 683:Drivers/STM32F1xx_HAL_Driver/Src/stm32f1xx_hal_spi.c ****         break;
 684:Drivers/STM32F1xx_HAL_Driver/Src/stm32f1xx_hal_spi.c **** 
 685:Drivers/STM32F1xx_HAL_Driver/Src/stm32f1xx_hal_spi.c ****       case HAL_SPI_TX_RX_HALF_COMPLETE_CB_ID :
 686:Drivers/STM32F1xx_HAL_Driver/Src/stm32f1xx_hal_spi.c ****         hspi->TxRxHalfCpltCallback = HAL_SPI_TxRxHalfCpltCallback; /* Legacy weak TxRxHalfCpltCallb
 687:Drivers/STM32F1xx_HAL_Driver/Src/stm32f1xx_hal_spi.c ****         break;
 688:Drivers/STM32F1xx_HAL_Driver/Src/stm32f1xx_hal_spi.c **** 
 689:Drivers/STM32F1xx_HAL_Driver/Src/stm32f1xx_hal_spi.c ****       case HAL_SPI_ERROR_CB_ID :
 690:Drivers/STM32F1xx_HAL_Driver/Src/stm32f1xx_hal_spi.c ****         hspi->ErrorCallback = HAL_SPI_ErrorCallback;               /* Legacy weak ErrorCallback    
 691:Drivers/STM32F1xx_HAL_Driver/Src/stm32f1xx_hal_spi.c ****         break;
 692:Drivers/STM32F1xx_HAL_Driver/Src/stm32f1xx_hal_spi.c **** 
 693:Drivers/STM32F1xx_HAL_Driver/Src/stm32f1xx_hal_spi.c ****       case HAL_SPI_ABORT_CB_ID :
 694:Drivers/STM32F1xx_HAL_Driver/Src/stm32f1xx_hal_spi.c ****         hspi->AbortCpltCallback = HAL_SPI_AbortCpltCallback;       /* Legacy weak AbortCpltCallback
 695:Drivers/STM32F1xx_HAL_Driver/Src/stm32f1xx_hal_spi.c ****         break;
 696:Drivers/STM32F1xx_HAL_Driver/Src/stm32f1xx_hal_spi.c **** 
 697:Drivers/STM32F1xx_HAL_Driver/Src/stm32f1xx_hal_spi.c ****       case HAL_SPI_MSPINIT_CB_ID :
 698:Drivers/STM32F1xx_HAL_Driver/Src/stm32f1xx_hal_spi.c ****         hspi->MspInitCallback = HAL_SPI_MspInit;                   /* Legacy weak MspInit          
 699:Drivers/STM32F1xx_HAL_Driver/Src/stm32f1xx_hal_spi.c ****         break;
 700:Drivers/STM32F1xx_HAL_Driver/Src/stm32f1xx_hal_spi.c **** 
 701:Drivers/STM32F1xx_HAL_Driver/Src/stm32f1xx_hal_spi.c ****       case HAL_SPI_MSPDEINIT_CB_ID :
 702:Drivers/STM32F1xx_HAL_Driver/Src/stm32f1xx_hal_spi.c ****         hspi->MspDeInitCallback = HAL_SPI_MspDeInit;               /* Legacy weak MspDeInit        
 703:Drivers/STM32F1xx_HAL_Driver/Src/stm32f1xx_hal_spi.c ****         break;
 704:Drivers/STM32F1xx_HAL_Driver/Src/stm32f1xx_hal_spi.c **** 
 705:Drivers/STM32F1xx_HAL_Driver/Src/stm32f1xx_hal_spi.c ****       default :
 706:Drivers/STM32F1xx_HAL_Driver/Src/stm32f1xx_hal_spi.c ****         /* Update the error code */
 707:Drivers/STM32F1xx_HAL_Driver/Src/stm32f1xx_hal_spi.c ****         SET_BIT(hspi->ErrorCode, HAL_SPI_ERROR_INVALID_CALLBACK);
 708:Drivers/STM32F1xx_HAL_Driver/Src/stm32f1xx_hal_spi.c **** 
 709:Drivers/STM32F1xx_HAL_Driver/Src/stm32f1xx_hal_spi.c ****         /* Return error status */
 710:Drivers/STM32F1xx_HAL_Driver/Src/stm32f1xx_hal_spi.c ****         status =  HAL_ERROR;
 711:Drivers/STM32F1xx_HAL_Driver/Src/stm32f1xx_hal_spi.c ****         break;
 712:Drivers/STM32F1xx_HAL_Driver/Src/stm32f1xx_hal_spi.c ****     }
 713:Drivers/STM32F1xx_HAL_Driver/Src/stm32f1xx_hal_spi.c ****   }
 714:Drivers/STM32F1xx_HAL_Driver/Src/stm32f1xx_hal_spi.c ****   else if (HAL_SPI_STATE_RESET == hspi->State)
 715:Drivers/STM32F1xx_HAL_Driver/Src/stm32f1xx_hal_spi.c ****   {
 716:Drivers/STM32F1xx_HAL_Driver/Src/stm32f1xx_hal_spi.c ****     switch (CallbackID)
ARM GAS  C:\Users\airforce\AppData\Local\Temp\cca1ZS9V.s 			page 14


 717:Drivers/STM32F1xx_HAL_Driver/Src/stm32f1xx_hal_spi.c ****     {
 718:Drivers/STM32F1xx_HAL_Driver/Src/stm32f1xx_hal_spi.c ****       case HAL_SPI_MSPINIT_CB_ID :
 719:Drivers/STM32F1xx_HAL_Driver/Src/stm32f1xx_hal_spi.c ****         hspi->MspInitCallback = HAL_SPI_MspInit;                   /* Legacy weak MspInit          
 720:Drivers/STM32F1xx_HAL_Driver/Src/stm32f1xx_hal_spi.c ****         break;
 721:Drivers/STM32F1xx_HAL_Driver/Src/stm32f1xx_hal_spi.c **** 
 722:Drivers/STM32F1xx_HAL_Driver/Src/stm32f1xx_hal_spi.c ****       case HAL_SPI_MSPDEINIT_CB_ID :
 723:Drivers/STM32F1xx_HAL_Driver/Src/stm32f1xx_hal_spi.c ****         hspi->MspDeInitCallback = HAL_SPI_MspDeInit;               /* Legacy weak MspDeInit        
 724:Drivers/STM32F1xx_HAL_Driver/Src/stm32f1xx_hal_spi.c ****         break;
 725:Drivers/STM32F1xx_HAL_Driver/Src/stm32f1xx_hal_spi.c **** 
 726:Drivers/STM32F1xx_HAL_Driver/Src/stm32f1xx_hal_spi.c ****       default :
 727:Drivers/STM32F1xx_HAL_Driver/Src/stm32f1xx_hal_spi.c ****         /* Update the error code */
 728:Drivers/STM32F1xx_HAL_Driver/Src/stm32f1xx_hal_spi.c ****         SET_BIT(hspi->ErrorCode, HAL_SPI_ERROR_INVALID_CALLBACK);
 729:Drivers/STM32F1xx_HAL_Driver/Src/stm32f1xx_hal_spi.c **** 
 730:Drivers/STM32F1xx_HAL_Driver/Src/stm32f1xx_hal_spi.c ****         /* Return error status */
 731:Drivers/STM32F1xx_HAL_Driver/Src/stm32f1xx_hal_spi.c ****         status =  HAL_ERROR;
 732:Drivers/STM32F1xx_HAL_Driver/Src/stm32f1xx_hal_spi.c ****         break;
 733:Drivers/STM32F1xx_HAL_Driver/Src/stm32f1xx_hal_spi.c ****     }
 734:Drivers/STM32F1xx_HAL_Driver/Src/stm32f1xx_hal_spi.c ****   }
 735:Drivers/STM32F1xx_HAL_Driver/Src/stm32f1xx_hal_spi.c ****   else
 736:Drivers/STM32F1xx_HAL_Driver/Src/stm32f1xx_hal_spi.c ****   {
 737:Drivers/STM32F1xx_HAL_Driver/Src/stm32f1xx_hal_spi.c ****     /* Update the error code */
 738:Drivers/STM32F1xx_HAL_Driver/Src/stm32f1xx_hal_spi.c ****     SET_BIT(hspi->ErrorCode, HAL_SPI_ERROR_INVALID_CALLBACK);
 739:Drivers/STM32F1xx_HAL_Driver/Src/stm32f1xx_hal_spi.c **** 
 740:Drivers/STM32F1xx_HAL_Driver/Src/stm32f1xx_hal_spi.c ****     /* Return error status */
 741:Drivers/STM32F1xx_HAL_Driver/Src/stm32f1xx_hal_spi.c ****     status =  HAL_ERROR;
 742:Drivers/STM32F1xx_HAL_Driver/Src/stm32f1xx_hal_spi.c ****   }
 743:Drivers/STM32F1xx_HAL_Driver/Src/stm32f1xx_hal_spi.c **** 
 744:Drivers/STM32F1xx_HAL_Driver/Src/stm32f1xx_hal_spi.c ****   /* Release Lock */
 745:Drivers/STM32F1xx_HAL_Driver/Src/stm32f1xx_hal_spi.c ****   __HAL_UNLOCK(hspi);
 746:Drivers/STM32F1xx_HAL_Driver/Src/stm32f1xx_hal_spi.c ****   return status;
 747:Drivers/STM32F1xx_HAL_Driver/Src/stm32f1xx_hal_spi.c **** }
 748:Drivers/STM32F1xx_HAL_Driver/Src/stm32f1xx_hal_spi.c **** #endif /* USE_HAL_SPI_REGISTER_CALLBACKS */
 749:Drivers/STM32F1xx_HAL_Driver/Src/stm32f1xx_hal_spi.c **** /**
 750:Drivers/STM32F1xx_HAL_Driver/Src/stm32f1xx_hal_spi.c ****   * @}
 751:Drivers/STM32F1xx_HAL_Driver/Src/stm32f1xx_hal_spi.c ****   */
 752:Drivers/STM32F1xx_HAL_Driver/Src/stm32f1xx_hal_spi.c **** 
 753:Drivers/STM32F1xx_HAL_Driver/Src/stm32f1xx_hal_spi.c **** /** @defgroup SPI_Exported_Functions_Group2 IO operation functions
 754:Drivers/STM32F1xx_HAL_Driver/Src/stm32f1xx_hal_spi.c ****   *  @brief   Data transfers functions
 755:Drivers/STM32F1xx_HAL_Driver/Src/stm32f1xx_hal_spi.c ****   *
 756:Drivers/STM32F1xx_HAL_Driver/Src/stm32f1xx_hal_spi.c **** @verbatim
 757:Drivers/STM32F1xx_HAL_Driver/Src/stm32f1xx_hal_spi.c ****   ==============================================================================
 758:Drivers/STM32F1xx_HAL_Driver/Src/stm32f1xx_hal_spi.c ****                       ##### IO operation functions #####
 759:Drivers/STM32F1xx_HAL_Driver/Src/stm32f1xx_hal_spi.c ****  ===============================================================================
 760:Drivers/STM32F1xx_HAL_Driver/Src/stm32f1xx_hal_spi.c ****  [..]
 761:Drivers/STM32F1xx_HAL_Driver/Src/stm32f1xx_hal_spi.c ****     This subsection provides a set of functions allowing to manage the SPI
 762:Drivers/STM32F1xx_HAL_Driver/Src/stm32f1xx_hal_spi.c ****     data transfers.
 763:Drivers/STM32F1xx_HAL_Driver/Src/stm32f1xx_hal_spi.c **** 
 764:Drivers/STM32F1xx_HAL_Driver/Src/stm32f1xx_hal_spi.c ****     [..] The SPI supports master and slave mode :
 765:Drivers/STM32F1xx_HAL_Driver/Src/stm32f1xx_hal_spi.c **** 
 766:Drivers/STM32F1xx_HAL_Driver/Src/stm32f1xx_hal_spi.c ****     (#) There are two modes of transfer:
 767:Drivers/STM32F1xx_HAL_Driver/Src/stm32f1xx_hal_spi.c ****        (++) Blocking mode: The communication is performed in polling mode.
 768:Drivers/STM32F1xx_HAL_Driver/Src/stm32f1xx_hal_spi.c ****             The HAL status of all data processing is returned by the same function
 769:Drivers/STM32F1xx_HAL_Driver/Src/stm32f1xx_hal_spi.c ****             after finishing transfer.
 770:Drivers/STM32F1xx_HAL_Driver/Src/stm32f1xx_hal_spi.c ****        (++) No-Blocking mode: The communication is performed using Interrupts
 771:Drivers/STM32F1xx_HAL_Driver/Src/stm32f1xx_hal_spi.c ****             or DMA, These APIs return the HAL status.
 772:Drivers/STM32F1xx_HAL_Driver/Src/stm32f1xx_hal_spi.c ****             The end of the data processing will be indicated through the
 773:Drivers/STM32F1xx_HAL_Driver/Src/stm32f1xx_hal_spi.c ****             dedicated SPI IRQ when using Interrupt mode or the DMA IRQ when
ARM GAS  C:\Users\airforce\AppData\Local\Temp\cca1ZS9V.s 			page 15


 774:Drivers/STM32F1xx_HAL_Driver/Src/stm32f1xx_hal_spi.c ****             using DMA mode.
 775:Drivers/STM32F1xx_HAL_Driver/Src/stm32f1xx_hal_spi.c ****             The HAL_SPI_TxCpltCallback(), HAL_SPI_RxCpltCallback() and HAL_SPI_TxRxCpltCallback() u
 776:Drivers/STM32F1xx_HAL_Driver/Src/stm32f1xx_hal_spi.c ****             will be executed respectively at the end of the transmit or Receive process
 777:Drivers/STM32F1xx_HAL_Driver/Src/stm32f1xx_hal_spi.c ****             The HAL_SPI_ErrorCallback()user callback will be executed when a communication error is
 778:Drivers/STM32F1xx_HAL_Driver/Src/stm32f1xx_hal_spi.c **** 
 779:Drivers/STM32F1xx_HAL_Driver/Src/stm32f1xx_hal_spi.c ****     (#) APIs provided for these 2 transfer modes (Blocking mode or Non blocking mode using either I
 780:Drivers/STM32F1xx_HAL_Driver/Src/stm32f1xx_hal_spi.c ****         exist for 1Line (simplex) and 2Lines (full duplex) modes.
 781:Drivers/STM32F1xx_HAL_Driver/Src/stm32f1xx_hal_spi.c **** 
 782:Drivers/STM32F1xx_HAL_Driver/Src/stm32f1xx_hal_spi.c **** @endverbatim
 783:Drivers/STM32F1xx_HAL_Driver/Src/stm32f1xx_hal_spi.c ****   * @{
 784:Drivers/STM32F1xx_HAL_Driver/Src/stm32f1xx_hal_spi.c ****   */
 785:Drivers/STM32F1xx_HAL_Driver/Src/stm32f1xx_hal_spi.c **** 
 786:Drivers/STM32F1xx_HAL_Driver/Src/stm32f1xx_hal_spi.c **** /**
 787:Drivers/STM32F1xx_HAL_Driver/Src/stm32f1xx_hal_spi.c ****   * @brief  Transmit an amount of data in blocking mode.
 788:Drivers/STM32F1xx_HAL_Driver/Src/stm32f1xx_hal_spi.c ****   * @param  hspi pointer to a SPI_HandleTypeDef structure that contains
 789:Drivers/STM32F1xx_HAL_Driver/Src/stm32f1xx_hal_spi.c ****   *               the configuration information for SPI module.
 790:Drivers/STM32F1xx_HAL_Driver/Src/stm32f1xx_hal_spi.c ****   * @param  pData pointer to data buffer
 791:Drivers/STM32F1xx_HAL_Driver/Src/stm32f1xx_hal_spi.c ****   * @param  Size amount of data to be sent
 792:Drivers/STM32F1xx_HAL_Driver/Src/stm32f1xx_hal_spi.c ****   * @param  Timeout Timeout duration
 793:Drivers/STM32F1xx_HAL_Driver/Src/stm32f1xx_hal_spi.c ****   * @retval HAL status
 794:Drivers/STM32F1xx_HAL_Driver/Src/stm32f1xx_hal_spi.c ****   */
 795:Drivers/STM32F1xx_HAL_Driver/Src/stm32f1xx_hal_spi.c **** HAL_StatusTypeDef HAL_SPI_Transmit(SPI_HandleTypeDef *hspi, const uint8_t *pData, uint16_t Size, ui
 796:Drivers/STM32F1xx_HAL_Driver/Src/stm32f1xx_hal_spi.c **** {
 797:Drivers/STM32F1xx_HAL_Driver/Src/stm32f1xx_hal_spi.c ****   uint32_t tickstart;
 798:Drivers/STM32F1xx_HAL_Driver/Src/stm32f1xx_hal_spi.c ****   uint16_t initial_TxXferCount;
 799:Drivers/STM32F1xx_HAL_Driver/Src/stm32f1xx_hal_spi.c **** 
 800:Drivers/STM32F1xx_HAL_Driver/Src/stm32f1xx_hal_spi.c ****   /* Check Direction parameter */
 801:Drivers/STM32F1xx_HAL_Driver/Src/stm32f1xx_hal_spi.c ****   assert_param(IS_SPI_DIRECTION_2LINES_OR_1LINE(hspi->Init.Direction));
 802:Drivers/STM32F1xx_HAL_Driver/Src/stm32f1xx_hal_spi.c **** 
 803:Drivers/STM32F1xx_HAL_Driver/Src/stm32f1xx_hal_spi.c ****   /* Init tickstart for timeout management*/
 804:Drivers/STM32F1xx_HAL_Driver/Src/stm32f1xx_hal_spi.c ****   tickstart = HAL_GetTick();
 805:Drivers/STM32F1xx_HAL_Driver/Src/stm32f1xx_hal_spi.c ****   initial_TxXferCount = Size;
 806:Drivers/STM32F1xx_HAL_Driver/Src/stm32f1xx_hal_spi.c **** 
 807:Drivers/STM32F1xx_HAL_Driver/Src/stm32f1xx_hal_spi.c ****   if (hspi->State != HAL_SPI_STATE_READY)
 808:Drivers/STM32F1xx_HAL_Driver/Src/stm32f1xx_hal_spi.c ****   {
 809:Drivers/STM32F1xx_HAL_Driver/Src/stm32f1xx_hal_spi.c ****     return HAL_BUSY;
 810:Drivers/STM32F1xx_HAL_Driver/Src/stm32f1xx_hal_spi.c ****   }
 811:Drivers/STM32F1xx_HAL_Driver/Src/stm32f1xx_hal_spi.c **** 
 812:Drivers/STM32F1xx_HAL_Driver/Src/stm32f1xx_hal_spi.c ****   if ((pData == NULL) || (Size == 0U))
 813:Drivers/STM32F1xx_HAL_Driver/Src/stm32f1xx_hal_spi.c ****   {
 814:Drivers/STM32F1xx_HAL_Driver/Src/stm32f1xx_hal_spi.c ****     return HAL_ERROR;
 815:Drivers/STM32F1xx_HAL_Driver/Src/stm32f1xx_hal_spi.c ****   }
 816:Drivers/STM32F1xx_HAL_Driver/Src/stm32f1xx_hal_spi.c **** 
 817:Drivers/STM32F1xx_HAL_Driver/Src/stm32f1xx_hal_spi.c ****   /* Process Locked */
 818:Drivers/STM32F1xx_HAL_Driver/Src/stm32f1xx_hal_spi.c ****   __HAL_LOCK(hspi);
 819:Drivers/STM32F1xx_HAL_Driver/Src/stm32f1xx_hal_spi.c **** 
 820:Drivers/STM32F1xx_HAL_Driver/Src/stm32f1xx_hal_spi.c ****   /* Set the transaction information */
 821:Drivers/STM32F1xx_HAL_Driver/Src/stm32f1xx_hal_spi.c ****   hspi->State       = HAL_SPI_STATE_BUSY_TX;
 822:Drivers/STM32F1xx_HAL_Driver/Src/stm32f1xx_hal_spi.c ****   hspi->ErrorCode   = HAL_SPI_ERROR_NONE;
 823:Drivers/STM32F1xx_HAL_Driver/Src/stm32f1xx_hal_spi.c ****   hspi->pTxBuffPtr  = (const uint8_t *)pData;
 824:Drivers/STM32F1xx_HAL_Driver/Src/stm32f1xx_hal_spi.c ****   hspi->TxXferSize  = Size;
 825:Drivers/STM32F1xx_HAL_Driver/Src/stm32f1xx_hal_spi.c ****   hspi->TxXferCount = Size;
 826:Drivers/STM32F1xx_HAL_Driver/Src/stm32f1xx_hal_spi.c **** 
 827:Drivers/STM32F1xx_HAL_Driver/Src/stm32f1xx_hal_spi.c ****   /*Init field not used in handle to zero */
 828:Drivers/STM32F1xx_HAL_Driver/Src/stm32f1xx_hal_spi.c ****   hspi->pRxBuffPtr  = (uint8_t *)NULL;
 829:Drivers/STM32F1xx_HAL_Driver/Src/stm32f1xx_hal_spi.c ****   hspi->RxXferSize  = 0U;
 830:Drivers/STM32F1xx_HAL_Driver/Src/stm32f1xx_hal_spi.c ****   hspi->RxXferCount = 0U;
ARM GAS  C:\Users\airforce\AppData\Local\Temp\cca1ZS9V.s 			page 16


 831:Drivers/STM32F1xx_HAL_Driver/Src/stm32f1xx_hal_spi.c ****   hspi->TxISR       = NULL;
 832:Drivers/STM32F1xx_HAL_Driver/Src/stm32f1xx_hal_spi.c ****   hspi->RxISR       = NULL;
 833:Drivers/STM32F1xx_HAL_Driver/Src/stm32f1xx_hal_spi.c **** 
 834:Drivers/STM32F1xx_HAL_Driver/Src/stm32f1xx_hal_spi.c ****   /* Configure communication direction : 1Line */
 835:Drivers/STM32F1xx_HAL_Driver/Src/stm32f1xx_hal_spi.c ****   if (hspi->Init.Direction == SPI_DIRECTION_1LINE)
 836:Drivers/STM32F1xx_HAL_Driver/Src/stm32f1xx_hal_spi.c ****   {
 837:Drivers/STM32F1xx_HAL_Driver/Src/stm32f1xx_hal_spi.c ****     /* Disable SPI Peripheral before set 1Line direction (BIDIOE bit) */
 838:Drivers/STM32F1xx_HAL_Driver/Src/stm32f1xx_hal_spi.c ****     __HAL_SPI_DISABLE(hspi);
 839:Drivers/STM32F1xx_HAL_Driver/Src/stm32f1xx_hal_spi.c ****     SPI_1LINE_TX(hspi);
 840:Drivers/STM32F1xx_HAL_Driver/Src/stm32f1xx_hal_spi.c ****   }
 841:Drivers/STM32F1xx_HAL_Driver/Src/stm32f1xx_hal_spi.c **** 
 842:Drivers/STM32F1xx_HAL_Driver/Src/stm32f1xx_hal_spi.c **** #if (USE_SPI_CRC != 0U)
 843:Drivers/STM32F1xx_HAL_Driver/Src/stm32f1xx_hal_spi.c ****   /* Reset CRC Calculation */
 844:Drivers/STM32F1xx_HAL_Driver/Src/stm32f1xx_hal_spi.c ****   if (hspi->Init.CRCCalculation == SPI_CRCCALCULATION_ENABLE)
 845:Drivers/STM32F1xx_HAL_Driver/Src/stm32f1xx_hal_spi.c ****   {
 846:Drivers/STM32F1xx_HAL_Driver/Src/stm32f1xx_hal_spi.c ****     SPI_RESET_CRC(hspi);
 847:Drivers/STM32F1xx_HAL_Driver/Src/stm32f1xx_hal_spi.c ****   }
 848:Drivers/STM32F1xx_HAL_Driver/Src/stm32f1xx_hal_spi.c **** #endif /* USE_SPI_CRC */
 849:Drivers/STM32F1xx_HAL_Driver/Src/stm32f1xx_hal_spi.c **** 
 850:Drivers/STM32F1xx_HAL_Driver/Src/stm32f1xx_hal_spi.c ****   /* Check if the SPI is already enabled */
 851:Drivers/STM32F1xx_HAL_Driver/Src/stm32f1xx_hal_spi.c ****   if ((hspi->Instance->CR1 & SPI_CR1_SPE) != SPI_CR1_SPE)
 852:Drivers/STM32F1xx_HAL_Driver/Src/stm32f1xx_hal_spi.c ****   {
 853:Drivers/STM32F1xx_HAL_Driver/Src/stm32f1xx_hal_spi.c ****     /* Enable SPI peripheral */
 854:Drivers/STM32F1xx_HAL_Driver/Src/stm32f1xx_hal_spi.c ****     __HAL_SPI_ENABLE(hspi);
 855:Drivers/STM32F1xx_HAL_Driver/Src/stm32f1xx_hal_spi.c ****   }
 856:Drivers/STM32F1xx_HAL_Driver/Src/stm32f1xx_hal_spi.c **** 
 857:Drivers/STM32F1xx_HAL_Driver/Src/stm32f1xx_hal_spi.c ****   /* Transmit data in 16 Bit mode */
 858:Drivers/STM32F1xx_HAL_Driver/Src/stm32f1xx_hal_spi.c ****   if (hspi->Init.DataSize == SPI_DATASIZE_16BIT)
 859:Drivers/STM32F1xx_HAL_Driver/Src/stm32f1xx_hal_spi.c ****   {
 860:Drivers/STM32F1xx_HAL_Driver/Src/stm32f1xx_hal_spi.c ****     if ((hspi->Init.Mode == SPI_MODE_SLAVE) || (initial_TxXferCount == 0x01U))
 861:Drivers/STM32F1xx_HAL_Driver/Src/stm32f1xx_hal_spi.c ****     {
 862:Drivers/STM32F1xx_HAL_Driver/Src/stm32f1xx_hal_spi.c ****       hspi->Instance->DR = *((const uint16_t *)hspi->pTxBuffPtr);
 863:Drivers/STM32F1xx_HAL_Driver/Src/stm32f1xx_hal_spi.c ****       hspi->pTxBuffPtr += sizeof(uint16_t);
 864:Drivers/STM32F1xx_HAL_Driver/Src/stm32f1xx_hal_spi.c ****       hspi->TxXferCount--;
 865:Drivers/STM32F1xx_HAL_Driver/Src/stm32f1xx_hal_spi.c ****     }
 866:Drivers/STM32F1xx_HAL_Driver/Src/stm32f1xx_hal_spi.c ****     /* Transmit data in 16 Bit mode */
 867:Drivers/STM32F1xx_HAL_Driver/Src/stm32f1xx_hal_spi.c ****     while (hspi->TxXferCount > 0U)
 868:Drivers/STM32F1xx_HAL_Driver/Src/stm32f1xx_hal_spi.c ****     {
 869:Drivers/STM32F1xx_HAL_Driver/Src/stm32f1xx_hal_spi.c ****       /* Wait until TXE flag is set to send data */
 870:Drivers/STM32F1xx_HAL_Driver/Src/stm32f1xx_hal_spi.c ****       if (__HAL_SPI_GET_FLAG(hspi, SPI_FLAG_TXE))
 871:Drivers/STM32F1xx_HAL_Driver/Src/stm32f1xx_hal_spi.c ****       {
 872:Drivers/STM32F1xx_HAL_Driver/Src/stm32f1xx_hal_spi.c ****         hspi->Instance->DR = *((const uint16_t *)hspi->pTxBuffPtr);
 873:Drivers/STM32F1xx_HAL_Driver/Src/stm32f1xx_hal_spi.c ****         hspi->pTxBuffPtr += sizeof(uint16_t);
 874:Drivers/STM32F1xx_HAL_Driver/Src/stm32f1xx_hal_spi.c ****         hspi->TxXferCount--;
 875:Drivers/STM32F1xx_HAL_Driver/Src/stm32f1xx_hal_spi.c ****       }
 876:Drivers/STM32F1xx_HAL_Driver/Src/stm32f1xx_hal_spi.c ****       else
 877:Drivers/STM32F1xx_HAL_Driver/Src/stm32f1xx_hal_spi.c ****       {
 878:Drivers/STM32F1xx_HAL_Driver/Src/stm32f1xx_hal_spi.c ****         /* Timeout management */
 879:Drivers/STM32F1xx_HAL_Driver/Src/stm32f1xx_hal_spi.c ****         if ((((HAL_GetTick() - tickstart) >=  Timeout) && (Timeout != HAL_MAX_DELAY)) || (Timeout =
 880:Drivers/STM32F1xx_HAL_Driver/Src/stm32f1xx_hal_spi.c ****         {
 881:Drivers/STM32F1xx_HAL_Driver/Src/stm32f1xx_hal_spi.c ****           hspi->State = HAL_SPI_STATE_READY;
 882:Drivers/STM32F1xx_HAL_Driver/Src/stm32f1xx_hal_spi.c ****           __HAL_UNLOCK(hspi);
 883:Drivers/STM32F1xx_HAL_Driver/Src/stm32f1xx_hal_spi.c ****           return HAL_TIMEOUT;
 884:Drivers/STM32F1xx_HAL_Driver/Src/stm32f1xx_hal_spi.c ****         }
 885:Drivers/STM32F1xx_HAL_Driver/Src/stm32f1xx_hal_spi.c ****       }
 886:Drivers/STM32F1xx_HAL_Driver/Src/stm32f1xx_hal_spi.c ****     }
 887:Drivers/STM32F1xx_HAL_Driver/Src/stm32f1xx_hal_spi.c ****   }
ARM GAS  C:\Users\airforce\AppData\Local\Temp\cca1ZS9V.s 			page 17


 888:Drivers/STM32F1xx_HAL_Driver/Src/stm32f1xx_hal_spi.c ****   /* Transmit data in 8 Bit mode */
 889:Drivers/STM32F1xx_HAL_Driver/Src/stm32f1xx_hal_spi.c ****   else
 890:Drivers/STM32F1xx_HAL_Driver/Src/stm32f1xx_hal_spi.c ****   {
 891:Drivers/STM32F1xx_HAL_Driver/Src/stm32f1xx_hal_spi.c ****     if ((hspi->Init.Mode == SPI_MODE_SLAVE) || (initial_TxXferCount == 0x01U))
 892:Drivers/STM32F1xx_HAL_Driver/Src/stm32f1xx_hal_spi.c ****     {
 893:Drivers/STM32F1xx_HAL_Driver/Src/stm32f1xx_hal_spi.c ****       *((__IO uint8_t *)&hspi->Instance->DR) = *((const uint8_t *)hspi->pTxBuffPtr);
 894:Drivers/STM32F1xx_HAL_Driver/Src/stm32f1xx_hal_spi.c ****       hspi->pTxBuffPtr += sizeof(uint8_t);
 895:Drivers/STM32F1xx_HAL_Driver/Src/stm32f1xx_hal_spi.c ****       hspi->TxXferCount--;
 896:Drivers/STM32F1xx_HAL_Driver/Src/stm32f1xx_hal_spi.c ****     }
 897:Drivers/STM32F1xx_HAL_Driver/Src/stm32f1xx_hal_spi.c ****     while (hspi->TxXferCount > 0U)
 898:Drivers/STM32F1xx_HAL_Driver/Src/stm32f1xx_hal_spi.c ****     {
 899:Drivers/STM32F1xx_HAL_Driver/Src/stm32f1xx_hal_spi.c ****       /* Wait until TXE flag is set to send data */
 900:Drivers/STM32F1xx_HAL_Driver/Src/stm32f1xx_hal_spi.c ****       if (__HAL_SPI_GET_FLAG(hspi, SPI_FLAG_TXE))
 901:Drivers/STM32F1xx_HAL_Driver/Src/stm32f1xx_hal_spi.c ****       {
 902:Drivers/STM32F1xx_HAL_Driver/Src/stm32f1xx_hal_spi.c ****         *((__IO uint8_t *)&hspi->Instance->DR) = *((const uint8_t *)hspi->pTxBuffPtr);
 903:Drivers/STM32F1xx_HAL_Driver/Src/stm32f1xx_hal_spi.c ****         hspi->pTxBuffPtr += sizeof(uint8_t);
 904:Drivers/STM32F1xx_HAL_Driver/Src/stm32f1xx_hal_spi.c ****         hspi->TxXferCount--;
 905:Drivers/STM32F1xx_HAL_Driver/Src/stm32f1xx_hal_spi.c ****       }
 906:Drivers/STM32F1xx_HAL_Driver/Src/stm32f1xx_hal_spi.c ****       else
 907:Drivers/STM32F1xx_HAL_Driver/Src/stm32f1xx_hal_spi.c ****       {
 908:Drivers/STM32F1xx_HAL_Driver/Src/stm32f1xx_hal_spi.c ****         /* Timeout management */
 909:Drivers/STM32F1xx_HAL_Driver/Src/stm32f1xx_hal_spi.c ****         if ((((HAL_GetTick() - tickstart) >=  Timeout) && (Timeout != HAL_MAX_DELAY)) || (Timeout =
 910:Drivers/STM32F1xx_HAL_Driver/Src/stm32f1xx_hal_spi.c ****         {
 911:Drivers/STM32F1xx_HAL_Driver/Src/stm32f1xx_hal_spi.c ****           hspi->State = HAL_SPI_STATE_READY;
 912:Drivers/STM32F1xx_HAL_Driver/Src/stm32f1xx_hal_spi.c ****           __HAL_UNLOCK(hspi);
 913:Drivers/STM32F1xx_HAL_Driver/Src/stm32f1xx_hal_spi.c ****           return HAL_TIMEOUT;
 914:Drivers/STM32F1xx_HAL_Driver/Src/stm32f1xx_hal_spi.c ****         }
 915:Drivers/STM32F1xx_HAL_Driver/Src/stm32f1xx_hal_spi.c ****       }
 916:Drivers/STM32F1xx_HAL_Driver/Src/stm32f1xx_hal_spi.c ****     }
 917:Drivers/STM32F1xx_HAL_Driver/Src/stm32f1xx_hal_spi.c ****   }
 918:Drivers/STM32F1xx_HAL_Driver/Src/stm32f1xx_hal_spi.c **** #if (USE_SPI_CRC != 0U)
 919:Drivers/STM32F1xx_HAL_Driver/Src/stm32f1xx_hal_spi.c ****   /* Enable CRC Transmission */
 920:Drivers/STM32F1xx_HAL_Driver/Src/stm32f1xx_hal_spi.c ****   if (hspi->Init.CRCCalculation == SPI_CRCCALCULATION_ENABLE)
 921:Drivers/STM32F1xx_HAL_Driver/Src/stm32f1xx_hal_spi.c ****   {
 922:Drivers/STM32F1xx_HAL_Driver/Src/stm32f1xx_hal_spi.c ****     SET_BIT(hspi->Instance->CR1, SPI_CR1_CRCNEXT);
 923:Drivers/STM32F1xx_HAL_Driver/Src/stm32f1xx_hal_spi.c ****   }
 924:Drivers/STM32F1xx_HAL_Driver/Src/stm32f1xx_hal_spi.c **** #endif /* USE_SPI_CRC */
 925:Drivers/STM32F1xx_HAL_Driver/Src/stm32f1xx_hal_spi.c **** 
 926:Drivers/STM32F1xx_HAL_Driver/Src/stm32f1xx_hal_spi.c ****   /* Check the end of the transaction */
 927:Drivers/STM32F1xx_HAL_Driver/Src/stm32f1xx_hal_spi.c ****   if (SPI_EndRxTxTransaction(hspi, Timeout, tickstart) != HAL_OK)
 928:Drivers/STM32F1xx_HAL_Driver/Src/stm32f1xx_hal_spi.c ****   {
 929:Drivers/STM32F1xx_HAL_Driver/Src/stm32f1xx_hal_spi.c ****     hspi->ErrorCode = HAL_SPI_ERROR_FLAG;
 930:Drivers/STM32F1xx_HAL_Driver/Src/stm32f1xx_hal_spi.c ****   }
 931:Drivers/STM32F1xx_HAL_Driver/Src/stm32f1xx_hal_spi.c **** 
 932:Drivers/STM32F1xx_HAL_Driver/Src/stm32f1xx_hal_spi.c ****   /* Clear overrun flag in 2 Lines communication mode because received is not read */
 933:Drivers/STM32F1xx_HAL_Driver/Src/stm32f1xx_hal_spi.c ****   if (hspi->Init.Direction == SPI_DIRECTION_2LINES)
 934:Drivers/STM32F1xx_HAL_Driver/Src/stm32f1xx_hal_spi.c ****   {
 935:Drivers/STM32F1xx_HAL_Driver/Src/stm32f1xx_hal_spi.c ****     __HAL_SPI_CLEAR_OVRFLAG(hspi);
 936:Drivers/STM32F1xx_HAL_Driver/Src/stm32f1xx_hal_spi.c ****   }
 937:Drivers/STM32F1xx_HAL_Driver/Src/stm32f1xx_hal_spi.c **** 
 938:Drivers/STM32F1xx_HAL_Driver/Src/stm32f1xx_hal_spi.c ****   hspi->State = HAL_SPI_STATE_READY;
 939:Drivers/STM32F1xx_HAL_Driver/Src/stm32f1xx_hal_spi.c ****   /* Process Unlocked */
 940:Drivers/STM32F1xx_HAL_Driver/Src/stm32f1xx_hal_spi.c ****   __HAL_UNLOCK(hspi);
 941:Drivers/STM32F1xx_HAL_Driver/Src/stm32f1xx_hal_spi.c **** 
 942:Drivers/STM32F1xx_HAL_Driver/Src/stm32f1xx_hal_spi.c ****   if (hspi->ErrorCode != HAL_SPI_ERROR_NONE)
 943:Drivers/STM32F1xx_HAL_Driver/Src/stm32f1xx_hal_spi.c ****   {
 944:Drivers/STM32F1xx_HAL_Driver/Src/stm32f1xx_hal_spi.c ****     return HAL_ERROR;
ARM GAS  C:\Users\airforce\AppData\Local\Temp\cca1ZS9V.s 			page 18


 945:Drivers/STM32F1xx_HAL_Driver/Src/stm32f1xx_hal_spi.c ****   }
 946:Drivers/STM32F1xx_HAL_Driver/Src/stm32f1xx_hal_spi.c ****   else
 947:Drivers/STM32F1xx_HAL_Driver/Src/stm32f1xx_hal_spi.c ****   {
 948:Drivers/STM32F1xx_HAL_Driver/Src/stm32f1xx_hal_spi.c ****     return HAL_OK;
 949:Drivers/STM32F1xx_HAL_Driver/Src/stm32f1xx_hal_spi.c ****   }
 950:Drivers/STM32F1xx_HAL_Driver/Src/stm32f1xx_hal_spi.c **** }
 951:Drivers/STM32F1xx_HAL_Driver/Src/stm32f1xx_hal_spi.c **** 
 952:Drivers/STM32F1xx_HAL_Driver/Src/stm32f1xx_hal_spi.c **** /**
 953:Drivers/STM32F1xx_HAL_Driver/Src/stm32f1xx_hal_spi.c ****   * @brief  Receive an amount of data in blocking mode.
 954:Drivers/STM32F1xx_HAL_Driver/Src/stm32f1xx_hal_spi.c ****   * @param  hspi pointer to a SPI_HandleTypeDef structure that contains
 955:Drivers/STM32F1xx_HAL_Driver/Src/stm32f1xx_hal_spi.c ****   *               the configuration information for SPI module.
 956:Drivers/STM32F1xx_HAL_Driver/Src/stm32f1xx_hal_spi.c ****   * @param  pData pointer to data buffer
 957:Drivers/STM32F1xx_HAL_Driver/Src/stm32f1xx_hal_spi.c ****   * @param  Size amount of data to be received
 958:Drivers/STM32F1xx_HAL_Driver/Src/stm32f1xx_hal_spi.c ****   * @param  Timeout Timeout duration
 959:Drivers/STM32F1xx_HAL_Driver/Src/stm32f1xx_hal_spi.c ****   * @retval HAL status
 960:Drivers/STM32F1xx_HAL_Driver/Src/stm32f1xx_hal_spi.c ****   */
 961:Drivers/STM32F1xx_HAL_Driver/Src/stm32f1xx_hal_spi.c **** HAL_StatusTypeDef HAL_SPI_Receive(SPI_HandleTypeDef *hspi, uint8_t *pData, uint16_t Size, uint32_t 
 962:Drivers/STM32F1xx_HAL_Driver/Src/stm32f1xx_hal_spi.c **** {
 963:Drivers/STM32F1xx_HAL_Driver/Src/stm32f1xx_hal_spi.c **** #if (USE_SPI_CRC != 0U)
 964:Drivers/STM32F1xx_HAL_Driver/Src/stm32f1xx_hal_spi.c ****   __IO uint32_t tmpreg = 0U;
 965:Drivers/STM32F1xx_HAL_Driver/Src/stm32f1xx_hal_spi.c **** #endif /* USE_SPI_CRC */
 966:Drivers/STM32F1xx_HAL_Driver/Src/stm32f1xx_hal_spi.c ****   uint32_t tickstart;
 967:Drivers/STM32F1xx_HAL_Driver/Src/stm32f1xx_hal_spi.c **** 
 968:Drivers/STM32F1xx_HAL_Driver/Src/stm32f1xx_hal_spi.c ****   if (hspi->State != HAL_SPI_STATE_READY)
 969:Drivers/STM32F1xx_HAL_Driver/Src/stm32f1xx_hal_spi.c ****   {
 970:Drivers/STM32F1xx_HAL_Driver/Src/stm32f1xx_hal_spi.c ****     return HAL_BUSY;
 971:Drivers/STM32F1xx_HAL_Driver/Src/stm32f1xx_hal_spi.c ****   }
 972:Drivers/STM32F1xx_HAL_Driver/Src/stm32f1xx_hal_spi.c **** 
 973:Drivers/STM32F1xx_HAL_Driver/Src/stm32f1xx_hal_spi.c ****   if ((hspi->Init.Mode == SPI_MODE_MASTER) && (hspi->Init.Direction == SPI_DIRECTION_2LINES))
 974:Drivers/STM32F1xx_HAL_Driver/Src/stm32f1xx_hal_spi.c ****   {
 975:Drivers/STM32F1xx_HAL_Driver/Src/stm32f1xx_hal_spi.c ****     hspi->State = HAL_SPI_STATE_BUSY_RX;
 976:Drivers/STM32F1xx_HAL_Driver/Src/stm32f1xx_hal_spi.c ****     /* Call transmit-receive function to send Dummy data on Tx line and generate clock on CLK line 
 977:Drivers/STM32F1xx_HAL_Driver/Src/stm32f1xx_hal_spi.c ****     return HAL_SPI_TransmitReceive(hspi, pData, pData, Size, Timeout);
 978:Drivers/STM32F1xx_HAL_Driver/Src/stm32f1xx_hal_spi.c ****   }
 979:Drivers/STM32F1xx_HAL_Driver/Src/stm32f1xx_hal_spi.c **** 
 980:Drivers/STM32F1xx_HAL_Driver/Src/stm32f1xx_hal_spi.c ****   /* Init tickstart for timeout management*/
 981:Drivers/STM32F1xx_HAL_Driver/Src/stm32f1xx_hal_spi.c ****   tickstart = HAL_GetTick();
 982:Drivers/STM32F1xx_HAL_Driver/Src/stm32f1xx_hal_spi.c **** 
 983:Drivers/STM32F1xx_HAL_Driver/Src/stm32f1xx_hal_spi.c ****   if ((pData == NULL) || (Size == 0U))
 984:Drivers/STM32F1xx_HAL_Driver/Src/stm32f1xx_hal_spi.c ****   {
 985:Drivers/STM32F1xx_HAL_Driver/Src/stm32f1xx_hal_spi.c ****     return HAL_ERROR;
 986:Drivers/STM32F1xx_HAL_Driver/Src/stm32f1xx_hal_spi.c ****   }
 987:Drivers/STM32F1xx_HAL_Driver/Src/stm32f1xx_hal_spi.c **** 
 988:Drivers/STM32F1xx_HAL_Driver/Src/stm32f1xx_hal_spi.c ****   /* Process Locked */
 989:Drivers/STM32F1xx_HAL_Driver/Src/stm32f1xx_hal_spi.c ****   __HAL_LOCK(hspi);
 990:Drivers/STM32F1xx_HAL_Driver/Src/stm32f1xx_hal_spi.c **** 
 991:Drivers/STM32F1xx_HAL_Driver/Src/stm32f1xx_hal_spi.c ****   /* Set the transaction information */
 992:Drivers/STM32F1xx_HAL_Driver/Src/stm32f1xx_hal_spi.c ****   hspi->State       = HAL_SPI_STATE_BUSY_RX;
 993:Drivers/STM32F1xx_HAL_Driver/Src/stm32f1xx_hal_spi.c ****   hspi->ErrorCode   = HAL_SPI_ERROR_NONE;
 994:Drivers/STM32F1xx_HAL_Driver/Src/stm32f1xx_hal_spi.c ****   hspi->pRxBuffPtr  = (uint8_t *)pData;
 995:Drivers/STM32F1xx_HAL_Driver/Src/stm32f1xx_hal_spi.c ****   hspi->RxXferSize  = Size;
 996:Drivers/STM32F1xx_HAL_Driver/Src/stm32f1xx_hal_spi.c ****   hspi->RxXferCount = Size;
 997:Drivers/STM32F1xx_HAL_Driver/Src/stm32f1xx_hal_spi.c **** 
 998:Drivers/STM32F1xx_HAL_Driver/Src/stm32f1xx_hal_spi.c ****   /*Init field not used in handle to zero */
 999:Drivers/STM32F1xx_HAL_Driver/Src/stm32f1xx_hal_spi.c ****   hspi->pTxBuffPtr  = (uint8_t *)NULL;
1000:Drivers/STM32F1xx_HAL_Driver/Src/stm32f1xx_hal_spi.c ****   hspi->TxXferSize  = 0U;
1001:Drivers/STM32F1xx_HAL_Driver/Src/stm32f1xx_hal_spi.c ****   hspi->TxXferCount = 0U;
ARM GAS  C:\Users\airforce\AppData\Local\Temp\cca1ZS9V.s 			page 19


1002:Drivers/STM32F1xx_HAL_Driver/Src/stm32f1xx_hal_spi.c ****   hspi->RxISR       = NULL;
1003:Drivers/STM32F1xx_HAL_Driver/Src/stm32f1xx_hal_spi.c ****   hspi->TxISR       = NULL;
1004:Drivers/STM32F1xx_HAL_Driver/Src/stm32f1xx_hal_spi.c **** 
1005:Drivers/STM32F1xx_HAL_Driver/Src/stm32f1xx_hal_spi.c **** #if (USE_SPI_CRC != 0U)
1006:Drivers/STM32F1xx_HAL_Driver/Src/stm32f1xx_hal_spi.c ****   /* Reset CRC Calculation */
1007:Drivers/STM32F1xx_HAL_Driver/Src/stm32f1xx_hal_spi.c ****   if (hspi->Init.CRCCalculation == SPI_CRCCALCULATION_ENABLE)
1008:Drivers/STM32F1xx_HAL_Driver/Src/stm32f1xx_hal_spi.c ****   {
1009:Drivers/STM32F1xx_HAL_Driver/Src/stm32f1xx_hal_spi.c ****     SPI_RESET_CRC(hspi);
1010:Drivers/STM32F1xx_HAL_Driver/Src/stm32f1xx_hal_spi.c ****     /* this is done to handle the CRCNEXT before the latest data */
1011:Drivers/STM32F1xx_HAL_Driver/Src/stm32f1xx_hal_spi.c ****     hspi->RxXferCount--;
1012:Drivers/STM32F1xx_HAL_Driver/Src/stm32f1xx_hal_spi.c ****   }
1013:Drivers/STM32F1xx_HAL_Driver/Src/stm32f1xx_hal_spi.c **** #endif /* USE_SPI_CRC */
1014:Drivers/STM32F1xx_HAL_Driver/Src/stm32f1xx_hal_spi.c **** 
1015:Drivers/STM32F1xx_HAL_Driver/Src/stm32f1xx_hal_spi.c ****   /* Configure communication direction: 1Line */
1016:Drivers/STM32F1xx_HAL_Driver/Src/stm32f1xx_hal_spi.c ****   if (hspi->Init.Direction == SPI_DIRECTION_1LINE)
1017:Drivers/STM32F1xx_HAL_Driver/Src/stm32f1xx_hal_spi.c ****   {
1018:Drivers/STM32F1xx_HAL_Driver/Src/stm32f1xx_hal_spi.c ****     /* Disable SPI Peripheral before set 1Line direction (BIDIOE bit) */
1019:Drivers/STM32F1xx_HAL_Driver/Src/stm32f1xx_hal_spi.c ****     __HAL_SPI_DISABLE(hspi);
1020:Drivers/STM32F1xx_HAL_Driver/Src/stm32f1xx_hal_spi.c ****     SPI_1LINE_RX(hspi);
1021:Drivers/STM32F1xx_HAL_Driver/Src/stm32f1xx_hal_spi.c ****   }
1022:Drivers/STM32F1xx_HAL_Driver/Src/stm32f1xx_hal_spi.c **** 
1023:Drivers/STM32F1xx_HAL_Driver/Src/stm32f1xx_hal_spi.c ****   /* Check if the SPI is already enabled */
1024:Drivers/STM32F1xx_HAL_Driver/Src/stm32f1xx_hal_spi.c ****   if ((hspi->Instance->CR1 & SPI_CR1_SPE) != SPI_CR1_SPE)
1025:Drivers/STM32F1xx_HAL_Driver/Src/stm32f1xx_hal_spi.c ****   {
1026:Drivers/STM32F1xx_HAL_Driver/Src/stm32f1xx_hal_spi.c ****     /* Enable SPI peripheral */
1027:Drivers/STM32F1xx_HAL_Driver/Src/stm32f1xx_hal_spi.c ****     __HAL_SPI_ENABLE(hspi);
1028:Drivers/STM32F1xx_HAL_Driver/Src/stm32f1xx_hal_spi.c ****   }
1029:Drivers/STM32F1xx_HAL_Driver/Src/stm32f1xx_hal_spi.c **** 
1030:Drivers/STM32F1xx_HAL_Driver/Src/stm32f1xx_hal_spi.c ****   /* Receive data in 8 Bit mode */
1031:Drivers/STM32F1xx_HAL_Driver/Src/stm32f1xx_hal_spi.c ****   if (hspi->Init.DataSize == SPI_DATASIZE_8BIT)
1032:Drivers/STM32F1xx_HAL_Driver/Src/stm32f1xx_hal_spi.c ****   {
1033:Drivers/STM32F1xx_HAL_Driver/Src/stm32f1xx_hal_spi.c ****     /* Transfer loop */
1034:Drivers/STM32F1xx_HAL_Driver/Src/stm32f1xx_hal_spi.c ****     while (hspi->RxXferCount > 0U)
1035:Drivers/STM32F1xx_HAL_Driver/Src/stm32f1xx_hal_spi.c ****     {
1036:Drivers/STM32F1xx_HAL_Driver/Src/stm32f1xx_hal_spi.c ****       /* Check the RXNE flag */
1037:Drivers/STM32F1xx_HAL_Driver/Src/stm32f1xx_hal_spi.c ****       if (__HAL_SPI_GET_FLAG(hspi, SPI_FLAG_RXNE))
1038:Drivers/STM32F1xx_HAL_Driver/Src/stm32f1xx_hal_spi.c ****       {
1039:Drivers/STM32F1xx_HAL_Driver/Src/stm32f1xx_hal_spi.c ****         /* read the received data */
1040:Drivers/STM32F1xx_HAL_Driver/Src/stm32f1xx_hal_spi.c ****         (* (uint8_t *)hspi->pRxBuffPtr) = *(__IO uint8_t *)&hspi->Instance->DR;
1041:Drivers/STM32F1xx_HAL_Driver/Src/stm32f1xx_hal_spi.c ****         hspi->pRxBuffPtr += sizeof(uint8_t);
1042:Drivers/STM32F1xx_HAL_Driver/Src/stm32f1xx_hal_spi.c ****         hspi->RxXferCount--;
1043:Drivers/STM32F1xx_HAL_Driver/Src/stm32f1xx_hal_spi.c ****       }
1044:Drivers/STM32F1xx_HAL_Driver/Src/stm32f1xx_hal_spi.c ****       else
1045:Drivers/STM32F1xx_HAL_Driver/Src/stm32f1xx_hal_spi.c ****       {
1046:Drivers/STM32F1xx_HAL_Driver/Src/stm32f1xx_hal_spi.c ****         /* Timeout management */
1047:Drivers/STM32F1xx_HAL_Driver/Src/stm32f1xx_hal_spi.c ****         if ((((HAL_GetTick() - tickstart) >=  Timeout) && (Timeout != HAL_MAX_DELAY)) || (Timeout =
1048:Drivers/STM32F1xx_HAL_Driver/Src/stm32f1xx_hal_spi.c ****         {
1049:Drivers/STM32F1xx_HAL_Driver/Src/stm32f1xx_hal_spi.c ****           hspi->State = HAL_SPI_STATE_READY;
1050:Drivers/STM32F1xx_HAL_Driver/Src/stm32f1xx_hal_spi.c ****           __HAL_UNLOCK(hspi);
1051:Drivers/STM32F1xx_HAL_Driver/Src/stm32f1xx_hal_spi.c ****           return HAL_TIMEOUT;
1052:Drivers/STM32F1xx_HAL_Driver/Src/stm32f1xx_hal_spi.c ****         }
1053:Drivers/STM32F1xx_HAL_Driver/Src/stm32f1xx_hal_spi.c ****       }
1054:Drivers/STM32F1xx_HAL_Driver/Src/stm32f1xx_hal_spi.c ****     }
1055:Drivers/STM32F1xx_HAL_Driver/Src/stm32f1xx_hal_spi.c ****   }
1056:Drivers/STM32F1xx_HAL_Driver/Src/stm32f1xx_hal_spi.c ****   else
1057:Drivers/STM32F1xx_HAL_Driver/Src/stm32f1xx_hal_spi.c ****   {
1058:Drivers/STM32F1xx_HAL_Driver/Src/stm32f1xx_hal_spi.c ****     /* Transfer loop */
ARM GAS  C:\Users\airforce\AppData\Local\Temp\cca1ZS9V.s 			page 20


1059:Drivers/STM32F1xx_HAL_Driver/Src/stm32f1xx_hal_spi.c ****     while (hspi->RxXferCount > 0U)
1060:Drivers/STM32F1xx_HAL_Driver/Src/stm32f1xx_hal_spi.c ****     {
1061:Drivers/STM32F1xx_HAL_Driver/Src/stm32f1xx_hal_spi.c ****       /* Check the RXNE flag */
1062:Drivers/STM32F1xx_HAL_Driver/Src/stm32f1xx_hal_spi.c ****       if (__HAL_SPI_GET_FLAG(hspi, SPI_FLAG_RXNE))
1063:Drivers/STM32F1xx_HAL_Driver/Src/stm32f1xx_hal_spi.c ****       {
1064:Drivers/STM32F1xx_HAL_Driver/Src/stm32f1xx_hal_spi.c ****         *((uint16_t *)hspi->pRxBuffPtr) = (uint16_t)hspi->Instance->DR;
1065:Drivers/STM32F1xx_HAL_Driver/Src/stm32f1xx_hal_spi.c ****         hspi->pRxBuffPtr += sizeof(uint16_t);
1066:Drivers/STM32F1xx_HAL_Driver/Src/stm32f1xx_hal_spi.c ****         hspi->RxXferCount--;
1067:Drivers/STM32F1xx_HAL_Driver/Src/stm32f1xx_hal_spi.c ****       }
1068:Drivers/STM32F1xx_HAL_Driver/Src/stm32f1xx_hal_spi.c ****       else
1069:Drivers/STM32F1xx_HAL_Driver/Src/stm32f1xx_hal_spi.c ****       {
1070:Drivers/STM32F1xx_HAL_Driver/Src/stm32f1xx_hal_spi.c ****         /* Timeout management */
1071:Drivers/STM32F1xx_HAL_Driver/Src/stm32f1xx_hal_spi.c ****         if ((((HAL_GetTick() - tickstart) >=  Timeout) && (Timeout != HAL_MAX_DELAY)) || (Timeout =
1072:Drivers/STM32F1xx_HAL_Driver/Src/stm32f1xx_hal_spi.c ****         {
1073:Drivers/STM32F1xx_HAL_Driver/Src/stm32f1xx_hal_spi.c ****           hspi->State = HAL_SPI_STATE_READY;
1074:Drivers/STM32F1xx_HAL_Driver/Src/stm32f1xx_hal_spi.c ****           __HAL_UNLOCK(hspi);
1075:Drivers/STM32F1xx_HAL_Driver/Src/stm32f1xx_hal_spi.c ****           return HAL_TIMEOUT;
1076:Drivers/STM32F1xx_HAL_Driver/Src/stm32f1xx_hal_spi.c ****         }
1077:Drivers/STM32F1xx_HAL_Driver/Src/stm32f1xx_hal_spi.c ****       }
1078:Drivers/STM32F1xx_HAL_Driver/Src/stm32f1xx_hal_spi.c ****     }
1079:Drivers/STM32F1xx_HAL_Driver/Src/stm32f1xx_hal_spi.c ****   }
1080:Drivers/STM32F1xx_HAL_Driver/Src/stm32f1xx_hal_spi.c **** 
1081:Drivers/STM32F1xx_HAL_Driver/Src/stm32f1xx_hal_spi.c **** #if (USE_SPI_CRC != 0U)
1082:Drivers/STM32F1xx_HAL_Driver/Src/stm32f1xx_hal_spi.c ****   /* Handle the CRC Transmission */
1083:Drivers/STM32F1xx_HAL_Driver/Src/stm32f1xx_hal_spi.c ****   if (hspi->Init.CRCCalculation == SPI_CRCCALCULATION_ENABLE)
1084:Drivers/STM32F1xx_HAL_Driver/Src/stm32f1xx_hal_spi.c ****   {
1085:Drivers/STM32F1xx_HAL_Driver/Src/stm32f1xx_hal_spi.c ****     /* freeze the CRC before the latest data */
1086:Drivers/STM32F1xx_HAL_Driver/Src/stm32f1xx_hal_spi.c ****     SET_BIT(hspi->Instance->CR1, SPI_CR1_CRCNEXT);
1087:Drivers/STM32F1xx_HAL_Driver/Src/stm32f1xx_hal_spi.c **** 
1088:Drivers/STM32F1xx_HAL_Driver/Src/stm32f1xx_hal_spi.c ****     /* Check if CRCNEXT is well reset by hardware */
1089:Drivers/STM32F1xx_HAL_Driver/Src/stm32f1xx_hal_spi.c ****     if (READ_BIT(hspi->Instance->CR1, SPI_CR1_CRCNEXT))
1090:Drivers/STM32F1xx_HAL_Driver/Src/stm32f1xx_hal_spi.c ****     {
1091:Drivers/STM32F1xx_HAL_Driver/Src/stm32f1xx_hal_spi.c ****       /* Workaround to force CRCNEXT bit to zero in case of CRCNEXT is not reset automatically by h
1092:Drivers/STM32F1xx_HAL_Driver/Src/stm32f1xx_hal_spi.c ****       CLEAR_BIT(hspi->Instance->CR1, SPI_CR1_CRCNEXT);
1093:Drivers/STM32F1xx_HAL_Driver/Src/stm32f1xx_hal_spi.c ****     }
1094:Drivers/STM32F1xx_HAL_Driver/Src/stm32f1xx_hal_spi.c ****     /* Read the latest data */
1095:Drivers/STM32F1xx_HAL_Driver/Src/stm32f1xx_hal_spi.c ****     if (SPI_WaitFlagStateUntilTimeout(hspi, SPI_FLAG_RXNE, SET, Timeout, tickstart) != HAL_OK)
1096:Drivers/STM32F1xx_HAL_Driver/Src/stm32f1xx_hal_spi.c ****     {
1097:Drivers/STM32F1xx_HAL_Driver/Src/stm32f1xx_hal_spi.c ****       /* the latest data has not been received */
1098:Drivers/STM32F1xx_HAL_Driver/Src/stm32f1xx_hal_spi.c ****       __HAL_UNLOCK(hspi);
1099:Drivers/STM32F1xx_HAL_Driver/Src/stm32f1xx_hal_spi.c ****       return HAL_TIMEOUT;
1100:Drivers/STM32F1xx_HAL_Driver/Src/stm32f1xx_hal_spi.c ****     }
1101:Drivers/STM32F1xx_HAL_Driver/Src/stm32f1xx_hal_spi.c **** 
1102:Drivers/STM32F1xx_HAL_Driver/Src/stm32f1xx_hal_spi.c ****     /* Receive last data in 16 Bit mode */
1103:Drivers/STM32F1xx_HAL_Driver/Src/stm32f1xx_hal_spi.c ****     if (hspi->Init.DataSize == SPI_DATASIZE_16BIT)
1104:Drivers/STM32F1xx_HAL_Driver/Src/stm32f1xx_hal_spi.c ****     {
1105:Drivers/STM32F1xx_HAL_Driver/Src/stm32f1xx_hal_spi.c ****       *((uint16_t *)hspi->pRxBuffPtr) = (uint16_t)hspi->Instance->DR;
1106:Drivers/STM32F1xx_HAL_Driver/Src/stm32f1xx_hal_spi.c ****     }
1107:Drivers/STM32F1xx_HAL_Driver/Src/stm32f1xx_hal_spi.c ****     /* Receive last data in 8 Bit mode */
1108:Drivers/STM32F1xx_HAL_Driver/Src/stm32f1xx_hal_spi.c ****     else
1109:Drivers/STM32F1xx_HAL_Driver/Src/stm32f1xx_hal_spi.c ****     {
1110:Drivers/STM32F1xx_HAL_Driver/Src/stm32f1xx_hal_spi.c ****       (*(uint8_t *)hspi->pRxBuffPtr) = *(__IO uint8_t *)&hspi->Instance->DR;
1111:Drivers/STM32F1xx_HAL_Driver/Src/stm32f1xx_hal_spi.c ****     }
1112:Drivers/STM32F1xx_HAL_Driver/Src/stm32f1xx_hal_spi.c **** 
1113:Drivers/STM32F1xx_HAL_Driver/Src/stm32f1xx_hal_spi.c ****     /* Wait the CRC data */
1114:Drivers/STM32F1xx_HAL_Driver/Src/stm32f1xx_hal_spi.c ****     if (SPI_WaitFlagStateUntilTimeout(hspi, SPI_FLAG_RXNE, SET, Timeout, tickstart) != HAL_OK)
1115:Drivers/STM32F1xx_HAL_Driver/Src/stm32f1xx_hal_spi.c ****     {
ARM GAS  C:\Users\airforce\AppData\Local\Temp\cca1ZS9V.s 			page 21


1116:Drivers/STM32F1xx_HAL_Driver/Src/stm32f1xx_hal_spi.c ****       SET_BIT(hspi->ErrorCode, HAL_SPI_ERROR_CRC);
1117:Drivers/STM32F1xx_HAL_Driver/Src/stm32f1xx_hal_spi.c ****       hspi->State = HAL_SPI_STATE_READY;
1118:Drivers/STM32F1xx_HAL_Driver/Src/stm32f1xx_hal_spi.c ****       __HAL_UNLOCK(hspi);
1119:Drivers/STM32F1xx_HAL_Driver/Src/stm32f1xx_hal_spi.c ****       return HAL_TIMEOUT;
1120:Drivers/STM32F1xx_HAL_Driver/Src/stm32f1xx_hal_spi.c ****     }
1121:Drivers/STM32F1xx_HAL_Driver/Src/stm32f1xx_hal_spi.c **** 
1122:Drivers/STM32F1xx_HAL_Driver/Src/stm32f1xx_hal_spi.c ****     /* Read CRC to Flush DR and RXNE flag */
1123:Drivers/STM32F1xx_HAL_Driver/Src/stm32f1xx_hal_spi.c ****     tmpreg = READ_REG(hspi->Instance->DR);
1124:Drivers/STM32F1xx_HAL_Driver/Src/stm32f1xx_hal_spi.c ****     /* To avoid GCC warning */
1125:Drivers/STM32F1xx_HAL_Driver/Src/stm32f1xx_hal_spi.c ****     UNUSED(tmpreg);
1126:Drivers/STM32F1xx_HAL_Driver/Src/stm32f1xx_hal_spi.c ****   }
1127:Drivers/STM32F1xx_HAL_Driver/Src/stm32f1xx_hal_spi.c **** #endif /* USE_SPI_CRC */
1128:Drivers/STM32F1xx_HAL_Driver/Src/stm32f1xx_hal_spi.c **** 
1129:Drivers/STM32F1xx_HAL_Driver/Src/stm32f1xx_hal_spi.c ****   /* Check the end of the transaction */
1130:Drivers/STM32F1xx_HAL_Driver/Src/stm32f1xx_hal_spi.c ****   if (SPI_EndRxTransaction(hspi, Timeout, tickstart) != HAL_OK)
1131:Drivers/STM32F1xx_HAL_Driver/Src/stm32f1xx_hal_spi.c ****   {
1132:Drivers/STM32F1xx_HAL_Driver/Src/stm32f1xx_hal_spi.c ****     hspi->ErrorCode = HAL_SPI_ERROR_FLAG;
1133:Drivers/STM32F1xx_HAL_Driver/Src/stm32f1xx_hal_spi.c ****   }
1134:Drivers/STM32F1xx_HAL_Driver/Src/stm32f1xx_hal_spi.c **** 
1135:Drivers/STM32F1xx_HAL_Driver/Src/stm32f1xx_hal_spi.c **** #if (USE_SPI_CRC != 0U)
1136:Drivers/STM32F1xx_HAL_Driver/Src/stm32f1xx_hal_spi.c ****   /* Check if CRC error occurred */
1137:Drivers/STM32F1xx_HAL_Driver/Src/stm32f1xx_hal_spi.c ****   if (__HAL_SPI_GET_FLAG(hspi, SPI_FLAG_CRCERR) != RESET)
1138:Drivers/STM32F1xx_HAL_Driver/Src/stm32f1xx_hal_spi.c ****   {
1139:Drivers/STM32F1xx_HAL_Driver/Src/stm32f1xx_hal_spi.c ****     /* Check if CRC error is valid or not (workaround to be applied or not) */
1140:Drivers/STM32F1xx_HAL_Driver/Src/stm32f1xx_hal_spi.c ****     if (SPI_ISCRCErrorValid(hspi) == SPI_VALID_CRC_ERROR)
1141:Drivers/STM32F1xx_HAL_Driver/Src/stm32f1xx_hal_spi.c ****     {
1142:Drivers/STM32F1xx_HAL_Driver/Src/stm32f1xx_hal_spi.c ****       SET_BIT(hspi->ErrorCode, HAL_SPI_ERROR_CRC);
1143:Drivers/STM32F1xx_HAL_Driver/Src/stm32f1xx_hal_spi.c **** 
1144:Drivers/STM32F1xx_HAL_Driver/Src/stm32f1xx_hal_spi.c ****       /* Reset CRC Calculation */
1145:Drivers/STM32F1xx_HAL_Driver/Src/stm32f1xx_hal_spi.c ****       SPI_RESET_CRC(hspi);
1146:Drivers/STM32F1xx_HAL_Driver/Src/stm32f1xx_hal_spi.c ****     }
1147:Drivers/STM32F1xx_HAL_Driver/Src/stm32f1xx_hal_spi.c ****     else
1148:Drivers/STM32F1xx_HAL_Driver/Src/stm32f1xx_hal_spi.c ****     {
1149:Drivers/STM32F1xx_HAL_Driver/Src/stm32f1xx_hal_spi.c ****       __HAL_SPI_CLEAR_CRCERRFLAG(hspi);
1150:Drivers/STM32F1xx_HAL_Driver/Src/stm32f1xx_hal_spi.c ****     }
1151:Drivers/STM32F1xx_HAL_Driver/Src/stm32f1xx_hal_spi.c ****   }
1152:Drivers/STM32F1xx_HAL_Driver/Src/stm32f1xx_hal_spi.c **** #endif /* USE_SPI_CRC */
1153:Drivers/STM32F1xx_HAL_Driver/Src/stm32f1xx_hal_spi.c **** 
1154:Drivers/STM32F1xx_HAL_Driver/Src/stm32f1xx_hal_spi.c ****   hspi->State = HAL_SPI_STATE_READY;
1155:Drivers/STM32F1xx_HAL_Driver/Src/stm32f1xx_hal_spi.c ****   /* Unlock the process */
1156:Drivers/STM32F1xx_HAL_Driver/Src/stm32f1xx_hal_spi.c ****   __HAL_UNLOCK(hspi);
1157:Drivers/STM32F1xx_HAL_Driver/Src/stm32f1xx_hal_spi.c ****   if (hspi->ErrorCode != HAL_SPI_ERROR_NONE)
1158:Drivers/STM32F1xx_HAL_Driver/Src/stm32f1xx_hal_spi.c ****   {
1159:Drivers/STM32F1xx_HAL_Driver/Src/stm32f1xx_hal_spi.c ****     return HAL_ERROR;
1160:Drivers/STM32F1xx_HAL_Driver/Src/stm32f1xx_hal_spi.c ****   }
1161:Drivers/STM32F1xx_HAL_Driver/Src/stm32f1xx_hal_spi.c ****   else
1162:Drivers/STM32F1xx_HAL_Driver/Src/stm32f1xx_hal_spi.c ****   {
1163:Drivers/STM32F1xx_HAL_Driver/Src/stm32f1xx_hal_spi.c ****     return HAL_OK;
1164:Drivers/STM32F1xx_HAL_Driver/Src/stm32f1xx_hal_spi.c ****   }
1165:Drivers/STM32F1xx_HAL_Driver/Src/stm32f1xx_hal_spi.c **** }
1166:Drivers/STM32F1xx_HAL_Driver/Src/stm32f1xx_hal_spi.c **** 
1167:Drivers/STM32F1xx_HAL_Driver/Src/stm32f1xx_hal_spi.c **** /**
1168:Drivers/STM32F1xx_HAL_Driver/Src/stm32f1xx_hal_spi.c ****   * @brief  Transmit and Receive an amount of data in blocking mode.
1169:Drivers/STM32F1xx_HAL_Driver/Src/stm32f1xx_hal_spi.c ****   * @param  hspi pointer to a SPI_HandleTypeDef structure that contains
1170:Drivers/STM32F1xx_HAL_Driver/Src/stm32f1xx_hal_spi.c ****   *               the configuration information for SPI module.
1171:Drivers/STM32F1xx_HAL_Driver/Src/stm32f1xx_hal_spi.c ****   * @param  pTxData pointer to transmission data buffer
1172:Drivers/STM32F1xx_HAL_Driver/Src/stm32f1xx_hal_spi.c ****   * @param  pRxData pointer to reception data buffer
ARM GAS  C:\Users\airforce\AppData\Local\Temp\cca1ZS9V.s 			page 22


1173:Drivers/STM32F1xx_HAL_Driver/Src/stm32f1xx_hal_spi.c ****   * @param  Size amount of data to be sent and received
1174:Drivers/STM32F1xx_HAL_Driver/Src/stm32f1xx_hal_spi.c ****   * @param  Timeout Timeout duration
1175:Drivers/STM32F1xx_HAL_Driver/Src/stm32f1xx_hal_spi.c ****   * @retval HAL status
1176:Drivers/STM32F1xx_HAL_Driver/Src/stm32f1xx_hal_spi.c ****   */
1177:Drivers/STM32F1xx_HAL_Driver/Src/stm32f1xx_hal_spi.c **** HAL_StatusTypeDef HAL_SPI_TransmitReceive(SPI_HandleTypeDef *hspi, const uint8_t *pTxData, uint8_t 
1178:Drivers/STM32F1xx_HAL_Driver/Src/stm32f1xx_hal_spi.c ****                                           uint16_t Size, uint32_t Timeout)
1179:Drivers/STM32F1xx_HAL_Driver/Src/stm32f1xx_hal_spi.c **** {
1180:Drivers/STM32F1xx_HAL_Driver/Src/stm32f1xx_hal_spi.c ****   uint16_t             initial_TxXferCount;
1181:Drivers/STM32F1xx_HAL_Driver/Src/stm32f1xx_hal_spi.c ****   uint32_t             tmp_mode;
1182:Drivers/STM32F1xx_HAL_Driver/Src/stm32f1xx_hal_spi.c ****   HAL_SPI_StateTypeDef tmp_state;
1183:Drivers/STM32F1xx_HAL_Driver/Src/stm32f1xx_hal_spi.c ****   uint32_t             tickstart;
1184:Drivers/STM32F1xx_HAL_Driver/Src/stm32f1xx_hal_spi.c **** #if (USE_SPI_CRC != 0U)
1185:Drivers/STM32F1xx_HAL_Driver/Src/stm32f1xx_hal_spi.c ****   __IO uint32_t tmpreg = 0U;
1186:Drivers/STM32F1xx_HAL_Driver/Src/stm32f1xx_hal_spi.c **** #endif /* USE_SPI_CRC */
1187:Drivers/STM32F1xx_HAL_Driver/Src/stm32f1xx_hal_spi.c **** 
1188:Drivers/STM32F1xx_HAL_Driver/Src/stm32f1xx_hal_spi.c ****   /* Variable used to alternate Rx and Tx during transfer */
1189:Drivers/STM32F1xx_HAL_Driver/Src/stm32f1xx_hal_spi.c ****   uint32_t             txallowed = 1U;
1190:Drivers/STM32F1xx_HAL_Driver/Src/stm32f1xx_hal_spi.c **** 
1191:Drivers/STM32F1xx_HAL_Driver/Src/stm32f1xx_hal_spi.c ****   /* Check Direction parameter */
1192:Drivers/STM32F1xx_HAL_Driver/Src/stm32f1xx_hal_spi.c ****   assert_param(IS_SPI_DIRECTION_2LINES(hspi->Init.Direction));
1193:Drivers/STM32F1xx_HAL_Driver/Src/stm32f1xx_hal_spi.c **** 
1194:Drivers/STM32F1xx_HAL_Driver/Src/stm32f1xx_hal_spi.c ****   /* Init tickstart for timeout management*/
1195:Drivers/STM32F1xx_HAL_Driver/Src/stm32f1xx_hal_spi.c ****   tickstart = HAL_GetTick();
1196:Drivers/STM32F1xx_HAL_Driver/Src/stm32f1xx_hal_spi.c **** 
1197:Drivers/STM32F1xx_HAL_Driver/Src/stm32f1xx_hal_spi.c ****   /* Init temporary variables */
1198:Drivers/STM32F1xx_HAL_Driver/Src/stm32f1xx_hal_spi.c ****   tmp_state           = hspi->State;
1199:Drivers/STM32F1xx_HAL_Driver/Src/stm32f1xx_hal_spi.c ****   tmp_mode            = hspi->Init.Mode;
1200:Drivers/STM32F1xx_HAL_Driver/Src/stm32f1xx_hal_spi.c ****   initial_TxXferCount = Size;
1201:Drivers/STM32F1xx_HAL_Driver/Src/stm32f1xx_hal_spi.c **** 
1202:Drivers/STM32F1xx_HAL_Driver/Src/stm32f1xx_hal_spi.c ****   if (!((tmp_state == HAL_SPI_STATE_READY) || \
1203:Drivers/STM32F1xx_HAL_Driver/Src/stm32f1xx_hal_spi.c ****         ((tmp_mode == SPI_MODE_MASTER) && (hspi->Init.Direction == SPI_DIRECTION_2LINES) &&
1204:Drivers/STM32F1xx_HAL_Driver/Src/stm32f1xx_hal_spi.c ****          (tmp_state == HAL_SPI_STATE_BUSY_RX))))
1205:Drivers/STM32F1xx_HAL_Driver/Src/stm32f1xx_hal_spi.c ****   {
1206:Drivers/STM32F1xx_HAL_Driver/Src/stm32f1xx_hal_spi.c ****     return HAL_BUSY;
1207:Drivers/STM32F1xx_HAL_Driver/Src/stm32f1xx_hal_spi.c ****   }
1208:Drivers/STM32F1xx_HAL_Driver/Src/stm32f1xx_hal_spi.c **** 
1209:Drivers/STM32F1xx_HAL_Driver/Src/stm32f1xx_hal_spi.c ****   if ((pTxData == NULL) || (pRxData == NULL) || (Size == 0U))
1210:Drivers/STM32F1xx_HAL_Driver/Src/stm32f1xx_hal_spi.c ****   {
1211:Drivers/STM32F1xx_HAL_Driver/Src/stm32f1xx_hal_spi.c ****     return HAL_ERROR;
1212:Drivers/STM32F1xx_HAL_Driver/Src/stm32f1xx_hal_spi.c ****   }
1213:Drivers/STM32F1xx_HAL_Driver/Src/stm32f1xx_hal_spi.c **** 
1214:Drivers/STM32F1xx_HAL_Driver/Src/stm32f1xx_hal_spi.c ****   /* Process Locked */
1215:Drivers/STM32F1xx_HAL_Driver/Src/stm32f1xx_hal_spi.c ****   __HAL_LOCK(hspi);
1216:Drivers/STM32F1xx_HAL_Driver/Src/stm32f1xx_hal_spi.c **** 
1217:Drivers/STM32F1xx_HAL_Driver/Src/stm32f1xx_hal_spi.c ****   /* Don't overwrite in case of HAL_SPI_STATE_BUSY_RX */
1218:Drivers/STM32F1xx_HAL_Driver/Src/stm32f1xx_hal_spi.c ****   if (hspi->State != HAL_SPI_STATE_BUSY_RX)
1219:Drivers/STM32F1xx_HAL_Driver/Src/stm32f1xx_hal_spi.c ****   {
1220:Drivers/STM32F1xx_HAL_Driver/Src/stm32f1xx_hal_spi.c ****     hspi->State = HAL_SPI_STATE_BUSY_TX_RX;
1221:Drivers/STM32F1xx_HAL_Driver/Src/stm32f1xx_hal_spi.c ****   }
1222:Drivers/STM32F1xx_HAL_Driver/Src/stm32f1xx_hal_spi.c **** 
1223:Drivers/STM32F1xx_HAL_Driver/Src/stm32f1xx_hal_spi.c ****   /* Set the transaction information */
1224:Drivers/STM32F1xx_HAL_Driver/Src/stm32f1xx_hal_spi.c ****   hspi->ErrorCode   = HAL_SPI_ERROR_NONE;
1225:Drivers/STM32F1xx_HAL_Driver/Src/stm32f1xx_hal_spi.c ****   hspi->pRxBuffPtr  = (uint8_t *)pRxData;
1226:Drivers/STM32F1xx_HAL_Driver/Src/stm32f1xx_hal_spi.c ****   hspi->RxXferCount = Size;
1227:Drivers/STM32F1xx_HAL_Driver/Src/stm32f1xx_hal_spi.c ****   hspi->RxXferSize  = Size;
1228:Drivers/STM32F1xx_HAL_Driver/Src/stm32f1xx_hal_spi.c ****   hspi->pTxBuffPtr  = (const uint8_t *)pTxData;
1229:Drivers/STM32F1xx_HAL_Driver/Src/stm32f1xx_hal_spi.c ****   hspi->TxXferCount = Size;
ARM GAS  C:\Users\airforce\AppData\Local\Temp\cca1ZS9V.s 			page 23


1230:Drivers/STM32F1xx_HAL_Driver/Src/stm32f1xx_hal_spi.c ****   hspi->TxXferSize  = Size;
1231:Drivers/STM32F1xx_HAL_Driver/Src/stm32f1xx_hal_spi.c **** 
1232:Drivers/STM32F1xx_HAL_Driver/Src/stm32f1xx_hal_spi.c ****   /*Init field not used in handle to zero */
1233:Drivers/STM32F1xx_HAL_Driver/Src/stm32f1xx_hal_spi.c ****   hspi->RxISR       = NULL;
1234:Drivers/STM32F1xx_HAL_Driver/Src/stm32f1xx_hal_spi.c ****   hspi->TxISR       = NULL;
1235:Drivers/STM32F1xx_HAL_Driver/Src/stm32f1xx_hal_spi.c **** 
1236:Drivers/STM32F1xx_HAL_Driver/Src/stm32f1xx_hal_spi.c **** #if (USE_SPI_CRC != 0U)
1237:Drivers/STM32F1xx_HAL_Driver/Src/stm32f1xx_hal_spi.c ****   /* Reset CRC Calculation */
1238:Drivers/STM32F1xx_HAL_Driver/Src/stm32f1xx_hal_spi.c ****   if (hspi->Init.CRCCalculation == SPI_CRCCALCULATION_ENABLE)
1239:Drivers/STM32F1xx_HAL_Driver/Src/stm32f1xx_hal_spi.c ****   {
1240:Drivers/STM32F1xx_HAL_Driver/Src/stm32f1xx_hal_spi.c ****     SPI_RESET_CRC(hspi);
1241:Drivers/STM32F1xx_HAL_Driver/Src/stm32f1xx_hal_spi.c ****   }
1242:Drivers/STM32F1xx_HAL_Driver/Src/stm32f1xx_hal_spi.c **** #endif /* USE_SPI_CRC */
1243:Drivers/STM32F1xx_HAL_Driver/Src/stm32f1xx_hal_spi.c **** 
1244:Drivers/STM32F1xx_HAL_Driver/Src/stm32f1xx_hal_spi.c ****   /* Check if the SPI is already enabled */
1245:Drivers/STM32F1xx_HAL_Driver/Src/stm32f1xx_hal_spi.c ****   if ((hspi->Instance->CR1 & SPI_CR1_SPE) != SPI_CR1_SPE)
1246:Drivers/STM32F1xx_HAL_Driver/Src/stm32f1xx_hal_spi.c ****   {
1247:Drivers/STM32F1xx_HAL_Driver/Src/stm32f1xx_hal_spi.c ****     /* Enable SPI peripheral */
1248:Drivers/STM32F1xx_HAL_Driver/Src/stm32f1xx_hal_spi.c ****     __HAL_SPI_ENABLE(hspi);
1249:Drivers/STM32F1xx_HAL_Driver/Src/stm32f1xx_hal_spi.c ****   }
1250:Drivers/STM32F1xx_HAL_Driver/Src/stm32f1xx_hal_spi.c **** 
1251:Drivers/STM32F1xx_HAL_Driver/Src/stm32f1xx_hal_spi.c ****   /* Transmit and Receive data in 16 Bit mode */
1252:Drivers/STM32F1xx_HAL_Driver/Src/stm32f1xx_hal_spi.c ****   if (hspi->Init.DataSize == SPI_DATASIZE_16BIT)
1253:Drivers/STM32F1xx_HAL_Driver/Src/stm32f1xx_hal_spi.c ****   {
1254:Drivers/STM32F1xx_HAL_Driver/Src/stm32f1xx_hal_spi.c ****     if ((hspi->Init.Mode == SPI_MODE_SLAVE) || (initial_TxXferCount == 0x01U))
1255:Drivers/STM32F1xx_HAL_Driver/Src/stm32f1xx_hal_spi.c ****     {
1256:Drivers/STM32F1xx_HAL_Driver/Src/stm32f1xx_hal_spi.c ****       hspi->Instance->DR = *((const uint16_t *)hspi->pTxBuffPtr);
1257:Drivers/STM32F1xx_HAL_Driver/Src/stm32f1xx_hal_spi.c ****       hspi->pTxBuffPtr += sizeof(uint16_t);
1258:Drivers/STM32F1xx_HAL_Driver/Src/stm32f1xx_hal_spi.c ****       hspi->TxXferCount--;
1259:Drivers/STM32F1xx_HAL_Driver/Src/stm32f1xx_hal_spi.c **** 
1260:Drivers/STM32F1xx_HAL_Driver/Src/stm32f1xx_hal_spi.c **** #if (USE_SPI_CRC != 0U)
1261:Drivers/STM32F1xx_HAL_Driver/Src/stm32f1xx_hal_spi.c ****       /* Enable CRC Transmission */
1262:Drivers/STM32F1xx_HAL_Driver/Src/stm32f1xx_hal_spi.c ****       if ((hspi->TxXferCount == 0U) && (hspi->Init.CRCCalculation == SPI_CRCCALCULATION_ENABLE))
1263:Drivers/STM32F1xx_HAL_Driver/Src/stm32f1xx_hal_spi.c ****       {
1264:Drivers/STM32F1xx_HAL_Driver/Src/stm32f1xx_hal_spi.c ****         SET_BIT(hspi->Instance->CR1, SPI_CR1_CRCNEXT);
1265:Drivers/STM32F1xx_HAL_Driver/Src/stm32f1xx_hal_spi.c ****       }
1266:Drivers/STM32F1xx_HAL_Driver/Src/stm32f1xx_hal_spi.c **** #endif /* USE_SPI_CRC */
1267:Drivers/STM32F1xx_HAL_Driver/Src/stm32f1xx_hal_spi.c **** 
1268:Drivers/STM32F1xx_HAL_Driver/Src/stm32f1xx_hal_spi.c ****     }
1269:Drivers/STM32F1xx_HAL_Driver/Src/stm32f1xx_hal_spi.c ****     while ((hspi->TxXferCount > 0U) || (hspi->RxXferCount > 0U))
1270:Drivers/STM32F1xx_HAL_Driver/Src/stm32f1xx_hal_spi.c ****     {
1271:Drivers/STM32F1xx_HAL_Driver/Src/stm32f1xx_hal_spi.c ****       /* Check TXE flag */
1272:Drivers/STM32F1xx_HAL_Driver/Src/stm32f1xx_hal_spi.c ****       if ((__HAL_SPI_GET_FLAG(hspi, SPI_FLAG_TXE)) && (hspi->TxXferCount > 0U) && (txallowed == 1U)
1273:Drivers/STM32F1xx_HAL_Driver/Src/stm32f1xx_hal_spi.c ****       {
1274:Drivers/STM32F1xx_HAL_Driver/Src/stm32f1xx_hal_spi.c ****         hspi->Instance->DR = *((const uint16_t *)hspi->pTxBuffPtr);
1275:Drivers/STM32F1xx_HAL_Driver/Src/stm32f1xx_hal_spi.c ****         hspi->pTxBuffPtr += sizeof(uint16_t);
1276:Drivers/STM32F1xx_HAL_Driver/Src/stm32f1xx_hal_spi.c ****         hspi->TxXferCount--;
1277:Drivers/STM32F1xx_HAL_Driver/Src/stm32f1xx_hal_spi.c ****         /* Next Data is a reception (Rx). Tx not allowed */
1278:Drivers/STM32F1xx_HAL_Driver/Src/stm32f1xx_hal_spi.c ****         txallowed = 0U;
1279:Drivers/STM32F1xx_HAL_Driver/Src/stm32f1xx_hal_spi.c **** 
1280:Drivers/STM32F1xx_HAL_Driver/Src/stm32f1xx_hal_spi.c **** #if (USE_SPI_CRC != 0U)
1281:Drivers/STM32F1xx_HAL_Driver/Src/stm32f1xx_hal_spi.c ****         /* Enable CRC Transmission */
1282:Drivers/STM32F1xx_HAL_Driver/Src/stm32f1xx_hal_spi.c ****         if ((hspi->TxXferCount == 0U) && (hspi->Init.CRCCalculation == SPI_CRCCALCULATION_ENABLE))
1283:Drivers/STM32F1xx_HAL_Driver/Src/stm32f1xx_hal_spi.c ****         {
1284:Drivers/STM32F1xx_HAL_Driver/Src/stm32f1xx_hal_spi.c ****           SET_BIT(hspi->Instance->CR1, SPI_CR1_CRCNEXT);
1285:Drivers/STM32F1xx_HAL_Driver/Src/stm32f1xx_hal_spi.c ****         }
1286:Drivers/STM32F1xx_HAL_Driver/Src/stm32f1xx_hal_spi.c **** #endif /* USE_SPI_CRC */
ARM GAS  C:\Users\airforce\AppData\Local\Temp\cca1ZS9V.s 			page 24


1287:Drivers/STM32F1xx_HAL_Driver/Src/stm32f1xx_hal_spi.c ****       }
1288:Drivers/STM32F1xx_HAL_Driver/Src/stm32f1xx_hal_spi.c **** 
1289:Drivers/STM32F1xx_HAL_Driver/Src/stm32f1xx_hal_spi.c ****       /* Check RXNE flag */
1290:Drivers/STM32F1xx_HAL_Driver/Src/stm32f1xx_hal_spi.c ****       if ((__HAL_SPI_GET_FLAG(hspi, SPI_FLAG_RXNE)) && (hspi->RxXferCount > 0U))
1291:Drivers/STM32F1xx_HAL_Driver/Src/stm32f1xx_hal_spi.c ****       {
1292:Drivers/STM32F1xx_HAL_Driver/Src/stm32f1xx_hal_spi.c ****         *((uint16_t *)hspi->pRxBuffPtr) = (uint16_t)hspi->Instance->DR;
1293:Drivers/STM32F1xx_HAL_Driver/Src/stm32f1xx_hal_spi.c ****         hspi->pRxBuffPtr += sizeof(uint16_t);
1294:Drivers/STM32F1xx_HAL_Driver/Src/stm32f1xx_hal_spi.c ****         hspi->RxXferCount--;
1295:Drivers/STM32F1xx_HAL_Driver/Src/stm32f1xx_hal_spi.c ****         /* Next Data is a Transmission (Tx). Tx is allowed */
1296:Drivers/STM32F1xx_HAL_Driver/Src/stm32f1xx_hal_spi.c ****         txallowed = 1U;
1297:Drivers/STM32F1xx_HAL_Driver/Src/stm32f1xx_hal_spi.c ****       }
1298:Drivers/STM32F1xx_HAL_Driver/Src/stm32f1xx_hal_spi.c ****       if (((HAL_GetTick() - tickstart) >=  Timeout) && (Timeout != HAL_MAX_DELAY))
1299:Drivers/STM32F1xx_HAL_Driver/Src/stm32f1xx_hal_spi.c ****       {
1300:Drivers/STM32F1xx_HAL_Driver/Src/stm32f1xx_hal_spi.c ****         hspi->State = HAL_SPI_STATE_READY;
1301:Drivers/STM32F1xx_HAL_Driver/Src/stm32f1xx_hal_spi.c ****         __HAL_UNLOCK(hspi);
1302:Drivers/STM32F1xx_HAL_Driver/Src/stm32f1xx_hal_spi.c ****         return HAL_TIMEOUT;
1303:Drivers/STM32F1xx_HAL_Driver/Src/stm32f1xx_hal_spi.c ****       }
1304:Drivers/STM32F1xx_HAL_Driver/Src/stm32f1xx_hal_spi.c ****     }
1305:Drivers/STM32F1xx_HAL_Driver/Src/stm32f1xx_hal_spi.c ****   }
1306:Drivers/STM32F1xx_HAL_Driver/Src/stm32f1xx_hal_spi.c ****   /* Transmit and Receive data in 8 Bit mode */
1307:Drivers/STM32F1xx_HAL_Driver/Src/stm32f1xx_hal_spi.c ****   else
1308:Drivers/STM32F1xx_HAL_Driver/Src/stm32f1xx_hal_spi.c ****   {
1309:Drivers/STM32F1xx_HAL_Driver/Src/stm32f1xx_hal_spi.c ****     if ((hspi->Init.Mode == SPI_MODE_SLAVE) || (initial_TxXferCount == 0x01U))
1310:Drivers/STM32F1xx_HAL_Driver/Src/stm32f1xx_hal_spi.c ****     {
1311:Drivers/STM32F1xx_HAL_Driver/Src/stm32f1xx_hal_spi.c ****       *((__IO uint8_t *)&hspi->Instance->DR) = *((const uint8_t *)hspi->pTxBuffPtr);
1312:Drivers/STM32F1xx_HAL_Driver/Src/stm32f1xx_hal_spi.c ****       hspi->pTxBuffPtr += sizeof(uint8_t);
1313:Drivers/STM32F1xx_HAL_Driver/Src/stm32f1xx_hal_spi.c ****       hspi->TxXferCount--;
1314:Drivers/STM32F1xx_HAL_Driver/Src/stm32f1xx_hal_spi.c **** 
1315:Drivers/STM32F1xx_HAL_Driver/Src/stm32f1xx_hal_spi.c **** #if (USE_SPI_CRC != 0U)
1316:Drivers/STM32F1xx_HAL_Driver/Src/stm32f1xx_hal_spi.c ****       /* Enable CRC Transmission */
1317:Drivers/STM32F1xx_HAL_Driver/Src/stm32f1xx_hal_spi.c ****       if ((hspi->TxXferCount == 0U) && (hspi->Init.CRCCalculation == SPI_CRCCALCULATION_ENABLE))
1318:Drivers/STM32F1xx_HAL_Driver/Src/stm32f1xx_hal_spi.c ****       {
1319:Drivers/STM32F1xx_HAL_Driver/Src/stm32f1xx_hal_spi.c ****         SET_BIT(hspi->Instance->CR1, SPI_CR1_CRCNEXT);
1320:Drivers/STM32F1xx_HAL_Driver/Src/stm32f1xx_hal_spi.c ****       }
1321:Drivers/STM32F1xx_HAL_Driver/Src/stm32f1xx_hal_spi.c **** #endif /* USE_SPI_CRC */
1322:Drivers/STM32F1xx_HAL_Driver/Src/stm32f1xx_hal_spi.c ****     }
1323:Drivers/STM32F1xx_HAL_Driver/Src/stm32f1xx_hal_spi.c ****     while ((hspi->TxXferCount > 0U) || (hspi->RxXferCount > 0U))
1324:Drivers/STM32F1xx_HAL_Driver/Src/stm32f1xx_hal_spi.c ****     {
1325:Drivers/STM32F1xx_HAL_Driver/Src/stm32f1xx_hal_spi.c ****       /* Check TXE flag */
1326:Drivers/STM32F1xx_HAL_Driver/Src/stm32f1xx_hal_spi.c ****       if ((__HAL_SPI_GET_FLAG(hspi, SPI_FLAG_TXE)) && (hspi->TxXferCount > 0U) && (txallowed == 1U)
1327:Drivers/STM32F1xx_HAL_Driver/Src/stm32f1xx_hal_spi.c ****       {
1328:Drivers/STM32F1xx_HAL_Driver/Src/stm32f1xx_hal_spi.c ****         *(__IO uint8_t *)&hspi->Instance->DR = *((const uint8_t *)hspi->pTxBuffPtr);
1329:Drivers/STM32F1xx_HAL_Driver/Src/stm32f1xx_hal_spi.c ****         hspi->pTxBuffPtr++;
1330:Drivers/STM32F1xx_HAL_Driver/Src/stm32f1xx_hal_spi.c ****         hspi->TxXferCount--;
1331:Drivers/STM32F1xx_HAL_Driver/Src/stm32f1xx_hal_spi.c ****         /* Next Data is a reception (Rx). Tx not allowed */
1332:Drivers/STM32F1xx_HAL_Driver/Src/stm32f1xx_hal_spi.c ****         txallowed = 0U;
1333:Drivers/STM32F1xx_HAL_Driver/Src/stm32f1xx_hal_spi.c **** 
1334:Drivers/STM32F1xx_HAL_Driver/Src/stm32f1xx_hal_spi.c **** #if (USE_SPI_CRC != 0U)
1335:Drivers/STM32F1xx_HAL_Driver/Src/stm32f1xx_hal_spi.c ****         /* Enable CRC Transmission */
1336:Drivers/STM32F1xx_HAL_Driver/Src/stm32f1xx_hal_spi.c ****         if ((hspi->TxXferCount == 0U) && (hspi->Init.CRCCalculation == SPI_CRCCALCULATION_ENABLE))
1337:Drivers/STM32F1xx_HAL_Driver/Src/stm32f1xx_hal_spi.c ****         {
1338:Drivers/STM32F1xx_HAL_Driver/Src/stm32f1xx_hal_spi.c ****           SET_BIT(hspi->Instance->CR1, SPI_CR1_CRCNEXT);
1339:Drivers/STM32F1xx_HAL_Driver/Src/stm32f1xx_hal_spi.c ****         }
1340:Drivers/STM32F1xx_HAL_Driver/Src/stm32f1xx_hal_spi.c **** #endif /* USE_SPI_CRC */
1341:Drivers/STM32F1xx_HAL_Driver/Src/stm32f1xx_hal_spi.c ****       }
1342:Drivers/STM32F1xx_HAL_Driver/Src/stm32f1xx_hal_spi.c **** 
1343:Drivers/STM32F1xx_HAL_Driver/Src/stm32f1xx_hal_spi.c ****       /* Wait until RXNE flag is reset */
ARM GAS  C:\Users\airforce\AppData\Local\Temp\cca1ZS9V.s 			page 25


1344:Drivers/STM32F1xx_HAL_Driver/Src/stm32f1xx_hal_spi.c ****       if ((__HAL_SPI_GET_FLAG(hspi, SPI_FLAG_RXNE)) && (hspi->RxXferCount > 0U))
1345:Drivers/STM32F1xx_HAL_Driver/Src/stm32f1xx_hal_spi.c ****       {
1346:Drivers/STM32F1xx_HAL_Driver/Src/stm32f1xx_hal_spi.c ****         (*(uint8_t *)hspi->pRxBuffPtr) = hspi->Instance->DR;
1347:Drivers/STM32F1xx_HAL_Driver/Src/stm32f1xx_hal_spi.c ****         hspi->pRxBuffPtr++;
1348:Drivers/STM32F1xx_HAL_Driver/Src/stm32f1xx_hal_spi.c ****         hspi->RxXferCount--;
1349:Drivers/STM32F1xx_HAL_Driver/Src/stm32f1xx_hal_spi.c ****         /* Next Data is a Transmission (Tx). Tx is allowed */
1350:Drivers/STM32F1xx_HAL_Driver/Src/stm32f1xx_hal_spi.c ****         txallowed = 1U;
1351:Drivers/STM32F1xx_HAL_Driver/Src/stm32f1xx_hal_spi.c ****       }
1352:Drivers/STM32F1xx_HAL_Driver/Src/stm32f1xx_hal_spi.c ****       if ((((HAL_GetTick() - tickstart) >=  Timeout) && ((Timeout != HAL_MAX_DELAY))) || (Timeout =
1353:Drivers/STM32F1xx_HAL_Driver/Src/stm32f1xx_hal_spi.c ****       {
1354:Drivers/STM32F1xx_HAL_Driver/Src/stm32f1xx_hal_spi.c ****         hspi->State = HAL_SPI_STATE_READY;
1355:Drivers/STM32F1xx_HAL_Driver/Src/stm32f1xx_hal_spi.c ****         __HAL_UNLOCK(hspi);
1356:Drivers/STM32F1xx_HAL_Driver/Src/stm32f1xx_hal_spi.c ****         return HAL_TIMEOUT;
1357:Drivers/STM32F1xx_HAL_Driver/Src/stm32f1xx_hal_spi.c ****       }
1358:Drivers/STM32F1xx_HAL_Driver/Src/stm32f1xx_hal_spi.c ****     }
1359:Drivers/STM32F1xx_HAL_Driver/Src/stm32f1xx_hal_spi.c ****   }
1360:Drivers/STM32F1xx_HAL_Driver/Src/stm32f1xx_hal_spi.c **** 
1361:Drivers/STM32F1xx_HAL_Driver/Src/stm32f1xx_hal_spi.c **** #if (USE_SPI_CRC != 0U)
1362:Drivers/STM32F1xx_HAL_Driver/Src/stm32f1xx_hal_spi.c ****   /* Read CRC from DR to close CRC calculation process */
1363:Drivers/STM32F1xx_HAL_Driver/Src/stm32f1xx_hal_spi.c ****   if (hspi->Init.CRCCalculation == SPI_CRCCALCULATION_ENABLE)
1364:Drivers/STM32F1xx_HAL_Driver/Src/stm32f1xx_hal_spi.c ****   {
1365:Drivers/STM32F1xx_HAL_Driver/Src/stm32f1xx_hal_spi.c ****     /* Wait until TXE flag */
1366:Drivers/STM32F1xx_HAL_Driver/Src/stm32f1xx_hal_spi.c ****     if (SPI_WaitFlagStateUntilTimeout(hspi, SPI_FLAG_RXNE, SET, Timeout, tickstart) != HAL_OK)
1367:Drivers/STM32F1xx_HAL_Driver/Src/stm32f1xx_hal_spi.c ****     {
1368:Drivers/STM32F1xx_HAL_Driver/Src/stm32f1xx_hal_spi.c ****       /* Error on the CRC reception */
1369:Drivers/STM32F1xx_HAL_Driver/Src/stm32f1xx_hal_spi.c ****       SET_BIT(hspi->ErrorCode, HAL_SPI_ERROR_CRC);
1370:Drivers/STM32F1xx_HAL_Driver/Src/stm32f1xx_hal_spi.c ****       hspi->State = HAL_SPI_STATE_READY;
1371:Drivers/STM32F1xx_HAL_Driver/Src/stm32f1xx_hal_spi.c ****       __HAL_UNLOCK(hspi);
1372:Drivers/STM32F1xx_HAL_Driver/Src/stm32f1xx_hal_spi.c ****       return HAL_TIMEOUT;
1373:Drivers/STM32F1xx_HAL_Driver/Src/stm32f1xx_hal_spi.c ****     }
1374:Drivers/STM32F1xx_HAL_Driver/Src/stm32f1xx_hal_spi.c ****     /* Read CRC */
1375:Drivers/STM32F1xx_HAL_Driver/Src/stm32f1xx_hal_spi.c ****     tmpreg = READ_REG(hspi->Instance->DR);
1376:Drivers/STM32F1xx_HAL_Driver/Src/stm32f1xx_hal_spi.c ****     /* To avoid GCC warning */
1377:Drivers/STM32F1xx_HAL_Driver/Src/stm32f1xx_hal_spi.c ****     UNUSED(tmpreg);
1378:Drivers/STM32F1xx_HAL_Driver/Src/stm32f1xx_hal_spi.c ****   }
1379:Drivers/STM32F1xx_HAL_Driver/Src/stm32f1xx_hal_spi.c **** 
1380:Drivers/STM32F1xx_HAL_Driver/Src/stm32f1xx_hal_spi.c ****   /* Check if CRC error occurred */
1381:Drivers/STM32F1xx_HAL_Driver/Src/stm32f1xx_hal_spi.c ****   if (__HAL_SPI_GET_FLAG(hspi, SPI_FLAG_CRCERR) != RESET)
1382:Drivers/STM32F1xx_HAL_Driver/Src/stm32f1xx_hal_spi.c ****   {
1383:Drivers/STM32F1xx_HAL_Driver/Src/stm32f1xx_hal_spi.c ****     /* Check if CRC error is valid or not (workaround to be applied or not) */
1384:Drivers/STM32F1xx_HAL_Driver/Src/stm32f1xx_hal_spi.c ****     if (SPI_ISCRCErrorValid(hspi) == SPI_VALID_CRC_ERROR)
1385:Drivers/STM32F1xx_HAL_Driver/Src/stm32f1xx_hal_spi.c ****     {
1386:Drivers/STM32F1xx_HAL_Driver/Src/stm32f1xx_hal_spi.c ****       SET_BIT(hspi->ErrorCode, HAL_SPI_ERROR_CRC);
1387:Drivers/STM32F1xx_HAL_Driver/Src/stm32f1xx_hal_spi.c **** 
1388:Drivers/STM32F1xx_HAL_Driver/Src/stm32f1xx_hal_spi.c ****       /* Reset CRC Calculation */
1389:Drivers/STM32F1xx_HAL_Driver/Src/stm32f1xx_hal_spi.c ****       SPI_RESET_CRC(hspi);
1390:Drivers/STM32F1xx_HAL_Driver/Src/stm32f1xx_hal_spi.c ****       __HAL_UNLOCK(hspi);
1391:Drivers/STM32F1xx_HAL_Driver/Src/stm32f1xx_hal_spi.c ****       return HAL_ERROR;
1392:Drivers/STM32F1xx_HAL_Driver/Src/stm32f1xx_hal_spi.c ****     }
1393:Drivers/STM32F1xx_HAL_Driver/Src/stm32f1xx_hal_spi.c ****     else
1394:Drivers/STM32F1xx_HAL_Driver/Src/stm32f1xx_hal_spi.c ****     {
1395:Drivers/STM32F1xx_HAL_Driver/Src/stm32f1xx_hal_spi.c ****       __HAL_SPI_CLEAR_CRCERRFLAG(hspi);
1396:Drivers/STM32F1xx_HAL_Driver/Src/stm32f1xx_hal_spi.c ****     }
1397:Drivers/STM32F1xx_HAL_Driver/Src/stm32f1xx_hal_spi.c ****   }
1398:Drivers/STM32F1xx_HAL_Driver/Src/stm32f1xx_hal_spi.c **** #endif /* USE_SPI_CRC */
1399:Drivers/STM32F1xx_HAL_Driver/Src/stm32f1xx_hal_spi.c **** 
1400:Drivers/STM32F1xx_HAL_Driver/Src/stm32f1xx_hal_spi.c ****   /* Check the end of the transaction */
ARM GAS  C:\Users\airforce\AppData\Local\Temp\cca1ZS9V.s 			page 26


1401:Drivers/STM32F1xx_HAL_Driver/Src/stm32f1xx_hal_spi.c ****   if (SPI_EndRxTxTransaction(hspi, Timeout, tickstart) != HAL_OK)
1402:Drivers/STM32F1xx_HAL_Driver/Src/stm32f1xx_hal_spi.c ****   {
1403:Drivers/STM32F1xx_HAL_Driver/Src/stm32f1xx_hal_spi.c ****     hspi->ErrorCode = HAL_SPI_ERROR_FLAG;
1404:Drivers/STM32F1xx_HAL_Driver/Src/stm32f1xx_hal_spi.c ****     __HAL_UNLOCK(hspi);
1405:Drivers/STM32F1xx_HAL_Driver/Src/stm32f1xx_hal_spi.c ****     return HAL_ERROR;
1406:Drivers/STM32F1xx_HAL_Driver/Src/stm32f1xx_hal_spi.c ****   }
1407:Drivers/STM32F1xx_HAL_Driver/Src/stm32f1xx_hal_spi.c **** 
1408:Drivers/STM32F1xx_HAL_Driver/Src/stm32f1xx_hal_spi.c ****   /* Clear overrun flag in 2 Lines communication mode because received is not read */
1409:Drivers/STM32F1xx_HAL_Driver/Src/stm32f1xx_hal_spi.c ****   if (hspi->Init.Direction == SPI_DIRECTION_2LINES)
1410:Drivers/STM32F1xx_HAL_Driver/Src/stm32f1xx_hal_spi.c ****   {
1411:Drivers/STM32F1xx_HAL_Driver/Src/stm32f1xx_hal_spi.c ****     __HAL_SPI_CLEAR_OVRFLAG(hspi);
1412:Drivers/STM32F1xx_HAL_Driver/Src/stm32f1xx_hal_spi.c ****   }
1413:Drivers/STM32F1xx_HAL_Driver/Src/stm32f1xx_hal_spi.c **** 
1414:Drivers/STM32F1xx_HAL_Driver/Src/stm32f1xx_hal_spi.c **** 
1415:Drivers/STM32F1xx_HAL_Driver/Src/stm32f1xx_hal_spi.c ****   hspi->State = HAL_SPI_STATE_READY;
1416:Drivers/STM32F1xx_HAL_Driver/Src/stm32f1xx_hal_spi.c ****   /* Unlock the process */
1417:Drivers/STM32F1xx_HAL_Driver/Src/stm32f1xx_hal_spi.c ****   __HAL_UNLOCK(hspi);
1418:Drivers/STM32F1xx_HAL_Driver/Src/stm32f1xx_hal_spi.c **** 
1419:Drivers/STM32F1xx_HAL_Driver/Src/stm32f1xx_hal_spi.c ****   if (hspi->ErrorCode != HAL_SPI_ERROR_NONE)
1420:Drivers/STM32F1xx_HAL_Driver/Src/stm32f1xx_hal_spi.c ****   {
1421:Drivers/STM32F1xx_HAL_Driver/Src/stm32f1xx_hal_spi.c ****     return HAL_ERROR;
1422:Drivers/STM32F1xx_HAL_Driver/Src/stm32f1xx_hal_spi.c ****   }
1423:Drivers/STM32F1xx_HAL_Driver/Src/stm32f1xx_hal_spi.c ****   else
1424:Drivers/STM32F1xx_HAL_Driver/Src/stm32f1xx_hal_spi.c ****   {
1425:Drivers/STM32F1xx_HAL_Driver/Src/stm32f1xx_hal_spi.c ****     return HAL_OK;
1426:Drivers/STM32F1xx_HAL_Driver/Src/stm32f1xx_hal_spi.c ****   }
1427:Drivers/STM32F1xx_HAL_Driver/Src/stm32f1xx_hal_spi.c **** }
1428:Drivers/STM32F1xx_HAL_Driver/Src/stm32f1xx_hal_spi.c **** 
1429:Drivers/STM32F1xx_HAL_Driver/Src/stm32f1xx_hal_spi.c **** /**
1430:Drivers/STM32F1xx_HAL_Driver/Src/stm32f1xx_hal_spi.c ****   * @brief  Transmit an amount of data in non-blocking mode with Interrupt.
1431:Drivers/STM32F1xx_HAL_Driver/Src/stm32f1xx_hal_spi.c ****   * @param  hspi pointer to a SPI_HandleTypeDef structure that contains
1432:Drivers/STM32F1xx_HAL_Driver/Src/stm32f1xx_hal_spi.c ****   *               the configuration information for SPI module.
1433:Drivers/STM32F1xx_HAL_Driver/Src/stm32f1xx_hal_spi.c ****   * @param  pData pointer to data buffer
1434:Drivers/STM32F1xx_HAL_Driver/Src/stm32f1xx_hal_spi.c ****   * @param  Size amount of data to be sent
1435:Drivers/STM32F1xx_HAL_Driver/Src/stm32f1xx_hal_spi.c ****   * @retval HAL status
1436:Drivers/STM32F1xx_HAL_Driver/Src/stm32f1xx_hal_spi.c ****   */
1437:Drivers/STM32F1xx_HAL_Driver/Src/stm32f1xx_hal_spi.c **** HAL_StatusTypeDef HAL_SPI_Transmit_IT(SPI_HandleTypeDef *hspi, const uint8_t *pData, uint16_t Size)
1438:Drivers/STM32F1xx_HAL_Driver/Src/stm32f1xx_hal_spi.c **** {
1439:Drivers/STM32F1xx_HAL_Driver/Src/stm32f1xx_hal_spi.c **** 
1440:Drivers/STM32F1xx_HAL_Driver/Src/stm32f1xx_hal_spi.c ****   /* Check Direction parameter */
1441:Drivers/STM32F1xx_HAL_Driver/Src/stm32f1xx_hal_spi.c ****   assert_param(IS_SPI_DIRECTION_2LINES_OR_1LINE(hspi->Init.Direction));
1442:Drivers/STM32F1xx_HAL_Driver/Src/stm32f1xx_hal_spi.c **** 
1443:Drivers/STM32F1xx_HAL_Driver/Src/stm32f1xx_hal_spi.c **** 
1444:Drivers/STM32F1xx_HAL_Driver/Src/stm32f1xx_hal_spi.c ****   if ((pData == NULL) || (Size == 0U))
1445:Drivers/STM32F1xx_HAL_Driver/Src/stm32f1xx_hal_spi.c ****   {
1446:Drivers/STM32F1xx_HAL_Driver/Src/stm32f1xx_hal_spi.c ****     return HAL_ERROR;
1447:Drivers/STM32F1xx_HAL_Driver/Src/stm32f1xx_hal_spi.c ****   }
1448:Drivers/STM32F1xx_HAL_Driver/Src/stm32f1xx_hal_spi.c **** 
1449:Drivers/STM32F1xx_HAL_Driver/Src/stm32f1xx_hal_spi.c ****   if (hspi->State != HAL_SPI_STATE_READY)
1450:Drivers/STM32F1xx_HAL_Driver/Src/stm32f1xx_hal_spi.c ****   {
1451:Drivers/STM32F1xx_HAL_Driver/Src/stm32f1xx_hal_spi.c ****     return HAL_BUSY;
1452:Drivers/STM32F1xx_HAL_Driver/Src/stm32f1xx_hal_spi.c ****   }
1453:Drivers/STM32F1xx_HAL_Driver/Src/stm32f1xx_hal_spi.c **** 
1454:Drivers/STM32F1xx_HAL_Driver/Src/stm32f1xx_hal_spi.c ****   /* Process Locked */
1455:Drivers/STM32F1xx_HAL_Driver/Src/stm32f1xx_hal_spi.c ****   __HAL_LOCK(hspi);
1456:Drivers/STM32F1xx_HAL_Driver/Src/stm32f1xx_hal_spi.c **** 
1457:Drivers/STM32F1xx_HAL_Driver/Src/stm32f1xx_hal_spi.c ****   /* Set the transaction information */
ARM GAS  C:\Users\airforce\AppData\Local\Temp\cca1ZS9V.s 			page 27


1458:Drivers/STM32F1xx_HAL_Driver/Src/stm32f1xx_hal_spi.c ****   hspi->State       = HAL_SPI_STATE_BUSY_TX;
1459:Drivers/STM32F1xx_HAL_Driver/Src/stm32f1xx_hal_spi.c ****   hspi->ErrorCode   = HAL_SPI_ERROR_NONE;
1460:Drivers/STM32F1xx_HAL_Driver/Src/stm32f1xx_hal_spi.c ****   hspi->pTxBuffPtr  = (const uint8_t *)pData;
1461:Drivers/STM32F1xx_HAL_Driver/Src/stm32f1xx_hal_spi.c ****   hspi->TxXferSize  = Size;
1462:Drivers/STM32F1xx_HAL_Driver/Src/stm32f1xx_hal_spi.c ****   hspi->TxXferCount = Size;
1463:Drivers/STM32F1xx_HAL_Driver/Src/stm32f1xx_hal_spi.c **** 
1464:Drivers/STM32F1xx_HAL_Driver/Src/stm32f1xx_hal_spi.c ****   /* Init field not used in handle to zero */
1465:Drivers/STM32F1xx_HAL_Driver/Src/stm32f1xx_hal_spi.c ****   hspi->pRxBuffPtr  = (uint8_t *)NULL;
1466:Drivers/STM32F1xx_HAL_Driver/Src/stm32f1xx_hal_spi.c ****   hspi->RxXferSize  = 0U;
1467:Drivers/STM32F1xx_HAL_Driver/Src/stm32f1xx_hal_spi.c ****   hspi->RxXferCount = 0U;
1468:Drivers/STM32F1xx_HAL_Driver/Src/stm32f1xx_hal_spi.c ****   hspi->RxISR       = NULL;
1469:Drivers/STM32F1xx_HAL_Driver/Src/stm32f1xx_hal_spi.c **** 
1470:Drivers/STM32F1xx_HAL_Driver/Src/stm32f1xx_hal_spi.c ****   /* Set the function for IT treatment */
1471:Drivers/STM32F1xx_HAL_Driver/Src/stm32f1xx_hal_spi.c ****   if (hspi->Init.DataSize > SPI_DATASIZE_8BIT)
1472:Drivers/STM32F1xx_HAL_Driver/Src/stm32f1xx_hal_spi.c ****   {
1473:Drivers/STM32F1xx_HAL_Driver/Src/stm32f1xx_hal_spi.c ****     hspi->TxISR = SPI_TxISR_16BIT;
1474:Drivers/STM32F1xx_HAL_Driver/Src/stm32f1xx_hal_spi.c ****   }
1475:Drivers/STM32F1xx_HAL_Driver/Src/stm32f1xx_hal_spi.c ****   else
1476:Drivers/STM32F1xx_HAL_Driver/Src/stm32f1xx_hal_spi.c ****   {
1477:Drivers/STM32F1xx_HAL_Driver/Src/stm32f1xx_hal_spi.c ****     hspi->TxISR = SPI_TxISR_8BIT;
1478:Drivers/STM32F1xx_HAL_Driver/Src/stm32f1xx_hal_spi.c ****   }
1479:Drivers/STM32F1xx_HAL_Driver/Src/stm32f1xx_hal_spi.c **** 
1480:Drivers/STM32F1xx_HAL_Driver/Src/stm32f1xx_hal_spi.c ****   /* Configure communication direction : 1Line */
1481:Drivers/STM32F1xx_HAL_Driver/Src/stm32f1xx_hal_spi.c ****   if (hspi->Init.Direction == SPI_DIRECTION_1LINE)
1482:Drivers/STM32F1xx_HAL_Driver/Src/stm32f1xx_hal_spi.c ****   {
1483:Drivers/STM32F1xx_HAL_Driver/Src/stm32f1xx_hal_spi.c ****     /* Disable SPI Peripheral before set 1Line direction (BIDIOE bit) */
1484:Drivers/STM32F1xx_HAL_Driver/Src/stm32f1xx_hal_spi.c ****     __HAL_SPI_DISABLE(hspi);
1485:Drivers/STM32F1xx_HAL_Driver/Src/stm32f1xx_hal_spi.c ****     SPI_1LINE_TX(hspi);
1486:Drivers/STM32F1xx_HAL_Driver/Src/stm32f1xx_hal_spi.c ****   }
1487:Drivers/STM32F1xx_HAL_Driver/Src/stm32f1xx_hal_spi.c **** 
1488:Drivers/STM32F1xx_HAL_Driver/Src/stm32f1xx_hal_spi.c **** #if (USE_SPI_CRC != 0U)
1489:Drivers/STM32F1xx_HAL_Driver/Src/stm32f1xx_hal_spi.c ****   /* Reset CRC Calculation */
1490:Drivers/STM32F1xx_HAL_Driver/Src/stm32f1xx_hal_spi.c ****   if (hspi->Init.CRCCalculation == SPI_CRCCALCULATION_ENABLE)
1491:Drivers/STM32F1xx_HAL_Driver/Src/stm32f1xx_hal_spi.c ****   {
1492:Drivers/STM32F1xx_HAL_Driver/Src/stm32f1xx_hal_spi.c ****     SPI_RESET_CRC(hspi);
1493:Drivers/STM32F1xx_HAL_Driver/Src/stm32f1xx_hal_spi.c ****   }
1494:Drivers/STM32F1xx_HAL_Driver/Src/stm32f1xx_hal_spi.c **** #endif /* USE_SPI_CRC */
1495:Drivers/STM32F1xx_HAL_Driver/Src/stm32f1xx_hal_spi.c **** 
1496:Drivers/STM32F1xx_HAL_Driver/Src/stm32f1xx_hal_spi.c ****   /* Check if the SPI is already enabled */
1497:Drivers/STM32F1xx_HAL_Driver/Src/stm32f1xx_hal_spi.c ****   if ((hspi->Instance->CR1 & SPI_CR1_SPE) != SPI_CR1_SPE)
1498:Drivers/STM32F1xx_HAL_Driver/Src/stm32f1xx_hal_spi.c ****   {
1499:Drivers/STM32F1xx_HAL_Driver/Src/stm32f1xx_hal_spi.c ****     /* Enable SPI peripheral */
1500:Drivers/STM32F1xx_HAL_Driver/Src/stm32f1xx_hal_spi.c ****     __HAL_SPI_ENABLE(hspi);
1501:Drivers/STM32F1xx_HAL_Driver/Src/stm32f1xx_hal_spi.c ****   }
1502:Drivers/STM32F1xx_HAL_Driver/Src/stm32f1xx_hal_spi.c **** 
1503:Drivers/STM32F1xx_HAL_Driver/Src/stm32f1xx_hal_spi.c ****   /* Process Unlocked */
1504:Drivers/STM32F1xx_HAL_Driver/Src/stm32f1xx_hal_spi.c ****   __HAL_UNLOCK(hspi);
1505:Drivers/STM32F1xx_HAL_Driver/Src/stm32f1xx_hal_spi.c ****   /* Enable TXE and ERR interrupt */
1506:Drivers/STM32F1xx_HAL_Driver/Src/stm32f1xx_hal_spi.c ****   __HAL_SPI_ENABLE_IT(hspi, (SPI_IT_TXE | SPI_IT_ERR));
1507:Drivers/STM32F1xx_HAL_Driver/Src/stm32f1xx_hal_spi.c **** 
1508:Drivers/STM32F1xx_HAL_Driver/Src/stm32f1xx_hal_spi.c ****   return HAL_OK;
1509:Drivers/STM32F1xx_HAL_Driver/Src/stm32f1xx_hal_spi.c **** }
1510:Drivers/STM32F1xx_HAL_Driver/Src/stm32f1xx_hal_spi.c **** 
1511:Drivers/STM32F1xx_HAL_Driver/Src/stm32f1xx_hal_spi.c **** /**
1512:Drivers/STM32F1xx_HAL_Driver/Src/stm32f1xx_hal_spi.c ****   * @brief  Receive an amount of data in non-blocking mode with Interrupt.
1513:Drivers/STM32F1xx_HAL_Driver/Src/stm32f1xx_hal_spi.c ****   * @param  hspi pointer to a SPI_HandleTypeDef structure that contains
1514:Drivers/STM32F1xx_HAL_Driver/Src/stm32f1xx_hal_spi.c ****   *               the configuration information for SPI module.
ARM GAS  C:\Users\airforce\AppData\Local\Temp\cca1ZS9V.s 			page 28


1515:Drivers/STM32F1xx_HAL_Driver/Src/stm32f1xx_hal_spi.c ****   * @param  pData pointer to data buffer
1516:Drivers/STM32F1xx_HAL_Driver/Src/stm32f1xx_hal_spi.c ****   * @param  Size amount of data to be sent
1517:Drivers/STM32F1xx_HAL_Driver/Src/stm32f1xx_hal_spi.c ****   * @retval HAL status
1518:Drivers/STM32F1xx_HAL_Driver/Src/stm32f1xx_hal_spi.c ****   */
1519:Drivers/STM32F1xx_HAL_Driver/Src/stm32f1xx_hal_spi.c **** HAL_StatusTypeDef HAL_SPI_Receive_IT(SPI_HandleTypeDef *hspi, uint8_t *pData, uint16_t Size)
1520:Drivers/STM32F1xx_HAL_Driver/Src/stm32f1xx_hal_spi.c **** {
1521:Drivers/STM32F1xx_HAL_Driver/Src/stm32f1xx_hal_spi.c **** 
1522:Drivers/STM32F1xx_HAL_Driver/Src/stm32f1xx_hal_spi.c ****   if (hspi->State != HAL_SPI_STATE_READY)
1523:Drivers/STM32F1xx_HAL_Driver/Src/stm32f1xx_hal_spi.c ****   {
1524:Drivers/STM32F1xx_HAL_Driver/Src/stm32f1xx_hal_spi.c ****     return HAL_BUSY;
1525:Drivers/STM32F1xx_HAL_Driver/Src/stm32f1xx_hal_spi.c ****   }
1526:Drivers/STM32F1xx_HAL_Driver/Src/stm32f1xx_hal_spi.c **** 
1527:Drivers/STM32F1xx_HAL_Driver/Src/stm32f1xx_hal_spi.c ****   if ((hspi->Init.Direction == SPI_DIRECTION_2LINES) && (hspi->Init.Mode == SPI_MODE_MASTER))
1528:Drivers/STM32F1xx_HAL_Driver/Src/stm32f1xx_hal_spi.c ****   {
1529:Drivers/STM32F1xx_HAL_Driver/Src/stm32f1xx_hal_spi.c ****     hspi->State = HAL_SPI_STATE_BUSY_RX;
1530:Drivers/STM32F1xx_HAL_Driver/Src/stm32f1xx_hal_spi.c ****     /* Call transmit-receive function to send Dummy data on Tx line and generate clock on CLK line 
1531:Drivers/STM32F1xx_HAL_Driver/Src/stm32f1xx_hal_spi.c ****     return HAL_SPI_TransmitReceive_IT(hspi, pData, pData, Size);
1532:Drivers/STM32F1xx_HAL_Driver/Src/stm32f1xx_hal_spi.c ****   }
1533:Drivers/STM32F1xx_HAL_Driver/Src/stm32f1xx_hal_spi.c **** 
1534:Drivers/STM32F1xx_HAL_Driver/Src/stm32f1xx_hal_spi.c **** 
1535:Drivers/STM32F1xx_HAL_Driver/Src/stm32f1xx_hal_spi.c ****   if ((pData == NULL) || (Size == 0U))
1536:Drivers/STM32F1xx_HAL_Driver/Src/stm32f1xx_hal_spi.c ****   {
1537:Drivers/STM32F1xx_HAL_Driver/Src/stm32f1xx_hal_spi.c ****     return HAL_ERROR;
1538:Drivers/STM32F1xx_HAL_Driver/Src/stm32f1xx_hal_spi.c ****   }
1539:Drivers/STM32F1xx_HAL_Driver/Src/stm32f1xx_hal_spi.c **** 
1540:Drivers/STM32F1xx_HAL_Driver/Src/stm32f1xx_hal_spi.c ****   /* Process Locked */
1541:Drivers/STM32F1xx_HAL_Driver/Src/stm32f1xx_hal_spi.c ****   __HAL_LOCK(hspi);
1542:Drivers/STM32F1xx_HAL_Driver/Src/stm32f1xx_hal_spi.c **** 
1543:Drivers/STM32F1xx_HAL_Driver/Src/stm32f1xx_hal_spi.c ****   /* Set the transaction information */
1544:Drivers/STM32F1xx_HAL_Driver/Src/stm32f1xx_hal_spi.c ****   hspi->State       = HAL_SPI_STATE_BUSY_RX;
1545:Drivers/STM32F1xx_HAL_Driver/Src/stm32f1xx_hal_spi.c ****   hspi->ErrorCode   = HAL_SPI_ERROR_NONE;
1546:Drivers/STM32F1xx_HAL_Driver/Src/stm32f1xx_hal_spi.c ****   hspi->pRxBuffPtr  = (uint8_t *)pData;
1547:Drivers/STM32F1xx_HAL_Driver/Src/stm32f1xx_hal_spi.c ****   hspi->RxXferSize  = Size;
1548:Drivers/STM32F1xx_HAL_Driver/Src/stm32f1xx_hal_spi.c ****   hspi->RxXferCount = Size;
1549:Drivers/STM32F1xx_HAL_Driver/Src/stm32f1xx_hal_spi.c **** 
1550:Drivers/STM32F1xx_HAL_Driver/Src/stm32f1xx_hal_spi.c ****   /* Init field not used in handle to zero */
1551:Drivers/STM32F1xx_HAL_Driver/Src/stm32f1xx_hal_spi.c ****   hspi->pTxBuffPtr  = (uint8_t *)NULL;
1552:Drivers/STM32F1xx_HAL_Driver/Src/stm32f1xx_hal_spi.c ****   hspi->TxXferSize  = 0U;
1553:Drivers/STM32F1xx_HAL_Driver/Src/stm32f1xx_hal_spi.c ****   hspi->TxXferCount = 0U;
1554:Drivers/STM32F1xx_HAL_Driver/Src/stm32f1xx_hal_spi.c ****   hspi->TxISR       = NULL;
1555:Drivers/STM32F1xx_HAL_Driver/Src/stm32f1xx_hal_spi.c **** 
1556:Drivers/STM32F1xx_HAL_Driver/Src/stm32f1xx_hal_spi.c ****   /* Set the function for IT treatment */
1557:Drivers/STM32F1xx_HAL_Driver/Src/stm32f1xx_hal_spi.c ****   if (hspi->Init.DataSize > SPI_DATASIZE_8BIT)
1558:Drivers/STM32F1xx_HAL_Driver/Src/stm32f1xx_hal_spi.c ****   {
1559:Drivers/STM32F1xx_HAL_Driver/Src/stm32f1xx_hal_spi.c ****     hspi->RxISR = SPI_RxISR_16BIT;
1560:Drivers/STM32F1xx_HAL_Driver/Src/stm32f1xx_hal_spi.c ****   }
1561:Drivers/STM32F1xx_HAL_Driver/Src/stm32f1xx_hal_spi.c ****   else
1562:Drivers/STM32F1xx_HAL_Driver/Src/stm32f1xx_hal_spi.c ****   {
1563:Drivers/STM32F1xx_HAL_Driver/Src/stm32f1xx_hal_spi.c ****     hspi->RxISR = SPI_RxISR_8BIT;
1564:Drivers/STM32F1xx_HAL_Driver/Src/stm32f1xx_hal_spi.c ****   }
1565:Drivers/STM32F1xx_HAL_Driver/Src/stm32f1xx_hal_spi.c **** 
1566:Drivers/STM32F1xx_HAL_Driver/Src/stm32f1xx_hal_spi.c ****   /* Configure communication direction : 1Line */
1567:Drivers/STM32F1xx_HAL_Driver/Src/stm32f1xx_hal_spi.c ****   if (hspi->Init.Direction == SPI_DIRECTION_1LINE)
1568:Drivers/STM32F1xx_HAL_Driver/Src/stm32f1xx_hal_spi.c ****   {
1569:Drivers/STM32F1xx_HAL_Driver/Src/stm32f1xx_hal_spi.c ****     /* Disable SPI Peripheral before set 1Line direction (BIDIOE bit) */
1570:Drivers/STM32F1xx_HAL_Driver/Src/stm32f1xx_hal_spi.c ****     __HAL_SPI_DISABLE(hspi);
1571:Drivers/STM32F1xx_HAL_Driver/Src/stm32f1xx_hal_spi.c ****     SPI_1LINE_RX(hspi);
ARM GAS  C:\Users\airforce\AppData\Local\Temp\cca1ZS9V.s 			page 29


1572:Drivers/STM32F1xx_HAL_Driver/Src/stm32f1xx_hal_spi.c ****   }
1573:Drivers/STM32F1xx_HAL_Driver/Src/stm32f1xx_hal_spi.c **** 
1574:Drivers/STM32F1xx_HAL_Driver/Src/stm32f1xx_hal_spi.c **** #if (USE_SPI_CRC != 0U)
1575:Drivers/STM32F1xx_HAL_Driver/Src/stm32f1xx_hal_spi.c ****   /* Reset CRC Calculation */
1576:Drivers/STM32F1xx_HAL_Driver/Src/stm32f1xx_hal_spi.c ****   if (hspi->Init.CRCCalculation == SPI_CRCCALCULATION_ENABLE)
1577:Drivers/STM32F1xx_HAL_Driver/Src/stm32f1xx_hal_spi.c ****   {
1578:Drivers/STM32F1xx_HAL_Driver/Src/stm32f1xx_hal_spi.c ****     SPI_RESET_CRC(hspi);
1579:Drivers/STM32F1xx_HAL_Driver/Src/stm32f1xx_hal_spi.c ****   }
1580:Drivers/STM32F1xx_HAL_Driver/Src/stm32f1xx_hal_spi.c **** #endif /* USE_SPI_CRC */
1581:Drivers/STM32F1xx_HAL_Driver/Src/stm32f1xx_hal_spi.c **** 
1582:Drivers/STM32F1xx_HAL_Driver/Src/stm32f1xx_hal_spi.c ****   /* Note : The SPI must be enabled after unlocking current process
1583:Drivers/STM32F1xx_HAL_Driver/Src/stm32f1xx_hal_spi.c ****             to avoid the risk of SPI interrupt handle execution before current
1584:Drivers/STM32F1xx_HAL_Driver/Src/stm32f1xx_hal_spi.c ****             process unlock */
1585:Drivers/STM32F1xx_HAL_Driver/Src/stm32f1xx_hal_spi.c **** 
1586:Drivers/STM32F1xx_HAL_Driver/Src/stm32f1xx_hal_spi.c ****   /* Check if the SPI is already enabled */
1587:Drivers/STM32F1xx_HAL_Driver/Src/stm32f1xx_hal_spi.c ****   if ((hspi->Instance->CR1 & SPI_CR1_SPE) != SPI_CR1_SPE)
1588:Drivers/STM32F1xx_HAL_Driver/Src/stm32f1xx_hal_spi.c ****   {
1589:Drivers/STM32F1xx_HAL_Driver/Src/stm32f1xx_hal_spi.c ****     /* Enable SPI peripheral */
1590:Drivers/STM32F1xx_HAL_Driver/Src/stm32f1xx_hal_spi.c ****     __HAL_SPI_ENABLE(hspi);
1591:Drivers/STM32F1xx_HAL_Driver/Src/stm32f1xx_hal_spi.c ****   }
1592:Drivers/STM32F1xx_HAL_Driver/Src/stm32f1xx_hal_spi.c **** 
1593:Drivers/STM32F1xx_HAL_Driver/Src/stm32f1xx_hal_spi.c ****   /* Process Unlocked */
1594:Drivers/STM32F1xx_HAL_Driver/Src/stm32f1xx_hal_spi.c ****   __HAL_UNLOCK(hspi);
1595:Drivers/STM32F1xx_HAL_Driver/Src/stm32f1xx_hal_spi.c ****   /* Enable RXNE and ERR interrupt */
1596:Drivers/STM32F1xx_HAL_Driver/Src/stm32f1xx_hal_spi.c ****   __HAL_SPI_ENABLE_IT(hspi, (SPI_IT_RXNE | SPI_IT_ERR));
1597:Drivers/STM32F1xx_HAL_Driver/Src/stm32f1xx_hal_spi.c **** 
1598:Drivers/STM32F1xx_HAL_Driver/Src/stm32f1xx_hal_spi.c ****   return HAL_OK;
1599:Drivers/STM32F1xx_HAL_Driver/Src/stm32f1xx_hal_spi.c **** }
1600:Drivers/STM32F1xx_HAL_Driver/Src/stm32f1xx_hal_spi.c **** 
1601:Drivers/STM32F1xx_HAL_Driver/Src/stm32f1xx_hal_spi.c **** /**
1602:Drivers/STM32F1xx_HAL_Driver/Src/stm32f1xx_hal_spi.c ****   * @brief  Transmit and Receive an amount of data in non-blocking mode with Interrupt.
1603:Drivers/STM32F1xx_HAL_Driver/Src/stm32f1xx_hal_spi.c ****   * @param  hspi pointer to a SPI_HandleTypeDef structure that contains
1604:Drivers/STM32F1xx_HAL_Driver/Src/stm32f1xx_hal_spi.c ****   *               the configuration information for SPI module.
1605:Drivers/STM32F1xx_HAL_Driver/Src/stm32f1xx_hal_spi.c ****   * @param  pTxData pointer to transmission data buffer
1606:Drivers/STM32F1xx_HAL_Driver/Src/stm32f1xx_hal_spi.c ****   * @param  pRxData pointer to reception data buffer
1607:Drivers/STM32F1xx_HAL_Driver/Src/stm32f1xx_hal_spi.c ****   * @param  Size amount of data to be sent and received
1608:Drivers/STM32F1xx_HAL_Driver/Src/stm32f1xx_hal_spi.c ****   * @retval HAL status
1609:Drivers/STM32F1xx_HAL_Driver/Src/stm32f1xx_hal_spi.c ****   */
1610:Drivers/STM32F1xx_HAL_Driver/Src/stm32f1xx_hal_spi.c **** HAL_StatusTypeDef HAL_SPI_TransmitReceive_IT(SPI_HandleTypeDef *hspi, const uint8_t *pTxData, uint8
1611:Drivers/STM32F1xx_HAL_Driver/Src/stm32f1xx_hal_spi.c ****                                              uint16_t Size)
1612:Drivers/STM32F1xx_HAL_Driver/Src/stm32f1xx_hal_spi.c **** {
1613:Drivers/STM32F1xx_HAL_Driver/Src/stm32f1xx_hal_spi.c ****   uint32_t             tmp_mode;
1614:Drivers/STM32F1xx_HAL_Driver/Src/stm32f1xx_hal_spi.c ****   HAL_SPI_StateTypeDef tmp_state;
1615:Drivers/STM32F1xx_HAL_Driver/Src/stm32f1xx_hal_spi.c **** 
1616:Drivers/STM32F1xx_HAL_Driver/Src/stm32f1xx_hal_spi.c ****   /* Check Direction parameter */
1617:Drivers/STM32F1xx_HAL_Driver/Src/stm32f1xx_hal_spi.c ****   assert_param(IS_SPI_DIRECTION_2LINES(hspi->Init.Direction));
1618:Drivers/STM32F1xx_HAL_Driver/Src/stm32f1xx_hal_spi.c **** 
1619:Drivers/STM32F1xx_HAL_Driver/Src/stm32f1xx_hal_spi.c ****   /* Init temporary variables */
1620:Drivers/STM32F1xx_HAL_Driver/Src/stm32f1xx_hal_spi.c ****   tmp_state           = hspi->State;
1621:Drivers/STM32F1xx_HAL_Driver/Src/stm32f1xx_hal_spi.c ****   tmp_mode            = hspi->Init.Mode;
1622:Drivers/STM32F1xx_HAL_Driver/Src/stm32f1xx_hal_spi.c **** 
1623:Drivers/STM32F1xx_HAL_Driver/Src/stm32f1xx_hal_spi.c ****   if (!((tmp_state == HAL_SPI_STATE_READY) || \
1624:Drivers/STM32F1xx_HAL_Driver/Src/stm32f1xx_hal_spi.c ****         ((tmp_mode == SPI_MODE_MASTER) && (hspi->Init.Direction == SPI_DIRECTION_2LINES) &&
1625:Drivers/STM32F1xx_HAL_Driver/Src/stm32f1xx_hal_spi.c ****          (tmp_state == HAL_SPI_STATE_BUSY_RX))))
1626:Drivers/STM32F1xx_HAL_Driver/Src/stm32f1xx_hal_spi.c ****   {
1627:Drivers/STM32F1xx_HAL_Driver/Src/stm32f1xx_hal_spi.c ****     return HAL_BUSY;
1628:Drivers/STM32F1xx_HAL_Driver/Src/stm32f1xx_hal_spi.c ****   }
ARM GAS  C:\Users\airforce\AppData\Local\Temp\cca1ZS9V.s 			page 30


1629:Drivers/STM32F1xx_HAL_Driver/Src/stm32f1xx_hal_spi.c **** 
1630:Drivers/STM32F1xx_HAL_Driver/Src/stm32f1xx_hal_spi.c ****   if ((pTxData == NULL) || (pRxData == NULL) || (Size == 0U))
1631:Drivers/STM32F1xx_HAL_Driver/Src/stm32f1xx_hal_spi.c ****   {
1632:Drivers/STM32F1xx_HAL_Driver/Src/stm32f1xx_hal_spi.c ****     return HAL_ERROR;
1633:Drivers/STM32F1xx_HAL_Driver/Src/stm32f1xx_hal_spi.c ****   }
1634:Drivers/STM32F1xx_HAL_Driver/Src/stm32f1xx_hal_spi.c **** 
1635:Drivers/STM32F1xx_HAL_Driver/Src/stm32f1xx_hal_spi.c ****   /* Process locked */
1636:Drivers/STM32F1xx_HAL_Driver/Src/stm32f1xx_hal_spi.c ****   __HAL_LOCK(hspi);
1637:Drivers/STM32F1xx_HAL_Driver/Src/stm32f1xx_hal_spi.c **** 
1638:Drivers/STM32F1xx_HAL_Driver/Src/stm32f1xx_hal_spi.c ****   /* Don't overwrite in case of HAL_SPI_STATE_BUSY_RX */
1639:Drivers/STM32F1xx_HAL_Driver/Src/stm32f1xx_hal_spi.c ****   if (hspi->State != HAL_SPI_STATE_BUSY_RX)
1640:Drivers/STM32F1xx_HAL_Driver/Src/stm32f1xx_hal_spi.c ****   {
1641:Drivers/STM32F1xx_HAL_Driver/Src/stm32f1xx_hal_spi.c ****     hspi->State = HAL_SPI_STATE_BUSY_TX_RX;
1642:Drivers/STM32F1xx_HAL_Driver/Src/stm32f1xx_hal_spi.c ****   }
1643:Drivers/STM32F1xx_HAL_Driver/Src/stm32f1xx_hal_spi.c **** 
1644:Drivers/STM32F1xx_HAL_Driver/Src/stm32f1xx_hal_spi.c ****   /* Set the transaction information */
1645:Drivers/STM32F1xx_HAL_Driver/Src/stm32f1xx_hal_spi.c ****   hspi->ErrorCode   = HAL_SPI_ERROR_NONE;
1646:Drivers/STM32F1xx_HAL_Driver/Src/stm32f1xx_hal_spi.c ****   hspi->pTxBuffPtr  = (const uint8_t *)pTxData;
1647:Drivers/STM32F1xx_HAL_Driver/Src/stm32f1xx_hal_spi.c ****   hspi->TxXferSize  = Size;
1648:Drivers/STM32F1xx_HAL_Driver/Src/stm32f1xx_hal_spi.c ****   hspi->TxXferCount = Size;
1649:Drivers/STM32F1xx_HAL_Driver/Src/stm32f1xx_hal_spi.c ****   hspi->pRxBuffPtr  = (uint8_t *)pRxData;
1650:Drivers/STM32F1xx_HAL_Driver/Src/stm32f1xx_hal_spi.c ****   hspi->RxXferSize  = Size;
1651:Drivers/STM32F1xx_HAL_Driver/Src/stm32f1xx_hal_spi.c ****   hspi->RxXferCount = Size;
1652:Drivers/STM32F1xx_HAL_Driver/Src/stm32f1xx_hal_spi.c **** 
1653:Drivers/STM32F1xx_HAL_Driver/Src/stm32f1xx_hal_spi.c ****   /* Set the function for IT treatment */
1654:Drivers/STM32F1xx_HAL_Driver/Src/stm32f1xx_hal_spi.c ****   if (hspi->Init.DataSize > SPI_DATASIZE_8BIT)
1655:Drivers/STM32F1xx_HAL_Driver/Src/stm32f1xx_hal_spi.c ****   {
1656:Drivers/STM32F1xx_HAL_Driver/Src/stm32f1xx_hal_spi.c ****     hspi->RxISR     = SPI_2linesRxISR_16BIT;
1657:Drivers/STM32F1xx_HAL_Driver/Src/stm32f1xx_hal_spi.c ****     hspi->TxISR     = SPI_2linesTxISR_16BIT;
1658:Drivers/STM32F1xx_HAL_Driver/Src/stm32f1xx_hal_spi.c ****   }
1659:Drivers/STM32F1xx_HAL_Driver/Src/stm32f1xx_hal_spi.c ****   else
1660:Drivers/STM32F1xx_HAL_Driver/Src/stm32f1xx_hal_spi.c ****   {
1661:Drivers/STM32F1xx_HAL_Driver/Src/stm32f1xx_hal_spi.c ****     hspi->RxISR     = SPI_2linesRxISR_8BIT;
1662:Drivers/STM32F1xx_HAL_Driver/Src/stm32f1xx_hal_spi.c ****     hspi->TxISR     = SPI_2linesTxISR_8BIT;
1663:Drivers/STM32F1xx_HAL_Driver/Src/stm32f1xx_hal_spi.c ****   }
1664:Drivers/STM32F1xx_HAL_Driver/Src/stm32f1xx_hal_spi.c **** 
1665:Drivers/STM32F1xx_HAL_Driver/Src/stm32f1xx_hal_spi.c **** #if (USE_SPI_CRC != 0U)
1666:Drivers/STM32F1xx_HAL_Driver/Src/stm32f1xx_hal_spi.c ****   /* Reset CRC Calculation */
1667:Drivers/STM32F1xx_HAL_Driver/Src/stm32f1xx_hal_spi.c ****   if (hspi->Init.CRCCalculation == SPI_CRCCALCULATION_ENABLE)
1668:Drivers/STM32F1xx_HAL_Driver/Src/stm32f1xx_hal_spi.c ****   {
1669:Drivers/STM32F1xx_HAL_Driver/Src/stm32f1xx_hal_spi.c ****     SPI_RESET_CRC(hspi);
1670:Drivers/STM32F1xx_HAL_Driver/Src/stm32f1xx_hal_spi.c ****   }
1671:Drivers/STM32F1xx_HAL_Driver/Src/stm32f1xx_hal_spi.c **** #endif /* USE_SPI_CRC */
1672:Drivers/STM32F1xx_HAL_Driver/Src/stm32f1xx_hal_spi.c **** 
1673:Drivers/STM32F1xx_HAL_Driver/Src/stm32f1xx_hal_spi.c **** 
1674:Drivers/STM32F1xx_HAL_Driver/Src/stm32f1xx_hal_spi.c ****   /* Check if the SPI is already enabled */
1675:Drivers/STM32F1xx_HAL_Driver/Src/stm32f1xx_hal_spi.c ****   if ((hspi->Instance->CR1 & SPI_CR1_SPE) != SPI_CR1_SPE)
1676:Drivers/STM32F1xx_HAL_Driver/Src/stm32f1xx_hal_spi.c ****   {
1677:Drivers/STM32F1xx_HAL_Driver/Src/stm32f1xx_hal_spi.c ****     /* Enable SPI peripheral */
1678:Drivers/STM32F1xx_HAL_Driver/Src/stm32f1xx_hal_spi.c ****     __HAL_SPI_ENABLE(hspi);
1679:Drivers/STM32F1xx_HAL_Driver/Src/stm32f1xx_hal_spi.c ****   }
1680:Drivers/STM32F1xx_HAL_Driver/Src/stm32f1xx_hal_spi.c **** 
1681:Drivers/STM32F1xx_HAL_Driver/Src/stm32f1xx_hal_spi.c ****   /* Process Unlocked */
1682:Drivers/STM32F1xx_HAL_Driver/Src/stm32f1xx_hal_spi.c ****   __HAL_UNLOCK(hspi);
1683:Drivers/STM32F1xx_HAL_Driver/Src/stm32f1xx_hal_spi.c ****   /* Enable TXE, RXNE and ERR interrupt */
1684:Drivers/STM32F1xx_HAL_Driver/Src/stm32f1xx_hal_spi.c ****   __HAL_SPI_ENABLE_IT(hspi, (SPI_IT_TXE | SPI_IT_RXNE | SPI_IT_ERR));
1685:Drivers/STM32F1xx_HAL_Driver/Src/stm32f1xx_hal_spi.c **** 
ARM GAS  C:\Users\airforce\AppData\Local\Temp\cca1ZS9V.s 			page 31


1686:Drivers/STM32F1xx_HAL_Driver/Src/stm32f1xx_hal_spi.c ****   return HAL_OK;
1687:Drivers/STM32F1xx_HAL_Driver/Src/stm32f1xx_hal_spi.c **** }
1688:Drivers/STM32F1xx_HAL_Driver/Src/stm32f1xx_hal_spi.c **** 
1689:Drivers/STM32F1xx_HAL_Driver/Src/stm32f1xx_hal_spi.c **** /**
1690:Drivers/STM32F1xx_HAL_Driver/Src/stm32f1xx_hal_spi.c ****   * @brief  Transmit an amount of data in non-blocking mode with DMA.
1691:Drivers/STM32F1xx_HAL_Driver/Src/stm32f1xx_hal_spi.c ****   * @param  hspi pointer to a SPI_HandleTypeDef structure that contains
1692:Drivers/STM32F1xx_HAL_Driver/Src/stm32f1xx_hal_spi.c ****   *               the configuration information for SPI module.
1693:Drivers/STM32F1xx_HAL_Driver/Src/stm32f1xx_hal_spi.c ****   * @param  pData pointer to data buffer
1694:Drivers/STM32F1xx_HAL_Driver/Src/stm32f1xx_hal_spi.c ****   * @param  Size amount of data to be sent
1695:Drivers/STM32F1xx_HAL_Driver/Src/stm32f1xx_hal_spi.c ****   * @retval HAL status
1696:Drivers/STM32F1xx_HAL_Driver/Src/stm32f1xx_hal_spi.c ****   */
1697:Drivers/STM32F1xx_HAL_Driver/Src/stm32f1xx_hal_spi.c **** HAL_StatusTypeDef HAL_SPI_Transmit_DMA(SPI_HandleTypeDef *hspi, const uint8_t *pData, uint16_t Size
1698:Drivers/STM32F1xx_HAL_Driver/Src/stm32f1xx_hal_spi.c **** {
1699:Drivers/STM32F1xx_HAL_Driver/Src/stm32f1xx_hal_spi.c **** 
1700:Drivers/STM32F1xx_HAL_Driver/Src/stm32f1xx_hal_spi.c ****   /* Check tx dma handle */
1701:Drivers/STM32F1xx_HAL_Driver/Src/stm32f1xx_hal_spi.c ****   assert_param(IS_SPI_DMA_HANDLE(hspi->hdmatx));
1702:Drivers/STM32F1xx_HAL_Driver/Src/stm32f1xx_hal_spi.c **** 
1703:Drivers/STM32F1xx_HAL_Driver/Src/stm32f1xx_hal_spi.c ****   /* Check Direction parameter */
1704:Drivers/STM32F1xx_HAL_Driver/Src/stm32f1xx_hal_spi.c ****   assert_param(IS_SPI_DIRECTION_2LINES_OR_1LINE(hspi->Init.Direction));
1705:Drivers/STM32F1xx_HAL_Driver/Src/stm32f1xx_hal_spi.c **** 
1706:Drivers/STM32F1xx_HAL_Driver/Src/stm32f1xx_hal_spi.c ****   if (hspi->State != HAL_SPI_STATE_READY)
1707:Drivers/STM32F1xx_HAL_Driver/Src/stm32f1xx_hal_spi.c ****   {
1708:Drivers/STM32F1xx_HAL_Driver/Src/stm32f1xx_hal_spi.c ****     return HAL_BUSY;
1709:Drivers/STM32F1xx_HAL_Driver/Src/stm32f1xx_hal_spi.c ****   }
1710:Drivers/STM32F1xx_HAL_Driver/Src/stm32f1xx_hal_spi.c **** 
1711:Drivers/STM32F1xx_HAL_Driver/Src/stm32f1xx_hal_spi.c ****   if ((pData == NULL) || (Size == 0U))
1712:Drivers/STM32F1xx_HAL_Driver/Src/stm32f1xx_hal_spi.c ****   {
1713:Drivers/STM32F1xx_HAL_Driver/Src/stm32f1xx_hal_spi.c ****     return HAL_ERROR;
1714:Drivers/STM32F1xx_HAL_Driver/Src/stm32f1xx_hal_spi.c ****   }
1715:Drivers/STM32F1xx_HAL_Driver/Src/stm32f1xx_hal_spi.c **** 
1716:Drivers/STM32F1xx_HAL_Driver/Src/stm32f1xx_hal_spi.c ****   /* Process Locked */
1717:Drivers/STM32F1xx_HAL_Driver/Src/stm32f1xx_hal_spi.c ****   __HAL_LOCK(hspi);
1718:Drivers/STM32F1xx_HAL_Driver/Src/stm32f1xx_hal_spi.c **** 
1719:Drivers/STM32F1xx_HAL_Driver/Src/stm32f1xx_hal_spi.c ****   /* Set the transaction information */
1720:Drivers/STM32F1xx_HAL_Driver/Src/stm32f1xx_hal_spi.c ****   hspi->State       = HAL_SPI_STATE_BUSY_TX;
1721:Drivers/STM32F1xx_HAL_Driver/Src/stm32f1xx_hal_spi.c ****   hspi->ErrorCode   = HAL_SPI_ERROR_NONE;
1722:Drivers/STM32F1xx_HAL_Driver/Src/stm32f1xx_hal_spi.c ****   hspi->pTxBuffPtr  = (const uint8_t *)pData;
1723:Drivers/STM32F1xx_HAL_Driver/Src/stm32f1xx_hal_spi.c ****   hspi->TxXferSize  = Size;
1724:Drivers/STM32F1xx_HAL_Driver/Src/stm32f1xx_hal_spi.c ****   hspi->TxXferCount = Size;
1725:Drivers/STM32F1xx_HAL_Driver/Src/stm32f1xx_hal_spi.c **** 
1726:Drivers/STM32F1xx_HAL_Driver/Src/stm32f1xx_hal_spi.c ****   /* Init field not used in handle to zero */
1727:Drivers/STM32F1xx_HAL_Driver/Src/stm32f1xx_hal_spi.c ****   hspi->pRxBuffPtr  = (uint8_t *)NULL;
1728:Drivers/STM32F1xx_HAL_Driver/Src/stm32f1xx_hal_spi.c ****   hspi->TxISR       = NULL;
1729:Drivers/STM32F1xx_HAL_Driver/Src/stm32f1xx_hal_spi.c ****   hspi->RxISR       = NULL;
1730:Drivers/STM32F1xx_HAL_Driver/Src/stm32f1xx_hal_spi.c ****   hspi->RxXferSize  = 0U;
1731:Drivers/STM32F1xx_HAL_Driver/Src/stm32f1xx_hal_spi.c ****   hspi->RxXferCount = 0U;
1732:Drivers/STM32F1xx_HAL_Driver/Src/stm32f1xx_hal_spi.c **** 
1733:Drivers/STM32F1xx_HAL_Driver/Src/stm32f1xx_hal_spi.c ****   /* Configure communication direction : 1Line */
1734:Drivers/STM32F1xx_HAL_Driver/Src/stm32f1xx_hal_spi.c ****   if (hspi->Init.Direction == SPI_DIRECTION_1LINE)
1735:Drivers/STM32F1xx_HAL_Driver/Src/stm32f1xx_hal_spi.c ****   {
1736:Drivers/STM32F1xx_HAL_Driver/Src/stm32f1xx_hal_spi.c ****     /* Disable SPI Peripheral before set 1Line direction (BIDIOE bit) */
1737:Drivers/STM32F1xx_HAL_Driver/Src/stm32f1xx_hal_spi.c ****     __HAL_SPI_DISABLE(hspi);
1738:Drivers/STM32F1xx_HAL_Driver/Src/stm32f1xx_hal_spi.c ****     SPI_1LINE_TX(hspi);
1739:Drivers/STM32F1xx_HAL_Driver/Src/stm32f1xx_hal_spi.c ****   }
1740:Drivers/STM32F1xx_HAL_Driver/Src/stm32f1xx_hal_spi.c **** 
1741:Drivers/STM32F1xx_HAL_Driver/Src/stm32f1xx_hal_spi.c **** #if (USE_SPI_CRC != 0U)
1742:Drivers/STM32F1xx_HAL_Driver/Src/stm32f1xx_hal_spi.c ****   /* Reset CRC Calculation */
ARM GAS  C:\Users\airforce\AppData\Local\Temp\cca1ZS9V.s 			page 32


1743:Drivers/STM32F1xx_HAL_Driver/Src/stm32f1xx_hal_spi.c ****   if (hspi->Init.CRCCalculation == SPI_CRCCALCULATION_ENABLE)
1744:Drivers/STM32F1xx_HAL_Driver/Src/stm32f1xx_hal_spi.c ****   {
1745:Drivers/STM32F1xx_HAL_Driver/Src/stm32f1xx_hal_spi.c ****     SPI_RESET_CRC(hspi);
1746:Drivers/STM32F1xx_HAL_Driver/Src/stm32f1xx_hal_spi.c ****   }
1747:Drivers/STM32F1xx_HAL_Driver/Src/stm32f1xx_hal_spi.c **** #endif /* USE_SPI_CRC */
1748:Drivers/STM32F1xx_HAL_Driver/Src/stm32f1xx_hal_spi.c **** 
1749:Drivers/STM32F1xx_HAL_Driver/Src/stm32f1xx_hal_spi.c ****   /* Set the SPI TxDMA Half transfer complete callback */
1750:Drivers/STM32F1xx_HAL_Driver/Src/stm32f1xx_hal_spi.c ****   hspi->hdmatx->XferHalfCpltCallback = SPI_DMAHalfTransmitCplt;
1751:Drivers/STM32F1xx_HAL_Driver/Src/stm32f1xx_hal_spi.c **** 
1752:Drivers/STM32F1xx_HAL_Driver/Src/stm32f1xx_hal_spi.c ****   /* Set the SPI TxDMA transfer complete callback */
1753:Drivers/STM32F1xx_HAL_Driver/Src/stm32f1xx_hal_spi.c ****   hspi->hdmatx->XferCpltCallback = SPI_DMATransmitCplt;
1754:Drivers/STM32F1xx_HAL_Driver/Src/stm32f1xx_hal_spi.c **** 
1755:Drivers/STM32F1xx_HAL_Driver/Src/stm32f1xx_hal_spi.c ****   /* Set the DMA error callback */
1756:Drivers/STM32F1xx_HAL_Driver/Src/stm32f1xx_hal_spi.c ****   hspi->hdmatx->XferErrorCallback = SPI_DMAError;
1757:Drivers/STM32F1xx_HAL_Driver/Src/stm32f1xx_hal_spi.c **** 
1758:Drivers/STM32F1xx_HAL_Driver/Src/stm32f1xx_hal_spi.c ****   /* Set the DMA AbortCpltCallback */
1759:Drivers/STM32F1xx_HAL_Driver/Src/stm32f1xx_hal_spi.c ****   hspi->hdmatx->XferAbortCallback = NULL;
1760:Drivers/STM32F1xx_HAL_Driver/Src/stm32f1xx_hal_spi.c **** 
1761:Drivers/STM32F1xx_HAL_Driver/Src/stm32f1xx_hal_spi.c ****   /* Enable the Tx DMA Stream/Channel */
1762:Drivers/STM32F1xx_HAL_Driver/Src/stm32f1xx_hal_spi.c ****   if (HAL_OK != HAL_DMA_Start_IT(hspi->hdmatx, (uint32_t)hspi->pTxBuffPtr, (uint32_t)&hspi->Instanc
1763:Drivers/STM32F1xx_HAL_Driver/Src/stm32f1xx_hal_spi.c ****                                  hspi->TxXferCount))
1764:Drivers/STM32F1xx_HAL_Driver/Src/stm32f1xx_hal_spi.c ****   {
1765:Drivers/STM32F1xx_HAL_Driver/Src/stm32f1xx_hal_spi.c ****     /* Update SPI error code */
1766:Drivers/STM32F1xx_HAL_Driver/Src/stm32f1xx_hal_spi.c ****     SET_BIT(hspi->ErrorCode, HAL_SPI_ERROR_DMA);
1767:Drivers/STM32F1xx_HAL_Driver/Src/stm32f1xx_hal_spi.c ****     /* Process Unlocked */
1768:Drivers/STM32F1xx_HAL_Driver/Src/stm32f1xx_hal_spi.c ****     __HAL_UNLOCK(hspi);
1769:Drivers/STM32F1xx_HAL_Driver/Src/stm32f1xx_hal_spi.c ****     return HAL_ERROR;
1770:Drivers/STM32F1xx_HAL_Driver/Src/stm32f1xx_hal_spi.c ****   }
1771:Drivers/STM32F1xx_HAL_Driver/Src/stm32f1xx_hal_spi.c **** 
1772:Drivers/STM32F1xx_HAL_Driver/Src/stm32f1xx_hal_spi.c ****   /* Check if the SPI is already enabled */
1773:Drivers/STM32F1xx_HAL_Driver/Src/stm32f1xx_hal_spi.c ****   if ((hspi->Instance->CR1 & SPI_CR1_SPE) != SPI_CR1_SPE)
1774:Drivers/STM32F1xx_HAL_Driver/Src/stm32f1xx_hal_spi.c ****   {
1775:Drivers/STM32F1xx_HAL_Driver/Src/stm32f1xx_hal_spi.c ****     /* Enable SPI peripheral */
1776:Drivers/STM32F1xx_HAL_Driver/Src/stm32f1xx_hal_spi.c ****     __HAL_SPI_ENABLE(hspi);
1777:Drivers/STM32F1xx_HAL_Driver/Src/stm32f1xx_hal_spi.c ****   }
1778:Drivers/STM32F1xx_HAL_Driver/Src/stm32f1xx_hal_spi.c **** 
1779:Drivers/STM32F1xx_HAL_Driver/Src/stm32f1xx_hal_spi.c ****   /* Process Unlocked */
1780:Drivers/STM32F1xx_HAL_Driver/Src/stm32f1xx_hal_spi.c ****   __HAL_UNLOCK(hspi);
1781:Drivers/STM32F1xx_HAL_Driver/Src/stm32f1xx_hal_spi.c **** 
1782:Drivers/STM32F1xx_HAL_Driver/Src/stm32f1xx_hal_spi.c ****   /* Enable the SPI Error Interrupt Bit */
1783:Drivers/STM32F1xx_HAL_Driver/Src/stm32f1xx_hal_spi.c ****   __HAL_SPI_ENABLE_IT(hspi, (SPI_IT_ERR));
1784:Drivers/STM32F1xx_HAL_Driver/Src/stm32f1xx_hal_spi.c **** 
1785:Drivers/STM32F1xx_HAL_Driver/Src/stm32f1xx_hal_spi.c ****   /* Enable Tx DMA Request */
1786:Drivers/STM32F1xx_HAL_Driver/Src/stm32f1xx_hal_spi.c ****   SET_BIT(hspi->Instance->CR2, SPI_CR2_TXDMAEN);
1787:Drivers/STM32F1xx_HAL_Driver/Src/stm32f1xx_hal_spi.c **** 
1788:Drivers/STM32F1xx_HAL_Driver/Src/stm32f1xx_hal_spi.c ****   return HAL_OK;
1789:Drivers/STM32F1xx_HAL_Driver/Src/stm32f1xx_hal_spi.c **** }
1790:Drivers/STM32F1xx_HAL_Driver/Src/stm32f1xx_hal_spi.c **** 
1791:Drivers/STM32F1xx_HAL_Driver/Src/stm32f1xx_hal_spi.c **** /**
1792:Drivers/STM32F1xx_HAL_Driver/Src/stm32f1xx_hal_spi.c ****   * @brief  Receive an amount of data in non-blocking mode with DMA.
1793:Drivers/STM32F1xx_HAL_Driver/Src/stm32f1xx_hal_spi.c ****   * @note   In case of MASTER mode and SPI_DIRECTION_2LINES direction, hdmatx shall be defined.
1794:Drivers/STM32F1xx_HAL_Driver/Src/stm32f1xx_hal_spi.c ****   * @param  hspi pointer to a SPI_HandleTypeDef structure that contains
1795:Drivers/STM32F1xx_HAL_Driver/Src/stm32f1xx_hal_spi.c ****   *               the configuration information for SPI module.
1796:Drivers/STM32F1xx_HAL_Driver/Src/stm32f1xx_hal_spi.c ****   * @param  pData pointer to data buffer
1797:Drivers/STM32F1xx_HAL_Driver/Src/stm32f1xx_hal_spi.c ****   * @note   When the CRC feature is enabled the pData Length must be Size + 1.
1798:Drivers/STM32F1xx_HAL_Driver/Src/stm32f1xx_hal_spi.c ****   * @param  Size amount of data to be sent
1799:Drivers/STM32F1xx_HAL_Driver/Src/stm32f1xx_hal_spi.c ****   * @retval HAL status
ARM GAS  C:\Users\airforce\AppData\Local\Temp\cca1ZS9V.s 			page 33


1800:Drivers/STM32F1xx_HAL_Driver/Src/stm32f1xx_hal_spi.c ****   */
1801:Drivers/STM32F1xx_HAL_Driver/Src/stm32f1xx_hal_spi.c **** HAL_StatusTypeDef HAL_SPI_Receive_DMA(SPI_HandleTypeDef *hspi, uint8_t *pData, uint16_t Size)
1802:Drivers/STM32F1xx_HAL_Driver/Src/stm32f1xx_hal_spi.c **** {
1803:Drivers/STM32F1xx_HAL_Driver/Src/stm32f1xx_hal_spi.c ****   /* Check rx dma handle */
1804:Drivers/STM32F1xx_HAL_Driver/Src/stm32f1xx_hal_spi.c ****   assert_param(IS_SPI_DMA_HANDLE(hspi->hdmarx));
1805:Drivers/STM32F1xx_HAL_Driver/Src/stm32f1xx_hal_spi.c **** 
1806:Drivers/STM32F1xx_HAL_Driver/Src/stm32f1xx_hal_spi.c ****   if (hspi->State != HAL_SPI_STATE_READY)
1807:Drivers/STM32F1xx_HAL_Driver/Src/stm32f1xx_hal_spi.c ****   {
1808:Drivers/STM32F1xx_HAL_Driver/Src/stm32f1xx_hal_spi.c ****     return HAL_BUSY;
1809:Drivers/STM32F1xx_HAL_Driver/Src/stm32f1xx_hal_spi.c ****   }
1810:Drivers/STM32F1xx_HAL_Driver/Src/stm32f1xx_hal_spi.c **** 
1811:Drivers/STM32F1xx_HAL_Driver/Src/stm32f1xx_hal_spi.c ****   if ((hspi->Init.Direction == SPI_DIRECTION_2LINES) && (hspi->Init.Mode == SPI_MODE_MASTER))
1812:Drivers/STM32F1xx_HAL_Driver/Src/stm32f1xx_hal_spi.c ****   {
1813:Drivers/STM32F1xx_HAL_Driver/Src/stm32f1xx_hal_spi.c ****     hspi->State = HAL_SPI_STATE_BUSY_RX;
1814:Drivers/STM32F1xx_HAL_Driver/Src/stm32f1xx_hal_spi.c **** 
1815:Drivers/STM32F1xx_HAL_Driver/Src/stm32f1xx_hal_spi.c ****     /* Check tx dma handle */
1816:Drivers/STM32F1xx_HAL_Driver/Src/stm32f1xx_hal_spi.c ****     assert_param(IS_SPI_DMA_HANDLE(hspi->hdmatx));
1817:Drivers/STM32F1xx_HAL_Driver/Src/stm32f1xx_hal_spi.c **** 
1818:Drivers/STM32F1xx_HAL_Driver/Src/stm32f1xx_hal_spi.c ****     /* Call transmit-receive function to send Dummy data on Tx line and generate clock on CLK line 
1819:Drivers/STM32F1xx_HAL_Driver/Src/stm32f1xx_hal_spi.c ****     return HAL_SPI_TransmitReceive_DMA(hspi, pData, pData, Size);
1820:Drivers/STM32F1xx_HAL_Driver/Src/stm32f1xx_hal_spi.c ****   }
1821:Drivers/STM32F1xx_HAL_Driver/Src/stm32f1xx_hal_spi.c **** 
1822:Drivers/STM32F1xx_HAL_Driver/Src/stm32f1xx_hal_spi.c ****   if ((pData == NULL) || (Size == 0U))
1823:Drivers/STM32F1xx_HAL_Driver/Src/stm32f1xx_hal_spi.c ****   {
1824:Drivers/STM32F1xx_HAL_Driver/Src/stm32f1xx_hal_spi.c ****     return HAL_ERROR;
1825:Drivers/STM32F1xx_HAL_Driver/Src/stm32f1xx_hal_spi.c ****   }
1826:Drivers/STM32F1xx_HAL_Driver/Src/stm32f1xx_hal_spi.c **** 
1827:Drivers/STM32F1xx_HAL_Driver/Src/stm32f1xx_hal_spi.c ****   /* Process Locked */
1828:Drivers/STM32F1xx_HAL_Driver/Src/stm32f1xx_hal_spi.c ****   __HAL_LOCK(hspi);
1829:Drivers/STM32F1xx_HAL_Driver/Src/stm32f1xx_hal_spi.c **** 
1830:Drivers/STM32F1xx_HAL_Driver/Src/stm32f1xx_hal_spi.c ****   /* Set the transaction information */
1831:Drivers/STM32F1xx_HAL_Driver/Src/stm32f1xx_hal_spi.c ****   hspi->State       = HAL_SPI_STATE_BUSY_RX;
1832:Drivers/STM32F1xx_HAL_Driver/Src/stm32f1xx_hal_spi.c ****   hspi->ErrorCode   = HAL_SPI_ERROR_NONE;
1833:Drivers/STM32F1xx_HAL_Driver/Src/stm32f1xx_hal_spi.c ****   hspi->pRxBuffPtr  = (uint8_t *)pData;
1834:Drivers/STM32F1xx_HAL_Driver/Src/stm32f1xx_hal_spi.c ****   hspi->RxXferSize  = Size;
1835:Drivers/STM32F1xx_HAL_Driver/Src/stm32f1xx_hal_spi.c ****   hspi->RxXferCount = Size;
1836:Drivers/STM32F1xx_HAL_Driver/Src/stm32f1xx_hal_spi.c **** 
1837:Drivers/STM32F1xx_HAL_Driver/Src/stm32f1xx_hal_spi.c ****   /*Init field not used in handle to zero */
1838:Drivers/STM32F1xx_HAL_Driver/Src/stm32f1xx_hal_spi.c ****   hspi->RxISR       = NULL;
1839:Drivers/STM32F1xx_HAL_Driver/Src/stm32f1xx_hal_spi.c ****   hspi->TxISR       = NULL;
1840:Drivers/STM32F1xx_HAL_Driver/Src/stm32f1xx_hal_spi.c ****   hspi->TxXferSize  = 0U;
1841:Drivers/STM32F1xx_HAL_Driver/Src/stm32f1xx_hal_spi.c ****   hspi->TxXferCount = 0U;
1842:Drivers/STM32F1xx_HAL_Driver/Src/stm32f1xx_hal_spi.c **** 
1843:Drivers/STM32F1xx_HAL_Driver/Src/stm32f1xx_hal_spi.c ****   /* Configure communication direction : 1Line */
1844:Drivers/STM32F1xx_HAL_Driver/Src/stm32f1xx_hal_spi.c ****   if (hspi->Init.Direction == SPI_DIRECTION_1LINE)
1845:Drivers/STM32F1xx_HAL_Driver/Src/stm32f1xx_hal_spi.c ****   {
1846:Drivers/STM32F1xx_HAL_Driver/Src/stm32f1xx_hal_spi.c ****     /* Disable SPI Peripheral before set 1Line direction (BIDIOE bit) */
1847:Drivers/STM32F1xx_HAL_Driver/Src/stm32f1xx_hal_spi.c ****     __HAL_SPI_DISABLE(hspi);
1848:Drivers/STM32F1xx_HAL_Driver/Src/stm32f1xx_hal_spi.c ****     SPI_1LINE_RX(hspi);
1849:Drivers/STM32F1xx_HAL_Driver/Src/stm32f1xx_hal_spi.c ****   }
1850:Drivers/STM32F1xx_HAL_Driver/Src/stm32f1xx_hal_spi.c **** 
1851:Drivers/STM32F1xx_HAL_Driver/Src/stm32f1xx_hal_spi.c **** #if (USE_SPI_CRC != 0U)
1852:Drivers/STM32F1xx_HAL_Driver/Src/stm32f1xx_hal_spi.c ****   /* Reset CRC Calculation */
1853:Drivers/STM32F1xx_HAL_Driver/Src/stm32f1xx_hal_spi.c ****   if (hspi->Init.CRCCalculation == SPI_CRCCALCULATION_ENABLE)
1854:Drivers/STM32F1xx_HAL_Driver/Src/stm32f1xx_hal_spi.c ****   {
1855:Drivers/STM32F1xx_HAL_Driver/Src/stm32f1xx_hal_spi.c ****     SPI_RESET_CRC(hspi);
1856:Drivers/STM32F1xx_HAL_Driver/Src/stm32f1xx_hal_spi.c ****   }
ARM GAS  C:\Users\airforce\AppData\Local\Temp\cca1ZS9V.s 			page 34


1857:Drivers/STM32F1xx_HAL_Driver/Src/stm32f1xx_hal_spi.c **** #endif /* USE_SPI_CRC */
1858:Drivers/STM32F1xx_HAL_Driver/Src/stm32f1xx_hal_spi.c **** 
1859:Drivers/STM32F1xx_HAL_Driver/Src/stm32f1xx_hal_spi.c ****   /* Set the SPI RxDMA Half transfer complete callback */
1860:Drivers/STM32F1xx_HAL_Driver/Src/stm32f1xx_hal_spi.c ****   hspi->hdmarx->XferHalfCpltCallback = SPI_DMAHalfReceiveCplt;
1861:Drivers/STM32F1xx_HAL_Driver/Src/stm32f1xx_hal_spi.c **** 
1862:Drivers/STM32F1xx_HAL_Driver/Src/stm32f1xx_hal_spi.c ****   /* Set the SPI Rx DMA transfer complete callback */
1863:Drivers/STM32F1xx_HAL_Driver/Src/stm32f1xx_hal_spi.c ****   hspi->hdmarx->XferCpltCallback = SPI_DMAReceiveCplt;
1864:Drivers/STM32F1xx_HAL_Driver/Src/stm32f1xx_hal_spi.c **** 
1865:Drivers/STM32F1xx_HAL_Driver/Src/stm32f1xx_hal_spi.c ****   /* Set the DMA error callback */
1866:Drivers/STM32F1xx_HAL_Driver/Src/stm32f1xx_hal_spi.c ****   hspi->hdmarx->XferErrorCallback = SPI_DMAError;
1867:Drivers/STM32F1xx_HAL_Driver/Src/stm32f1xx_hal_spi.c **** 
1868:Drivers/STM32F1xx_HAL_Driver/Src/stm32f1xx_hal_spi.c ****   /* Set the DMA AbortCpltCallback */
1869:Drivers/STM32F1xx_HAL_Driver/Src/stm32f1xx_hal_spi.c ****   hspi->hdmarx->XferAbortCallback = NULL;
1870:Drivers/STM32F1xx_HAL_Driver/Src/stm32f1xx_hal_spi.c **** 
1871:Drivers/STM32F1xx_HAL_Driver/Src/stm32f1xx_hal_spi.c ****   /* Enable the Rx DMA Stream/Channel  */
1872:Drivers/STM32F1xx_HAL_Driver/Src/stm32f1xx_hal_spi.c ****   if (HAL_OK != HAL_DMA_Start_IT(hspi->hdmarx, (uint32_t)&hspi->Instance->DR, (uint32_t)hspi->pRxBu
1873:Drivers/STM32F1xx_HAL_Driver/Src/stm32f1xx_hal_spi.c ****                                  hspi->RxXferCount))
1874:Drivers/STM32F1xx_HAL_Driver/Src/stm32f1xx_hal_spi.c ****   {
1875:Drivers/STM32F1xx_HAL_Driver/Src/stm32f1xx_hal_spi.c ****     /* Update SPI error code */
1876:Drivers/STM32F1xx_HAL_Driver/Src/stm32f1xx_hal_spi.c ****     SET_BIT(hspi->ErrorCode, HAL_SPI_ERROR_DMA);
1877:Drivers/STM32F1xx_HAL_Driver/Src/stm32f1xx_hal_spi.c ****     /* Process Unlocked */
1878:Drivers/STM32F1xx_HAL_Driver/Src/stm32f1xx_hal_spi.c ****     __HAL_UNLOCK(hspi);
1879:Drivers/STM32F1xx_HAL_Driver/Src/stm32f1xx_hal_spi.c ****     return HAL_ERROR;
1880:Drivers/STM32F1xx_HAL_Driver/Src/stm32f1xx_hal_spi.c ****   }
1881:Drivers/STM32F1xx_HAL_Driver/Src/stm32f1xx_hal_spi.c **** 
1882:Drivers/STM32F1xx_HAL_Driver/Src/stm32f1xx_hal_spi.c ****   /* Check if the SPI is already enabled */
1883:Drivers/STM32F1xx_HAL_Driver/Src/stm32f1xx_hal_spi.c ****   if ((hspi->Instance->CR1 & SPI_CR1_SPE) != SPI_CR1_SPE)
1884:Drivers/STM32F1xx_HAL_Driver/Src/stm32f1xx_hal_spi.c ****   {
1885:Drivers/STM32F1xx_HAL_Driver/Src/stm32f1xx_hal_spi.c ****     /* Enable SPI peripheral */
1886:Drivers/STM32F1xx_HAL_Driver/Src/stm32f1xx_hal_spi.c ****     __HAL_SPI_ENABLE(hspi);
1887:Drivers/STM32F1xx_HAL_Driver/Src/stm32f1xx_hal_spi.c ****   }
1888:Drivers/STM32F1xx_HAL_Driver/Src/stm32f1xx_hal_spi.c **** 
1889:Drivers/STM32F1xx_HAL_Driver/Src/stm32f1xx_hal_spi.c ****   /* Process Unlocked */
1890:Drivers/STM32F1xx_HAL_Driver/Src/stm32f1xx_hal_spi.c ****   __HAL_UNLOCK(hspi);
1891:Drivers/STM32F1xx_HAL_Driver/Src/stm32f1xx_hal_spi.c **** 
1892:Drivers/STM32F1xx_HAL_Driver/Src/stm32f1xx_hal_spi.c ****   /* Enable the SPI Error Interrupt Bit */
1893:Drivers/STM32F1xx_HAL_Driver/Src/stm32f1xx_hal_spi.c ****   __HAL_SPI_ENABLE_IT(hspi, (SPI_IT_ERR));
1894:Drivers/STM32F1xx_HAL_Driver/Src/stm32f1xx_hal_spi.c **** 
1895:Drivers/STM32F1xx_HAL_Driver/Src/stm32f1xx_hal_spi.c ****   /* Enable Rx DMA Request */
1896:Drivers/STM32F1xx_HAL_Driver/Src/stm32f1xx_hal_spi.c ****   SET_BIT(hspi->Instance->CR2, SPI_CR2_RXDMAEN);
1897:Drivers/STM32F1xx_HAL_Driver/Src/stm32f1xx_hal_spi.c **** 
1898:Drivers/STM32F1xx_HAL_Driver/Src/stm32f1xx_hal_spi.c ****   return HAL_OK;
1899:Drivers/STM32F1xx_HAL_Driver/Src/stm32f1xx_hal_spi.c **** }
1900:Drivers/STM32F1xx_HAL_Driver/Src/stm32f1xx_hal_spi.c **** 
1901:Drivers/STM32F1xx_HAL_Driver/Src/stm32f1xx_hal_spi.c **** /**
1902:Drivers/STM32F1xx_HAL_Driver/Src/stm32f1xx_hal_spi.c ****   * @brief  Transmit and Receive an amount of data in non-blocking mode with DMA.
1903:Drivers/STM32F1xx_HAL_Driver/Src/stm32f1xx_hal_spi.c ****   * @param  hspi pointer to a SPI_HandleTypeDef structure that contains
1904:Drivers/STM32F1xx_HAL_Driver/Src/stm32f1xx_hal_spi.c ****   *               the configuration information for SPI module.
1905:Drivers/STM32F1xx_HAL_Driver/Src/stm32f1xx_hal_spi.c ****   * @param  pTxData pointer to transmission data buffer
1906:Drivers/STM32F1xx_HAL_Driver/Src/stm32f1xx_hal_spi.c ****   * @param  pRxData pointer to reception data buffer
1907:Drivers/STM32F1xx_HAL_Driver/Src/stm32f1xx_hal_spi.c ****   * @note   When the CRC feature is enabled the pRxData Length must be Size + 1
1908:Drivers/STM32F1xx_HAL_Driver/Src/stm32f1xx_hal_spi.c ****   * @param  Size amount of data to be sent
1909:Drivers/STM32F1xx_HAL_Driver/Src/stm32f1xx_hal_spi.c ****   * @retval HAL status
1910:Drivers/STM32F1xx_HAL_Driver/Src/stm32f1xx_hal_spi.c ****   */
1911:Drivers/STM32F1xx_HAL_Driver/Src/stm32f1xx_hal_spi.c **** HAL_StatusTypeDef HAL_SPI_TransmitReceive_DMA(SPI_HandleTypeDef *hspi, const uint8_t *pTxData, uint
1912:Drivers/STM32F1xx_HAL_Driver/Src/stm32f1xx_hal_spi.c ****                                               uint16_t Size)
1913:Drivers/STM32F1xx_HAL_Driver/Src/stm32f1xx_hal_spi.c **** {
ARM GAS  C:\Users\airforce\AppData\Local\Temp\cca1ZS9V.s 			page 35


1914:Drivers/STM32F1xx_HAL_Driver/Src/stm32f1xx_hal_spi.c ****   uint32_t             tmp_mode;
1915:Drivers/STM32F1xx_HAL_Driver/Src/stm32f1xx_hal_spi.c ****   HAL_SPI_StateTypeDef tmp_state;
1916:Drivers/STM32F1xx_HAL_Driver/Src/stm32f1xx_hal_spi.c **** 
1917:Drivers/STM32F1xx_HAL_Driver/Src/stm32f1xx_hal_spi.c ****   /* Check rx & tx dma handles */
1918:Drivers/STM32F1xx_HAL_Driver/Src/stm32f1xx_hal_spi.c ****   assert_param(IS_SPI_DMA_HANDLE(hspi->hdmarx));
1919:Drivers/STM32F1xx_HAL_Driver/Src/stm32f1xx_hal_spi.c ****   assert_param(IS_SPI_DMA_HANDLE(hspi->hdmatx));
1920:Drivers/STM32F1xx_HAL_Driver/Src/stm32f1xx_hal_spi.c **** 
1921:Drivers/STM32F1xx_HAL_Driver/Src/stm32f1xx_hal_spi.c ****   /* Check Direction parameter */
1922:Drivers/STM32F1xx_HAL_Driver/Src/stm32f1xx_hal_spi.c ****   assert_param(IS_SPI_DIRECTION_2LINES(hspi->Init.Direction));
1923:Drivers/STM32F1xx_HAL_Driver/Src/stm32f1xx_hal_spi.c **** 
1924:Drivers/STM32F1xx_HAL_Driver/Src/stm32f1xx_hal_spi.c ****   /* Init temporary variables */
1925:Drivers/STM32F1xx_HAL_Driver/Src/stm32f1xx_hal_spi.c ****   tmp_state           = hspi->State;
1926:Drivers/STM32F1xx_HAL_Driver/Src/stm32f1xx_hal_spi.c ****   tmp_mode            = hspi->Init.Mode;
1927:Drivers/STM32F1xx_HAL_Driver/Src/stm32f1xx_hal_spi.c **** 
1928:Drivers/STM32F1xx_HAL_Driver/Src/stm32f1xx_hal_spi.c ****   if (!((tmp_state == HAL_SPI_STATE_READY) ||
1929:Drivers/STM32F1xx_HAL_Driver/Src/stm32f1xx_hal_spi.c ****         ((tmp_mode == SPI_MODE_MASTER) && (hspi->Init.Direction == SPI_DIRECTION_2LINES) &&
1930:Drivers/STM32F1xx_HAL_Driver/Src/stm32f1xx_hal_spi.c ****          (tmp_state == HAL_SPI_STATE_BUSY_RX))))
1931:Drivers/STM32F1xx_HAL_Driver/Src/stm32f1xx_hal_spi.c ****   {
1932:Drivers/STM32F1xx_HAL_Driver/Src/stm32f1xx_hal_spi.c ****     return HAL_BUSY;
1933:Drivers/STM32F1xx_HAL_Driver/Src/stm32f1xx_hal_spi.c ****   }
1934:Drivers/STM32F1xx_HAL_Driver/Src/stm32f1xx_hal_spi.c **** 
1935:Drivers/STM32F1xx_HAL_Driver/Src/stm32f1xx_hal_spi.c ****   if ((pTxData == NULL) || (pRxData == NULL) || (Size == 0U))
1936:Drivers/STM32F1xx_HAL_Driver/Src/stm32f1xx_hal_spi.c ****   {
1937:Drivers/STM32F1xx_HAL_Driver/Src/stm32f1xx_hal_spi.c ****     return HAL_ERROR;
1938:Drivers/STM32F1xx_HAL_Driver/Src/stm32f1xx_hal_spi.c ****   }
1939:Drivers/STM32F1xx_HAL_Driver/Src/stm32f1xx_hal_spi.c **** 
1940:Drivers/STM32F1xx_HAL_Driver/Src/stm32f1xx_hal_spi.c ****   /* Process locked */
1941:Drivers/STM32F1xx_HAL_Driver/Src/stm32f1xx_hal_spi.c ****   __HAL_LOCK(hspi);
1942:Drivers/STM32F1xx_HAL_Driver/Src/stm32f1xx_hal_spi.c **** 
1943:Drivers/STM32F1xx_HAL_Driver/Src/stm32f1xx_hal_spi.c ****   /* Don't overwrite in case of HAL_SPI_STATE_BUSY_RX */
1944:Drivers/STM32F1xx_HAL_Driver/Src/stm32f1xx_hal_spi.c ****   if (hspi->State != HAL_SPI_STATE_BUSY_RX)
1945:Drivers/STM32F1xx_HAL_Driver/Src/stm32f1xx_hal_spi.c ****   {
1946:Drivers/STM32F1xx_HAL_Driver/Src/stm32f1xx_hal_spi.c ****     hspi->State = HAL_SPI_STATE_BUSY_TX_RX;
1947:Drivers/STM32F1xx_HAL_Driver/Src/stm32f1xx_hal_spi.c ****   }
1948:Drivers/STM32F1xx_HAL_Driver/Src/stm32f1xx_hal_spi.c **** 
1949:Drivers/STM32F1xx_HAL_Driver/Src/stm32f1xx_hal_spi.c ****   /* Set the transaction information */
1950:Drivers/STM32F1xx_HAL_Driver/Src/stm32f1xx_hal_spi.c ****   hspi->ErrorCode   = HAL_SPI_ERROR_NONE;
1951:Drivers/STM32F1xx_HAL_Driver/Src/stm32f1xx_hal_spi.c ****   hspi->pTxBuffPtr  = (const uint8_t *)pTxData;
1952:Drivers/STM32F1xx_HAL_Driver/Src/stm32f1xx_hal_spi.c ****   hspi->TxXferSize  = Size;
1953:Drivers/STM32F1xx_HAL_Driver/Src/stm32f1xx_hal_spi.c ****   hspi->TxXferCount = Size;
1954:Drivers/STM32F1xx_HAL_Driver/Src/stm32f1xx_hal_spi.c ****   hspi->pRxBuffPtr  = (uint8_t *)pRxData;
1955:Drivers/STM32F1xx_HAL_Driver/Src/stm32f1xx_hal_spi.c ****   hspi->RxXferSize  = Size;
1956:Drivers/STM32F1xx_HAL_Driver/Src/stm32f1xx_hal_spi.c ****   hspi->RxXferCount = Size;
1957:Drivers/STM32F1xx_HAL_Driver/Src/stm32f1xx_hal_spi.c **** 
1958:Drivers/STM32F1xx_HAL_Driver/Src/stm32f1xx_hal_spi.c ****   /* Init field not used in handle to zero */
1959:Drivers/STM32F1xx_HAL_Driver/Src/stm32f1xx_hal_spi.c ****   hspi->RxISR       = NULL;
1960:Drivers/STM32F1xx_HAL_Driver/Src/stm32f1xx_hal_spi.c ****   hspi->TxISR       = NULL;
1961:Drivers/STM32F1xx_HAL_Driver/Src/stm32f1xx_hal_spi.c **** 
1962:Drivers/STM32F1xx_HAL_Driver/Src/stm32f1xx_hal_spi.c **** #if (USE_SPI_CRC != 0U)
1963:Drivers/STM32F1xx_HAL_Driver/Src/stm32f1xx_hal_spi.c ****   /* Reset CRC Calculation */
1964:Drivers/STM32F1xx_HAL_Driver/Src/stm32f1xx_hal_spi.c ****   if (hspi->Init.CRCCalculation == SPI_CRCCALCULATION_ENABLE)
1965:Drivers/STM32F1xx_HAL_Driver/Src/stm32f1xx_hal_spi.c ****   {
1966:Drivers/STM32F1xx_HAL_Driver/Src/stm32f1xx_hal_spi.c ****     SPI_RESET_CRC(hspi);
1967:Drivers/STM32F1xx_HAL_Driver/Src/stm32f1xx_hal_spi.c ****   }
1968:Drivers/STM32F1xx_HAL_Driver/Src/stm32f1xx_hal_spi.c **** #endif /* USE_SPI_CRC */
1969:Drivers/STM32F1xx_HAL_Driver/Src/stm32f1xx_hal_spi.c **** 
1970:Drivers/STM32F1xx_HAL_Driver/Src/stm32f1xx_hal_spi.c ****   /* Check if we are in Rx only or in Rx/Tx Mode and configure the DMA transfer complete callback *
ARM GAS  C:\Users\airforce\AppData\Local\Temp\cca1ZS9V.s 			page 36


1971:Drivers/STM32F1xx_HAL_Driver/Src/stm32f1xx_hal_spi.c ****   if (hspi->State == HAL_SPI_STATE_BUSY_RX)
1972:Drivers/STM32F1xx_HAL_Driver/Src/stm32f1xx_hal_spi.c ****   {
1973:Drivers/STM32F1xx_HAL_Driver/Src/stm32f1xx_hal_spi.c ****     /* Set the SPI Rx DMA Half transfer complete callback */
1974:Drivers/STM32F1xx_HAL_Driver/Src/stm32f1xx_hal_spi.c ****     hspi->hdmarx->XferHalfCpltCallback = SPI_DMAHalfReceiveCplt;
1975:Drivers/STM32F1xx_HAL_Driver/Src/stm32f1xx_hal_spi.c ****     hspi->hdmarx->XferCpltCallback     = SPI_DMAReceiveCplt;
1976:Drivers/STM32F1xx_HAL_Driver/Src/stm32f1xx_hal_spi.c ****   }
1977:Drivers/STM32F1xx_HAL_Driver/Src/stm32f1xx_hal_spi.c ****   else
1978:Drivers/STM32F1xx_HAL_Driver/Src/stm32f1xx_hal_spi.c ****   {
1979:Drivers/STM32F1xx_HAL_Driver/Src/stm32f1xx_hal_spi.c ****     /* Set the SPI Tx/Rx DMA Half transfer complete callback */
1980:Drivers/STM32F1xx_HAL_Driver/Src/stm32f1xx_hal_spi.c ****     hspi->hdmarx->XferHalfCpltCallback = SPI_DMAHalfTransmitReceiveCplt;
1981:Drivers/STM32F1xx_HAL_Driver/Src/stm32f1xx_hal_spi.c ****     hspi->hdmarx->XferCpltCallback     = SPI_DMATransmitReceiveCplt;
1982:Drivers/STM32F1xx_HAL_Driver/Src/stm32f1xx_hal_spi.c ****   }
1983:Drivers/STM32F1xx_HAL_Driver/Src/stm32f1xx_hal_spi.c **** 
1984:Drivers/STM32F1xx_HAL_Driver/Src/stm32f1xx_hal_spi.c ****   /* Set the DMA error callback */
1985:Drivers/STM32F1xx_HAL_Driver/Src/stm32f1xx_hal_spi.c ****   hspi->hdmarx->XferErrorCallback = SPI_DMAError;
1986:Drivers/STM32F1xx_HAL_Driver/Src/stm32f1xx_hal_spi.c **** 
1987:Drivers/STM32F1xx_HAL_Driver/Src/stm32f1xx_hal_spi.c ****   /* Set the DMA AbortCpltCallback */
1988:Drivers/STM32F1xx_HAL_Driver/Src/stm32f1xx_hal_spi.c ****   hspi->hdmarx->XferAbortCallback = NULL;
1989:Drivers/STM32F1xx_HAL_Driver/Src/stm32f1xx_hal_spi.c **** 
1990:Drivers/STM32F1xx_HAL_Driver/Src/stm32f1xx_hal_spi.c ****   /* Enable the Rx DMA Stream/Channel  */
1991:Drivers/STM32F1xx_HAL_Driver/Src/stm32f1xx_hal_spi.c ****   if (HAL_OK != HAL_DMA_Start_IT(hspi->hdmarx, (uint32_t)&hspi->Instance->DR, (uint32_t)hspi->pRxBu
1992:Drivers/STM32F1xx_HAL_Driver/Src/stm32f1xx_hal_spi.c ****                                  hspi->RxXferCount))
1993:Drivers/STM32F1xx_HAL_Driver/Src/stm32f1xx_hal_spi.c ****   {
1994:Drivers/STM32F1xx_HAL_Driver/Src/stm32f1xx_hal_spi.c ****     /* Update SPI error code */
1995:Drivers/STM32F1xx_HAL_Driver/Src/stm32f1xx_hal_spi.c ****     SET_BIT(hspi->ErrorCode, HAL_SPI_ERROR_DMA);
1996:Drivers/STM32F1xx_HAL_Driver/Src/stm32f1xx_hal_spi.c ****     /* Process Unlocked */
1997:Drivers/STM32F1xx_HAL_Driver/Src/stm32f1xx_hal_spi.c ****     __HAL_UNLOCK(hspi);
1998:Drivers/STM32F1xx_HAL_Driver/Src/stm32f1xx_hal_spi.c ****     return HAL_ERROR;
1999:Drivers/STM32F1xx_HAL_Driver/Src/stm32f1xx_hal_spi.c ****   }
2000:Drivers/STM32F1xx_HAL_Driver/Src/stm32f1xx_hal_spi.c **** 
2001:Drivers/STM32F1xx_HAL_Driver/Src/stm32f1xx_hal_spi.c ****   /* Enable Rx DMA Request */
2002:Drivers/STM32F1xx_HAL_Driver/Src/stm32f1xx_hal_spi.c ****   SET_BIT(hspi->Instance->CR2, SPI_CR2_RXDMAEN);
2003:Drivers/STM32F1xx_HAL_Driver/Src/stm32f1xx_hal_spi.c **** 
2004:Drivers/STM32F1xx_HAL_Driver/Src/stm32f1xx_hal_spi.c ****   /* Set the SPI Tx DMA transfer complete callback as NULL because the communication closing
2005:Drivers/STM32F1xx_HAL_Driver/Src/stm32f1xx_hal_spi.c ****   is performed in DMA reception complete callback  */
2006:Drivers/STM32F1xx_HAL_Driver/Src/stm32f1xx_hal_spi.c ****   hspi->hdmatx->XferHalfCpltCallback = NULL;
2007:Drivers/STM32F1xx_HAL_Driver/Src/stm32f1xx_hal_spi.c ****   hspi->hdmatx->XferCpltCallback     = NULL;
2008:Drivers/STM32F1xx_HAL_Driver/Src/stm32f1xx_hal_spi.c ****   hspi->hdmatx->XferErrorCallback    = NULL;
2009:Drivers/STM32F1xx_HAL_Driver/Src/stm32f1xx_hal_spi.c ****   hspi->hdmatx->XferAbortCallback    = NULL;
2010:Drivers/STM32F1xx_HAL_Driver/Src/stm32f1xx_hal_spi.c **** 
2011:Drivers/STM32F1xx_HAL_Driver/Src/stm32f1xx_hal_spi.c ****   /* Enable the Tx DMA Stream/Channel  */
2012:Drivers/STM32F1xx_HAL_Driver/Src/stm32f1xx_hal_spi.c ****   if (HAL_OK != HAL_DMA_Start_IT(hspi->hdmatx, (uint32_t)hspi->pTxBuffPtr, (uint32_t)&hspi->Instanc
2013:Drivers/STM32F1xx_HAL_Driver/Src/stm32f1xx_hal_spi.c ****                                  hspi->TxXferCount))
2014:Drivers/STM32F1xx_HAL_Driver/Src/stm32f1xx_hal_spi.c ****   {
2015:Drivers/STM32F1xx_HAL_Driver/Src/stm32f1xx_hal_spi.c ****     /* Update SPI error code */
2016:Drivers/STM32F1xx_HAL_Driver/Src/stm32f1xx_hal_spi.c ****     SET_BIT(hspi->ErrorCode, HAL_SPI_ERROR_DMA);
2017:Drivers/STM32F1xx_HAL_Driver/Src/stm32f1xx_hal_spi.c ****     /* Process Unlocked */
2018:Drivers/STM32F1xx_HAL_Driver/Src/stm32f1xx_hal_spi.c ****     __HAL_UNLOCK(hspi);
2019:Drivers/STM32F1xx_HAL_Driver/Src/stm32f1xx_hal_spi.c ****     return HAL_ERROR;
2020:Drivers/STM32F1xx_HAL_Driver/Src/stm32f1xx_hal_spi.c ****   }
2021:Drivers/STM32F1xx_HAL_Driver/Src/stm32f1xx_hal_spi.c **** 
2022:Drivers/STM32F1xx_HAL_Driver/Src/stm32f1xx_hal_spi.c ****   /* Check if the SPI is already enabled */
2023:Drivers/STM32F1xx_HAL_Driver/Src/stm32f1xx_hal_spi.c ****   if ((hspi->Instance->CR1 & SPI_CR1_SPE) != SPI_CR1_SPE)
2024:Drivers/STM32F1xx_HAL_Driver/Src/stm32f1xx_hal_spi.c ****   {
2025:Drivers/STM32F1xx_HAL_Driver/Src/stm32f1xx_hal_spi.c ****     /* Enable SPI peripheral */
2026:Drivers/STM32F1xx_HAL_Driver/Src/stm32f1xx_hal_spi.c ****     __HAL_SPI_ENABLE(hspi);
2027:Drivers/STM32F1xx_HAL_Driver/Src/stm32f1xx_hal_spi.c ****   }
ARM GAS  C:\Users\airforce\AppData\Local\Temp\cca1ZS9V.s 			page 37


2028:Drivers/STM32F1xx_HAL_Driver/Src/stm32f1xx_hal_spi.c **** 
2029:Drivers/STM32F1xx_HAL_Driver/Src/stm32f1xx_hal_spi.c ****   /* Process Unlocked */
2030:Drivers/STM32F1xx_HAL_Driver/Src/stm32f1xx_hal_spi.c ****   __HAL_UNLOCK(hspi);
2031:Drivers/STM32F1xx_HAL_Driver/Src/stm32f1xx_hal_spi.c **** 
2032:Drivers/STM32F1xx_HAL_Driver/Src/stm32f1xx_hal_spi.c ****   /* Enable the SPI Error Interrupt Bit */
2033:Drivers/STM32F1xx_HAL_Driver/Src/stm32f1xx_hal_spi.c ****   __HAL_SPI_ENABLE_IT(hspi, (SPI_IT_ERR));
2034:Drivers/STM32F1xx_HAL_Driver/Src/stm32f1xx_hal_spi.c **** 
2035:Drivers/STM32F1xx_HAL_Driver/Src/stm32f1xx_hal_spi.c ****   /* Enable Tx DMA Request */
2036:Drivers/STM32F1xx_HAL_Driver/Src/stm32f1xx_hal_spi.c ****   SET_BIT(hspi->Instance->CR2, SPI_CR2_TXDMAEN);
2037:Drivers/STM32F1xx_HAL_Driver/Src/stm32f1xx_hal_spi.c **** 
2038:Drivers/STM32F1xx_HAL_Driver/Src/stm32f1xx_hal_spi.c ****   return HAL_OK;
2039:Drivers/STM32F1xx_HAL_Driver/Src/stm32f1xx_hal_spi.c **** }
2040:Drivers/STM32F1xx_HAL_Driver/Src/stm32f1xx_hal_spi.c **** 
2041:Drivers/STM32F1xx_HAL_Driver/Src/stm32f1xx_hal_spi.c **** /**
2042:Drivers/STM32F1xx_HAL_Driver/Src/stm32f1xx_hal_spi.c ****   * @brief  Abort ongoing transfer (blocking mode).
2043:Drivers/STM32F1xx_HAL_Driver/Src/stm32f1xx_hal_spi.c ****   * @param  hspi SPI handle.
2044:Drivers/STM32F1xx_HAL_Driver/Src/stm32f1xx_hal_spi.c ****   * @note   This procedure could be used for aborting any ongoing transfer (Tx and Rx),
2045:Drivers/STM32F1xx_HAL_Driver/Src/stm32f1xx_hal_spi.c ****   *         started in Interrupt or DMA mode.
2046:Drivers/STM32F1xx_HAL_Driver/Src/stm32f1xx_hal_spi.c ****   *         This procedure performs following operations :
2047:Drivers/STM32F1xx_HAL_Driver/Src/stm32f1xx_hal_spi.c ****   *           - Disable SPI Interrupts (depending of transfer direction)
2048:Drivers/STM32F1xx_HAL_Driver/Src/stm32f1xx_hal_spi.c ****   *           - Disable the DMA transfer in the peripheral register (if enabled)
2049:Drivers/STM32F1xx_HAL_Driver/Src/stm32f1xx_hal_spi.c ****   *           - Abort DMA transfer by calling HAL_DMA_Abort (in case of transfer in DMA mode)
2050:Drivers/STM32F1xx_HAL_Driver/Src/stm32f1xx_hal_spi.c ****   *           - Set handle State to READY
2051:Drivers/STM32F1xx_HAL_Driver/Src/stm32f1xx_hal_spi.c ****   * @note   This procedure is executed in blocking mode : when exiting function, Abort is considere
2052:Drivers/STM32F1xx_HAL_Driver/Src/stm32f1xx_hal_spi.c ****   * @retval HAL status
2053:Drivers/STM32F1xx_HAL_Driver/Src/stm32f1xx_hal_spi.c ****   */
2054:Drivers/STM32F1xx_HAL_Driver/Src/stm32f1xx_hal_spi.c **** HAL_StatusTypeDef HAL_SPI_Abort(SPI_HandleTypeDef *hspi)
2055:Drivers/STM32F1xx_HAL_Driver/Src/stm32f1xx_hal_spi.c **** {
2056:Drivers/STM32F1xx_HAL_Driver/Src/stm32f1xx_hal_spi.c ****   HAL_StatusTypeDef errorcode;
2057:Drivers/STM32F1xx_HAL_Driver/Src/stm32f1xx_hal_spi.c ****   __IO uint32_t count;
2058:Drivers/STM32F1xx_HAL_Driver/Src/stm32f1xx_hal_spi.c ****   __IO uint32_t resetcount;
2059:Drivers/STM32F1xx_HAL_Driver/Src/stm32f1xx_hal_spi.c **** 
2060:Drivers/STM32F1xx_HAL_Driver/Src/stm32f1xx_hal_spi.c ****   /* Initialized local variable  */
2061:Drivers/STM32F1xx_HAL_Driver/Src/stm32f1xx_hal_spi.c ****   errorcode = HAL_OK;
2062:Drivers/STM32F1xx_HAL_Driver/Src/stm32f1xx_hal_spi.c ****   resetcount = SPI_DEFAULT_TIMEOUT * (SystemCoreClock / 24U / 1000U);
2063:Drivers/STM32F1xx_HAL_Driver/Src/stm32f1xx_hal_spi.c ****   count = resetcount;
2064:Drivers/STM32F1xx_HAL_Driver/Src/stm32f1xx_hal_spi.c **** 
2065:Drivers/STM32F1xx_HAL_Driver/Src/stm32f1xx_hal_spi.c ****   /* Clear ERRIE interrupt to avoid error interrupts generation during Abort procedure */
2066:Drivers/STM32F1xx_HAL_Driver/Src/stm32f1xx_hal_spi.c ****   CLEAR_BIT(hspi->Instance->CR2, SPI_CR2_ERRIE);
2067:Drivers/STM32F1xx_HAL_Driver/Src/stm32f1xx_hal_spi.c **** 
2068:Drivers/STM32F1xx_HAL_Driver/Src/stm32f1xx_hal_spi.c ****   /* Disable TXEIE, RXNEIE and ERRIE(mode fault event, overrun error, TI frame error) interrupts */
2069:Drivers/STM32F1xx_HAL_Driver/Src/stm32f1xx_hal_spi.c ****   if (HAL_IS_BIT_SET(hspi->Instance->CR2, SPI_CR2_TXEIE))
2070:Drivers/STM32F1xx_HAL_Driver/Src/stm32f1xx_hal_spi.c ****   {
2071:Drivers/STM32F1xx_HAL_Driver/Src/stm32f1xx_hal_spi.c ****     hspi->TxISR = SPI_AbortTx_ISR;
2072:Drivers/STM32F1xx_HAL_Driver/Src/stm32f1xx_hal_spi.c ****     /* Wait HAL_SPI_STATE_ABORT state */
2073:Drivers/STM32F1xx_HAL_Driver/Src/stm32f1xx_hal_spi.c ****     do
2074:Drivers/STM32F1xx_HAL_Driver/Src/stm32f1xx_hal_spi.c ****     {
2075:Drivers/STM32F1xx_HAL_Driver/Src/stm32f1xx_hal_spi.c ****       if (count == 0U)
2076:Drivers/STM32F1xx_HAL_Driver/Src/stm32f1xx_hal_spi.c ****       {
2077:Drivers/STM32F1xx_HAL_Driver/Src/stm32f1xx_hal_spi.c ****         SET_BIT(hspi->ErrorCode, HAL_SPI_ERROR_ABORT);
2078:Drivers/STM32F1xx_HAL_Driver/Src/stm32f1xx_hal_spi.c ****         break;
2079:Drivers/STM32F1xx_HAL_Driver/Src/stm32f1xx_hal_spi.c ****       }
2080:Drivers/STM32F1xx_HAL_Driver/Src/stm32f1xx_hal_spi.c ****       count--;
2081:Drivers/STM32F1xx_HAL_Driver/Src/stm32f1xx_hal_spi.c ****     } while (hspi->State != HAL_SPI_STATE_ABORT);
2082:Drivers/STM32F1xx_HAL_Driver/Src/stm32f1xx_hal_spi.c ****     /* Reset Timeout Counter */
2083:Drivers/STM32F1xx_HAL_Driver/Src/stm32f1xx_hal_spi.c ****     count = resetcount;
2084:Drivers/STM32F1xx_HAL_Driver/Src/stm32f1xx_hal_spi.c ****   }
ARM GAS  C:\Users\airforce\AppData\Local\Temp\cca1ZS9V.s 			page 38


2085:Drivers/STM32F1xx_HAL_Driver/Src/stm32f1xx_hal_spi.c **** 
2086:Drivers/STM32F1xx_HAL_Driver/Src/stm32f1xx_hal_spi.c ****   if (HAL_IS_BIT_SET(hspi->Instance->CR2, SPI_CR2_RXNEIE))
2087:Drivers/STM32F1xx_HAL_Driver/Src/stm32f1xx_hal_spi.c ****   {
2088:Drivers/STM32F1xx_HAL_Driver/Src/stm32f1xx_hal_spi.c ****     hspi->RxISR = SPI_AbortRx_ISR;
2089:Drivers/STM32F1xx_HAL_Driver/Src/stm32f1xx_hal_spi.c ****     /* Wait HAL_SPI_STATE_ABORT state */
2090:Drivers/STM32F1xx_HAL_Driver/Src/stm32f1xx_hal_spi.c ****     do
2091:Drivers/STM32F1xx_HAL_Driver/Src/stm32f1xx_hal_spi.c ****     {
2092:Drivers/STM32F1xx_HAL_Driver/Src/stm32f1xx_hal_spi.c ****       if (count == 0U)
2093:Drivers/STM32F1xx_HAL_Driver/Src/stm32f1xx_hal_spi.c ****       {
2094:Drivers/STM32F1xx_HAL_Driver/Src/stm32f1xx_hal_spi.c ****         SET_BIT(hspi->ErrorCode, HAL_SPI_ERROR_ABORT);
2095:Drivers/STM32F1xx_HAL_Driver/Src/stm32f1xx_hal_spi.c ****         break;
2096:Drivers/STM32F1xx_HAL_Driver/Src/stm32f1xx_hal_spi.c ****       }
2097:Drivers/STM32F1xx_HAL_Driver/Src/stm32f1xx_hal_spi.c ****       count--;
2098:Drivers/STM32F1xx_HAL_Driver/Src/stm32f1xx_hal_spi.c ****     } while (hspi->State != HAL_SPI_STATE_ABORT);
2099:Drivers/STM32F1xx_HAL_Driver/Src/stm32f1xx_hal_spi.c ****     /* Reset Timeout Counter */
2100:Drivers/STM32F1xx_HAL_Driver/Src/stm32f1xx_hal_spi.c ****     count = resetcount;
2101:Drivers/STM32F1xx_HAL_Driver/Src/stm32f1xx_hal_spi.c ****   }
2102:Drivers/STM32F1xx_HAL_Driver/Src/stm32f1xx_hal_spi.c **** 
2103:Drivers/STM32F1xx_HAL_Driver/Src/stm32f1xx_hal_spi.c ****   /* Disable the SPI DMA Tx request if enabled */
2104:Drivers/STM32F1xx_HAL_Driver/Src/stm32f1xx_hal_spi.c ****   if (HAL_IS_BIT_SET(hspi->Instance->CR2, SPI_CR2_TXDMAEN))
2105:Drivers/STM32F1xx_HAL_Driver/Src/stm32f1xx_hal_spi.c ****   {
2106:Drivers/STM32F1xx_HAL_Driver/Src/stm32f1xx_hal_spi.c ****     /* Abort the SPI DMA Tx Stream/Channel : use blocking DMA Abort API (no callback) */
2107:Drivers/STM32F1xx_HAL_Driver/Src/stm32f1xx_hal_spi.c ****     if (hspi->hdmatx != NULL)
2108:Drivers/STM32F1xx_HAL_Driver/Src/stm32f1xx_hal_spi.c ****     {
2109:Drivers/STM32F1xx_HAL_Driver/Src/stm32f1xx_hal_spi.c ****       /* Set the SPI DMA Abort callback :
2110:Drivers/STM32F1xx_HAL_Driver/Src/stm32f1xx_hal_spi.c ****       will lead to call HAL_SPI_AbortCpltCallback() at end of DMA abort procedure */
2111:Drivers/STM32F1xx_HAL_Driver/Src/stm32f1xx_hal_spi.c ****       hspi->hdmatx->XferAbortCallback = NULL;
2112:Drivers/STM32F1xx_HAL_Driver/Src/stm32f1xx_hal_spi.c **** 
2113:Drivers/STM32F1xx_HAL_Driver/Src/stm32f1xx_hal_spi.c ****       /* Abort DMA Tx Handle linked to SPI Peripheral */
2114:Drivers/STM32F1xx_HAL_Driver/Src/stm32f1xx_hal_spi.c ****       if (HAL_DMA_Abort(hspi->hdmatx) != HAL_OK)
2115:Drivers/STM32F1xx_HAL_Driver/Src/stm32f1xx_hal_spi.c ****       {
2116:Drivers/STM32F1xx_HAL_Driver/Src/stm32f1xx_hal_spi.c ****         hspi->ErrorCode = HAL_SPI_ERROR_ABORT;
2117:Drivers/STM32F1xx_HAL_Driver/Src/stm32f1xx_hal_spi.c ****       }
2118:Drivers/STM32F1xx_HAL_Driver/Src/stm32f1xx_hal_spi.c **** 
2119:Drivers/STM32F1xx_HAL_Driver/Src/stm32f1xx_hal_spi.c ****       /* Disable Tx DMA Request */
2120:Drivers/STM32F1xx_HAL_Driver/Src/stm32f1xx_hal_spi.c ****       CLEAR_BIT(hspi->Instance->CR2, (SPI_CR2_TXDMAEN));
2121:Drivers/STM32F1xx_HAL_Driver/Src/stm32f1xx_hal_spi.c **** 
2122:Drivers/STM32F1xx_HAL_Driver/Src/stm32f1xx_hal_spi.c ****       /* Wait until TXE flag is set */
2123:Drivers/STM32F1xx_HAL_Driver/Src/stm32f1xx_hal_spi.c ****       do
2124:Drivers/STM32F1xx_HAL_Driver/Src/stm32f1xx_hal_spi.c ****       {
2125:Drivers/STM32F1xx_HAL_Driver/Src/stm32f1xx_hal_spi.c ****         if (count == 0U)
2126:Drivers/STM32F1xx_HAL_Driver/Src/stm32f1xx_hal_spi.c ****         {
2127:Drivers/STM32F1xx_HAL_Driver/Src/stm32f1xx_hal_spi.c ****           SET_BIT(hspi->ErrorCode, HAL_SPI_ERROR_ABORT);
2128:Drivers/STM32F1xx_HAL_Driver/Src/stm32f1xx_hal_spi.c ****           break;
2129:Drivers/STM32F1xx_HAL_Driver/Src/stm32f1xx_hal_spi.c ****         }
2130:Drivers/STM32F1xx_HAL_Driver/Src/stm32f1xx_hal_spi.c ****         count--;
2131:Drivers/STM32F1xx_HAL_Driver/Src/stm32f1xx_hal_spi.c ****       } while ((hspi->Instance->SR & SPI_FLAG_TXE) == RESET);
2132:Drivers/STM32F1xx_HAL_Driver/Src/stm32f1xx_hal_spi.c ****     }
2133:Drivers/STM32F1xx_HAL_Driver/Src/stm32f1xx_hal_spi.c ****   }
2134:Drivers/STM32F1xx_HAL_Driver/Src/stm32f1xx_hal_spi.c **** 
2135:Drivers/STM32F1xx_HAL_Driver/Src/stm32f1xx_hal_spi.c ****   /* Disable the SPI DMA Rx request if enabled */
2136:Drivers/STM32F1xx_HAL_Driver/Src/stm32f1xx_hal_spi.c ****   if (HAL_IS_BIT_SET(hspi->Instance->CR2, SPI_CR2_RXDMAEN))
2137:Drivers/STM32F1xx_HAL_Driver/Src/stm32f1xx_hal_spi.c ****   {
2138:Drivers/STM32F1xx_HAL_Driver/Src/stm32f1xx_hal_spi.c ****     /* Abort the SPI DMA Rx Stream/Channel : use blocking DMA Abort API (no callback) */
2139:Drivers/STM32F1xx_HAL_Driver/Src/stm32f1xx_hal_spi.c ****     if (hspi->hdmarx != NULL)
2140:Drivers/STM32F1xx_HAL_Driver/Src/stm32f1xx_hal_spi.c ****     {
2141:Drivers/STM32F1xx_HAL_Driver/Src/stm32f1xx_hal_spi.c ****       /* Set the SPI DMA Abort callback :
ARM GAS  C:\Users\airforce\AppData\Local\Temp\cca1ZS9V.s 			page 39


2142:Drivers/STM32F1xx_HAL_Driver/Src/stm32f1xx_hal_spi.c ****       will lead to call HAL_SPI_AbortCpltCallback() at end of DMA abort procedure */
2143:Drivers/STM32F1xx_HAL_Driver/Src/stm32f1xx_hal_spi.c ****       hspi->hdmarx->XferAbortCallback = NULL;
2144:Drivers/STM32F1xx_HAL_Driver/Src/stm32f1xx_hal_spi.c **** 
2145:Drivers/STM32F1xx_HAL_Driver/Src/stm32f1xx_hal_spi.c ****       /* Abort DMA Rx Handle linked to SPI Peripheral */
2146:Drivers/STM32F1xx_HAL_Driver/Src/stm32f1xx_hal_spi.c ****       if (HAL_DMA_Abort(hspi->hdmarx) != HAL_OK)
2147:Drivers/STM32F1xx_HAL_Driver/Src/stm32f1xx_hal_spi.c ****       {
2148:Drivers/STM32F1xx_HAL_Driver/Src/stm32f1xx_hal_spi.c ****         hspi->ErrorCode = HAL_SPI_ERROR_ABORT;
2149:Drivers/STM32F1xx_HAL_Driver/Src/stm32f1xx_hal_spi.c ****       }
2150:Drivers/STM32F1xx_HAL_Driver/Src/stm32f1xx_hal_spi.c **** 
2151:Drivers/STM32F1xx_HAL_Driver/Src/stm32f1xx_hal_spi.c ****       /* Disable peripheral */
2152:Drivers/STM32F1xx_HAL_Driver/Src/stm32f1xx_hal_spi.c ****       __HAL_SPI_DISABLE(hspi);
2153:Drivers/STM32F1xx_HAL_Driver/Src/stm32f1xx_hal_spi.c **** 
2154:Drivers/STM32F1xx_HAL_Driver/Src/stm32f1xx_hal_spi.c ****       /* Disable Rx DMA Request */
2155:Drivers/STM32F1xx_HAL_Driver/Src/stm32f1xx_hal_spi.c ****       CLEAR_BIT(hspi->Instance->CR2, (SPI_CR2_RXDMAEN));
2156:Drivers/STM32F1xx_HAL_Driver/Src/stm32f1xx_hal_spi.c ****     }
2157:Drivers/STM32F1xx_HAL_Driver/Src/stm32f1xx_hal_spi.c ****   }
2158:Drivers/STM32F1xx_HAL_Driver/Src/stm32f1xx_hal_spi.c ****   /* Reset Tx and Rx transfer counters */
2159:Drivers/STM32F1xx_HAL_Driver/Src/stm32f1xx_hal_spi.c ****   hspi->RxXferCount = 0U;
2160:Drivers/STM32F1xx_HAL_Driver/Src/stm32f1xx_hal_spi.c ****   hspi->TxXferCount = 0U;
2161:Drivers/STM32F1xx_HAL_Driver/Src/stm32f1xx_hal_spi.c **** 
2162:Drivers/STM32F1xx_HAL_Driver/Src/stm32f1xx_hal_spi.c ****   /* Check error during Abort procedure */
2163:Drivers/STM32F1xx_HAL_Driver/Src/stm32f1xx_hal_spi.c ****   if (hspi->ErrorCode == HAL_SPI_ERROR_ABORT)
2164:Drivers/STM32F1xx_HAL_Driver/Src/stm32f1xx_hal_spi.c ****   {
2165:Drivers/STM32F1xx_HAL_Driver/Src/stm32f1xx_hal_spi.c ****     /* return HAL_Error in case of error during Abort procedure */
2166:Drivers/STM32F1xx_HAL_Driver/Src/stm32f1xx_hal_spi.c ****     errorcode = HAL_ERROR;
2167:Drivers/STM32F1xx_HAL_Driver/Src/stm32f1xx_hal_spi.c ****   }
2168:Drivers/STM32F1xx_HAL_Driver/Src/stm32f1xx_hal_spi.c ****   else
2169:Drivers/STM32F1xx_HAL_Driver/Src/stm32f1xx_hal_spi.c ****   {
2170:Drivers/STM32F1xx_HAL_Driver/Src/stm32f1xx_hal_spi.c ****     /* Reset errorCode */
2171:Drivers/STM32F1xx_HAL_Driver/Src/stm32f1xx_hal_spi.c ****     hspi->ErrorCode = HAL_SPI_ERROR_NONE;
2172:Drivers/STM32F1xx_HAL_Driver/Src/stm32f1xx_hal_spi.c ****   }
2173:Drivers/STM32F1xx_HAL_Driver/Src/stm32f1xx_hal_spi.c **** 
2174:Drivers/STM32F1xx_HAL_Driver/Src/stm32f1xx_hal_spi.c ****   /* Clear the Error flags in the SR register */
2175:Drivers/STM32F1xx_HAL_Driver/Src/stm32f1xx_hal_spi.c ****   __HAL_SPI_CLEAR_OVRFLAG(hspi);
2176:Drivers/STM32F1xx_HAL_Driver/Src/stm32f1xx_hal_spi.c **** 
2177:Drivers/STM32F1xx_HAL_Driver/Src/stm32f1xx_hal_spi.c ****   /* Restore hspi->state to ready */
2178:Drivers/STM32F1xx_HAL_Driver/Src/stm32f1xx_hal_spi.c ****   hspi->State = HAL_SPI_STATE_READY;
2179:Drivers/STM32F1xx_HAL_Driver/Src/stm32f1xx_hal_spi.c **** 
2180:Drivers/STM32F1xx_HAL_Driver/Src/stm32f1xx_hal_spi.c ****   return errorcode;
2181:Drivers/STM32F1xx_HAL_Driver/Src/stm32f1xx_hal_spi.c **** }
2182:Drivers/STM32F1xx_HAL_Driver/Src/stm32f1xx_hal_spi.c **** 
2183:Drivers/STM32F1xx_HAL_Driver/Src/stm32f1xx_hal_spi.c **** /**
2184:Drivers/STM32F1xx_HAL_Driver/Src/stm32f1xx_hal_spi.c ****   * @brief  Abort ongoing transfer (Interrupt mode).
2185:Drivers/STM32F1xx_HAL_Driver/Src/stm32f1xx_hal_spi.c ****   * @param  hspi SPI handle.
2186:Drivers/STM32F1xx_HAL_Driver/Src/stm32f1xx_hal_spi.c ****   * @note   This procedure could be used for aborting any ongoing transfer (Tx and Rx),
2187:Drivers/STM32F1xx_HAL_Driver/Src/stm32f1xx_hal_spi.c ****   *         started in Interrupt or DMA mode.
2188:Drivers/STM32F1xx_HAL_Driver/Src/stm32f1xx_hal_spi.c ****   *         This procedure performs following operations :
2189:Drivers/STM32F1xx_HAL_Driver/Src/stm32f1xx_hal_spi.c ****   *           - Disable SPI Interrupts (depending of transfer direction)
2190:Drivers/STM32F1xx_HAL_Driver/Src/stm32f1xx_hal_spi.c ****   *           - Disable the DMA transfer in the peripheral register (if enabled)
2191:Drivers/STM32F1xx_HAL_Driver/Src/stm32f1xx_hal_spi.c ****   *           - Abort DMA transfer by calling HAL_DMA_Abort_IT (in case of transfer in DMA mode)
2192:Drivers/STM32F1xx_HAL_Driver/Src/stm32f1xx_hal_spi.c ****   *           - Set handle State to READY
2193:Drivers/STM32F1xx_HAL_Driver/Src/stm32f1xx_hal_spi.c ****   *           - At abort completion, call user abort complete callback
2194:Drivers/STM32F1xx_HAL_Driver/Src/stm32f1xx_hal_spi.c ****   * @note   This procedure is executed in Interrupt mode, meaning that abort procedure could be
2195:Drivers/STM32F1xx_HAL_Driver/Src/stm32f1xx_hal_spi.c ****   *         considered as completed only when user abort complete callback is executed (not when ex
2196:Drivers/STM32F1xx_HAL_Driver/Src/stm32f1xx_hal_spi.c ****   * @retval HAL status
2197:Drivers/STM32F1xx_HAL_Driver/Src/stm32f1xx_hal_spi.c ****   */
2198:Drivers/STM32F1xx_HAL_Driver/Src/stm32f1xx_hal_spi.c **** HAL_StatusTypeDef HAL_SPI_Abort_IT(SPI_HandleTypeDef *hspi)
ARM GAS  C:\Users\airforce\AppData\Local\Temp\cca1ZS9V.s 			page 40


2199:Drivers/STM32F1xx_HAL_Driver/Src/stm32f1xx_hal_spi.c **** {
2200:Drivers/STM32F1xx_HAL_Driver/Src/stm32f1xx_hal_spi.c ****   HAL_StatusTypeDef errorcode;
2201:Drivers/STM32F1xx_HAL_Driver/Src/stm32f1xx_hal_spi.c ****   uint32_t abortcplt ;
2202:Drivers/STM32F1xx_HAL_Driver/Src/stm32f1xx_hal_spi.c ****   __IO uint32_t count;
2203:Drivers/STM32F1xx_HAL_Driver/Src/stm32f1xx_hal_spi.c ****   __IO uint32_t resetcount;
2204:Drivers/STM32F1xx_HAL_Driver/Src/stm32f1xx_hal_spi.c **** 
2205:Drivers/STM32F1xx_HAL_Driver/Src/stm32f1xx_hal_spi.c ****   /* Initialized local variable  */
2206:Drivers/STM32F1xx_HAL_Driver/Src/stm32f1xx_hal_spi.c ****   errorcode = HAL_OK;
2207:Drivers/STM32F1xx_HAL_Driver/Src/stm32f1xx_hal_spi.c ****   abortcplt = 1U;
2208:Drivers/STM32F1xx_HAL_Driver/Src/stm32f1xx_hal_spi.c ****   resetcount = SPI_DEFAULT_TIMEOUT * (SystemCoreClock / 24U / 1000U);
2209:Drivers/STM32F1xx_HAL_Driver/Src/stm32f1xx_hal_spi.c ****   count = resetcount;
2210:Drivers/STM32F1xx_HAL_Driver/Src/stm32f1xx_hal_spi.c **** 
2211:Drivers/STM32F1xx_HAL_Driver/Src/stm32f1xx_hal_spi.c ****   /* Clear ERRIE interrupt to avoid error interrupts generation during Abort procedure */
2212:Drivers/STM32F1xx_HAL_Driver/Src/stm32f1xx_hal_spi.c ****   CLEAR_BIT(hspi->Instance->CR2, SPI_CR2_ERRIE);
2213:Drivers/STM32F1xx_HAL_Driver/Src/stm32f1xx_hal_spi.c **** 
2214:Drivers/STM32F1xx_HAL_Driver/Src/stm32f1xx_hal_spi.c ****   /* Change Rx and Tx Irq Handler to Disable TXEIE, RXNEIE and ERRIE interrupts */
2215:Drivers/STM32F1xx_HAL_Driver/Src/stm32f1xx_hal_spi.c ****   if (HAL_IS_BIT_SET(hspi->Instance->CR2, SPI_CR2_TXEIE))
2216:Drivers/STM32F1xx_HAL_Driver/Src/stm32f1xx_hal_spi.c ****   {
2217:Drivers/STM32F1xx_HAL_Driver/Src/stm32f1xx_hal_spi.c ****     hspi->TxISR = SPI_AbortTx_ISR;
2218:Drivers/STM32F1xx_HAL_Driver/Src/stm32f1xx_hal_spi.c ****     /* Wait HAL_SPI_STATE_ABORT state */
2219:Drivers/STM32F1xx_HAL_Driver/Src/stm32f1xx_hal_spi.c ****     do
2220:Drivers/STM32F1xx_HAL_Driver/Src/stm32f1xx_hal_spi.c ****     {
2221:Drivers/STM32F1xx_HAL_Driver/Src/stm32f1xx_hal_spi.c ****       if (count == 0U)
2222:Drivers/STM32F1xx_HAL_Driver/Src/stm32f1xx_hal_spi.c ****       {
2223:Drivers/STM32F1xx_HAL_Driver/Src/stm32f1xx_hal_spi.c ****         SET_BIT(hspi->ErrorCode, HAL_SPI_ERROR_ABORT);
2224:Drivers/STM32F1xx_HAL_Driver/Src/stm32f1xx_hal_spi.c ****         break;
2225:Drivers/STM32F1xx_HAL_Driver/Src/stm32f1xx_hal_spi.c ****       }
2226:Drivers/STM32F1xx_HAL_Driver/Src/stm32f1xx_hal_spi.c ****       count--;
2227:Drivers/STM32F1xx_HAL_Driver/Src/stm32f1xx_hal_spi.c ****     } while (hspi->State != HAL_SPI_STATE_ABORT);
2228:Drivers/STM32F1xx_HAL_Driver/Src/stm32f1xx_hal_spi.c ****     /* Reset Timeout Counter */
2229:Drivers/STM32F1xx_HAL_Driver/Src/stm32f1xx_hal_spi.c ****     count = resetcount;
2230:Drivers/STM32F1xx_HAL_Driver/Src/stm32f1xx_hal_spi.c ****   }
2231:Drivers/STM32F1xx_HAL_Driver/Src/stm32f1xx_hal_spi.c **** 
2232:Drivers/STM32F1xx_HAL_Driver/Src/stm32f1xx_hal_spi.c ****   if (HAL_IS_BIT_SET(hspi->Instance->CR2, SPI_CR2_RXNEIE))
2233:Drivers/STM32F1xx_HAL_Driver/Src/stm32f1xx_hal_spi.c ****   {
2234:Drivers/STM32F1xx_HAL_Driver/Src/stm32f1xx_hal_spi.c ****     hspi->RxISR = SPI_AbortRx_ISR;
2235:Drivers/STM32F1xx_HAL_Driver/Src/stm32f1xx_hal_spi.c ****     /* Wait HAL_SPI_STATE_ABORT state */
2236:Drivers/STM32F1xx_HAL_Driver/Src/stm32f1xx_hal_spi.c ****     do
2237:Drivers/STM32F1xx_HAL_Driver/Src/stm32f1xx_hal_spi.c ****     {
2238:Drivers/STM32F1xx_HAL_Driver/Src/stm32f1xx_hal_spi.c ****       if (count == 0U)
2239:Drivers/STM32F1xx_HAL_Driver/Src/stm32f1xx_hal_spi.c ****       {
2240:Drivers/STM32F1xx_HAL_Driver/Src/stm32f1xx_hal_spi.c ****         SET_BIT(hspi->ErrorCode, HAL_SPI_ERROR_ABORT);
2241:Drivers/STM32F1xx_HAL_Driver/Src/stm32f1xx_hal_spi.c ****         break;
2242:Drivers/STM32F1xx_HAL_Driver/Src/stm32f1xx_hal_spi.c ****       }
2243:Drivers/STM32F1xx_HAL_Driver/Src/stm32f1xx_hal_spi.c ****       count--;
2244:Drivers/STM32F1xx_HAL_Driver/Src/stm32f1xx_hal_spi.c ****     } while (hspi->State != HAL_SPI_STATE_ABORT);
2245:Drivers/STM32F1xx_HAL_Driver/Src/stm32f1xx_hal_spi.c ****     /* Reset Timeout Counter */
2246:Drivers/STM32F1xx_HAL_Driver/Src/stm32f1xx_hal_spi.c ****     count = resetcount;
2247:Drivers/STM32F1xx_HAL_Driver/Src/stm32f1xx_hal_spi.c ****   }
2248:Drivers/STM32F1xx_HAL_Driver/Src/stm32f1xx_hal_spi.c **** 
2249:Drivers/STM32F1xx_HAL_Driver/Src/stm32f1xx_hal_spi.c ****   /* If DMA Tx and/or DMA Rx Handles are associated to SPI Handle, DMA Abort complete callbacks sho
2250:Drivers/STM32F1xx_HAL_Driver/Src/stm32f1xx_hal_spi.c ****      before any call to DMA Abort functions */
2251:Drivers/STM32F1xx_HAL_Driver/Src/stm32f1xx_hal_spi.c ****   /* DMA Tx Handle is valid */
2252:Drivers/STM32F1xx_HAL_Driver/Src/stm32f1xx_hal_spi.c ****   if (hspi->hdmatx != NULL)
2253:Drivers/STM32F1xx_HAL_Driver/Src/stm32f1xx_hal_spi.c ****   {
2254:Drivers/STM32F1xx_HAL_Driver/Src/stm32f1xx_hal_spi.c ****     /* Set DMA Abort Complete callback if UART DMA Tx request if enabled.
2255:Drivers/STM32F1xx_HAL_Driver/Src/stm32f1xx_hal_spi.c ****        Otherwise, set it to NULL */
ARM GAS  C:\Users\airforce\AppData\Local\Temp\cca1ZS9V.s 			page 41


2256:Drivers/STM32F1xx_HAL_Driver/Src/stm32f1xx_hal_spi.c ****     if (HAL_IS_BIT_SET(hspi->Instance->CR2, SPI_CR2_TXDMAEN))
2257:Drivers/STM32F1xx_HAL_Driver/Src/stm32f1xx_hal_spi.c ****     {
2258:Drivers/STM32F1xx_HAL_Driver/Src/stm32f1xx_hal_spi.c ****       hspi->hdmatx->XferAbortCallback = SPI_DMATxAbortCallback;
2259:Drivers/STM32F1xx_HAL_Driver/Src/stm32f1xx_hal_spi.c ****     }
2260:Drivers/STM32F1xx_HAL_Driver/Src/stm32f1xx_hal_spi.c ****     else
2261:Drivers/STM32F1xx_HAL_Driver/Src/stm32f1xx_hal_spi.c ****     {
2262:Drivers/STM32F1xx_HAL_Driver/Src/stm32f1xx_hal_spi.c ****       hspi->hdmatx->XferAbortCallback = NULL;
2263:Drivers/STM32F1xx_HAL_Driver/Src/stm32f1xx_hal_spi.c ****     }
2264:Drivers/STM32F1xx_HAL_Driver/Src/stm32f1xx_hal_spi.c ****   }
2265:Drivers/STM32F1xx_HAL_Driver/Src/stm32f1xx_hal_spi.c ****   /* DMA Rx Handle is valid */
2266:Drivers/STM32F1xx_HAL_Driver/Src/stm32f1xx_hal_spi.c ****   if (hspi->hdmarx != NULL)
2267:Drivers/STM32F1xx_HAL_Driver/Src/stm32f1xx_hal_spi.c ****   {
2268:Drivers/STM32F1xx_HAL_Driver/Src/stm32f1xx_hal_spi.c ****     /* Set DMA Abort Complete callback if UART DMA Rx request if enabled.
2269:Drivers/STM32F1xx_HAL_Driver/Src/stm32f1xx_hal_spi.c ****        Otherwise, set it to NULL */
2270:Drivers/STM32F1xx_HAL_Driver/Src/stm32f1xx_hal_spi.c ****     if (HAL_IS_BIT_SET(hspi->Instance->CR2, SPI_CR2_RXDMAEN))
2271:Drivers/STM32F1xx_HAL_Driver/Src/stm32f1xx_hal_spi.c ****     {
2272:Drivers/STM32F1xx_HAL_Driver/Src/stm32f1xx_hal_spi.c ****       hspi->hdmarx->XferAbortCallback = SPI_DMARxAbortCallback;
2273:Drivers/STM32F1xx_HAL_Driver/Src/stm32f1xx_hal_spi.c ****     }
2274:Drivers/STM32F1xx_HAL_Driver/Src/stm32f1xx_hal_spi.c ****     else
2275:Drivers/STM32F1xx_HAL_Driver/Src/stm32f1xx_hal_spi.c ****     {
2276:Drivers/STM32F1xx_HAL_Driver/Src/stm32f1xx_hal_spi.c ****       hspi->hdmarx->XferAbortCallback = NULL;
2277:Drivers/STM32F1xx_HAL_Driver/Src/stm32f1xx_hal_spi.c ****     }
2278:Drivers/STM32F1xx_HAL_Driver/Src/stm32f1xx_hal_spi.c ****   }
2279:Drivers/STM32F1xx_HAL_Driver/Src/stm32f1xx_hal_spi.c **** 
2280:Drivers/STM32F1xx_HAL_Driver/Src/stm32f1xx_hal_spi.c ****   /* Disable the SPI DMA Tx request if enabled */
2281:Drivers/STM32F1xx_HAL_Driver/Src/stm32f1xx_hal_spi.c ****   if (HAL_IS_BIT_SET(hspi->Instance->CR2, SPI_CR2_TXDMAEN))
2282:Drivers/STM32F1xx_HAL_Driver/Src/stm32f1xx_hal_spi.c ****   {
2283:Drivers/STM32F1xx_HAL_Driver/Src/stm32f1xx_hal_spi.c ****     /* Abort the SPI DMA Tx Stream/Channel */
2284:Drivers/STM32F1xx_HAL_Driver/Src/stm32f1xx_hal_spi.c ****     if (hspi->hdmatx != NULL)
2285:Drivers/STM32F1xx_HAL_Driver/Src/stm32f1xx_hal_spi.c ****     {
2286:Drivers/STM32F1xx_HAL_Driver/Src/stm32f1xx_hal_spi.c ****       /* Abort DMA Tx Handle linked to SPI Peripheral */
2287:Drivers/STM32F1xx_HAL_Driver/Src/stm32f1xx_hal_spi.c ****       if (HAL_DMA_Abort_IT(hspi->hdmatx) != HAL_OK)
2288:Drivers/STM32F1xx_HAL_Driver/Src/stm32f1xx_hal_spi.c ****       {
2289:Drivers/STM32F1xx_HAL_Driver/Src/stm32f1xx_hal_spi.c ****         hspi->hdmatx->XferAbortCallback = NULL;
2290:Drivers/STM32F1xx_HAL_Driver/Src/stm32f1xx_hal_spi.c ****         hspi->ErrorCode = HAL_SPI_ERROR_ABORT;
2291:Drivers/STM32F1xx_HAL_Driver/Src/stm32f1xx_hal_spi.c ****       }
2292:Drivers/STM32F1xx_HAL_Driver/Src/stm32f1xx_hal_spi.c ****       else
2293:Drivers/STM32F1xx_HAL_Driver/Src/stm32f1xx_hal_spi.c ****       {
2294:Drivers/STM32F1xx_HAL_Driver/Src/stm32f1xx_hal_spi.c ****         abortcplt = 0U;
2295:Drivers/STM32F1xx_HAL_Driver/Src/stm32f1xx_hal_spi.c ****       }
2296:Drivers/STM32F1xx_HAL_Driver/Src/stm32f1xx_hal_spi.c ****     }
2297:Drivers/STM32F1xx_HAL_Driver/Src/stm32f1xx_hal_spi.c ****   }
2298:Drivers/STM32F1xx_HAL_Driver/Src/stm32f1xx_hal_spi.c ****   /* Disable the SPI DMA Rx request if enabled */
2299:Drivers/STM32F1xx_HAL_Driver/Src/stm32f1xx_hal_spi.c ****   if (HAL_IS_BIT_SET(hspi->Instance->CR2, SPI_CR2_RXDMAEN))
2300:Drivers/STM32F1xx_HAL_Driver/Src/stm32f1xx_hal_spi.c ****   {
2301:Drivers/STM32F1xx_HAL_Driver/Src/stm32f1xx_hal_spi.c ****     /* Abort the SPI DMA Rx Stream/Channel */
2302:Drivers/STM32F1xx_HAL_Driver/Src/stm32f1xx_hal_spi.c ****     if (hspi->hdmarx != NULL)
2303:Drivers/STM32F1xx_HAL_Driver/Src/stm32f1xx_hal_spi.c ****     {
2304:Drivers/STM32F1xx_HAL_Driver/Src/stm32f1xx_hal_spi.c ****       /* Abort DMA Rx Handle linked to SPI Peripheral */
2305:Drivers/STM32F1xx_HAL_Driver/Src/stm32f1xx_hal_spi.c ****       if (HAL_DMA_Abort_IT(hspi->hdmarx) !=  HAL_OK)
2306:Drivers/STM32F1xx_HAL_Driver/Src/stm32f1xx_hal_spi.c ****       {
2307:Drivers/STM32F1xx_HAL_Driver/Src/stm32f1xx_hal_spi.c ****         hspi->hdmarx->XferAbortCallback = NULL;
2308:Drivers/STM32F1xx_HAL_Driver/Src/stm32f1xx_hal_spi.c ****         hspi->ErrorCode = HAL_SPI_ERROR_ABORT;
2309:Drivers/STM32F1xx_HAL_Driver/Src/stm32f1xx_hal_spi.c ****       }
2310:Drivers/STM32F1xx_HAL_Driver/Src/stm32f1xx_hal_spi.c ****       else
2311:Drivers/STM32F1xx_HAL_Driver/Src/stm32f1xx_hal_spi.c ****       {
2312:Drivers/STM32F1xx_HAL_Driver/Src/stm32f1xx_hal_spi.c ****         abortcplt = 0U;
ARM GAS  C:\Users\airforce\AppData\Local\Temp\cca1ZS9V.s 			page 42


2313:Drivers/STM32F1xx_HAL_Driver/Src/stm32f1xx_hal_spi.c ****       }
2314:Drivers/STM32F1xx_HAL_Driver/Src/stm32f1xx_hal_spi.c ****     }
2315:Drivers/STM32F1xx_HAL_Driver/Src/stm32f1xx_hal_spi.c ****   }
2316:Drivers/STM32F1xx_HAL_Driver/Src/stm32f1xx_hal_spi.c **** 
2317:Drivers/STM32F1xx_HAL_Driver/Src/stm32f1xx_hal_spi.c ****   if (abortcplt == 1U)
2318:Drivers/STM32F1xx_HAL_Driver/Src/stm32f1xx_hal_spi.c ****   {
2319:Drivers/STM32F1xx_HAL_Driver/Src/stm32f1xx_hal_spi.c ****     /* Reset Tx and Rx transfer counters */
2320:Drivers/STM32F1xx_HAL_Driver/Src/stm32f1xx_hal_spi.c ****     hspi->RxXferCount = 0U;
2321:Drivers/STM32F1xx_HAL_Driver/Src/stm32f1xx_hal_spi.c ****     hspi->TxXferCount = 0U;
2322:Drivers/STM32F1xx_HAL_Driver/Src/stm32f1xx_hal_spi.c **** 
2323:Drivers/STM32F1xx_HAL_Driver/Src/stm32f1xx_hal_spi.c ****     /* Check error during Abort procedure */
2324:Drivers/STM32F1xx_HAL_Driver/Src/stm32f1xx_hal_spi.c ****     if (hspi->ErrorCode == HAL_SPI_ERROR_ABORT)
2325:Drivers/STM32F1xx_HAL_Driver/Src/stm32f1xx_hal_spi.c ****     {
2326:Drivers/STM32F1xx_HAL_Driver/Src/stm32f1xx_hal_spi.c ****       /* return HAL_Error in case of error during Abort procedure */
2327:Drivers/STM32F1xx_HAL_Driver/Src/stm32f1xx_hal_spi.c ****       errorcode = HAL_ERROR;
2328:Drivers/STM32F1xx_HAL_Driver/Src/stm32f1xx_hal_spi.c ****     }
2329:Drivers/STM32F1xx_HAL_Driver/Src/stm32f1xx_hal_spi.c ****     else
2330:Drivers/STM32F1xx_HAL_Driver/Src/stm32f1xx_hal_spi.c ****     {
2331:Drivers/STM32F1xx_HAL_Driver/Src/stm32f1xx_hal_spi.c ****       /* Reset errorCode */
2332:Drivers/STM32F1xx_HAL_Driver/Src/stm32f1xx_hal_spi.c ****       hspi->ErrorCode = HAL_SPI_ERROR_NONE;
2333:Drivers/STM32F1xx_HAL_Driver/Src/stm32f1xx_hal_spi.c ****     }
2334:Drivers/STM32F1xx_HAL_Driver/Src/stm32f1xx_hal_spi.c **** 
2335:Drivers/STM32F1xx_HAL_Driver/Src/stm32f1xx_hal_spi.c ****     /* Clear the Error flags in the SR register */
2336:Drivers/STM32F1xx_HAL_Driver/Src/stm32f1xx_hal_spi.c ****     __HAL_SPI_CLEAR_OVRFLAG(hspi);
2337:Drivers/STM32F1xx_HAL_Driver/Src/stm32f1xx_hal_spi.c **** 
2338:Drivers/STM32F1xx_HAL_Driver/Src/stm32f1xx_hal_spi.c ****     /* Restore hspi->State to Ready */
2339:Drivers/STM32F1xx_HAL_Driver/Src/stm32f1xx_hal_spi.c ****     hspi->State = HAL_SPI_STATE_READY;
2340:Drivers/STM32F1xx_HAL_Driver/Src/stm32f1xx_hal_spi.c **** 
2341:Drivers/STM32F1xx_HAL_Driver/Src/stm32f1xx_hal_spi.c ****     /* As no DMA to be aborted, call directly user Abort complete callback */
2342:Drivers/STM32F1xx_HAL_Driver/Src/stm32f1xx_hal_spi.c **** #if (USE_HAL_SPI_REGISTER_CALLBACKS == 1U)
2343:Drivers/STM32F1xx_HAL_Driver/Src/stm32f1xx_hal_spi.c ****     hspi->AbortCpltCallback(hspi);
2344:Drivers/STM32F1xx_HAL_Driver/Src/stm32f1xx_hal_spi.c **** #else
2345:Drivers/STM32F1xx_HAL_Driver/Src/stm32f1xx_hal_spi.c ****     HAL_SPI_AbortCpltCallback(hspi);
2346:Drivers/STM32F1xx_HAL_Driver/Src/stm32f1xx_hal_spi.c **** #endif /* USE_HAL_SPI_REGISTER_CALLBACKS */
2347:Drivers/STM32F1xx_HAL_Driver/Src/stm32f1xx_hal_spi.c ****   }
2348:Drivers/STM32F1xx_HAL_Driver/Src/stm32f1xx_hal_spi.c **** 
2349:Drivers/STM32F1xx_HAL_Driver/Src/stm32f1xx_hal_spi.c ****   return errorcode;
2350:Drivers/STM32F1xx_HAL_Driver/Src/stm32f1xx_hal_spi.c **** }
2351:Drivers/STM32F1xx_HAL_Driver/Src/stm32f1xx_hal_spi.c **** 
2352:Drivers/STM32F1xx_HAL_Driver/Src/stm32f1xx_hal_spi.c **** /**
2353:Drivers/STM32F1xx_HAL_Driver/Src/stm32f1xx_hal_spi.c ****   * @brief  Pause the DMA Transfer.
2354:Drivers/STM32F1xx_HAL_Driver/Src/stm32f1xx_hal_spi.c ****   * @param  hspi pointer to a SPI_HandleTypeDef structure that contains
2355:Drivers/STM32F1xx_HAL_Driver/Src/stm32f1xx_hal_spi.c ****   *               the configuration information for the specified SPI module.
2356:Drivers/STM32F1xx_HAL_Driver/Src/stm32f1xx_hal_spi.c ****   * @retval HAL status
2357:Drivers/STM32F1xx_HAL_Driver/Src/stm32f1xx_hal_spi.c ****   */
2358:Drivers/STM32F1xx_HAL_Driver/Src/stm32f1xx_hal_spi.c **** HAL_StatusTypeDef HAL_SPI_DMAPause(SPI_HandleTypeDef *hspi)
2359:Drivers/STM32F1xx_HAL_Driver/Src/stm32f1xx_hal_spi.c **** {
2360:Drivers/STM32F1xx_HAL_Driver/Src/stm32f1xx_hal_spi.c ****   /* Process Locked */
2361:Drivers/STM32F1xx_HAL_Driver/Src/stm32f1xx_hal_spi.c ****   __HAL_LOCK(hspi);
2362:Drivers/STM32F1xx_HAL_Driver/Src/stm32f1xx_hal_spi.c **** 
2363:Drivers/STM32F1xx_HAL_Driver/Src/stm32f1xx_hal_spi.c ****   /* Disable the SPI DMA Tx & Rx requests */
2364:Drivers/STM32F1xx_HAL_Driver/Src/stm32f1xx_hal_spi.c ****   CLEAR_BIT(hspi->Instance->CR2, SPI_CR2_TXDMAEN | SPI_CR2_RXDMAEN);
2365:Drivers/STM32F1xx_HAL_Driver/Src/stm32f1xx_hal_spi.c **** 
2366:Drivers/STM32F1xx_HAL_Driver/Src/stm32f1xx_hal_spi.c ****   /* Process Unlocked */
2367:Drivers/STM32F1xx_HAL_Driver/Src/stm32f1xx_hal_spi.c ****   __HAL_UNLOCK(hspi);
2368:Drivers/STM32F1xx_HAL_Driver/Src/stm32f1xx_hal_spi.c **** 
2369:Drivers/STM32F1xx_HAL_Driver/Src/stm32f1xx_hal_spi.c ****   return HAL_OK;
ARM GAS  C:\Users\airforce\AppData\Local\Temp\cca1ZS9V.s 			page 43


2370:Drivers/STM32F1xx_HAL_Driver/Src/stm32f1xx_hal_spi.c **** }
2371:Drivers/STM32F1xx_HAL_Driver/Src/stm32f1xx_hal_spi.c **** 
2372:Drivers/STM32F1xx_HAL_Driver/Src/stm32f1xx_hal_spi.c **** /**
2373:Drivers/STM32F1xx_HAL_Driver/Src/stm32f1xx_hal_spi.c ****   * @brief  Resume the DMA Transfer.
2374:Drivers/STM32F1xx_HAL_Driver/Src/stm32f1xx_hal_spi.c ****   * @param  hspi pointer to a SPI_HandleTypeDef structure that contains
2375:Drivers/STM32F1xx_HAL_Driver/Src/stm32f1xx_hal_spi.c ****   *               the configuration information for the specified SPI module.
2376:Drivers/STM32F1xx_HAL_Driver/Src/stm32f1xx_hal_spi.c ****   * @retval HAL status
2377:Drivers/STM32F1xx_HAL_Driver/Src/stm32f1xx_hal_spi.c ****   */
2378:Drivers/STM32F1xx_HAL_Driver/Src/stm32f1xx_hal_spi.c **** HAL_StatusTypeDef HAL_SPI_DMAResume(SPI_HandleTypeDef *hspi)
2379:Drivers/STM32F1xx_HAL_Driver/Src/stm32f1xx_hal_spi.c **** {
2380:Drivers/STM32F1xx_HAL_Driver/Src/stm32f1xx_hal_spi.c ****   /* Process Locked */
2381:Drivers/STM32F1xx_HAL_Driver/Src/stm32f1xx_hal_spi.c ****   __HAL_LOCK(hspi);
2382:Drivers/STM32F1xx_HAL_Driver/Src/stm32f1xx_hal_spi.c **** 
2383:Drivers/STM32F1xx_HAL_Driver/Src/stm32f1xx_hal_spi.c ****   /* Enable the SPI DMA Tx & Rx requests */
2384:Drivers/STM32F1xx_HAL_Driver/Src/stm32f1xx_hal_spi.c ****   SET_BIT(hspi->Instance->CR2, SPI_CR2_TXDMAEN | SPI_CR2_RXDMAEN);
2385:Drivers/STM32F1xx_HAL_Driver/Src/stm32f1xx_hal_spi.c **** 
2386:Drivers/STM32F1xx_HAL_Driver/Src/stm32f1xx_hal_spi.c ****   /* Process Unlocked */
2387:Drivers/STM32F1xx_HAL_Driver/Src/stm32f1xx_hal_spi.c ****   __HAL_UNLOCK(hspi);
2388:Drivers/STM32F1xx_HAL_Driver/Src/stm32f1xx_hal_spi.c **** 
2389:Drivers/STM32F1xx_HAL_Driver/Src/stm32f1xx_hal_spi.c ****   return HAL_OK;
2390:Drivers/STM32F1xx_HAL_Driver/Src/stm32f1xx_hal_spi.c **** }
2391:Drivers/STM32F1xx_HAL_Driver/Src/stm32f1xx_hal_spi.c **** 
2392:Drivers/STM32F1xx_HAL_Driver/Src/stm32f1xx_hal_spi.c **** /**
2393:Drivers/STM32F1xx_HAL_Driver/Src/stm32f1xx_hal_spi.c ****   * @brief  Stop the DMA Transfer.
2394:Drivers/STM32F1xx_HAL_Driver/Src/stm32f1xx_hal_spi.c ****   * @param  hspi pointer to a SPI_HandleTypeDef structure that contains
2395:Drivers/STM32F1xx_HAL_Driver/Src/stm32f1xx_hal_spi.c ****   *               the configuration information for the specified SPI module.
2396:Drivers/STM32F1xx_HAL_Driver/Src/stm32f1xx_hal_spi.c ****   * @retval HAL status
2397:Drivers/STM32F1xx_HAL_Driver/Src/stm32f1xx_hal_spi.c ****   */
2398:Drivers/STM32F1xx_HAL_Driver/Src/stm32f1xx_hal_spi.c **** HAL_StatusTypeDef HAL_SPI_DMAStop(SPI_HandleTypeDef *hspi)
2399:Drivers/STM32F1xx_HAL_Driver/Src/stm32f1xx_hal_spi.c **** {
2400:Drivers/STM32F1xx_HAL_Driver/Src/stm32f1xx_hal_spi.c ****   HAL_StatusTypeDef errorcode = HAL_OK;
2401:Drivers/STM32F1xx_HAL_Driver/Src/stm32f1xx_hal_spi.c ****   /* The Lock is not implemented on this API to allow the user application
2402:Drivers/STM32F1xx_HAL_Driver/Src/stm32f1xx_hal_spi.c ****      to call the HAL SPI API under callbacks HAL_SPI_TxCpltCallback() or HAL_SPI_RxCpltCallback() o
2403:Drivers/STM32F1xx_HAL_Driver/Src/stm32f1xx_hal_spi.c ****      HAL_SPI_TxRxCpltCallback():
2404:Drivers/STM32F1xx_HAL_Driver/Src/stm32f1xx_hal_spi.c ****      when calling HAL_DMA_Abort() API the DMA TX/RX Transfer complete interrupt is generated
2405:Drivers/STM32F1xx_HAL_Driver/Src/stm32f1xx_hal_spi.c ****      and the correspond call back is executed HAL_SPI_TxCpltCallback() or HAL_SPI_RxCpltCallback() 
2406:Drivers/STM32F1xx_HAL_Driver/Src/stm32f1xx_hal_spi.c ****      HAL_SPI_TxRxCpltCallback()
2407:Drivers/STM32F1xx_HAL_Driver/Src/stm32f1xx_hal_spi.c ****      */
2408:Drivers/STM32F1xx_HAL_Driver/Src/stm32f1xx_hal_spi.c **** 
2409:Drivers/STM32F1xx_HAL_Driver/Src/stm32f1xx_hal_spi.c ****   /* Abort the SPI DMA tx Stream/Channel  */
2410:Drivers/STM32F1xx_HAL_Driver/Src/stm32f1xx_hal_spi.c ****   if (hspi->hdmatx != NULL)
2411:Drivers/STM32F1xx_HAL_Driver/Src/stm32f1xx_hal_spi.c ****   {
2412:Drivers/STM32F1xx_HAL_Driver/Src/stm32f1xx_hal_spi.c ****     if (HAL_OK != HAL_DMA_Abort(hspi->hdmatx))
2413:Drivers/STM32F1xx_HAL_Driver/Src/stm32f1xx_hal_spi.c ****     {
2414:Drivers/STM32F1xx_HAL_Driver/Src/stm32f1xx_hal_spi.c ****       SET_BIT(hspi->ErrorCode, HAL_SPI_ERROR_DMA);
2415:Drivers/STM32F1xx_HAL_Driver/Src/stm32f1xx_hal_spi.c ****       errorcode = HAL_ERROR;
2416:Drivers/STM32F1xx_HAL_Driver/Src/stm32f1xx_hal_spi.c ****     }
2417:Drivers/STM32F1xx_HAL_Driver/Src/stm32f1xx_hal_spi.c ****   }
2418:Drivers/STM32F1xx_HAL_Driver/Src/stm32f1xx_hal_spi.c ****   /* Abort the SPI DMA rx Stream/Channel  */
2419:Drivers/STM32F1xx_HAL_Driver/Src/stm32f1xx_hal_spi.c ****   if (hspi->hdmarx != NULL)
2420:Drivers/STM32F1xx_HAL_Driver/Src/stm32f1xx_hal_spi.c ****   {
2421:Drivers/STM32F1xx_HAL_Driver/Src/stm32f1xx_hal_spi.c ****     if (HAL_OK != HAL_DMA_Abort(hspi->hdmarx))
2422:Drivers/STM32F1xx_HAL_Driver/Src/stm32f1xx_hal_spi.c ****     {
2423:Drivers/STM32F1xx_HAL_Driver/Src/stm32f1xx_hal_spi.c ****       SET_BIT(hspi->ErrorCode, HAL_SPI_ERROR_DMA);
2424:Drivers/STM32F1xx_HAL_Driver/Src/stm32f1xx_hal_spi.c ****       errorcode = HAL_ERROR;
2425:Drivers/STM32F1xx_HAL_Driver/Src/stm32f1xx_hal_spi.c ****     }
2426:Drivers/STM32F1xx_HAL_Driver/Src/stm32f1xx_hal_spi.c ****   }
ARM GAS  C:\Users\airforce\AppData\Local\Temp\cca1ZS9V.s 			page 44


2427:Drivers/STM32F1xx_HAL_Driver/Src/stm32f1xx_hal_spi.c **** 
2428:Drivers/STM32F1xx_HAL_Driver/Src/stm32f1xx_hal_spi.c ****   /* Disable the SPI DMA Tx & Rx requests */
2429:Drivers/STM32F1xx_HAL_Driver/Src/stm32f1xx_hal_spi.c ****   CLEAR_BIT(hspi->Instance->CR2, SPI_CR2_TXDMAEN | SPI_CR2_RXDMAEN);
2430:Drivers/STM32F1xx_HAL_Driver/Src/stm32f1xx_hal_spi.c ****   hspi->State = HAL_SPI_STATE_READY;
2431:Drivers/STM32F1xx_HAL_Driver/Src/stm32f1xx_hal_spi.c ****   return errorcode;
2432:Drivers/STM32F1xx_HAL_Driver/Src/stm32f1xx_hal_spi.c **** }
2433:Drivers/STM32F1xx_HAL_Driver/Src/stm32f1xx_hal_spi.c **** 
2434:Drivers/STM32F1xx_HAL_Driver/Src/stm32f1xx_hal_spi.c **** /**
2435:Drivers/STM32F1xx_HAL_Driver/Src/stm32f1xx_hal_spi.c ****   * @brief  Handle SPI interrupt request.
2436:Drivers/STM32F1xx_HAL_Driver/Src/stm32f1xx_hal_spi.c ****   * @param  hspi pointer to a SPI_HandleTypeDef structure that contains
2437:Drivers/STM32F1xx_HAL_Driver/Src/stm32f1xx_hal_spi.c ****   *               the configuration information for the specified SPI module.
2438:Drivers/STM32F1xx_HAL_Driver/Src/stm32f1xx_hal_spi.c ****   * @retval None
2439:Drivers/STM32F1xx_HAL_Driver/Src/stm32f1xx_hal_spi.c ****   */
2440:Drivers/STM32F1xx_HAL_Driver/Src/stm32f1xx_hal_spi.c **** void HAL_SPI_IRQHandler(SPI_HandleTypeDef *hspi)
2441:Drivers/STM32F1xx_HAL_Driver/Src/stm32f1xx_hal_spi.c **** {
2442:Drivers/STM32F1xx_HAL_Driver/Src/stm32f1xx_hal_spi.c ****   uint32_t itsource = hspi->Instance->CR2;
2443:Drivers/STM32F1xx_HAL_Driver/Src/stm32f1xx_hal_spi.c ****   uint32_t itflag   = hspi->Instance->SR;
2444:Drivers/STM32F1xx_HAL_Driver/Src/stm32f1xx_hal_spi.c **** 
2445:Drivers/STM32F1xx_HAL_Driver/Src/stm32f1xx_hal_spi.c ****   /* SPI in mode Receiver ----------------------------------------------------*/
2446:Drivers/STM32F1xx_HAL_Driver/Src/stm32f1xx_hal_spi.c ****   if ((SPI_CHECK_FLAG(itflag, SPI_FLAG_OVR) == RESET) &&
2447:Drivers/STM32F1xx_HAL_Driver/Src/stm32f1xx_hal_spi.c ****       (SPI_CHECK_FLAG(itflag, SPI_FLAG_RXNE) != RESET) && (SPI_CHECK_IT_SOURCE(itsource, SPI_IT_RXN
2448:Drivers/STM32F1xx_HAL_Driver/Src/stm32f1xx_hal_spi.c ****   {
2449:Drivers/STM32F1xx_HAL_Driver/Src/stm32f1xx_hal_spi.c ****     hspi->RxISR(hspi);
2450:Drivers/STM32F1xx_HAL_Driver/Src/stm32f1xx_hal_spi.c ****     return;
2451:Drivers/STM32F1xx_HAL_Driver/Src/stm32f1xx_hal_spi.c ****   }
2452:Drivers/STM32F1xx_HAL_Driver/Src/stm32f1xx_hal_spi.c **** 
2453:Drivers/STM32F1xx_HAL_Driver/Src/stm32f1xx_hal_spi.c ****   /* SPI in mode Transmitter -------------------------------------------------*/
2454:Drivers/STM32F1xx_HAL_Driver/Src/stm32f1xx_hal_spi.c ****   if ((SPI_CHECK_FLAG(itflag, SPI_FLAG_TXE) != RESET) && (SPI_CHECK_IT_SOURCE(itsource, SPI_IT_TXE)
2455:Drivers/STM32F1xx_HAL_Driver/Src/stm32f1xx_hal_spi.c ****   {
2456:Drivers/STM32F1xx_HAL_Driver/Src/stm32f1xx_hal_spi.c ****     hspi->TxISR(hspi);
2457:Drivers/STM32F1xx_HAL_Driver/Src/stm32f1xx_hal_spi.c ****     return;
2458:Drivers/STM32F1xx_HAL_Driver/Src/stm32f1xx_hal_spi.c ****   }
2459:Drivers/STM32F1xx_HAL_Driver/Src/stm32f1xx_hal_spi.c **** 
2460:Drivers/STM32F1xx_HAL_Driver/Src/stm32f1xx_hal_spi.c ****   /* SPI in Error Treatment --------------------------------------------------*/
2461:Drivers/STM32F1xx_HAL_Driver/Src/stm32f1xx_hal_spi.c ****   if (((SPI_CHECK_FLAG(itflag, SPI_FLAG_MODF) != RESET) || (SPI_CHECK_FLAG(itflag, SPI_FLAG_OVR) !=
2462:Drivers/STM32F1xx_HAL_Driver/Src/stm32f1xx_hal_spi.c ****       && (SPI_CHECK_IT_SOURCE(itsource, SPI_IT_ERR) != RESET))
2463:Drivers/STM32F1xx_HAL_Driver/Src/stm32f1xx_hal_spi.c ****   {
2464:Drivers/STM32F1xx_HAL_Driver/Src/stm32f1xx_hal_spi.c ****     /* SPI Overrun error interrupt occurred ----------------------------------*/
2465:Drivers/STM32F1xx_HAL_Driver/Src/stm32f1xx_hal_spi.c ****     if (SPI_CHECK_FLAG(itflag, SPI_FLAG_OVR) != RESET)
2466:Drivers/STM32F1xx_HAL_Driver/Src/stm32f1xx_hal_spi.c ****     {
2467:Drivers/STM32F1xx_HAL_Driver/Src/stm32f1xx_hal_spi.c ****       if (hspi->State != HAL_SPI_STATE_BUSY_TX)
2468:Drivers/STM32F1xx_HAL_Driver/Src/stm32f1xx_hal_spi.c ****       {
2469:Drivers/STM32F1xx_HAL_Driver/Src/stm32f1xx_hal_spi.c ****         SET_BIT(hspi->ErrorCode, HAL_SPI_ERROR_OVR);
2470:Drivers/STM32F1xx_HAL_Driver/Src/stm32f1xx_hal_spi.c ****         __HAL_SPI_CLEAR_OVRFLAG(hspi);
2471:Drivers/STM32F1xx_HAL_Driver/Src/stm32f1xx_hal_spi.c ****       }
2472:Drivers/STM32F1xx_HAL_Driver/Src/stm32f1xx_hal_spi.c ****       else
2473:Drivers/STM32F1xx_HAL_Driver/Src/stm32f1xx_hal_spi.c ****       {
2474:Drivers/STM32F1xx_HAL_Driver/Src/stm32f1xx_hal_spi.c ****         __HAL_SPI_CLEAR_OVRFLAG(hspi);
2475:Drivers/STM32F1xx_HAL_Driver/Src/stm32f1xx_hal_spi.c ****         return;
2476:Drivers/STM32F1xx_HAL_Driver/Src/stm32f1xx_hal_spi.c ****       }
2477:Drivers/STM32F1xx_HAL_Driver/Src/stm32f1xx_hal_spi.c ****     }
2478:Drivers/STM32F1xx_HAL_Driver/Src/stm32f1xx_hal_spi.c **** 
2479:Drivers/STM32F1xx_HAL_Driver/Src/stm32f1xx_hal_spi.c ****     /* SPI Mode Fault error interrupt occurred -------------------------------*/
2480:Drivers/STM32F1xx_HAL_Driver/Src/stm32f1xx_hal_spi.c ****     if (SPI_CHECK_FLAG(itflag, SPI_FLAG_MODF) != RESET)
2481:Drivers/STM32F1xx_HAL_Driver/Src/stm32f1xx_hal_spi.c ****     {
2482:Drivers/STM32F1xx_HAL_Driver/Src/stm32f1xx_hal_spi.c ****       SET_BIT(hspi->ErrorCode, HAL_SPI_ERROR_MODF);
2483:Drivers/STM32F1xx_HAL_Driver/Src/stm32f1xx_hal_spi.c ****       __HAL_SPI_CLEAR_MODFFLAG(hspi);
ARM GAS  C:\Users\airforce\AppData\Local\Temp\cca1ZS9V.s 			page 45


2484:Drivers/STM32F1xx_HAL_Driver/Src/stm32f1xx_hal_spi.c ****     }
2485:Drivers/STM32F1xx_HAL_Driver/Src/stm32f1xx_hal_spi.c **** 
2486:Drivers/STM32F1xx_HAL_Driver/Src/stm32f1xx_hal_spi.c ****     /* SPI Frame error interrupt occurred ------------------------------------*/
2487:Drivers/STM32F1xx_HAL_Driver/Src/stm32f1xx_hal_spi.c **** 
2488:Drivers/STM32F1xx_HAL_Driver/Src/stm32f1xx_hal_spi.c ****     if (hspi->ErrorCode != HAL_SPI_ERROR_NONE)
2489:Drivers/STM32F1xx_HAL_Driver/Src/stm32f1xx_hal_spi.c ****     {
2490:Drivers/STM32F1xx_HAL_Driver/Src/stm32f1xx_hal_spi.c ****       /* Disable all interrupts */
2491:Drivers/STM32F1xx_HAL_Driver/Src/stm32f1xx_hal_spi.c ****       __HAL_SPI_DISABLE_IT(hspi, SPI_IT_RXNE | SPI_IT_TXE | SPI_IT_ERR);
2492:Drivers/STM32F1xx_HAL_Driver/Src/stm32f1xx_hal_spi.c **** 
2493:Drivers/STM32F1xx_HAL_Driver/Src/stm32f1xx_hal_spi.c ****       hspi->State = HAL_SPI_STATE_READY;
2494:Drivers/STM32F1xx_HAL_Driver/Src/stm32f1xx_hal_spi.c ****       /* Disable the SPI DMA requests if enabled */
2495:Drivers/STM32F1xx_HAL_Driver/Src/stm32f1xx_hal_spi.c ****       if ((HAL_IS_BIT_SET(itsource, SPI_CR2_TXDMAEN)) || (HAL_IS_BIT_SET(itsource, SPI_CR2_RXDMAEN)
2496:Drivers/STM32F1xx_HAL_Driver/Src/stm32f1xx_hal_spi.c ****       {
2497:Drivers/STM32F1xx_HAL_Driver/Src/stm32f1xx_hal_spi.c ****         CLEAR_BIT(hspi->Instance->CR2, (SPI_CR2_TXDMAEN | SPI_CR2_RXDMAEN));
2498:Drivers/STM32F1xx_HAL_Driver/Src/stm32f1xx_hal_spi.c **** 
2499:Drivers/STM32F1xx_HAL_Driver/Src/stm32f1xx_hal_spi.c ****         /* Abort the SPI DMA Rx channel */
2500:Drivers/STM32F1xx_HAL_Driver/Src/stm32f1xx_hal_spi.c ****         if (hspi->hdmarx != NULL)
2501:Drivers/STM32F1xx_HAL_Driver/Src/stm32f1xx_hal_spi.c ****         {
2502:Drivers/STM32F1xx_HAL_Driver/Src/stm32f1xx_hal_spi.c ****           /* Set the SPI DMA Abort callback :
2503:Drivers/STM32F1xx_HAL_Driver/Src/stm32f1xx_hal_spi.c ****           will lead to call HAL_SPI_ErrorCallback() at end of DMA abort procedure */
2504:Drivers/STM32F1xx_HAL_Driver/Src/stm32f1xx_hal_spi.c ****           hspi->hdmarx->XferAbortCallback = SPI_DMAAbortOnError;
2505:Drivers/STM32F1xx_HAL_Driver/Src/stm32f1xx_hal_spi.c ****           if (HAL_OK != HAL_DMA_Abort_IT(hspi->hdmarx))
2506:Drivers/STM32F1xx_HAL_Driver/Src/stm32f1xx_hal_spi.c ****           {
2507:Drivers/STM32F1xx_HAL_Driver/Src/stm32f1xx_hal_spi.c ****             SET_BIT(hspi->ErrorCode, HAL_SPI_ERROR_ABORT);
2508:Drivers/STM32F1xx_HAL_Driver/Src/stm32f1xx_hal_spi.c ****           }
2509:Drivers/STM32F1xx_HAL_Driver/Src/stm32f1xx_hal_spi.c ****         }
2510:Drivers/STM32F1xx_HAL_Driver/Src/stm32f1xx_hal_spi.c ****         /* Abort the SPI DMA Tx channel */
2511:Drivers/STM32F1xx_HAL_Driver/Src/stm32f1xx_hal_spi.c ****         if (hspi->hdmatx != NULL)
2512:Drivers/STM32F1xx_HAL_Driver/Src/stm32f1xx_hal_spi.c ****         {
2513:Drivers/STM32F1xx_HAL_Driver/Src/stm32f1xx_hal_spi.c ****           /* Set the SPI DMA Abort callback :
2514:Drivers/STM32F1xx_HAL_Driver/Src/stm32f1xx_hal_spi.c ****           will lead to call HAL_SPI_ErrorCallback() at end of DMA abort procedure */
2515:Drivers/STM32F1xx_HAL_Driver/Src/stm32f1xx_hal_spi.c ****           hspi->hdmatx->XferAbortCallback = SPI_DMAAbortOnError;
2516:Drivers/STM32F1xx_HAL_Driver/Src/stm32f1xx_hal_spi.c ****           if (HAL_OK != HAL_DMA_Abort_IT(hspi->hdmatx))
2517:Drivers/STM32F1xx_HAL_Driver/Src/stm32f1xx_hal_spi.c ****           {
2518:Drivers/STM32F1xx_HAL_Driver/Src/stm32f1xx_hal_spi.c ****             SET_BIT(hspi->ErrorCode, HAL_SPI_ERROR_ABORT);
2519:Drivers/STM32F1xx_HAL_Driver/Src/stm32f1xx_hal_spi.c ****           }
2520:Drivers/STM32F1xx_HAL_Driver/Src/stm32f1xx_hal_spi.c ****         }
2521:Drivers/STM32F1xx_HAL_Driver/Src/stm32f1xx_hal_spi.c ****       }
2522:Drivers/STM32F1xx_HAL_Driver/Src/stm32f1xx_hal_spi.c ****       else
2523:Drivers/STM32F1xx_HAL_Driver/Src/stm32f1xx_hal_spi.c ****       {
2524:Drivers/STM32F1xx_HAL_Driver/Src/stm32f1xx_hal_spi.c ****         /* Call user error callback */
2525:Drivers/STM32F1xx_HAL_Driver/Src/stm32f1xx_hal_spi.c **** #if (USE_HAL_SPI_REGISTER_CALLBACKS == 1U)
2526:Drivers/STM32F1xx_HAL_Driver/Src/stm32f1xx_hal_spi.c ****         hspi->ErrorCallback(hspi);
2527:Drivers/STM32F1xx_HAL_Driver/Src/stm32f1xx_hal_spi.c **** #else
2528:Drivers/STM32F1xx_HAL_Driver/Src/stm32f1xx_hal_spi.c ****         HAL_SPI_ErrorCallback(hspi);
2529:Drivers/STM32F1xx_HAL_Driver/Src/stm32f1xx_hal_spi.c **** #endif /* USE_HAL_SPI_REGISTER_CALLBACKS */
2530:Drivers/STM32F1xx_HAL_Driver/Src/stm32f1xx_hal_spi.c ****       }
2531:Drivers/STM32F1xx_HAL_Driver/Src/stm32f1xx_hal_spi.c ****     }
2532:Drivers/STM32F1xx_HAL_Driver/Src/stm32f1xx_hal_spi.c ****     return;
2533:Drivers/STM32F1xx_HAL_Driver/Src/stm32f1xx_hal_spi.c ****   }
2534:Drivers/STM32F1xx_HAL_Driver/Src/stm32f1xx_hal_spi.c **** }
2535:Drivers/STM32F1xx_HAL_Driver/Src/stm32f1xx_hal_spi.c **** 
2536:Drivers/STM32F1xx_HAL_Driver/Src/stm32f1xx_hal_spi.c **** /**
2537:Drivers/STM32F1xx_HAL_Driver/Src/stm32f1xx_hal_spi.c ****   * @brief  Tx Transfer completed callback.
2538:Drivers/STM32F1xx_HAL_Driver/Src/stm32f1xx_hal_spi.c ****   * @param  hspi pointer to a SPI_HandleTypeDef structure that contains
2539:Drivers/STM32F1xx_HAL_Driver/Src/stm32f1xx_hal_spi.c ****   *               the configuration information for SPI module.
2540:Drivers/STM32F1xx_HAL_Driver/Src/stm32f1xx_hal_spi.c ****   * @retval None
ARM GAS  C:\Users\airforce\AppData\Local\Temp\cca1ZS9V.s 			page 46


2541:Drivers/STM32F1xx_HAL_Driver/Src/stm32f1xx_hal_spi.c ****   */
2542:Drivers/STM32F1xx_HAL_Driver/Src/stm32f1xx_hal_spi.c **** __weak void HAL_SPI_TxCpltCallback(SPI_HandleTypeDef *hspi)
2543:Drivers/STM32F1xx_HAL_Driver/Src/stm32f1xx_hal_spi.c **** {
2544:Drivers/STM32F1xx_HAL_Driver/Src/stm32f1xx_hal_spi.c ****   /* Prevent unused argument(s) compilation warning */
2545:Drivers/STM32F1xx_HAL_Driver/Src/stm32f1xx_hal_spi.c ****   UNUSED(hspi);
2546:Drivers/STM32F1xx_HAL_Driver/Src/stm32f1xx_hal_spi.c **** 
2547:Drivers/STM32F1xx_HAL_Driver/Src/stm32f1xx_hal_spi.c ****   /* NOTE : This function should not be modified, when the callback is needed,
2548:Drivers/STM32F1xx_HAL_Driver/Src/stm32f1xx_hal_spi.c ****             the HAL_SPI_TxCpltCallback should be implemented in the user file
2549:Drivers/STM32F1xx_HAL_Driver/Src/stm32f1xx_hal_spi.c ****    */
2550:Drivers/STM32F1xx_HAL_Driver/Src/stm32f1xx_hal_spi.c **** }
2551:Drivers/STM32F1xx_HAL_Driver/Src/stm32f1xx_hal_spi.c **** 
2552:Drivers/STM32F1xx_HAL_Driver/Src/stm32f1xx_hal_spi.c **** /**
2553:Drivers/STM32F1xx_HAL_Driver/Src/stm32f1xx_hal_spi.c ****   * @brief  Rx Transfer completed callback.
2554:Drivers/STM32F1xx_HAL_Driver/Src/stm32f1xx_hal_spi.c ****   * @param  hspi pointer to a SPI_HandleTypeDef structure that contains
2555:Drivers/STM32F1xx_HAL_Driver/Src/stm32f1xx_hal_spi.c ****   *               the configuration information for SPI module.
2556:Drivers/STM32F1xx_HAL_Driver/Src/stm32f1xx_hal_spi.c ****   * @retval None
2557:Drivers/STM32F1xx_HAL_Driver/Src/stm32f1xx_hal_spi.c ****   */
2558:Drivers/STM32F1xx_HAL_Driver/Src/stm32f1xx_hal_spi.c **** __weak void HAL_SPI_RxCpltCallback(SPI_HandleTypeDef *hspi)
2559:Drivers/STM32F1xx_HAL_Driver/Src/stm32f1xx_hal_spi.c **** {
2560:Drivers/STM32F1xx_HAL_Driver/Src/stm32f1xx_hal_spi.c ****   /* Prevent unused argument(s) compilation warning */
2561:Drivers/STM32F1xx_HAL_Driver/Src/stm32f1xx_hal_spi.c ****   UNUSED(hspi);
2562:Drivers/STM32F1xx_HAL_Driver/Src/stm32f1xx_hal_spi.c **** 
2563:Drivers/STM32F1xx_HAL_Driver/Src/stm32f1xx_hal_spi.c ****   /* NOTE : This function should not be modified, when the callback is needed,
2564:Drivers/STM32F1xx_HAL_Driver/Src/stm32f1xx_hal_spi.c ****             the HAL_SPI_RxCpltCallback should be implemented in the user file
2565:Drivers/STM32F1xx_HAL_Driver/Src/stm32f1xx_hal_spi.c ****    */
2566:Drivers/STM32F1xx_HAL_Driver/Src/stm32f1xx_hal_spi.c **** }
2567:Drivers/STM32F1xx_HAL_Driver/Src/stm32f1xx_hal_spi.c **** 
2568:Drivers/STM32F1xx_HAL_Driver/Src/stm32f1xx_hal_spi.c **** /**
2569:Drivers/STM32F1xx_HAL_Driver/Src/stm32f1xx_hal_spi.c ****   * @brief  Tx and Rx Transfer completed callback.
2570:Drivers/STM32F1xx_HAL_Driver/Src/stm32f1xx_hal_spi.c ****   * @param  hspi pointer to a SPI_HandleTypeDef structure that contains
2571:Drivers/STM32F1xx_HAL_Driver/Src/stm32f1xx_hal_spi.c ****   *               the configuration information for SPI module.
2572:Drivers/STM32F1xx_HAL_Driver/Src/stm32f1xx_hal_spi.c ****   * @retval None
2573:Drivers/STM32F1xx_HAL_Driver/Src/stm32f1xx_hal_spi.c ****   */
2574:Drivers/STM32F1xx_HAL_Driver/Src/stm32f1xx_hal_spi.c **** __weak void HAL_SPI_TxRxCpltCallback(SPI_HandleTypeDef *hspi)
2575:Drivers/STM32F1xx_HAL_Driver/Src/stm32f1xx_hal_spi.c **** {
2576:Drivers/STM32F1xx_HAL_Driver/Src/stm32f1xx_hal_spi.c ****   /* Prevent unused argument(s) compilation warning */
2577:Drivers/STM32F1xx_HAL_Driver/Src/stm32f1xx_hal_spi.c ****   UNUSED(hspi);
2578:Drivers/STM32F1xx_HAL_Driver/Src/stm32f1xx_hal_spi.c **** 
2579:Drivers/STM32F1xx_HAL_Driver/Src/stm32f1xx_hal_spi.c ****   /* NOTE : This function should not be modified, when the callback is needed,
2580:Drivers/STM32F1xx_HAL_Driver/Src/stm32f1xx_hal_spi.c ****             the HAL_SPI_TxRxCpltCallback should be implemented in the user file
2581:Drivers/STM32F1xx_HAL_Driver/Src/stm32f1xx_hal_spi.c ****    */
2582:Drivers/STM32F1xx_HAL_Driver/Src/stm32f1xx_hal_spi.c **** }
2583:Drivers/STM32F1xx_HAL_Driver/Src/stm32f1xx_hal_spi.c **** 
2584:Drivers/STM32F1xx_HAL_Driver/Src/stm32f1xx_hal_spi.c **** /**
2585:Drivers/STM32F1xx_HAL_Driver/Src/stm32f1xx_hal_spi.c ****   * @brief  Tx Half Transfer completed callback.
2586:Drivers/STM32F1xx_HAL_Driver/Src/stm32f1xx_hal_spi.c ****   * @param  hspi pointer to a SPI_HandleTypeDef structure that contains
2587:Drivers/STM32F1xx_HAL_Driver/Src/stm32f1xx_hal_spi.c ****   *               the configuration information for SPI module.
2588:Drivers/STM32F1xx_HAL_Driver/Src/stm32f1xx_hal_spi.c ****   * @retval None
2589:Drivers/STM32F1xx_HAL_Driver/Src/stm32f1xx_hal_spi.c ****   */
2590:Drivers/STM32F1xx_HAL_Driver/Src/stm32f1xx_hal_spi.c **** __weak void HAL_SPI_TxHalfCpltCallback(SPI_HandleTypeDef *hspi)
2591:Drivers/STM32F1xx_HAL_Driver/Src/stm32f1xx_hal_spi.c **** {
2592:Drivers/STM32F1xx_HAL_Driver/Src/stm32f1xx_hal_spi.c ****   /* Prevent unused argument(s) compilation warning */
2593:Drivers/STM32F1xx_HAL_Driver/Src/stm32f1xx_hal_spi.c ****   UNUSED(hspi);
2594:Drivers/STM32F1xx_HAL_Driver/Src/stm32f1xx_hal_spi.c **** 
2595:Drivers/STM32F1xx_HAL_Driver/Src/stm32f1xx_hal_spi.c ****   /* NOTE : This function should not be modified, when the callback is needed,
2596:Drivers/STM32F1xx_HAL_Driver/Src/stm32f1xx_hal_spi.c ****             the HAL_SPI_TxHalfCpltCallback should be implemented in the user file
2597:Drivers/STM32F1xx_HAL_Driver/Src/stm32f1xx_hal_spi.c ****    */
ARM GAS  C:\Users\airforce\AppData\Local\Temp\cca1ZS9V.s 			page 47


2598:Drivers/STM32F1xx_HAL_Driver/Src/stm32f1xx_hal_spi.c **** }
2599:Drivers/STM32F1xx_HAL_Driver/Src/stm32f1xx_hal_spi.c **** 
2600:Drivers/STM32F1xx_HAL_Driver/Src/stm32f1xx_hal_spi.c **** /**
2601:Drivers/STM32F1xx_HAL_Driver/Src/stm32f1xx_hal_spi.c ****   * @brief  Rx Half Transfer completed callback.
2602:Drivers/STM32F1xx_HAL_Driver/Src/stm32f1xx_hal_spi.c ****   * @param  hspi pointer to a SPI_HandleTypeDef structure that contains
2603:Drivers/STM32F1xx_HAL_Driver/Src/stm32f1xx_hal_spi.c ****   *               the configuration information for SPI module.
2604:Drivers/STM32F1xx_HAL_Driver/Src/stm32f1xx_hal_spi.c ****   * @retval None
2605:Drivers/STM32F1xx_HAL_Driver/Src/stm32f1xx_hal_spi.c ****   */
2606:Drivers/STM32F1xx_HAL_Driver/Src/stm32f1xx_hal_spi.c **** __weak void HAL_SPI_RxHalfCpltCallback(SPI_HandleTypeDef *hspi)
2607:Drivers/STM32F1xx_HAL_Driver/Src/stm32f1xx_hal_spi.c **** {
2608:Drivers/STM32F1xx_HAL_Driver/Src/stm32f1xx_hal_spi.c ****   /* Prevent unused argument(s) compilation warning */
2609:Drivers/STM32F1xx_HAL_Driver/Src/stm32f1xx_hal_spi.c ****   UNUSED(hspi);
2610:Drivers/STM32F1xx_HAL_Driver/Src/stm32f1xx_hal_spi.c **** 
2611:Drivers/STM32F1xx_HAL_Driver/Src/stm32f1xx_hal_spi.c ****   /* NOTE : This function should not be modified, when the callback is needed,
2612:Drivers/STM32F1xx_HAL_Driver/Src/stm32f1xx_hal_spi.c ****             the HAL_SPI_RxHalfCpltCallback() should be implemented in the user file
2613:Drivers/STM32F1xx_HAL_Driver/Src/stm32f1xx_hal_spi.c ****    */
2614:Drivers/STM32F1xx_HAL_Driver/Src/stm32f1xx_hal_spi.c **** }
2615:Drivers/STM32F1xx_HAL_Driver/Src/stm32f1xx_hal_spi.c **** 
2616:Drivers/STM32F1xx_HAL_Driver/Src/stm32f1xx_hal_spi.c **** /**
2617:Drivers/STM32F1xx_HAL_Driver/Src/stm32f1xx_hal_spi.c ****   * @brief  Tx and Rx Half Transfer callback.
2618:Drivers/STM32F1xx_HAL_Driver/Src/stm32f1xx_hal_spi.c ****   * @param  hspi pointer to a SPI_HandleTypeDef structure that contains
2619:Drivers/STM32F1xx_HAL_Driver/Src/stm32f1xx_hal_spi.c ****   *               the configuration information for SPI module.
2620:Drivers/STM32F1xx_HAL_Driver/Src/stm32f1xx_hal_spi.c ****   * @retval None
2621:Drivers/STM32F1xx_HAL_Driver/Src/stm32f1xx_hal_spi.c ****   */
2622:Drivers/STM32F1xx_HAL_Driver/Src/stm32f1xx_hal_spi.c **** __weak void HAL_SPI_TxRxHalfCpltCallback(SPI_HandleTypeDef *hspi)
2623:Drivers/STM32F1xx_HAL_Driver/Src/stm32f1xx_hal_spi.c **** {
2624:Drivers/STM32F1xx_HAL_Driver/Src/stm32f1xx_hal_spi.c ****   /* Prevent unused argument(s) compilation warning */
2625:Drivers/STM32F1xx_HAL_Driver/Src/stm32f1xx_hal_spi.c ****   UNUSED(hspi);
2626:Drivers/STM32F1xx_HAL_Driver/Src/stm32f1xx_hal_spi.c **** 
2627:Drivers/STM32F1xx_HAL_Driver/Src/stm32f1xx_hal_spi.c ****   /* NOTE : This function should not be modified, when the callback is needed,
2628:Drivers/STM32F1xx_HAL_Driver/Src/stm32f1xx_hal_spi.c ****             the HAL_SPI_TxRxHalfCpltCallback() should be implemented in the user file
2629:Drivers/STM32F1xx_HAL_Driver/Src/stm32f1xx_hal_spi.c ****    */
2630:Drivers/STM32F1xx_HAL_Driver/Src/stm32f1xx_hal_spi.c **** }
2631:Drivers/STM32F1xx_HAL_Driver/Src/stm32f1xx_hal_spi.c **** 
2632:Drivers/STM32F1xx_HAL_Driver/Src/stm32f1xx_hal_spi.c **** /**
2633:Drivers/STM32F1xx_HAL_Driver/Src/stm32f1xx_hal_spi.c ****   * @brief  SPI error callback.
2634:Drivers/STM32F1xx_HAL_Driver/Src/stm32f1xx_hal_spi.c ****   * @param  hspi pointer to a SPI_HandleTypeDef structure that contains
2635:Drivers/STM32F1xx_HAL_Driver/Src/stm32f1xx_hal_spi.c ****   *               the configuration information for SPI module.
2636:Drivers/STM32F1xx_HAL_Driver/Src/stm32f1xx_hal_spi.c ****   * @retval None
2637:Drivers/STM32F1xx_HAL_Driver/Src/stm32f1xx_hal_spi.c ****   */
2638:Drivers/STM32F1xx_HAL_Driver/Src/stm32f1xx_hal_spi.c **** __weak void HAL_SPI_ErrorCallback(SPI_HandleTypeDef *hspi)
2639:Drivers/STM32F1xx_HAL_Driver/Src/stm32f1xx_hal_spi.c **** {
2640:Drivers/STM32F1xx_HAL_Driver/Src/stm32f1xx_hal_spi.c ****   /* Prevent unused argument(s) compilation warning */
2641:Drivers/STM32F1xx_HAL_Driver/Src/stm32f1xx_hal_spi.c ****   UNUSED(hspi);
2642:Drivers/STM32F1xx_HAL_Driver/Src/stm32f1xx_hal_spi.c **** 
2643:Drivers/STM32F1xx_HAL_Driver/Src/stm32f1xx_hal_spi.c ****   /* NOTE : This function should not be modified, when the callback is needed,
2644:Drivers/STM32F1xx_HAL_Driver/Src/stm32f1xx_hal_spi.c ****             the HAL_SPI_ErrorCallback should be implemented in the user file
2645:Drivers/STM32F1xx_HAL_Driver/Src/stm32f1xx_hal_spi.c ****    */
2646:Drivers/STM32F1xx_HAL_Driver/Src/stm32f1xx_hal_spi.c ****   /* NOTE : The ErrorCode parameter in the hspi handle is updated by the SPI processes
2647:Drivers/STM32F1xx_HAL_Driver/Src/stm32f1xx_hal_spi.c ****             and user can use HAL_SPI_GetError() API to check the latest error occurred
2648:Drivers/STM32F1xx_HAL_Driver/Src/stm32f1xx_hal_spi.c ****    */
2649:Drivers/STM32F1xx_HAL_Driver/Src/stm32f1xx_hal_spi.c **** }
2650:Drivers/STM32F1xx_HAL_Driver/Src/stm32f1xx_hal_spi.c **** 
2651:Drivers/STM32F1xx_HAL_Driver/Src/stm32f1xx_hal_spi.c **** /**
2652:Drivers/STM32F1xx_HAL_Driver/Src/stm32f1xx_hal_spi.c ****   * @brief  SPI Abort Complete callback.
2653:Drivers/STM32F1xx_HAL_Driver/Src/stm32f1xx_hal_spi.c ****   * @param  hspi SPI handle.
2654:Drivers/STM32F1xx_HAL_Driver/Src/stm32f1xx_hal_spi.c ****   * @retval None
ARM GAS  C:\Users\airforce\AppData\Local\Temp\cca1ZS9V.s 			page 48


2655:Drivers/STM32F1xx_HAL_Driver/Src/stm32f1xx_hal_spi.c ****   */
2656:Drivers/STM32F1xx_HAL_Driver/Src/stm32f1xx_hal_spi.c **** __weak void HAL_SPI_AbortCpltCallback(SPI_HandleTypeDef *hspi)
2657:Drivers/STM32F1xx_HAL_Driver/Src/stm32f1xx_hal_spi.c **** {
2658:Drivers/STM32F1xx_HAL_Driver/Src/stm32f1xx_hal_spi.c ****   /* Prevent unused argument(s) compilation warning */
2659:Drivers/STM32F1xx_HAL_Driver/Src/stm32f1xx_hal_spi.c ****   UNUSED(hspi);
2660:Drivers/STM32F1xx_HAL_Driver/Src/stm32f1xx_hal_spi.c **** 
2661:Drivers/STM32F1xx_HAL_Driver/Src/stm32f1xx_hal_spi.c ****   /* NOTE : This function should not be modified, when the callback is needed,
2662:Drivers/STM32F1xx_HAL_Driver/Src/stm32f1xx_hal_spi.c ****             the HAL_SPI_AbortCpltCallback can be implemented in the user file.
2663:Drivers/STM32F1xx_HAL_Driver/Src/stm32f1xx_hal_spi.c ****    */
2664:Drivers/STM32F1xx_HAL_Driver/Src/stm32f1xx_hal_spi.c **** }
2665:Drivers/STM32F1xx_HAL_Driver/Src/stm32f1xx_hal_spi.c **** 
2666:Drivers/STM32F1xx_HAL_Driver/Src/stm32f1xx_hal_spi.c **** /**
2667:Drivers/STM32F1xx_HAL_Driver/Src/stm32f1xx_hal_spi.c ****   * @}
2668:Drivers/STM32F1xx_HAL_Driver/Src/stm32f1xx_hal_spi.c ****   */
2669:Drivers/STM32F1xx_HAL_Driver/Src/stm32f1xx_hal_spi.c **** 
2670:Drivers/STM32F1xx_HAL_Driver/Src/stm32f1xx_hal_spi.c **** /** @defgroup SPI_Exported_Functions_Group3 Peripheral State and Errors functions
2671:Drivers/STM32F1xx_HAL_Driver/Src/stm32f1xx_hal_spi.c ****   * @brief   SPI control functions
2672:Drivers/STM32F1xx_HAL_Driver/Src/stm32f1xx_hal_spi.c ****   *
2673:Drivers/STM32F1xx_HAL_Driver/Src/stm32f1xx_hal_spi.c **** @verbatim
2674:Drivers/STM32F1xx_HAL_Driver/Src/stm32f1xx_hal_spi.c ****  ===============================================================================
2675:Drivers/STM32F1xx_HAL_Driver/Src/stm32f1xx_hal_spi.c ****                       ##### Peripheral State and Errors functions #####
2676:Drivers/STM32F1xx_HAL_Driver/Src/stm32f1xx_hal_spi.c ****  ===============================================================================
2677:Drivers/STM32F1xx_HAL_Driver/Src/stm32f1xx_hal_spi.c ****     [..]
2678:Drivers/STM32F1xx_HAL_Driver/Src/stm32f1xx_hal_spi.c ****     This subsection provides a set of functions allowing to control the SPI.
2679:Drivers/STM32F1xx_HAL_Driver/Src/stm32f1xx_hal_spi.c ****      (+) HAL_SPI_GetState() API can be helpful to check in run-time the state of the SPI peripheral
2680:Drivers/STM32F1xx_HAL_Driver/Src/stm32f1xx_hal_spi.c ****      (+) HAL_SPI_GetError() check in run-time Errors occurring during communication
2681:Drivers/STM32F1xx_HAL_Driver/Src/stm32f1xx_hal_spi.c **** @endverbatim
2682:Drivers/STM32F1xx_HAL_Driver/Src/stm32f1xx_hal_spi.c ****   * @{
2683:Drivers/STM32F1xx_HAL_Driver/Src/stm32f1xx_hal_spi.c ****   */
2684:Drivers/STM32F1xx_HAL_Driver/Src/stm32f1xx_hal_spi.c **** 
2685:Drivers/STM32F1xx_HAL_Driver/Src/stm32f1xx_hal_spi.c **** /**
2686:Drivers/STM32F1xx_HAL_Driver/Src/stm32f1xx_hal_spi.c ****   * @brief  Return the SPI handle state.
2687:Drivers/STM32F1xx_HAL_Driver/Src/stm32f1xx_hal_spi.c ****   * @param  hspi pointer to a SPI_HandleTypeDef structure that contains
2688:Drivers/STM32F1xx_HAL_Driver/Src/stm32f1xx_hal_spi.c ****   *               the configuration information for SPI module.
2689:Drivers/STM32F1xx_HAL_Driver/Src/stm32f1xx_hal_spi.c ****   * @retval SPI state
2690:Drivers/STM32F1xx_HAL_Driver/Src/stm32f1xx_hal_spi.c ****   */
2691:Drivers/STM32F1xx_HAL_Driver/Src/stm32f1xx_hal_spi.c **** HAL_SPI_StateTypeDef HAL_SPI_GetState(const SPI_HandleTypeDef *hspi)
2692:Drivers/STM32F1xx_HAL_Driver/Src/stm32f1xx_hal_spi.c **** {
2693:Drivers/STM32F1xx_HAL_Driver/Src/stm32f1xx_hal_spi.c ****   /* Return SPI handle state */
2694:Drivers/STM32F1xx_HAL_Driver/Src/stm32f1xx_hal_spi.c ****   return hspi->State;
2695:Drivers/STM32F1xx_HAL_Driver/Src/stm32f1xx_hal_spi.c **** }
2696:Drivers/STM32F1xx_HAL_Driver/Src/stm32f1xx_hal_spi.c **** 
2697:Drivers/STM32F1xx_HAL_Driver/Src/stm32f1xx_hal_spi.c **** /**
2698:Drivers/STM32F1xx_HAL_Driver/Src/stm32f1xx_hal_spi.c ****   * @brief  Return the SPI error code.
2699:Drivers/STM32F1xx_HAL_Driver/Src/stm32f1xx_hal_spi.c ****   * @param  hspi pointer to a SPI_HandleTypeDef structure that contains
2700:Drivers/STM32F1xx_HAL_Driver/Src/stm32f1xx_hal_spi.c ****   *               the configuration information for SPI module.
2701:Drivers/STM32F1xx_HAL_Driver/Src/stm32f1xx_hal_spi.c ****   * @retval SPI error code in bitmap format
2702:Drivers/STM32F1xx_HAL_Driver/Src/stm32f1xx_hal_spi.c ****   */
2703:Drivers/STM32F1xx_HAL_Driver/Src/stm32f1xx_hal_spi.c **** uint32_t HAL_SPI_GetError(const SPI_HandleTypeDef *hspi)
2704:Drivers/STM32F1xx_HAL_Driver/Src/stm32f1xx_hal_spi.c **** {
2705:Drivers/STM32F1xx_HAL_Driver/Src/stm32f1xx_hal_spi.c ****   /* Return SPI ErrorCode */
2706:Drivers/STM32F1xx_HAL_Driver/Src/stm32f1xx_hal_spi.c ****   return hspi->ErrorCode;
2707:Drivers/STM32F1xx_HAL_Driver/Src/stm32f1xx_hal_spi.c **** }
2708:Drivers/STM32F1xx_HAL_Driver/Src/stm32f1xx_hal_spi.c **** 
2709:Drivers/STM32F1xx_HAL_Driver/Src/stm32f1xx_hal_spi.c **** /**
2710:Drivers/STM32F1xx_HAL_Driver/Src/stm32f1xx_hal_spi.c ****   * @}
2711:Drivers/STM32F1xx_HAL_Driver/Src/stm32f1xx_hal_spi.c ****   */
ARM GAS  C:\Users\airforce\AppData\Local\Temp\cca1ZS9V.s 			page 49


2712:Drivers/STM32F1xx_HAL_Driver/Src/stm32f1xx_hal_spi.c **** 
2713:Drivers/STM32F1xx_HAL_Driver/Src/stm32f1xx_hal_spi.c **** /**
2714:Drivers/STM32F1xx_HAL_Driver/Src/stm32f1xx_hal_spi.c ****   * @}
2715:Drivers/STM32F1xx_HAL_Driver/Src/stm32f1xx_hal_spi.c ****   */
2716:Drivers/STM32F1xx_HAL_Driver/Src/stm32f1xx_hal_spi.c **** 
2717:Drivers/STM32F1xx_HAL_Driver/Src/stm32f1xx_hal_spi.c **** /** @addtogroup SPI_Private_Functions
2718:Drivers/STM32F1xx_HAL_Driver/Src/stm32f1xx_hal_spi.c ****   * @brief   Private functions
2719:Drivers/STM32F1xx_HAL_Driver/Src/stm32f1xx_hal_spi.c ****   * @{
2720:Drivers/STM32F1xx_HAL_Driver/Src/stm32f1xx_hal_spi.c ****   */
2721:Drivers/STM32F1xx_HAL_Driver/Src/stm32f1xx_hal_spi.c **** 
2722:Drivers/STM32F1xx_HAL_Driver/Src/stm32f1xx_hal_spi.c **** /**
2723:Drivers/STM32F1xx_HAL_Driver/Src/stm32f1xx_hal_spi.c ****   * @brief  DMA SPI transmit process complete callback.
2724:Drivers/STM32F1xx_HAL_Driver/Src/stm32f1xx_hal_spi.c ****   * @param  hdma pointer to a DMA_HandleTypeDef structure that contains
2725:Drivers/STM32F1xx_HAL_Driver/Src/stm32f1xx_hal_spi.c ****   *               the configuration information for the specified DMA module.
2726:Drivers/STM32F1xx_HAL_Driver/Src/stm32f1xx_hal_spi.c ****   * @retval None
2727:Drivers/STM32F1xx_HAL_Driver/Src/stm32f1xx_hal_spi.c ****   */
2728:Drivers/STM32F1xx_HAL_Driver/Src/stm32f1xx_hal_spi.c **** static void SPI_DMATransmitCplt(DMA_HandleTypeDef *hdma)
2729:Drivers/STM32F1xx_HAL_Driver/Src/stm32f1xx_hal_spi.c **** {
2730:Drivers/STM32F1xx_HAL_Driver/Src/stm32f1xx_hal_spi.c ****   SPI_HandleTypeDef *hspi = (SPI_HandleTypeDef *)(((DMA_HandleTypeDef *)hdma)->Parent);
2731:Drivers/STM32F1xx_HAL_Driver/Src/stm32f1xx_hal_spi.c ****   uint32_t tickstart;
2732:Drivers/STM32F1xx_HAL_Driver/Src/stm32f1xx_hal_spi.c **** 
2733:Drivers/STM32F1xx_HAL_Driver/Src/stm32f1xx_hal_spi.c ****   /* Init tickstart for timeout management*/
2734:Drivers/STM32F1xx_HAL_Driver/Src/stm32f1xx_hal_spi.c ****   tickstart = HAL_GetTick();
2735:Drivers/STM32F1xx_HAL_Driver/Src/stm32f1xx_hal_spi.c **** 
2736:Drivers/STM32F1xx_HAL_Driver/Src/stm32f1xx_hal_spi.c ****   /* DMA Normal Mode */
2737:Drivers/STM32F1xx_HAL_Driver/Src/stm32f1xx_hal_spi.c ****   if ((hdma->Instance->CCR & DMA_CCR_CIRC) != DMA_CCR_CIRC)
2738:Drivers/STM32F1xx_HAL_Driver/Src/stm32f1xx_hal_spi.c ****   {
2739:Drivers/STM32F1xx_HAL_Driver/Src/stm32f1xx_hal_spi.c ****     /* Disable ERR interrupt */
2740:Drivers/STM32F1xx_HAL_Driver/Src/stm32f1xx_hal_spi.c ****     __HAL_SPI_DISABLE_IT(hspi, SPI_IT_ERR);
2741:Drivers/STM32F1xx_HAL_Driver/Src/stm32f1xx_hal_spi.c **** 
2742:Drivers/STM32F1xx_HAL_Driver/Src/stm32f1xx_hal_spi.c ****     /* Disable Tx DMA Request */
2743:Drivers/STM32F1xx_HAL_Driver/Src/stm32f1xx_hal_spi.c ****     CLEAR_BIT(hspi->Instance->CR2, SPI_CR2_TXDMAEN);
2744:Drivers/STM32F1xx_HAL_Driver/Src/stm32f1xx_hal_spi.c **** 
2745:Drivers/STM32F1xx_HAL_Driver/Src/stm32f1xx_hal_spi.c ****     /* Check the end of the transaction */
2746:Drivers/STM32F1xx_HAL_Driver/Src/stm32f1xx_hal_spi.c ****     if (SPI_EndRxTxTransaction(hspi, SPI_DEFAULT_TIMEOUT, tickstart) != HAL_OK)
2747:Drivers/STM32F1xx_HAL_Driver/Src/stm32f1xx_hal_spi.c ****     {
2748:Drivers/STM32F1xx_HAL_Driver/Src/stm32f1xx_hal_spi.c ****       SET_BIT(hspi->ErrorCode, HAL_SPI_ERROR_FLAG);
2749:Drivers/STM32F1xx_HAL_Driver/Src/stm32f1xx_hal_spi.c ****     }
2750:Drivers/STM32F1xx_HAL_Driver/Src/stm32f1xx_hal_spi.c **** 
2751:Drivers/STM32F1xx_HAL_Driver/Src/stm32f1xx_hal_spi.c ****     /* Clear overrun flag in 2 Lines communication mode because received data is not read */
2752:Drivers/STM32F1xx_HAL_Driver/Src/stm32f1xx_hal_spi.c ****     if (hspi->Init.Direction == SPI_DIRECTION_2LINES)
2753:Drivers/STM32F1xx_HAL_Driver/Src/stm32f1xx_hal_spi.c ****     {
2754:Drivers/STM32F1xx_HAL_Driver/Src/stm32f1xx_hal_spi.c ****       __HAL_SPI_CLEAR_OVRFLAG(hspi);
2755:Drivers/STM32F1xx_HAL_Driver/Src/stm32f1xx_hal_spi.c ****     }
2756:Drivers/STM32F1xx_HAL_Driver/Src/stm32f1xx_hal_spi.c **** 
2757:Drivers/STM32F1xx_HAL_Driver/Src/stm32f1xx_hal_spi.c ****     hspi->TxXferCount = 0U;
2758:Drivers/STM32F1xx_HAL_Driver/Src/stm32f1xx_hal_spi.c ****     hspi->State = HAL_SPI_STATE_READY;
2759:Drivers/STM32F1xx_HAL_Driver/Src/stm32f1xx_hal_spi.c **** 
2760:Drivers/STM32F1xx_HAL_Driver/Src/stm32f1xx_hal_spi.c ****     if (hspi->ErrorCode != HAL_SPI_ERROR_NONE)
2761:Drivers/STM32F1xx_HAL_Driver/Src/stm32f1xx_hal_spi.c ****     {
2762:Drivers/STM32F1xx_HAL_Driver/Src/stm32f1xx_hal_spi.c ****       /* Call user error callback */
2763:Drivers/STM32F1xx_HAL_Driver/Src/stm32f1xx_hal_spi.c **** #if (USE_HAL_SPI_REGISTER_CALLBACKS == 1U)
2764:Drivers/STM32F1xx_HAL_Driver/Src/stm32f1xx_hal_spi.c ****       hspi->ErrorCallback(hspi);
2765:Drivers/STM32F1xx_HAL_Driver/Src/stm32f1xx_hal_spi.c **** #else
2766:Drivers/STM32F1xx_HAL_Driver/Src/stm32f1xx_hal_spi.c ****       HAL_SPI_ErrorCallback(hspi);
2767:Drivers/STM32F1xx_HAL_Driver/Src/stm32f1xx_hal_spi.c **** #endif /* USE_HAL_SPI_REGISTER_CALLBACKS */
2768:Drivers/STM32F1xx_HAL_Driver/Src/stm32f1xx_hal_spi.c ****       return;
ARM GAS  C:\Users\airforce\AppData\Local\Temp\cca1ZS9V.s 			page 50


2769:Drivers/STM32F1xx_HAL_Driver/Src/stm32f1xx_hal_spi.c ****     }
2770:Drivers/STM32F1xx_HAL_Driver/Src/stm32f1xx_hal_spi.c ****   }
2771:Drivers/STM32F1xx_HAL_Driver/Src/stm32f1xx_hal_spi.c ****   /* Call user Tx complete callback */
2772:Drivers/STM32F1xx_HAL_Driver/Src/stm32f1xx_hal_spi.c **** #if (USE_HAL_SPI_REGISTER_CALLBACKS == 1U)
2773:Drivers/STM32F1xx_HAL_Driver/Src/stm32f1xx_hal_spi.c ****   hspi->TxCpltCallback(hspi);
2774:Drivers/STM32F1xx_HAL_Driver/Src/stm32f1xx_hal_spi.c **** #else
2775:Drivers/STM32F1xx_HAL_Driver/Src/stm32f1xx_hal_spi.c ****   HAL_SPI_TxCpltCallback(hspi);
2776:Drivers/STM32F1xx_HAL_Driver/Src/stm32f1xx_hal_spi.c **** #endif /* USE_HAL_SPI_REGISTER_CALLBACKS */
2777:Drivers/STM32F1xx_HAL_Driver/Src/stm32f1xx_hal_spi.c **** }
2778:Drivers/STM32F1xx_HAL_Driver/Src/stm32f1xx_hal_spi.c **** 
2779:Drivers/STM32F1xx_HAL_Driver/Src/stm32f1xx_hal_spi.c **** /**
2780:Drivers/STM32F1xx_HAL_Driver/Src/stm32f1xx_hal_spi.c ****   * @brief  DMA SPI receive process complete callback.
2781:Drivers/STM32F1xx_HAL_Driver/Src/stm32f1xx_hal_spi.c ****   * @param  hdma pointer to a DMA_HandleTypeDef structure that contains
2782:Drivers/STM32F1xx_HAL_Driver/Src/stm32f1xx_hal_spi.c ****   *               the configuration information for the specified DMA module.
2783:Drivers/STM32F1xx_HAL_Driver/Src/stm32f1xx_hal_spi.c ****   * @retval None
2784:Drivers/STM32F1xx_HAL_Driver/Src/stm32f1xx_hal_spi.c ****   */
2785:Drivers/STM32F1xx_HAL_Driver/Src/stm32f1xx_hal_spi.c **** static void SPI_DMAReceiveCplt(DMA_HandleTypeDef *hdma)
2786:Drivers/STM32F1xx_HAL_Driver/Src/stm32f1xx_hal_spi.c **** {
2787:Drivers/STM32F1xx_HAL_Driver/Src/stm32f1xx_hal_spi.c ****   SPI_HandleTypeDef *hspi = (SPI_HandleTypeDef *)(((DMA_HandleTypeDef *)hdma)->Parent);
2788:Drivers/STM32F1xx_HAL_Driver/Src/stm32f1xx_hal_spi.c ****   uint32_t tickstart;
2789:Drivers/STM32F1xx_HAL_Driver/Src/stm32f1xx_hal_spi.c **** #if (USE_SPI_CRC != 0U)
2790:Drivers/STM32F1xx_HAL_Driver/Src/stm32f1xx_hal_spi.c ****   __IO uint32_t tmpreg = 0U;
2791:Drivers/STM32F1xx_HAL_Driver/Src/stm32f1xx_hal_spi.c **** #endif /* USE_SPI_CRC */
2792:Drivers/STM32F1xx_HAL_Driver/Src/stm32f1xx_hal_spi.c **** 
2793:Drivers/STM32F1xx_HAL_Driver/Src/stm32f1xx_hal_spi.c ****   /* Init tickstart for timeout management*/
2794:Drivers/STM32F1xx_HAL_Driver/Src/stm32f1xx_hal_spi.c ****   tickstart = HAL_GetTick();
2795:Drivers/STM32F1xx_HAL_Driver/Src/stm32f1xx_hal_spi.c **** 
2796:Drivers/STM32F1xx_HAL_Driver/Src/stm32f1xx_hal_spi.c ****   /* DMA Normal Mode */
2797:Drivers/STM32F1xx_HAL_Driver/Src/stm32f1xx_hal_spi.c ****   if ((hdma->Instance->CCR & DMA_CCR_CIRC) != DMA_CCR_CIRC)
2798:Drivers/STM32F1xx_HAL_Driver/Src/stm32f1xx_hal_spi.c ****   {
2799:Drivers/STM32F1xx_HAL_Driver/Src/stm32f1xx_hal_spi.c ****     /* Disable ERR interrupt */
2800:Drivers/STM32F1xx_HAL_Driver/Src/stm32f1xx_hal_spi.c ****     __HAL_SPI_DISABLE_IT(hspi, SPI_IT_ERR);
2801:Drivers/STM32F1xx_HAL_Driver/Src/stm32f1xx_hal_spi.c **** 
2802:Drivers/STM32F1xx_HAL_Driver/Src/stm32f1xx_hal_spi.c **** #if (USE_SPI_CRC != 0U)
2803:Drivers/STM32F1xx_HAL_Driver/Src/stm32f1xx_hal_spi.c ****     /* CRC handling */
2804:Drivers/STM32F1xx_HAL_Driver/Src/stm32f1xx_hal_spi.c ****     if (hspi->Init.CRCCalculation == SPI_CRCCALCULATION_ENABLE)
2805:Drivers/STM32F1xx_HAL_Driver/Src/stm32f1xx_hal_spi.c ****     {
2806:Drivers/STM32F1xx_HAL_Driver/Src/stm32f1xx_hal_spi.c ****       /* Wait until RXNE flag */
2807:Drivers/STM32F1xx_HAL_Driver/Src/stm32f1xx_hal_spi.c ****       if (SPI_WaitFlagStateUntilTimeout(hspi, SPI_FLAG_RXNE, SET, SPI_DEFAULT_TIMEOUT, tickstart) !
2808:Drivers/STM32F1xx_HAL_Driver/Src/stm32f1xx_hal_spi.c ****       {
2809:Drivers/STM32F1xx_HAL_Driver/Src/stm32f1xx_hal_spi.c ****         /* Error on the CRC reception */
2810:Drivers/STM32F1xx_HAL_Driver/Src/stm32f1xx_hal_spi.c ****         SET_BIT(hspi->ErrorCode, HAL_SPI_ERROR_CRC);
2811:Drivers/STM32F1xx_HAL_Driver/Src/stm32f1xx_hal_spi.c ****       }
2812:Drivers/STM32F1xx_HAL_Driver/Src/stm32f1xx_hal_spi.c ****       /* Read CRC */
2813:Drivers/STM32F1xx_HAL_Driver/Src/stm32f1xx_hal_spi.c ****       tmpreg = READ_REG(hspi->Instance->DR);
2814:Drivers/STM32F1xx_HAL_Driver/Src/stm32f1xx_hal_spi.c ****       /* To avoid GCC warning */
2815:Drivers/STM32F1xx_HAL_Driver/Src/stm32f1xx_hal_spi.c ****       UNUSED(tmpreg);
2816:Drivers/STM32F1xx_HAL_Driver/Src/stm32f1xx_hal_spi.c ****     }
2817:Drivers/STM32F1xx_HAL_Driver/Src/stm32f1xx_hal_spi.c **** #endif /* USE_SPI_CRC */
2818:Drivers/STM32F1xx_HAL_Driver/Src/stm32f1xx_hal_spi.c **** 
2819:Drivers/STM32F1xx_HAL_Driver/Src/stm32f1xx_hal_spi.c ****     /* Check if we are in Master RX 2 line mode */
2820:Drivers/STM32F1xx_HAL_Driver/Src/stm32f1xx_hal_spi.c ****     if ((hspi->Init.Direction == SPI_DIRECTION_2LINES) && (hspi->Init.Mode == SPI_MODE_MASTER))
2821:Drivers/STM32F1xx_HAL_Driver/Src/stm32f1xx_hal_spi.c ****     {
2822:Drivers/STM32F1xx_HAL_Driver/Src/stm32f1xx_hal_spi.c ****       /* Disable Rx/Tx DMA Request (done by default to handle the case master rx direction 2 lines)
2823:Drivers/STM32F1xx_HAL_Driver/Src/stm32f1xx_hal_spi.c ****       CLEAR_BIT(hspi->Instance->CR2, SPI_CR2_TXDMAEN | SPI_CR2_RXDMAEN);
2824:Drivers/STM32F1xx_HAL_Driver/Src/stm32f1xx_hal_spi.c ****     }
2825:Drivers/STM32F1xx_HAL_Driver/Src/stm32f1xx_hal_spi.c ****     else
ARM GAS  C:\Users\airforce\AppData\Local\Temp\cca1ZS9V.s 			page 51


2826:Drivers/STM32F1xx_HAL_Driver/Src/stm32f1xx_hal_spi.c ****     {
2827:Drivers/STM32F1xx_HAL_Driver/Src/stm32f1xx_hal_spi.c ****       /* Normal case */
2828:Drivers/STM32F1xx_HAL_Driver/Src/stm32f1xx_hal_spi.c ****       CLEAR_BIT(hspi->Instance->CR2, SPI_CR2_RXDMAEN);
2829:Drivers/STM32F1xx_HAL_Driver/Src/stm32f1xx_hal_spi.c ****     }
2830:Drivers/STM32F1xx_HAL_Driver/Src/stm32f1xx_hal_spi.c **** 
2831:Drivers/STM32F1xx_HAL_Driver/Src/stm32f1xx_hal_spi.c ****     /* Check the end of the transaction */
2832:Drivers/STM32F1xx_HAL_Driver/Src/stm32f1xx_hal_spi.c ****     if (SPI_EndRxTransaction(hspi, SPI_DEFAULT_TIMEOUT, tickstart) != HAL_OK)
2833:Drivers/STM32F1xx_HAL_Driver/Src/stm32f1xx_hal_spi.c ****     {
2834:Drivers/STM32F1xx_HAL_Driver/Src/stm32f1xx_hal_spi.c ****       hspi->ErrorCode = HAL_SPI_ERROR_FLAG;
2835:Drivers/STM32F1xx_HAL_Driver/Src/stm32f1xx_hal_spi.c ****     }
2836:Drivers/STM32F1xx_HAL_Driver/Src/stm32f1xx_hal_spi.c **** 
2837:Drivers/STM32F1xx_HAL_Driver/Src/stm32f1xx_hal_spi.c ****     hspi->RxXferCount = 0U;
2838:Drivers/STM32F1xx_HAL_Driver/Src/stm32f1xx_hal_spi.c ****     hspi->State = HAL_SPI_STATE_READY;
2839:Drivers/STM32F1xx_HAL_Driver/Src/stm32f1xx_hal_spi.c **** 
2840:Drivers/STM32F1xx_HAL_Driver/Src/stm32f1xx_hal_spi.c **** #if (USE_SPI_CRC != 0U)
2841:Drivers/STM32F1xx_HAL_Driver/Src/stm32f1xx_hal_spi.c ****     /* Check if CRC error occurred */
2842:Drivers/STM32F1xx_HAL_Driver/Src/stm32f1xx_hal_spi.c ****     if (__HAL_SPI_GET_FLAG(hspi, SPI_FLAG_CRCERR) != RESET)
2843:Drivers/STM32F1xx_HAL_Driver/Src/stm32f1xx_hal_spi.c ****     {
2844:Drivers/STM32F1xx_HAL_Driver/Src/stm32f1xx_hal_spi.c ****       /* Check if CRC error is valid or not (workaround to be applied or not) */
2845:Drivers/STM32F1xx_HAL_Driver/Src/stm32f1xx_hal_spi.c ****       if (SPI_ISCRCErrorValid(hspi) == SPI_VALID_CRC_ERROR)
2846:Drivers/STM32F1xx_HAL_Driver/Src/stm32f1xx_hal_spi.c ****       {
2847:Drivers/STM32F1xx_HAL_Driver/Src/stm32f1xx_hal_spi.c ****         SET_BIT(hspi->ErrorCode, HAL_SPI_ERROR_CRC);
2848:Drivers/STM32F1xx_HAL_Driver/Src/stm32f1xx_hal_spi.c **** 
2849:Drivers/STM32F1xx_HAL_Driver/Src/stm32f1xx_hal_spi.c ****         /* Reset CRC Calculation */
2850:Drivers/STM32F1xx_HAL_Driver/Src/stm32f1xx_hal_spi.c ****         SPI_RESET_CRC(hspi);
2851:Drivers/STM32F1xx_HAL_Driver/Src/stm32f1xx_hal_spi.c ****       }
2852:Drivers/STM32F1xx_HAL_Driver/Src/stm32f1xx_hal_spi.c ****       else
2853:Drivers/STM32F1xx_HAL_Driver/Src/stm32f1xx_hal_spi.c ****       {
2854:Drivers/STM32F1xx_HAL_Driver/Src/stm32f1xx_hal_spi.c ****         __HAL_SPI_CLEAR_CRCERRFLAG(hspi);
2855:Drivers/STM32F1xx_HAL_Driver/Src/stm32f1xx_hal_spi.c ****       }
2856:Drivers/STM32F1xx_HAL_Driver/Src/stm32f1xx_hal_spi.c ****     }
2857:Drivers/STM32F1xx_HAL_Driver/Src/stm32f1xx_hal_spi.c **** #endif /* USE_SPI_CRC */
2858:Drivers/STM32F1xx_HAL_Driver/Src/stm32f1xx_hal_spi.c **** 
2859:Drivers/STM32F1xx_HAL_Driver/Src/stm32f1xx_hal_spi.c ****     if (hspi->ErrorCode != HAL_SPI_ERROR_NONE)
2860:Drivers/STM32F1xx_HAL_Driver/Src/stm32f1xx_hal_spi.c ****     {
2861:Drivers/STM32F1xx_HAL_Driver/Src/stm32f1xx_hal_spi.c ****       /* Call user error callback */
2862:Drivers/STM32F1xx_HAL_Driver/Src/stm32f1xx_hal_spi.c **** #if (USE_HAL_SPI_REGISTER_CALLBACKS == 1U)
2863:Drivers/STM32F1xx_HAL_Driver/Src/stm32f1xx_hal_spi.c ****       hspi->ErrorCallback(hspi);
2864:Drivers/STM32F1xx_HAL_Driver/Src/stm32f1xx_hal_spi.c **** #else
2865:Drivers/STM32F1xx_HAL_Driver/Src/stm32f1xx_hal_spi.c ****       HAL_SPI_ErrorCallback(hspi);
2866:Drivers/STM32F1xx_HAL_Driver/Src/stm32f1xx_hal_spi.c **** #endif /* USE_HAL_SPI_REGISTER_CALLBACKS */
2867:Drivers/STM32F1xx_HAL_Driver/Src/stm32f1xx_hal_spi.c ****       return;
2868:Drivers/STM32F1xx_HAL_Driver/Src/stm32f1xx_hal_spi.c ****     }
2869:Drivers/STM32F1xx_HAL_Driver/Src/stm32f1xx_hal_spi.c ****   }
2870:Drivers/STM32F1xx_HAL_Driver/Src/stm32f1xx_hal_spi.c ****   /* Call user Rx complete callback */
2871:Drivers/STM32F1xx_HAL_Driver/Src/stm32f1xx_hal_spi.c **** #if (USE_HAL_SPI_REGISTER_CALLBACKS == 1U)
2872:Drivers/STM32F1xx_HAL_Driver/Src/stm32f1xx_hal_spi.c ****   hspi->RxCpltCallback(hspi);
2873:Drivers/STM32F1xx_HAL_Driver/Src/stm32f1xx_hal_spi.c **** #else
2874:Drivers/STM32F1xx_HAL_Driver/Src/stm32f1xx_hal_spi.c ****   HAL_SPI_RxCpltCallback(hspi);
2875:Drivers/STM32F1xx_HAL_Driver/Src/stm32f1xx_hal_spi.c **** #endif /* USE_HAL_SPI_REGISTER_CALLBACKS */
2876:Drivers/STM32F1xx_HAL_Driver/Src/stm32f1xx_hal_spi.c **** }
2877:Drivers/STM32F1xx_HAL_Driver/Src/stm32f1xx_hal_spi.c **** 
2878:Drivers/STM32F1xx_HAL_Driver/Src/stm32f1xx_hal_spi.c **** /**
2879:Drivers/STM32F1xx_HAL_Driver/Src/stm32f1xx_hal_spi.c ****   * @brief  DMA SPI transmit receive process complete callback.
2880:Drivers/STM32F1xx_HAL_Driver/Src/stm32f1xx_hal_spi.c ****   * @param  hdma pointer to a DMA_HandleTypeDef structure that contains
2881:Drivers/STM32F1xx_HAL_Driver/Src/stm32f1xx_hal_spi.c ****   *               the configuration information for the specified DMA module.
2882:Drivers/STM32F1xx_HAL_Driver/Src/stm32f1xx_hal_spi.c ****   * @retval None
ARM GAS  C:\Users\airforce\AppData\Local\Temp\cca1ZS9V.s 			page 52


2883:Drivers/STM32F1xx_HAL_Driver/Src/stm32f1xx_hal_spi.c ****   */
2884:Drivers/STM32F1xx_HAL_Driver/Src/stm32f1xx_hal_spi.c **** static void SPI_DMATransmitReceiveCplt(DMA_HandleTypeDef *hdma)
2885:Drivers/STM32F1xx_HAL_Driver/Src/stm32f1xx_hal_spi.c **** {
2886:Drivers/STM32F1xx_HAL_Driver/Src/stm32f1xx_hal_spi.c ****   SPI_HandleTypeDef *hspi = (SPI_HandleTypeDef *)(((DMA_HandleTypeDef *)hdma)->Parent);
2887:Drivers/STM32F1xx_HAL_Driver/Src/stm32f1xx_hal_spi.c ****   uint32_t tickstart;
2888:Drivers/STM32F1xx_HAL_Driver/Src/stm32f1xx_hal_spi.c **** #if (USE_SPI_CRC != 0U)
2889:Drivers/STM32F1xx_HAL_Driver/Src/stm32f1xx_hal_spi.c ****   __IO uint32_t tmpreg = 0U;
2890:Drivers/STM32F1xx_HAL_Driver/Src/stm32f1xx_hal_spi.c **** #endif /* USE_SPI_CRC */
2891:Drivers/STM32F1xx_HAL_Driver/Src/stm32f1xx_hal_spi.c **** 
2892:Drivers/STM32F1xx_HAL_Driver/Src/stm32f1xx_hal_spi.c ****   /* Init tickstart for timeout management*/
2893:Drivers/STM32F1xx_HAL_Driver/Src/stm32f1xx_hal_spi.c ****   tickstart = HAL_GetTick();
2894:Drivers/STM32F1xx_HAL_Driver/Src/stm32f1xx_hal_spi.c **** 
2895:Drivers/STM32F1xx_HAL_Driver/Src/stm32f1xx_hal_spi.c ****   /* DMA Normal Mode */
2896:Drivers/STM32F1xx_HAL_Driver/Src/stm32f1xx_hal_spi.c ****   if ((hdma->Instance->CCR & DMA_CCR_CIRC) != DMA_CCR_CIRC)
2897:Drivers/STM32F1xx_HAL_Driver/Src/stm32f1xx_hal_spi.c ****   {
2898:Drivers/STM32F1xx_HAL_Driver/Src/stm32f1xx_hal_spi.c ****     /* Disable ERR interrupt */
2899:Drivers/STM32F1xx_HAL_Driver/Src/stm32f1xx_hal_spi.c ****     __HAL_SPI_DISABLE_IT(hspi, SPI_IT_ERR);
2900:Drivers/STM32F1xx_HAL_Driver/Src/stm32f1xx_hal_spi.c **** 
2901:Drivers/STM32F1xx_HAL_Driver/Src/stm32f1xx_hal_spi.c **** #if (USE_SPI_CRC != 0U)
2902:Drivers/STM32F1xx_HAL_Driver/Src/stm32f1xx_hal_spi.c ****     /* CRC handling */
2903:Drivers/STM32F1xx_HAL_Driver/Src/stm32f1xx_hal_spi.c ****     if (hspi->Init.CRCCalculation == SPI_CRCCALCULATION_ENABLE)
2904:Drivers/STM32F1xx_HAL_Driver/Src/stm32f1xx_hal_spi.c ****     {
2905:Drivers/STM32F1xx_HAL_Driver/Src/stm32f1xx_hal_spi.c ****       /* Wait the CRC data */
2906:Drivers/STM32F1xx_HAL_Driver/Src/stm32f1xx_hal_spi.c ****       if (SPI_WaitFlagStateUntilTimeout(hspi, SPI_FLAG_RXNE, SET, SPI_DEFAULT_TIMEOUT, tickstart) !
2907:Drivers/STM32F1xx_HAL_Driver/Src/stm32f1xx_hal_spi.c ****       {
2908:Drivers/STM32F1xx_HAL_Driver/Src/stm32f1xx_hal_spi.c ****         SET_BIT(hspi->ErrorCode, HAL_SPI_ERROR_CRC);
2909:Drivers/STM32F1xx_HAL_Driver/Src/stm32f1xx_hal_spi.c ****       }
2910:Drivers/STM32F1xx_HAL_Driver/Src/stm32f1xx_hal_spi.c ****       /* Read CRC to Flush DR and RXNE flag */
2911:Drivers/STM32F1xx_HAL_Driver/Src/stm32f1xx_hal_spi.c ****       tmpreg = READ_REG(hspi->Instance->DR);
2912:Drivers/STM32F1xx_HAL_Driver/Src/stm32f1xx_hal_spi.c ****       /* To avoid GCC warning */
2913:Drivers/STM32F1xx_HAL_Driver/Src/stm32f1xx_hal_spi.c ****       UNUSED(tmpreg);
2914:Drivers/STM32F1xx_HAL_Driver/Src/stm32f1xx_hal_spi.c ****     }
2915:Drivers/STM32F1xx_HAL_Driver/Src/stm32f1xx_hal_spi.c **** #endif /* USE_SPI_CRC */
2916:Drivers/STM32F1xx_HAL_Driver/Src/stm32f1xx_hal_spi.c **** 
2917:Drivers/STM32F1xx_HAL_Driver/Src/stm32f1xx_hal_spi.c ****     /* Check the end of the transaction */
2918:Drivers/STM32F1xx_HAL_Driver/Src/stm32f1xx_hal_spi.c ****     if (SPI_EndRxTxTransaction(hspi, SPI_DEFAULT_TIMEOUT, tickstart) != HAL_OK)
2919:Drivers/STM32F1xx_HAL_Driver/Src/stm32f1xx_hal_spi.c ****     {
2920:Drivers/STM32F1xx_HAL_Driver/Src/stm32f1xx_hal_spi.c ****       SET_BIT(hspi->ErrorCode, HAL_SPI_ERROR_FLAG);
2921:Drivers/STM32F1xx_HAL_Driver/Src/stm32f1xx_hal_spi.c ****     }
2922:Drivers/STM32F1xx_HAL_Driver/Src/stm32f1xx_hal_spi.c **** 
2923:Drivers/STM32F1xx_HAL_Driver/Src/stm32f1xx_hal_spi.c ****     /* Disable Rx/Tx DMA Request */
2924:Drivers/STM32F1xx_HAL_Driver/Src/stm32f1xx_hal_spi.c ****     CLEAR_BIT(hspi->Instance->CR2, SPI_CR2_TXDMAEN | SPI_CR2_RXDMAEN);
2925:Drivers/STM32F1xx_HAL_Driver/Src/stm32f1xx_hal_spi.c **** 
2926:Drivers/STM32F1xx_HAL_Driver/Src/stm32f1xx_hal_spi.c ****     hspi->TxXferCount = 0U;
2927:Drivers/STM32F1xx_HAL_Driver/Src/stm32f1xx_hal_spi.c ****     hspi->RxXferCount = 0U;
2928:Drivers/STM32F1xx_HAL_Driver/Src/stm32f1xx_hal_spi.c ****     hspi->State = HAL_SPI_STATE_READY;
2929:Drivers/STM32F1xx_HAL_Driver/Src/stm32f1xx_hal_spi.c **** 
2930:Drivers/STM32F1xx_HAL_Driver/Src/stm32f1xx_hal_spi.c **** #if (USE_SPI_CRC != 0U)
2931:Drivers/STM32F1xx_HAL_Driver/Src/stm32f1xx_hal_spi.c ****     /* Check if CRC error occurred */
2932:Drivers/STM32F1xx_HAL_Driver/Src/stm32f1xx_hal_spi.c ****     if (__HAL_SPI_GET_FLAG(hspi, SPI_FLAG_CRCERR) != RESET)
2933:Drivers/STM32F1xx_HAL_Driver/Src/stm32f1xx_hal_spi.c ****     {
2934:Drivers/STM32F1xx_HAL_Driver/Src/stm32f1xx_hal_spi.c ****       /* Check if CRC error is valid or not (workaround to be applied or not) */
2935:Drivers/STM32F1xx_HAL_Driver/Src/stm32f1xx_hal_spi.c ****       if (SPI_ISCRCErrorValid(hspi) == SPI_VALID_CRC_ERROR)
2936:Drivers/STM32F1xx_HAL_Driver/Src/stm32f1xx_hal_spi.c ****       {
2937:Drivers/STM32F1xx_HAL_Driver/Src/stm32f1xx_hal_spi.c ****         SET_BIT(hspi->ErrorCode, HAL_SPI_ERROR_CRC);
2938:Drivers/STM32F1xx_HAL_Driver/Src/stm32f1xx_hal_spi.c **** 
2939:Drivers/STM32F1xx_HAL_Driver/Src/stm32f1xx_hal_spi.c ****         /* Reset CRC Calculation */
ARM GAS  C:\Users\airforce\AppData\Local\Temp\cca1ZS9V.s 			page 53


2940:Drivers/STM32F1xx_HAL_Driver/Src/stm32f1xx_hal_spi.c ****         SPI_RESET_CRC(hspi);
2941:Drivers/STM32F1xx_HAL_Driver/Src/stm32f1xx_hal_spi.c ****       }
2942:Drivers/STM32F1xx_HAL_Driver/Src/stm32f1xx_hal_spi.c ****       else
2943:Drivers/STM32F1xx_HAL_Driver/Src/stm32f1xx_hal_spi.c ****       {
2944:Drivers/STM32F1xx_HAL_Driver/Src/stm32f1xx_hal_spi.c ****         __HAL_SPI_CLEAR_CRCERRFLAG(hspi);
2945:Drivers/STM32F1xx_HAL_Driver/Src/stm32f1xx_hal_spi.c ****       }
2946:Drivers/STM32F1xx_HAL_Driver/Src/stm32f1xx_hal_spi.c ****     }
2947:Drivers/STM32F1xx_HAL_Driver/Src/stm32f1xx_hal_spi.c **** #endif /* USE_SPI_CRC */
2948:Drivers/STM32F1xx_HAL_Driver/Src/stm32f1xx_hal_spi.c **** 
2949:Drivers/STM32F1xx_HAL_Driver/Src/stm32f1xx_hal_spi.c ****     if (hspi->ErrorCode != HAL_SPI_ERROR_NONE)
2950:Drivers/STM32F1xx_HAL_Driver/Src/stm32f1xx_hal_spi.c ****     {
2951:Drivers/STM32F1xx_HAL_Driver/Src/stm32f1xx_hal_spi.c ****       /* Call user error callback */
2952:Drivers/STM32F1xx_HAL_Driver/Src/stm32f1xx_hal_spi.c **** #if (USE_HAL_SPI_REGISTER_CALLBACKS == 1U)
2953:Drivers/STM32F1xx_HAL_Driver/Src/stm32f1xx_hal_spi.c ****       hspi->ErrorCallback(hspi);
2954:Drivers/STM32F1xx_HAL_Driver/Src/stm32f1xx_hal_spi.c **** #else
2955:Drivers/STM32F1xx_HAL_Driver/Src/stm32f1xx_hal_spi.c ****       HAL_SPI_ErrorCallback(hspi);
2956:Drivers/STM32F1xx_HAL_Driver/Src/stm32f1xx_hal_spi.c **** #endif /* USE_HAL_SPI_REGISTER_CALLBACKS */
2957:Drivers/STM32F1xx_HAL_Driver/Src/stm32f1xx_hal_spi.c ****       return;
2958:Drivers/STM32F1xx_HAL_Driver/Src/stm32f1xx_hal_spi.c ****     }
2959:Drivers/STM32F1xx_HAL_Driver/Src/stm32f1xx_hal_spi.c ****   }
2960:Drivers/STM32F1xx_HAL_Driver/Src/stm32f1xx_hal_spi.c ****   /* Call user TxRx complete callback */
2961:Drivers/STM32F1xx_HAL_Driver/Src/stm32f1xx_hal_spi.c **** #if (USE_HAL_SPI_REGISTER_CALLBACKS == 1U)
2962:Drivers/STM32F1xx_HAL_Driver/Src/stm32f1xx_hal_spi.c ****   hspi->TxRxCpltCallback(hspi);
2963:Drivers/STM32F1xx_HAL_Driver/Src/stm32f1xx_hal_spi.c **** #else
2964:Drivers/STM32F1xx_HAL_Driver/Src/stm32f1xx_hal_spi.c ****   HAL_SPI_TxRxCpltCallback(hspi);
2965:Drivers/STM32F1xx_HAL_Driver/Src/stm32f1xx_hal_spi.c **** #endif /* USE_HAL_SPI_REGISTER_CALLBACKS */
2966:Drivers/STM32F1xx_HAL_Driver/Src/stm32f1xx_hal_spi.c **** }
2967:Drivers/STM32F1xx_HAL_Driver/Src/stm32f1xx_hal_spi.c **** 
2968:Drivers/STM32F1xx_HAL_Driver/Src/stm32f1xx_hal_spi.c **** /**
2969:Drivers/STM32F1xx_HAL_Driver/Src/stm32f1xx_hal_spi.c ****   * @brief  DMA SPI half transmit process complete callback.
2970:Drivers/STM32F1xx_HAL_Driver/Src/stm32f1xx_hal_spi.c ****   * @param  hdma pointer to a DMA_HandleTypeDef structure that contains
2971:Drivers/STM32F1xx_HAL_Driver/Src/stm32f1xx_hal_spi.c ****   *               the configuration information for the specified DMA module.
2972:Drivers/STM32F1xx_HAL_Driver/Src/stm32f1xx_hal_spi.c ****   * @retval None
2973:Drivers/STM32F1xx_HAL_Driver/Src/stm32f1xx_hal_spi.c ****   */
2974:Drivers/STM32F1xx_HAL_Driver/Src/stm32f1xx_hal_spi.c **** static void SPI_DMAHalfTransmitCplt(DMA_HandleTypeDef *hdma)
2975:Drivers/STM32F1xx_HAL_Driver/Src/stm32f1xx_hal_spi.c **** {
2976:Drivers/STM32F1xx_HAL_Driver/Src/stm32f1xx_hal_spi.c ****   SPI_HandleTypeDef *hspi = (SPI_HandleTypeDef *)(((DMA_HandleTypeDef *)hdma)->Parent);
2977:Drivers/STM32F1xx_HAL_Driver/Src/stm32f1xx_hal_spi.c **** 
2978:Drivers/STM32F1xx_HAL_Driver/Src/stm32f1xx_hal_spi.c ****   /* Call user Tx half complete callback */
2979:Drivers/STM32F1xx_HAL_Driver/Src/stm32f1xx_hal_spi.c **** #if (USE_HAL_SPI_REGISTER_CALLBACKS == 1U)
2980:Drivers/STM32F1xx_HAL_Driver/Src/stm32f1xx_hal_spi.c ****   hspi->TxHalfCpltCallback(hspi);
2981:Drivers/STM32F1xx_HAL_Driver/Src/stm32f1xx_hal_spi.c **** #else
2982:Drivers/STM32F1xx_HAL_Driver/Src/stm32f1xx_hal_spi.c ****   HAL_SPI_TxHalfCpltCallback(hspi);
2983:Drivers/STM32F1xx_HAL_Driver/Src/stm32f1xx_hal_spi.c **** #endif /* USE_HAL_SPI_REGISTER_CALLBACKS */
2984:Drivers/STM32F1xx_HAL_Driver/Src/stm32f1xx_hal_spi.c **** }
2985:Drivers/STM32F1xx_HAL_Driver/Src/stm32f1xx_hal_spi.c **** 
2986:Drivers/STM32F1xx_HAL_Driver/Src/stm32f1xx_hal_spi.c **** /**
2987:Drivers/STM32F1xx_HAL_Driver/Src/stm32f1xx_hal_spi.c ****   * @brief  DMA SPI half receive process complete callback
2988:Drivers/STM32F1xx_HAL_Driver/Src/stm32f1xx_hal_spi.c ****   * @param  hdma pointer to a DMA_HandleTypeDef structure that contains
2989:Drivers/STM32F1xx_HAL_Driver/Src/stm32f1xx_hal_spi.c ****   *               the configuration information for the specified DMA module.
2990:Drivers/STM32F1xx_HAL_Driver/Src/stm32f1xx_hal_spi.c ****   * @retval None
2991:Drivers/STM32F1xx_HAL_Driver/Src/stm32f1xx_hal_spi.c ****   */
2992:Drivers/STM32F1xx_HAL_Driver/Src/stm32f1xx_hal_spi.c **** static void SPI_DMAHalfReceiveCplt(DMA_HandleTypeDef *hdma)
2993:Drivers/STM32F1xx_HAL_Driver/Src/stm32f1xx_hal_spi.c **** {
2994:Drivers/STM32F1xx_HAL_Driver/Src/stm32f1xx_hal_spi.c ****   SPI_HandleTypeDef *hspi = (SPI_HandleTypeDef *)(((DMA_HandleTypeDef *)hdma)->Parent);
2995:Drivers/STM32F1xx_HAL_Driver/Src/stm32f1xx_hal_spi.c **** 
2996:Drivers/STM32F1xx_HAL_Driver/Src/stm32f1xx_hal_spi.c ****   /* Call user Rx half complete callback */
ARM GAS  C:\Users\airforce\AppData\Local\Temp\cca1ZS9V.s 			page 54


2997:Drivers/STM32F1xx_HAL_Driver/Src/stm32f1xx_hal_spi.c **** #if (USE_HAL_SPI_REGISTER_CALLBACKS == 1U)
2998:Drivers/STM32F1xx_HAL_Driver/Src/stm32f1xx_hal_spi.c ****   hspi->RxHalfCpltCallback(hspi);
2999:Drivers/STM32F1xx_HAL_Driver/Src/stm32f1xx_hal_spi.c **** #else
3000:Drivers/STM32F1xx_HAL_Driver/Src/stm32f1xx_hal_spi.c ****   HAL_SPI_RxHalfCpltCallback(hspi);
3001:Drivers/STM32F1xx_HAL_Driver/Src/stm32f1xx_hal_spi.c **** #endif /* USE_HAL_SPI_REGISTER_CALLBACKS */
3002:Drivers/STM32F1xx_HAL_Driver/Src/stm32f1xx_hal_spi.c **** }
3003:Drivers/STM32F1xx_HAL_Driver/Src/stm32f1xx_hal_spi.c **** 
3004:Drivers/STM32F1xx_HAL_Driver/Src/stm32f1xx_hal_spi.c **** /**
3005:Drivers/STM32F1xx_HAL_Driver/Src/stm32f1xx_hal_spi.c ****   * @brief  DMA SPI half transmit receive process complete callback.
3006:Drivers/STM32F1xx_HAL_Driver/Src/stm32f1xx_hal_spi.c ****   * @param  hdma pointer to a DMA_HandleTypeDef structure that contains
3007:Drivers/STM32F1xx_HAL_Driver/Src/stm32f1xx_hal_spi.c ****   *               the configuration information for the specified DMA module.
3008:Drivers/STM32F1xx_HAL_Driver/Src/stm32f1xx_hal_spi.c ****   * @retval None
3009:Drivers/STM32F1xx_HAL_Driver/Src/stm32f1xx_hal_spi.c ****   */
3010:Drivers/STM32F1xx_HAL_Driver/Src/stm32f1xx_hal_spi.c **** static void SPI_DMAHalfTransmitReceiveCplt(DMA_HandleTypeDef *hdma)
3011:Drivers/STM32F1xx_HAL_Driver/Src/stm32f1xx_hal_spi.c **** {
3012:Drivers/STM32F1xx_HAL_Driver/Src/stm32f1xx_hal_spi.c ****   SPI_HandleTypeDef *hspi = (SPI_HandleTypeDef *)(((DMA_HandleTypeDef *)hdma)->Parent);
3013:Drivers/STM32F1xx_HAL_Driver/Src/stm32f1xx_hal_spi.c **** 
3014:Drivers/STM32F1xx_HAL_Driver/Src/stm32f1xx_hal_spi.c ****   /* Call user TxRx half complete callback */
3015:Drivers/STM32F1xx_HAL_Driver/Src/stm32f1xx_hal_spi.c **** #if (USE_HAL_SPI_REGISTER_CALLBACKS == 1U)
3016:Drivers/STM32F1xx_HAL_Driver/Src/stm32f1xx_hal_spi.c ****   hspi->TxRxHalfCpltCallback(hspi);
3017:Drivers/STM32F1xx_HAL_Driver/Src/stm32f1xx_hal_spi.c **** #else
3018:Drivers/STM32F1xx_HAL_Driver/Src/stm32f1xx_hal_spi.c ****   HAL_SPI_TxRxHalfCpltCallback(hspi);
3019:Drivers/STM32F1xx_HAL_Driver/Src/stm32f1xx_hal_spi.c **** #endif /* USE_HAL_SPI_REGISTER_CALLBACKS */
3020:Drivers/STM32F1xx_HAL_Driver/Src/stm32f1xx_hal_spi.c **** }
3021:Drivers/STM32F1xx_HAL_Driver/Src/stm32f1xx_hal_spi.c **** 
3022:Drivers/STM32F1xx_HAL_Driver/Src/stm32f1xx_hal_spi.c **** /**
3023:Drivers/STM32F1xx_HAL_Driver/Src/stm32f1xx_hal_spi.c ****   * @brief  DMA SPI communication error callback.
3024:Drivers/STM32F1xx_HAL_Driver/Src/stm32f1xx_hal_spi.c ****   * @param  hdma pointer to a DMA_HandleTypeDef structure that contains
3025:Drivers/STM32F1xx_HAL_Driver/Src/stm32f1xx_hal_spi.c ****   *               the configuration information for the specified DMA module.
3026:Drivers/STM32F1xx_HAL_Driver/Src/stm32f1xx_hal_spi.c ****   * @retval None
3027:Drivers/STM32F1xx_HAL_Driver/Src/stm32f1xx_hal_spi.c ****   */
3028:Drivers/STM32F1xx_HAL_Driver/Src/stm32f1xx_hal_spi.c **** static void SPI_DMAError(DMA_HandleTypeDef *hdma)
3029:Drivers/STM32F1xx_HAL_Driver/Src/stm32f1xx_hal_spi.c **** {
3030:Drivers/STM32F1xx_HAL_Driver/Src/stm32f1xx_hal_spi.c ****   SPI_HandleTypeDef *hspi = (SPI_HandleTypeDef *)(((DMA_HandleTypeDef *)hdma)->Parent);
3031:Drivers/STM32F1xx_HAL_Driver/Src/stm32f1xx_hal_spi.c **** 
3032:Drivers/STM32F1xx_HAL_Driver/Src/stm32f1xx_hal_spi.c ****   /* Stop the disable DMA transfer on SPI side */
3033:Drivers/STM32F1xx_HAL_Driver/Src/stm32f1xx_hal_spi.c ****   CLEAR_BIT(hspi->Instance->CR2, SPI_CR2_TXDMAEN | SPI_CR2_RXDMAEN);
3034:Drivers/STM32F1xx_HAL_Driver/Src/stm32f1xx_hal_spi.c **** 
3035:Drivers/STM32F1xx_HAL_Driver/Src/stm32f1xx_hal_spi.c ****   SET_BIT(hspi->ErrorCode, HAL_SPI_ERROR_DMA);
3036:Drivers/STM32F1xx_HAL_Driver/Src/stm32f1xx_hal_spi.c ****   hspi->State = HAL_SPI_STATE_READY;
3037:Drivers/STM32F1xx_HAL_Driver/Src/stm32f1xx_hal_spi.c ****   /* Call user error callback */
3038:Drivers/STM32F1xx_HAL_Driver/Src/stm32f1xx_hal_spi.c **** #if (USE_HAL_SPI_REGISTER_CALLBACKS == 1U)
3039:Drivers/STM32F1xx_HAL_Driver/Src/stm32f1xx_hal_spi.c ****   hspi->ErrorCallback(hspi);
3040:Drivers/STM32F1xx_HAL_Driver/Src/stm32f1xx_hal_spi.c **** #else
3041:Drivers/STM32F1xx_HAL_Driver/Src/stm32f1xx_hal_spi.c ****   HAL_SPI_ErrorCallback(hspi);
3042:Drivers/STM32F1xx_HAL_Driver/Src/stm32f1xx_hal_spi.c **** #endif /* USE_HAL_SPI_REGISTER_CALLBACKS */
3043:Drivers/STM32F1xx_HAL_Driver/Src/stm32f1xx_hal_spi.c **** }
3044:Drivers/STM32F1xx_HAL_Driver/Src/stm32f1xx_hal_spi.c **** 
3045:Drivers/STM32F1xx_HAL_Driver/Src/stm32f1xx_hal_spi.c **** /**
3046:Drivers/STM32F1xx_HAL_Driver/Src/stm32f1xx_hal_spi.c ****   * @brief  DMA SPI communication abort callback, when initiated by HAL services on Error
3047:Drivers/STM32F1xx_HAL_Driver/Src/stm32f1xx_hal_spi.c ****   *         (To be called at end of DMA Abort procedure following error occurrence).
3048:Drivers/STM32F1xx_HAL_Driver/Src/stm32f1xx_hal_spi.c ****   * @param  hdma DMA handle.
3049:Drivers/STM32F1xx_HAL_Driver/Src/stm32f1xx_hal_spi.c ****   * @retval None
3050:Drivers/STM32F1xx_HAL_Driver/Src/stm32f1xx_hal_spi.c ****   */
3051:Drivers/STM32F1xx_HAL_Driver/Src/stm32f1xx_hal_spi.c **** static void SPI_DMAAbortOnError(DMA_HandleTypeDef *hdma)
3052:Drivers/STM32F1xx_HAL_Driver/Src/stm32f1xx_hal_spi.c **** {
3053:Drivers/STM32F1xx_HAL_Driver/Src/stm32f1xx_hal_spi.c ****   SPI_HandleTypeDef *hspi = (SPI_HandleTypeDef *)(((DMA_HandleTypeDef *)hdma)->Parent);
ARM GAS  C:\Users\airforce\AppData\Local\Temp\cca1ZS9V.s 			page 55


3054:Drivers/STM32F1xx_HAL_Driver/Src/stm32f1xx_hal_spi.c ****   hspi->RxXferCount = 0U;
3055:Drivers/STM32F1xx_HAL_Driver/Src/stm32f1xx_hal_spi.c ****   hspi->TxXferCount = 0U;
3056:Drivers/STM32F1xx_HAL_Driver/Src/stm32f1xx_hal_spi.c **** 
3057:Drivers/STM32F1xx_HAL_Driver/Src/stm32f1xx_hal_spi.c ****   /* Call user error callback */
3058:Drivers/STM32F1xx_HAL_Driver/Src/stm32f1xx_hal_spi.c **** #if (USE_HAL_SPI_REGISTER_CALLBACKS == 1U)
3059:Drivers/STM32F1xx_HAL_Driver/Src/stm32f1xx_hal_spi.c ****   hspi->ErrorCallback(hspi);
3060:Drivers/STM32F1xx_HAL_Driver/Src/stm32f1xx_hal_spi.c **** #else
3061:Drivers/STM32F1xx_HAL_Driver/Src/stm32f1xx_hal_spi.c ****   HAL_SPI_ErrorCallback(hspi);
3062:Drivers/STM32F1xx_HAL_Driver/Src/stm32f1xx_hal_spi.c **** #endif /* USE_HAL_SPI_REGISTER_CALLBACKS */
3063:Drivers/STM32F1xx_HAL_Driver/Src/stm32f1xx_hal_spi.c **** }
3064:Drivers/STM32F1xx_HAL_Driver/Src/stm32f1xx_hal_spi.c **** 
3065:Drivers/STM32F1xx_HAL_Driver/Src/stm32f1xx_hal_spi.c **** /**
3066:Drivers/STM32F1xx_HAL_Driver/Src/stm32f1xx_hal_spi.c ****   * @brief  DMA SPI Tx communication abort callback, when initiated by user
3067:Drivers/STM32F1xx_HAL_Driver/Src/stm32f1xx_hal_spi.c ****   *         (To be called at end of DMA Tx Abort procedure following user abort request).
3068:Drivers/STM32F1xx_HAL_Driver/Src/stm32f1xx_hal_spi.c ****   * @note   When this callback is executed, User Abort complete call back is called only if no
3069:Drivers/STM32F1xx_HAL_Driver/Src/stm32f1xx_hal_spi.c ****   *         Abort still ongoing for Rx DMA Handle.
3070:Drivers/STM32F1xx_HAL_Driver/Src/stm32f1xx_hal_spi.c ****   * @param  hdma DMA handle.
3071:Drivers/STM32F1xx_HAL_Driver/Src/stm32f1xx_hal_spi.c ****   * @retval None
3072:Drivers/STM32F1xx_HAL_Driver/Src/stm32f1xx_hal_spi.c ****   */
3073:Drivers/STM32F1xx_HAL_Driver/Src/stm32f1xx_hal_spi.c **** static void SPI_DMATxAbortCallback(DMA_HandleTypeDef *hdma)
3074:Drivers/STM32F1xx_HAL_Driver/Src/stm32f1xx_hal_spi.c **** {
3075:Drivers/STM32F1xx_HAL_Driver/Src/stm32f1xx_hal_spi.c ****   SPI_HandleTypeDef *hspi = (SPI_HandleTypeDef *)(((DMA_HandleTypeDef *)hdma)->Parent);
3076:Drivers/STM32F1xx_HAL_Driver/Src/stm32f1xx_hal_spi.c ****   __IO uint32_t count;
3077:Drivers/STM32F1xx_HAL_Driver/Src/stm32f1xx_hal_spi.c **** 
3078:Drivers/STM32F1xx_HAL_Driver/Src/stm32f1xx_hal_spi.c ****   hspi->hdmatx->XferAbortCallback = NULL;
3079:Drivers/STM32F1xx_HAL_Driver/Src/stm32f1xx_hal_spi.c ****   count = SPI_DEFAULT_TIMEOUT * (SystemCoreClock / 24U / 1000U);
3080:Drivers/STM32F1xx_HAL_Driver/Src/stm32f1xx_hal_spi.c **** 
3081:Drivers/STM32F1xx_HAL_Driver/Src/stm32f1xx_hal_spi.c ****   /* Disable Tx DMA Request */
3082:Drivers/STM32F1xx_HAL_Driver/Src/stm32f1xx_hal_spi.c ****   CLEAR_BIT(hspi->Instance->CR2, SPI_CR2_TXDMAEN);
3083:Drivers/STM32F1xx_HAL_Driver/Src/stm32f1xx_hal_spi.c **** 
3084:Drivers/STM32F1xx_HAL_Driver/Src/stm32f1xx_hal_spi.c ****   /* Wait until TXE flag is set */
3085:Drivers/STM32F1xx_HAL_Driver/Src/stm32f1xx_hal_spi.c ****   do
3086:Drivers/STM32F1xx_HAL_Driver/Src/stm32f1xx_hal_spi.c ****   {
3087:Drivers/STM32F1xx_HAL_Driver/Src/stm32f1xx_hal_spi.c ****     if (count == 0U)
3088:Drivers/STM32F1xx_HAL_Driver/Src/stm32f1xx_hal_spi.c ****     {
3089:Drivers/STM32F1xx_HAL_Driver/Src/stm32f1xx_hal_spi.c ****       SET_BIT(hspi->ErrorCode, HAL_SPI_ERROR_ABORT);
3090:Drivers/STM32F1xx_HAL_Driver/Src/stm32f1xx_hal_spi.c ****       break;
3091:Drivers/STM32F1xx_HAL_Driver/Src/stm32f1xx_hal_spi.c ****     }
3092:Drivers/STM32F1xx_HAL_Driver/Src/stm32f1xx_hal_spi.c ****     count--;
3093:Drivers/STM32F1xx_HAL_Driver/Src/stm32f1xx_hal_spi.c ****   } while ((hspi->Instance->SR & SPI_FLAG_TXE) == RESET);
3094:Drivers/STM32F1xx_HAL_Driver/Src/stm32f1xx_hal_spi.c **** 
3095:Drivers/STM32F1xx_HAL_Driver/Src/stm32f1xx_hal_spi.c ****   /* Check if an Abort process is still ongoing */
3096:Drivers/STM32F1xx_HAL_Driver/Src/stm32f1xx_hal_spi.c ****   if (hspi->hdmarx != NULL)
3097:Drivers/STM32F1xx_HAL_Driver/Src/stm32f1xx_hal_spi.c ****   {
3098:Drivers/STM32F1xx_HAL_Driver/Src/stm32f1xx_hal_spi.c ****     if (hspi->hdmarx->XferAbortCallback != NULL)
3099:Drivers/STM32F1xx_HAL_Driver/Src/stm32f1xx_hal_spi.c ****     {
3100:Drivers/STM32F1xx_HAL_Driver/Src/stm32f1xx_hal_spi.c ****       return;
3101:Drivers/STM32F1xx_HAL_Driver/Src/stm32f1xx_hal_spi.c ****     }
3102:Drivers/STM32F1xx_HAL_Driver/Src/stm32f1xx_hal_spi.c ****   }
3103:Drivers/STM32F1xx_HAL_Driver/Src/stm32f1xx_hal_spi.c **** 
3104:Drivers/STM32F1xx_HAL_Driver/Src/stm32f1xx_hal_spi.c ****   /* No Abort process still ongoing : All DMA Stream/Channel are aborted, call user Abort Complete 
3105:Drivers/STM32F1xx_HAL_Driver/Src/stm32f1xx_hal_spi.c ****   hspi->RxXferCount = 0U;
3106:Drivers/STM32F1xx_HAL_Driver/Src/stm32f1xx_hal_spi.c ****   hspi->TxXferCount = 0U;
3107:Drivers/STM32F1xx_HAL_Driver/Src/stm32f1xx_hal_spi.c **** 
3108:Drivers/STM32F1xx_HAL_Driver/Src/stm32f1xx_hal_spi.c ****   /* Check no error during Abort procedure */
3109:Drivers/STM32F1xx_HAL_Driver/Src/stm32f1xx_hal_spi.c ****   if (hspi->ErrorCode != HAL_SPI_ERROR_ABORT)
3110:Drivers/STM32F1xx_HAL_Driver/Src/stm32f1xx_hal_spi.c ****   {
ARM GAS  C:\Users\airforce\AppData\Local\Temp\cca1ZS9V.s 			page 56


3111:Drivers/STM32F1xx_HAL_Driver/Src/stm32f1xx_hal_spi.c ****     /* Reset errorCode */
3112:Drivers/STM32F1xx_HAL_Driver/Src/stm32f1xx_hal_spi.c ****     hspi->ErrorCode = HAL_SPI_ERROR_NONE;
3113:Drivers/STM32F1xx_HAL_Driver/Src/stm32f1xx_hal_spi.c ****   }
3114:Drivers/STM32F1xx_HAL_Driver/Src/stm32f1xx_hal_spi.c **** 
3115:Drivers/STM32F1xx_HAL_Driver/Src/stm32f1xx_hal_spi.c ****   /* Clear the Error flags in the SR register */
3116:Drivers/STM32F1xx_HAL_Driver/Src/stm32f1xx_hal_spi.c ****   __HAL_SPI_CLEAR_OVRFLAG(hspi);
3117:Drivers/STM32F1xx_HAL_Driver/Src/stm32f1xx_hal_spi.c **** 
3118:Drivers/STM32F1xx_HAL_Driver/Src/stm32f1xx_hal_spi.c ****   /* Restore hspi->State to Ready */
3119:Drivers/STM32F1xx_HAL_Driver/Src/stm32f1xx_hal_spi.c ****   hspi->State  = HAL_SPI_STATE_READY;
3120:Drivers/STM32F1xx_HAL_Driver/Src/stm32f1xx_hal_spi.c **** 
3121:Drivers/STM32F1xx_HAL_Driver/Src/stm32f1xx_hal_spi.c ****   /* Call user Abort complete callback */
3122:Drivers/STM32F1xx_HAL_Driver/Src/stm32f1xx_hal_spi.c **** #if (USE_HAL_SPI_REGISTER_CALLBACKS == 1U)
3123:Drivers/STM32F1xx_HAL_Driver/Src/stm32f1xx_hal_spi.c ****   hspi->AbortCpltCallback(hspi);
3124:Drivers/STM32F1xx_HAL_Driver/Src/stm32f1xx_hal_spi.c **** #else
3125:Drivers/STM32F1xx_HAL_Driver/Src/stm32f1xx_hal_spi.c ****   HAL_SPI_AbortCpltCallback(hspi);
3126:Drivers/STM32F1xx_HAL_Driver/Src/stm32f1xx_hal_spi.c **** #endif /* USE_HAL_SPI_REGISTER_CALLBACKS */
3127:Drivers/STM32F1xx_HAL_Driver/Src/stm32f1xx_hal_spi.c **** }
3128:Drivers/STM32F1xx_HAL_Driver/Src/stm32f1xx_hal_spi.c **** 
3129:Drivers/STM32F1xx_HAL_Driver/Src/stm32f1xx_hal_spi.c **** /**
3130:Drivers/STM32F1xx_HAL_Driver/Src/stm32f1xx_hal_spi.c ****   * @brief  DMA SPI Rx communication abort callback, when initiated by user
3131:Drivers/STM32F1xx_HAL_Driver/Src/stm32f1xx_hal_spi.c ****   *         (To be called at end of DMA Rx Abort procedure following user abort request).
3132:Drivers/STM32F1xx_HAL_Driver/Src/stm32f1xx_hal_spi.c ****   * @note   When this callback is executed, User Abort complete call back is called only if no
3133:Drivers/STM32F1xx_HAL_Driver/Src/stm32f1xx_hal_spi.c ****   *         Abort still ongoing for Tx DMA Handle.
3134:Drivers/STM32F1xx_HAL_Driver/Src/stm32f1xx_hal_spi.c ****   * @param  hdma DMA handle.
3135:Drivers/STM32F1xx_HAL_Driver/Src/stm32f1xx_hal_spi.c ****   * @retval None
3136:Drivers/STM32F1xx_HAL_Driver/Src/stm32f1xx_hal_spi.c ****   */
3137:Drivers/STM32F1xx_HAL_Driver/Src/stm32f1xx_hal_spi.c **** static void SPI_DMARxAbortCallback(DMA_HandleTypeDef *hdma)
3138:Drivers/STM32F1xx_HAL_Driver/Src/stm32f1xx_hal_spi.c **** {
3139:Drivers/STM32F1xx_HAL_Driver/Src/stm32f1xx_hal_spi.c ****   SPI_HandleTypeDef *hspi = (SPI_HandleTypeDef *)(((DMA_HandleTypeDef *)hdma)->Parent);
3140:Drivers/STM32F1xx_HAL_Driver/Src/stm32f1xx_hal_spi.c **** 
3141:Drivers/STM32F1xx_HAL_Driver/Src/stm32f1xx_hal_spi.c ****   /* Disable SPI Peripheral */
3142:Drivers/STM32F1xx_HAL_Driver/Src/stm32f1xx_hal_spi.c ****   __HAL_SPI_DISABLE(hspi);
3143:Drivers/STM32F1xx_HAL_Driver/Src/stm32f1xx_hal_spi.c **** 
3144:Drivers/STM32F1xx_HAL_Driver/Src/stm32f1xx_hal_spi.c ****   hspi->hdmarx->XferAbortCallback = NULL;
3145:Drivers/STM32F1xx_HAL_Driver/Src/stm32f1xx_hal_spi.c **** 
3146:Drivers/STM32F1xx_HAL_Driver/Src/stm32f1xx_hal_spi.c ****   /* Disable Rx DMA Request */
3147:Drivers/STM32F1xx_HAL_Driver/Src/stm32f1xx_hal_spi.c ****   CLEAR_BIT(hspi->Instance->CR2, SPI_CR2_RXDMAEN);
3148:Drivers/STM32F1xx_HAL_Driver/Src/stm32f1xx_hal_spi.c **** 
3149:Drivers/STM32F1xx_HAL_Driver/Src/stm32f1xx_hal_spi.c ****   /* Check Busy flag */
3150:Drivers/STM32F1xx_HAL_Driver/Src/stm32f1xx_hal_spi.c ****   if (SPI_EndRxTxTransaction(hspi, SPI_DEFAULT_TIMEOUT, HAL_GetTick()) != HAL_OK)
3151:Drivers/STM32F1xx_HAL_Driver/Src/stm32f1xx_hal_spi.c ****   {
3152:Drivers/STM32F1xx_HAL_Driver/Src/stm32f1xx_hal_spi.c ****     SET_BIT(hspi->ErrorCode, HAL_SPI_ERROR_ABORT);
3153:Drivers/STM32F1xx_HAL_Driver/Src/stm32f1xx_hal_spi.c ****   }
3154:Drivers/STM32F1xx_HAL_Driver/Src/stm32f1xx_hal_spi.c **** 
3155:Drivers/STM32F1xx_HAL_Driver/Src/stm32f1xx_hal_spi.c ****   /* Check if an Abort process is still ongoing */
3156:Drivers/STM32F1xx_HAL_Driver/Src/stm32f1xx_hal_spi.c ****   if (hspi->hdmatx != NULL)
3157:Drivers/STM32F1xx_HAL_Driver/Src/stm32f1xx_hal_spi.c ****   {
3158:Drivers/STM32F1xx_HAL_Driver/Src/stm32f1xx_hal_spi.c ****     if (hspi->hdmatx->XferAbortCallback != NULL)
3159:Drivers/STM32F1xx_HAL_Driver/Src/stm32f1xx_hal_spi.c ****     {
3160:Drivers/STM32F1xx_HAL_Driver/Src/stm32f1xx_hal_spi.c ****       return;
3161:Drivers/STM32F1xx_HAL_Driver/Src/stm32f1xx_hal_spi.c ****     }
3162:Drivers/STM32F1xx_HAL_Driver/Src/stm32f1xx_hal_spi.c ****   }
3163:Drivers/STM32F1xx_HAL_Driver/Src/stm32f1xx_hal_spi.c **** 
3164:Drivers/STM32F1xx_HAL_Driver/Src/stm32f1xx_hal_spi.c ****   /* No Abort process still ongoing : All DMA Stream/Channel are aborted, call user Abort Complete 
3165:Drivers/STM32F1xx_HAL_Driver/Src/stm32f1xx_hal_spi.c ****   hspi->RxXferCount = 0U;
3166:Drivers/STM32F1xx_HAL_Driver/Src/stm32f1xx_hal_spi.c ****   hspi->TxXferCount = 0U;
3167:Drivers/STM32F1xx_HAL_Driver/Src/stm32f1xx_hal_spi.c **** 
ARM GAS  C:\Users\airforce\AppData\Local\Temp\cca1ZS9V.s 			page 57


3168:Drivers/STM32F1xx_HAL_Driver/Src/stm32f1xx_hal_spi.c ****   /* Check no error during Abort procedure */
3169:Drivers/STM32F1xx_HAL_Driver/Src/stm32f1xx_hal_spi.c ****   if (hspi->ErrorCode != HAL_SPI_ERROR_ABORT)
3170:Drivers/STM32F1xx_HAL_Driver/Src/stm32f1xx_hal_spi.c ****   {
3171:Drivers/STM32F1xx_HAL_Driver/Src/stm32f1xx_hal_spi.c ****     /* Reset errorCode */
3172:Drivers/STM32F1xx_HAL_Driver/Src/stm32f1xx_hal_spi.c ****     hspi->ErrorCode = HAL_SPI_ERROR_NONE;
3173:Drivers/STM32F1xx_HAL_Driver/Src/stm32f1xx_hal_spi.c ****   }
3174:Drivers/STM32F1xx_HAL_Driver/Src/stm32f1xx_hal_spi.c **** 
3175:Drivers/STM32F1xx_HAL_Driver/Src/stm32f1xx_hal_spi.c ****   /* Clear the Error flags in the SR register */
3176:Drivers/STM32F1xx_HAL_Driver/Src/stm32f1xx_hal_spi.c ****   __HAL_SPI_CLEAR_OVRFLAG(hspi);
3177:Drivers/STM32F1xx_HAL_Driver/Src/stm32f1xx_hal_spi.c **** 
3178:Drivers/STM32F1xx_HAL_Driver/Src/stm32f1xx_hal_spi.c ****   /* Restore hspi->State to Ready */
3179:Drivers/STM32F1xx_HAL_Driver/Src/stm32f1xx_hal_spi.c ****   hspi->State  = HAL_SPI_STATE_READY;
3180:Drivers/STM32F1xx_HAL_Driver/Src/stm32f1xx_hal_spi.c **** 
3181:Drivers/STM32F1xx_HAL_Driver/Src/stm32f1xx_hal_spi.c ****   /* Call user Abort complete callback */
3182:Drivers/STM32F1xx_HAL_Driver/Src/stm32f1xx_hal_spi.c **** #if (USE_HAL_SPI_REGISTER_CALLBACKS == 1U)
3183:Drivers/STM32F1xx_HAL_Driver/Src/stm32f1xx_hal_spi.c ****   hspi->AbortCpltCallback(hspi);
3184:Drivers/STM32F1xx_HAL_Driver/Src/stm32f1xx_hal_spi.c **** #else
3185:Drivers/STM32F1xx_HAL_Driver/Src/stm32f1xx_hal_spi.c ****   HAL_SPI_AbortCpltCallback(hspi);
3186:Drivers/STM32F1xx_HAL_Driver/Src/stm32f1xx_hal_spi.c **** #endif /* USE_HAL_SPI_REGISTER_CALLBACKS */
3187:Drivers/STM32F1xx_HAL_Driver/Src/stm32f1xx_hal_spi.c **** }
3188:Drivers/STM32F1xx_HAL_Driver/Src/stm32f1xx_hal_spi.c **** 
3189:Drivers/STM32F1xx_HAL_Driver/Src/stm32f1xx_hal_spi.c **** /**
3190:Drivers/STM32F1xx_HAL_Driver/Src/stm32f1xx_hal_spi.c ****   * @brief  Rx 8-bit handler for Transmit and Receive in Interrupt mode.
3191:Drivers/STM32F1xx_HAL_Driver/Src/stm32f1xx_hal_spi.c ****   * @param  hspi pointer to a SPI_HandleTypeDef structure that contains
3192:Drivers/STM32F1xx_HAL_Driver/Src/stm32f1xx_hal_spi.c ****   *               the configuration information for SPI module.
3193:Drivers/STM32F1xx_HAL_Driver/Src/stm32f1xx_hal_spi.c ****   * @retval None
3194:Drivers/STM32F1xx_HAL_Driver/Src/stm32f1xx_hal_spi.c ****   */
3195:Drivers/STM32F1xx_HAL_Driver/Src/stm32f1xx_hal_spi.c **** static void SPI_2linesRxISR_8BIT(struct __SPI_HandleTypeDef *hspi)
3196:Drivers/STM32F1xx_HAL_Driver/Src/stm32f1xx_hal_spi.c **** {
3197:Drivers/STM32F1xx_HAL_Driver/Src/stm32f1xx_hal_spi.c ****   /* Receive data in 8bit mode */
3198:Drivers/STM32F1xx_HAL_Driver/Src/stm32f1xx_hal_spi.c ****   *hspi->pRxBuffPtr = *((__IO uint8_t *)&hspi->Instance->DR);
3199:Drivers/STM32F1xx_HAL_Driver/Src/stm32f1xx_hal_spi.c ****   hspi->pRxBuffPtr++;
3200:Drivers/STM32F1xx_HAL_Driver/Src/stm32f1xx_hal_spi.c ****   hspi->RxXferCount--;
3201:Drivers/STM32F1xx_HAL_Driver/Src/stm32f1xx_hal_spi.c **** 
3202:Drivers/STM32F1xx_HAL_Driver/Src/stm32f1xx_hal_spi.c ****   /* Check end of the reception */
3203:Drivers/STM32F1xx_HAL_Driver/Src/stm32f1xx_hal_spi.c ****   if (hspi->RxXferCount == 0U)
3204:Drivers/STM32F1xx_HAL_Driver/Src/stm32f1xx_hal_spi.c ****   {
3205:Drivers/STM32F1xx_HAL_Driver/Src/stm32f1xx_hal_spi.c **** #if (USE_SPI_CRC != 0U)
3206:Drivers/STM32F1xx_HAL_Driver/Src/stm32f1xx_hal_spi.c ****     if (hspi->Init.CRCCalculation == SPI_CRCCALCULATION_ENABLE)
3207:Drivers/STM32F1xx_HAL_Driver/Src/stm32f1xx_hal_spi.c ****     {
3208:Drivers/STM32F1xx_HAL_Driver/Src/stm32f1xx_hal_spi.c ****       hspi->RxISR =  SPI_2linesRxISR_8BITCRC;
3209:Drivers/STM32F1xx_HAL_Driver/Src/stm32f1xx_hal_spi.c ****       return;
3210:Drivers/STM32F1xx_HAL_Driver/Src/stm32f1xx_hal_spi.c ****     }
3211:Drivers/STM32F1xx_HAL_Driver/Src/stm32f1xx_hal_spi.c **** #endif /* USE_SPI_CRC */
3212:Drivers/STM32F1xx_HAL_Driver/Src/stm32f1xx_hal_spi.c **** 
3213:Drivers/STM32F1xx_HAL_Driver/Src/stm32f1xx_hal_spi.c ****     /* Disable RXNE  and ERR interrupt */
3214:Drivers/STM32F1xx_HAL_Driver/Src/stm32f1xx_hal_spi.c ****     __HAL_SPI_DISABLE_IT(hspi, (SPI_IT_RXNE | SPI_IT_ERR));
3215:Drivers/STM32F1xx_HAL_Driver/Src/stm32f1xx_hal_spi.c **** 
3216:Drivers/STM32F1xx_HAL_Driver/Src/stm32f1xx_hal_spi.c ****     if (hspi->TxXferCount == 0U)
3217:Drivers/STM32F1xx_HAL_Driver/Src/stm32f1xx_hal_spi.c ****     {
3218:Drivers/STM32F1xx_HAL_Driver/Src/stm32f1xx_hal_spi.c ****       SPI_CloseRxTx_ISR(hspi);
3219:Drivers/STM32F1xx_HAL_Driver/Src/stm32f1xx_hal_spi.c ****     }
3220:Drivers/STM32F1xx_HAL_Driver/Src/stm32f1xx_hal_spi.c ****   }
3221:Drivers/STM32F1xx_HAL_Driver/Src/stm32f1xx_hal_spi.c **** }
3222:Drivers/STM32F1xx_HAL_Driver/Src/stm32f1xx_hal_spi.c **** 
3223:Drivers/STM32F1xx_HAL_Driver/Src/stm32f1xx_hal_spi.c **** #if (USE_SPI_CRC != 0U)
3224:Drivers/STM32F1xx_HAL_Driver/Src/stm32f1xx_hal_spi.c **** /**
ARM GAS  C:\Users\airforce\AppData\Local\Temp\cca1ZS9V.s 			page 58


3225:Drivers/STM32F1xx_HAL_Driver/Src/stm32f1xx_hal_spi.c ****   * @brief  Rx 8-bit handler for Transmit and Receive in Interrupt mode.
3226:Drivers/STM32F1xx_HAL_Driver/Src/stm32f1xx_hal_spi.c ****   * @param  hspi pointer to a SPI_HandleTypeDef structure that contains
3227:Drivers/STM32F1xx_HAL_Driver/Src/stm32f1xx_hal_spi.c ****   *               the configuration information for SPI module.
3228:Drivers/STM32F1xx_HAL_Driver/Src/stm32f1xx_hal_spi.c ****   * @retval None
3229:Drivers/STM32F1xx_HAL_Driver/Src/stm32f1xx_hal_spi.c ****   */
3230:Drivers/STM32F1xx_HAL_Driver/Src/stm32f1xx_hal_spi.c **** static void SPI_2linesRxISR_8BITCRC(struct __SPI_HandleTypeDef *hspi)
3231:Drivers/STM32F1xx_HAL_Driver/Src/stm32f1xx_hal_spi.c **** {
3232:Drivers/STM32F1xx_HAL_Driver/Src/stm32f1xx_hal_spi.c ****   __IO uint8_t  *ptmpreg8;
3233:Drivers/STM32F1xx_HAL_Driver/Src/stm32f1xx_hal_spi.c ****   __IO uint8_t  tmpreg8 = 0;
3234:Drivers/STM32F1xx_HAL_Driver/Src/stm32f1xx_hal_spi.c **** 
3235:Drivers/STM32F1xx_HAL_Driver/Src/stm32f1xx_hal_spi.c ****   /* Initialize the 8bit temporary pointer */
3236:Drivers/STM32F1xx_HAL_Driver/Src/stm32f1xx_hal_spi.c ****   ptmpreg8 = (__IO uint8_t *)&hspi->Instance->DR;
3237:Drivers/STM32F1xx_HAL_Driver/Src/stm32f1xx_hal_spi.c ****   /* Read 8bit CRC to flush Data Register */
3238:Drivers/STM32F1xx_HAL_Driver/Src/stm32f1xx_hal_spi.c ****   tmpreg8 = *ptmpreg8;
3239:Drivers/STM32F1xx_HAL_Driver/Src/stm32f1xx_hal_spi.c ****   /* To avoid GCC warning */
3240:Drivers/STM32F1xx_HAL_Driver/Src/stm32f1xx_hal_spi.c ****   UNUSED(tmpreg8);
3241:Drivers/STM32F1xx_HAL_Driver/Src/stm32f1xx_hal_spi.c **** 
3242:Drivers/STM32F1xx_HAL_Driver/Src/stm32f1xx_hal_spi.c ****   /* Disable RXNE and ERR interrupt */
3243:Drivers/STM32F1xx_HAL_Driver/Src/stm32f1xx_hal_spi.c ****   __HAL_SPI_DISABLE_IT(hspi, (SPI_IT_RXNE | SPI_IT_ERR));
3244:Drivers/STM32F1xx_HAL_Driver/Src/stm32f1xx_hal_spi.c **** 
3245:Drivers/STM32F1xx_HAL_Driver/Src/stm32f1xx_hal_spi.c ****   if (hspi->TxXferCount == 0U)
3246:Drivers/STM32F1xx_HAL_Driver/Src/stm32f1xx_hal_spi.c ****   {
3247:Drivers/STM32F1xx_HAL_Driver/Src/stm32f1xx_hal_spi.c ****     SPI_CloseRxTx_ISR(hspi);
3248:Drivers/STM32F1xx_HAL_Driver/Src/stm32f1xx_hal_spi.c ****   }
3249:Drivers/STM32F1xx_HAL_Driver/Src/stm32f1xx_hal_spi.c **** }
3250:Drivers/STM32F1xx_HAL_Driver/Src/stm32f1xx_hal_spi.c **** #endif /* USE_SPI_CRC */
3251:Drivers/STM32F1xx_HAL_Driver/Src/stm32f1xx_hal_spi.c **** 
3252:Drivers/STM32F1xx_HAL_Driver/Src/stm32f1xx_hal_spi.c **** /**
3253:Drivers/STM32F1xx_HAL_Driver/Src/stm32f1xx_hal_spi.c ****   * @brief  Tx 8-bit handler for Transmit and Receive in Interrupt mode.
3254:Drivers/STM32F1xx_HAL_Driver/Src/stm32f1xx_hal_spi.c ****   * @param  hspi pointer to a SPI_HandleTypeDef structure that contains
3255:Drivers/STM32F1xx_HAL_Driver/Src/stm32f1xx_hal_spi.c ****   *               the configuration information for SPI module.
3256:Drivers/STM32F1xx_HAL_Driver/Src/stm32f1xx_hal_spi.c ****   * @retval None
3257:Drivers/STM32F1xx_HAL_Driver/Src/stm32f1xx_hal_spi.c ****   */
3258:Drivers/STM32F1xx_HAL_Driver/Src/stm32f1xx_hal_spi.c **** static void SPI_2linesTxISR_8BIT(struct __SPI_HandleTypeDef *hspi)
3259:Drivers/STM32F1xx_HAL_Driver/Src/stm32f1xx_hal_spi.c **** {
3260:Drivers/STM32F1xx_HAL_Driver/Src/stm32f1xx_hal_spi.c ****   *(__IO uint8_t *)&hspi->Instance->DR = *((const uint8_t *)hspi->pTxBuffPtr);
3261:Drivers/STM32F1xx_HAL_Driver/Src/stm32f1xx_hal_spi.c ****   hspi->pTxBuffPtr++;
3262:Drivers/STM32F1xx_HAL_Driver/Src/stm32f1xx_hal_spi.c ****   hspi->TxXferCount--;
3263:Drivers/STM32F1xx_HAL_Driver/Src/stm32f1xx_hal_spi.c **** 
3264:Drivers/STM32F1xx_HAL_Driver/Src/stm32f1xx_hal_spi.c ****   /* Check the end of the transmission */
3265:Drivers/STM32F1xx_HAL_Driver/Src/stm32f1xx_hal_spi.c ****   if (hspi->TxXferCount == 0U)
3266:Drivers/STM32F1xx_HAL_Driver/Src/stm32f1xx_hal_spi.c ****   {
3267:Drivers/STM32F1xx_HAL_Driver/Src/stm32f1xx_hal_spi.c **** #if (USE_SPI_CRC != 0U)
3268:Drivers/STM32F1xx_HAL_Driver/Src/stm32f1xx_hal_spi.c ****     if (hspi->Init.CRCCalculation == SPI_CRCCALCULATION_ENABLE)
3269:Drivers/STM32F1xx_HAL_Driver/Src/stm32f1xx_hal_spi.c ****     {
3270:Drivers/STM32F1xx_HAL_Driver/Src/stm32f1xx_hal_spi.c ****       /* Set CRC Next Bit to send CRC */
3271:Drivers/STM32F1xx_HAL_Driver/Src/stm32f1xx_hal_spi.c ****       SET_BIT(hspi->Instance->CR1, SPI_CR1_CRCNEXT);
3272:Drivers/STM32F1xx_HAL_Driver/Src/stm32f1xx_hal_spi.c ****       /* Disable TXE interrupt */
3273:Drivers/STM32F1xx_HAL_Driver/Src/stm32f1xx_hal_spi.c ****       __HAL_SPI_DISABLE_IT(hspi, SPI_IT_TXE);
3274:Drivers/STM32F1xx_HAL_Driver/Src/stm32f1xx_hal_spi.c ****       return;
3275:Drivers/STM32F1xx_HAL_Driver/Src/stm32f1xx_hal_spi.c ****     }
3276:Drivers/STM32F1xx_HAL_Driver/Src/stm32f1xx_hal_spi.c **** #endif /* USE_SPI_CRC */
3277:Drivers/STM32F1xx_HAL_Driver/Src/stm32f1xx_hal_spi.c **** 
3278:Drivers/STM32F1xx_HAL_Driver/Src/stm32f1xx_hal_spi.c ****     /* Disable TXE interrupt */
3279:Drivers/STM32F1xx_HAL_Driver/Src/stm32f1xx_hal_spi.c ****     __HAL_SPI_DISABLE_IT(hspi, SPI_IT_TXE);
3280:Drivers/STM32F1xx_HAL_Driver/Src/stm32f1xx_hal_spi.c **** 
3281:Drivers/STM32F1xx_HAL_Driver/Src/stm32f1xx_hal_spi.c ****     if (hspi->RxXferCount == 0U)
ARM GAS  C:\Users\airforce\AppData\Local\Temp\cca1ZS9V.s 			page 59


3282:Drivers/STM32F1xx_HAL_Driver/Src/stm32f1xx_hal_spi.c ****     {
3283:Drivers/STM32F1xx_HAL_Driver/Src/stm32f1xx_hal_spi.c ****       SPI_CloseRxTx_ISR(hspi);
3284:Drivers/STM32F1xx_HAL_Driver/Src/stm32f1xx_hal_spi.c ****     }
3285:Drivers/STM32F1xx_HAL_Driver/Src/stm32f1xx_hal_spi.c ****   }
3286:Drivers/STM32F1xx_HAL_Driver/Src/stm32f1xx_hal_spi.c **** }
3287:Drivers/STM32F1xx_HAL_Driver/Src/stm32f1xx_hal_spi.c **** 
3288:Drivers/STM32F1xx_HAL_Driver/Src/stm32f1xx_hal_spi.c **** /**
3289:Drivers/STM32F1xx_HAL_Driver/Src/stm32f1xx_hal_spi.c ****   * @brief  Rx 16-bit handler for Transmit and Receive in Interrupt mode.
3290:Drivers/STM32F1xx_HAL_Driver/Src/stm32f1xx_hal_spi.c ****   * @param  hspi pointer to a SPI_HandleTypeDef structure that contains
3291:Drivers/STM32F1xx_HAL_Driver/Src/stm32f1xx_hal_spi.c ****   *               the configuration information for SPI module.
3292:Drivers/STM32F1xx_HAL_Driver/Src/stm32f1xx_hal_spi.c ****   * @retval None
3293:Drivers/STM32F1xx_HAL_Driver/Src/stm32f1xx_hal_spi.c ****   */
3294:Drivers/STM32F1xx_HAL_Driver/Src/stm32f1xx_hal_spi.c **** static void SPI_2linesRxISR_16BIT(struct __SPI_HandleTypeDef *hspi)
3295:Drivers/STM32F1xx_HAL_Driver/Src/stm32f1xx_hal_spi.c **** {
3296:Drivers/STM32F1xx_HAL_Driver/Src/stm32f1xx_hal_spi.c ****   /* Receive data in 16 Bit mode */
3297:Drivers/STM32F1xx_HAL_Driver/Src/stm32f1xx_hal_spi.c ****   *((uint16_t *)hspi->pRxBuffPtr) = (uint16_t)(hspi->Instance->DR);
3298:Drivers/STM32F1xx_HAL_Driver/Src/stm32f1xx_hal_spi.c ****   hspi->pRxBuffPtr += sizeof(uint16_t);
3299:Drivers/STM32F1xx_HAL_Driver/Src/stm32f1xx_hal_spi.c ****   hspi->RxXferCount--;
3300:Drivers/STM32F1xx_HAL_Driver/Src/stm32f1xx_hal_spi.c **** 
3301:Drivers/STM32F1xx_HAL_Driver/Src/stm32f1xx_hal_spi.c ****   if (hspi->RxXferCount == 0U)
3302:Drivers/STM32F1xx_HAL_Driver/Src/stm32f1xx_hal_spi.c ****   {
3303:Drivers/STM32F1xx_HAL_Driver/Src/stm32f1xx_hal_spi.c **** #if (USE_SPI_CRC != 0U)
3304:Drivers/STM32F1xx_HAL_Driver/Src/stm32f1xx_hal_spi.c ****     if (hspi->Init.CRCCalculation == SPI_CRCCALCULATION_ENABLE)
3305:Drivers/STM32F1xx_HAL_Driver/Src/stm32f1xx_hal_spi.c ****     {
3306:Drivers/STM32F1xx_HAL_Driver/Src/stm32f1xx_hal_spi.c ****       hspi->RxISR =  SPI_2linesRxISR_16BITCRC;
3307:Drivers/STM32F1xx_HAL_Driver/Src/stm32f1xx_hal_spi.c ****       return;
3308:Drivers/STM32F1xx_HAL_Driver/Src/stm32f1xx_hal_spi.c ****     }
3309:Drivers/STM32F1xx_HAL_Driver/Src/stm32f1xx_hal_spi.c **** #endif /* USE_SPI_CRC */
3310:Drivers/STM32F1xx_HAL_Driver/Src/stm32f1xx_hal_spi.c **** 
3311:Drivers/STM32F1xx_HAL_Driver/Src/stm32f1xx_hal_spi.c ****     /* Disable RXNE interrupt */
3312:Drivers/STM32F1xx_HAL_Driver/Src/stm32f1xx_hal_spi.c ****     __HAL_SPI_DISABLE_IT(hspi, SPI_IT_RXNE);
3313:Drivers/STM32F1xx_HAL_Driver/Src/stm32f1xx_hal_spi.c **** 
3314:Drivers/STM32F1xx_HAL_Driver/Src/stm32f1xx_hal_spi.c ****     if (hspi->TxXferCount == 0U)
3315:Drivers/STM32F1xx_HAL_Driver/Src/stm32f1xx_hal_spi.c ****     {
3316:Drivers/STM32F1xx_HAL_Driver/Src/stm32f1xx_hal_spi.c ****       SPI_CloseRxTx_ISR(hspi);
3317:Drivers/STM32F1xx_HAL_Driver/Src/stm32f1xx_hal_spi.c ****     }
3318:Drivers/STM32F1xx_HAL_Driver/Src/stm32f1xx_hal_spi.c ****   }
3319:Drivers/STM32F1xx_HAL_Driver/Src/stm32f1xx_hal_spi.c **** }
3320:Drivers/STM32F1xx_HAL_Driver/Src/stm32f1xx_hal_spi.c **** 
3321:Drivers/STM32F1xx_HAL_Driver/Src/stm32f1xx_hal_spi.c **** #if (USE_SPI_CRC != 0U)
3322:Drivers/STM32F1xx_HAL_Driver/Src/stm32f1xx_hal_spi.c **** /**
3323:Drivers/STM32F1xx_HAL_Driver/Src/stm32f1xx_hal_spi.c ****   * @brief  Manage the CRC 16-bit receive for Transmit and Receive in Interrupt mode.
3324:Drivers/STM32F1xx_HAL_Driver/Src/stm32f1xx_hal_spi.c ****   * @param  hspi pointer to a SPI_HandleTypeDef structure that contains
3325:Drivers/STM32F1xx_HAL_Driver/Src/stm32f1xx_hal_spi.c ****   *               the configuration information for SPI module.
3326:Drivers/STM32F1xx_HAL_Driver/Src/stm32f1xx_hal_spi.c ****   * @retval None
3327:Drivers/STM32F1xx_HAL_Driver/Src/stm32f1xx_hal_spi.c ****   */
3328:Drivers/STM32F1xx_HAL_Driver/Src/stm32f1xx_hal_spi.c **** static void SPI_2linesRxISR_16BITCRC(struct __SPI_HandleTypeDef *hspi)
3329:Drivers/STM32F1xx_HAL_Driver/Src/stm32f1xx_hal_spi.c **** {
3330:Drivers/STM32F1xx_HAL_Driver/Src/stm32f1xx_hal_spi.c ****   __IO uint32_t tmpreg = 0U;
3331:Drivers/STM32F1xx_HAL_Driver/Src/stm32f1xx_hal_spi.c **** 
3332:Drivers/STM32F1xx_HAL_Driver/Src/stm32f1xx_hal_spi.c ****   /* Read 16bit CRC to flush Data Register */
3333:Drivers/STM32F1xx_HAL_Driver/Src/stm32f1xx_hal_spi.c ****   tmpreg = READ_REG(hspi->Instance->DR);
3334:Drivers/STM32F1xx_HAL_Driver/Src/stm32f1xx_hal_spi.c ****   /* To avoid GCC warning */
3335:Drivers/STM32F1xx_HAL_Driver/Src/stm32f1xx_hal_spi.c ****   UNUSED(tmpreg);
3336:Drivers/STM32F1xx_HAL_Driver/Src/stm32f1xx_hal_spi.c **** 
3337:Drivers/STM32F1xx_HAL_Driver/Src/stm32f1xx_hal_spi.c ****   /* Disable RXNE interrupt */
3338:Drivers/STM32F1xx_HAL_Driver/Src/stm32f1xx_hal_spi.c ****   __HAL_SPI_DISABLE_IT(hspi, SPI_IT_RXNE);
ARM GAS  C:\Users\airforce\AppData\Local\Temp\cca1ZS9V.s 			page 60


3339:Drivers/STM32F1xx_HAL_Driver/Src/stm32f1xx_hal_spi.c **** 
3340:Drivers/STM32F1xx_HAL_Driver/Src/stm32f1xx_hal_spi.c ****   SPI_CloseRxTx_ISR(hspi);
3341:Drivers/STM32F1xx_HAL_Driver/Src/stm32f1xx_hal_spi.c **** }
3342:Drivers/STM32F1xx_HAL_Driver/Src/stm32f1xx_hal_spi.c **** #endif /* USE_SPI_CRC */
3343:Drivers/STM32F1xx_HAL_Driver/Src/stm32f1xx_hal_spi.c **** 
3344:Drivers/STM32F1xx_HAL_Driver/Src/stm32f1xx_hal_spi.c **** /**
3345:Drivers/STM32F1xx_HAL_Driver/Src/stm32f1xx_hal_spi.c ****   * @brief  Tx 16-bit handler for Transmit and Receive in Interrupt mode.
3346:Drivers/STM32F1xx_HAL_Driver/Src/stm32f1xx_hal_spi.c ****   * @param  hspi pointer to a SPI_HandleTypeDef structure that contains
3347:Drivers/STM32F1xx_HAL_Driver/Src/stm32f1xx_hal_spi.c ****   *               the configuration information for SPI module.
3348:Drivers/STM32F1xx_HAL_Driver/Src/stm32f1xx_hal_spi.c ****   * @retval None
3349:Drivers/STM32F1xx_HAL_Driver/Src/stm32f1xx_hal_spi.c ****   */
3350:Drivers/STM32F1xx_HAL_Driver/Src/stm32f1xx_hal_spi.c **** static void SPI_2linesTxISR_16BIT(struct __SPI_HandleTypeDef *hspi)
3351:Drivers/STM32F1xx_HAL_Driver/Src/stm32f1xx_hal_spi.c **** {
3352:Drivers/STM32F1xx_HAL_Driver/Src/stm32f1xx_hal_spi.c ****   /* Transmit data in 16 Bit mode */
3353:Drivers/STM32F1xx_HAL_Driver/Src/stm32f1xx_hal_spi.c ****   hspi->Instance->DR = *((const uint16_t *)hspi->pTxBuffPtr);
3354:Drivers/STM32F1xx_HAL_Driver/Src/stm32f1xx_hal_spi.c ****   hspi->pTxBuffPtr += sizeof(uint16_t);
3355:Drivers/STM32F1xx_HAL_Driver/Src/stm32f1xx_hal_spi.c ****   hspi->TxXferCount--;
3356:Drivers/STM32F1xx_HAL_Driver/Src/stm32f1xx_hal_spi.c **** 
3357:Drivers/STM32F1xx_HAL_Driver/Src/stm32f1xx_hal_spi.c ****   /* Enable CRC Transmission */
3358:Drivers/STM32F1xx_HAL_Driver/Src/stm32f1xx_hal_spi.c ****   if (hspi->TxXferCount == 0U)
3359:Drivers/STM32F1xx_HAL_Driver/Src/stm32f1xx_hal_spi.c ****   {
3360:Drivers/STM32F1xx_HAL_Driver/Src/stm32f1xx_hal_spi.c **** #if (USE_SPI_CRC != 0U)
3361:Drivers/STM32F1xx_HAL_Driver/Src/stm32f1xx_hal_spi.c ****     if (hspi->Init.CRCCalculation == SPI_CRCCALCULATION_ENABLE)
3362:Drivers/STM32F1xx_HAL_Driver/Src/stm32f1xx_hal_spi.c ****     {
3363:Drivers/STM32F1xx_HAL_Driver/Src/stm32f1xx_hal_spi.c ****       /* Set CRC Next Bit to send CRC */
3364:Drivers/STM32F1xx_HAL_Driver/Src/stm32f1xx_hal_spi.c ****       SET_BIT(hspi->Instance->CR1, SPI_CR1_CRCNEXT);
3365:Drivers/STM32F1xx_HAL_Driver/Src/stm32f1xx_hal_spi.c ****       /* Disable TXE interrupt */
3366:Drivers/STM32F1xx_HAL_Driver/Src/stm32f1xx_hal_spi.c ****       __HAL_SPI_DISABLE_IT(hspi, SPI_IT_TXE);
3367:Drivers/STM32F1xx_HAL_Driver/Src/stm32f1xx_hal_spi.c ****       return;
3368:Drivers/STM32F1xx_HAL_Driver/Src/stm32f1xx_hal_spi.c ****     }
3369:Drivers/STM32F1xx_HAL_Driver/Src/stm32f1xx_hal_spi.c **** #endif /* USE_SPI_CRC */
3370:Drivers/STM32F1xx_HAL_Driver/Src/stm32f1xx_hal_spi.c **** 
3371:Drivers/STM32F1xx_HAL_Driver/Src/stm32f1xx_hal_spi.c ****     /* Disable TXE interrupt */
3372:Drivers/STM32F1xx_HAL_Driver/Src/stm32f1xx_hal_spi.c ****     __HAL_SPI_DISABLE_IT(hspi, SPI_IT_TXE);
3373:Drivers/STM32F1xx_HAL_Driver/Src/stm32f1xx_hal_spi.c **** 
3374:Drivers/STM32F1xx_HAL_Driver/Src/stm32f1xx_hal_spi.c ****     if (hspi->RxXferCount == 0U)
3375:Drivers/STM32F1xx_HAL_Driver/Src/stm32f1xx_hal_spi.c ****     {
3376:Drivers/STM32F1xx_HAL_Driver/Src/stm32f1xx_hal_spi.c ****       SPI_CloseRxTx_ISR(hspi);
3377:Drivers/STM32F1xx_HAL_Driver/Src/stm32f1xx_hal_spi.c ****     }
3378:Drivers/STM32F1xx_HAL_Driver/Src/stm32f1xx_hal_spi.c ****   }
3379:Drivers/STM32F1xx_HAL_Driver/Src/stm32f1xx_hal_spi.c **** }
3380:Drivers/STM32F1xx_HAL_Driver/Src/stm32f1xx_hal_spi.c **** 
3381:Drivers/STM32F1xx_HAL_Driver/Src/stm32f1xx_hal_spi.c **** #if (USE_SPI_CRC != 0U)
3382:Drivers/STM32F1xx_HAL_Driver/Src/stm32f1xx_hal_spi.c **** /**
3383:Drivers/STM32F1xx_HAL_Driver/Src/stm32f1xx_hal_spi.c ****   * @brief  Manage the CRC 8-bit receive in Interrupt context.
3384:Drivers/STM32F1xx_HAL_Driver/Src/stm32f1xx_hal_spi.c ****   * @param  hspi pointer to a SPI_HandleTypeDef structure that contains
3385:Drivers/STM32F1xx_HAL_Driver/Src/stm32f1xx_hal_spi.c ****   *               the configuration information for SPI module.
3386:Drivers/STM32F1xx_HAL_Driver/Src/stm32f1xx_hal_spi.c ****   * @retval None
3387:Drivers/STM32F1xx_HAL_Driver/Src/stm32f1xx_hal_spi.c ****   */
3388:Drivers/STM32F1xx_HAL_Driver/Src/stm32f1xx_hal_spi.c **** static void SPI_RxISR_8BITCRC(struct __SPI_HandleTypeDef *hspi)
3389:Drivers/STM32F1xx_HAL_Driver/Src/stm32f1xx_hal_spi.c **** {
3390:Drivers/STM32F1xx_HAL_Driver/Src/stm32f1xx_hal_spi.c ****   __IO uint8_t  *ptmpreg8;
3391:Drivers/STM32F1xx_HAL_Driver/Src/stm32f1xx_hal_spi.c ****   __IO uint8_t  tmpreg8 = 0;
3392:Drivers/STM32F1xx_HAL_Driver/Src/stm32f1xx_hal_spi.c **** 
3393:Drivers/STM32F1xx_HAL_Driver/Src/stm32f1xx_hal_spi.c ****   /* Initialize the 8bit temporary pointer */
3394:Drivers/STM32F1xx_HAL_Driver/Src/stm32f1xx_hal_spi.c ****   ptmpreg8 = (__IO uint8_t *)&hspi->Instance->DR;
3395:Drivers/STM32F1xx_HAL_Driver/Src/stm32f1xx_hal_spi.c ****   /* Read 8bit CRC to flush Data Register */
ARM GAS  C:\Users\airforce\AppData\Local\Temp\cca1ZS9V.s 			page 61


3396:Drivers/STM32F1xx_HAL_Driver/Src/stm32f1xx_hal_spi.c ****   tmpreg8 = *ptmpreg8;
3397:Drivers/STM32F1xx_HAL_Driver/Src/stm32f1xx_hal_spi.c ****   /* To avoid GCC warning */
3398:Drivers/STM32F1xx_HAL_Driver/Src/stm32f1xx_hal_spi.c ****   UNUSED(tmpreg8);
3399:Drivers/STM32F1xx_HAL_Driver/Src/stm32f1xx_hal_spi.c **** 
3400:Drivers/STM32F1xx_HAL_Driver/Src/stm32f1xx_hal_spi.c ****   SPI_CloseRx_ISR(hspi);
3401:Drivers/STM32F1xx_HAL_Driver/Src/stm32f1xx_hal_spi.c **** }
3402:Drivers/STM32F1xx_HAL_Driver/Src/stm32f1xx_hal_spi.c **** #endif /* USE_SPI_CRC */
3403:Drivers/STM32F1xx_HAL_Driver/Src/stm32f1xx_hal_spi.c **** 
3404:Drivers/STM32F1xx_HAL_Driver/Src/stm32f1xx_hal_spi.c **** /**
3405:Drivers/STM32F1xx_HAL_Driver/Src/stm32f1xx_hal_spi.c ****   * @brief  Manage the receive 8-bit in Interrupt context.
3406:Drivers/STM32F1xx_HAL_Driver/Src/stm32f1xx_hal_spi.c ****   * @param  hspi pointer to a SPI_HandleTypeDef structure that contains
3407:Drivers/STM32F1xx_HAL_Driver/Src/stm32f1xx_hal_spi.c ****   *               the configuration information for SPI module.
3408:Drivers/STM32F1xx_HAL_Driver/Src/stm32f1xx_hal_spi.c ****   * @retval None
3409:Drivers/STM32F1xx_HAL_Driver/Src/stm32f1xx_hal_spi.c ****   */
3410:Drivers/STM32F1xx_HAL_Driver/Src/stm32f1xx_hal_spi.c **** static void SPI_RxISR_8BIT(struct __SPI_HandleTypeDef *hspi)
3411:Drivers/STM32F1xx_HAL_Driver/Src/stm32f1xx_hal_spi.c **** {
3412:Drivers/STM32F1xx_HAL_Driver/Src/stm32f1xx_hal_spi.c ****   *hspi->pRxBuffPtr = (*(__IO uint8_t *)&hspi->Instance->DR);
3413:Drivers/STM32F1xx_HAL_Driver/Src/stm32f1xx_hal_spi.c ****   hspi->pRxBuffPtr++;
3414:Drivers/STM32F1xx_HAL_Driver/Src/stm32f1xx_hal_spi.c ****   hspi->RxXferCount--;
3415:Drivers/STM32F1xx_HAL_Driver/Src/stm32f1xx_hal_spi.c **** 
3416:Drivers/STM32F1xx_HAL_Driver/Src/stm32f1xx_hal_spi.c **** #if (USE_SPI_CRC != 0U)
3417:Drivers/STM32F1xx_HAL_Driver/Src/stm32f1xx_hal_spi.c ****   /* Enable CRC Transmission */
3418:Drivers/STM32F1xx_HAL_Driver/Src/stm32f1xx_hal_spi.c ****   if ((hspi->RxXferCount == 1U) && (hspi->Init.CRCCalculation == SPI_CRCCALCULATION_ENABLE))
3419:Drivers/STM32F1xx_HAL_Driver/Src/stm32f1xx_hal_spi.c ****   {
3420:Drivers/STM32F1xx_HAL_Driver/Src/stm32f1xx_hal_spi.c ****     SET_BIT(hspi->Instance->CR1, SPI_CR1_CRCNEXT);
3421:Drivers/STM32F1xx_HAL_Driver/Src/stm32f1xx_hal_spi.c ****   }
3422:Drivers/STM32F1xx_HAL_Driver/Src/stm32f1xx_hal_spi.c ****   /* Check if CRCNEXT is well reset by hardware */
3423:Drivers/STM32F1xx_HAL_Driver/Src/stm32f1xx_hal_spi.c ****   if (READ_BIT(hspi->Instance->CR1, SPI_CR1_CRCNEXT))
3424:Drivers/STM32F1xx_HAL_Driver/Src/stm32f1xx_hal_spi.c ****   {
3425:Drivers/STM32F1xx_HAL_Driver/Src/stm32f1xx_hal_spi.c ****     /* Workaround to force CRCNEXT bit to zero in case of CRCNEXT is not reset automatically by har
3426:Drivers/STM32F1xx_HAL_Driver/Src/stm32f1xx_hal_spi.c ****     CLEAR_BIT(hspi->Instance->CR1, SPI_CR1_CRCNEXT);
3427:Drivers/STM32F1xx_HAL_Driver/Src/stm32f1xx_hal_spi.c ****   }
3428:Drivers/STM32F1xx_HAL_Driver/Src/stm32f1xx_hal_spi.c **** 
3429:Drivers/STM32F1xx_HAL_Driver/Src/stm32f1xx_hal_spi.c **** #endif /* USE_SPI_CRC */
3430:Drivers/STM32F1xx_HAL_Driver/Src/stm32f1xx_hal_spi.c **** 
3431:Drivers/STM32F1xx_HAL_Driver/Src/stm32f1xx_hal_spi.c ****   if (hspi->RxXferCount == 0U)
3432:Drivers/STM32F1xx_HAL_Driver/Src/stm32f1xx_hal_spi.c ****   {
3433:Drivers/STM32F1xx_HAL_Driver/Src/stm32f1xx_hal_spi.c **** #if (USE_SPI_CRC != 0U)
3434:Drivers/STM32F1xx_HAL_Driver/Src/stm32f1xx_hal_spi.c ****     if (hspi->Init.CRCCalculation == SPI_CRCCALCULATION_ENABLE)
3435:Drivers/STM32F1xx_HAL_Driver/Src/stm32f1xx_hal_spi.c ****     {
3436:Drivers/STM32F1xx_HAL_Driver/Src/stm32f1xx_hal_spi.c ****       hspi->RxISR =  SPI_RxISR_8BITCRC;
3437:Drivers/STM32F1xx_HAL_Driver/Src/stm32f1xx_hal_spi.c ****       return;
3438:Drivers/STM32F1xx_HAL_Driver/Src/stm32f1xx_hal_spi.c ****     }
3439:Drivers/STM32F1xx_HAL_Driver/Src/stm32f1xx_hal_spi.c **** #endif /* USE_SPI_CRC */
3440:Drivers/STM32F1xx_HAL_Driver/Src/stm32f1xx_hal_spi.c ****     SPI_CloseRx_ISR(hspi);
3441:Drivers/STM32F1xx_HAL_Driver/Src/stm32f1xx_hal_spi.c ****   }
3442:Drivers/STM32F1xx_HAL_Driver/Src/stm32f1xx_hal_spi.c **** }
3443:Drivers/STM32F1xx_HAL_Driver/Src/stm32f1xx_hal_spi.c **** 
3444:Drivers/STM32F1xx_HAL_Driver/Src/stm32f1xx_hal_spi.c **** #if (USE_SPI_CRC != 0U)
3445:Drivers/STM32F1xx_HAL_Driver/Src/stm32f1xx_hal_spi.c **** /**
3446:Drivers/STM32F1xx_HAL_Driver/Src/stm32f1xx_hal_spi.c ****   * @brief  Manage the CRC 16-bit receive in Interrupt context.
3447:Drivers/STM32F1xx_HAL_Driver/Src/stm32f1xx_hal_spi.c ****   * @param  hspi pointer to a SPI_HandleTypeDef structure that contains
3448:Drivers/STM32F1xx_HAL_Driver/Src/stm32f1xx_hal_spi.c ****   *               the configuration information for SPI module.
3449:Drivers/STM32F1xx_HAL_Driver/Src/stm32f1xx_hal_spi.c ****   * @retval None
3450:Drivers/STM32F1xx_HAL_Driver/Src/stm32f1xx_hal_spi.c ****   */
3451:Drivers/STM32F1xx_HAL_Driver/Src/stm32f1xx_hal_spi.c **** static void SPI_RxISR_16BITCRC(struct __SPI_HandleTypeDef *hspi)
3452:Drivers/STM32F1xx_HAL_Driver/Src/stm32f1xx_hal_spi.c **** {
ARM GAS  C:\Users\airforce\AppData\Local\Temp\cca1ZS9V.s 			page 62


3453:Drivers/STM32F1xx_HAL_Driver/Src/stm32f1xx_hal_spi.c ****   __IO uint32_t tmpreg = 0U;
3454:Drivers/STM32F1xx_HAL_Driver/Src/stm32f1xx_hal_spi.c **** 
3455:Drivers/STM32F1xx_HAL_Driver/Src/stm32f1xx_hal_spi.c ****   /* Read 16bit CRC to flush Data Register */
3456:Drivers/STM32F1xx_HAL_Driver/Src/stm32f1xx_hal_spi.c ****   tmpreg = READ_REG(hspi->Instance->DR);
3457:Drivers/STM32F1xx_HAL_Driver/Src/stm32f1xx_hal_spi.c ****   /* To avoid GCC warning */
3458:Drivers/STM32F1xx_HAL_Driver/Src/stm32f1xx_hal_spi.c ****   UNUSED(tmpreg);
3459:Drivers/STM32F1xx_HAL_Driver/Src/stm32f1xx_hal_spi.c **** 
3460:Drivers/STM32F1xx_HAL_Driver/Src/stm32f1xx_hal_spi.c ****   /* Disable RXNE and ERR interrupt */
3461:Drivers/STM32F1xx_HAL_Driver/Src/stm32f1xx_hal_spi.c ****   __HAL_SPI_DISABLE_IT(hspi, (SPI_IT_RXNE | SPI_IT_ERR));
3462:Drivers/STM32F1xx_HAL_Driver/Src/stm32f1xx_hal_spi.c **** 
3463:Drivers/STM32F1xx_HAL_Driver/Src/stm32f1xx_hal_spi.c ****   SPI_CloseRx_ISR(hspi);
3464:Drivers/STM32F1xx_HAL_Driver/Src/stm32f1xx_hal_spi.c **** }
3465:Drivers/STM32F1xx_HAL_Driver/Src/stm32f1xx_hal_spi.c **** #endif /* USE_SPI_CRC */
3466:Drivers/STM32F1xx_HAL_Driver/Src/stm32f1xx_hal_spi.c **** 
3467:Drivers/STM32F1xx_HAL_Driver/Src/stm32f1xx_hal_spi.c **** /**
3468:Drivers/STM32F1xx_HAL_Driver/Src/stm32f1xx_hal_spi.c ****   * @brief  Manage the 16-bit receive in Interrupt context.
3469:Drivers/STM32F1xx_HAL_Driver/Src/stm32f1xx_hal_spi.c ****   * @param  hspi pointer to a SPI_HandleTypeDef structure that contains
3470:Drivers/STM32F1xx_HAL_Driver/Src/stm32f1xx_hal_spi.c ****   *               the configuration information for SPI module.
3471:Drivers/STM32F1xx_HAL_Driver/Src/stm32f1xx_hal_spi.c ****   * @retval None
3472:Drivers/STM32F1xx_HAL_Driver/Src/stm32f1xx_hal_spi.c ****   */
3473:Drivers/STM32F1xx_HAL_Driver/Src/stm32f1xx_hal_spi.c **** static void SPI_RxISR_16BIT(struct __SPI_HandleTypeDef *hspi)
3474:Drivers/STM32F1xx_HAL_Driver/Src/stm32f1xx_hal_spi.c **** {
3475:Drivers/STM32F1xx_HAL_Driver/Src/stm32f1xx_hal_spi.c ****   *((uint16_t *)hspi->pRxBuffPtr) = (uint16_t)(hspi->Instance->DR);
3476:Drivers/STM32F1xx_HAL_Driver/Src/stm32f1xx_hal_spi.c ****   hspi->pRxBuffPtr += sizeof(uint16_t);
3477:Drivers/STM32F1xx_HAL_Driver/Src/stm32f1xx_hal_spi.c ****   hspi->RxXferCount--;
3478:Drivers/STM32F1xx_HAL_Driver/Src/stm32f1xx_hal_spi.c **** 
3479:Drivers/STM32F1xx_HAL_Driver/Src/stm32f1xx_hal_spi.c **** #if (USE_SPI_CRC != 0U)
3480:Drivers/STM32F1xx_HAL_Driver/Src/stm32f1xx_hal_spi.c ****   /* Enable CRC Transmission */
3481:Drivers/STM32F1xx_HAL_Driver/Src/stm32f1xx_hal_spi.c ****   if ((hspi->RxXferCount == 1U) && (hspi->Init.CRCCalculation == SPI_CRCCALCULATION_ENABLE))
3482:Drivers/STM32F1xx_HAL_Driver/Src/stm32f1xx_hal_spi.c ****   {
3483:Drivers/STM32F1xx_HAL_Driver/Src/stm32f1xx_hal_spi.c ****     SET_BIT(hspi->Instance->CR1, SPI_CR1_CRCNEXT);
3484:Drivers/STM32F1xx_HAL_Driver/Src/stm32f1xx_hal_spi.c ****   }
3485:Drivers/STM32F1xx_HAL_Driver/Src/stm32f1xx_hal_spi.c ****   /* Check if CRCNEXT is well reset by hardware */
3486:Drivers/STM32F1xx_HAL_Driver/Src/stm32f1xx_hal_spi.c ****   if (READ_BIT(hspi->Instance->CR1, SPI_CR1_CRCNEXT))
3487:Drivers/STM32F1xx_HAL_Driver/Src/stm32f1xx_hal_spi.c ****   {
3488:Drivers/STM32F1xx_HAL_Driver/Src/stm32f1xx_hal_spi.c ****     /* Workaround to force CRCNEXT bit to zero in case of CRCNEXT is not reset automatically by har
3489:Drivers/STM32F1xx_HAL_Driver/Src/stm32f1xx_hal_spi.c ****     CLEAR_BIT(hspi->Instance->CR1, SPI_CR1_CRCNEXT);
3490:Drivers/STM32F1xx_HAL_Driver/Src/stm32f1xx_hal_spi.c ****   }
3491:Drivers/STM32F1xx_HAL_Driver/Src/stm32f1xx_hal_spi.c **** 
3492:Drivers/STM32F1xx_HAL_Driver/Src/stm32f1xx_hal_spi.c **** #endif /* USE_SPI_CRC */
3493:Drivers/STM32F1xx_HAL_Driver/Src/stm32f1xx_hal_spi.c **** 
3494:Drivers/STM32F1xx_HAL_Driver/Src/stm32f1xx_hal_spi.c ****   if (hspi->RxXferCount == 0U)
3495:Drivers/STM32F1xx_HAL_Driver/Src/stm32f1xx_hal_spi.c ****   {
3496:Drivers/STM32F1xx_HAL_Driver/Src/stm32f1xx_hal_spi.c **** #if (USE_SPI_CRC != 0U)
3497:Drivers/STM32F1xx_HAL_Driver/Src/stm32f1xx_hal_spi.c ****     if (hspi->Init.CRCCalculation == SPI_CRCCALCULATION_ENABLE)
3498:Drivers/STM32F1xx_HAL_Driver/Src/stm32f1xx_hal_spi.c ****     {
3499:Drivers/STM32F1xx_HAL_Driver/Src/stm32f1xx_hal_spi.c ****       hspi->RxISR = SPI_RxISR_16BITCRC;
3500:Drivers/STM32F1xx_HAL_Driver/Src/stm32f1xx_hal_spi.c ****       return;
3501:Drivers/STM32F1xx_HAL_Driver/Src/stm32f1xx_hal_spi.c ****     }
3502:Drivers/STM32F1xx_HAL_Driver/Src/stm32f1xx_hal_spi.c **** #endif /* USE_SPI_CRC */
3503:Drivers/STM32F1xx_HAL_Driver/Src/stm32f1xx_hal_spi.c ****     SPI_CloseRx_ISR(hspi);
3504:Drivers/STM32F1xx_HAL_Driver/Src/stm32f1xx_hal_spi.c ****   }
3505:Drivers/STM32F1xx_HAL_Driver/Src/stm32f1xx_hal_spi.c **** }
3506:Drivers/STM32F1xx_HAL_Driver/Src/stm32f1xx_hal_spi.c **** 
3507:Drivers/STM32F1xx_HAL_Driver/Src/stm32f1xx_hal_spi.c **** /**
3508:Drivers/STM32F1xx_HAL_Driver/Src/stm32f1xx_hal_spi.c ****   * @brief  Handle the data 8-bit transmit in Interrupt mode.
3509:Drivers/STM32F1xx_HAL_Driver/Src/stm32f1xx_hal_spi.c ****   * @param  hspi pointer to a SPI_HandleTypeDef structure that contains
ARM GAS  C:\Users\airforce\AppData\Local\Temp\cca1ZS9V.s 			page 63


3510:Drivers/STM32F1xx_HAL_Driver/Src/stm32f1xx_hal_spi.c ****   *               the configuration information for SPI module.
3511:Drivers/STM32F1xx_HAL_Driver/Src/stm32f1xx_hal_spi.c ****   * @retval None
3512:Drivers/STM32F1xx_HAL_Driver/Src/stm32f1xx_hal_spi.c ****   */
3513:Drivers/STM32F1xx_HAL_Driver/Src/stm32f1xx_hal_spi.c **** static void SPI_TxISR_8BIT(struct __SPI_HandleTypeDef *hspi)
3514:Drivers/STM32F1xx_HAL_Driver/Src/stm32f1xx_hal_spi.c **** {
3515:Drivers/STM32F1xx_HAL_Driver/Src/stm32f1xx_hal_spi.c ****   *(__IO uint8_t *)&hspi->Instance->DR = *((const uint8_t *)hspi->pTxBuffPtr);
3516:Drivers/STM32F1xx_HAL_Driver/Src/stm32f1xx_hal_spi.c ****   hspi->pTxBuffPtr++;
3517:Drivers/STM32F1xx_HAL_Driver/Src/stm32f1xx_hal_spi.c ****   hspi->TxXferCount--;
3518:Drivers/STM32F1xx_HAL_Driver/Src/stm32f1xx_hal_spi.c **** 
3519:Drivers/STM32F1xx_HAL_Driver/Src/stm32f1xx_hal_spi.c ****   if (hspi->TxXferCount == 0U)
3520:Drivers/STM32F1xx_HAL_Driver/Src/stm32f1xx_hal_spi.c ****   {
3521:Drivers/STM32F1xx_HAL_Driver/Src/stm32f1xx_hal_spi.c **** #if (USE_SPI_CRC != 0U)
3522:Drivers/STM32F1xx_HAL_Driver/Src/stm32f1xx_hal_spi.c ****     if (hspi->Init.CRCCalculation == SPI_CRCCALCULATION_ENABLE)
3523:Drivers/STM32F1xx_HAL_Driver/Src/stm32f1xx_hal_spi.c ****     {
3524:Drivers/STM32F1xx_HAL_Driver/Src/stm32f1xx_hal_spi.c ****       /* Enable CRC Transmission */
3525:Drivers/STM32F1xx_HAL_Driver/Src/stm32f1xx_hal_spi.c ****       SET_BIT(hspi->Instance->CR1, SPI_CR1_CRCNEXT);
3526:Drivers/STM32F1xx_HAL_Driver/Src/stm32f1xx_hal_spi.c ****     }
3527:Drivers/STM32F1xx_HAL_Driver/Src/stm32f1xx_hal_spi.c **** #endif /* USE_SPI_CRC */
3528:Drivers/STM32F1xx_HAL_Driver/Src/stm32f1xx_hal_spi.c ****     SPI_CloseTx_ISR(hspi);
3529:Drivers/STM32F1xx_HAL_Driver/Src/stm32f1xx_hal_spi.c ****   }
3530:Drivers/STM32F1xx_HAL_Driver/Src/stm32f1xx_hal_spi.c **** }
3531:Drivers/STM32F1xx_HAL_Driver/Src/stm32f1xx_hal_spi.c **** 
3532:Drivers/STM32F1xx_HAL_Driver/Src/stm32f1xx_hal_spi.c **** /**
3533:Drivers/STM32F1xx_HAL_Driver/Src/stm32f1xx_hal_spi.c ****   * @brief  Handle the data 16-bit transmit in Interrupt mode.
3534:Drivers/STM32F1xx_HAL_Driver/Src/stm32f1xx_hal_spi.c ****   * @param  hspi pointer to a SPI_HandleTypeDef structure that contains
3535:Drivers/STM32F1xx_HAL_Driver/Src/stm32f1xx_hal_spi.c ****   *               the configuration information for SPI module.
3536:Drivers/STM32F1xx_HAL_Driver/Src/stm32f1xx_hal_spi.c ****   * @retval None
3537:Drivers/STM32F1xx_HAL_Driver/Src/stm32f1xx_hal_spi.c ****   */
3538:Drivers/STM32F1xx_HAL_Driver/Src/stm32f1xx_hal_spi.c **** static void SPI_TxISR_16BIT(struct __SPI_HandleTypeDef *hspi)
3539:Drivers/STM32F1xx_HAL_Driver/Src/stm32f1xx_hal_spi.c **** {
3540:Drivers/STM32F1xx_HAL_Driver/Src/stm32f1xx_hal_spi.c ****   /* Transmit data in 16 Bit mode */
3541:Drivers/STM32F1xx_HAL_Driver/Src/stm32f1xx_hal_spi.c ****   hspi->Instance->DR = *((const uint16_t *)hspi->pTxBuffPtr);
3542:Drivers/STM32F1xx_HAL_Driver/Src/stm32f1xx_hal_spi.c ****   hspi->pTxBuffPtr += sizeof(uint16_t);
3543:Drivers/STM32F1xx_HAL_Driver/Src/stm32f1xx_hal_spi.c ****   hspi->TxXferCount--;
3544:Drivers/STM32F1xx_HAL_Driver/Src/stm32f1xx_hal_spi.c **** 
3545:Drivers/STM32F1xx_HAL_Driver/Src/stm32f1xx_hal_spi.c ****   if (hspi->TxXferCount == 0U)
3546:Drivers/STM32F1xx_HAL_Driver/Src/stm32f1xx_hal_spi.c ****   {
3547:Drivers/STM32F1xx_HAL_Driver/Src/stm32f1xx_hal_spi.c **** #if (USE_SPI_CRC != 0U)
3548:Drivers/STM32F1xx_HAL_Driver/Src/stm32f1xx_hal_spi.c ****     if (hspi->Init.CRCCalculation == SPI_CRCCALCULATION_ENABLE)
3549:Drivers/STM32F1xx_HAL_Driver/Src/stm32f1xx_hal_spi.c ****     {
3550:Drivers/STM32F1xx_HAL_Driver/Src/stm32f1xx_hal_spi.c ****       /* Enable CRC Transmission */
3551:Drivers/STM32F1xx_HAL_Driver/Src/stm32f1xx_hal_spi.c ****       SET_BIT(hspi->Instance->CR1, SPI_CR1_CRCNEXT);
3552:Drivers/STM32F1xx_HAL_Driver/Src/stm32f1xx_hal_spi.c ****     }
3553:Drivers/STM32F1xx_HAL_Driver/Src/stm32f1xx_hal_spi.c **** #endif /* USE_SPI_CRC */
3554:Drivers/STM32F1xx_HAL_Driver/Src/stm32f1xx_hal_spi.c ****     SPI_CloseTx_ISR(hspi);
3555:Drivers/STM32F1xx_HAL_Driver/Src/stm32f1xx_hal_spi.c ****   }
3556:Drivers/STM32F1xx_HAL_Driver/Src/stm32f1xx_hal_spi.c **** }
3557:Drivers/STM32F1xx_HAL_Driver/Src/stm32f1xx_hal_spi.c **** 
3558:Drivers/STM32F1xx_HAL_Driver/Src/stm32f1xx_hal_spi.c **** /**
3559:Drivers/STM32F1xx_HAL_Driver/Src/stm32f1xx_hal_spi.c ****   * @brief  Handle SPI Communication Timeout.
3560:Drivers/STM32F1xx_HAL_Driver/Src/stm32f1xx_hal_spi.c ****   * @param  hspi pointer to a SPI_HandleTypeDef structure that contains
3561:Drivers/STM32F1xx_HAL_Driver/Src/stm32f1xx_hal_spi.c ****   *              the configuration information for SPI module.
3562:Drivers/STM32F1xx_HAL_Driver/Src/stm32f1xx_hal_spi.c ****   * @param  Flag SPI flag to check
3563:Drivers/STM32F1xx_HAL_Driver/Src/stm32f1xx_hal_spi.c ****   * @param  State flag state to check
3564:Drivers/STM32F1xx_HAL_Driver/Src/stm32f1xx_hal_spi.c ****   * @param  Timeout Timeout duration
3565:Drivers/STM32F1xx_HAL_Driver/Src/stm32f1xx_hal_spi.c ****   * @param  Tickstart tick start value
3566:Drivers/STM32F1xx_HAL_Driver/Src/stm32f1xx_hal_spi.c ****   * @retval HAL status
ARM GAS  C:\Users\airforce\AppData\Local\Temp\cca1ZS9V.s 			page 64


3567:Drivers/STM32F1xx_HAL_Driver/Src/stm32f1xx_hal_spi.c ****   */
3568:Drivers/STM32F1xx_HAL_Driver/Src/stm32f1xx_hal_spi.c **** static HAL_StatusTypeDef SPI_WaitFlagStateUntilTimeout(SPI_HandleTypeDef *hspi, uint32_t Flag, Flag
3569:Drivers/STM32F1xx_HAL_Driver/Src/stm32f1xx_hal_spi.c ****                                                        uint32_t Timeout, uint32_t Tickstart)
3570:Drivers/STM32F1xx_HAL_Driver/Src/stm32f1xx_hal_spi.c **** {
3571:Drivers/STM32F1xx_HAL_Driver/Src/stm32f1xx_hal_spi.c ****   __IO uint32_t count;
3572:Drivers/STM32F1xx_HAL_Driver/Src/stm32f1xx_hal_spi.c ****   uint32_t tmp_timeout;
3573:Drivers/STM32F1xx_HAL_Driver/Src/stm32f1xx_hal_spi.c ****   uint32_t tmp_tickstart;
3574:Drivers/STM32F1xx_HAL_Driver/Src/stm32f1xx_hal_spi.c **** 
3575:Drivers/STM32F1xx_HAL_Driver/Src/stm32f1xx_hal_spi.c ****   /* Adjust Timeout value  in case of end of transfer */
3576:Drivers/STM32F1xx_HAL_Driver/Src/stm32f1xx_hal_spi.c ****   tmp_timeout   = Timeout - (HAL_GetTick() - Tickstart);
3577:Drivers/STM32F1xx_HAL_Driver/Src/stm32f1xx_hal_spi.c ****   tmp_tickstart = HAL_GetTick();
3578:Drivers/STM32F1xx_HAL_Driver/Src/stm32f1xx_hal_spi.c **** 
3579:Drivers/STM32F1xx_HAL_Driver/Src/stm32f1xx_hal_spi.c ****   /* Calculate Timeout based on a software loop to avoid blocking issue if Systick is disabled */
3580:Drivers/STM32F1xx_HAL_Driver/Src/stm32f1xx_hal_spi.c ****   count = tmp_timeout * ((SystemCoreClock * 32U) >> 20U);
3581:Drivers/STM32F1xx_HAL_Driver/Src/stm32f1xx_hal_spi.c **** 
3582:Drivers/STM32F1xx_HAL_Driver/Src/stm32f1xx_hal_spi.c ****   while ((__HAL_SPI_GET_FLAG(hspi, Flag) ? SET : RESET) != State)
3583:Drivers/STM32F1xx_HAL_Driver/Src/stm32f1xx_hal_spi.c ****   {
3584:Drivers/STM32F1xx_HAL_Driver/Src/stm32f1xx_hal_spi.c ****     if (Timeout != HAL_MAX_DELAY)
3585:Drivers/STM32F1xx_HAL_Driver/Src/stm32f1xx_hal_spi.c ****     {
3586:Drivers/STM32F1xx_HAL_Driver/Src/stm32f1xx_hal_spi.c ****       if (((HAL_GetTick() - tmp_tickstart) >= tmp_timeout) || (tmp_timeout == 0U))
3587:Drivers/STM32F1xx_HAL_Driver/Src/stm32f1xx_hal_spi.c ****       {
3588:Drivers/STM32F1xx_HAL_Driver/Src/stm32f1xx_hal_spi.c ****         /* Disable the SPI and reset the CRC: the CRC value should be cleared
3589:Drivers/STM32F1xx_HAL_Driver/Src/stm32f1xx_hal_spi.c ****            on both master and slave sides in order to resynchronize the master
3590:Drivers/STM32F1xx_HAL_Driver/Src/stm32f1xx_hal_spi.c ****            and slave for their respective CRC calculation */
3591:Drivers/STM32F1xx_HAL_Driver/Src/stm32f1xx_hal_spi.c **** 
3592:Drivers/STM32F1xx_HAL_Driver/Src/stm32f1xx_hal_spi.c ****         /* Disable TXE, RXNE and ERR interrupts for the interrupt process */
3593:Drivers/STM32F1xx_HAL_Driver/Src/stm32f1xx_hal_spi.c ****         __HAL_SPI_DISABLE_IT(hspi, (SPI_IT_TXE | SPI_IT_RXNE | SPI_IT_ERR));
3594:Drivers/STM32F1xx_HAL_Driver/Src/stm32f1xx_hal_spi.c **** 
3595:Drivers/STM32F1xx_HAL_Driver/Src/stm32f1xx_hal_spi.c ****         if ((hspi->Init.Mode == SPI_MODE_MASTER) && ((hspi->Init.Direction == SPI_DIRECTION_1LINE)
3596:Drivers/STM32F1xx_HAL_Driver/Src/stm32f1xx_hal_spi.c ****                                                      || (hspi->Init.Direction == SPI_DIRECTION_2LIN
3597:Drivers/STM32F1xx_HAL_Driver/Src/stm32f1xx_hal_spi.c ****         {
3598:Drivers/STM32F1xx_HAL_Driver/Src/stm32f1xx_hal_spi.c ****           /* Disable SPI peripheral */
3599:Drivers/STM32F1xx_HAL_Driver/Src/stm32f1xx_hal_spi.c ****           __HAL_SPI_DISABLE(hspi);
3600:Drivers/STM32F1xx_HAL_Driver/Src/stm32f1xx_hal_spi.c ****         }
3601:Drivers/STM32F1xx_HAL_Driver/Src/stm32f1xx_hal_spi.c **** 
3602:Drivers/STM32F1xx_HAL_Driver/Src/stm32f1xx_hal_spi.c ****         /* Reset CRC Calculation */
3603:Drivers/STM32F1xx_HAL_Driver/Src/stm32f1xx_hal_spi.c ****         if (hspi->Init.CRCCalculation == SPI_CRCCALCULATION_ENABLE)
3604:Drivers/STM32F1xx_HAL_Driver/Src/stm32f1xx_hal_spi.c ****         {
3605:Drivers/STM32F1xx_HAL_Driver/Src/stm32f1xx_hal_spi.c ****           SPI_RESET_CRC(hspi);
3606:Drivers/STM32F1xx_HAL_Driver/Src/stm32f1xx_hal_spi.c ****         }
3607:Drivers/STM32F1xx_HAL_Driver/Src/stm32f1xx_hal_spi.c **** 
3608:Drivers/STM32F1xx_HAL_Driver/Src/stm32f1xx_hal_spi.c ****         hspi->State = HAL_SPI_STATE_READY;
3609:Drivers/STM32F1xx_HAL_Driver/Src/stm32f1xx_hal_spi.c **** 
3610:Drivers/STM32F1xx_HAL_Driver/Src/stm32f1xx_hal_spi.c ****         /* Process Unlocked */
3611:Drivers/STM32F1xx_HAL_Driver/Src/stm32f1xx_hal_spi.c ****         __HAL_UNLOCK(hspi);
3612:Drivers/STM32F1xx_HAL_Driver/Src/stm32f1xx_hal_spi.c **** 
3613:Drivers/STM32F1xx_HAL_Driver/Src/stm32f1xx_hal_spi.c ****         return HAL_TIMEOUT;
3614:Drivers/STM32F1xx_HAL_Driver/Src/stm32f1xx_hal_spi.c ****       }
3615:Drivers/STM32F1xx_HAL_Driver/Src/stm32f1xx_hal_spi.c ****       /* If Systick is disabled or not incremented, deactivate timeout to go in disable loop proced
3616:Drivers/STM32F1xx_HAL_Driver/Src/stm32f1xx_hal_spi.c ****       if (count == 0U)
3617:Drivers/STM32F1xx_HAL_Driver/Src/stm32f1xx_hal_spi.c ****       {
3618:Drivers/STM32F1xx_HAL_Driver/Src/stm32f1xx_hal_spi.c ****         tmp_timeout = 0U;
3619:Drivers/STM32F1xx_HAL_Driver/Src/stm32f1xx_hal_spi.c ****       }
3620:Drivers/STM32F1xx_HAL_Driver/Src/stm32f1xx_hal_spi.c ****       count--;
3621:Drivers/STM32F1xx_HAL_Driver/Src/stm32f1xx_hal_spi.c ****     }
3622:Drivers/STM32F1xx_HAL_Driver/Src/stm32f1xx_hal_spi.c ****   }
3623:Drivers/STM32F1xx_HAL_Driver/Src/stm32f1xx_hal_spi.c **** 
ARM GAS  C:\Users\airforce\AppData\Local\Temp\cca1ZS9V.s 			page 65


3624:Drivers/STM32F1xx_HAL_Driver/Src/stm32f1xx_hal_spi.c ****   return HAL_OK;
3625:Drivers/STM32F1xx_HAL_Driver/Src/stm32f1xx_hal_spi.c **** }
3626:Drivers/STM32F1xx_HAL_Driver/Src/stm32f1xx_hal_spi.c **** 
3627:Drivers/STM32F1xx_HAL_Driver/Src/stm32f1xx_hal_spi.c **** /**
3628:Drivers/STM32F1xx_HAL_Driver/Src/stm32f1xx_hal_spi.c ****   * @brief  Handle the check of the RX transaction complete.
3629:Drivers/STM32F1xx_HAL_Driver/Src/stm32f1xx_hal_spi.c ****   * @param  hspi pointer to a SPI_HandleTypeDef structure that contains
3630:Drivers/STM32F1xx_HAL_Driver/Src/stm32f1xx_hal_spi.c ****   *               the configuration information for SPI module.
3631:Drivers/STM32F1xx_HAL_Driver/Src/stm32f1xx_hal_spi.c ****   * @param  Timeout Timeout duration
3632:Drivers/STM32F1xx_HAL_Driver/Src/stm32f1xx_hal_spi.c ****   * @param  Tickstart tick start value
3633:Drivers/STM32F1xx_HAL_Driver/Src/stm32f1xx_hal_spi.c ****   * @retval HAL status
3634:Drivers/STM32F1xx_HAL_Driver/Src/stm32f1xx_hal_spi.c ****   */
3635:Drivers/STM32F1xx_HAL_Driver/Src/stm32f1xx_hal_spi.c **** static HAL_StatusTypeDef SPI_EndRxTransaction(SPI_HandleTypeDef *hspi,  uint32_t Timeout, uint32_t 
3636:Drivers/STM32F1xx_HAL_Driver/Src/stm32f1xx_hal_spi.c **** {
3637:Drivers/STM32F1xx_HAL_Driver/Src/stm32f1xx_hal_spi.c ****   if ((hspi->Init.Mode == SPI_MODE_MASTER) && ((hspi->Init.Direction == SPI_DIRECTION_1LINE)
3638:Drivers/STM32F1xx_HAL_Driver/Src/stm32f1xx_hal_spi.c ****                                                || (hspi->Init.Direction == SPI_DIRECTION_2LINES_RXO
3639:Drivers/STM32F1xx_HAL_Driver/Src/stm32f1xx_hal_spi.c ****   {
3640:Drivers/STM32F1xx_HAL_Driver/Src/stm32f1xx_hal_spi.c ****     /* Disable SPI peripheral */
3641:Drivers/STM32F1xx_HAL_Driver/Src/stm32f1xx_hal_spi.c ****     __HAL_SPI_DISABLE(hspi);
3642:Drivers/STM32F1xx_HAL_Driver/Src/stm32f1xx_hal_spi.c ****   }
3643:Drivers/STM32F1xx_HAL_Driver/Src/stm32f1xx_hal_spi.c **** 
3644:Drivers/STM32F1xx_HAL_Driver/Src/stm32f1xx_hal_spi.c ****   if ((hspi->Init.Mode == SPI_MODE_MASTER) && (hspi->Init.Direction == SPI_DIRECTION_2LINES_RXONLY)
3645:Drivers/STM32F1xx_HAL_Driver/Src/stm32f1xx_hal_spi.c ****   {
3646:Drivers/STM32F1xx_HAL_Driver/Src/stm32f1xx_hal_spi.c ****     /* Wait the RXNE reset */
3647:Drivers/STM32F1xx_HAL_Driver/Src/stm32f1xx_hal_spi.c ****     if (SPI_WaitFlagStateUntilTimeout(hspi, SPI_FLAG_RXNE, RESET, Timeout, Tickstart) != HAL_OK)
3648:Drivers/STM32F1xx_HAL_Driver/Src/stm32f1xx_hal_spi.c ****     {
3649:Drivers/STM32F1xx_HAL_Driver/Src/stm32f1xx_hal_spi.c ****       SET_BIT(hspi->ErrorCode, HAL_SPI_ERROR_FLAG);
3650:Drivers/STM32F1xx_HAL_Driver/Src/stm32f1xx_hal_spi.c ****       return HAL_TIMEOUT;
3651:Drivers/STM32F1xx_HAL_Driver/Src/stm32f1xx_hal_spi.c ****     }
3652:Drivers/STM32F1xx_HAL_Driver/Src/stm32f1xx_hal_spi.c ****   }
3653:Drivers/STM32F1xx_HAL_Driver/Src/stm32f1xx_hal_spi.c ****   else
3654:Drivers/STM32F1xx_HAL_Driver/Src/stm32f1xx_hal_spi.c ****   {
3655:Drivers/STM32F1xx_HAL_Driver/Src/stm32f1xx_hal_spi.c ****     /* Control the BSY flag */
3656:Drivers/STM32F1xx_HAL_Driver/Src/stm32f1xx_hal_spi.c ****     if (SPI_WaitFlagStateUntilTimeout(hspi, SPI_FLAG_BSY, RESET, Timeout, Tickstart) != HAL_OK)
3657:Drivers/STM32F1xx_HAL_Driver/Src/stm32f1xx_hal_spi.c ****     {
3658:Drivers/STM32F1xx_HAL_Driver/Src/stm32f1xx_hal_spi.c ****       SET_BIT(hspi->ErrorCode, HAL_SPI_ERROR_FLAG);
3659:Drivers/STM32F1xx_HAL_Driver/Src/stm32f1xx_hal_spi.c ****       return HAL_TIMEOUT;
3660:Drivers/STM32F1xx_HAL_Driver/Src/stm32f1xx_hal_spi.c ****     }
3661:Drivers/STM32F1xx_HAL_Driver/Src/stm32f1xx_hal_spi.c ****   }
3662:Drivers/STM32F1xx_HAL_Driver/Src/stm32f1xx_hal_spi.c ****   return HAL_OK;
3663:Drivers/STM32F1xx_HAL_Driver/Src/stm32f1xx_hal_spi.c **** }
3664:Drivers/STM32F1xx_HAL_Driver/Src/stm32f1xx_hal_spi.c **** 
3665:Drivers/STM32F1xx_HAL_Driver/Src/stm32f1xx_hal_spi.c **** /**
3666:Drivers/STM32F1xx_HAL_Driver/Src/stm32f1xx_hal_spi.c ****   * @brief  Handle the check of the RXTX or TX transaction complete.
3667:Drivers/STM32F1xx_HAL_Driver/Src/stm32f1xx_hal_spi.c ****   * @param  hspi SPI handle
3668:Drivers/STM32F1xx_HAL_Driver/Src/stm32f1xx_hal_spi.c ****   * @param  Timeout Timeout duration
3669:Drivers/STM32F1xx_HAL_Driver/Src/stm32f1xx_hal_spi.c ****   * @param  Tickstart tick start value
3670:Drivers/STM32F1xx_HAL_Driver/Src/stm32f1xx_hal_spi.c ****   * @retval HAL status
3671:Drivers/STM32F1xx_HAL_Driver/Src/stm32f1xx_hal_spi.c ****   */
3672:Drivers/STM32F1xx_HAL_Driver/Src/stm32f1xx_hal_spi.c **** static HAL_StatusTypeDef SPI_EndRxTxTransaction(SPI_HandleTypeDef *hspi, uint32_t Timeout, uint32_t
3673:Drivers/STM32F1xx_HAL_Driver/Src/stm32f1xx_hal_spi.c **** {
3674:Drivers/STM32F1xx_HAL_Driver/Src/stm32f1xx_hal_spi.c ****   /* Wait until TXE flag */
3675:Drivers/STM32F1xx_HAL_Driver/Src/stm32f1xx_hal_spi.c ****   if (SPI_WaitFlagStateUntilTimeout(hspi, SPI_FLAG_TXE, SET, Timeout, Tickstart) != HAL_OK)
3676:Drivers/STM32F1xx_HAL_Driver/Src/stm32f1xx_hal_spi.c ****   {
3677:Drivers/STM32F1xx_HAL_Driver/Src/stm32f1xx_hal_spi.c ****     SET_BIT(hspi->ErrorCode, HAL_SPI_ERROR_FLAG);
3678:Drivers/STM32F1xx_HAL_Driver/Src/stm32f1xx_hal_spi.c ****     return HAL_TIMEOUT;
3679:Drivers/STM32F1xx_HAL_Driver/Src/stm32f1xx_hal_spi.c ****   }
3680:Drivers/STM32F1xx_HAL_Driver/Src/stm32f1xx_hal_spi.c **** 
ARM GAS  C:\Users\airforce\AppData\Local\Temp\cca1ZS9V.s 			page 66


3681:Drivers/STM32F1xx_HAL_Driver/Src/stm32f1xx_hal_spi.c ****   /* Control the BSY flag */
3682:Drivers/STM32F1xx_HAL_Driver/Src/stm32f1xx_hal_spi.c ****   if (SPI_WaitFlagStateUntilTimeout(hspi, SPI_FLAG_BSY, RESET, Timeout, Tickstart) != HAL_OK)
3683:Drivers/STM32F1xx_HAL_Driver/Src/stm32f1xx_hal_spi.c ****   {
3684:Drivers/STM32F1xx_HAL_Driver/Src/stm32f1xx_hal_spi.c ****     SET_BIT(hspi->ErrorCode, HAL_SPI_ERROR_FLAG);
3685:Drivers/STM32F1xx_HAL_Driver/Src/stm32f1xx_hal_spi.c ****     return HAL_TIMEOUT;
3686:Drivers/STM32F1xx_HAL_Driver/Src/stm32f1xx_hal_spi.c ****   }
3687:Drivers/STM32F1xx_HAL_Driver/Src/stm32f1xx_hal_spi.c ****   return HAL_OK;
3688:Drivers/STM32F1xx_HAL_Driver/Src/stm32f1xx_hal_spi.c **** }
3689:Drivers/STM32F1xx_HAL_Driver/Src/stm32f1xx_hal_spi.c **** 
3690:Drivers/STM32F1xx_HAL_Driver/Src/stm32f1xx_hal_spi.c **** /**
3691:Drivers/STM32F1xx_HAL_Driver/Src/stm32f1xx_hal_spi.c ****   * @brief  Handle the end of the RXTX transaction.
3692:Drivers/STM32F1xx_HAL_Driver/Src/stm32f1xx_hal_spi.c ****   * @param  hspi pointer to a SPI_HandleTypeDef structure that contains
3693:Drivers/STM32F1xx_HAL_Driver/Src/stm32f1xx_hal_spi.c ****   *               the configuration information for SPI module.
3694:Drivers/STM32F1xx_HAL_Driver/Src/stm32f1xx_hal_spi.c ****   * @retval None
3695:Drivers/STM32F1xx_HAL_Driver/Src/stm32f1xx_hal_spi.c ****   */
3696:Drivers/STM32F1xx_HAL_Driver/Src/stm32f1xx_hal_spi.c **** static void SPI_CloseRxTx_ISR(SPI_HandleTypeDef *hspi)
3697:Drivers/STM32F1xx_HAL_Driver/Src/stm32f1xx_hal_spi.c **** {
3698:Drivers/STM32F1xx_HAL_Driver/Src/stm32f1xx_hal_spi.c ****   uint32_t tickstart;
3699:Drivers/STM32F1xx_HAL_Driver/Src/stm32f1xx_hal_spi.c ****   __IO uint32_t count = SPI_DEFAULT_TIMEOUT * (SystemCoreClock / 24U / 1000U);
3700:Drivers/STM32F1xx_HAL_Driver/Src/stm32f1xx_hal_spi.c **** 
3701:Drivers/STM32F1xx_HAL_Driver/Src/stm32f1xx_hal_spi.c ****   /* Init tickstart for timeout management */
3702:Drivers/STM32F1xx_HAL_Driver/Src/stm32f1xx_hal_spi.c ****   tickstart = HAL_GetTick();
3703:Drivers/STM32F1xx_HAL_Driver/Src/stm32f1xx_hal_spi.c **** 
3704:Drivers/STM32F1xx_HAL_Driver/Src/stm32f1xx_hal_spi.c ****   /* Disable ERR interrupt */
3705:Drivers/STM32F1xx_HAL_Driver/Src/stm32f1xx_hal_spi.c ****   __HAL_SPI_DISABLE_IT(hspi, SPI_IT_ERR);
3706:Drivers/STM32F1xx_HAL_Driver/Src/stm32f1xx_hal_spi.c **** 
3707:Drivers/STM32F1xx_HAL_Driver/Src/stm32f1xx_hal_spi.c ****   /* Wait until TXE flag is set */
3708:Drivers/STM32F1xx_HAL_Driver/Src/stm32f1xx_hal_spi.c ****   do
3709:Drivers/STM32F1xx_HAL_Driver/Src/stm32f1xx_hal_spi.c ****   {
3710:Drivers/STM32F1xx_HAL_Driver/Src/stm32f1xx_hal_spi.c ****     if (count == 0U)
3711:Drivers/STM32F1xx_HAL_Driver/Src/stm32f1xx_hal_spi.c ****     {
3712:Drivers/STM32F1xx_HAL_Driver/Src/stm32f1xx_hal_spi.c ****       SET_BIT(hspi->ErrorCode, HAL_SPI_ERROR_FLAG);
3713:Drivers/STM32F1xx_HAL_Driver/Src/stm32f1xx_hal_spi.c ****       break;
3714:Drivers/STM32F1xx_HAL_Driver/Src/stm32f1xx_hal_spi.c ****     }
3715:Drivers/STM32F1xx_HAL_Driver/Src/stm32f1xx_hal_spi.c ****     count--;
3716:Drivers/STM32F1xx_HAL_Driver/Src/stm32f1xx_hal_spi.c ****   } while ((hspi->Instance->SR & SPI_FLAG_TXE) == RESET);
3717:Drivers/STM32F1xx_HAL_Driver/Src/stm32f1xx_hal_spi.c **** 
3718:Drivers/STM32F1xx_HAL_Driver/Src/stm32f1xx_hal_spi.c ****   /* Check the end of the transaction */
3719:Drivers/STM32F1xx_HAL_Driver/Src/stm32f1xx_hal_spi.c ****   if (SPI_EndRxTxTransaction(hspi, SPI_DEFAULT_TIMEOUT, tickstart) != HAL_OK)
3720:Drivers/STM32F1xx_HAL_Driver/Src/stm32f1xx_hal_spi.c ****   {
3721:Drivers/STM32F1xx_HAL_Driver/Src/stm32f1xx_hal_spi.c ****     SET_BIT(hspi->ErrorCode, HAL_SPI_ERROR_FLAG);
3722:Drivers/STM32F1xx_HAL_Driver/Src/stm32f1xx_hal_spi.c ****   }
3723:Drivers/STM32F1xx_HAL_Driver/Src/stm32f1xx_hal_spi.c **** 
3724:Drivers/STM32F1xx_HAL_Driver/Src/stm32f1xx_hal_spi.c ****   /* Clear overrun flag in 2 Lines communication mode because received is not read */
3725:Drivers/STM32F1xx_HAL_Driver/Src/stm32f1xx_hal_spi.c ****   if (hspi->Init.Direction == SPI_DIRECTION_2LINES)
3726:Drivers/STM32F1xx_HAL_Driver/Src/stm32f1xx_hal_spi.c ****   {
3727:Drivers/STM32F1xx_HAL_Driver/Src/stm32f1xx_hal_spi.c ****     __HAL_SPI_CLEAR_OVRFLAG(hspi);
3728:Drivers/STM32F1xx_HAL_Driver/Src/stm32f1xx_hal_spi.c ****   }
3729:Drivers/STM32F1xx_HAL_Driver/Src/stm32f1xx_hal_spi.c **** 
3730:Drivers/STM32F1xx_HAL_Driver/Src/stm32f1xx_hal_spi.c **** #if (USE_SPI_CRC != 0U)
3731:Drivers/STM32F1xx_HAL_Driver/Src/stm32f1xx_hal_spi.c ****   /* Check if CRC error occurred */
3732:Drivers/STM32F1xx_HAL_Driver/Src/stm32f1xx_hal_spi.c ****   if (__HAL_SPI_GET_FLAG(hspi, SPI_FLAG_CRCERR) != RESET)
3733:Drivers/STM32F1xx_HAL_Driver/Src/stm32f1xx_hal_spi.c ****   {
3734:Drivers/STM32F1xx_HAL_Driver/Src/stm32f1xx_hal_spi.c ****     /* Check if CRC error is valid or not (workaround to be applied or not) */
3735:Drivers/STM32F1xx_HAL_Driver/Src/stm32f1xx_hal_spi.c ****     if (SPI_ISCRCErrorValid(hspi) == SPI_VALID_CRC_ERROR)
3736:Drivers/STM32F1xx_HAL_Driver/Src/stm32f1xx_hal_spi.c ****     {
3737:Drivers/STM32F1xx_HAL_Driver/Src/stm32f1xx_hal_spi.c ****       hspi->State = HAL_SPI_STATE_READY;
ARM GAS  C:\Users\airforce\AppData\Local\Temp\cca1ZS9V.s 			page 67


3738:Drivers/STM32F1xx_HAL_Driver/Src/stm32f1xx_hal_spi.c ****       SET_BIT(hspi->ErrorCode, HAL_SPI_ERROR_CRC);
3739:Drivers/STM32F1xx_HAL_Driver/Src/stm32f1xx_hal_spi.c **** 
3740:Drivers/STM32F1xx_HAL_Driver/Src/stm32f1xx_hal_spi.c ****       /* Reset CRC Calculation */
3741:Drivers/STM32F1xx_HAL_Driver/Src/stm32f1xx_hal_spi.c ****       SPI_RESET_CRC(hspi);
3742:Drivers/STM32F1xx_HAL_Driver/Src/stm32f1xx_hal_spi.c **** 
3743:Drivers/STM32F1xx_HAL_Driver/Src/stm32f1xx_hal_spi.c ****       /* Call user error callback */
3744:Drivers/STM32F1xx_HAL_Driver/Src/stm32f1xx_hal_spi.c **** #if (USE_HAL_SPI_REGISTER_CALLBACKS == 1U)
3745:Drivers/STM32F1xx_HAL_Driver/Src/stm32f1xx_hal_spi.c ****       hspi->ErrorCallback(hspi);
3746:Drivers/STM32F1xx_HAL_Driver/Src/stm32f1xx_hal_spi.c **** #else
3747:Drivers/STM32F1xx_HAL_Driver/Src/stm32f1xx_hal_spi.c ****       HAL_SPI_ErrorCallback(hspi);
3748:Drivers/STM32F1xx_HAL_Driver/Src/stm32f1xx_hal_spi.c **** #endif /* USE_HAL_SPI_REGISTER_CALLBACKS */
3749:Drivers/STM32F1xx_HAL_Driver/Src/stm32f1xx_hal_spi.c ****     }
3750:Drivers/STM32F1xx_HAL_Driver/Src/stm32f1xx_hal_spi.c ****     else
3751:Drivers/STM32F1xx_HAL_Driver/Src/stm32f1xx_hal_spi.c ****     {
3752:Drivers/STM32F1xx_HAL_Driver/Src/stm32f1xx_hal_spi.c ****       __HAL_SPI_CLEAR_CRCERRFLAG(hspi);
3753:Drivers/STM32F1xx_HAL_Driver/Src/stm32f1xx_hal_spi.c ****     }
3754:Drivers/STM32F1xx_HAL_Driver/Src/stm32f1xx_hal_spi.c ****   }
3755:Drivers/STM32F1xx_HAL_Driver/Src/stm32f1xx_hal_spi.c ****   else
3756:Drivers/STM32F1xx_HAL_Driver/Src/stm32f1xx_hal_spi.c ****   {
3757:Drivers/STM32F1xx_HAL_Driver/Src/stm32f1xx_hal_spi.c **** #endif /* USE_SPI_CRC */
3758:Drivers/STM32F1xx_HAL_Driver/Src/stm32f1xx_hal_spi.c ****     if (hspi->ErrorCode == HAL_SPI_ERROR_NONE)
3759:Drivers/STM32F1xx_HAL_Driver/Src/stm32f1xx_hal_spi.c ****     {
3760:Drivers/STM32F1xx_HAL_Driver/Src/stm32f1xx_hal_spi.c ****       if (hspi->State == HAL_SPI_STATE_BUSY_RX)
3761:Drivers/STM32F1xx_HAL_Driver/Src/stm32f1xx_hal_spi.c ****       {
3762:Drivers/STM32F1xx_HAL_Driver/Src/stm32f1xx_hal_spi.c ****         hspi->State = HAL_SPI_STATE_READY;
3763:Drivers/STM32F1xx_HAL_Driver/Src/stm32f1xx_hal_spi.c ****         /* Call user Rx complete callback */
3764:Drivers/STM32F1xx_HAL_Driver/Src/stm32f1xx_hal_spi.c **** #if (USE_HAL_SPI_REGISTER_CALLBACKS == 1U)
3765:Drivers/STM32F1xx_HAL_Driver/Src/stm32f1xx_hal_spi.c ****         hspi->RxCpltCallback(hspi);
3766:Drivers/STM32F1xx_HAL_Driver/Src/stm32f1xx_hal_spi.c **** #else
3767:Drivers/STM32F1xx_HAL_Driver/Src/stm32f1xx_hal_spi.c ****         HAL_SPI_RxCpltCallback(hspi);
3768:Drivers/STM32F1xx_HAL_Driver/Src/stm32f1xx_hal_spi.c **** #endif /* USE_HAL_SPI_REGISTER_CALLBACKS */
3769:Drivers/STM32F1xx_HAL_Driver/Src/stm32f1xx_hal_spi.c ****       }
3770:Drivers/STM32F1xx_HAL_Driver/Src/stm32f1xx_hal_spi.c ****       else
3771:Drivers/STM32F1xx_HAL_Driver/Src/stm32f1xx_hal_spi.c ****       {
3772:Drivers/STM32F1xx_HAL_Driver/Src/stm32f1xx_hal_spi.c ****         hspi->State = HAL_SPI_STATE_READY;
3773:Drivers/STM32F1xx_HAL_Driver/Src/stm32f1xx_hal_spi.c ****         /* Call user TxRx complete callback */
3774:Drivers/STM32F1xx_HAL_Driver/Src/stm32f1xx_hal_spi.c **** #if (USE_HAL_SPI_REGISTER_CALLBACKS == 1U)
3775:Drivers/STM32F1xx_HAL_Driver/Src/stm32f1xx_hal_spi.c ****         hspi->TxRxCpltCallback(hspi);
3776:Drivers/STM32F1xx_HAL_Driver/Src/stm32f1xx_hal_spi.c **** #else
3777:Drivers/STM32F1xx_HAL_Driver/Src/stm32f1xx_hal_spi.c ****         HAL_SPI_TxRxCpltCallback(hspi);
3778:Drivers/STM32F1xx_HAL_Driver/Src/stm32f1xx_hal_spi.c **** #endif /* USE_HAL_SPI_REGISTER_CALLBACKS */
3779:Drivers/STM32F1xx_HAL_Driver/Src/stm32f1xx_hal_spi.c ****       }
3780:Drivers/STM32F1xx_HAL_Driver/Src/stm32f1xx_hal_spi.c ****     }
3781:Drivers/STM32F1xx_HAL_Driver/Src/stm32f1xx_hal_spi.c ****     else
3782:Drivers/STM32F1xx_HAL_Driver/Src/stm32f1xx_hal_spi.c ****     {
3783:Drivers/STM32F1xx_HAL_Driver/Src/stm32f1xx_hal_spi.c ****       hspi->State = HAL_SPI_STATE_READY;
3784:Drivers/STM32F1xx_HAL_Driver/Src/stm32f1xx_hal_spi.c ****       /* Call user error callback */
3785:Drivers/STM32F1xx_HAL_Driver/Src/stm32f1xx_hal_spi.c **** #if (USE_HAL_SPI_REGISTER_CALLBACKS == 1U)
3786:Drivers/STM32F1xx_HAL_Driver/Src/stm32f1xx_hal_spi.c ****       hspi->ErrorCallback(hspi);
3787:Drivers/STM32F1xx_HAL_Driver/Src/stm32f1xx_hal_spi.c **** #else
3788:Drivers/STM32F1xx_HAL_Driver/Src/stm32f1xx_hal_spi.c ****       HAL_SPI_ErrorCallback(hspi);
3789:Drivers/STM32F1xx_HAL_Driver/Src/stm32f1xx_hal_spi.c **** #endif /* USE_HAL_SPI_REGISTER_CALLBACKS */
3790:Drivers/STM32F1xx_HAL_Driver/Src/stm32f1xx_hal_spi.c ****     }
3791:Drivers/STM32F1xx_HAL_Driver/Src/stm32f1xx_hal_spi.c **** #if (USE_SPI_CRC != 0U)
3792:Drivers/STM32F1xx_HAL_Driver/Src/stm32f1xx_hal_spi.c ****   }
3793:Drivers/STM32F1xx_HAL_Driver/Src/stm32f1xx_hal_spi.c **** #endif /* USE_SPI_CRC */
3794:Drivers/STM32F1xx_HAL_Driver/Src/stm32f1xx_hal_spi.c **** }
ARM GAS  C:\Users\airforce\AppData\Local\Temp\cca1ZS9V.s 			page 68


3795:Drivers/STM32F1xx_HAL_Driver/Src/stm32f1xx_hal_spi.c **** 
3796:Drivers/STM32F1xx_HAL_Driver/Src/stm32f1xx_hal_spi.c **** /**
3797:Drivers/STM32F1xx_HAL_Driver/Src/stm32f1xx_hal_spi.c ****   * @brief  Handle the end of the RX transaction.
3798:Drivers/STM32F1xx_HAL_Driver/Src/stm32f1xx_hal_spi.c ****   * @param  hspi pointer to a SPI_HandleTypeDef structure that contains
3799:Drivers/STM32F1xx_HAL_Driver/Src/stm32f1xx_hal_spi.c ****   *               the configuration information for SPI module.
3800:Drivers/STM32F1xx_HAL_Driver/Src/stm32f1xx_hal_spi.c ****   * @retval None
3801:Drivers/STM32F1xx_HAL_Driver/Src/stm32f1xx_hal_spi.c ****   */
3802:Drivers/STM32F1xx_HAL_Driver/Src/stm32f1xx_hal_spi.c **** static void SPI_CloseRx_ISR(SPI_HandleTypeDef *hspi)
3803:Drivers/STM32F1xx_HAL_Driver/Src/stm32f1xx_hal_spi.c **** {
3804:Drivers/STM32F1xx_HAL_Driver/Src/stm32f1xx_hal_spi.c ****   /* Disable RXNE and ERR interrupt */
3805:Drivers/STM32F1xx_HAL_Driver/Src/stm32f1xx_hal_spi.c ****   __HAL_SPI_DISABLE_IT(hspi, (SPI_IT_RXNE | SPI_IT_ERR));
3806:Drivers/STM32F1xx_HAL_Driver/Src/stm32f1xx_hal_spi.c **** 
3807:Drivers/STM32F1xx_HAL_Driver/Src/stm32f1xx_hal_spi.c ****   /* Check the end of the transaction */
3808:Drivers/STM32F1xx_HAL_Driver/Src/stm32f1xx_hal_spi.c ****   if (SPI_EndRxTransaction(hspi, SPI_DEFAULT_TIMEOUT, HAL_GetTick()) != HAL_OK)
3809:Drivers/STM32F1xx_HAL_Driver/Src/stm32f1xx_hal_spi.c ****   {
3810:Drivers/STM32F1xx_HAL_Driver/Src/stm32f1xx_hal_spi.c ****     SET_BIT(hspi->ErrorCode, HAL_SPI_ERROR_FLAG);
3811:Drivers/STM32F1xx_HAL_Driver/Src/stm32f1xx_hal_spi.c ****   }
3812:Drivers/STM32F1xx_HAL_Driver/Src/stm32f1xx_hal_spi.c **** 
3813:Drivers/STM32F1xx_HAL_Driver/Src/stm32f1xx_hal_spi.c ****   /* Clear overrun flag in 2 Lines communication mode because received is not read */
3814:Drivers/STM32F1xx_HAL_Driver/Src/stm32f1xx_hal_spi.c ****   if (hspi->Init.Direction == SPI_DIRECTION_2LINES)
3815:Drivers/STM32F1xx_HAL_Driver/Src/stm32f1xx_hal_spi.c ****   {
3816:Drivers/STM32F1xx_HAL_Driver/Src/stm32f1xx_hal_spi.c ****     __HAL_SPI_CLEAR_OVRFLAG(hspi);
3817:Drivers/STM32F1xx_HAL_Driver/Src/stm32f1xx_hal_spi.c ****   }
3818:Drivers/STM32F1xx_HAL_Driver/Src/stm32f1xx_hal_spi.c ****   hspi->State = HAL_SPI_STATE_READY;
3819:Drivers/STM32F1xx_HAL_Driver/Src/stm32f1xx_hal_spi.c **** 
3820:Drivers/STM32F1xx_HAL_Driver/Src/stm32f1xx_hal_spi.c **** #if (USE_SPI_CRC != 0U)
3821:Drivers/STM32F1xx_HAL_Driver/Src/stm32f1xx_hal_spi.c ****   /* Check if CRC error occurred */
3822:Drivers/STM32F1xx_HAL_Driver/Src/stm32f1xx_hal_spi.c ****   if (__HAL_SPI_GET_FLAG(hspi, SPI_FLAG_CRCERR) != RESET)
3823:Drivers/STM32F1xx_HAL_Driver/Src/stm32f1xx_hal_spi.c ****   {
3824:Drivers/STM32F1xx_HAL_Driver/Src/stm32f1xx_hal_spi.c ****     /* Check if CRC error is valid or not (workaround to be applied or not) */
3825:Drivers/STM32F1xx_HAL_Driver/Src/stm32f1xx_hal_spi.c ****     if (SPI_ISCRCErrorValid(hspi) == SPI_VALID_CRC_ERROR)
3826:Drivers/STM32F1xx_HAL_Driver/Src/stm32f1xx_hal_spi.c ****     {
3827:Drivers/STM32F1xx_HAL_Driver/Src/stm32f1xx_hal_spi.c ****       SET_BIT(hspi->ErrorCode, HAL_SPI_ERROR_CRC);
3828:Drivers/STM32F1xx_HAL_Driver/Src/stm32f1xx_hal_spi.c **** 
3829:Drivers/STM32F1xx_HAL_Driver/Src/stm32f1xx_hal_spi.c ****       /* Reset CRC Calculation */
3830:Drivers/STM32F1xx_HAL_Driver/Src/stm32f1xx_hal_spi.c ****       SPI_RESET_CRC(hspi);
3831:Drivers/STM32F1xx_HAL_Driver/Src/stm32f1xx_hal_spi.c **** 
3832:Drivers/STM32F1xx_HAL_Driver/Src/stm32f1xx_hal_spi.c ****       /* Call user error callback */
3833:Drivers/STM32F1xx_HAL_Driver/Src/stm32f1xx_hal_spi.c **** #if (USE_HAL_SPI_REGISTER_CALLBACKS == 1U)
3834:Drivers/STM32F1xx_HAL_Driver/Src/stm32f1xx_hal_spi.c ****       hspi->ErrorCallback(hspi);
3835:Drivers/STM32F1xx_HAL_Driver/Src/stm32f1xx_hal_spi.c **** #else
3836:Drivers/STM32F1xx_HAL_Driver/Src/stm32f1xx_hal_spi.c ****       HAL_SPI_ErrorCallback(hspi);
3837:Drivers/STM32F1xx_HAL_Driver/Src/stm32f1xx_hal_spi.c **** #endif /* USE_HAL_SPI_REGISTER_CALLBACKS */
3838:Drivers/STM32F1xx_HAL_Driver/Src/stm32f1xx_hal_spi.c ****     }
3839:Drivers/STM32F1xx_HAL_Driver/Src/stm32f1xx_hal_spi.c ****     else
3840:Drivers/STM32F1xx_HAL_Driver/Src/stm32f1xx_hal_spi.c ****     {
3841:Drivers/STM32F1xx_HAL_Driver/Src/stm32f1xx_hal_spi.c ****       __HAL_SPI_CLEAR_CRCERRFLAG(hspi);
3842:Drivers/STM32F1xx_HAL_Driver/Src/stm32f1xx_hal_spi.c ****     }
3843:Drivers/STM32F1xx_HAL_Driver/Src/stm32f1xx_hal_spi.c ****   }
3844:Drivers/STM32F1xx_HAL_Driver/Src/stm32f1xx_hal_spi.c ****   else
3845:Drivers/STM32F1xx_HAL_Driver/Src/stm32f1xx_hal_spi.c ****   {
3846:Drivers/STM32F1xx_HAL_Driver/Src/stm32f1xx_hal_spi.c **** #endif /* USE_SPI_CRC */
3847:Drivers/STM32F1xx_HAL_Driver/Src/stm32f1xx_hal_spi.c ****     if (hspi->ErrorCode == HAL_SPI_ERROR_NONE)
3848:Drivers/STM32F1xx_HAL_Driver/Src/stm32f1xx_hal_spi.c ****     {
3849:Drivers/STM32F1xx_HAL_Driver/Src/stm32f1xx_hal_spi.c ****       /* Call user Rx complete callback */
3850:Drivers/STM32F1xx_HAL_Driver/Src/stm32f1xx_hal_spi.c **** #if (USE_HAL_SPI_REGISTER_CALLBACKS == 1U)
3851:Drivers/STM32F1xx_HAL_Driver/Src/stm32f1xx_hal_spi.c ****       hspi->RxCpltCallback(hspi);
ARM GAS  C:\Users\airforce\AppData\Local\Temp\cca1ZS9V.s 			page 69


3852:Drivers/STM32F1xx_HAL_Driver/Src/stm32f1xx_hal_spi.c **** #else
3853:Drivers/STM32F1xx_HAL_Driver/Src/stm32f1xx_hal_spi.c ****       HAL_SPI_RxCpltCallback(hspi);
3854:Drivers/STM32F1xx_HAL_Driver/Src/stm32f1xx_hal_spi.c **** #endif /* USE_HAL_SPI_REGISTER_CALLBACKS */
3855:Drivers/STM32F1xx_HAL_Driver/Src/stm32f1xx_hal_spi.c ****     }
3856:Drivers/STM32F1xx_HAL_Driver/Src/stm32f1xx_hal_spi.c ****     else
3857:Drivers/STM32F1xx_HAL_Driver/Src/stm32f1xx_hal_spi.c ****     {
3858:Drivers/STM32F1xx_HAL_Driver/Src/stm32f1xx_hal_spi.c ****       /* Call user error callback */
3859:Drivers/STM32F1xx_HAL_Driver/Src/stm32f1xx_hal_spi.c **** #if (USE_HAL_SPI_REGISTER_CALLBACKS == 1U)
3860:Drivers/STM32F1xx_HAL_Driver/Src/stm32f1xx_hal_spi.c ****       hspi->ErrorCallback(hspi);
3861:Drivers/STM32F1xx_HAL_Driver/Src/stm32f1xx_hal_spi.c **** #else
3862:Drivers/STM32F1xx_HAL_Driver/Src/stm32f1xx_hal_spi.c ****       HAL_SPI_ErrorCallback(hspi);
3863:Drivers/STM32F1xx_HAL_Driver/Src/stm32f1xx_hal_spi.c **** #endif /* USE_HAL_SPI_REGISTER_CALLBACKS */
3864:Drivers/STM32F1xx_HAL_Driver/Src/stm32f1xx_hal_spi.c ****     }
3865:Drivers/STM32F1xx_HAL_Driver/Src/stm32f1xx_hal_spi.c **** #if (USE_SPI_CRC != 0U)
3866:Drivers/STM32F1xx_HAL_Driver/Src/stm32f1xx_hal_spi.c ****   }
3867:Drivers/STM32F1xx_HAL_Driver/Src/stm32f1xx_hal_spi.c **** #endif /* USE_SPI_CRC */
3868:Drivers/STM32F1xx_HAL_Driver/Src/stm32f1xx_hal_spi.c **** }
3869:Drivers/STM32F1xx_HAL_Driver/Src/stm32f1xx_hal_spi.c **** 
3870:Drivers/STM32F1xx_HAL_Driver/Src/stm32f1xx_hal_spi.c **** /**
3871:Drivers/STM32F1xx_HAL_Driver/Src/stm32f1xx_hal_spi.c ****   * @brief  Handle the end of the TX transaction.
3872:Drivers/STM32F1xx_HAL_Driver/Src/stm32f1xx_hal_spi.c ****   * @param  hspi pointer to a SPI_HandleTypeDef structure that contains
3873:Drivers/STM32F1xx_HAL_Driver/Src/stm32f1xx_hal_spi.c ****   *               the configuration information for SPI module.
3874:Drivers/STM32F1xx_HAL_Driver/Src/stm32f1xx_hal_spi.c ****   * @retval None
3875:Drivers/STM32F1xx_HAL_Driver/Src/stm32f1xx_hal_spi.c ****   */
3876:Drivers/STM32F1xx_HAL_Driver/Src/stm32f1xx_hal_spi.c **** static void SPI_CloseTx_ISR(SPI_HandleTypeDef *hspi)
3877:Drivers/STM32F1xx_HAL_Driver/Src/stm32f1xx_hal_spi.c **** {
3878:Drivers/STM32F1xx_HAL_Driver/Src/stm32f1xx_hal_spi.c ****   uint32_t tickstart;
3879:Drivers/STM32F1xx_HAL_Driver/Src/stm32f1xx_hal_spi.c ****   __IO uint32_t count = SPI_DEFAULT_TIMEOUT * (SystemCoreClock / 24U / 1000U);
3880:Drivers/STM32F1xx_HAL_Driver/Src/stm32f1xx_hal_spi.c **** 
3881:Drivers/STM32F1xx_HAL_Driver/Src/stm32f1xx_hal_spi.c ****   /* Init tickstart for timeout management*/
3882:Drivers/STM32F1xx_HAL_Driver/Src/stm32f1xx_hal_spi.c ****   tickstart = HAL_GetTick();
3883:Drivers/STM32F1xx_HAL_Driver/Src/stm32f1xx_hal_spi.c **** 
3884:Drivers/STM32F1xx_HAL_Driver/Src/stm32f1xx_hal_spi.c ****   /* Wait until TXE flag is set */
3885:Drivers/STM32F1xx_HAL_Driver/Src/stm32f1xx_hal_spi.c ****   do
3886:Drivers/STM32F1xx_HAL_Driver/Src/stm32f1xx_hal_spi.c ****   {
3887:Drivers/STM32F1xx_HAL_Driver/Src/stm32f1xx_hal_spi.c ****     if (count == 0U)
3888:Drivers/STM32F1xx_HAL_Driver/Src/stm32f1xx_hal_spi.c ****     {
3889:Drivers/STM32F1xx_HAL_Driver/Src/stm32f1xx_hal_spi.c ****       SET_BIT(hspi->ErrorCode, HAL_SPI_ERROR_FLAG);
3890:Drivers/STM32F1xx_HAL_Driver/Src/stm32f1xx_hal_spi.c ****       break;
3891:Drivers/STM32F1xx_HAL_Driver/Src/stm32f1xx_hal_spi.c ****     }
3892:Drivers/STM32F1xx_HAL_Driver/Src/stm32f1xx_hal_spi.c ****     count--;
3893:Drivers/STM32F1xx_HAL_Driver/Src/stm32f1xx_hal_spi.c ****   } while ((hspi->Instance->SR & SPI_FLAG_TXE) == RESET);
3894:Drivers/STM32F1xx_HAL_Driver/Src/stm32f1xx_hal_spi.c **** 
3895:Drivers/STM32F1xx_HAL_Driver/Src/stm32f1xx_hal_spi.c ****   /* Disable TXE and ERR interrupt */
3896:Drivers/STM32F1xx_HAL_Driver/Src/stm32f1xx_hal_spi.c ****   __HAL_SPI_DISABLE_IT(hspi, (SPI_IT_TXE | SPI_IT_ERR));
3897:Drivers/STM32F1xx_HAL_Driver/Src/stm32f1xx_hal_spi.c **** 
3898:Drivers/STM32F1xx_HAL_Driver/Src/stm32f1xx_hal_spi.c ****   /* Check the end of the transaction */
3899:Drivers/STM32F1xx_HAL_Driver/Src/stm32f1xx_hal_spi.c ****   if (SPI_EndRxTxTransaction(hspi, SPI_DEFAULT_TIMEOUT, tickstart) != HAL_OK)
3900:Drivers/STM32F1xx_HAL_Driver/Src/stm32f1xx_hal_spi.c ****   {
3901:Drivers/STM32F1xx_HAL_Driver/Src/stm32f1xx_hal_spi.c ****     SET_BIT(hspi->ErrorCode, HAL_SPI_ERROR_FLAG);
3902:Drivers/STM32F1xx_HAL_Driver/Src/stm32f1xx_hal_spi.c ****   }
3903:Drivers/STM32F1xx_HAL_Driver/Src/stm32f1xx_hal_spi.c **** 
3904:Drivers/STM32F1xx_HAL_Driver/Src/stm32f1xx_hal_spi.c ****   /* Clear overrun flag in 2 Lines communication mode because received is not read */
3905:Drivers/STM32F1xx_HAL_Driver/Src/stm32f1xx_hal_spi.c ****   if (hspi->Init.Direction == SPI_DIRECTION_2LINES)
3906:Drivers/STM32F1xx_HAL_Driver/Src/stm32f1xx_hal_spi.c ****   {
3907:Drivers/STM32F1xx_HAL_Driver/Src/stm32f1xx_hal_spi.c ****     __HAL_SPI_CLEAR_OVRFLAG(hspi);
3908:Drivers/STM32F1xx_HAL_Driver/Src/stm32f1xx_hal_spi.c ****   }
ARM GAS  C:\Users\airforce\AppData\Local\Temp\cca1ZS9V.s 			page 70


3909:Drivers/STM32F1xx_HAL_Driver/Src/stm32f1xx_hal_spi.c **** 
3910:Drivers/STM32F1xx_HAL_Driver/Src/stm32f1xx_hal_spi.c ****   hspi->State = HAL_SPI_STATE_READY;
3911:Drivers/STM32F1xx_HAL_Driver/Src/stm32f1xx_hal_spi.c ****   if (hspi->ErrorCode != HAL_SPI_ERROR_NONE)
3912:Drivers/STM32F1xx_HAL_Driver/Src/stm32f1xx_hal_spi.c ****   {
3913:Drivers/STM32F1xx_HAL_Driver/Src/stm32f1xx_hal_spi.c ****     /* Call user error callback */
3914:Drivers/STM32F1xx_HAL_Driver/Src/stm32f1xx_hal_spi.c **** #if (USE_HAL_SPI_REGISTER_CALLBACKS == 1U)
3915:Drivers/STM32F1xx_HAL_Driver/Src/stm32f1xx_hal_spi.c ****     hspi->ErrorCallback(hspi);
3916:Drivers/STM32F1xx_HAL_Driver/Src/stm32f1xx_hal_spi.c **** #else
3917:Drivers/STM32F1xx_HAL_Driver/Src/stm32f1xx_hal_spi.c ****     HAL_SPI_ErrorCallback(hspi);
3918:Drivers/STM32F1xx_HAL_Driver/Src/stm32f1xx_hal_spi.c **** #endif /* USE_HAL_SPI_REGISTER_CALLBACKS */
3919:Drivers/STM32F1xx_HAL_Driver/Src/stm32f1xx_hal_spi.c ****   }
3920:Drivers/STM32F1xx_HAL_Driver/Src/stm32f1xx_hal_spi.c ****   else
3921:Drivers/STM32F1xx_HAL_Driver/Src/stm32f1xx_hal_spi.c ****   {
3922:Drivers/STM32F1xx_HAL_Driver/Src/stm32f1xx_hal_spi.c ****     /* Call user Rx complete callback */
3923:Drivers/STM32F1xx_HAL_Driver/Src/stm32f1xx_hal_spi.c **** #if (USE_HAL_SPI_REGISTER_CALLBACKS == 1U)
3924:Drivers/STM32F1xx_HAL_Driver/Src/stm32f1xx_hal_spi.c ****     hspi->TxCpltCallback(hspi);
3925:Drivers/STM32F1xx_HAL_Driver/Src/stm32f1xx_hal_spi.c **** #else
3926:Drivers/STM32F1xx_HAL_Driver/Src/stm32f1xx_hal_spi.c ****     HAL_SPI_TxCpltCallback(hspi);
3927:Drivers/STM32F1xx_HAL_Driver/Src/stm32f1xx_hal_spi.c **** #endif /* USE_HAL_SPI_REGISTER_CALLBACKS */
3928:Drivers/STM32F1xx_HAL_Driver/Src/stm32f1xx_hal_spi.c ****   }
3929:Drivers/STM32F1xx_HAL_Driver/Src/stm32f1xx_hal_spi.c **** }
3930:Drivers/STM32F1xx_HAL_Driver/Src/stm32f1xx_hal_spi.c **** 
3931:Drivers/STM32F1xx_HAL_Driver/Src/stm32f1xx_hal_spi.c **** /**
3932:Drivers/STM32F1xx_HAL_Driver/Src/stm32f1xx_hal_spi.c ****   * @brief  Handle abort a Rx transaction.
3933:Drivers/STM32F1xx_HAL_Driver/Src/stm32f1xx_hal_spi.c ****   * @param  hspi pointer to a SPI_HandleTypeDef structure that contains
3934:Drivers/STM32F1xx_HAL_Driver/Src/stm32f1xx_hal_spi.c ****   *               the configuration information for SPI module.
3935:Drivers/STM32F1xx_HAL_Driver/Src/stm32f1xx_hal_spi.c ****   * @retval None
3936:Drivers/STM32F1xx_HAL_Driver/Src/stm32f1xx_hal_spi.c ****   */
3937:Drivers/STM32F1xx_HAL_Driver/Src/stm32f1xx_hal_spi.c **** static void SPI_AbortRx_ISR(SPI_HandleTypeDef *hspi)
3938:Drivers/STM32F1xx_HAL_Driver/Src/stm32f1xx_hal_spi.c **** {
  27              		.loc 1 3938 1 view -0
  28              		.cfi_startproc
  29              		@ args = 0, pretend = 0, frame = 8
  30              		@ frame_needed = 0, uses_anonymous_args = 0
  31              		@ link register save eliminated.
3939:Drivers/STM32F1xx_HAL_Driver/Src/stm32f1xx_hal_spi.c ****   __IO uint32_t tmpreg = 0U;
  32              		.loc 1 3939 3 view .LVU1
  33              		.loc 1 3939 17 is_stmt 0 view .LVU2
  34 0000 0023     		movs	r3, #0
3940:Drivers/STM32F1xx_HAL_Driver/Src/stm32f1xx_hal_spi.c ****   __IO uint32_t count = SPI_DEFAULT_TIMEOUT * (SystemCoreClock / 24U / 1000U);
  35              		.loc 1 3940 70 view .LVU3
  36 0002 45F6C052 		movw	r2, #24000
3938:Drivers/STM32F1xx_HAL_Driver/Src/stm32f1xx_hal_spi.c ****   __IO uint32_t tmpreg = 0U;
  37              		.loc 1 3938 1 view .LVU4
  38 0006 82B0     		sub	sp, sp, #8
  39              	.LCFI0:
  40              		.cfi_def_cfa_offset 8
3939:Drivers/STM32F1xx_HAL_Driver/Src/stm32f1xx_hal_spi.c ****   __IO uint32_t tmpreg = 0U;
  41              		.loc 1 3939 17 view .LVU5
  42 0008 0093     		str	r3, [sp]
  43              		.loc 1 3940 3 is_stmt 1 view .LVU6
  44              		.loc 1 3940 70 is_stmt 0 view .LVU7
  45 000a 124B     		ldr	r3, .L7
  46 000c 1B68     		ldr	r3, [r3]
  47 000e B3FBF2F3 		udiv	r3, r3, r2
  48              		.loc 1 3940 45 view .LVU8
  49 0012 6422     		movs	r2, #100
ARM GAS  C:\Users\airforce\AppData\Local\Temp\cca1ZS9V.s 			page 71


  50 0014 5343     		muls	r3, r2, r3
  51              		.loc 1 3940 17 view .LVU9
  52 0016 0193     		str	r3, [sp, #4]
3941:Drivers/STM32F1xx_HAL_Driver/Src/stm32f1xx_hal_spi.c **** 
3942:Drivers/STM32F1xx_HAL_Driver/Src/stm32f1xx_hal_spi.c ****   /* Wait until TXE flag is set */
3943:Drivers/STM32F1xx_HAL_Driver/Src/stm32f1xx_hal_spi.c ****   do
3944:Drivers/STM32F1xx_HAL_Driver/Src/stm32f1xx_hal_spi.c ****   {
3945:Drivers/STM32F1xx_HAL_Driver/Src/stm32f1xx_hal_spi.c ****     if (count == 0U)
3946:Drivers/STM32F1xx_HAL_Driver/Src/stm32f1xx_hal_spi.c ****     {
3947:Drivers/STM32F1xx_HAL_Driver/Src/stm32f1xx_hal_spi.c ****       SET_BIT(hspi->ErrorCode, HAL_SPI_ERROR_ABORT);
3948:Drivers/STM32F1xx_HAL_Driver/Src/stm32f1xx_hal_spi.c ****       break;
3949:Drivers/STM32F1xx_HAL_Driver/Src/stm32f1xx_hal_spi.c ****     }
3950:Drivers/STM32F1xx_HAL_Driver/Src/stm32f1xx_hal_spi.c ****     count--;
3951:Drivers/STM32F1xx_HAL_Driver/Src/stm32f1xx_hal_spi.c ****   } while ((hspi->Instance->SR & SPI_FLAG_TXE) == RESET);
  53              		.loc 1 3951 17 view .LVU10
  54 0018 0368     		ldr	r3, [r0]
  55              	.L4:
3943:Drivers/STM32F1xx_HAL_Driver/Src/stm32f1xx_hal_spi.c ****   {
  56              		.loc 1 3943 3 is_stmt 1 view .LVU11
3945:Drivers/STM32F1xx_HAL_Driver/Src/stm32f1xx_hal_spi.c ****     {
  57              		.loc 1 3945 5 view .LVU12
3945:Drivers/STM32F1xx_HAL_Driver/Src/stm32f1xx_hal_spi.c ****     {
  58              		.loc 1 3945 15 is_stmt 0 view .LVU13
  59 001a 019A     		ldr	r2, [sp, #4]
3945:Drivers/STM32F1xx_HAL_Driver/Src/stm32f1xx_hal_spi.c ****     {
  60              		.loc 1 3945 8 view .LVU14
  61 001c 9AB9     		cbnz	r2, .L2
3947:Drivers/STM32F1xx_HAL_Driver/Src/stm32f1xx_hal_spi.c ****       break;
  62              		.loc 1 3947 7 is_stmt 1 view .LVU15
  63 001e 426D     		ldr	r2, [r0, #84]
  64 0020 42F04002 		orr	r2, r2, #64
  65 0024 4265     		str	r2, [r0, #84]
3948:Drivers/STM32F1xx_HAL_Driver/Src/stm32f1xx_hal_spi.c ****     }
  66              		.loc 1 3948 7 view .LVU16
  67              	.L3:
3952:Drivers/STM32F1xx_HAL_Driver/Src/stm32f1xx_hal_spi.c **** 
3953:Drivers/STM32F1xx_HAL_Driver/Src/stm32f1xx_hal_spi.c ****   /* Disable SPI Peripheral */
3954:Drivers/STM32F1xx_HAL_Driver/Src/stm32f1xx_hal_spi.c ****   __HAL_SPI_DISABLE(hspi);
  68              		.loc 1 3954 3 view .LVU17
  69 0026 1A68     		ldr	r2, [r3]
  70 0028 22F04002 		bic	r2, r2, #64
  71 002c 1A60     		str	r2, [r3]
3955:Drivers/STM32F1xx_HAL_Driver/Src/stm32f1xx_hal_spi.c **** 
3956:Drivers/STM32F1xx_HAL_Driver/Src/stm32f1xx_hal_spi.c ****   /* Disable TXEIE, RXNEIE and ERRIE(mode fault event, overrun error, TI frame error) interrupts */
3957:Drivers/STM32F1xx_HAL_Driver/Src/stm32f1xx_hal_spi.c ****   CLEAR_BIT(hspi->Instance->CR2, (SPI_CR2_TXEIE | SPI_CR2_RXNEIE | SPI_CR2_ERRIE));
  72              		.loc 1 3957 3 view .LVU18
  73 002e 5A68     		ldr	r2, [r3, #4]
  74 0030 22F0E002 		bic	r2, r2, #224
  75 0034 5A60     		str	r2, [r3, #4]
3958:Drivers/STM32F1xx_HAL_Driver/Src/stm32f1xx_hal_spi.c **** 
3959:Drivers/STM32F1xx_HAL_Driver/Src/stm32f1xx_hal_spi.c ****   /* Flush Data Register by a blank read */
3960:Drivers/STM32F1xx_HAL_Driver/Src/stm32f1xx_hal_spi.c ****   tmpreg = READ_REG(hspi->Instance->DR);
  76              		.loc 1 3960 3 view .LVU19
  77              		.loc 1 3960 12 is_stmt 0 view .LVU20
  78 0036 DB68     		ldr	r3, [r3, #12]
  79              		.loc 1 3960 10 view .LVU21
  80 0038 0093     		str	r3, [sp]
ARM GAS  C:\Users\airforce\AppData\Local\Temp\cca1ZS9V.s 			page 72


3961:Drivers/STM32F1xx_HAL_Driver/Src/stm32f1xx_hal_spi.c ****   /* To avoid GCC warning */
3962:Drivers/STM32F1xx_HAL_Driver/Src/stm32f1xx_hal_spi.c ****   UNUSED(tmpreg);
  81              		.loc 1 3962 3 is_stmt 1 view .LVU22
  82 003a 009B     		ldr	r3, [sp]
3963:Drivers/STM32F1xx_HAL_Driver/Src/stm32f1xx_hal_spi.c **** 
3964:Drivers/STM32F1xx_HAL_Driver/Src/stm32f1xx_hal_spi.c ****   hspi->State = HAL_SPI_STATE_ABORT;
  83              		.loc 1 3964 3 view .LVU23
  84              		.loc 1 3964 15 is_stmt 0 view .LVU24
  85 003c 0723     		movs	r3, #7
  86 003e 80F85130 		strb	r3, [r0, #81]
3965:Drivers/STM32F1xx_HAL_Driver/Src/stm32f1xx_hal_spi.c **** }
  87              		.loc 1 3965 1 view .LVU25
  88 0042 02B0     		add	sp, sp, #8
  89              	.LCFI1:
  90              		.cfi_remember_state
  91              		.cfi_def_cfa_offset 0
  92              		@ sp needed
  93 0044 7047     		bx	lr
  94              	.L2:
  95              	.LCFI2:
  96              		.cfi_restore_state
3950:Drivers/STM32F1xx_HAL_Driver/Src/stm32f1xx_hal_spi.c ****   } while ((hspi->Instance->SR & SPI_FLAG_TXE) == RESET);
  97              		.loc 1 3950 5 is_stmt 1 view .LVU26
3950:Drivers/STM32F1xx_HAL_Driver/Src/stm32f1xx_hal_spi.c ****   } while ((hspi->Instance->SR & SPI_FLAG_TXE) == RESET);
  98              		.loc 1 3950 10 is_stmt 0 view .LVU27
  99 0046 019A     		ldr	r2, [sp, #4]
 100 0048 013A     		subs	r2, r2, #1
 101 004a 0192     		str	r2, [sp, #4]
3951:Drivers/STM32F1xx_HAL_Driver/Src/stm32f1xx_hal_spi.c **** 
 102              		.loc 1 3951 48 is_stmt 1 view .LVU28
3951:Drivers/STM32F1xx_HAL_Driver/Src/stm32f1xx_hal_spi.c **** 
 103              		.loc 1 3951 27 is_stmt 0 view .LVU29
 104 004c 9A68     		ldr	r2, [r3, #8]
3951:Drivers/STM32F1xx_HAL_Driver/Src/stm32f1xx_hal_spi.c **** 
 105              		.loc 1 3951 48 view .LVU30
 106 004e 9207     		lsls	r2, r2, #30
 107 0050 E3D5     		bpl	.L4
 108 0052 E8E7     		b	.L3
 109              	.L8:
 110              		.align	2
 111              	.L7:
 112 0054 00000000 		.word	SystemCoreClock
 113              		.cfi_endproc
 114              	.LFE118:
 116              		.section	.text.SPI_AbortTx_ISR,"ax",%progbits
 117              		.align	1
 118              		.syntax unified
 119              		.thumb
 120              		.thumb_func
 122              	SPI_AbortTx_ISR:
 123              	.LVL1:
 124              	.LFB119:
3966:Drivers/STM32F1xx_HAL_Driver/Src/stm32f1xx_hal_spi.c **** 
3967:Drivers/STM32F1xx_HAL_Driver/Src/stm32f1xx_hal_spi.c **** /**
3968:Drivers/STM32F1xx_HAL_Driver/Src/stm32f1xx_hal_spi.c ****   * @brief  Handle abort a Tx or Rx/Tx transaction.
3969:Drivers/STM32F1xx_HAL_Driver/Src/stm32f1xx_hal_spi.c ****   * @param  hspi pointer to a SPI_HandleTypeDef structure that contains
3970:Drivers/STM32F1xx_HAL_Driver/Src/stm32f1xx_hal_spi.c ****   *               the configuration information for SPI module.
ARM GAS  C:\Users\airforce\AppData\Local\Temp\cca1ZS9V.s 			page 73


3971:Drivers/STM32F1xx_HAL_Driver/Src/stm32f1xx_hal_spi.c ****   * @retval None
3972:Drivers/STM32F1xx_HAL_Driver/Src/stm32f1xx_hal_spi.c ****   */
3973:Drivers/STM32F1xx_HAL_Driver/Src/stm32f1xx_hal_spi.c **** static void SPI_AbortTx_ISR(SPI_HandleTypeDef *hspi)
3974:Drivers/STM32F1xx_HAL_Driver/Src/stm32f1xx_hal_spi.c **** {
 125              		.loc 1 3974 1 is_stmt 1 view -0
 126              		.cfi_startproc
 127              		@ args = 0, pretend = 0, frame = 0
 128              		@ frame_needed = 0, uses_anonymous_args = 0
 129              		@ link register save eliminated.
3975:Drivers/STM32F1xx_HAL_Driver/Src/stm32f1xx_hal_spi.c ****   /* Disable TXEIE interrupt */
3976:Drivers/STM32F1xx_HAL_Driver/Src/stm32f1xx_hal_spi.c ****   CLEAR_BIT(hspi->Instance->CR2, (SPI_CR2_TXEIE));
 130              		.loc 1 3976 3 view .LVU32
 131 0000 0368     		ldr	r3, [r0]
 132 0002 5A68     		ldr	r2, [r3, #4]
 133 0004 22F08002 		bic	r2, r2, #128
 134 0008 5A60     		str	r2, [r3, #4]
3977:Drivers/STM32F1xx_HAL_Driver/Src/stm32f1xx_hal_spi.c **** 
3978:Drivers/STM32F1xx_HAL_Driver/Src/stm32f1xx_hal_spi.c ****   /* Disable SPI Peripheral */
3979:Drivers/STM32F1xx_HAL_Driver/Src/stm32f1xx_hal_spi.c ****   __HAL_SPI_DISABLE(hspi);
 135              		.loc 1 3979 3 view .LVU33
 136 000a 1A68     		ldr	r2, [r3]
 137 000c 22F04002 		bic	r2, r2, #64
 138 0010 1A60     		str	r2, [r3]
3980:Drivers/STM32F1xx_HAL_Driver/Src/stm32f1xx_hal_spi.c **** 
3981:Drivers/STM32F1xx_HAL_Driver/Src/stm32f1xx_hal_spi.c ****   hspi->State = HAL_SPI_STATE_ABORT;
 139              		.loc 1 3981 3 view .LVU34
 140              		.loc 1 3981 15 is_stmt 0 view .LVU35
 141 0012 0723     		movs	r3, #7
 142 0014 80F85130 		strb	r3, [r0, #81]
3982:Drivers/STM32F1xx_HAL_Driver/Src/stm32f1xx_hal_spi.c **** }
 143              		.loc 1 3982 1 view .LVU36
 144 0018 7047     		bx	lr
 145              		.cfi_endproc
 146              	.LFE119:
 148              		.section	.text.SPI_WaitFlagStateUntilTimeout,"ax",%progbits
 149              		.align	1
 150              		.syntax unified
 151              		.thumb
 152              		.thumb_func
 154              	SPI_WaitFlagStateUntilTimeout:
 155              	.LVL2:
 156              	.LFB112:
3570:Drivers/STM32F1xx_HAL_Driver/Src/stm32f1xx_hal_spi.c ****   __IO uint32_t count;
 157              		.loc 1 3570 1 is_stmt 1 view -0
 158              		.cfi_startproc
 159              		@ args = 4, pretend = 0, frame = 8
 160              		@ frame_needed = 0, uses_anonymous_args = 0
3571:Drivers/STM32F1xx_HAL_Driver/Src/stm32f1xx_hal_spi.c ****   uint32_t tmp_timeout;
 161              		.loc 1 3571 3 view .LVU38
3572:Drivers/STM32F1xx_HAL_Driver/Src/stm32f1xx_hal_spi.c ****   uint32_t tmp_tickstart;
 162              		.loc 1 3572 3 view .LVU39
3573:Drivers/STM32F1xx_HAL_Driver/Src/stm32f1xx_hal_spi.c **** 
 163              		.loc 1 3573 3 view .LVU40
3576:Drivers/STM32F1xx_HAL_Driver/Src/stm32f1xx_hal_spi.c ****   tmp_tickstart = HAL_GetTick();
 164              		.loc 1 3576 3 view .LVU41
3570:Drivers/STM32F1xx_HAL_Driver/Src/stm32f1xx_hal_spi.c ****   __IO uint32_t count;
 165              		.loc 1 3570 1 is_stmt 0 view .LVU42
ARM GAS  C:\Users\airforce\AppData\Local\Temp\cca1ZS9V.s 			page 74


 166 0000 2DE9F347 		push	{r0, r1, r4, r5, r6, r7, r8, r9, r10, lr}
 167              	.LCFI3:
 168              		.cfi_def_cfa_offset 40
 169              		.cfi_offset 4, -32
 170              		.cfi_offset 5, -28
 171              		.cfi_offset 6, -24
 172              		.cfi_offset 7, -20
 173              		.cfi_offset 8, -16
 174              		.cfi_offset 9, -12
 175              		.cfi_offset 10, -8
 176              		.cfi_offset 14, -4
3570:Drivers/STM32F1xx_HAL_Driver/Src/stm32f1xx_hal_spi.c ****   __IO uint32_t count;
 177              		.loc 1 3570 1 view .LVU43
 178 0004 1F46     		mov	r7, r3
 179 0006 8946     		mov	r9, r1
 180 0008 9046     		mov	r8, r2
 181 000a 0446     		mov	r4, r0
3576:Drivers/STM32F1xx_HAL_Driver/Src/stm32f1xx_hal_spi.c ****   tmp_tickstart = HAL_GetTick();
 182              		.loc 1 3576 30 view .LVU44
 183 000c FFF7FEFF 		bl	HAL_GetTick
 184              	.LVL3:
3576:Drivers/STM32F1xx_HAL_Driver/Src/stm32f1xx_hal_spi.c ****   tmp_tickstart = HAL_GetTick();
 185              		.loc 1 3576 17 discriminator 1 view .LVU45
 186 0010 0A9D     		ldr	r5, [sp, #40]
 187 0012 3D44     		add	r5, r5, r7
 188 0014 2D1A     		subs	r5, r5, r0
 189              	.LVL4:
3577:Drivers/STM32F1xx_HAL_Driver/Src/stm32f1xx_hal_spi.c **** 
 190              		.loc 1 3577 3 is_stmt 1 view .LVU46
3577:Drivers/STM32F1xx_HAL_Driver/Src/stm32f1xx_hal_spi.c **** 
 191              		.loc 1 3577 19 is_stmt 0 view .LVU47
 192 0016 FFF7FEFF 		bl	HAL_GetTick
 193              	.LVL5:
 194 001a 8246     		mov	r10, r0
 195              	.LVL6:
3580:Drivers/STM32F1xx_HAL_Driver/Src/stm32f1xx_hal_spi.c **** 
 196              		.loc 1 3580 3 is_stmt 1 view .LVU48
3580:Drivers/STM32F1xx_HAL_Driver/Src/stm32f1xx_hal_spi.c **** 
 197              		.loc 1 3580 43 is_stmt 0 view .LVU49
 198 001c 254B     		ldr	r3, .L27
 199 001e 1E68     		ldr	r6, [r3]
3580:Drivers/STM32F1xx_HAL_Driver/Src/stm32f1xx_hal_spi.c **** 
 200              		.loc 1 3580 50 view .LVU50
 201 0020 C6F3CB36 		ubfx	r6, r6, #15, #12
3580:Drivers/STM32F1xx_HAL_Driver/Src/stm32f1xx_hal_spi.c **** 
 202              		.loc 1 3580 23 view .LVU51
 203 0024 6E43     		muls	r6, r5, r6
3580:Drivers/STM32F1xx_HAL_Driver/Src/stm32f1xx_hal_spi.c **** 
 204              		.loc 1 3580 9 view .LVU52
 205 0026 0196     		str	r6, [sp, #4]
3582:Drivers/STM32F1xx_HAL_Driver/Src/stm32f1xx_hal_spi.c ****   {
 206              		.loc 1 3582 3 is_stmt 1 view .LVU53
 207              	.LVL7:
 208              	.L11:
3582:Drivers/STM32F1xx_HAL_Driver/Src/stm32f1xx_hal_spi.c ****   {
 209              		.loc 1 3582 11 is_stmt 0 view .LVU54
 210 0028 2268     		ldr	r2, [r4]
ARM GAS  C:\Users\airforce\AppData\Local\Temp\cca1ZS9V.s 			page 75


 211              	.L12:
3582:Drivers/STM32F1xx_HAL_Driver/Src/stm32f1xx_hal_spi.c ****   {
 212              		.loc 1 3582 57 is_stmt 1 view .LVU55
3582:Drivers/STM32F1xx_HAL_Driver/Src/stm32f1xx_hal_spi.c ****   {
 213              		.loc 1 3582 11 is_stmt 0 view .LVU56
 214 002a 9368     		ldr	r3, [r2, #8]
3582:Drivers/STM32F1xx_HAL_Driver/Src/stm32f1xx_hal_spi.c ****   {
 215              		.loc 1 3582 48 view .LVU57
 216 002c 39EA0303 		bics	r3, r9, r3
 217 0030 0CBF     		ite	eq
 218 0032 0123     		moveq	r3, #1
 219 0034 0023     		movne	r3, #0
3582:Drivers/STM32F1xx_HAL_Driver/Src/stm32f1xx_hal_spi.c ****   {
 220              		.loc 1 3582 57 view .LVU58
 221 0036 4345     		cmp	r3, r8
 222 0038 01D1     		bne	.L19
3624:Drivers/STM32F1xx_HAL_Driver/Src/stm32f1xx_hal_spi.c **** }
 223              		.loc 1 3624 10 view .LVU59
 224 003a 0020     		movs	r0, #0
 225 003c 2EE0     		b	.L17
 226              	.L19:
3584:Drivers/STM32F1xx_HAL_Driver/Src/stm32f1xx_hal_spi.c ****     {
 227              		.loc 1 3584 5 is_stmt 1 view .LVU60
3584:Drivers/STM32F1xx_HAL_Driver/Src/stm32f1xx_hal_spi.c ****     {
 228              		.loc 1 3584 8 is_stmt 0 view .LVU61
 229 003e 7B1C     		adds	r3, r7, #1
 230 0040 F3D0     		beq	.L12
3586:Drivers/STM32F1xx_HAL_Driver/Src/stm32f1xx_hal_spi.c ****       {
 231              		.loc 1 3586 7 is_stmt 1 view .LVU62
3586:Drivers/STM32F1xx_HAL_Driver/Src/stm32f1xx_hal_spi.c ****       {
 232              		.loc 1 3586 13 is_stmt 0 view .LVU63
 233 0042 FFF7FEFF 		bl	HAL_GetTick
 234              	.LVL8:
3586:Drivers/STM32F1xx_HAL_Driver/Src/stm32f1xx_hal_spi.c ****       {
 235              		.loc 1 3586 27 discriminator 1 view .LVU64
 236 0046 A0EB0A00 		sub	r0, r0, r10
3586:Drivers/STM32F1xx_HAL_Driver/Src/stm32f1xx_hal_spi.c ****       {
 237              		.loc 1 3586 10 discriminator 1 view .LVU65
 238 004a A842     		cmp	r0, r5
 239 004c 29D3     		bcc	.L13
3593:Drivers/STM32F1xx_HAL_Driver/Src/stm32f1xx_hal_spi.c **** 
 240              		.loc 1 3593 9 is_stmt 1 view .LVU66
 241 004e 2368     		ldr	r3, [r4]
 242 0050 5A68     		ldr	r2, [r3, #4]
 243 0052 22F0E002 		bic	r2, r2, #224
 244 0056 5A60     		str	r2, [r3, #4]
3595:Drivers/STM32F1xx_HAL_Driver/Src/stm32f1xx_hal_spi.c ****                                                      || (hspi->Init.Direction == SPI_DIRECTION_2LIN
 245              		.loc 1 3595 9 view .LVU67
3595:Drivers/STM32F1xx_HAL_Driver/Src/stm32f1xx_hal_spi.c ****                                                      || (hspi->Init.Direction == SPI_DIRECTION_2LIN
 246              		.loc 1 3595 12 is_stmt 0 view .LVU68
 247 0058 6268     		ldr	r2, [r4, #4]
 248 005a B2F5827F 		cmp	r2, #260
 249 005e 0AD1     		bne	.L14
3595:Drivers/STM32F1xx_HAL_Driver/Src/stm32f1xx_hal_spi.c ****                                                      || (hspi->Init.Direction == SPI_DIRECTION_2LIN
 250              		.loc 1 3595 65 discriminator 1 view .LVU69
 251 0060 A268     		ldr	r2, [r4, #8]
3595:Drivers/STM32F1xx_HAL_Driver/Src/stm32f1xx_hal_spi.c ****                                                      || (hspi->Init.Direction == SPI_DIRECTION_2LIN
ARM GAS  C:\Users\airforce\AppData\Local\Temp\cca1ZS9V.s 			page 76


 252              		.loc 1 3595 50 discriminator 1 view .LVU70
 253 0062 B2F5004F 		cmp	r2, #32768
 254 0066 02D0     		beq	.L15
3596:Drivers/STM32F1xx_HAL_Driver/Src/stm32f1xx_hal_spi.c ****         {
 255              		.loc 1 3596 54 view .LVU71
 256 0068 B2F5806F 		cmp	r2, #1024
 257 006c 03D1     		bne	.L14
 258              	.L15:
3599:Drivers/STM32F1xx_HAL_Driver/Src/stm32f1xx_hal_spi.c ****         }
 259              		.loc 1 3599 11 is_stmt 1 view .LVU72
 260 006e 1A68     		ldr	r2, [r3]
 261 0070 22F04002 		bic	r2, r2, #64
 262 0074 1A60     		str	r2, [r3]
 263              	.L14:
3603:Drivers/STM32F1xx_HAL_Driver/Src/stm32f1xx_hal_spi.c ****         {
 264              		.loc 1 3603 9 view .LVU73
3603:Drivers/STM32F1xx_HAL_Driver/Src/stm32f1xx_hal_spi.c ****         {
 265              		.loc 1 3603 12 is_stmt 0 view .LVU74
 266 0076 A26A     		ldr	r2, [r4, #40]
 267 0078 B2F5005F 		cmp	r2, #8192
 268 007c 07D1     		bne	.L16
3605:Drivers/STM32F1xx_HAL_Driver/Src/stm32f1xx_hal_spi.c ****         }
 269              		.loc 1 3605 11 is_stmt 1 view .LVU75
3605:Drivers/STM32F1xx_HAL_Driver/Src/stm32f1xx_hal_spi.c ****         }
 270              		.loc 1 3605 11 view .LVU76
 271 007e 1A68     		ldr	r2, [r3]
 272 0080 22F40052 		bic	r2, r2, #8192
 273 0084 1A60     		str	r2, [r3]
3605:Drivers/STM32F1xx_HAL_Driver/Src/stm32f1xx_hal_spi.c ****         }
 274              		.loc 1 3605 11 view .LVU77
 275 0086 1A68     		ldr	r2, [r3]
 276 0088 42F40052 		orr	r2, r2, #8192
 277 008c 1A60     		str	r2, [r3]
 278              	.L16:
3605:Drivers/STM32F1xx_HAL_Driver/Src/stm32f1xx_hal_spi.c ****         }
 279              		.loc 1 3605 11 discriminator 1 view .LVU78
3608:Drivers/STM32F1xx_HAL_Driver/Src/stm32f1xx_hal_spi.c **** 
 280              		.loc 1 3608 9 view .LVU79
3608:Drivers/STM32F1xx_HAL_Driver/Src/stm32f1xx_hal_spi.c **** 
 281              		.loc 1 3608 21 is_stmt 0 view .LVU80
 282 008e 0123     		movs	r3, #1
 283 0090 84F85130 		strb	r3, [r4, #81]
3611:Drivers/STM32F1xx_HAL_Driver/Src/stm32f1xx_hal_spi.c **** 
 284              		.loc 1 3611 9 is_stmt 1 view .LVU81
3611:Drivers/STM32F1xx_HAL_Driver/Src/stm32f1xx_hal_spi.c **** 
 285              		.loc 1 3611 9 view .LVU82
 286 0094 0023     		movs	r3, #0
3613:Drivers/STM32F1xx_HAL_Driver/Src/stm32f1xx_hal_spi.c ****       }
 287              		.loc 1 3613 16 is_stmt 0 view .LVU83
 288 0096 0320     		movs	r0, #3
3611:Drivers/STM32F1xx_HAL_Driver/Src/stm32f1xx_hal_spi.c **** 
 289              		.loc 1 3611 9 view .LVU84
 290 0098 84F85030 		strb	r3, [r4, #80]
3611:Drivers/STM32F1xx_HAL_Driver/Src/stm32f1xx_hal_spi.c **** 
 291              		.loc 1 3611 9 is_stmt 1 view .LVU85
3613:Drivers/STM32F1xx_HAL_Driver/Src/stm32f1xx_hal_spi.c ****       }
 292              		.loc 1 3613 9 view .LVU86
ARM GAS  C:\Users\airforce\AppData\Local\Temp\cca1ZS9V.s 			page 77


 293              	.L17:
3625:Drivers/STM32F1xx_HAL_Driver/Src/stm32f1xx_hal_spi.c **** 
 294              		.loc 1 3625 1 is_stmt 0 view .LVU87
 295 009c 02B0     		add	sp, sp, #8
 296              	.LCFI4:
 297              		.cfi_remember_state
 298              		.cfi_def_cfa_offset 32
 299              		@ sp needed
 300 009e BDE8F087 		pop	{r4, r5, r6, r7, r8, r9, r10, pc}
 301              	.LVL9:
 302              	.L13:
 303              	.LCFI5:
 304              		.cfi_restore_state
3616:Drivers/STM32F1xx_HAL_Driver/Src/stm32f1xx_hal_spi.c ****       {
 305              		.loc 1 3616 7 is_stmt 1 view .LVU88
3616:Drivers/STM32F1xx_HAL_Driver/Src/stm32f1xx_hal_spi.c ****       {
 306              		.loc 1 3616 17 is_stmt 0 view .LVU89
 307 00a2 019A     		ldr	r2, [sp, #4]
3620:Drivers/STM32F1xx_HAL_Driver/Src/stm32f1xx_hal_spi.c ****     }
 308              		.loc 1 3620 12 view .LVU90
 309 00a4 019B     		ldr	r3, [sp, #4]
3616:Drivers/STM32F1xx_HAL_Driver/Src/stm32f1xx_hal_spi.c ****       {
 310              		.loc 1 3616 10 view .LVU91
 311 00a6 002A     		cmp	r2, #0
 312              	.LVL10:
3620:Drivers/STM32F1xx_HAL_Driver/Src/stm32f1xx_hal_spi.c ****     }
 313              		.loc 1 3620 7 is_stmt 1 view .LVU92
3620:Drivers/STM32F1xx_HAL_Driver/Src/stm32f1xx_hal_spi.c ****     }
 314              		.loc 1 3620 12 is_stmt 0 view .LVU93
 315 00a8 03F1FF33 		add	r3, r3, #-1
 316 00ac 08BF     		it	eq
 317 00ae 1546     		moveq	r5, r2
 318              	.LVL11:
3620:Drivers/STM32F1xx_HAL_Driver/Src/stm32f1xx_hal_spi.c ****     }
 319              		.loc 1 3620 12 view .LVU94
 320 00b0 0193     		str	r3, [sp, #4]
 321 00b2 B9E7     		b	.L11
 322              	.L28:
 323              		.align	2
 324              	.L27:
 325 00b4 00000000 		.word	SystemCoreClock
 326              		.cfi_endproc
 327              	.LFE112:
 329              		.section	.text.SPI_EndRxTxTransaction,"ax",%progbits
 330              		.align	1
 331              		.syntax unified
 332              		.thumb
 333              		.thumb_func
 335              	SPI_EndRxTxTransaction:
 336              	.LVL12:
 337              	.LFB114:
3673:Drivers/STM32F1xx_HAL_Driver/Src/stm32f1xx_hal_spi.c ****   /* Wait until TXE flag */
 338              		.loc 1 3673 1 is_stmt 1 view -0
 339              		.cfi_startproc
 340              		@ args = 0, pretend = 0, frame = 0
 341              		@ frame_needed = 0, uses_anonymous_args = 0
3675:Drivers/STM32F1xx_HAL_Driver/Src/stm32f1xx_hal_spi.c ****   {
ARM GAS  C:\Users\airforce\AppData\Local\Temp\cca1ZS9V.s 			page 78


 342              		.loc 1 3675 3 view .LVU96
3673:Drivers/STM32F1xx_HAL_Driver/Src/stm32f1xx_hal_spi.c ****   /* Wait until TXE flag */
 343              		.loc 1 3673 1 is_stmt 0 view .LVU97
 344 0000 73B5     		push	{r0, r1, r4, r5, r6, lr}
 345              	.LCFI6:
 346              		.cfi_def_cfa_offset 24
 347              		.cfi_offset 4, -16
 348              		.cfi_offset 5, -12
 349              		.cfi_offset 6, -8
 350              		.cfi_offset 14, -4
3675:Drivers/STM32F1xx_HAL_Driver/Src/stm32f1xx_hal_spi.c ****   {
 351              		.loc 1 3675 7 view .LVU98
 352 0002 0B46     		mov	r3, r1
 353 0004 0092     		str	r2, [sp]
3673:Drivers/STM32F1xx_HAL_Driver/Src/stm32f1xx_hal_spi.c ****   /* Wait until TXE flag */
 354              		.loc 1 3673 1 view .LVU99
 355 0006 0D46     		mov	r5, r1
 356 0008 1646     		mov	r6, r2
3675:Drivers/STM32F1xx_HAL_Driver/Src/stm32f1xx_hal_spi.c ****   {
 357              		.loc 1 3675 7 view .LVU100
 358 000a 0221     		movs	r1, #2
 359              	.LVL13:
3675:Drivers/STM32F1xx_HAL_Driver/Src/stm32f1xx_hal_spi.c ****   {
 360              		.loc 1 3675 7 view .LVU101
 361 000c 0122     		movs	r2, #1
 362              	.LVL14:
3673:Drivers/STM32F1xx_HAL_Driver/Src/stm32f1xx_hal_spi.c ****   /* Wait until TXE flag */
 363              		.loc 1 3673 1 view .LVU102
 364 000e 0446     		mov	r4, r0
3675:Drivers/STM32F1xx_HAL_Driver/Src/stm32f1xx_hal_spi.c ****   {
 365              		.loc 1 3675 7 view .LVU103
 366 0010 FFF7FEFF 		bl	SPI_WaitFlagStateUntilTimeout
 367              	.LVL15:
3675:Drivers/STM32F1xx_HAL_Driver/Src/stm32f1xx_hal_spi.c ****   {
 368              		.loc 1 3675 6 discriminator 1 view .LVU104
 369 0014 0246     		mov	r2, r0
 370 0016 28B1     		cbz	r0, .L30
 371              	.L36:
3684:Drivers/STM32F1xx_HAL_Driver/Src/stm32f1xx_hal_spi.c ****     return HAL_TIMEOUT;
 372              		.loc 1 3684 5 is_stmt 1 view .LVU105
 373 0018 636D     		ldr	r3, [r4, #84]
3678:Drivers/STM32F1xx_HAL_Driver/Src/stm32f1xx_hal_spi.c ****   }
 374              		.loc 1 3678 12 is_stmt 0 view .LVU106
 375 001a 0320     		movs	r0, #3
3684:Drivers/STM32F1xx_HAL_Driver/Src/stm32f1xx_hal_spi.c ****     return HAL_TIMEOUT;
 376              		.loc 1 3684 5 view .LVU107
 377 001c 43F02003 		orr	r3, r3, #32
 378 0020 6365     		str	r3, [r4, #84]
3685:Drivers/STM32F1xx_HAL_Driver/Src/stm32f1xx_hal_spi.c ****   }
 379              		.loc 1 3685 5 is_stmt 1 view .LVU108
 380 0022 07E0     		b	.L32
 381              	.L30:
3682:Drivers/STM32F1xx_HAL_Driver/Src/stm32f1xx_hal_spi.c ****   {
 382              		.loc 1 3682 3 view .LVU109
3682:Drivers/STM32F1xx_HAL_Driver/Src/stm32f1xx_hal_spi.c ****   {
 383              		.loc 1 3682 7 is_stmt 0 view .LVU110
 384 0024 2B46     		mov	r3, r5
ARM GAS  C:\Users\airforce\AppData\Local\Temp\cca1ZS9V.s 			page 79


 385 0026 8021     		movs	r1, #128
 386 0028 2046     		mov	r0, r4
 387 002a 0096     		str	r6, [sp]
 388 002c FFF7FEFF 		bl	SPI_WaitFlagStateUntilTimeout
 389              	.LVL16:
3682:Drivers/STM32F1xx_HAL_Driver/Src/stm32f1xx_hal_spi.c ****   {
 390              		.loc 1 3682 6 discriminator 1 view .LVU111
 391 0030 0028     		cmp	r0, #0
 392 0032 F1D1     		bne	.L36
 393              	.L32:
3688:Drivers/STM32F1xx_HAL_Driver/Src/stm32f1xx_hal_spi.c **** 
 394              		.loc 1 3688 1 view .LVU112
 395 0034 02B0     		add	sp, sp, #8
 396              	.LCFI7:
 397              		.cfi_def_cfa_offset 16
 398              		@ sp needed
 399 0036 70BD     		pop	{r4, r5, r6, pc}
3688:Drivers/STM32F1xx_HAL_Driver/Src/stm32f1xx_hal_spi.c **** 
 400              		.loc 1 3688 1 view .LVU113
 401              		.cfi_endproc
 402              	.LFE114:
 404              		.section	.text.SPI_EndRxTransaction,"ax",%progbits
 405              		.align	1
 406              		.syntax unified
 407              		.thumb
 408              		.thumb_func
 410              	SPI_EndRxTransaction:
 411              	.LVL17:
 412              	.LFB113:
3636:Drivers/STM32F1xx_HAL_Driver/Src/stm32f1xx_hal_spi.c ****   if ((hspi->Init.Mode == SPI_MODE_MASTER) && ((hspi->Init.Direction == SPI_DIRECTION_1LINE)
 413              		.loc 1 3636 1 is_stmt 1 view -0
 414              		.cfi_startproc
 415              		@ args = 0, pretend = 0, frame = 0
 416              		@ frame_needed = 0, uses_anonymous_args = 0
3637:Drivers/STM32F1xx_HAL_Driver/Src/stm32f1xx_hal_spi.c ****                                                || (hspi->Init.Direction == SPI_DIRECTION_2LINES_RXO
 417              		.loc 1 3637 3 view .LVU115
3636:Drivers/STM32F1xx_HAL_Driver/Src/stm32f1xx_hal_spi.c ****   if ((hspi->Init.Mode == SPI_MODE_MASTER) && ((hspi->Init.Direction == SPI_DIRECTION_1LINE)
 418              		.loc 1 3636 1 is_stmt 0 view .LVU116
 419 0000 37B5     		push	{r0, r1, r2, r4, r5, lr}
 420              	.LCFI8:
 421              		.cfi_def_cfa_offset 24
 422              		.cfi_offset 4, -12
 423              		.cfi_offset 5, -8
 424              		.cfi_offset 14, -4
3636:Drivers/STM32F1xx_HAL_Driver/Src/stm32f1xx_hal_spi.c ****   if ((hspi->Init.Mode == SPI_MODE_MASTER) && ((hspi->Init.Direction == SPI_DIRECTION_1LINE)
 425              		.loc 1 3636 1 view .LVU117
 426 0002 0B46     		mov	r3, r1
3637:Drivers/STM32F1xx_HAL_Driver/Src/stm32f1xx_hal_spi.c ****                                                || (hspi->Init.Direction == SPI_DIRECTION_2LINES_RXO
 427              		.loc 1 3637 6 view .LVU118
 428 0004 4168     		ldr	r1, [r0, #4]
 429              	.LVL18:
3636:Drivers/STM32F1xx_HAL_Driver/Src/stm32f1xx_hal_spi.c ****   if ((hspi->Init.Mode == SPI_MODE_MASTER) && ((hspi->Init.Direction == SPI_DIRECTION_1LINE)
 430              		.loc 1 3636 1 view .LVU119
 431 0006 0446     		mov	r4, r0
3637:Drivers/STM32F1xx_HAL_Driver/Src/stm32f1xx_hal_spi.c ****                                                || (hspi->Init.Direction == SPI_DIRECTION_2LINES_RXO
 432              		.loc 1 3637 6 view .LVU120
 433 0008 B1F5827F 		cmp	r1, #260
ARM GAS  C:\Users\airforce\AppData\Local\Temp\cca1ZS9V.s 			page 80


 434 000c 18D1     		bne	.L38
3637:Drivers/STM32F1xx_HAL_Driver/Src/stm32f1xx_hal_spi.c ****                                                || (hspi->Init.Direction == SPI_DIRECTION_2LINES_RXO
 435              		.loc 1 3637 59 discriminator 1 view .LVU121
 436 000e 8168     		ldr	r1, [r0, #8]
3637:Drivers/STM32F1xx_HAL_Driver/Src/stm32f1xx_hal_spi.c ****                                                || (hspi->Init.Direction == SPI_DIRECTION_2LINES_RXO
 437              		.loc 1 3637 44 discriminator 1 view .LVU122
 438 0010 B1F5004F 		cmp	r1, #32768
 439 0014 02D0     		beq	.L39
3638:Drivers/STM32F1xx_HAL_Driver/Src/stm32f1xx_hal_spi.c ****   {
 440              		.loc 1 3638 48 view .LVU123
 441 0016 B1F5806F 		cmp	r1, #1024
 442 001a 11D1     		bne	.L38
 443              	.L39:
3641:Drivers/STM32F1xx_HAL_Driver/Src/stm32f1xx_hal_spi.c ****   }
 444              		.loc 1 3641 5 is_stmt 1 view .LVU124
 445 001c 2568     		ldr	r5, [r4]
3644:Drivers/STM32F1xx_HAL_Driver/Src/stm32f1xx_hal_spi.c ****   {
 446              		.loc 1 3644 44 is_stmt 0 discriminator 1 view .LVU125
 447 001e B1F5806F 		cmp	r1, #1024
3641:Drivers/STM32F1xx_HAL_Driver/Src/stm32f1xx_hal_spi.c ****   }
 448              		.loc 1 3641 5 view .LVU126
 449 0022 2868     		ldr	r0, [r5]
 450              	.LVL19:
3641:Drivers/STM32F1xx_HAL_Driver/Src/stm32f1xx_hal_spi.c ****   }
 451              		.loc 1 3641 5 view .LVU127
 452 0024 20F04000 		bic	r0, r0, #64
 453 0028 2860     		str	r0, [r5]
3644:Drivers/STM32F1xx_HAL_Driver/Src/stm32f1xx_hal_spi.c ****   {
 454              		.loc 1 3644 3 is_stmt 1 view .LVU128
3644:Drivers/STM32F1xx_HAL_Driver/Src/stm32f1xx_hal_spi.c ****   {
 455              		.loc 1 3644 44 is_stmt 0 discriminator 1 view .LVU129
 456 002a 09D1     		bne	.L38
3647:Drivers/STM32F1xx_HAL_Driver/Src/stm32f1xx_hal_spi.c ****     {
 457              		.loc 1 3647 5 is_stmt 1 view .LVU130
3647:Drivers/STM32F1xx_HAL_Driver/Src/stm32f1xx_hal_spi.c ****     {
 458              		.loc 1 3647 9 is_stmt 0 view .LVU131
 459 002c 0092     		str	r2, [sp]
 460 002e 0121     		movs	r1, #1
 461 0030 0022     		movs	r2, #0
 462              	.LVL20:
 463              	.L51:
3647:Drivers/STM32F1xx_HAL_Driver/Src/stm32f1xx_hal_spi.c ****     {
 464              		.loc 1 3647 9 view .LVU132
 465 0032 2046     		mov	r0, r4
 466 0034 FFF7FEFF 		bl	SPI_WaitFlagStateUntilTimeout
 467              	.LVL21:
3647:Drivers/STM32F1xx_HAL_Driver/Src/stm32f1xx_hal_spi.c ****     {
 468              		.loc 1 3647 8 discriminator 1 view .LVU133
 469 0038 30B9     		cbnz	r0, .L50
3662:Drivers/STM32F1xx_HAL_Driver/Src/stm32f1xx_hal_spi.c **** }
 470              		.loc 1 3662 10 view .LVU134
 471 003a 0020     		movs	r0, #0
 472              	.L41:
3663:Drivers/STM32F1xx_HAL_Driver/Src/stm32f1xx_hal_spi.c **** 
 473              		.loc 1 3663 1 view .LVU135
 474 003c 03B0     		add	sp, sp, #12
 475              	.LCFI9:
ARM GAS  C:\Users\airforce\AppData\Local\Temp\cca1ZS9V.s 			page 81


 476              		.cfi_remember_state
 477              		.cfi_def_cfa_offset 12
 478              		@ sp needed
 479 003e 30BD     		pop	{r4, r5, pc}
 480              	.LVL22:
 481              	.L38:
 482              	.LCFI10:
 483              		.cfi_restore_state
3656:Drivers/STM32F1xx_HAL_Driver/Src/stm32f1xx_hal_spi.c ****     {
 484              		.loc 1 3656 5 is_stmt 1 view .LVU136
3656:Drivers/STM32F1xx_HAL_Driver/Src/stm32f1xx_hal_spi.c ****     {
 485              		.loc 1 3656 9 is_stmt 0 view .LVU137
 486 0040 0092     		str	r2, [sp]
 487 0042 8021     		movs	r1, #128
 488 0044 0022     		movs	r2, #0
 489              	.LVL23:
3656:Drivers/STM32F1xx_HAL_Driver/Src/stm32f1xx_hal_spi.c ****     {
 490              		.loc 1 3656 9 view .LVU138
 491 0046 F4E7     		b	.L51
 492              	.LVL24:
 493              	.L50:
3658:Drivers/STM32F1xx_HAL_Driver/Src/stm32f1xx_hal_spi.c ****       return HAL_TIMEOUT;
 494              		.loc 1 3658 7 is_stmt 1 view .LVU139
 495 0048 636D     		ldr	r3, [r4, #84]
3650:Drivers/STM32F1xx_HAL_Driver/Src/stm32f1xx_hal_spi.c ****     }
 496              		.loc 1 3650 14 is_stmt 0 view .LVU140
 497 004a 0320     		movs	r0, #3
3658:Drivers/STM32F1xx_HAL_Driver/Src/stm32f1xx_hal_spi.c ****       return HAL_TIMEOUT;
 498              		.loc 1 3658 7 view .LVU141
 499 004c 43F02003 		orr	r3, r3, #32
 500 0050 6365     		str	r3, [r4, #84]
3659:Drivers/STM32F1xx_HAL_Driver/Src/stm32f1xx_hal_spi.c ****     }
 501              		.loc 1 3659 7 is_stmt 1 view .LVU142
 502 0052 F3E7     		b	.L41
 503              		.cfi_endproc
 504              	.LFE113:
 506              		.section	.text.HAL_SPI_MspInit,"ax",%progbits
 507              		.align	1
 508              		.weak	HAL_SPI_MspInit
 509              		.syntax unified
 510              		.thumb
 511              		.thumb_func
 513              	HAL_SPI_MspInit:
 514              	.LVL25:
 515              	.LFB67:
 508:Drivers/STM32F1xx_HAL_Driver/Src/stm32f1xx_hal_spi.c ****   /* Prevent unused argument(s) compilation warning */
 516              		.loc 1 508 1 view -0
 517              		.cfi_startproc
 518              		@ args = 0, pretend = 0, frame = 0
 519              		@ frame_needed = 0, uses_anonymous_args = 0
 520              		@ link register save eliminated.
 510:Drivers/STM32F1xx_HAL_Driver/Src/stm32f1xx_hal_spi.c **** 
 521              		.loc 1 510 3 view .LVU144
 515:Drivers/STM32F1xx_HAL_Driver/Src/stm32f1xx_hal_spi.c **** 
 522              		.loc 1 515 1 is_stmt 0 view .LVU145
 523 0000 7047     		bx	lr
 524              		.cfi_endproc
ARM GAS  C:\Users\airforce\AppData\Local\Temp\cca1ZS9V.s 			page 82


 525              	.LFE67:
 527              		.section	.text.HAL_SPI_Init,"ax",%progbits
 528              		.align	1
 529              		.global	HAL_SPI_Init
 530              		.syntax unified
 531              		.thumb
 532              		.thumb_func
 534              	HAL_SPI_Init:
 535              	.LVL26:
 536              	.LFB65:
 336:Drivers/STM32F1xx_HAL_Driver/Src/stm32f1xx_hal_spi.c ****   /* Check the SPI handle allocation */
 537              		.loc 1 336 1 is_stmt 1 view -0
 538              		.cfi_startproc
 539              		@ args = 0, pretend = 0, frame = 0
 540              		@ frame_needed = 0, uses_anonymous_args = 0
 338:Drivers/STM32F1xx_HAL_Driver/Src/stm32f1xx_hal_spi.c ****   {
 541              		.loc 1 338 3 view .LVU147
 336:Drivers/STM32F1xx_HAL_Driver/Src/stm32f1xx_hal_spi.c ****   /* Check the SPI handle allocation */
 542              		.loc 1 336 1 is_stmt 0 view .LVU148
 543 0000 10B5     		push	{r4, lr}
 544              	.LCFI11:
 545              		.cfi_def_cfa_offset 8
 546              		.cfi_offset 4, -8
 547              		.cfi_offset 14, -4
 338:Drivers/STM32F1xx_HAL_Driver/Src/stm32f1xx_hal_spi.c ****   {
 548              		.loc 1 338 6 view .LVU149
 549 0002 0446     		mov	r4, r0
 550 0004 0028     		cmp	r0, #0
 551 0006 51D0     		beq	.L58
 344:Drivers/STM32F1xx_HAL_Driver/Src/stm32f1xx_hal_spi.c ****   assert_param(IS_SPI_MODE(hspi->Init.Mode));
 552              		.loc 1 344 3 is_stmt 1 view .LVU150
 345:Drivers/STM32F1xx_HAL_Driver/Src/stm32f1xx_hal_spi.c ****   assert_param(IS_SPI_DIRECTION(hspi->Init.Direction));
 553              		.loc 1 345 3 view .LVU151
 346:Drivers/STM32F1xx_HAL_Driver/Src/stm32f1xx_hal_spi.c ****   assert_param(IS_SPI_DATASIZE(hspi->Init.DataSize));
 554              		.loc 1 346 3 view .LVU152
 347:Drivers/STM32F1xx_HAL_Driver/Src/stm32f1xx_hal_spi.c ****   assert_param(IS_SPI_NSS(hspi->Init.NSS));
 555              		.loc 1 347 3 view .LVU153
 348:Drivers/STM32F1xx_HAL_Driver/Src/stm32f1xx_hal_spi.c ****   assert_param(IS_SPI_BAUDRATE_PRESCALER(hspi->Init.BaudRatePrescaler));
 556              		.loc 1 348 3 view .LVU154
 349:Drivers/STM32F1xx_HAL_Driver/Src/stm32f1xx_hal_spi.c ****   assert_param(IS_SPI_FIRST_BIT(hspi->Init.FirstBit));
 557              		.loc 1 349 3 view .LVU155
 350:Drivers/STM32F1xx_HAL_Driver/Src/stm32f1xx_hal_spi.c ****   /* TI mode is not supported on this device.
 558              		.loc 1 350 3 view .LVU156
 353:Drivers/STM32F1xx_HAL_Driver/Src/stm32f1xx_hal_spi.c ****   if (hspi->Init.TIMode == SPI_TIMODE_DISABLE)
 559              		.loc 1 353 3 view .LVU157
 354:Drivers/STM32F1xx_HAL_Driver/Src/stm32f1xx_hal_spi.c ****   {
 560              		.loc 1 354 3 view .LVU158
 354:Drivers/STM32F1xx_HAL_Driver/Src/stm32f1xx_hal_spi.c ****   {
 561              		.loc 1 354 6 is_stmt 0 view .LVU159
 562 0008 436A     		ldr	r3, [r0, #36]
 563 000a 002B     		cmp	r3, #0
 564 000c 4AD1     		bne	.L55
 356:Drivers/STM32F1xx_HAL_Driver/Src/stm32f1xx_hal_spi.c ****     assert_param(IS_SPI_CPHA(hspi->Init.CLKPhase));
 565              		.loc 1 356 5 is_stmt 1 view .LVU160
 357:Drivers/STM32F1xx_HAL_Driver/Src/stm32f1xx_hal_spi.c **** 
 566              		.loc 1 357 5 view .LVU161
 359:Drivers/STM32F1xx_HAL_Driver/Src/stm32f1xx_hal_spi.c ****     {
ARM GAS  C:\Users\airforce\AppData\Local\Temp\cca1ZS9V.s 			page 83


 567              		.loc 1 359 5 view .LVU162
 359:Drivers/STM32F1xx_HAL_Driver/Src/stm32f1xx_hal_spi.c ****     {
 568              		.loc 1 359 8 is_stmt 0 view .LVU163
 569 000e 4268     		ldr	r2, [r0, #4]
 570 0010 B2F5827F 		cmp	r2, #260
 571 0014 00D0     		beq	.L56
 366:Drivers/STM32F1xx_HAL_Driver/Src/stm32f1xx_hal_spi.c ****     }
 572              		.loc 1 366 7 is_stmt 1 view .LVU164
 366:Drivers/STM32F1xx_HAL_Driver/Src/stm32f1xx_hal_spi.c ****     }
 573              		.loc 1 366 36 is_stmt 0 view .LVU165
 574 0016 C361     		str	r3, [r0, #28]
 575              	.L56:
 384:Drivers/STM32F1xx_HAL_Driver/Src/stm32f1xx_hal_spi.c **** #endif /* USE_SPI_CRC */
 576              		.loc 1 384 3 is_stmt 1 view .LVU166
 384:Drivers/STM32F1xx_HAL_Driver/Src/stm32f1xx_hal_spi.c **** #endif /* USE_SPI_CRC */
 577              		.loc 1 384 29 is_stmt 0 view .LVU167
 578 0018 0023     		movs	r3, #0
 579 001a A362     		str	r3, [r4, #40]
 387:Drivers/STM32F1xx_HAL_Driver/Src/stm32f1xx_hal_spi.c ****   {
 580              		.loc 1 387 3 is_stmt 1 view .LVU168
 387:Drivers/STM32F1xx_HAL_Driver/Src/stm32f1xx_hal_spi.c ****   {
 581              		.loc 1 387 11 is_stmt 0 view .LVU169
 582 001c 94F85130 		ldrb	r3, [r4, #81]	@ zero_extendqisi2
 387:Drivers/STM32F1xx_HAL_Driver/Src/stm32f1xx_hal_spi.c ****   {
 583              		.loc 1 387 6 view .LVU170
 584 0020 03F0FF02 		and	r2, r3, #255
 585 0024 23B9     		cbnz	r3, .L57
 390:Drivers/STM32F1xx_HAL_Driver/Src/stm32f1xx_hal_spi.c **** 
 586              		.loc 1 390 5 is_stmt 1 view .LVU171
 412:Drivers/STM32F1xx_HAL_Driver/Src/stm32f1xx_hal_spi.c **** #endif /* USE_HAL_SPI_REGISTER_CALLBACKS */
 587              		.loc 1 412 5 is_stmt 0 view .LVU172
 588 0026 2046     		mov	r0, r4
 589              	.LVL27:
 390:Drivers/STM32F1xx_HAL_Driver/Src/stm32f1xx_hal_spi.c **** 
 590              		.loc 1 390 16 view .LVU173
 591 0028 84F85020 		strb	r2, [r4, #80]
 412:Drivers/STM32F1xx_HAL_Driver/Src/stm32f1xx_hal_spi.c **** #endif /* USE_HAL_SPI_REGISTER_CALLBACKS */
 592              		.loc 1 412 5 is_stmt 1 view .LVU174
 593 002c FFF7FEFF 		bl	HAL_SPI_MspInit
 594              	.LVL28:
 595              	.L57:
 416:Drivers/STM32F1xx_HAL_Driver/Src/stm32f1xx_hal_spi.c **** 
 596              		.loc 1 416 3 view .LVU175
 416:Drivers/STM32F1xx_HAL_Driver/Src/stm32f1xx_hal_spi.c **** 
 597              		.loc 1 416 15 is_stmt 0 view .LVU176
 598 0030 0223     		movs	r3, #2
 419:Drivers/STM32F1xx_HAL_Driver/Src/stm32f1xx_hal_spi.c **** 
 599              		.loc 1 419 3 view .LVU177
 600 0032 2268     		ldr	r2, [r4]
 416:Drivers/STM32F1xx_HAL_Driver/Src/stm32f1xx_hal_spi.c **** 
 601              		.loc 1 416 15 view .LVU178
 602 0034 84F85130 		strb	r3, [r4, #81]
 419:Drivers/STM32F1xx_HAL_Driver/Src/stm32f1xx_hal_spi.c **** 
 603              		.loc 1 419 3 is_stmt 1 view .LVU179
 604 0038 1368     		ldr	r3, [r2]
 424:Drivers/STM32F1xx_HAL_Driver/Src/stm32f1xx_hal_spi.c ****                                   (hspi->Init.Direction & (SPI_CR1_RXONLY | SPI_CR1_BIDIMODE)) |
 605              		.loc 1 424 3 is_stmt 0 view .LVU180
ARM GAS  C:\Users\airforce\AppData\Local\Temp\cca1ZS9V.s 			page 84


 606 003a A068     		ldr	r0, [r4, #8]
 419:Drivers/STM32F1xx_HAL_Driver/Src/stm32f1xx_hal_spi.c **** 
 607              		.loc 1 419 3 view .LVU181
 608 003c 23F04003 		bic	r3, r3, #64
 609 0040 1360     		str	r3, [r2]
 424:Drivers/STM32F1xx_HAL_Driver/Src/stm32f1xx_hal_spi.c ****                                   (hspi->Init.Direction & (SPI_CR1_RXONLY | SPI_CR1_BIDIMODE)) |
 610              		.loc 1 424 3 is_stmt 1 view .LVU182
 611 0042 6368     		ldr	r3, [r4, #4]
 612 0044 00F40440 		and	r0, r0, #33792
 613 0048 03F48273 		and	r3, r3, #260
 614 004c 0343     		orrs	r3, r3, r0
 615 004e E068     		ldr	r0, [r4, #12]
 616 0050 A169     		ldr	r1, [r4, #24]
 617 0052 00F40060 		and	r0, r0, #2048
 618 0056 0343     		orrs	r3, r3, r0
 619 0058 2069     		ldr	r0, [r4, #16]
 620 005a 00F00200 		and	r0, r0, #2
 621 005e 0343     		orrs	r3, r3, r0
 622 0060 6069     		ldr	r0, [r4, #20]
 623 0062 00F00100 		and	r0, r0, #1
 624 0066 0343     		orrs	r3, r3, r0
 625 0068 01F40070 		and	r0, r1, #512
 626 006c 0343     		orrs	r3, r3, r0
 627 006e E069     		ldr	r0, [r4, #28]
 435:Drivers/STM32F1xx_HAL_Driver/Src/stm32f1xx_hal_spi.c **** 
 628              		.loc 1 435 3 is_stmt 0 view .LVU183
 629 0070 090C     		lsrs	r1, r1, #16
 424:Drivers/STM32F1xx_HAL_Driver/Src/stm32f1xx_hal_spi.c ****                                   (hspi->Init.Direction & (SPI_CR1_RXONLY | SPI_CR1_BIDIMODE)) |
 630              		.loc 1 424 3 view .LVU184
 631 0072 00F03800 		and	r0, r0, #56
 632 0076 0343     		orrs	r3, r3, r0
 633 0078 206A     		ldr	r0, [r4, #32]
 435:Drivers/STM32F1xx_HAL_Driver/Src/stm32f1xx_hal_spi.c **** 
 634              		.loc 1 435 3 view .LVU185
 635 007a 01F00401 		and	r1, r1, #4
 424:Drivers/STM32F1xx_HAL_Driver/Src/stm32f1xx_hal_spi.c ****                                   (hspi->Init.Direction & (SPI_CR1_RXONLY | SPI_CR1_BIDIMODE)) |
 636              		.loc 1 424 3 view .LVU186
 637 007e 00F08000 		and	r0, r0, #128
 638 0082 0343     		orrs	r3, r3, r0
 639 0084 A06A     		ldr	r0, [r4, #40]
 640 0086 00F40050 		and	r0, r0, #8192
 641 008a 0343     		orrs	r3, r3, r0
 642 008c 1360     		str	r3, [r2]
 435:Drivers/STM32F1xx_HAL_Driver/Src/stm32f1xx_hal_spi.c **** 
 643              		.loc 1 435 3 is_stmt 1 view .LVU187
 644 008e 5160     		str	r1, [r2, #4]
 448:Drivers/STM32F1xx_HAL_Driver/Src/stm32f1xx_hal_spi.c **** #endif /* SPI_I2SCFGR_I2SMOD */
 645              		.loc 1 448 3 view .LVU188
 646 0090 D369     		ldr	r3, [r2, #28]
 451:Drivers/STM32F1xx_HAL_Driver/Src/stm32f1xx_hal_spi.c ****   hspi->State     = HAL_SPI_STATE_READY;
 647              		.loc 1 451 19 is_stmt 0 view .LVU189
 648 0092 0020     		movs	r0, #0
 448:Drivers/STM32F1xx_HAL_Driver/Src/stm32f1xx_hal_spi.c **** #endif /* SPI_I2SCFGR_I2SMOD */
 649              		.loc 1 448 3 view .LVU190
 650 0094 23F40063 		bic	r3, r3, #2048
 651 0098 D361     		str	r3, [r2, #28]
 451:Drivers/STM32F1xx_HAL_Driver/Src/stm32f1xx_hal_spi.c ****   hspi->State     = HAL_SPI_STATE_READY;
ARM GAS  C:\Users\airforce\AppData\Local\Temp\cca1ZS9V.s 			page 85


 652              		.loc 1 451 3 is_stmt 1 view .LVU191
 452:Drivers/STM32F1xx_HAL_Driver/Src/stm32f1xx_hal_spi.c **** 
 653              		.loc 1 452 19 is_stmt 0 view .LVU192
 654 009a 0123     		movs	r3, #1
 451:Drivers/STM32F1xx_HAL_Driver/Src/stm32f1xx_hal_spi.c ****   hspi->State     = HAL_SPI_STATE_READY;
 655              		.loc 1 451 19 view .LVU193
 656 009c 6065     		str	r0, [r4, #84]
 452:Drivers/STM32F1xx_HAL_Driver/Src/stm32f1xx_hal_spi.c **** 
 657              		.loc 1 452 3 is_stmt 1 view .LVU194
 452:Drivers/STM32F1xx_HAL_Driver/Src/stm32f1xx_hal_spi.c **** 
 658              		.loc 1 452 19 is_stmt 0 view .LVU195
 659 009e 84F85130 		strb	r3, [r4, #81]
 454:Drivers/STM32F1xx_HAL_Driver/Src/stm32f1xx_hal_spi.c **** }
 660              		.loc 1 454 3 is_stmt 1 view .LVU196
 661              	.L54:
 455:Drivers/STM32F1xx_HAL_Driver/Src/stm32f1xx_hal_spi.c **** 
 662              		.loc 1 455 1 is_stmt 0 view .LVU197
 663 00a2 10BD     		pop	{r4, pc}
 664              	.LVL29:
 665              	.L55:
 371:Drivers/STM32F1xx_HAL_Driver/Src/stm32f1xx_hal_spi.c **** 
 666              		.loc 1 371 5 is_stmt 1 view .LVU198
 374:Drivers/STM32F1xx_HAL_Driver/Src/stm32f1xx_hal_spi.c ****     hspi->Init.CLKPhase    = SPI_PHASE_1EDGE;
 667              		.loc 1 374 5 view .LVU199
 374:Drivers/STM32F1xx_HAL_Driver/Src/stm32f1xx_hal_spi.c ****     hspi->Init.CLKPhase    = SPI_PHASE_1EDGE;
 668              		.loc 1 374 28 is_stmt 0 view .LVU200
 669 00a4 0023     		movs	r3, #0
 375:Drivers/STM32F1xx_HAL_Driver/Src/stm32f1xx_hal_spi.c ****   }
 670              		.loc 1 375 28 view .LVU201
 671 00a6 C0E90433 		strd	r3, r3, [r0, #16]
 672 00aa B5E7     		b	.L56
 673              	.L58:
 340:Drivers/STM32F1xx_HAL_Driver/Src/stm32f1xx_hal_spi.c ****   }
 674              		.loc 1 340 12 view .LVU202
 675 00ac 0120     		movs	r0, #1
 676              	.LVL30:
 340:Drivers/STM32F1xx_HAL_Driver/Src/stm32f1xx_hal_spi.c ****   }
 677              		.loc 1 340 12 view .LVU203
 678 00ae F8E7     		b	.L54
 679              		.cfi_endproc
 680              	.LFE65:
 682              		.section	.text.HAL_SPI_MspDeInit,"ax",%progbits
 683              		.align	1
 684              		.weak	HAL_SPI_MspDeInit
 685              		.syntax unified
 686              		.thumb
 687              		.thumb_func
 689              	HAL_SPI_MspDeInit:
 690              	.LFB125:
 691              		.cfi_startproc
 523:Drivers/STM32F1xx_HAL_Driver/Src/stm32f1xx_hal_spi.c **** {
 692              		.loc 1 523 13 is_stmt 1 view -0
 693              		@ args = 0, pretend = 0, frame = 0
 694              		@ frame_needed = 0, uses_anonymous_args = 0
 695              		@ link register save eliminated.
 696 0000 7047     		bx	lr
 697              		.cfi_endproc
ARM GAS  C:\Users\airforce\AppData\Local\Temp\cca1ZS9V.s 			page 86


 698              	.LFE125:
 700              		.section	.text.HAL_SPI_DeInit,"ax",%progbits
 701              		.align	1
 702              		.global	HAL_SPI_DeInit
 703              		.syntax unified
 704              		.thumb
 705              		.thumb_func
 707              	HAL_SPI_DeInit:
 708              	.LVL31:
 709              	.LFB66:
 464:Drivers/STM32F1xx_HAL_Driver/Src/stm32f1xx_hal_spi.c ****   /* Check the SPI handle allocation */
 710              		.loc 1 464 1 view -0
 711              		.cfi_startproc
 712              		@ args = 0, pretend = 0, frame = 0
 713              		@ frame_needed = 0, uses_anonymous_args = 0
 466:Drivers/STM32F1xx_HAL_Driver/Src/stm32f1xx_hal_spi.c ****   {
 714              		.loc 1 466 3 view .LVU206
 464:Drivers/STM32F1xx_HAL_Driver/Src/stm32f1xx_hal_spi.c ****   /* Check the SPI handle allocation */
 715              		.loc 1 464 1 is_stmt 0 view .LVU207
 716 0000 10B5     		push	{r4, lr}
 717              	.LCFI12:
 718              		.cfi_def_cfa_offset 8
 719              		.cfi_offset 4, -8
 720              		.cfi_offset 14, -4
 466:Drivers/STM32F1xx_HAL_Driver/Src/stm32f1xx_hal_spi.c ****   {
 721              		.loc 1 466 6 view .LVU208
 722 0002 0446     		mov	r4, r0
 723 0004 80B1     		cbz	r0, .L65
 472:Drivers/STM32F1xx_HAL_Driver/Src/stm32f1xx_hal_spi.c **** 
 724              		.loc 1 472 3 is_stmt 1 view .LVU209
 474:Drivers/STM32F1xx_HAL_Driver/Src/stm32f1xx_hal_spi.c **** 
 725              		.loc 1 474 3 view .LVU210
 474:Drivers/STM32F1xx_HAL_Driver/Src/stm32f1xx_hal_spi.c **** 
 726              		.loc 1 474 15 is_stmt 0 view .LVU211
 727 0006 0223     		movs	r3, #2
 477:Drivers/STM32F1xx_HAL_Driver/Src/stm32f1xx_hal_spi.c **** 
 728              		.loc 1 477 3 view .LVU212
 729 0008 0268     		ldr	r2, [r0]
 474:Drivers/STM32F1xx_HAL_Driver/Src/stm32f1xx_hal_spi.c **** 
 730              		.loc 1 474 15 view .LVU213
 731 000a 80F85130 		strb	r3, [r0, #81]
 477:Drivers/STM32F1xx_HAL_Driver/Src/stm32f1xx_hal_spi.c **** 
 732              		.loc 1 477 3 is_stmt 1 view .LVU214
 733 000e 1368     		ldr	r3, [r2]
 734 0010 23F04003 		bic	r3, r3, #64
 735 0014 1360     		str	r3, [r2]
 489:Drivers/STM32F1xx_HAL_Driver/Src/stm32f1xx_hal_spi.c **** #endif /* USE_HAL_SPI_REGISTER_CALLBACKS */
 736              		.loc 1 489 3 view .LVU215
 737 0016 FFF7FEFF 		bl	HAL_SPI_MspDeInit
 738              	.LVL32:
 492:Drivers/STM32F1xx_HAL_Driver/Src/stm32f1xx_hal_spi.c ****   hspi->State = HAL_SPI_STATE_RESET;
 739              		.loc 1 492 3 view .LVU216
 492:Drivers/STM32F1xx_HAL_Driver/Src/stm32f1xx_hal_spi.c ****   hspi->State = HAL_SPI_STATE_RESET;
 740              		.loc 1 492 19 is_stmt 0 view .LVU217
 741 001a 0020     		movs	r0, #0
 742 001c 6065     		str	r0, [r4, #84]
 493:Drivers/STM32F1xx_HAL_Driver/Src/stm32f1xx_hal_spi.c **** 
ARM GAS  C:\Users\airforce\AppData\Local\Temp\cca1ZS9V.s 			page 87


 743              		.loc 1 493 3 is_stmt 1 view .LVU218
 496:Drivers/STM32F1xx_HAL_Driver/Src/stm32f1xx_hal_spi.c **** 
 744              		.loc 1 496 3 is_stmt 0 view .LVU219
 745 001e 84F85000 		strb	r0, [r4, #80]
 493:Drivers/STM32F1xx_HAL_Driver/Src/stm32f1xx_hal_spi.c **** 
 746              		.loc 1 493 15 view .LVU220
 747 0022 84F85100 		strb	r0, [r4, #81]
 496:Drivers/STM32F1xx_HAL_Driver/Src/stm32f1xx_hal_spi.c **** 
 748              		.loc 1 496 3 is_stmt 1 view .LVU221
 496:Drivers/STM32F1xx_HAL_Driver/Src/stm32f1xx_hal_spi.c **** 
 749              		.loc 1 496 3 view .LVU222
 496:Drivers/STM32F1xx_HAL_Driver/Src/stm32f1xx_hal_spi.c **** 
 750              		.loc 1 496 3 view .LVU223
 498:Drivers/STM32F1xx_HAL_Driver/Src/stm32f1xx_hal_spi.c **** }
 751              		.loc 1 498 3 view .LVU224
 752              	.L64:
 499:Drivers/STM32F1xx_HAL_Driver/Src/stm32f1xx_hal_spi.c **** 
 753              		.loc 1 499 1 is_stmt 0 view .LVU225
 754 0026 10BD     		pop	{r4, pc}
 755              	.LVL33:
 756              	.L65:
 468:Drivers/STM32F1xx_HAL_Driver/Src/stm32f1xx_hal_spi.c ****   }
 757              		.loc 1 468 12 view .LVU226
 758 0028 0120     		movs	r0, #1
 759              	.LVL34:
 468:Drivers/STM32F1xx_HAL_Driver/Src/stm32f1xx_hal_spi.c ****   }
 760              		.loc 1 468 12 view .LVU227
 761 002a FCE7     		b	.L64
 762              		.cfi_endproc
 763              	.LFE66:
 765              		.section	.text.HAL_SPI_Transmit,"ax",%progbits
 766              		.align	1
 767              		.global	HAL_SPI_Transmit
 768              		.syntax unified
 769              		.thumb
 770              		.thumb_func
 772              	HAL_SPI_Transmit:
 773              	.LVL35:
 774              	.LFB69:
 796:Drivers/STM32F1xx_HAL_Driver/Src/stm32f1xx_hal_spi.c ****   uint32_t tickstart;
 775              		.loc 1 796 1 is_stmt 1 view -0
 776              		.cfi_startproc
 777              		@ args = 0, pretend = 0, frame = 8
 778              		@ frame_needed = 0, uses_anonymous_args = 0
 797:Drivers/STM32F1xx_HAL_Driver/Src/stm32f1xx_hal_spi.c ****   uint16_t initial_TxXferCount;
 779              		.loc 1 797 3 view .LVU229
 798:Drivers/STM32F1xx_HAL_Driver/Src/stm32f1xx_hal_spi.c **** 
 780              		.loc 1 798 3 view .LVU230
 801:Drivers/STM32F1xx_HAL_Driver/Src/stm32f1xx_hal_spi.c **** 
 781              		.loc 1 801 3 view .LVU231
 804:Drivers/STM32F1xx_HAL_Driver/Src/stm32f1xx_hal_spi.c ****   initial_TxXferCount = Size;
 782              		.loc 1 804 3 view .LVU232
 796:Drivers/STM32F1xx_HAL_Driver/Src/stm32f1xx_hal_spi.c ****   uint32_t tickstart;
 783              		.loc 1 796 1 is_stmt 0 view .LVU233
 784 0000 2DE9F743 		push	{r0, r1, r2, r4, r5, r6, r7, r8, r9, lr}
 785              	.LCFI13:
 786              		.cfi_def_cfa_offset 40
ARM GAS  C:\Users\airforce\AppData\Local\Temp\cca1ZS9V.s 			page 88


 787              		.cfi_offset 4, -28
 788              		.cfi_offset 5, -24
 789              		.cfi_offset 6, -20
 790              		.cfi_offset 7, -16
 791              		.cfi_offset 8, -12
 792              		.cfi_offset 9, -8
 793              		.cfi_offset 14, -4
 796:Drivers/STM32F1xx_HAL_Driver/Src/stm32f1xx_hal_spi.c ****   uint32_t tickstart;
 794              		.loc 1 796 1 view .LVU234
 795 0004 0446     		mov	r4, r0
 796 0006 1F46     		mov	r7, r3
 797 0008 0D46     		mov	r5, r1
 798 000a 9046     		mov	r8, r2
 804:Drivers/STM32F1xx_HAL_Driver/Src/stm32f1xx_hal_spi.c ****   initial_TxXferCount = Size;
 799              		.loc 1 804 15 view .LVU235
 800 000c FFF7FEFF 		bl	HAL_GetTick
 801              	.LVL36:
 807:Drivers/STM32F1xx_HAL_Driver/Src/stm32f1xx_hal_spi.c ****   {
 802              		.loc 1 807 11 view .LVU236
 803 0010 94F85130 		ldrb	r3, [r4, #81]	@ zero_extendqisi2
 804:Drivers/STM32F1xx_HAL_Driver/Src/stm32f1xx_hal_spi.c ****   initial_TxXferCount = Size;
 804              		.loc 1 804 15 view .LVU237
 805 0014 8146     		mov	r9, r0
 806              	.LVL37:
 805:Drivers/STM32F1xx_HAL_Driver/Src/stm32f1xx_hal_spi.c **** 
 807              		.loc 1 805 3 is_stmt 1 view .LVU238
 807:Drivers/STM32F1xx_HAL_Driver/Src/stm32f1xx_hal_spi.c ****   {
 808              		.loc 1 807 3 view .LVU239
 807:Drivers/STM32F1xx_HAL_Driver/Src/stm32f1xx_hal_spi.c ****   {
 809              		.loc 1 807 6 is_stmt 0 view .LVU240
 810 0016 012B     		cmp	r3, #1
 807:Drivers/STM32F1xx_HAL_Driver/Src/stm32f1xx_hal_spi.c ****   {
 811              		.loc 1 807 11 view .LVU241
 812 0018 D8B2     		uxtb	r0, r3
 813              	.LVL38:
 807:Drivers/STM32F1xx_HAL_Driver/Src/stm32f1xx_hal_spi.c ****   {
 814              		.loc 1 807 6 view .LVU242
 815 001a 40F09F80 		bne	.L89
 812:Drivers/STM32F1xx_HAL_Driver/Src/stm32f1xx_hal_spi.c ****   {
 816              		.loc 1 812 3 is_stmt 1 view .LVU243
 812:Drivers/STM32F1xx_HAL_Driver/Src/stm32f1xx_hal_spi.c ****   {
 817              		.loc 1 812 6 is_stmt 0 view .LVU244
 818 001e 002D     		cmp	r5, #0
 819 0020 74D0     		beq	.L67
 812:Drivers/STM32F1xx_HAL_Driver/Src/stm32f1xx_hal_spi.c ****   {
 820              		.loc 1 812 23 discriminator 1 view .LVU245
 821 0022 B8F1000F 		cmp	r8, #0
 822 0026 71D0     		beq	.L67
 818:Drivers/STM32F1xx_HAL_Driver/Src/stm32f1xx_hal_spi.c **** 
 823              		.loc 1 818 3 is_stmt 1 view .LVU246
 818:Drivers/STM32F1xx_HAL_Driver/Src/stm32f1xx_hal_spi.c **** 
 824              		.loc 1 818 3 view .LVU247
 825 0028 94F85030 		ldrb	r3, [r4, #80]	@ zero_extendqisi2
 826 002c 012B     		cmp	r3, #1
 827 002e 00F09580 		beq	.L89
 818:Drivers/STM32F1xx_HAL_Driver/Src/stm32f1xx_hal_spi.c **** 
 828              		.loc 1 818 3 discriminator 2 view .LVU248
ARM GAS  C:\Users\airforce\AppData\Local\Temp\cca1ZS9V.s 			page 89


 821:Drivers/STM32F1xx_HAL_Driver/Src/stm32f1xx_hal_spi.c ****   hspi->ErrorCode   = HAL_SPI_ERROR_NONE;
 829              		.loc 1 821 21 is_stmt 0 view .LVU249
 830 0032 0323     		movs	r3, #3
 831 0034 84F85130 		strb	r3, [r4, #81]
 822:Drivers/STM32F1xx_HAL_Driver/Src/stm32f1xx_hal_spi.c ****   hspi->pTxBuffPtr  = (const uint8_t *)pData;
 832              		.loc 1 822 21 view .LVU250
 833 0038 0023     		movs	r3, #0
 834 003a 6365     		str	r3, [r4, #84]
 832:Drivers/STM32F1xx_HAL_Driver/Src/stm32f1xx_hal_spi.c **** 
 835              		.loc 1 832 21 view .LVU251
 836 003c C4E91033 		strd	r3, r3, [r4, #64]
 825:Drivers/STM32F1xx_HAL_Driver/Src/stm32f1xx_hal_spi.c **** 
 837              		.loc 1 825 21 view .LVU252
 838 0040 A4F83680 		strh	r8, [r4, #54]	@ movhi
 828:Drivers/STM32F1xx_HAL_Driver/Src/stm32f1xx_hal_spi.c ****   hspi->RxXferSize  = 0U;
 839              		.loc 1 828 21 view .LVU253
 840 0044 A363     		str	r3, [r4, #56]
 829:Drivers/STM32F1xx_HAL_Driver/Src/stm32f1xx_hal_spi.c ****   hspi->RxXferCount = 0U;
 841              		.loc 1 829 21 view .LVU254
 842 0046 A387     		strh	r3, [r4, #60]	@ movhi
 830:Drivers/STM32F1xx_HAL_Driver/Src/stm32f1xx_hal_spi.c ****   hspi->TxISR       = NULL;
 843              		.loc 1 830 21 view .LVU255
 844 0048 E387     		strh	r3, [r4, #62]	@ movhi
 835:Drivers/STM32F1xx_HAL_Driver/Src/stm32f1xx_hal_spi.c ****   {
 845              		.loc 1 835 6 view .LVU256
 846 004a A368     		ldr	r3, [r4, #8]
 838:Drivers/STM32F1xx_HAL_Driver/Src/stm32f1xx_hal_spi.c ****     SPI_1LINE_TX(hspi);
 847              		.loc 1 838 5 view .LVU257
 848 004c 2668     		ldr	r6, [r4]
 835:Drivers/STM32F1xx_HAL_Driver/Src/stm32f1xx_hal_spi.c ****   {
 849              		.loc 1 835 6 view .LVU258
 850 004e B3F5004F 		cmp	r3, #32768
 818:Drivers/STM32F1xx_HAL_Driver/Src/stm32f1xx_hal_spi.c **** 
 851              		.loc 1 818 3 discriminator 2 view .LVU259
 852 0052 84F85000 		strb	r0, [r4, #80]
 818:Drivers/STM32F1xx_HAL_Driver/Src/stm32f1xx_hal_spi.c **** 
 853              		.loc 1 818 3 is_stmt 1 view .LVU260
 821:Drivers/STM32F1xx_HAL_Driver/Src/stm32f1xx_hal_spi.c ****   hspi->ErrorCode   = HAL_SPI_ERROR_NONE;
 854              		.loc 1 821 3 view .LVU261
 822:Drivers/STM32F1xx_HAL_Driver/Src/stm32f1xx_hal_spi.c ****   hspi->pTxBuffPtr  = (const uint8_t *)pData;
 855              		.loc 1 822 3 view .LVU262
 823:Drivers/STM32F1xx_HAL_Driver/Src/stm32f1xx_hal_spi.c ****   hspi->TxXferSize  = Size;
 856              		.loc 1 823 3 view .LVU263
 823:Drivers/STM32F1xx_HAL_Driver/Src/stm32f1xx_hal_spi.c ****   hspi->TxXferSize  = Size;
 857              		.loc 1 823 21 is_stmt 0 view .LVU264
 858 0056 2563     		str	r5, [r4, #48]
 824:Drivers/STM32F1xx_HAL_Driver/Src/stm32f1xx_hal_spi.c ****   hspi->TxXferCount = Size;
 859              		.loc 1 824 3 is_stmt 1 view .LVU265
 824:Drivers/STM32F1xx_HAL_Driver/Src/stm32f1xx_hal_spi.c ****   hspi->TxXferCount = Size;
 860              		.loc 1 824 21 is_stmt 0 view .LVU266
 861 0058 A4F83480 		strh	r8, [r4, #52]	@ movhi
 825:Drivers/STM32F1xx_HAL_Driver/Src/stm32f1xx_hal_spi.c **** 
 862              		.loc 1 825 3 is_stmt 1 view .LVU267
 828:Drivers/STM32F1xx_HAL_Driver/Src/stm32f1xx_hal_spi.c ****   hspi->RxXferSize  = 0U;
 863              		.loc 1 828 3 view .LVU268
 829:Drivers/STM32F1xx_HAL_Driver/Src/stm32f1xx_hal_spi.c ****   hspi->RxXferCount = 0U;
 864              		.loc 1 829 3 view .LVU269
ARM GAS  C:\Users\airforce\AppData\Local\Temp\cca1ZS9V.s 			page 90


 830:Drivers/STM32F1xx_HAL_Driver/Src/stm32f1xx_hal_spi.c ****   hspi->TxISR       = NULL;
 865              		.loc 1 830 3 view .LVU270
 831:Drivers/STM32F1xx_HAL_Driver/Src/stm32f1xx_hal_spi.c ****   hspi->RxISR       = NULL;
 866              		.loc 1 831 3 view .LVU271
 835:Drivers/STM32F1xx_HAL_Driver/Src/stm32f1xx_hal_spi.c ****   {
 867              		.loc 1 835 3 view .LVU272
 835:Drivers/STM32F1xx_HAL_Driver/Src/stm32f1xx_hal_spi.c ****   {
 868              		.loc 1 835 6 is_stmt 0 view .LVU273
 869 005c 07D1     		bne	.L68
 838:Drivers/STM32F1xx_HAL_Driver/Src/stm32f1xx_hal_spi.c ****     SPI_1LINE_TX(hspi);
 870              		.loc 1 838 5 is_stmt 1 view .LVU274
 871 005e 3368     		ldr	r3, [r6]
 872 0060 23F04003 		bic	r3, r3, #64
 873 0064 3360     		str	r3, [r6]
 839:Drivers/STM32F1xx_HAL_Driver/Src/stm32f1xx_hal_spi.c ****   }
 874              		.loc 1 839 5 view .LVU275
 875 0066 3368     		ldr	r3, [r6]
 876 0068 43F48043 		orr	r3, r3, #16384
 877 006c 3360     		str	r3, [r6]
 878              	.L68:
 851:Drivers/STM32F1xx_HAL_Driver/Src/stm32f1xx_hal_spi.c ****   {
 879              		.loc 1 851 3 view .LVU276
 851:Drivers/STM32F1xx_HAL_Driver/Src/stm32f1xx_hal_spi.c ****   {
 880              		.loc 1 851 22 is_stmt 0 view .LVU277
 881 006e 3368     		ldr	r3, [r6]
 858:Drivers/STM32F1xx_HAL_Driver/Src/stm32f1xx_hal_spi.c ****   {
 882              		.loc 1 858 6 view .LVU278
 883 0070 E268     		ldr	r2, [r4, #12]
 851:Drivers/STM32F1xx_HAL_Driver/Src/stm32f1xx_hal_spi.c ****   {
 884              		.loc 1 851 6 view .LVU279
 885 0072 5B06     		lsls	r3, r3, #25
 854:Drivers/STM32F1xx_HAL_Driver/Src/stm32f1xx_hal_spi.c ****   }
 886              		.loc 1 854 5 is_stmt 1 view .LVU280
 887 0074 5EBF     		ittt	pl
 888 0076 3368     		ldrpl	r3, [r6]
 889 0078 43F04003 		orrpl	r3, r3, #64
 890 007c 3360     		strpl	r3, [r6]
 858:Drivers/STM32F1xx_HAL_Driver/Src/stm32f1xx_hal_spi.c ****   {
 891              		.loc 1 858 3 view .LVU281
 858:Drivers/STM32F1xx_HAL_Driver/Src/stm32f1xx_hal_spi.c ****   {
 892              		.loc 1 858 6 is_stmt 0 view .LVU282
 893 007e B2F5006F 		cmp	r2, #2048
 860:Drivers/STM32F1xx_HAL_Driver/Src/stm32f1xx_hal_spi.c ****     {
 894              		.loc 1 860 20 view .LVU283
 895 0082 6368     		ldr	r3, [r4, #4]
 858:Drivers/STM32F1xx_HAL_Driver/Src/stm32f1xx_hal_spi.c ****   {
 896              		.loc 1 858 6 view .LVU284
 897 0084 45D1     		bne	.L70
 860:Drivers/STM32F1xx_HAL_Driver/Src/stm32f1xx_hal_spi.c ****     {
 898              		.loc 1 860 5 is_stmt 1 view .LVU285
 860:Drivers/STM32F1xx_HAL_Driver/Src/stm32f1xx_hal_spi.c ****     {
 899              		.loc 1 860 8 is_stmt 0 view .LVU286
 900 0086 13B1     		cbz	r3, .L71
 860:Drivers/STM32F1xx_HAL_Driver/Src/stm32f1xx_hal_spi.c ****     {
 901              		.loc 1 860 45 discriminator 1 view .LVU287
 902 0088 B8F1010F 		cmp	r8, #1
 903 008c 07D1     		bne	.L75
ARM GAS  C:\Users\airforce\AppData\Local\Temp\cca1ZS9V.s 			page 91


 904              	.L71:
 862:Drivers/STM32F1xx_HAL_Driver/Src/stm32f1xx_hal_spi.c ****       hspi->pTxBuffPtr += sizeof(uint16_t);
 905              		.loc 1 862 7 is_stmt 1 view .LVU288
 862:Drivers/STM32F1xx_HAL_Driver/Src/stm32f1xx_hal_spi.c ****       hspi->pTxBuffPtr += sizeof(uint16_t);
 906              		.loc 1 862 28 is_stmt 0 view .LVU289
 907 008e 35F8023B 		ldrh	r3, [r5], #2
 908              	.LVL39:
 862:Drivers/STM32F1xx_HAL_Driver/Src/stm32f1xx_hal_spi.c ****       hspi->pTxBuffPtr += sizeof(uint16_t);
 909              		.loc 1 862 26 view .LVU290
 910 0092 F360     		str	r3, [r6, #12]
 863:Drivers/STM32F1xx_HAL_Driver/Src/stm32f1xx_hal_spi.c ****       hspi->TxXferCount--;
 911              		.loc 1 863 7 is_stmt 1 view .LVU291
 863:Drivers/STM32F1xx_HAL_Driver/Src/stm32f1xx_hal_spi.c ****       hspi->TxXferCount--;
 912              		.loc 1 863 24 is_stmt 0 view .LVU292
 913 0094 2563     		str	r5, [r4, #48]
 914              	.LVL40:
 864:Drivers/STM32F1xx_HAL_Driver/Src/stm32f1xx_hal_spi.c ****     }
 915              		.loc 1 864 7 is_stmt 1 view .LVU293
 916              	.L109:
 874:Drivers/STM32F1xx_HAL_Driver/Src/stm32f1xx_hal_spi.c ****       }
 917              		.loc 1 874 9 view .LVU294
 874:Drivers/STM32F1xx_HAL_Driver/Src/stm32f1xx_hal_spi.c ****       }
 918              		.loc 1 874 13 is_stmt 0 view .LVU295
 919 0096 E38E     		ldrh	r3, [r4, #54]
 874:Drivers/STM32F1xx_HAL_Driver/Src/stm32f1xx_hal_spi.c ****       }
 920              		.loc 1 874 26 view .LVU296
 921 0098 013B     		subs	r3, r3, #1
 922 009a 9BB2     		uxth	r3, r3
 923 009c E386     		strh	r3, [r4, #54]	@ movhi
 924              	.L75:
 867:Drivers/STM32F1xx_HAL_Driver/Src/stm32f1xx_hal_spi.c ****     {
 925              		.loc 1 867 30 is_stmt 1 view .LVU297
 867:Drivers/STM32F1xx_HAL_Driver/Src/stm32f1xx_hal_spi.c ****     {
 926              		.loc 1 867 16 is_stmt 0 view .LVU298
 927 009e E38E     		ldrh	r3, [r4, #54]
 928 00a0 9BB2     		uxth	r3, r3
 867:Drivers/STM32F1xx_HAL_Driver/Src/stm32f1xx_hal_spi.c ****     {
 929              		.loc 1 867 30 view .LVU299
 930 00a2 D3B9     		cbnz	r3, .L76
 931              	.L86:
 927:Drivers/STM32F1xx_HAL_Driver/Src/stm32f1xx_hal_spi.c ****   {
 932              		.loc 1 927 3 is_stmt 1 view .LVU300
 927:Drivers/STM32F1xx_HAL_Driver/Src/stm32f1xx_hal_spi.c ****   {
 933              		.loc 1 927 7 is_stmt 0 view .LVU301
 934 00a4 4A46     		mov	r2, r9
 935 00a6 3946     		mov	r1, r7
 936 00a8 2046     		mov	r0, r4
 937 00aa FFF7FEFF 		bl	SPI_EndRxTxTransaction
 938              	.LVL41:
 927:Drivers/STM32F1xx_HAL_Driver/Src/stm32f1xx_hal_spi.c ****   {
 939              		.loc 1 927 6 discriminator 1 view .LVU302
 940 00ae 0028     		cmp	r0, #0
 941 00b0 51D1     		bne	.L77
 942              	.L78:
 933:Drivers/STM32F1xx_HAL_Driver/Src/stm32f1xx_hal_spi.c ****   {
 943              		.loc 1 933 3 is_stmt 1 view .LVU303
 933:Drivers/STM32F1xx_HAL_Driver/Src/stm32f1xx_hal_spi.c ****   {
ARM GAS  C:\Users\airforce\AppData\Local\Temp\cca1ZS9V.s 			page 92


 944              		.loc 1 933 6 is_stmt 0 view .LVU304
 945 00b2 A368     		ldr	r3, [r4, #8]
 946 00b4 33B9     		cbnz	r3, .L87
 935:Drivers/STM32F1xx_HAL_Driver/Src/stm32f1xx_hal_spi.c ****   }
 947              		.loc 1 935 5 is_stmt 1 view .LVU305
 948              	.LBB2:
 935:Drivers/STM32F1xx_HAL_Driver/Src/stm32f1xx_hal_spi.c ****   }
 949              		.loc 1 935 5 view .LVU306
 950 00b6 0193     		str	r3, [sp, #4]
 935:Drivers/STM32F1xx_HAL_Driver/Src/stm32f1xx_hal_spi.c ****   }
 951              		.loc 1 935 5 view .LVU307
 952 00b8 2368     		ldr	r3, [r4]
 953 00ba DA68     		ldr	r2, [r3, #12]
 954 00bc 0192     		str	r2, [sp, #4]
 935:Drivers/STM32F1xx_HAL_Driver/Src/stm32f1xx_hal_spi.c ****   }
 955              		.loc 1 935 5 view .LVU308
 956 00be 9B68     		ldr	r3, [r3, #8]
 957 00c0 0193     		str	r3, [sp, #4]
 935:Drivers/STM32F1xx_HAL_Driver/Src/stm32f1xx_hal_spi.c ****   }
 958              		.loc 1 935 5 view .LVU309
 959 00c2 019B     		ldr	r3, [sp, #4]
 960              	.L87:
 961              	.LBE2:
 935:Drivers/STM32F1xx_HAL_Driver/Src/stm32f1xx_hal_spi.c ****   }
 962              		.loc 1 935 5 discriminator 1 view .LVU310
 938:Drivers/STM32F1xx_HAL_Driver/Src/stm32f1xx_hal_spi.c ****   /* Process Unlocked */
 963              		.loc 1 938 3 view .LVU311
 938:Drivers/STM32F1xx_HAL_Driver/Src/stm32f1xx_hal_spi.c ****   /* Process Unlocked */
 964              		.loc 1 938 15 is_stmt 0 view .LVU312
 965 00c4 0123     		movs	r3, #1
 966 00c6 84F85130 		strb	r3, [r4, #81]
 940:Drivers/STM32F1xx_HAL_Driver/Src/stm32f1xx_hal_spi.c **** 
 967              		.loc 1 940 3 is_stmt 1 view .LVU313
 940:Drivers/STM32F1xx_HAL_Driver/Src/stm32f1xx_hal_spi.c **** 
 968              		.loc 1 940 3 view .LVU314
 969 00ca 0023     		movs	r3, #0
 942:Drivers/STM32F1xx_HAL_Driver/Src/stm32f1xx_hal_spi.c ****   {
 970              		.loc 1 942 11 is_stmt 0 view .LVU315
 971 00cc 606D     		ldr	r0, [r4, #84]
 940:Drivers/STM32F1xx_HAL_Driver/Src/stm32f1xx_hal_spi.c **** 
 972              		.loc 1 940 3 view .LVU316
 973 00ce 84F85030 		strb	r3, [r4, #80]
 940:Drivers/STM32F1xx_HAL_Driver/Src/stm32f1xx_hal_spi.c **** 
 974              		.loc 1 940 3 is_stmt 1 view .LVU317
 942:Drivers/STM32F1xx_HAL_Driver/Src/stm32f1xx_hal_spi.c ****   {
 975              		.loc 1 942 3 view .LVU318
 942:Drivers/STM32F1xx_HAL_Driver/Src/stm32f1xx_hal_spi.c ****   {
 976              		.loc 1 942 6 is_stmt 0 view .LVU319
 977 00d2 C01A     		subs	r0, r0, r3
 978 00d4 18BF     		it	ne
 979 00d6 0120     		movne	r0, #1
 980 00d8 18E0     		b	.L67
 981              	.L76:
 870:Drivers/STM32F1xx_HAL_Driver/Src/stm32f1xx_hal_spi.c ****       {
 982              		.loc 1 870 7 is_stmt 1 view .LVU320
 870:Drivers/STM32F1xx_HAL_Driver/Src/stm32f1xx_hal_spi.c ****       {
 983              		.loc 1 870 11 is_stmt 0 view .LVU321
ARM GAS  C:\Users\airforce\AppData\Local\Temp\cca1ZS9V.s 			page 93


 984 00da 2268     		ldr	r2, [r4]
 985 00dc 9368     		ldr	r3, [r2, #8]
 870:Drivers/STM32F1xx_HAL_Driver/Src/stm32f1xx_hal_spi.c ****       {
 986              		.loc 1 870 10 view .LVU322
 987 00de 9807     		lsls	r0, r3, #30
 988 00e0 05D5     		bpl	.L73
 872:Drivers/STM32F1xx_HAL_Driver/Src/stm32f1xx_hal_spi.c ****         hspi->pTxBuffPtr += sizeof(uint16_t);
 989              		.loc 1 872 9 is_stmt 1 view .LVU323
 872:Drivers/STM32F1xx_HAL_Driver/Src/stm32f1xx_hal_spi.c ****         hspi->pTxBuffPtr += sizeof(uint16_t);
 990              		.loc 1 872 30 is_stmt 0 view .LVU324
 991 00e2 236B     		ldr	r3, [r4, #48]
 992 00e4 33F8021B 		ldrh	r1, [r3], #2
 872:Drivers/STM32F1xx_HAL_Driver/Src/stm32f1xx_hal_spi.c ****         hspi->pTxBuffPtr += sizeof(uint16_t);
 993              		.loc 1 872 28 view .LVU325
 994 00e8 D160     		str	r1, [r2, #12]
 873:Drivers/STM32F1xx_HAL_Driver/Src/stm32f1xx_hal_spi.c ****         hspi->TxXferCount--;
 995              		.loc 1 873 9 is_stmt 1 view .LVU326
 873:Drivers/STM32F1xx_HAL_Driver/Src/stm32f1xx_hal_spi.c ****         hspi->TxXferCount--;
 996              		.loc 1 873 26 is_stmt 0 view .LVU327
 997 00ea 2363     		str	r3, [r4, #48]
 998 00ec D3E7     		b	.L109
 999              	.L73:
 879:Drivers/STM32F1xx_HAL_Driver/Src/stm32f1xx_hal_spi.c ****         {
 1000              		.loc 1 879 9 is_stmt 1 view .LVU328
 879:Drivers/STM32F1xx_HAL_Driver/Src/stm32f1xx_hal_spi.c ****         {
 1001              		.loc 1 879 16 is_stmt 0 view .LVU329
 1002 00ee FFF7FEFF 		bl	HAL_GetTick
 1003              	.LVL42:
 879:Drivers/STM32F1xx_HAL_Driver/Src/stm32f1xx_hal_spi.c ****         {
 1004              		.loc 1 879 30 discriminator 1 view .LVU330
 1005 00f2 A0EB0900 		sub	r0, r0, r9
 879:Drivers/STM32F1xx_HAL_Driver/Src/stm32f1xx_hal_spi.c ****         {
 1006              		.loc 1 879 12 discriminator 1 view .LVU331
 1007 00f6 B842     		cmp	r0, r7
 1008 00f8 D1D3     		bcc	.L75
 879:Drivers/STM32F1xx_HAL_Driver/Src/stm32f1xx_hal_spi.c ****         {
 1009              		.loc 1 879 56 discriminator 1 view .LVU332
 1010 00fa 791C     		adds	r1, r7, #1
 1011 00fc CFD0     		beq	.L75
 1012              	.L108:
 881:Drivers/STM32F1xx_HAL_Driver/Src/stm32f1xx_hal_spi.c ****           __HAL_UNLOCK(hspi);
 1013              		.loc 1 881 11 is_stmt 1 view .LVU333
 881:Drivers/STM32F1xx_HAL_Driver/Src/stm32f1xx_hal_spi.c ****           __HAL_UNLOCK(hspi);
 1014              		.loc 1 881 23 is_stmt 0 view .LVU334
 1015 00fe 0123     		movs	r3, #1
 1016 0100 84F85130 		strb	r3, [r4, #81]
 882:Drivers/STM32F1xx_HAL_Driver/Src/stm32f1xx_hal_spi.c ****           return HAL_TIMEOUT;
 1017              		.loc 1 882 11 is_stmt 1 view .LVU335
 882:Drivers/STM32F1xx_HAL_Driver/Src/stm32f1xx_hal_spi.c ****           return HAL_TIMEOUT;
 1018              		.loc 1 882 11 view .LVU336
 882:Drivers/STM32F1xx_HAL_Driver/Src/stm32f1xx_hal_spi.c ****           return HAL_TIMEOUT;
 1019              		.loc 1 882 11 view .LVU337
 883:Drivers/STM32F1xx_HAL_Driver/Src/stm32f1xx_hal_spi.c ****         }
 1020              		.loc 1 883 11 view .LVU338
 882:Drivers/STM32F1xx_HAL_Driver/Src/stm32f1xx_hal_spi.c ****           return HAL_TIMEOUT;
 1021              		.loc 1 882 11 is_stmt 0 view .LVU339
 1022 0104 0023     		movs	r3, #0
ARM GAS  C:\Users\airforce\AppData\Local\Temp\cca1ZS9V.s 			page 94


 883:Drivers/STM32F1xx_HAL_Driver/Src/stm32f1xx_hal_spi.c ****         }
 1023              		.loc 1 883 18 view .LVU340
 1024 0106 0320     		movs	r0, #3
 882:Drivers/STM32F1xx_HAL_Driver/Src/stm32f1xx_hal_spi.c ****           return HAL_TIMEOUT;
 1025              		.loc 1 882 11 view .LVU341
 1026 0108 84F85030 		strb	r3, [r4, #80]
 1027              	.L67:
 950:Drivers/STM32F1xx_HAL_Driver/Src/stm32f1xx_hal_spi.c **** 
 1028              		.loc 1 950 1 view .LVU342
 1029 010c 03B0     		add	sp, sp, #12
 1030              	.LCFI14:
 1031              		.cfi_remember_state
 1032              		.cfi_def_cfa_offset 28
 1033              		@ sp needed
 1034 010e BDE8F083 		pop	{r4, r5, r6, r7, r8, r9, pc}
 1035              	.LVL43:
 1036              	.L70:
 1037              	.LCFI15:
 1038              		.cfi_restore_state
 891:Drivers/STM32F1xx_HAL_Driver/Src/stm32f1xx_hal_spi.c ****     {
 1039              		.loc 1 891 5 is_stmt 1 view .LVU343
 891:Drivers/STM32F1xx_HAL_Driver/Src/stm32f1xx_hal_spi.c ****     {
 1040              		.loc 1 891 8 is_stmt 0 view .LVU344
 1041 0112 13B1     		cbz	r3, .L79
 891:Drivers/STM32F1xx_HAL_Driver/Src/stm32f1xx_hal_spi.c ****     {
 1042              		.loc 1 891 45 discriminator 1 view .LVU345
 1043 0114 B8F1010F 		cmp	r8, #1
 1044 0118 08D1     		bne	.L84
 1045              	.L79:
 893:Drivers/STM32F1xx_HAL_Driver/Src/stm32f1xx_hal_spi.c ****       hspi->pTxBuffPtr += sizeof(uint8_t);
 1046              		.loc 1 893 7 is_stmt 1 view .LVU346
 893:Drivers/STM32F1xx_HAL_Driver/Src/stm32f1xx_hal_spi.c ****       hspi->pTxBuffPtr += sizeof(uint8_t);
 1047              		.loc 1 893 48 is_stmt 0 view .LVU347
 1048 011a 2B78     		ldrb	r3, [r5]	@ zero_extendqisi2
 893:Drivers/STM32F1xx_HAL_Driver/Src/stm32f1xx_hal_spi.c ****       hspi->pTxBuffPtr += sizeof(uint8_t);
 1049              		.loc 1 893 46 view .LVU348
 1050 011c 3373     		strb	r3, [r6, #12]
 894:Drivers/STM32F1xx_HAL_Driver/Src/stm32f1xx_hal_spi.c ****       hspi->TxXferCount--;
 1051              		.loc 1 894 7 is_stmt 1 view .LVU349
 1052              	.L110:
 903:Drivers/STM32F1xx_HAL_Driver/Src/stm32f1xx_hal_spi.c ****         hspi->TxXferCount--;
 1053              		.loc 1 903 9 view .LVU350
 903:Drivers/STM32F1xx_HAL_Driver/Src/stm32f1xx_hal_spi.c ****         hspi->TxXferCount--;
 1054              		.loc 1 903 26 is_stmt 0 view .LVU351
 1055 011e 236B     		ldr	r3, [r4, #48]
 1056 0120 0133     		adds	r3, r3, #1
 1057 0122 2363     		str	r3, [r4, #48]
 904:Drivers/STM32F1xx_HAL_Driver/Src/stm32f1xx_hal_spi.c ****       }
 1058              		.loc 1 904 9 is_stmt 1 view .LVU352
 904:Drivers/STM32F1xx_HAL_Driver/Src/stm32f1xx_hal_spi.c ****       }
 1059              		.loc 1 904 13 is_stmt 0 view .LVU353
 1060 0124 E38E     		ldrh	r3, [r4, #54]
 904:Drivers/STM32F1xx_HAL_Driver/Src/stm32f1xx_hal_spi.c ****       }
 1061              		.loc 1 904 26 view .LVU354
 1062 0126 013B     		subs	r3, r3, #1
 1063 0128 9BB2     		uxth	r3, r3
 1064 012a E386     		strh	r3, [r4, #54]	@ movhi
ARM GAS  C:\Users\airforce\AppData\Local\Temp\cca1ZS9V.s 			page 95


 1065              	.L84:
 897:Drivers/STM32F1xx_HAL_Driver/Src/stm32f1xx_hal_spi.c ****     {
 1066              		.loc 1 897 30 is_stmt 1 view .LVU355
 897:Drivers/STM32F1xx_HAL_Driver/Src/stm32f1xx_hal_spi.c ****     {
 1067              		.loc 1 897 16 is_stmt 0 view .LVU356
 1068 012c E38E     		ldrh	r3, [r4, #54]
 1069 012e 9BB2     		uxth	r3, r3
 897:Drivers/STM32F1xx_HAL_Driver/Src/stm32f1xx_hal_spi.c ****     {
 1070              		.loc 1 897 30 view .LVU357
 1071 0130 002B     		cmp	r3, #0
 1072 0132 B7D0     		beq	.L86
 900:Drivers/STM32F1xx_HAL_Driver/Src/stm32f1xx_hal_spi.c ****       {
 1073              		.loc 1 900 7 is_stmt 1 view .LVU358
 900:Drivers/STM32F1xx_HAL_Driver/Src/stm32f1xx_hal_spi.c ****       {
 1074              		.loc 1 900 11 is_stmt 0 view .LVU359
 1075 0134 2368     		ldr	r3, [r4]
 1076 0136 9A68     		ldr	r2, [r3, #8]
 900:Drivers/STM32F1xx_HAL_Driver/Src/stm32f1xx_hal_spi.c ****       {
 1077              		.loc 1 900 10 view .LVU360
 1078 0138 9207     		lsls	r2, r2, #30
 1079 013a 03D5     		bpl	.L81
 902:Drivers/STM32F1xx_HAL_Driver/Src/stm32f1xx_hal_spi.c ****         hspi->pTxBuffPtr += sizeof(uint8_t);
 1080              		.loc 1 902 9 is_stmt 1 view .LVU361
 902:Drivers/STM32F1xx_HAL_Driver/Src/stm32f1xx_hal_spi.c ****         hspi->pTxBuffPtr += sizeof(uint8_t);
 1081              		.loc 1 902 50 is_stmt 0 view .LVU362
 1082 013c 226B     		ldr	r2, [r4, #48]
 1083 013e 1278     		ldrb	r2, [r2]	@ zero_extendqisi2
 902:Drivers/STM32F1xx_HAL_Driver/Src/stm32f1xx_hal_spi.c ****         hspi->pTxBuffPtr += sizeof(uint8_t);
 1084              		.loc 1 902 48 view .LVU363
 1085 0140 1A73     		strb	r2, [r3, #12]
 1086 0142 ECE7     		b	.L110
 1087              	.L81:
 909:Drivers/STM32F1xx_HAL_Driver/Src/stm32f1xx_hal_spi.c ****         {
 1088              		.loc 1 909 9 is_stmt 1 view .LVU364
 909:Drivers/STM32F1xx_HAL_Driver/Src/stm32f1xx_hal_spi.c ****         {
 1089              		.loc 1 909 16 is_stmt 0 view .LVU365
 1090 0144 FFF7FEFF 		bl	HAL_GetTick
 1091              	.LVL44:
 909:Drivers/STM32F1xx_HAL_Driver/Src/stm32f1xx_hal_spi.c ****         {
 1092              		.loc 1 909 30 discriminator 1 view .LVU366
 1093 0148 A0EB0900 		sub	r0, r0, r9
 909:Drivers/STM32F1xx_HAL_Driver/Src/stm32f1xx_hal_spi.c ****         {
 1094              		.loc 1 909 12 discriminator 1 view .LVU367
 1095 014c B842     		cmp	r0, r7
 1096 014e EDD3     		bcc	.L84
 909:Drivers/STM32F1xx_HAL_Driver/Src/stm32f1xx_hal_spi.c ****         {
 1097              		.loc 1 909 56 discriminator 1 view .LVU368
 1098 0150 7B1C     		adds	r3, r7, #1
 1099 0152 EBD0     		beq	.L84
 1100 0154 D3E7     		b	.L108
 1101              	.LVL45:
 1102              	.L77:
 929:Drivers/STM32F1xx_HAL_Driver/Src/stm32f1xx_hal_spi.c ****   }
 1103              		.loc 1 929 5 is_stmt 1 view .LVU369
 929:Drivers/STM32F1xx_HAL_Driver/Src/stm32f1xx_hal_spi.c ****   }
 1104              		.loc 1 929 21 is_stmt 0 view .LVU370
 1105 0156 2023     		movs	r3, #32
ARM GAS  C:\Users\airforce\AppData\Local\Temp\cca1ZS9V.s 			page 96


 1106 0158 6365     		str	r3, [r4, #84]
 1107 015a AAE7     		b	.L78
 1108              	.LVL46:
 1109              	.L89:
 809:Drivers/STM32F1xx_HAL_Driver/Src/stm32f1xx_hal_spi.c ****   }
 1110              		.loc 1 809 12 view .LVU371
 1111 015c 0220     		movs	r0, #2
 1112 015e D5E7     		b	.L67
 1113              		.cfi_endproc
 1114              	.LFE69:
 1116              		.section	.text.HAL_SPI_TransmitReceive,"ax",%progbits
 1117              		.align	1
 1118              		.global	HAL_SPI_TransmitReceive
 1119              		.syntax unified
 1120              		.thumb
 1121              		.thumb_func
 1123              	HAL_SPI_TransmitReceive:
 1124              	.LVL47:
 1125              	.LFB71:
1179:Drivers/STM32F1xx_HAL_Driver/Src/stm32f1xx_hal_spi.c ****   uint16_t             initial_TxXferCount;
 1126              		.loc 1 1179 1 is_stmt 1 view -0
 1127              		.cfi_startproc
 1128              		@ args = 4, pretend = 0, frame = 8
 1129              		@ frame_needed = 0, uses_anonymous_args = 0
1180:Drivers/STM32F1xx_HAL_Driver/Src/stm32f1xx_hal_spi.c ****   uint32_t             tmp_mode;
 1130              		.loc 1 1180 3 view .LVU373
1181:Drivers/STM32F1xx_HAL_Driver/Src/stm32f1xx_hal_spi.c ****   HAL_SPI_StateTypeDef tmp_state;
 1131              		.loc 1 1181 3 view .LVU374
1182:Drivers/STM32F1xx_HAL_Driver/Src/stm32f1xx_hal_spi.c ****   uint32_t             tickstart;
 1132              		.loc 1 1182 3 view .LVU375
1183:Drivers/STM32F1xx_HAL_Driver/Src/stm32f1xx_hal_spi.c **** #if (USE_SPI_CRC != 0U)
 1133              		.loc 1 1183 3 view .LVU376
1189:Drivers/STM32F1xx_HAL_Driver/Src/stm32f1xx_hal_spi.c **** 
 1134              		.loc 1 1189 3 view .LVU377
1192:Drivers/STM32F1xx_HAL_Driver/Src/stm32f1xx_hal_spi.c **** 
 1135              		.loc 1 1192 3 view .LVU378
1195:Drivers/STM32F1xx_HAL_Driver/Src/stm32f1xx_hal_spi.c **** 
 1136              		.loc 1 1195 3 view .LVU379
1179:Drivers/STM32F1xx_HAL_Driver/Src/stm32f1xx_hal_spi.c ****   uint16_t             initial_TxXferCount;
 1137              		.loc 1 1179 1 is_stmt 0 view .LVU380
 1138 0000 2DE9F743 		push	{r0, r1, r2, r4, r5, r6, r7, r8, r9, lr}
 1139              	.LCFI16:
 1140              		.cfi_def_cfa_offset 40
 1141              		.cfi_offset 4, -28
 1142              		.cfi_offset 5, -24
 1143              		.cfi_offset 6, -20
 1144              		.cfi_offset 7, -16
 1145              		.cfi_offset 8, -12
 1146              		.cfi_offset 9, -8
 1147              		.cfi_offset 14, -4
1179:Drivers/STM32F1xx_HAL_Driver/Src/stm32f1xx_hal_spi.c ****   uint16_t             initial_TxXferCount;
 1148              		.loc 1 1179 1 view .LVU381
 1149 0004 0446     		mov	r4, r0
 1150 0006 0D46     		mov	r5, r1
 1151 0008 9146     		mov	r9, r2
 1152 000a 1E46     		mov	r6, r3
 1153 000c DDF82880 		ldr	r8, [sp, #40]
ARM GAS  C:\Users\airforce\AppData\Local\Temp\cca1ZS9V.s 			page 97


1195:Drivers/STM32F1xx_HAL_Driver/Src/stm32f1xx_hal_spi.c **** 
 1154              		.loc 1 1195 15 view .LVU382
 1155 0010 FFF7FEFF 		bl	HAL_GetTick
 1156              	.LVL48:
1198:Drivers/STM32F1xx_HAL_Driver/Src/stm32f1xx_hal_spi.c ****   tmp_mode            = hspi->Init.Mode;
 1157              		.loc 1 1198 23 view .LVU383
 1158 0014 94F85130 		ldrb	r3, [r4, #81]	@ zero_extendqisi2
1195:Drivers/STM32F1xx_HAL_Driver/Src/stm32f1xx_hal_spi.c **** 
 1159              		.loc 1 1195 15 view .LVU384
 1160 0018 0746     		mov	r7, r0
 1161              	.LVL49:
1198:Drivers/STM32F1xx_HAL_Driver/Src/stm32f1xx_hal_spi.c ****   tmp_mode            = hspi->Init.Mode;
 1162              		.loc 1 1198 3 is_stmt 1 view .LVU385
1202:Drivers/STM32F1xx_HAL_Driver/Src/stm32f1xx_hal_spi.c ****         ((tmp_mode == SPI_MODE_MASTER) && (hspi->Init.Direction == SPI_DIRECTION_2LINES) &&
 1163              		.loc 1 1202 6 is_stmt 0 view .LVU386
 1164 001a 012B     		cmp	r3, #1
1199:Drivers/STM32F1xx_HAL_Driver/Src/stm32f1xx_hal_spi.c ****   initial_TxXferCount = Size;
 1165              		.loc 1 1199 23 view .LVU387
 1166 001c 6268     		ldr	r2, [r4, #4]
1198:Drivers/STM32F1xx_HAL_Driver/Src/stm32f1xx_hal_spi.c ****   tmp_mode            = hspi->Init.Mode;
 1167              		.loc 1 1198 23 view .LVU388
 1168 001e D9B2     		uxtb	r1, r3
 1169              	.LVL50:
1199:Drivers/STM32F1xx_HAL_Driver/Src/stm32f1xx_hal_spi.c ****   initial_TxXferCount = Size;
 1170              		.loc 1 1199 3 is_stmt 1 view .LVU389
1200:Drivers/STM32F1xx_HAL_Driver/Src/stm32f1xx_hal_spi.c **** 
 1171              		.loc 1 1200 3 view .LVU390
1202:Drivers/STM32F1xx_HAL_Driver/Src/stm32f1xx_hal_spi.c ****         ((tmp_mode == SPI_MODE_MASTER) && (hspi->Init.Direction == SPI_DIRECTION_2LINES) &&
 1172              		.loc 1 1202 3 view .LVU391
1202:Drivers/STM32F1xx_HAL_Driver/Src/stm32f1xx_hal_spi.c ****         ((tmp_mode == SPI_MODE_MASTER) && (hspi->Init.Direction == SPI_DIRECTION_2LINES) &&
 1173              		.loc 1 1202 6 is_stmt 0 view .LVU392
 1174 0020 0AD0     		beq	.L112
1202:Drivers/STM32F1xx_HAL_Driver/Src/stm32f1xx_hal_spi.c ****         ((tmp_mode == SPI_MODE_MASTER) && (hspi->Init.Direction == SPI_DIRECTION_2LINES) &&
 1175              		.loc 1 1202 7 discriminator 1 view .LVU393
 1176 0022 B2F5827F 		cmp	r2, #260
 1177 0026 40F0E580 		bne	.L140
1203:Drivers/STM32F1xx_HAL_Driver/Src/stm32f1xx_hal_spi.c ****          (tmp_state == HAL_SPI_STATE_BUSY_RX))))
 1178              		.loc 1 1203 40 view .LVU394
 1179 002a A368     		ldr	r3, [r4, #8]
 1180 002c 002B     		cmp	r3, #0
 1181 002e 40F0E180 		bne	.L140
1203:Drivers/STM32F1xx_HAL_Driver/Src/stm32f1xx_hal_spi.c ****          (tmp_state == HAL_SPI_STATE_BUSY_RX))))
 1182              		.loc 1 1203 90 discriminator 1 view .LVU395
 1183 0032 0429     		cmp	r1, #4
 1184 0034 40F0DE80 		bne	.L140
 1185              	.L112:
1209:Drivers/STM32F1xx_HAL_Driver/Src/stm32f1xx_hal_spi.c ****   {
 1186              		.loc 1 1209 3 is_stmt 1 view .LVU396
1209:Drivers/STM32F1xx_HAL_Driver/Src/stm32f1xx_hal_spi.c ****   {
 1187              		.loc 1 1209 6 is_stmt 0 view .LVU397
 1188 0038 002D     		cmp	r5, #0
 1189 003a 4BD0     		beq	.L114
1209:Drivers/STM32F1xx_HAL_Driver/Src/stm32f1xx_hal_spi.c ****   {
 1190              		.loc 1 1209 25 discriminator 1 view .LVU398
 1191 003c B9F1000F 		cmp	r9, #0
 1192 0040 48D0     		beq	.L114
1209:Drivers/STM32F1xx_HAL_Driver/Src/stm32f1xx_hal_spi.c ****   {
ARM GAS  C:\Users\airforce\AppData\Local\Temp\cca1ZS9V.s 			page 98


 1193              		.loc 1 1209 46 discriminator 2 view .LVU399
 1194 0042 002E     		cmp	r6, #0
 1195 0044 46D0     		beq	.L114
1215:Drivers/STM32F1xx_HAL_Driver/Src/stm32f1xx_hal_spi.c **** 
 1196              		.loc 1 1215 3 is_stmt 1 view .LVU400
1215:Drivers/STM32F1xx_HAL_Driver/Src/stm32f1xx_hal_spi.c **** 
 1197              		.loc 1 1215 3 view .LVU401
 1198 0046 94F85030 		ldrb	r3, [r4, #80]	@ zero_extendqisi2
 1199 004a 012B     		cmp	r3, #1
 1200 004c 00F0D280 		beq	.L140
1215:Drivers/STM32F1xx_HAL_Driver/Src/stm32f1xx_hal_spi.c **** 
 1201              		.loc 1 1215 3 discriminator 2 view .LVU402
 1202 0050 0123     		movs	r3, #1
 1203 0052 84F85030 		strb	r3, [r4, #80]
1215:Drivers/STM32F1xx_HAL_Driver/Src/stm32f1xx_hal_spi.c **** 
 1204              		.loc 1 1215 3 view .LVU403
1218:Drivers/STM32F1xx_HAL_Driver/Src/stm32f1xx_hal_spi.c ****   {
 1205              		.loc 1 1218 3 view .LVU404
1218:Drivers/STM32F1xx_HAL_Driver/Src/stm32f1xx_hal_spi.c ****   {
 1206              		.loc 1 1218 11 is_stmt 0 view .LVU405
 1207 0056 94F85130 		ldrb	r3, [r4, #81]	@ zero_extendqisi2
1225:Drivers/STM32F1xx_HAL_Driver/Src/stm32f1xx_hal_spi.c ****   hspi->RxXferCount = Size;
 1208              		.loc 1 1225 21 view .LVU406
 1209 005a C4F83890 		str	r9, [r4, #56]
1218:Drivers/STM32F1xx_HAL_Driver/Src/stm32f1xx_hal_spi.c ****   {
 1210              		.loc 1 1218 6 view .LVU407
 1211 005e 042B     		cmp	r3, #4
1220:Drivers/STM32F1xx_HAL_Driver/Src/stm32f1xx_hal_spi.c ****   }
 1212              		.loc 1 1220 5 is_stmt 1 view .LVU408
1220:Drivers/STM32F1xx_HAL_Driver/Src/stm32f1xx_hal_spi.c ****   }
 1213              		.loc 1 1220 17 is_stmt 0 view .LVU409
 1214 0060 1CBF     		itt	ne
 1215 0062 0523     		movne	r3, #5
 1216 0064 84F85130 		strbne	r3, [r4, #81]
1224:Drivers/STM32F1xx_HAL_Driver/Src/stm32f1xx_hal_spi.c ****   hspi->pRxBuffPtr  = (uint8_t *)pRxData;
 1217              		.loc 1 1224 3 is_stmt 1 view .LVU410
1224:Drivers/STM32F1xx_HAL_Driver/Src/stm32f1xx_hal_spi.c ****   hspi->pRxBuffPtr  = (uint8_t *)pRxData;
 1218              		.loc 1 1224 21 is_stmt 0 view .LVU411
 1219 0068 0023     		movs	r3, #0
 1220 006a 6365     		str	r3, [r4, #84]
1225:Drivers/STM32F1xx_HAL_Driver/Src/stm32f1xx_hal_spi.c ****   hspi->RxXferCount = Size;
 1221              		.loc 1 1225 3 is_stmt 1 view .LVU412
1226:Drivers/STM32F1xx_HAL_Driver/Src/stm32f1xx_hal_spi.c ****   hspi->RxXferSize  = Size;
 1222              		.loc 1 1226 3 view .LVU413
1234:Drivers/STM32F1xx_HAL_Driver/Src/stm32f1xx_hal_spi.c **** 
 1223              		.loc 1 1234 21 is_stmt 0 view .LVU414
 1224 006c C4E91033 		strd	r3, r3, [r4, #64]
1245:Drivers/STM32F1xx_HAL_Driver/Src/stm32f1xx_hal_spi.c ****   {
 1225              		.loc 1 1245 12 view .LVU415
 1226 0070 2368     		ldr	r3, [r4]
1226:Drivers/STM32F1xx_HAL_Driver/Src/stm32f1xx_hal_spi.c ****   hspi->RxXferSize  = Size;
 1227              		.loc 1 1226 21 view .LVU416
 1228 0072 E687     		strh	r6, [r4, #62]	@ movhi
1227:Drivers/STM32F1xx_HAL_Driver/Src/stm32f1xx_hal_spi.c ****   hspi->pTxBuffPtr  = (const uint8_t *)pTxData;
 1229              		.loc 1 1227 3 is_stmt 1 view .LVU417
1229:Drivers/STM32F1xx_HAL_Driver/Src/stm32f1xx_hal_spi.c ****   hspi->TxXferSize  = Size;
 1230              		.loc 1 1229 21 is_stmt 0 view .LVU418
ARM GAS  C:\Users\airforce\AppData\Local\Temp\cca1ZS9V.s 			page 99


 1231 0074 E686     		strh	r6, [r4, #54]	@ movhi
1245:Drivers/STM32F1xx_HAL_Driver/Src/stm32f1xx_hal_spi.c ****   {
 1232              		.loc 1 1245 22 view .LVU419
 1233 0076 1968     		ldr	r1, [r3]
 1234              	.LVL51:
1227:Drivers/STM32F1xx_HAL_Driver/Src/stm32f1xx_hal_spi.c ****   hspi->pTxBuffPtr  = (const uint8_t *)pTxData;
 1235              		.loc 1 1227 21 view .LVU420
 1236 0078 A687     		strh	r6, [r4, #60]	@ movhi
1228:Drivers/STM32F1xx_HAL_Driver/Src/stm32f1xx_hal_spi.c ****   hspi->TxXferCount = Size;
 1237              		.loc 1 1228 3 is_stmt 1 view .LVU421
1245:Drivers/STM32F1xx_HAL_Driver/Src/stm32f1xx_hal_spi.c ****   {
 1238              		.loc 1 1245 6 is_stmt 0 view .LVU422
 1239 007a 4906     		lsls	r1, r1, #25
1248:Drivers/STM32F1xx_HAL_Driver/Src/stm32f1xx_hal_spi.c ****   }
 1240              		.loc 1 1248 5 view .LVU423
 1241 007c 58BF     		it	pl
 1242 007e 1968     		ldrpl	r1, [r3]
1228:Drivers/STM32F1xx_HAL_Driver/Src/stm32f1xx_hal_spi.c ****   hspi->TxXferCount = Size;
 1243              		.loc 1 1228 21 view .LVU424
 1244 0080 2563     		str	r5, [r4, #48]
1229:Drivers/STM32F1xx_HAL_Driver/Src/stm32f1xx_hal_spi.c ****   hspi->TxXferSize  = Size;
 1245              		.loc 1 1229 3 is_stmt 1 view .LVU425
1230:Drivers/STM32F1xx_HAL_Driver/Src/stm32f1xx_hal_spi.c **** 
 1246              		.loc 1 1230 3 view .LVU426
1248:Drivers/STM32F1xx_HAL_Driver/Src/stm32f1xx_hal_spi.c ****   }
 1247              		.loc 1 1248 5 is_stmt 0 view .LVU427
 1248 0082 58BF     		it	pl
 1249 0084 41F04001 		orrpl	r1, r1, #64
1230:Drivers/STM32F1xx_HAL_Driver/Src/stm32f1xx_hal_spi.c **** 
 1250              		.loc 1 1230 21 view .LVU428
 1251 0088 A686     		strh	r6, [r4, #52]	@ movhi
1233:Drivers/STM32F1xx_HAL_Driver/Src/stm32f1xx_hal_spi.c ****   hspi->TxISR       = NULL;
 1252              		.loc 1 1233 3 is_stmt 1 view .LVU429
1245:Drivers/STM32F1xx_HAL_Driver/Src/stm32f1xx_hal_spi.c ****   {
 1253              		.loc 1 1245 3 view .LVU430
1248:Drivers/STM32F1xx_HAL_Driver/Src/stm32f1xx_hal_spi.c ****   }
 1254              		.loc 1 1248 5 view .LVU431
 1255 008a 58BF     		it	pl
 1256 008c 1960     		strpl	r1, [r3]
1252:Drivers/STM32F1xx_HAL_Driver/Src/stm32f1xx_hal_spi.c ****   {
 1257              		.loc 1 1252 3 view .LVU432
1252:Drivers/STM32F1xx_HAL_Driver/Src/stm32f1xx_hal_spi.c ****   {
 1258              		.loc 1 1252 6 is_stmt 0 view .LVU433
 1259 008e E168     		ldr	r1, [r4, #12]
 1260 0090 B1F5006F 		cmp	r1, #2048
 1261 0094 55D1     		bne	.L117
1254:Drivers/STM32F1xx_HAL_Driver/Src/stm32f1xx_hal_spi.c ****     {
 1262              		.loc 1 1254 5 is_stmt 1 view .LVU434
1254:Drivers/STM32F1xx_HAL_Driver/Src/stm32f1xx_hal_spi.c ****     {
 1263              		.loc 1 1254 8 is_stmt 0 view .LVU435
 1264 0096 0AB1     		cbz	r2, .L118
1254:Drivers/STM32F1xx_HAL_Driver/Src/stm32f1xx_hal_spi.c ****     {
 1265              		.loc 1 1254 45 discriminator 1 view .LVU436
 1266 0098 012E     		cmp	r6, #1
 1267 009a 07D1     		bne	.L119
 1268              	.L118:
1256:Drivers/STM32F1xx_HAL_Driver/Src/stm32f1xx_hal_spi.c ****       hspi->pTxBuffPtr += sizeof(uint16_t);
ARM GAS  C:\Users\airforce\AppData\Local\Temp\cca1ZS9V.s 			page 100


 1269              		.loc 1 1256 7 is_stmt 1 view .LVU437
1256:Drivers/STM32F1xx_HAL_Driver/Src/stm32f1xx_hal_spi.c ****       hspi->pTxBuffPtr += sizeof(uint16_t);
 1270              		.loc 1 1256 28 is_stmt 0 view .LVU438
 1271 009c 35F8022B 		ldrh	r2, [r5], #2
 1272              	.LVL52:
1256:Drivers/STM32F1xx_HAL_Driver/Src/stm32f1xx_hal_spi.c ****       hspi->pTxBuffPtr += sizeof(uint16_t);
 1273              		.loc 1 1256 26 view .LVU439
 1274 00a0 DA60     		str	r2, [r3, #12]
1257:Drivers/STM32F1xx_HAL_Driver/Src/stm32f1xx_hal_spi.c ****       hspi->TxXferCount--;
 1275              		.loc 1 1257 7 is_stmt 1 view .LVU440
1258:Drivers/STM32F1xx_HAL_Driver/Src/stm32f1xx_hal_spi.c **** 
 1276              		.loc 1 1258 11 is_stmt 0 view .LVU441
 1277 00a2 E38E     		ldrh	r3, [r4, #54]
1257:Drivers/STM32F1xx_HAL_Driver/Src/stm32f1xx_hal_spi.c ****       hspi->TxXferCount--;
 1278              		.loc 1 1257 24 view .LVU442
 1279 00a4 2563     		str	r5, [r4, #48]
 1280              	.LVL53:
1258:Drivers/STM32F1xx_HAL_Driver/Src/stm32f1xx_hal_spi.c **** 
 1281              		.loc 1 1258 7 is_stmt 1 view .LVU443
1258:Drivers/STM32F1xx_HAL_Driver/Src/stm32f1xx_hal_spi.c **** 
 1282              		.loc 1 1258 24 is_stmt 0 view .LVU444
 1283 00a6 013B     		subs	r3, r3, #1
 1284 00a8 9BB2     		uxth	r3, r3
 1285 00aa E386     		strh	r3, [r4, #54]	@ movhi
 1286              	.LVL54:
 1287              	.L119:
1296:Drivers/STM32F1xx_HAL_Driver/Src/stm32f1xx_hal_spi.c ****       }
 1288              		.loc 1 1296 19 view .LVU445
 1289 00ac 0125     		movs	r5, #1
 1290              	.LVL55:
 1291              	.L173:
1269:Drivers/STM32F1xx_HAL_Driver/Src/stm32f1xx_hal_spi.c ****     {
 1292              		.loc 1 1269 37 is_stmt 1 view .LVU446
1269:Drivers/STM32F1xx_HAL_Driver/Src/stm32f1xx_hal_spi.c ****     {
 1293              		.loc 1 1269 17 is_stmt 0 view .LVU447
 1294 00ae E38E     		ldrh	r3, [r4, #54]
 1295 00b0 9BB2     		uxth	r3, r3
1269:Drivers/STM32F1xx_HAL_Driver/Src/stm32f1xx_hal_spi.c ****     {
 1296              		.loc 1 1269 37 view .LVU448
 1297 00b2 8BB9     		cbnz	r3, .L124
1269:Drivers/STM32F1xx_HAL_Driver/Src/stm32f1xx_hal_spi.c ****     {
 1298              		.loc 1 1269 45 discriminator 1 view .LVU449
 1299 00b4 E38F     		ldrh	r3, [r4, #62]
 1300 00b6 9BB2     		uxth	r3, r3
1269:Drivers/STM32F1xx_HAL_Driver/Src/stm32f1xx_hal_spi.c ****     {
 1301              		.loc 1 1269 37 discriminator 1 view .LVU450
 1302 00b8 73B9     		cbnz	r3, .L124
 1303              	.L135:
1401:Drivers/STM32F1xx_HAL_Driver/Src/stm32f1xx_hal_spi.c ****   {
 1304              		.loc 1 1401 3 is_stmt 1 view .LVU451
1401:Drivers/STM32F1xx_HAL_Driver/Src/stm32f1xx_hal_spi.c ****   {
 1305              		.loc 1 1401 7 is_stmt 0 view .LVU452
 1306 00ba 3A46     		mov	r2, r7
 1307 00bc 4146     		mov	r1, r8
 1308 00be 2046     		mov	r0, r4
 1309 00c0 FFF7FEFF 		bl	SPI_EndRxTxTransaction
 1310              	.LVL56:
ARM GAS  C:\Users\airforce\AppData\Local\Temp\cca1ZS9V.s 			page 101


1401:Drivers/STM32F1xx_HAL_Driver/Src/stm32f1xx_hal_spi.c ****   {
 1311              		.loc 1 1401 6 discriminator 1 view .LVU453
 1312 00c4 0028     		cmp	r0, #0
 1313 00c6 00F08180 		beq	.L192
1403:Drivers/STM32F1xx_HAL_Driver/Src/stm32f1xx_hal_spi.c ****     __HAL_UNLOCK(hspi);
 1314              		.loc 1 1403 5 is_stmt 1 view .LVU454
1403:Drivers/STM32F1xx_HAL_Driver/Src/stm32f1xx_hal_spi.c ****     __HAL_UNLOCK(hspi);
 1315              		.loc 1 1403 21 is_stmt 0 view .LVU455
 1316 00ca 2023     		movs	r3, #32
 1317 00cc 6365     		str	r3, [r4, #84]
1404:Drivers/STM32F1xx_HAL_Driver/Src/stm32f1xx_hal_spi.c ****     return HAL_ERROR;
 1318              		.loc 1 1404 5 is_stmt 1 view .LVU456
1404:Drivers/STM32F1xx_HAL_Driver/Src/stm32f1xx_hal_spi.c ****     return HAL_ERROR;
 1319              		.loc 1 1404 5 view .LVU457
 1320 00ce 0023     		movs	r3, #0
 1321 00d0 84F85030 		strb	r3, [r4, #80]
1404:Drivers/STM32F1xx_HAL_Driver/Src/stm32f1xx_hal_spi.c ****     return HAL_ERROR;
 1322              		.loc 1 1404 5 view .LVU458
1405:Drivers/STM32F1xx_HAL_Driver/Src/stm32f1xx_hal_spi.c ****   }
 1323              		.loc 1 1405 5 view .LVU459
 1324              	.LVL57:
 1325              	.L114:
1211:Drivers/STM32F1xx_HAL_Driver/Src/stm32f1xx_hal_spi.c ****   }
 1326              		.loc 1 1211 12 is_stmt 0 view .LVU460
 1327 00d4 0120     		movs	r0, #1
 1328 00d6 31E0     		b	.L113
 1329              	.LVL58:
 1330              	.L124:
1272:Drivers/STM32F1xx_HAL_Driver/Src/stm32f1xx_hal_spi.c ****       {
 1331              		.loc 1 1272 7 is_stmt 1 view .LVU461
1272:Drivers/STM32F1xx_HAL_Driver/Src/stm32f1xx_hal_spi.c ****       {
 1332              		.loc 1 1272 12 is_stmt 0 view .LVU462
 1333 00d8 2168     		ldr	r1, [r4]
 1334 00da 8B68     		ldr	r3, [r1, #8]
1272:Drivers/STM32F1xx_HAL_Driver/Src/stm32f1xx_hal_spi.c ****       {
 1335              		.loc 1 1272 10 view .LVU463
 1336 00dc 9A07     		lsls	r2, r3, #30
 1337 00de 0DD5     		bpl	.L120
1272:Drivers/STM32F1xx_HAL_Driver/Src/stm32f1xx_hal_spi.c ****       {
 1338              		.loc 1 1272 60 discriminator 1 view .LVU464
 1339 00e0 E38E     		ldrh	r3, [r4, #54]
 1340 00e2 9BB2     		uxth	r3, r3
1272:Drivers/STM32F1xx_HAL_Driver/Src/stm32f1xx_hal_spi.c ****       {
 1341              		.loc 1 1272 52 discriminator 1 view .LVU465
 1342 00e4 53B1     		cbz	r3, .L120
1272:Drivers/STM32F1xx_HAL_Driver/Src/stm32f1xx_hal_spi.c ****       {
 1343              		.loc 1 1272 80 discriminator 2 view .LVU466
 1344 00e6 45B1     		cbz	r5, .L121
1274:Drivers/STM32F1xx_HAL_Driver/Src/stm32f1xx_hal_spi.c ****         hspi->pTxBuffPtr += sizeof(uint16_t);
 1345              		.loc 1 1274 9 is_stmt 1 view .LVU467
1274:Drivers/STM32F1xx_HAL_Driver/Src/stm32f1xx_hal_spi.c ****         hspi->pTxBuffPtr += sizeof(uint16_t);
 1346              		.loc 1 1274 30 is_stmt 0 view .LVU468
 1347 00e8 236B     		ldr	r3, [r4, #48]
 1348 00ea 33F8022B 		ldrh	r2, [r3], #2
1274:Drivers/STM32F1xx_HAL_Driver/Src/stm32f1xx_hal_spi.c ****         hspi->pTxBuffPtr += sizeof(uint16_t);
 1349              		.loc 1 1274 28 view .LVU469
 1350 00ee CA60     		str	r2, [r1, #12]
ARM GAS  C:\Users\airforce\AppData\Local\Temp\cca1ZS9V.s 			page 102


1275:Drivers/STM32F1xx_HAL_Driver/Src/stm32f1xx_hal_spi.c ****         hspi->TxXferCount--;
 1351              		.loc 1 1275 9 is_stmt 1 view .LVU470
1275:Drivers/STM32F1xx_HAL_Driver/Src/stm32f1xx_hal_spi.c ****         hspi->TxXferCount--;
 1352              		.loc 1 1275 26 is_stmt 0 view .LVU471
 1353 00f0 2363     		str	r3, [r4, #48]
1276:Drivers/STM32F1xx_HAL_Driver/Src/stm32f1xx_hal_spi.c ****         /* Next Data is a reception (Rx). Tx not allowed */
 1354              		.loc 1 1276 9 is_stmt 1 view .LVU472
1276:Drivers/STM32F1xx_HAL_Driver/Src/stm32f1xx_hal_spi.c ****         /* Next Data is a reception (Rx). Tx not allowed */
 1355              		.loc 1 1276 13 is_stmt 0 view .LVU473
 1356 00f2 E38E     		ldrh	r3, [r4, #54]
1276:Drivers/STM32F1xx_HAL_Driver/Src/stm32f1xx_hal_spi.c ****         /* Next Data is a reception (Rx). Tx not allowed */
 1357              		.loc 1 1276 26 view .LVU474
 1358 00f4 013B     		subs	r3, r3, #1
 1359 00f6 9BB2     		uxth	r3, r3
 1360 00f8 E386     		strh	r3, [r4, #54]	@ movhi
1278:Drivers/STM32F1xx_HAL_Driver/Src/stm32f1xx_hal_spi.c **** 
 1361              		.loc 1 1278 9 is_stmt 1 view .LVU475
 1362              	.LVL59:
 1363              	.L121:
1179:Drivers/STM32F1xx_HAL_Driver/Src/stm32f1xx_hal_spi.c ****   uint16_t             initial_TxXferCount;
 1364              		.loc 1 1179 1 is_stmt 0 view .LVU476
 1365 00fa 0025     		movs	r5, #0
 1366              	.L120:
 1367              	.LVL60:
1290:Drivers/STM32F1xx_HAL_Driver/Src/stm32f1xx_hal_spi.c ****       {
 1368              		.loc 1 1290 7 is_stmt 1 view .LVU477
1290:Drivers/STM32F1xx_HAL_Driver/Src/stm32f1xx_hal_spi.c ****       {
 1369              		.loc 1 1290 12 is_stmt 0 view .LVU478
 1370 00fc 8A68     		ldr	r2, [r1, #8]
1290:Drivers/STM32F1xx_HAL_Driver/Src/stm32f1xx_hal_spi.c ****       {
 1371              		.loc 1 1290 10 view .LVU479
 1372 00fe 12F00102 		ands	r2, r2, #1
 1373 0102 0CD0     		beq	.L122
1290:Drivers/STM32F1xx_HAL_Driver/Src/stm32f1xx_hal_spi.c ****       {
 1374              		.loc 1 1290 61 discriminator 1 view .LVU480
 1375 0104 E38F     		ldrh	r3, [r4, #62]
 1376 0106 9BB2     		uxth	r3, r3
1290:Drivers/STM32F1xx_HAL_Driver/Src/stm32f1xx_hal_spi.c ****       {
 1377              		.loc 1 1290 53 discriminator 1 view .LVU481
 1378 0108 4BB1     		cbz	r3, .L122
1292:Drivers/STM32F1xx_HAL_Driver/Src/stm32f1xx_hal_spi.c ****         hspi->pRxBuffPtr += sizeof(uint16_t);
 1379              		.loc 1 1292 9 is_stmt 1 view .LVU482
1296:Drivers/STM32F1xx_HAL_Driver/Src/stm32f1xx_hal_spi.c ****       }
 1380              		.loc 1 1296 19 is_stmt 0 view .LVU483
 1381 010a 1546     		mov	r5, r2
 1382              	.LVL61:
1292:Drivers/STM32F1xx_HAL_Driver/Src/stm32f1xx_hal_spi.c ****         hspi->pRxBuffPtr += sizeof(uint16_t);
 1383              		.loc 1 1292 67 view .LVU484
 1384 010c C968     		ldr	r1, [r1, #12]
1292:Drivers/STM32F1xx_HAL_Driver/Src/stm32f1xx_hal_spi.c ****         hspi->pRxBuffPtr += sizeof(uint16_t);
 1385              		.loc 1 1292 43 view .LVU485
 1386 010e A36B     		ldr	r3, [r4, #56]
 1387 0110 23F8021B 		strh	r1, [r3], #2	@ movhi
1293:Drivers/STM32F1xx_HAL_Driver/Src/stm32f1xx_hal_spi.c ****         hspi->RxXferCount--;
 1388              		.loc 1 1293 9 is_stmt 1 view .LVU486
1293:Drivers/STM32F1xx_HAL_Driver/Src/stm32f1xx_hal_spi.c ****         hspi->RxXferCount--;
 1389              		.loc 1 1293 26 is_stmt 0 view .LVU487
ARM GAS  C:\Users\airforce\AppData\Local\Temp\cca1ZS9V.s 			page 103


 1390 0114 A363     		str	r3, [r4, #56]
1294:Drivers/STM32F1xx_HAL_Driver/Src/stm32f1xx_hal_spi.c ****         /* Next Data is a Transmission (Tx). Tx is allowed */
 1391              		.loc 1 1294 9 is_stmt 1 view .LVU488
1294:Drivers/STM32F1xx_HAL_Driver/Src/stm32f1xx_hal_spi.c ****         /* Next Data is a Transmission (Tx). Tx is allowed */
 1392              		.loc 1 1294 13 is_stmt 0 view .LVU489
 1393 0116 E38F     		ldrh	r3, [r4, #62]
1294:Drivers/STM32F1xx_HAL_Driver/Src/stm32f1xx_hal_spi.c ****         /* Next Data is a Transmission (Tx). Tx is allowed */
 1394              		.loc 1 1294 26 view .LVU490
 1395 0118 013B     		subs	r3, r3, #1
 1396 011a 9BB2     		uxth	r3, r3
 1397 011c E387     		strh	r3, [r4, #62]	@ movhi
1296:Drivers/STM32F1xx_HAL_Driver/Src/stm32f1xx_hal_spi.c ****       }
 1398              		.loc 1 1296 9 is_stmt 1 view .LVU491
 1399              	.LVL62:
 1400              	.L122:
1298:Drivers/STM32F1xx_HAL_Driver/Src/stm32f1xx_hal_spi.c ****       {
 1401              		.loc 1 1298 7 view .LVU492
1298:Drivers/STM32F1xx_HAL_Driver/Src/stm32f1xx_hal_spi.c ****       {
 1402              		.loc 1 1298 13 is_stmt 0 view .LVU493
 1403 011e FFF7FEFF 		bl	HAL_GetTick
 1404              	.LVL63:
1298:Drivers/STM32F1xx_HAL_Driver/Src/stm32f1xx_hal_spi.c ****       {
 1405              		.loc 1 1298 27 discriminator 1 view .LVU494
 1406 0122 C01B     		subs	r0, r0, r7
1298:Drivers/STM32F1xx_HAL_Driver/Src/stm32f1xx_hal_spi.c ****       {
 1407              		.loc 1 1298 10 discriminator 1 view .LVU495
 1408 0124 4045     		cmp	r0, r8
 1409 0126 C2D3     		bcc	.L173
1298:Drivers/STM32F1xx_HAL_Driver/Src/stm32f1xx_hal_spi.c ****       {
 1410              		.loc 1 1298 53 discriminator 1 view .LVU496
 1411 0128 B8F1FF3F 		cmp	r8, #-1
 1412 012c BFD0     		beq	.L173
 1413              	.L193:
1300:Drivers/STM32F1xx_HAL_Driver/Src/stm32f1xx_hal_spi.c ****         __HAL_UNLOCK(hspi);
 1414              		.loc 1 1300 9 is_stmt 1 view .LVU497
1300:Drivers/STM32F1xx_HAL_Driver/Src/stm32f1xx_hal_spi.c ****         __HAL_UNLOCK(hspi);
 1415              		.loc 1 1300 21 is_stmt 0 view .LVU498
 1416 012e 0123     		movs	r3, #1
 1417 0130 84F85130 		strb	r3, [r4, #81]
 1418              	.LVL64:
1301:Drivers/STM32F1xx_HAL_Driver/Src/stm32f1xx_hal_spi.c ****         return HAL_TIMEOUT;
 1419              		.loc 1 1301 9 is_stmt 1 view .LVU499
1301:Drivers/STM32F1xx_HAL_Driver/Src/stm32f1xx_hal_spi.c ****         return HAL_TIMEOUT;
 1420              		.loc 1 1301 9 view .LVU500
1301:Drivers/STM32F1xx_HAL_Driver/Src/stm32f1xx_hal_spi.c ****         return HAL_TIMEOUT;
 1421              		.loc 1 1301 9 view .LVU501
1302:Drivers/STM32F1xx_HAL_Driver/Src/stm32f1xx_hal_spi.c ****       }
 1422              		.loc 1 1302 9 view .LVU502
1301:Drivers/STM32F1xx_HAL_Driver/Src/stm32f1xx_hal_spi.c ****         return HAL_TIMEOUT;
 1423              		.loc 1 1301 9 is_stmt 0 view .LVU503
 1424 0134 0023     		movs	r3, #0
1302:Drivers/STM32F1xx_HAL_Driver/Src/stm32f1xx_hal_spi.c ****       }
 1425              		.loc 1 1302 16 view .LVU504
 1426 0136 0320     		movs	r0, #3
1301:Drivers/STM32F1xx_HAL_Driver/Src/stm32f1xx_hal_spi.c ****         return HAL_TIMEOUT;
 1427              		.loc 1 1301 9 view .LVU505
 1428 0138 84F85030 		strb	r3, [r4, #80]
ARM GAS  C:\Users\airforce\AppData\Local\Temp\cca1ZS9V.s 			page 104


 1429              	.LVL65:
 1430              	.L113:
1427:Drivers/STM32F1xx_HAL_Driver/Src/stm32f1xx_hal_spi.c **** 
 1431              		.loc 1 1427 1 view .LVU506
 1432 013c 03B0     		add	sp, sp, #12
 1433              	.LCFI17:
 1434              		.cfi_remember_state
 1435              		.cfi_def_cfa_offset 28
 1436              		@ sp needed
 1437 013e BDE8F083 		pop	{r4, r5, r6, r7, r8, r9, pc}
 1438              	.LVL66:
 1439              	.L117:
 1440              	.LCFI18:
 1441              		.cfi_restore_state
1309:Drivers/STM32F1xx_HAL_Driver/Src/stm32f1xx_hal_spi.c ****     {
 1442              		.loc 1 1309 5 is_stmt 1 view .LVU507
1309:Drivers/STM32F1xx_HAL_Driver/Src/stm32f1xx_hal_spi.c ****     {
 1443              		.loc 1 1309 8 is_stmt 0 view .LVU508
 1444 0142 0AB1     		cbz	r2, .L127
1309:Drivers/STM32F1xx_HAL_Driver/Src/stm32f1xx_hal_spi.c ****     {
 1445              		.loc 1 1309 45 discriminator 1 view .LVU509
 1446 0144 012E     		cmp	r6, #1
 1447 0146 08D1     		bne	.L128
 1448              	.L127:
1311:Drivers/STM32F1xx_HAL_Driver/Src/stm32f1xx_hal_spi.c ****       hspi->pTxBuffPtr += sizeof(uint8_t);
 1449              		.loc 1 1311 7 is_stmt 1 view .LVU510
1311:Drivers/STM32F1xx_HAL_Driver/Src/stm32f1xx_hal_spi.c ****       hspi->pTxBuffPtr += sizeof(uint8_t);
 1450              		.loc 1 1311 48 is_stmt 0 view .LVU511
 1451 0148 2A78     		ldrb	r2, [r5]	@ zero_extendqisi2
 1452              	.LVL67:
1311:Drivers/STM32F1xx_HAL_Driver/Src/stm32f1xx_hal_spi.c ****       hspi->pTxBuffPtr += sizeof(uint8_t);
 1453              		.loc 1 1311 46 view .LVU512
 1454 014a 1A73     		strb	r2, [r3, #12]
 1455              	.LVL68:
1312:Drivers/STM32F1xx_HAL_Driver/Src/stm32f1xx_hal_spi.c ****       hspi->TxXferCount--;
 1456              		.loc 1 1312 7 is_stmt 1 view .LVU513
1312:Drivers/STM32F1xx_HAL_Driver/Src/stm32f1xx_hal_spi.c ****       hspi->TxXferCount--;
 1457              		.loc 1 1312 24 is_stmt 0 view .LVU514
 1458 014c 236B     		ldr	r3, [r4, #48]
 1459 014e 0133     		adds	r3, r3, #1
 1460 0150 2363     		str	r3, [r4, #48]
1313:Drivers/STM32F1xx_HAL_Driver/Src/stm32f1xx_hal_spi.c **** 
 1461              		.loc 1 1313 7 is_stmt 1 view .LVU515
1313:Drivers/STM32F1xx_HAL_Driver/Src/stm32f1xx_hal_spi.c **** 
 1462              		.loc 1 1313 11 is_stmt 0 view .LVU516
 1463 0152 E38E     		ldrh	r3, [r4, #54]
1313:Drivers/STM32F1xx_HAL_Driver/Src/stm32f1xx_hal_spi.c **** 
 1464              		.loc 1 1313 24 view .LVU517
 1465 0154 013B     		subs	r3, r3, #1
 1466 0156 9BB2     		uxth	r3, r3
 1467 0158 E386     		strh	r3, [r4, #54]	@ movhi
 1468              	.L128:
1350:Drivers/STM32F1xx_HAL_Driver/Src/stm32f1xx_hal_spi.c ****       }
 1469              		.loc 1 1350 19 view .LVU518
 1470 015a 0125     		movs	r5, #1
 1471              	.LVL69:
1350:Drivers/STM32F1xx_HAL_Driver/Src/stm32f1xx_hal_spi.c ****       }
ARM GAS  C:\Users\airforce\AppData\Local\Temp\cca1ZS9V.s 			page 105


 1472              		.loc 1 1350 19 view .LVU519
 1473 015c 2DE0     		b	.L174
 1474              	.LVL70:
 1475              	.L134:
1326:Drivers/STM32F1xx_HAL_Driver/Src/stm32f1xx_hal_spi.c ****       {
 1476              		.loc 1 1326 7 is_stmt 1 view .LVU520
1326:Drivers/STM32F1xx_HAL_Driver/Src/stm32f1xx_hal_spi.c ****       {
 1477              		.loc 1 1326 12 is_stmt 0 view .LVU521
 1478 015e 2268     		ldr	r2, [r4]
 1479 0160 9368     		ldr	r3, [r2, #8]
1326:Drivers/STM32F1xx_HAL_Driver/Src/stm32f1xx_hal_spi.c ****       {
 1480              		.loc 1 1326 10 view .LVU522
 1481 0162 9B07     		lsls	r3, r3, #30
 1482 0164 0ED5     		bpl	.L129
1326:Drivers/STM32F1xx_HAL_Driver/Src/stm32f1xx_hal_spi.c ****       {
 1483              		.loc 1 1326 60 discriminator 1 view .LVU523
 1484 0166 E38E     		ldrh	r3, [r4, #54]
 1485 0168 9BB2     		uxth	r3, r3
1326:Drivers/STM32F1xx_HAL_Driver/Src/stm32f1xx_hal_spi.c ****       {
 1486              		.loc 1 1326 52 discriminator 1 view .LVU524
 1487 016a 5BB1     		cbz	r3, .L129
1326:Drivers/STM32F1xx_HAL_Driver/Src/stm32f1xx_hal_spi.c ****       {
 1488              		.loc 1 1326 80 discriminator 2 view .LVU525
 1489 016c 4DB1     		cbz	r5, .L130
1328:Drivers/STM32F1xx_HAL_Driver/Src/stm32f1xx_hal_spi.c ****         hspi->pTxBuffPtr++;
 1490              		.loc 1 1328 9 is_stmt 1 view .LVU526
1328:Drivers/STM32F1xx_HAL_Driver/Src/stm32f1xx_hal_spi.c ****         hspi->pTxBuffPtr++;
 1491              		.loc 1 1328 48 is_stmt 0 view .LVU527
 1492 016e 236B     		ldr	r3, [r4, #48]
 1493 0170 1B78     		ldrb	r3, [r3]	@ zero_extendqisi2
1328:Drivers/STM32F1xx_HAL_Driver/Src/stm32f1xx_hal_spi.c ****         hspi->pTxBuffPtr++;
 1494              		.loc 1 1328 46 view .LVU528
 1495 0172 1373     		strb	r3, [r2, #12]
1329:Drivers/STM32F1xx_HAL_Driver/Src/stm32f1xx_hal_spi.c ****         hspi->TxXferCount--;
 1496              		.loc 1 1329 9 is_stmt 1 view .LVU529
1329:Drivers/STM32F1xx_HAL_Driver/Src/stm32f1xx_hal_spi.c ****         hspi->TxXferCount--;
 1497              		.loc 1 1329 25 is_stmt 0 view .LVU530
 1498 0174 236B     		ldr	r3, [r4, #48]
 1499 0176 0133     		adds	r3, r3, #1
 1500 0178 2363     		str	r3, [r4, #48]
1330:Drivers/STM32F1xx_HAL_Driver/Src/stm32f1xx_hal_spi.c ****         /* Next Data is a reception (Rx). Tx not allowed */
 1501              		.loc 1 1330 9 is_stmt 1 view .LVU531
1330:Drivers/STM32F1xx_HAL_Driver/Src/stm32f1xx_hal_spi.c ****         /* Next Data is a reception (Rx). Tx not allowed */
 1502              		.loc 1 1330 13 is_stmt 0 view .LVU532
 1503 017a E38E     		ldrh	r3, [r4, #54]
1330:Drivers/STM32F1xx_HAL_Driver/Src/stm32f1xx_hal_spi.c ****         /* Next Data is a reception (Rx). Tx not allowed */
 1504              		.loc 1 1330 26 view .LVU533
 1505 017c 013B     		subs	r3, r3, #1
 1506 017e 9BB2     		uxth	r3, r3
 1507 0180 E386     		strh	r3, [r4, #54]	@ movhi
1332:Drivers/STM32F1xx_HAL_Driver/Src/stm32f1xx_hal_spi.c **** 
 1508              		.loc 1 1332 9 is_stmt 1 view .LVU534
 1509              	.LVL71:
 1510              	.L130:
1296:Drivers/STM32F1xx_HAL_Driver/Src/stm32f1xx_hal_spi.c ****       }
 1511              		.loc 1 1296 19 is_stmt 0 view .LVU535
 1512 0182 0025     		movs	r5, #0
ARM GAS  C:\Users\airforce\AppData\Local\Temp\cca1ZS9V.s 			page 106


 1513              	.L129:
 1514              	.LVL72:
1344:Drivers/STM32F1xx_HAL_Driver/Src/stm32f1xx_hal_spi.c ****       {
 1515              		.loc 1 1344 7 is_stmt 1 view .LVU536
1344:Drivers/STM32F1xx_HAL_Driver/Src/stm32f1xx_hal_spi.c ****       {
 1516              		.loc 1 1344 12 is_stmt 0 view .LVU537
 1517 0184 2268     		ldr	r2, [r4]
 1518 0186 9168     		ldr	r1, [r2, #8]
1344:Drivers/STM32F1xx_HAL_Driver/Src/stm32f1xx_hal_spi.c ****       {
 1519              		.loc 1 1344 10 view .LVU538
 1520 0188 11F00101 		ands	r1, r1, #1
 1521 018c 0DD0     		beq	.L131
1344:Drivers/STM32F1xx_HAL_Driver/Src/stm32f1xx_hal_spi.c ****       {
 1522              		.loc 1 1344 61 discriminator 1 view .LVU539
 1523 018e E38F     		ldrh	r3, [r4, #62]
 1524 0190 9BB2     		uxth	r3, r3
1344:Drivers/STM32F1xx_HAL_Driver/Src/stm32f1xx_hal_spi.c ****       {
 1525              		.loc 1 1344 53 discriminator 1 view .LVU540
 1526 0192 53B1     		cbz	r3, .L131
1346:Drivers/STM32F1xx_HAL_Driver/Src/stm32f1xx_hal_spi.c ****         hspi->pRxBuffPtr++;
 1527              		.loc 1 1346 9 is_stmt 1 view .LVU541
1350:Drivers/STM32F1xx_HAL_Driver/Src/stm32f1xx_hal_spi.c ****       }
 1528              		.loc 1 1350 19 is_stmt 0 view .LVU542
 1529 0194 0D46     		mov	r5, r1
 1530              	.LVL73:
1346:Drivers/STM32F1xx_HAL_Driver/Src/stm32f1xx_hal_spi.c ****         hspi->pRxBuffPtr++;
 1531              		.loc 1 1346 56 view .LVU543
 1532 0196 D268     		ldr	r2, [r2, #12]
1346:Drivers/STM32F1xx_HAL_Driver/Src/stm32f1xx_hal_spi.c ****         hspi->pRxBuffPtr++;
 1533              		.loc 1 1346 26 view .LVU544
 1534 0198 A36B     		ldr	r3, [r4, #56]
1346:Drivers/STM32F1xx_HAL_Driver/Src/stm32f1xx_hal_spi.c ****         hspi->pRxBuffPtr++;
 1535              		.loc 1 1346 40 view .LVU545
 1536 019a 1A70     		strb	r2, [r3]
1347:Drivers/STM32F1xx_HAL_Driver/Src/stm32f1xx_hal_spi.c ****         hspi->RxXferCount--;
 1537              		.loc 1 1347 9 is_stmt 1 view .LVU546
1347:Drivers/STM32F1xx_HAL_Driver/Src/stm32f1xx_hal_spi.c ****         hspi->RxXferCount--;
 1538              		.loc 1 1347 25 is_stmt 0 view .LVU547
 1539 019c A36B     		ldr	r3, [r4, #56]
 1540 019e 0133     		adds	r3, r3, #1
 1541 01a0 A363     		str	r3, [r4, #56]
1348:Drivers/STM32F1xx_HAL_Driver/Src/stm32f1xx_hal_spi.c ****         /* Next Data is a Transmission (Tx). Tx is allowed */
 1542              		.loc 1 1348 9 is_stmt 1 view .LVU548
1348:Drivers/STM32F1xx_HAL_Driver/Src/stm32f1xx_hal_spi.c ****         /* Next Data is a Transmission (Tx). Tx is allowed */
 1543              		.loc 1 1348 13 is_stmt 0 view .LVU549
 1544 01a2 E38F     		ldrh	r3, [r4, #62]
1348:Drivers/STM32F1xx_HAL_Driver/Src/stm32f1xx_hal_spi.c ****         /* Next Data is a Transmission (Tx). Tx is allowed */
 1545              		.loc 1 1348 26 view .LVU550
 1546 01a4 013B     		subs	r3, r3, #1
 1547 01a6 9BB2     		uxth	r3, r3
 1548 01a8 E387     		strh	r3, [r4, #62]	@ movhi
1350:Drivers/STM32F1xx_HAL_Driver/Src/stm32f1xx_hal_spi.c ****       }
 1549              		.loc 1 1350 9 is_stmt 1 view .LVU551
 1550              	.LVL74:
 1551              	.L131:
1352:Drivers/STM32F1xx_HAL_Driver/Src/stm32f1xx_hal_spi.c ****       {
 1552              		.loc 1 1352 7 view .LVU552
ARM GAS  C:\Users\airforce\AppData\Local\Temp\cca1ZS9V.s 			page 107


1352:Drivers/STM32F1xx_HAL_Driver/Src/stm32f1xx_hal_spi.c ****       {
 1553              		.loc 1 1352 14 is_stmt 0 view .LVU553
 1554 01aa FFF7FEFF 		bl	HAL_GetTick
 1555              	.LVL75:
1352:Drivers/STM32F1xx_HAL_Driver/Src/stm32f1xx_hal_spi.c ****       {
 1556              		.loc 1 1352 28 discriminator 1 view .LVU554
 1557 01ae C01B     		subs	r0, r0, r7
1352:Drivers/STM32F1xx_HAL_Driver/Src/stm32f1xx_hal_spi.c ****       {
 1558              		.loc 1 1352 10 discriminator 1 view .LVU555
 1559 01b0 4045     		cmp	r0, r8
 1560 01b2 02D3     		bcc	.L174
1352:Drivers/STM32F1xx_HAL_Driver/Src/stm32f1xx_hal_spi.c ****       {
 1561              		.loc 1 1352 54 discriminator 1 view .LVU556
 1562 01b4 B8F1FF3F 		cmp	r8, #-1
 1563 01b8 B9D1     		bne	.L193
 1564              	.LVL76:
 1565              	.L174:
1323:Drivers/STM32F1xx_HAL_Driver/Src/stm32f1xx_hal_spi.c ****     {
 1566              		.loc 1 1323 37 is_stmt 1 view .LVU557
1323:Drivers/STM32F1xx_HAL_Driver/Src/stm32f1xx_hal_spi.c ****     {
 1567              		.loc 1 1323 17 is_stmt 0 view .LVU558
 1568 01ba E38E     		ldrh	r3, [r4, #54]
 1569 01bc 9BB2     		uxth	r3, r3
1323:Drivers/STM32F1xx_HAL_Driver/Src/stm32f1xx_hal_spi.c ****     {
 1570              		.loc 1 1323 37 view .LVU559
 1571 01be 002B     		cmp	r3, #0
 1572 01c0 CDD1     		bne	.L134
1323:Drivers/STM32F1xx_HAL_Driver/Src/stm32f1xx_hal_spi.c ****     {
 1573              		.loc 1 1323 45 discriminator 1 view .LVU560
 1574 01c2 E38F     		ldrh	r3, [r4, #62]
 1575 01c4 9BB2     		uxth	r3, r3
1323:Drivers/STM32F1xx_HAL_Driver/Src/stm32f1xx_hal_spi.c ****     {
 1576              		.loc 1 1323 37 discriminator 1 view .LVU561
 1577 01c6 002B     		cmp	r3, #0
 1578 01c8 C9D1     		bne	.L134
 1579 01ca 76E7     		b	.L135
 1580              	.L192:
1409:Drivers/STM32F1xx_HAL_Driver/Src/stm32f1xx_hal_spi.c ****   {
 1581              		.loc 1 1409 3 is_stmt 1 view .LVU562
1409:Drivers/STM32F1xx_HAL_Driver/Src/stm32f1xx_hal_spi.c ****   {
 1582              		.loc 1 1409 6 is_stmt 0 view .LVU563
 1583 01cc A368     		ldr	r3, [r4, #8]
 1584 01ce 33B9     		cbnz	r3, .L136
1411:Drivers/STM32F1xx_HAL_Driver/Src/stm32f1xx_hal_spi.c ****   }
 1585              		.loc 1 1411 5 is_stmt 1 view .LVU564
 1586              	.LBB3:
1411:Drivers/STM32F1xx_HAL_Driver/Src/stm32f1xx_hal_spi.c ****   }
 1587              		.loc 1 1411 5 view .LVU565
 1588 01d0 0193     		str	r3, [sp, #4]
1411:Drivers/STM32F1xx_HAL_Driver/Src/stm32f1xx_hal_spi.c ****   }
 1589              		.loc 1 1411 5 view .LVU566
 1590 01d2 2368     		ldr	r3, [r4]
 1591 01d4 DA68     		ldr	r2, [r3, #12]
 1592 01d6 0192     		str	r2, [sp, #4]
1411:Drivers/STM32F1xx_HAL_Driver/Src/stm32f1xx_hal_spi.c ****   }
 1593              		.loc 1 1411 5 view .LVU567
 1594 01d8 9B68     		ldr	r3, [r3, #8]
ARM GAS  C:\Users\airforce\AppData\Local\Temp\cca1ZS9V.s 			page 108


 1595 01da 0193     		str	r3, [sp, #4]
1411:Drivers/STM32F1xx_HAL_Driver/Src/stm32f1xx_hal_spi.c ****   }
 1596              		.loc 1 1411 5 view .LVU568
 1597 01dc 019B     		ldr	r3, [sp, #4]
 1598              	.L136:
 1599              	.LBE3:
1411:Drivers/STM32F1xx_HAL_Driver/Src/stm32f1xx_hal_spi.c ****   }
 1600              		.loc 1 1411 5 discriminator 1 view .LVU569
1415:Drivers/STM32F1xx_HAL_Driver/Src/stm32f1xx_hal_spi.c ****   /* Unlock the process */
 1601              		.loc 1 1415 3 view .LVU570
1415:Drivers/STM32F1xx_HAL_Driver/Src/stm32f1xx_hal_spi.c ****   /* Unlock the process */
 1602              		.loc 1 1415 15 is_stmt 0 view .LVU571
 1603 01de 0123     		movs	r3, #1
 1604 01e0 84F85130 		strb	r3, [r4, #81]
1417:Drivers/STM32F1xx_HAL_Driver/Src/stm32f1xx_hal_spi.c **** 
 1605              		.loc 1 1417 3 is_stmt 1 view .LVU572
1417:Drivers/STM32F1xx_HAL_Driver/Src/stm32f1xx_hal_spi.c **** 
 1606              		.loc 1 1417 3 view .LVU573
 1607 01e4 0023     		movs	r3, #0
1419:Drivers/STM32F1xx_HAL_Driver/Src/stm32f1xx_hal_spi.c ****   {
 1608              		.loc 1 1419 11 is_stmt 0 view .LVU574
 1609 01e6 606D     		ldr	r0, [r4, #84]
1417:Drivers/STM32F1xx_HAL_Driver/Src/stm32f1xx_hal_spi.c **** 
 1610              		.loc 1 1417 3 view .LVU575
 1611 01e8 84F85030 		strb	r3, [r4, #80]
1417:Drivers/STM32F1xx_HAL_Driver/Src/stm32f1xx_hal_spi.c **** 
 1612              		.loc 1 1417 3 is_stmt 1 view .LVU576
1419:Drivers/STM32F1xx_HAL_Driver/Src/stm32f1xx_hal_spi.c ****   {
 1613              		.loc 1 1419 3 view .LVU577
1419:Drivers/STM32F1xx_HAL_Driver/Src/stm32f1xx_hal_spi.c ****   {
 1614              		.loc 1 1419 6 is_stmt 0 view .LVU578
 1615 01ec C01A     		subs	r0, r0, r3
 1616 01ee 18BF     		it	ne
 1617 01f0 0120     		movne	r0, #1
 1618 01f2 A3E7     		b	.L113
 1619              	.LVL77:
 1620              	.L140:
1206:Drivers/STM32F1xx_HAL_Driver/Src/stm32f1xx_hal_spi.c ****   }
 1621              		.loc 1 1206 12 view .LVU579
 1622 01f4 0220     		movs	r0, #2
 1623              	.LVL78:
1206:Drivers/STM32F1xx_HAL_Driver/Src/stm32f1xx_hal_spi.c ****   }
 1624              		.loc 1 1206 12 view .LVU580
 1625 01f6 A1E7     		b	.L113
 1626              		.cfi_endproc
 1627              	.LFE71:
 1629              		.section	.text.HAL_SPI_Receive,"ax",%progbits
 1630              		.align	1
 1631              		.global	HAL_SPI_Receive
 1632              		.syntax unified
 1633              		.thumb
 1634              		.thumb_func
 1636              	HAL_SPI_Receive:
 1637              	.LVL79:
 1638              	.LFB70:
 962:Drivers/STM32F1xx_HAL_Driver/Src/stm32f1xx_hal_spi.c **** #if (USE_SPI_CRC != 0U)
 1639              		.loc 1 962 1 is_stmt 1 view -0
ARM GAS  C:\Users\airforce\AppData\Local\Temp\cca1ZS9V.s 			page 109


 1640              		.cfi_startproc
 1641              		@ args = 0, pretend = 0, frame = 0
 1642              		@ frame_needed = 0, uses_anonymous_args = 0
 966:Drivers/STM32F1xx_HAL_Driver/Src/stm32f1xx_hal_spi.c **** 
 1643              		.loc 1 966 3 view .LVU582
 968:Drivers/STM32F1xx_HAL_Driver/Src/stm32f1xx_hal_spi.c ****   {
 1644              		.loc 1 968 3 view .LVU583
 962:Drivers/STM32F1xx_HAL_Driver/Src/stm32f1xx_hal_spi.c **** #if (USE_SPI_CRC != 0U)
 1645              		.loc 1 962 1 is_stmt 0 view .LVU584
 1646 0000 2DE9F743 		push	{r0, r1, r2, r4, r5, r6, r7, r8, r9, lr}
 1647              	.LCFI19:
 1648              		.cfi_def_cfa_offset 40
 1649              		.cfi_offset 4, -28
 1650              		.cfi_offset 5, -24
 1651              		.cfi_offset 6, -20
 1652              		.cfi_offset 7, -16
 1653              		.cfi_offset 8, -12
 1654              		.cfi_offset 9, -8
 1655              		.cfi_offset 14, -4
 962:Drivers/STM32F1xx_HAL_Driver/Src/stm32f1xx_hal_spi.c **** #if (USE_SPI_CRC != 0U)
 1656              		.loc 1 962 1 view .LVU585
 1657 0004 1E46     		mov	r6, r3
 968:Drivers/STM32F1xx_HAL_Driver/Src/stm32f1xx_hal_spi.c ****   {
 1658              		.loc 1 968 11 view .LVU586
 1659 0006 90F85130 		ldrb	r3, [r0, #81]	@ zero_extendqisi2
 1660              	.LVL80:
 962:Drivers/STM32F1xx_HAL_Driver/Src/stm32f1xx_hal_spi.c **** #if (USE_SPI_CRC != 0U)
 1661              		.loc 1 962 1 view .LVU587
 1662 000a 0446     		mov	r4, r0
 968:Drivers/STM32F1xx_HAL_Driver/Src/stm32f1xx_hal_spi.c ****   {
 1663              		.loc 1 968 6 view .LVU588
 1664 000c 012B     		cmp	r3, #1
 962:Drivers/STM32F1xx_HAL_Driver/Src/stm32f1xx_hal_spi.c **** #if (USE_SPI_CRC != 0U)
 1665              		.loc 1 962 1 view .LVU589
 1666 000e 8946     		mov	r9, r1
 1667 0010 1746     		mov	r7, r2
 968:Drivers/STM32F1xx_HAL_Driver/Src/stm32f1xx_hal_spi.c ****   {
 1668              		.loc 1 968 11 view .LVU590
 1669 0012 DDB2     		uxtb	r5, r3
 968:Drivers/STM32F1xx_HAL_Driver/Src/stm32f1xx_hal_spi.c ****   {
 1670              		.loc 1 968 6 view .LVU591
 1671 0014 04D0     		beq	.L195
 1672              	.LVL81:
 1673              	.L198:
 970:Drivers/STM32F1xx_HAL_Driver/Src/stm32f1xx_hal_spi.c ****   }
 1674              		.loc 1 970 12 view .LVU592
 1675 0016 0225     		movs	r5, #2
 1676              	.L196:
1165:Drivers/STM32F1xx_HAL_Driver/Src/stm32f1xx_hal_spi.c **** 
 1677              		.loc 1 1165 1 view .LVU593
 1678 0018 2846     		mov	r0, r5
 1679 001a 03B0     		add	sp, sp, #12
 1680              	.LCFI20:
 1681              		.cfi_remember_state
 1682              		.cfi_def_cfa_offset 28
 1683              		@ sp needed
 1684 001c BDE8F083 		pop	{r4, r5, r6, r7, r8, r9, pc}
ARM GAS  C:\Users\airforce\AppData\Local\Temp\cca1ZS9V.s 			page 110


 1685              	.LVL82:
 1686              	.L195:
 1687              	.LCFI21:
 1688              		.cfi_restore_state
 973:Drivers/STM32F1xx_HAL_Driver/Src/stm32f1xx_hal_spi.c ****   {
 1689              		.loc 1 973 3 is_stmt 1 view .LVU594
 973:Drivers/STM32F1xx_HAL_Driver/Src/stm32f1xx_hal_spi.c ****   {
 1690              		.loc 1 973 6 is_stmt 0 view .LVU595
 1691 0020 4368     		ldr	r3, [r0, #4]
 1692 0022 B3F5827F 		cmp	r3, #260
 1693 0026 0BD1     		bne	.L197
 973:Drivers/STM32F1xx_HAL_Driver/Src/stm32f1xx_hal_spi.c ****   {
 1694              		.loc 1 973 44 discriminator 1 view .LVU596
 1695 0028 8368     		ldr	r3, [r0, #8]
 1696 002a 4BB9     		cbnz	r3, .L197
 975:Drivers/STM32F1xx_HAL_Driver/Src/stm32f1xx_hal_spi.c ****     /* Call transmit-receive function to send Dummy data on Tx line and generate clock on CLK line 
 1697              		.loc 1 975 5 is_stmt 1 view .LVU597
 975:Drivers/STM32F1xx_HAL_Driver/Src/stm32f1xx_hal_spi.c ****     /* Call transmit-receive function to send Dummy data on Tx line and generate clock on CLK line 
 1698              		.loc 1 975 17 is_stmt 0 view .LVU598
 1699 002c 0423     		movs	r3, #4
 1700 002e 80F85130 		strb	r3, [r0, #81]
 977:Drivers/STM32F1xx_HAL_Driver/Src/stm32f1xx_hal_spi.c ****   }
 1701              		.loc 1 977 5 is_stmt 1 view .LVU599
 977:Drivers/STM32F1xx_HAL_Driver/Src/stm32f1xx_hal_spi.c ****   }
 1702              		.loc 1 977 12 is_stmt 0 view .LVU600
 1703 0032 1346     		mov	r3, r2
 1704 0034 0096     		str	r6, [sp]
 1705 0036 0A46     		mov	r2, r1
 1706              	.LVL83:
 977:Drivers/STM32F1xx_HAL_Driver/Src/stm32f1xx_hal_spi.c ****   }
 1707              		.loc 1 977 12 view .LVU601
 1708 0038 FFF7FEFF 		bl	HAL_SPI_TransmitReceive
 1709              	.LVL84:
 977:Drivers/STM32F1xx_HAL_Driver/Src/stm32f1xx_hal_spi.c ****   }
 1710              		.loc 1 977 12 view .LVU602
 1711 003c 0546     		mov	r5, r0
 1712 003e EBE7     		b	.L196
 1713              	.LVL85:
 1714              	.L197:
 981:Drivers/STM32F1xx_HAL_Driver/Src/stm32f1xx_hal_spi.c **** 
 1715              		.loc 1 981 3 is_stmt 1 view .LVU603
 981:Drivers/STM32F1xx_HAL_Driver/Src/stm32f1xx_hal_spi.c **** 
 1716              		.loc 1 981 15 is_stmt 0 view .LVU604
 1717 0040 FFF7FEFF 		bl	HAL_GetTick
 1718              	.LVL86:
 981:Drivers/STM32F1xx_HAL_Driver/Src/stm32f1xx_hal_spi.c **** 
 1719              		.loc 1 981 15 view .LVU605
 1720 0044 8046     		mov	r8, r0
 1721              	.LVL87:
 983:Drivers/STM32F1xx_HAL_Driver/Src/stm32f1xx_hal_spi.c ****   {
 1722              		.loc 1 983 3 is_stmt 1 view .LVU606
 983:Drivers/STM32F1xx_HAL_Driver/Src/stm32f1xx_hal_spi.c ****   {
 1723              		.loc 1 983 6 is_stmt 0 view .LVU607
 1724 0046 B9F1000F 		cmp	r9, #0
 1725 004a E5D0     		beq	.L196
 983:Drivers/STM32F1xx_HAL_Driver/Src/stm32f1xx_hal_spi.c ****   {
 1726              		.loc 1 983 23 discriminator 1 view .LVU608
ARM GAS  C:\Users\airforce\AppData\Local\Temp\cca1ZS9V.s 			page 111


 1727 004c 002F     		cmp	r7, #0
 1728 004e E3D0     		beq	.L196
 989:Drivers/STM32F1xx_HAL_Driver/Src/stm32f1xx_hal_spi.c **** 
 1729              		.loc 1 989 3 is_stmt 1 view .LVU609
 989:Drivers/STM32F1xx_HAL_Driver/Src/stm32f1xx_hal_spi.c **** 
 1730              		.loc 1 989 3 view .LVU610
 1731 0050 94F85030 		ldrb	r3, [r4, #80]	@ zero_extendqisi2
 1732 0054 012B     		cmp	r3, #1
 1733 0056 DED0     		beq	.L198
 989:Drivers/STM32F1xx_HAL_Driver/Src/stm32f1xx_hal_spi.c **** 
 1734              		.loc 1 989 3 discriminator 2 view .LVU611
 1735 0058 0123     		movs	r3, #1
 993:Drivers/STM32F1xx_HAL_Driver/Src/stm32f1xx_hal_spi.c ****   hspi->pRxBuffPtr  = (uint8_t *)pData;
 1736              		.loc 1 993 21 is_stmt 0 view .LVU612
 1737 005a 0025     		movs	r5, #0
 989:Drivers/STM32F1xx_HAL_Driver/Src/stm32f1xx_hal_spi.c **** 
 1738              		.loc 1 989 3 discriminator 2 view .LVU613
 1739 005c 84F85030 		strb	r3, [r4, #80]
 989:Drivers/STM32F1xx_HAL_Driver/Src/stm32f1xx_hal_spi.c **** 
 1740              		.loc 1 989 3 is_stmt 1 view .LVU614
 992:Drivers/STM32F1xx_HAL_Driver/Src/stm32f1xx_hal_spi.c ****   hspi->ErrorCode   = HAL_SPI_ERROR_NONE;
 1741              		.loc 1 992 3 view .LVU615
 992:Drivers/STM32F1xx_HAL_Driver/Src/stm32f1xx_hal_spi.c ****   hspi->ErrorCode   = HAL_SPI_ERROR_NONE;
 1742              		.loc 1 992 21 is_stmt 0 view .LVU616
 1743 0060 0423     		movs	r3, #4
1016:Drivers/STM32F1xx_HAL_Driver/Src/stm32f1xx_hal_spi.c ****   {
 1744              		.loc 1 1016 6 view .LVU617
 1745 0062 A268     		ldr	r2, [r4, #8]
 992:Drivers/STM32F1xx_HAL_Driver/Src/stm32f1xx_hal_spi.c ****   hspi->ErrorCode   = HAL_SPI_ERROR_NONE;
 1746              		.loc 1 992 21 view .LVU618
 1747 0064 84F85130 		strb	r3, [r4, #81]
 993:Drivers/STM32F1xx_HAL_Driver/Src/stm32f1xx_hal_spi.c ****   hspi->pRxBuffPtr  = (uint8_t *)pData;
 1748              		.loc 1 993 3 is_stmt 1 view .LVU619
1016:Drivers/STM32F1xx_HAL_Driver/Src/stm32f1xx_hal_spi.c ****   {
 1749              		.loc 1 1016 6 is_stmt 0 view .LVU620
 1750 0068 B2F5004F 		cmp	r2, #32768
 993:Drivers/STM32F1xx_HAL_Driver/Src/stm32f1xx_hal_spi.c ****   hspi->pRxBuffPtr  = (uint8_t *)pData;
 1751              		.loc 1 993 21 view .LVU621
 1752 006c 6565     		str	r5, [r4, #84]
 994:Drivers/STM32F1xx_HAL_Driver/Src/stm32f1xx_hal_spi.c ****   hspi->RxXferSize  = Size;
 1753              		.loc 1 994 3 is_stmt 1 view .LVU622
1003:Drivers/STM32F1xx_HAL_Driver/Src/stm32f1xx_hal_spi.c **** 
 1754              		.loc 1 1003 21 is_stmt 0 view .LVU623
 1755 006e C4E91055 		strd	r5, r5, [r4, #64]
 996:Drivers/STM32F1xx_HAL_Driver/Src/stm32f1xx_hal_spi.c **** 
 1756              		.loc 1 996 21 view .LVU624
 1757 0072 E787     		strh	r7, [r4, #62]	@ movhi
1019:Drivers/STM32F1xx_HAL_Driver/Src/stm32f1xx_hal_spi.c ****     SPI_1LINE_RX(hspi);
 1758              		.loc 1 1019 5 view .LVU625
 1759 0074 2368     		ldr	r3, [r4]
 994:Drivers/STM32F1xx_HAL_Driver/Src/stm32f1xx_hal_spi.c ****   hspi->RxXferSize  = Size;
 1760              		.loc 1 994 21 view .LVU626
 1761 0076 C4F83890 		str	r9, [r4, #56]
 995:Drivers/STM32F1xx_HAL_Driver/Src/stm32f1xx_hal_spi.c ****   hspi->RxXferCount = Size;
 1762              		.loc 1 995 3 is_stmt 1 view .LVU627
 995:Drivers/STM32F1xx_HAL_Driver/Src/stm32f1xx_hal_spi.c ****   hspi->RxXferCount = Size;
 1763              		.loc 1 995 21 is_stmt 0 view .LVU628
ARM GAS  C:\Users\airforce\AppData\Local\Temp\cca1ZS9V.s 			page 112


 1764 007a A787     		strh	r7, [r4, #60]	@ movhi
 996:Drivers/STM32F1xx_HAL_Driver/Src/stm32f1xx_hal_spi.c **** 
 1765              		.loc 1 996 3 is_stmt 1 view .LVU629
 999:Drivers/STM32F1xx_HAL_Driver/Src/stm32f1xx_hal_spi.c ****   hspi->TxXferSize  = 0U;
 1766              		.loc 1 999 3 view .LVU630
 999:Drivers/STM32F1xx_HAL_Driver/Src/stm32f1xx_hal_spi.c ****   hspi->TxXferSize  = 0U;
 1767              		.loc 1 999 21 is_stmt 0 view .LVU631
 1768 007c 2563     		str	r5, [r4, #48]
1000:Drivers/STM32F1xx_HAL_Driver/Src/stm32f1xx_hal_spi.c ****   hspi->TxXferCount = 0U;
 1769              		.loc 1 1000 3 is_stmt 1 view .LVU632
1000:Drivers/STM32F1xx_HAL_Driver/Src/stm32f1xx_hal_spi.c ****   hspi->TxXferCount = 0U;
 1770              		.loc 1 1000 21 is_stmt 0 view .LVU633
 1771 007e A586     		strh	r5, [r4, #52]	@ movhi
1001:Drivers/STM32F1xx_HAL_Driver/Src/stm32f1xx_hal_spi.c ****   hspi->RxISR       = NULL;
 1772              		.loc 1 1001 3 is_stmt 1 view .LVU634
1001:Drivers/STM32F1xx_HAL_Driver/Src/stm32f1xx_hal_spi.c ****   hspi->RxISR       = NULL;
 1773              		.loc 1 1001 21 is_stmt 0 view .LVU635
 1774 0080 E586     		strh	r5, [r4, #54]	@ movhi
1002:Drivers/STM32F1xx_HAL_Driver/Src/stm32f1xx_hal_spi.c ****   hspi->TxISR       = NULL;
 1775              		.loc 1 1002 3 is_stmt 1 view .LVU636
1016:Drivers/STM32F1xx_HAL_Driver/Src/stm32f1xx_hal_spi.c ****   {
 1776              		.loc 1 1016 3 view .LVU637
1016:Drivers/STM32F1xx_HAL_Driver/Src/stm32f1xx_hal_spi.c ****   {
 1777              		.loc 1 1016 6 is_stmt 0 view .LVU638
 1778 0082 07D1     		bne	.L199
1019:Drivers/STM32F1xx_HAL_Driver/Src/stm32f1xx_hal_spi.c ****     SPI_1LINE_RX(hspi);
 1779              		.loc 1 1019 5 is_stmt 1 view .LVU639
 1780 0084 1A68     		ldr	r2, [r3]
 1781 0086 22F04002 		bic	r2, r2, #64
 1782 008a 1A60     		str	r2, [r3]
1020:Drivers/STM32F1xx_HAL_Driver/Src/stm32f1xx_hal_spi.c ****   }
 1783              		.loc 1 1020 5 view .LVU640
 1784 008c 1A68     		ldr	r2, [r3]
 1785 008e 22F48042 		bic	r2, r2, #16384
 1786 0092 1A60     		str	r2, [r3]
 1787              	.L199:
1024:Drivers/STM32F1xx_HAL_Driver/Src/stm32f1xx_hal_spi.c ****   {
 1788              		.loc 1 1024 3 view .LVU641
1024:Drivers/STM32F1xx_HAL_Driver/Src/stm32f1xx_hal_spi.c ****   {
 1789              		.loc 1 1024 22 is_stmt 0 view .LVU642
 1790 0094 1A68     		ldr	r2, [r3]
1024:Drivers/STM32F1xx_HAL_Driver/Src/stm32f1xx_hal_spi.c ****   {
 1791              		.loc 1 1024 6 view .LVU643
 1792 0096 5506     		lsls	r5, r2, #25
1027:Drivers/STM32F1xx_HAL_Driver/Src/stm32f1xx_hal_spi.c ****   }
 1793              		.loc 1 1027 5 is_stmt 1 view .LVU644
 1794 0098 5EBF     		ittt	pl
 1795 009a 1A68     		ldrpl	r2, [r3]
 1796 009c 42F04002 		orrpl	r2, r2, #64
 1797 00a0 1A60     		strpl	r2, [r3]
1031:Drivers/STM32F1xx_HAL_Driver/Src/stm32f1xx_hal_spi.c ****   {
 1798              		.loc 1 1031 3 view .LVU645
1031:Drivers/STM32F1xx_HAL_Driver/Src/stm32f1xx_hal_spi.c ****   {
 1799              		.loc 1 1031 6 is_stmt 0 view .LVU646
 1800 00a2 E368     		ldr	r3, [r4, #12]
 1801 00a4 F3B1     		cbz	r3, .L201
 1802              	.LVL88:
ARM GAS  C:\Users\airforce\AppData\Local\Temp\cca1ZS9V.s 			page 113


 1803              	.L202:
1059:Drivers/STM32F1xx_HAL_Driver/Src/stm32f1xx_hal_spi.c ****     {
 1804              		.loc 1 1059 30 is_stmt 1 view .LVU647
1059:Drivers/STM32F1xx_HAL_Driver/Src/stm32f1xx_hal_spi.c ****     {
 1805              		.loc 1 1059 16 is_stmt 0 view .LVU648
 1806 00a6 E38F     		ldrh	r3, [r4, #62]
 1807 00a8 9BB2     		uxth	r3, r3
1059:Drivers/STM32F1xx_HAL_Driver/Src/stm32f1xx_hal_spi.c ****     {
 1808              		.loc 1 1059 30 view .LVU649
 1809 00aa FBB1     		cbz	r3, .L212
1062:Drivers/STM32F1xx_HAL_Driver/Src/stm32f1xx_hal_spi.c ****       {
 1810              		.loc 1 1062 7 is_stmt 1 view .LVU650
1062:Drivers/STM32F1xx_HAL_Driver/Src/stm32f1xx_hal_spi.c ****       {
 1811              		.loc 1 1062 11 is_stmt 0 view .LVU651
 1812 00ac 2368     		ldr	r3, [r4]
 1813 00ae 9A68     		ldr	r2, [r3, #8]
1062:Drivers/STM32F1xx_HAL_Driver/Src/stm32f1xx_hal_spi.c ****       {
 1814              		.loc 1 1062 10 view .LVU652
 1815 00b0 D207     		lsls	r2, r2, #31
 1816 00b2 3CD5     		bpl	.L209
1064:Drivers/STM32F1xx_HAL_Driver/Src/stm32f1xx_hal_spi.c ****         hspi->pRxBuffPtr += sizeof(uint16_t);
 1817              		.loc 1 1064 9 is_stmt 1 view .LVU653
1064:Drivers/STM32F1xx_HAL_Driver/Src/stm32f1xx_hal_spi.c ****         hspi->pRxBuffPtr += sizeof(uint16_t);
 1818              		.loc 1 1064 67 is_stmt 0 view .LVU654
 1819 00b4 DA68     		ldr	r2, [r3, #12]
1064:Drivers/STM32F1xx_HAL_Driver/Src/stm32f1xx_hal_spi.c ****         hspi->pRxBuffPtr += sizeof(uint16_t);
 1820              		.loc 1 1064 43 view .LVU655
 1821 00b6 A36B     		ldr	r3, [r4, #56]
 1822 00b8 23F8022B 		strh	r2, [r3], #2	@ movhi
1065:Drivers/STM32F1xx_HAL_Driver/Src/stm32f1xx_hal_spi.c ****         hspi->RxXferCount--;
 1823              		.loc 1 1065 9 is_stmt 1 view .LVU656
1065:Drivers/STM32F1xx_HAL_Driver/Src/stm32f1xx_hal_spi.c ****         hspi->RxXferCount--;
 1824              		.loc 1 1065 26 is_stmt 0 view .LVU657
 1825 00bc A363     		str	r3, [r4, #56]
1066:Drivers/STM32F1xx_HAL_Driver/Src/stm32f1xx_hal_spi.c ****       }
 1826              		.loc 1 1066 9 is_stmt 1 view .LVU658
1066:Drivers/STM32F1xx_HAL_Driver/Src/stm32f1xx_hal_spi.c ****       }
 1827              		.loc 1 1066 13 is_stmt 0 view .LVU659
 1828 00be E38F     		ldrh	r3, [r4, #62]
1066:Drivers/STM32F1xx_HAL_Driver/Src/stm32f1xx_hal_spi.c ****       }
 1829              		.loc 1 1066 26 view .LVU660
 1830 00c0 013B     		subs	r3, r3, #1
 1831 00c2 9BB2     		uxth	r3, r3
 1832 00c4 E387     		strh	r3, [r4, #62]	@ movhi
 1833 00c6 EEE7     		b	.L202
 1834              	.L206:
1037:Drivers/STM32F1xx_HAL_Driver/Src/stm32f1xx_hal_spi.c ****       {
 1835              		.loc 1 1037 7 is_stmt 1 view .LVU661
1037:Drivers/STM32F1xx_HAL_Driver/Src/stm32f1xx_hal_spi.c ****       {
 1836              		.loc 1 1037 11 is_stmt 0 view .LVU662
 1837 00c8 2368     		ldr	r3, [r4]
 1838 00ca 9A68     		ldr	r2, [r3, #8]
1037:Drivers/STM32F1xx_HAL_Driver/Src/stm32f1xx_hal_spi.c ****       {
 1839              		.loc 1 1037 10 view .LVU663
 1840 00cc D007     		lsls	r0, r2, #31
 1841 00ce 1ED5     		bpl	.L203
1040:Drivers/STM32F1xx_HAL_Driver/Src/stm32f1xx_hal_spi.c ****         hspi->pRxBuffPtr += sizeof(uint8_t);
ARM GAS  C:\Users\airforce\AppData\Local\Temp\cca1ZS9V.s 			page 114


 1842              		.loc 1 1040 9 is_stmt 1 view .LVU664
1040:Drivers/STM32F1xx_HAL_Driver/Src/stm32f1xx_hal_spi.c ****         hspi->pRxBuffPtr += sizeof(uint8_t);
 1843              		.loc 1 1040 43 is_stmt 0 view .LVU665
 1844 00d0 1B7B     		ldrb	r3, [r3, #12]	@ zero_extendqisi2
1040:Drivers/STM32F1xx_HAL_Driver/Src/stm32f1xx_hal_spi.c ****         hspi->pRxBuffPtr += sizeof(uint8_t);
 1845              		.loc 1 1040 27 view .LVU666
 1846 00d2 A26B     		ldr	r2, [r4, #56]
1040:Drivers/STM32F1xx_HAL_Driver/Src/stm32f1xx_hal_spi.c ****         hspi->pRxBuffPtr += sizeof(uint8_t);
 1847              		.loc 1 1040 41 view .LVU667
 1848 00d4 1370     		strb	r3, [r2]
1041:Drivers/STM32F1xx_HAL_Driver/Src/stm32f1xx_hal_spi.c ****         hspi->RxXferCount--;
 1849              		.loc 1 1041 9 is_stmt 1 view .LVU668
1041:Drivers/STM32F1xx_HAL_Driver/Src/stm32f1xx_hal_spi.c ****         hspi->RxXferCount--;
 1850              		.loc 1 1041 26 is_stmt 0 view .LVU669
 1851 00d6 A36B     		ldr	r3, [r4, #56]
 1852 00d8 0133     		adds	r3, r3, #1
 1853 00da A363     		str	r3, [r4, #56]
1042:Drivers/STM32F1xx_HAL_Driver/Src/stm32f1xx_hal_spi.c ****       }
 1854              		.loc 1 1042 9 is_stmt 1 view .LVU670
1042:Drivers/STM32F1xx_HAL_Driver/Src/stm32f1xx_hal_spi.c ****       }
 1855              		.loc 1 1042 13 is_stmt 0 view .LVU671
 1856 00dc E38F     		ldrh	r3, [r4, #62]
1042:Drivers/STM32F1xx_HAL_Driver/Src/stm32f1xx_hal_spi.c ****       }
 1857              		.loc 1 1042 26 view .LVU672
 1858 00de 013B     		subs	r3, r3, #1
 1859 00e0 9BB2     		uxth	r3, r3
 1860 00e2 E387     		strh	r3, [r4, #62]	@ movhi
 1861              	.L201:
1034:Drivers/STM32F1xx_HAL_Driver/Src/stm32f1xx_hal_spi.c ****     {
 1862              		.loc 1 1034 30 is_stmt 1 view .LVU673
1034:Drivers/STM32F1xx_HAL_Driver/Src/stm32f1xx_hal_spi.c ****     {
 1863              		.loc 1 1034 16 is_stmt 0 view .LVU674
 1864 00e4 E38F     		ldrh	r3, [r4, #62]
 1865 00e6 9BB2     		uxth	r3, r3
1034:Drivers/STM32F1xx_HAL_Driver/Src/stm32f1xx_hal_spi.c ****     {
 1866              		.loc 1 1034 30 view .LVU675
 1867 00e8 002B     		cmp	r3, #0
 1868 00ea EDD1     		bne	.L206
 1869              	.L212:
1130:Drivers/STM32F1xx_HAL_Driver/Src/stm32f1xx_hal_spi.c ****   {
 1870              		.loc 1 1130 3 is_stmt 1 view .LVU676
1130:Drivers/STM32F1xx_HAL_Driver/Src/stm32f1xx_hal_spi.c ****   {
 1871              		.loc 1 1130 7 is_stmt 0 view .LVU677
 1872 00ec 4246     		mov	r2, r8
 1873 00ee 3146     		mov	r1, r6
 1874 00f0 2046     		mov	r0, r4
 1875 00f2 FFF7FEFF 		bl	SPI_EndRxTransaction
 1876              	.LVL89:
1130:Drivers/STM32F1xx_HAL_Driver/Src/stm32f1xx_hal_spi.c ****   {
 1877              		.loc 1 1130 6 discriminator 1 view .LVU678
 1878 00f6 18BB     		cbnz	r0, .L207
 1879              	.L208:
1154:Drivers/STM32F1xx_HAL_Driver/Src/stm32f1xx_hal_spi.c ****   /* Unlock the process */
 1880              		.loc 1 1154 3 is_stmt 1 view .LVU679
1154:Drivers/STM32F1xx_HAL_Driver/Src/stm32f1xx_hal_spi.c ****   /* Unlock the process */
 1881              		.loc 1 1154 15 is_stmt 0 view .LVU680
 1882 00f8 0123     		movs	r3, #1
ARM GAS  C:\Users\airforce\AppData\Local\Temp\cca1ZS9V.s 			page 115


 1883 00fa 84F85130 		strb	r3, [r4, #81]
1156:Drivers/STM32F1xx_HAL_Driver/Src/stm32f1xx_hal_spi.c ****   if (hspi->ErrorCode != HAL_SPI_ERROR_NONE)
 1884              		.loc 1 1156 3 is_stmt 1 view .LVU681
1156:Drivers/STM32F1xx_HAL_Driver/Src/stm32f1xx_hal_spi.c ****   if (hspi->ErrorCode != HAL_SPI_ERROR_NONE)
 1885              		.loc 1 1156 3 view .LVU682
 1886 00fe 0023     		movs	r3, #0
1157:Drivers/STM32F1xx_HAL_Driver/Src/stm32f1xx_hal_spi.c ****   {
 1887              		.loc 1 1157 11 is_stmt 0 view .LVU683
 1888 0100 656D     		ldr	r5, [r4, #84]
1156:Drivers/STM32F1xx_HAL_Driver/Src/stm32f1xx_hal_spi.c ****   if (hspi->ErrorCode != HAL_SPI_ERROR_NONE)
 1889              		.loc 1 1156 3 view .LVU684
 1890 0102 84F85030 		strb	r3, [r4, #80]
1156:Drivers/STM32F1xx_HAL_Driver/Src/stm32f1xx_hal_spi.c ****   if (hspi->ErrorCode != HAL_SPI_ERROR_NONE)
 1891              		.loc 1 1156 3 is_stmt 1 view .LVU685
1157:Drivers/STM32F1xx_HAL_Driver/Src/stm32f1xx_hal_spi.c ****   {
 1892              		.loc 1 1157 3 view .LVU686
1157:Drivers/STM32F1xx_HAL_Driver/Src/stm32f1xx_hal_spi.c ****   {
 1893              		.loc 1 1157 6 is_stmt 0 view .LVU687
 1894 0106 ED1A     		subs	r5, r5, r3
 1895 0108 18BF     		it	ne
 1896 010a 0125     		movne	r5, #1
 1897 010c 84E7     		b	.L196
 1898              	.L203:
1047:Drivers/STM32F1xx_HAL_Driver/Src/stm32f1xx_hal_spi.c ****         {
 1899              		.loc 1 1047 9 is_stmt 1 view .LVU688
1047:Drivers/STM32F1xx_HAL_Driver/Src/stm32f1xx_hal_spi.c ****         {
 1900              		.loc 1 1047 16 is_stmt 0 view .LVU689
 1901 010e FFF7FEFF 		bl	HAL_GetTick
 1902              	.LVL90:
1047:Drivers/STM32F1xx_HAL_Driver/Src/stm32f1xx_hal_spi.c ****         {
 1903              		.loc 1 1047 30 discriminator 1 view .LVU690
 1904 0112 A0EB0800 		sub	r0, r0, r8
1047:Drivers/STM32F1xx_HAL_Driver/Src/stm32f1xx_hal_spi.c ****         {
 1905              		.loc 1 1047 12 discriminator 1 view .LVU691
 1906 0116 B042     		cmp	r0, r6
 1907 0118 E4D3     		bcc	.L201
1047:Drivers/STM32F1xx_HAL_Driver/Src/stm32f1xx_hal_spi.c ****         {
 1908              		.loc 1 1047 56 discriminator 1 view .LVU692
 1909 011a 711C     		adds	r1, r6, #1
 1910 011c E2D0     		beq	.L201
 1911              	.L230:
1073:Drivers/STM32F1xx_HAL_Driver/Src/stm32f1xx_hal_spi.c ****           __HAL_UNLOCK(hspi);
 1912              		.loc 1 1073 11 is_stmt 1 view .LVU693
1073:Drivers/STM32F1xx_HAL_Driver/Src/stm32f1xx_hal_spi.c ****           __HAL_UNLOCK(hspi);
 1913              		.loc 1 1073 23 is_stmt 0 view .LVU694
 1914 011e 0123     		movs	r3, #1
 1915 0120 84F85130 		strb	r3, [r4, #81]
1074:Drivers/STM32F1xx_HAL_Driver/Src/stm32f1xx_hal_spi.c ****           return HAL_TIMEOUT;
 1916              		.loc 1 1074 11 is_stmt 1 view .LVU695
1074:Drivers/STM32F1xx_HAL_Driver/Src/stm32f1xx_hal_spi.c ****           return HAL_TIMEOUT;
 1917              		.loc 1 1074 11 view .LVU696
1074:Drivers/STM32F1xx_HAL_Driver/Src/stm32f1xx_hal_spi.c ****           return HAL_TIMEOUT;
 1918              		.loc 1 1074 11 view .LVU697
1075:Drivers/STM32F1xx_HAL_Driver/Src/stm32f1xx_hal_spi.c ****         }
 1919              		.loc 1 1075 11 view .LVU698
1074:Drivers/STM32F1xx_HAL_Driver/Src/stm32f1xx_hal_spi.c ****           return HAL_TIMEOUT;
 1920              		.loc 1 1074 11 is_stmt 0 view .LVU699
ARM GAS  C:\Users\airforce\AppData\Local\Temp\cca1ZS9V.s 			page 116


 1921 0124 0023     		movs	r3, #0
1051:Drivers/STM32F1xx_HAL_Driver/Src/stm32f1xx_hal_spi.c ****         }
 1922              		.loc 1 1051 18 view .LVU700
 1923 0126 0325     		movs	r5, #3
1074:Drivers/STM32F1xx_HAL_Driver/Src/stm32f1xx_hal_spi.c ****           return HAL_TIMEOUT;
 1924              		.loc 1 1074 11 view .LVU701
 1925 0128 84F85030 		strb	r3, [r4, #80]
 1926 012c 74E7     		b	.L196
 1927              	.L209:
1071:Drivers/STM32F1xx_HAL_Driver/Src/stm32f1xx_hal_spi.c ****         {
 1928              		.loc 1 1071 9 is_stmt 1 view .LVU702
1071:Drivers/STM32F1xx_HAL_Driver/Src/stm32f1xx_hal_spi.c ****         {
 1929              		.loc 1 1071 16 is_stmt 0 view .LVU703
 1930 012e FFF7FEFF 		bl	HAL_GetTick
 1931              	.LVL91:
1071:Drivers/STM32F1xx_HAL_Driver/Src/stm32f1xx_hal_spi.c ****         {
 1932              		.loc 1 1071 30 discriminator 1 view .LVU704
 1933 0132 A0EB0800 		sub	r0, r0, r8
1071:Drivers/STM32F1xx_HAL_Driver/Src/stm32f1xx_hal_spi.c ****         {
 1934              		.loc 1 1071 12 discriminator 1 view .LVU705
 1935 0136 B042     		cmp	r0, r6
 1936 0138 B5D3     		bcc	.L202
1071:Drivers/STM32F1xx_HAL_Driver/Src/stm32f1xx_hal_spi.c ****         {
 1937              		.loc 1 1071 56 discriminator 1 view .LVU706
 1938 013a 731C     		adds	r3, r6, #1
 1939 013c B3D0     		beq	.L202
 1940 013e EEE7     		b	.L230
 1941              	.L207:
1132:Drivers/STM32F1xx_HAL_Driver/Src/stm32f1xx_hal_spi.c ****   }
 1942              		.loc 1 1132 5 is_stmt 1 view .LVU707
1132:Drivers/STM32F1xx_HAL_Driver/Src/stm32f1xx_hal_spi.c ****   }
 1943              		.loc 1 1132 21 is_stmt 0 view .LVU708
 1944 0140 2023     		movs	r3, #32
 1945 0142 6365     		str	r3, [r4, #84]
 1946 0144 D8E7     		b	.L208
 1947              		.cfi_endproc
 1948              	.LFE70:
 1950              		.section	.text.HAL_SPI_Transmit_IT,"ax",%progbits
 1951              		.align	1
 1952              		.global	HAL_SPI_Transmit_IT
 1953              		.syntax unified
 1954              		.thumb
 1955              		.thumb_func
 1957              	HAL_SPI_Transmit_IT:
 1958              	.LVL92:
 1959              	.LFB72:
1438:Drivers/STM32F1xx_HAL_Driver/Src/stm32f1xx_hal_spi.c **** 
 1960              		.loc 1 1438 1 is_stmt 1 view -0
 1961              		.cfi_startproc
 1962              		@ args = 0, pretend = 0, frame = 0
 1963              		@ frame_needed = 0, uses_anonymous_args = 0
1441:Drivers/STM32F1xx_HAL_Driver/Src/stm32f1xx_hal_spi.c **** 
 1964              		.loc 1 1441 3 view .LVU710
1444:Drivers/STM32F1xx_HAL_Driver/Src/stm32f1xx_hal_spi.c ****   {
 1965              		.loc 1 1444 3 view .LVU711
1438:Drivers/STM32F1xx_HAL_Driver/Src/stm32f1xx_hal_spi.c **** 
 1966              		.loc 1 1438 1 is_stmt 0 view .LVU712
ARM GAS  C:\Users\airforce\AppData\Local\Temp\cca1ZS9V.s 			page 117


 1967 0000 0346     		mov	r3, r0
 1968 0002 10B5     		push	{r4, lr}
 1969              	.LCFI22:
 1970              		.cfi_def_cfa_offset 8
 1971              		.cfi_offset 4, -8
 1972              		.cfi_offset 14, -4
1444:Drivers/STM32F1xx_HAL_Driver/Src/stm32f1xx_hal_spi.c ****   {
 1973              		.loc 1 1444 6 view .LVU713
 1974 0004 0029     		cmp	r1, #0
 1975 0006 3BD0     		beq	.L237
1444:Drivers/STM32F1xx_HAL_Driver/Src/stm32f1xx_hal_spi.c ****   {
 1976              		.loc 1 1444 23 discriminator 1 view .LVU714
 1977 0008 002A     		cmp	r2, #0
 1978 000a 39D0     		beq	.L237
1449:Drivers/STM32F1xx_HAL_Driver/Src/stm32f1xx_hal_spi.c ****   {
 1979              		.loc 1 1449 3 is_stmt 1 view .LVU715
1449:Drivers/STM32F1xx_HAL_Driver/Src/stm32f1xx_hal_spi.c ****   {
 1980              		.loc 1 1449 11 is_stmt 0 view .LVU716
 1981 000c 90F85100 		ldrb	r0, [r0, #81]	@ zero_extendqisi2
 1982              	.LVL93:
1449:Drivers/STM32F1xx_HAL_Driver/Src/stm32f1xx_hal_spi.c ****   {
 1983              		.loc 1 1449 6 view .LVU717
 1984 0010 0128     		cmp	r0, #1
1449:Drivers/STM32F1xx_HAL_Driver/Src/stm32f1xx_hal_spi.c ****   {
 1985              		.loc 1 1449 11 view .LVU718
 1986 0012 C4B2     		uxtb	r4, r0
1449:Drivers/STM32F1xx_HAL_Driver/Src/stm32f1xx_hal_spi.c ****   {
 1987              		.loc 1 1449 6 view .LVU719
 1988 0014 36D1     		bne	.L239
1455:Drivers/STM32F1xx_HAL_Driver/Src/stm32f1xx_hal_spi.c **** 
 1989              		.loc 1 1455 3 is_stmt 1 view .LVU720
1455:Drivers/STM32F1xx_HAL_Driver/Src/stm32f1xx_hal_spi.c **** 
 1990              		.loc 1 1455 3 view .LVU721
 1991 0016 93F85000 		ldrb	r0, [r3, #80]	@ zero_extendqisi2
 1992 001a 0128     		cmp	r0, #1
 1993 001c 32D0     		beq	.L239
1455:Drivers/STM32F1xx_HAL_Driver/Src/stm32f1xx_hal_spi.c **** 
 1994              		.loc 1 1455 3 discriminator 2 view .LVU722
1458:Drivers/STM32F1xx_HAL_Driver/Src/stm32f1xx_hal_spi.c ****   hspi->ErrorCode   = HAL_SPI_ERROR_NONE;
 1995              		.loc 1 1458 21 is_stmt 0 view .LVU723
 1996 001e 0320     		movs	r0, #3
 1997 0020 83F85100 		strb	r0, [r3, #81]
1459:Drivers/STM32F1xx_HAL_Driver/Src/stm32f1xx_hal_spi.c ****   hspi->pTxBuffPtr  = (const uint8_t *)pData;
 1998              		.loc 1 1459 21 view .LVU724
 1999 0024 0020     		movs	r0, #0
1460:Drivers/STM32F1xx_HAL_Driver/Src/stm32f1xx_hal_spi.c ****   hspi->TxXferSize  = Size;
 2000              		.loc 1 1460 21 view .LVU725
 2001 0026 1963     		str	r1, [r3, #48]
1459:Drivers/STM32F1xx_HAL_Driver/Src/stm32f1xx_hal_spi.c ****   hspi->pTxBuffPtr  = (const uint8_t *)pData;
 2002              		.loc 1 1459 21 view .LVU726
 2003 0028 5865     		str	r0, [r3, #84]
1473:Drivers/STM32F1xx_HAL_Driver/Src/stm32f1xx_hal_spi.c ****   }
 2004              		.loc 1 1473 17 view .LVU727
 2005 002a 1749     		ldr	r1, .L241
 2006              	.LVL94:
1462:Drivers/STM32F1xx_HAL_Driver/Src/stm32f1xx_hal_spi.c **** 
 2007              		.loc 1 1462 21 view .LVU728
ARM GAS  C:\Users\airforce\AppData\Local\Temp\cca1ZS9V.s 			page 118


 2008 002c DA86     		strh	r2, [r3, #54]	@ movhi
1461:Drivers/STM32F1xx_HAL_Driver/Src/stm32f1xx_hal_spi.c ****   hspi->TxXferCount = Size;
 2009              		.loc 1 1461 21 view .LVU729
 2010 002e 9A86     		strh	r2, [r3, #52]	@ movhi
1465:Drivers/STM32F1xx_HAL_Driver/Src/stm32f1xx_hal_spi.c ****   hspi->RxXferSize  = 0U;
 2011              		.loc 1 1465 21 view .LVU730
 2012 0030 9863     		str	r0, [r3, #56]
1473:Drivers/STM32F1xx_HAL_Driver/Src/stm32f1xx_hal_spi.c ****   }
 2013              		.loc 1 1473 17 view .LVU731
 2014 0032 164A     		ldr	r2, .L241+4
 2015              	.LVL95:
1466:Drivers/STM32F1xx_HAL_Driver/Src/stm32f1xx_hal_spi.c ****   hspi->RxXferCount = 0U;
 2016              		.loc 1 1466 21 view .LVU732
 2017 0034 9887     		strh	r0, [r3, #60]	@ movhi
1467:Drivers/STM32F1xx_HAL_Driver/Src/stm32f1xx_hal_spi.c ****   hspi->RxISR       = NULL;
 2018              		.loc 1 1467 21 view .LVU733
 2019 0036 D887     		strh	r0, [r3, #62]	@ movhi
 2020              	.LVL96:
1468:Drivers/STM32F1xx_HAL_Driver/Src/stm32f1xx_hal_spi.c **** 
 2021              		.loc 1 1468 21 view .LVU734
 2022 0038 1864     		str	r0, [r3, #64]
1471:Drivers/STM32F1xx_HAL_Driver/Src/stm32f1xx_hal_spi.c ****   {
 2023              		.loc 1 1471 6 view .LVU735
 2024 003a D868     		ldr	r0, [r3, #12]
1455:Drivers/STM32F1xx_HAL_Driver/Src/stm32f1xx_hal_spi.c **** 
 2025              		.loc 1 1455 3 discriminator 2 view .LVU736
 2026 003c 83F85040 		strb	r4, [r3, #80]
1455:Drivers/STM32F1xx_HAL_Driver/Src/stm32f1xx_hal_spi.c **** 
 2027              		.loc 1 1455 3 is_stmt 1 view .LVU737
1458:Drivers/STM32F1xx_HAL_Driver/Src/stm32f1xx_hal_spi.c ****   hspi->ErrorCode   = HAL_SPI_ERROR_NONE;
 2028              		.loc 1 1458 3 view .LVU738
1459:Drivers/STM32F1xx_HAL_Driver/Src/stm32f1xx_hal_spi.c ****   hspi->pTxBuffPtr  = (const uint8_t *)pData;
 2029              		.loc 1 1459 3 view .LVU739
1460:Drivers/STM32F1xx_HAL_Driver/Src/stm32f1xx_hal_spi.c ****   hspi->TxXferSize  = Size;
 2030              		.loc 1 1460 3 view .LVU740
1461:Drivers/STM32F1xx_HAL_Driver/Src/stm32f1xx_hal_spi.c ****   hspi->TxXferCount = Size;
 2031              		.loc 1 1461 3 view .LVU741
1462:Drivers/STM32F1xx_HAL_Driver/Src/stm32f1xx_hal_spi.c **** 
 2032              		.loc 1 1462 3 view .LVU742
1465:Drivers/STM32F1xx_HAL_Driver/Src/stm32f1xx_hal_spi.c ****   hspi->RxXferSize  = 0U;
 2033              		.loc 1 1465 3 view .LVU743
1466:Drivers/STM32F1xx_HAL_Driver/Src/stm32f1xx_hal_spi.c ****   hspi->RxXferCount = 0U;
 2034              		.loc 1 1466 3 view .LVU744
1467:Drivers/STM32F1xx_HAL_Driver/Src/stm32f1xx_hal_spi.c ****   hspi->RxISR       = NULL;
 2035              		.loc 1 1467 3 view .LVU745
1468:Drivers/STM32F1xx_HAL_Driver/Src/stm32f1xx_hal_spi.c **** 
 2036              		.loc 1 1468 3 view .LVU746
1471:Drivers/STM32F1xx_HAL_Driver/Src/stm32f1xx_hal_spi.c ****   {
 2037              		.loc 1 1471 3 view .LVU747
1473:Drivers/STM32F1xx_HAL_Driver/Src/stm32f1xx_hal_spi.c ****   }
 2038              		.loc 1 1473 17 is_stmt 0 view .LVU748
 2039 0040 0028     		cmp	r0, #0
 2040 0042 18BF     		it	ne
 2041 0044 0A46     		movne	r2, r1
1481:Drivers/STM32F1xx_HAL_Driver/Src/stm32f1xx_hal_spi.c ****   {
 2042              		.loc 1 1481 6 view .LVU749
 2043 0046 9968     		ldr	r1, [r3, #8]
ARM GAS  C:\Users\airforce\AppData\Local\Temp\cca1ZS9V.s 			page 119


 2044 0048 5A64     		str	r2, [r3, #68]
1481:Drivers/STM32F1xx_HAL_Driver/Src/stm32f1xx_hal_spi.c ****   {
 2045              		.loc 1 1481 3 is_stmt 1 view .LVU750
1481:Drivers/STM32F1xx_HAL_Driver/Src/stm32f1xx_hal_spi.c ****   {
 2046              		.loc 1 1481 6 is_stmt 0 view .LVU751
 2047 004a B1F5004F 		cmp	r1, #32768
1484:Drivers/STM32F1xx_HAL_Driver/Src/stm32f1xx_hal_spi.c ****     SPI_1LINE_TX(hspi);
 2048              		.loc 1 1484 5 view .LVU752
 2049 004e 1A68     		ldr	r2, [r3]
1481:Drivers/STM32F1xx_HAL_Driver/Src/stm32f1xx_hal_spi.c ****   {
 2050              		.loc 1 1481 6 view .LVU753
 2051 0050 07D1     		bne	.L234
1484:Drivers/STM32F1xx_HAL_Driver/Src/stm32f1xx_hal_spi.c ****     SPI_1LINE_TX(hspi);
 2052              		.loc 1 1484 5 is_stmt 1 view .LVU754
 2053 0052 1168     		ldr	r1, [r2]
 2054 0054 21F04001 		bic	r1, r1, #64
 2055 0058 1160     		str	r1, [r2]
1485:Drivers/STM32F1xx_HAL_Driver/Src/stm32f1xx_hal_spi.c ****   }
 2056              		.loc 1 1485 5 view .LVU755
 2057 005a 1168     		ldr	r1, [r2]
 2058 005c 41F48041 		orr	r1, r1, #16384
 2059 0060 1160     		str	r1, [r2]
 2060              	.L234:
1497:Drivers/STM32F1xx_HAL_Driver/Src/stm32f1xx_hal_spi.c ****   {
 2061              		.loc 1 1497 3 view .LVU756
1504:Drivers/STM32F1xx_HAL_Driver/Src/stm32f1xx_hal_spi.c ****   /* Enable TXE and ERR interrupt */
 2062              		.loc 1 1504 3 is_stmt 0 view .LVU757
 2063 0062 0020     		movs	r0, #0
1497:Drivers/STM32F1xx_HAL_Driver/Src/stm32f1xx_hal_spi.c ****   {
 2064              		.loc 1 1497 22 view .LVU758
 2065 0064 1168     		ldr	r1, [r2]
1497:Drivers/STM32F1xx_HAL_Driver/Src/stm32f1xx_hal_spi.c ****   {
 2066              		.loc 1 1497 6 view .LVU759
 2067 0066 4906     		lsls	r1, r1, #25
1500:Drivers/STM32F1xx_HAL_Driver/Src/stm32f1xx_hal_spi.c ****   }
 2068              		.loc 1 1500 5 is_stmt 1 view .LVU760
 2069 0068 5EBF     		ittt	pl
 2070 006a 1168     		ldrpl	r1, [r2]
 2071 006c 41F04001 		orrpl	r1, r1, #64
 2072 0070 1160     		strpl	r1, [r2]
1504:Drivers/STM32F1xx_HAL_Driver/Src/stm32f1xx_hal_spi.c ****   /* Enable TXE and ERR interrupt */
 2073              		.loc 1 1504 3 view .LVU761
1504:Drivers/STM32F1xx_HAL_Driver/Src/stm32f1xx_hal_spi.c ****   /* Enable TXE and ERR interrupt */
 2074              		.loc 1 1504 3 view .LVU762
 2075 0072 83F85000 		strb	r0, [r3, #80]
1504:Drivers/STM32F1xx_HAL_Driver/Src/stm32f1xx_hal_spi.c ****   /* Enable TXE and ERR interrupt */
 2076              		.loc 1 1504 3 view .LVU763
1506:Drivers/STM32F1xx_HAL_Driver/Src/stm32f1xx_hal_spi.c **** 
 2077              		.loc 1 1506 3 view .LVU764
 2078 0076 5368     		ldr	r3, [r2, #4]
 2079              	.LVL97:
1506:Drivers/STM32F1xx_HAL_Driver/Src/stm32f1xx_hal_spi.c **** 
 2080              		.loc 1 1506 3 is_stmt 0 view .LVU765
 2081 0078 43F0A003 		orr	r3, r3, #160
 2082 007c 5360     		str	r3, [r2, #4]
1508:Drivers/STM32F1xx_HAL_Driver/Src/stm32f1xx_hal_spi.c **** }
 2083              		.loc 1 1508 3 is_stmt 1 view .LVU766
ARM GAS  C:\Users\airforce\AppData\Local\Temp\cca1ZS9V.s 			page 120


 2084              	.LVL98:
 2085              	.L232:
1509:Drivers/STM32F1xx_HAL_Driver/Src/stm32f1xx_hal_spi.c **** 
 2086              		.loc 1 1509 1 is_stmt 0 view .LVU767
 2087 007e 10BD     		pop	{r4, pc}
 2088              	.LVL99:
 2089              	.L237:
1446:Drivers/STM32F1xx_HAL_Driver/Src/stm32f1xx_hal_spi.c ****   }
 2090              		.loc 1 1446 12 view .LVU768
 2091 0080 0120     		movs	r0, #1
 2092              	.LVL100:
1446:Drivers/STM32F1xx_HAL_Driver/Src/stm32f1xx_hal_spi.c ****   }
 2093              		.loc 1 1446 12 view .LVU769
 2094 0082 FCE7     		b	.L232
 2095              	.L239:
1451:Drivers/STM32F1xx_HAL_Driver/Src/stm32f1xx_hal_spi.c ****   }
 2096              		.loc 1 1451 12 view .LVU770
 2097 0084 0220     		movs	r0, #2
 2098 0086 FAE7     		b	.L232
 2099              	.L242:
 2100              		.align	2
 2101              	.L241:
 2102 0088 00000000 		.word	SPI_TxISR_16BIT
 2103 008c 00000000 		.word	SPI_TxISR_8BIT
 2104              		.cfi_endproc
 2105              	.LFE72:
 2107              		.section	.text.HAL_SPI_TransmitReceive_IT,"ax",%progbits
 2108              		.align	1
 2109              		.global	HAL_SPI_TransmitReceive_IT
 2110              		.syntax unified
 2111              		.thumb
 2112              		.thumb_func
 2114              	HAL_SPI_TransmitReceive_IT:
 2115              	.LVL101:
 2116              	.LFB74:
1612:Drivers/STM32F1xx_HAL_Driver/Src/stm32f1xx_hal_spi.c ****   uint32_t             tmp_mode;
 2117              		.loc 1 1612 1 is_stmt 1 view -0
 2118              		.cfi_startproc
 2119              		@ args = 0, pretend = 0, frame = 0
 2120              		@ frame_needed = 0, uses_anonymous_args = 0
1613:Drivers/STM32F1xx_HAL_Driver/Src/stm32f1xx_hal_spi.c ****   HAL_SPI_StateTypeDef tmp_state;
 2121              		.loc 1 1613 3 view .LVU772
1614:Drivers/STM32F1xx_HAL_Driver/Src/stm32f1xx_hal_spi.c **** 
 2122              		.loc 1 1614 3 view .LVU773
1617:Drivers/STM32F1xx_HAL_Driver/Src/stm32f1xx_hal_spi.c **** 
 2123              		.loc 1 1617 3 view .LVU774
1620:Drivers/STM32F1xx_HAL_Driver/Src/stm32f1xx_hal_spi.c ****   tmp_mode            = hspi->Init.Mode;
 2124              		.loc 1 1620 3 view .LVU775
1612:Drivers/STM32F1xx_HAL_Driver/Src/stm32f1xx_hal_spi.c ****   uint32_t             tmp_mode;
 2125              		.loc 1 1612 1 is_stmt 0 view .LVU776
 2126 0000 30B5     		push	{r4, r5, lr}
 2127              	.LCFI23:
 2128              		.cfi_def_cfa_offset 12
 2129              		.cfi_offset 4, -12
 2130              		.cfi_offset 5, -8
 2131              		.cfi_offset 14, -4
1612:Drivers/STM32F1xx_HAL_Driver/Src/stm32f1xx_hal_spi.c ****   uint32_t             tmp_mode;
ARM GAS  C:\Users\airforce\AppData\Local\Temp\cca1ZS9V.s 			page 121


 2132              		.loc 1 1612 1 view .LVU777
 2133 0002 0446     		mov	r4, r0
1620:Drivers/STM32F1xx_HAL_Driver/Src/stm32f1xx_hal_spi.c ****   tmp_mode            = hspi->Init.Mode;
 2134              		.loc 1 1620 23 view .LVU778
 2135 0004 90F85100 		ldrb	r0, [r0, #81]	@ zero_extendqisi2
 2136              	.LVL102:
1623:Drivers/STM32F1xx_HAL_Driver/Src/stm32f1xx_hal_spi.c ****         ((tmp_mode == SPI_MODE_MASTER) && (hspi->Init.Direction == SPI_DIRECTION_2LINES) &&
 2137              		.loc 1 1623 6 view .LVU779
 2138 0008 0128     		cmp	r0, #1
1620:Drivers/STM32F1xx_HAL_Driver/Src/stm32f1xx_hal_spi.c ****   tmp_mode            = hspi->Init.Mode;
 2139              		.loc 1 1620 23 view .LVU780
 2140 000a C5B2     		uxtb	r5, r0
 2141              	.LVL103:
1621:Drivers/STM32F1xx_HAL_Driver/Src/stm32f1xx_hal_spi.c **** 
 2142              		.loc 1 1621 3 is_stmt 1 view .LVU781
1623:Drivers/STM32F1xx_HAL_Driver/Src/stm32f1xx_hal_spi.c ****         ((tmp_mode == SPI_MODE_MASTER) && (hspi->Init.Direction == SPI_DIRECTION_2LINES) &&
 2143              		.loc 1 1623 3 view .LVU782
1623:Drivers/STM32F1xx_HAL_Driver/Src/stm32f1xx_hal_spi.c ****         ((tmp_mode == SPI_MODE_MASTER) && (hspi->Init.Direction == SPI_DIRECTION_2LINES) &&
 2144              		.loc 1 1623 6 is_stmt 0 view .LVU783
 2145 000c 08D0     		beq	.L244
1623:Drivers/STM32F1xx_HAL_Driver/Src/stm32f1xx_hal_spi.c ****         ((tmp_mode == SPI_MODE_MASTER) && (hspi->Init.Direction == SPI_DIRECTION_2LINES) &&
 2146              		.loc 1 1623 7 discriminator 1 view .LVU784
 2147 000e 6068     		ldr	r0, [r4, #4]
 2148 0010 B0F5827F 		cmp	r0, #260
 2149 0014 38D1     		bne	.L255
1624:Drivers/STM32F1xx_HAL_Driver/Src/stm32f1xx_hal_spi.c ****          (tmp_state == HAL_SPI_STATE_BUSY_RX))))
 2150              		.loc 1 1624 40 view .LVU785
 2151 0016 A068     		ldr	r0, [r4, #8]
 2152 0018 0028     		cmp	r0, #0
 2153 001a 35D1     		bne	.L255
1624:Drivers/STM32F1xx_HAL_Driver/Src/stm32f1xx_hal_spi.c ****          (tmp_state == HAL_SPI_STATE_BUSY_RX))))
 2154              		.loc 1 1624 90 discriminator 1 view .LVU786
 2155 001c 042D     		cmp	r5, #4
 2156 001e 33D1     		bne	.L255
 2157              	.L244:
1630:Drivers/STM32F1xx_HAL_Driver/Src/stm32f1xx_hal_spi.c ****   {
 2158              		.loc 1 1630 3 is_stmt 1 view .LVU787
1630:Drivers/STM32F1xx_HAL_Driver/Src/stm32f1xx_hal_spi.c ****   {
 2159              		.loc 1 1630 6 is_stmt 0 view .LVU788
 2160 0020 0029     		cmp	r1, #0
 2161 0022 2FD0     		beq	.L254
1630:Drivers/STM32F1xx_HAL_Driver/Src/stm32f1xx_hal_spi.c ****   {
 2162              		.loc 1 1630 25 discriminator 1 view .LVU789
 2163 0024 002A     		cmp	r2, #0
 2164 0026 2DD0     		beq	.L254
1630:Drivers/STM32F1xx_HAL_Driver/Src/stm32f1xx_hal_spi.c ****   {
 2165              		.loc 1 1630 46 discriminator 2 view .LVU790
 2166 0028 002B     		cmp	r3, #0
 2167 002a 2BD0     		beq	.L254
 2168              	.LVL104:
 2169              	.LBB6:
 2170              	.LBI6:
1610:Drivers/STM32F1xx_HAL_Driver/Src/stm32f1xx_hal_spi.c ****                                              uint16_t Size)
 2171              		.loc 1 1610 19 is_stmt 1 view .LVU791
 2172              	.LBB7:
1636:Drivers/STM32F1xx_HAL_Driver/Src/stm32f1xx_hal_spi.c **** 
 2173              		.loc 1 1636 3 view .LVU792
ARM GAS  C:\Users\airforce\AppData\Local\Temp\cca1ZS9V.s 			page 122


1636:Drivers/STM32F1xx_HAL_Driver/Src/stm32f1xx_hal_spi.c **** 
 2174              		.loc 1 1636 3 view .LVU793
 2175 002c 94F85000 		ldrb	r0, [r4, #80]	@ zero_extendqisi2
 2176 0030 0128     		cmp	r0, #1
 2177 0032 29D0     		beq	.L255
1636:Drivers/STM32F1xx_HAL_Driver/Src/stm32f1xx_hal_spi.c **** 
 2178              		.loc 1 1636 3 discriminator 2 view .LVU794
1636:Drivers/STM32F1xx_HAL_Driver/Src/stm32f1xx_hal_spi.c **** 
 2179              		.loc 1 1636 3 view .LVU795
1639:Drivers/STM32F1xx_HAL_Driver/Src/stm32f1xx_hal_spi.c ****   {
 2180              		.loc 1 1639 3 view .LVU796
1639:Drivers/STM32F1xx_HAL_Driver/Src/stm32f1xx_hal_spi.c ****   {
 2181              		.loc 1 1639 11 is_stmt 0 view .LVU797
 2182 0034 94F85100 		ldrb	r0, [r4, #81]	@ zero_extendqisi2
1647:Drivers/STM32F1xx_HAL_Driver/Src/stm32f1xx_hal_spi.c ****   hspi->TxXferCount = Size;
 2183              		.loc 1 1647 21 view .LVU798
 2184 0038 A386     		strh	r3, [r4, #52]	@ movhi
1639:Drivers/STM32F1xx_HAL_Driver/Src/stm32f1xx_hal_spi.c ****   {
 2185              		.loc 1 1639 6 view .LVU799
 2186 003a 0428     		cmp	r0, #4
1641:Drivers/STM32F1xx_HAL_Driver/Src/stm32f1xx_hal_spi.c ****   }
 2187              		.loc 1 1641 5 is_stmt 1 view .LVU800
1641:Drivers/STM32F1xx_HAL_Driver/Src/stm32f1xx_hal_spi.c ****   }
 2188              		.loc 1 1641 17 is_stmt 0 view .LVU801
 2189 003c 1CBF     		itt	ne
 2190 003e 0520     		movne	r0, #5
 2191 0040 84F85100 		strbne	r0, [r4, #81]
1645:Drivers/STM32F1xx_HAL_Driver/Src/stm32f1xx_hal_spi.c ****   hspi->pTxBuffPtr  = (const uint8_t *)pTxData;
 2192              		.loc 1 1645 3 is_stmt 1 view .LVU802
1645:Drivers/STM32F1xx_HAL_Driver/Src/stm32f1xx_hal_spi.c ****   hspi->pTxBuffPtr  = (const uint8_t *)pTxData;
 2193              		.loc 1 1645 21 is_stmt 0 view .LVU803
 2194 0044 0020     		movs	r0, #0
1650:Drivers/STM32F1xx_HAL_Driver/Src/stm32f1xx_hal_spi.c ****   hspi->RxXferCount = Size;
 2195              		.loc 1 1650 21 view .LVU804
 2196 0046 A387     		strh	r3, [r4, #60]	@ movhi
1645:Drivers/STM32F1xx_HAL_Driver/Src/stm32f1xx_hal_spi.c ****   hspi->pTxBuffPtr  = (const uint8_t *)pTxData;
 2197              		.loc 1 1645 21 view .LVU805
 2198 0048 6065     		str	r0, [r4, #84]
1646:Drivers/STM32F1xx_HAL_Driver/Src/stm32f1xx_hal_spi.c ****   hspi->TxXferSize  = Size;
 2199              		.loc 1 1646 3 is_stmt 1 view .LVU806
1648:Drivers/STM32F1xx_HAL_Driver/Src/stm32f1xx_hal_spi.c ****   hspi->pRxBuffPtr  = (uint8_t *)pRxData;
 2200              		.loc 1 1648 21 is_stmt 0 view .LVU807
 2201 004a E386     		strh	r3, [r4, #54]	@ movhi
1651:Drivers/STM32F1xx_HAL_Driver/Src/stm32f1xx_hal_spi.c **** 
 2202              		.loc 1 1651 21 view .LVU808
 2203 004c E387     		strh	r3, [r4, #62]	@ movhi
1654:Drivers/STM32F1xx_HAL_Driver/Src/stm32f1xx_hal_spi.c ****   {
 2204              		.loc 1 1654 6 view .LVU809
 2205 004e E368     		ldr	r3, [r4, #12]
 2206              	.LVL105:
1646:Drivers/STM32F1xx_HAL_Driver/Src/stm32f1xx_hal_spi.c ****   hspi->TxXferSize  = Size;
 2207              		.loc 1 1646 21 view .LVU810
 2208 0050 2163     		str	r1, [r4, #48]
1647:Drivers/STM32F1xx_HAL_Driver/Src/stm32f1xx_hal_spi.c ****   hspi->TxXferCount = Size;
 2209              		.loc 1 1647 3 is_stmt 1 view .LVU811
1648:Drivers/STM32F1xx_HAL_Driver/Src/stm32f1xx_hal_spi.c ****   hspi->pRxBuffPtr  = (uint8_t *)pRxData;
 2210              		.loc 1 1648 3 view .LVU812
ARM GAS  C:\Users\airforce\AppData\Local\Temp\cca1ZS9V.s 			page 123


1649:Drivers/STM32F1xx_HAL_Driver/Src/stm32f1xx_hal_spi.c ****   hspi->RxXferSize  = Size;
 2211              		.loc 1 1649 3 view .LVU813
1649:Drivers/STM32F1xx_HAL_Driver/Src/stm32f1xx_hal_spi.c ****   hspi->RxXferSize  = Size;
 2212              		.loc 1 1649 21 is_stmt 0 view .LVU814
 2213 0052 A263     		str	r2, [r4, #56]
1650:Drivers/STM32F1xx_HAL_Driver/Src/stm32f1xx_hal_spi.c ****   hspi->RxXferCount = Size;
 2214              		.loc 1 1650 3 is_stmt 1 view .LVU815
1651:Drivers/STM32F1xx_HAL_Driver/Src/stm32f1xx_hal_spi.c **** 
 2215              		.loc 1 1651 3 view .LVU816
1654:Drivers/STM32F1xx_HAL_Driver/Src/stm32f1xx_hal_spi.c ****   {
 2216              		.loc 1 1654 3 view .LVU817
1654:Drivers/STM32F1xx_HAL_Driver/Src/stm32f1xx_hal_spi.c ****   {
 2217              		.loc 1 1654 6 is_stmt 0 view .LVU818
 2218 0054 9BB9     		cbnz	r3, .L256
1654:Drivers/STM32F1xx_HAL_Driver/Src/stm32f1xx_hal_spi.c ****   {
 2219              		.loc 1 1654 6 view .LVU819
 2220 0056 0D4A     		ldr	r2, .L263
 2221              	.LVL106:
1654:Drivers/STM32F1xx_HAL_Driver/Src/stm32f1xx_hal_spi.c ****   {
 2222              		.loc 1 1654 6 view .LVU820
 2223 0058 0D4B     		ldr	r3, .L263+4
 2224              	.L247:
1682:Drivers/STM32F1xx_HAL_Driver/Src/stm32f1xx_hal_spi.c ****   /* Enable TXE, RXNE and ERR interrupt */
 2225              		.loc 1 1682 3 view .LVU821
 2226 005a 0020     		movs	r0, #0
1657:Drivers/STM32F1xx_HAL_Driver/Src/stm32f1xx_hal_spi.c ****   }
 2227              		.loc 1 1657 21 view .LVU822
 2228 005c C4E91023 		strd	r2, r3, [r4, #64]
1675:Drivers/STM32F1xx_HAL_Driver/Src/stm32f1xx_hal_spi.c ****   {
 2229              		.loc 1 1675 3 is_stmt 1 view .LVU823
1675:Drivers/STM32F1xx_HAL_Driver/Src/stm32f1xx_hal_spi.c ****   {
 2230              		.loc 1 1675 12 is_stmt 0 view .LVU824
 2231 0060 2368     		ldr	r3, [r4]
1675:Drivers/STM32F1xx_HAL_Driver/Src/stm32f1xx_hal_spi.c ****   {
 2232              		.loc 1 1675 22 view .LVU825
 2233 0062 1A68     		ldr	r2, [r3]
1675:Drivers/STM32F1xx_HAL_Driver/Src/stm32f1xx_hal_spi.c ****   {
 2234              		.loc 1 1675 6 view .LVU826
 2235 0064 5206     		lsls	r2, r2, #25
1678:Drivers/STM32F1xx_HAL_Driver/Src/stm32f1xx_hal_spi.c ****   }
 2236              		.loc 1 1678 5 is_stmt 1 view .LVU827
 2237 0066 5EBF     		ittt	pl
 2238 0068 1A68     		ldrpl	r2, [r3]
 2239 006a 42F04002 		orrpl	r2, r2, #64
 2240 006e 1A60     		strpl	r2, [r3]
1682:Drivers/STM32F1xx_HAL_Driver/Src/stm32f1xx_hal_spi.c ****   /* Enable TXE, RXNE and ERR interrupt */
 2241              		.loc 1 1682 3 view .LVU828
1682:Drivers/STM32F1xx_HAL_Driver/Src/stm32f1xx_hal_spi.c ****   /* Enable TXE, RXNE and ERR interrupt */
 2242              		.loc 1 1682 3 view .LVU829
 2243 0070 84F85000 		strb	r0, [r4, #80]
1682:Drivers/STM32F1xx_HAL_Driver/Src/stm32f1xx_hal_spi.c ****   /* Enable TXE, RXNE and ERR interrupt */
 2244              		.loc 1 1682 3 view .LVU830
1684:Drivers/STM32F1xx_HAL_Driver/Src/stm32f1xx_hal_spi.c **** 
 2245              		.loc 1 1684 3 view .LVU831
 2246 0074 5A68     		ldr	r2, [r3, #4]
 2247 0076 42F0E002 		orr	r2, r2, #224
 2248 007a 5A60     		str	r2, [r3, #4]
ARM GAS  C:\Users\airforce\AppData\Local\Temp\cca1ZS9V.s 			page 124


1686:Drivers/STM32F1xx_HAL_Driver/Src/stm32f1xx_hal_spi.c **** }
 2249              		.loc 1 1686 3 view .LVU832
 2250              	.LVL107:
 2251              	.L245:
1686:Drivers/STM32F1xx_HAL_Driver/Src/stm32f1xx_hal_spi.c **** }
 2252              		.loc 1 1686 3 is_stmt 0 view .LVU833
 2253              	.LBE7:
 2254              	.LBE6:
1687:Drivers/STM32F1xx_HAL_Driver/Src/stm32f1xx_hal_spi.c **** 
 2255              		.loc 1 1687 1 view .LVU834
 2256 007c 30BD     		pop	{r4, r5, pc}
 2257              	.LVL108:
 2258              	.L256:
 2259              	.LBB9:
 2260              	.LBB8:
1687:Drivers/STM32F1xx_HAL_Driver/Src/stm32f1xx_hal_spi.c **** 
 2261              		.loc 1 1687 1 view .LVU835
 2262 007e 054A     		ldr	r2, .L263+8
 2263              	.LVL109:
1687:Drivers/STM32F1xx_HAL_Driver/Src/stm32f1xx_hal_spi.c **** 
 2264              		.loc 1 1687 1 view .LVU836
 2265 0080 054B     		ldr	r3, .L263+12
 2266 0082 EAE7     		b	.L247
 2267              	.LVL110:
 2268              	.L254:
1687:Drivers/STM32F1xx_HAL_Driver/Src/stm32f1xx_hal_spi.c **** 
 2269              		.loc 1 1687 1 view .LVU837
 2270              	.LBE8:
 2271              	.LBE9:
1632:Drivers/STM32F1xx_HAL_Driver/Src/stm32f1xx_hal_spi.c ****   }
 2272              		.loc 1 1632 12 view .LVU838
 2273 0084 0120     		movs	r0, #1
 2274 0086 F9E7     		b	.L245
 2275              	.L255:
1627:Drivers/STM32F1xx_HAL_Driver/Src/stm32f1xx_hal_spi.c ****   }
 2276              		.loc 1 1627 12 view .LVU839
 2277 0088 0220     		movs	r0, #2
 2278 008a F7E7     		b	.L245
 2279              	.L264:
 2280              		.align	2
 2281              	.L263:
 2282 008c 00000000 		.word	SPI_2linesRxISR_8BIT
 2283 0090 00000000 		.word	SPI_2linesTxISR_8BIT
 2284 0094 00000000 		.word	SPI_2linesRxISR_16BIT
 2285 0098 00000000 		.word	SPI_2linesTxISR_16BIT
 2286              		.cfi_endproc
 2287              	.LFE74:
 2289              		.section	.text.HAL_SPI_Receive_IT,"ax",%progbits
 2290              		.align	1
 2291              		.global	HAL_SPI_Receive_IT
 2292              		.syntax unified
 2293              		.thumb
 2294              		.thumb_func
 2296              	HAL_SPI_Receive_IT:
 2297              	.LVL111:
 2298              	.LFB73:
1520:Drivers/STM32F1xx_HAL_Driver/Src/stm32f1xx_hal_spi.c **** 
ARM GAS  C:\Users\airforce\AppData\Local\Temp\cca1ZS9V.s 			page 125


 2299              		.loc 1 1520 1 is_stmt 1 view -0
 2300              		.cfi_startproc
 2301              		@ args = 0, pretend = 0, frame = 0
 2302              		@ frame_needed = 0, uses_anonymous_args = 0
 2303              		@ link register save eliminated.
1522:Drivers/STM32F1xx_HAL_Driver/Src/stm32f1xx_hal_spi.c ****   {
 2304              		.loc 1 1522 3 view .LVU841
1520:Drivers/STM32F1xx_HAL_Driver/Src/stm32f1xx_hal_spi.c **** 
 2305              		.loc 1 1520 1 is_stmt 0 view .LVU842
 2306 0000 F0B4     		push	{r4, r5, r6, r7}
 2307              	.LCFI24:
 2308              		.cfi_def_cfa_offset 16
 2309              		.cfi_offset 4, -16
 2310              		.cfi_offset 5, -12
 2311              		.cfi_offset 6, -8
 2312              		.cfi_offset 7, -4
1520:Drivers/STM32F1xx_HAL_Driver/Src/stm32f1xx_hal_spi.c **** 
 2313              		.loc 1 1520 1 view .LVU843
 2314 0002 1346     		mov	r3, r2
1522:Drivers/STM32F1xx_HAL_Driver/Src/stm32f1xx_hal_spi.c ****   {
 2315              		.loc 1 1522 11 view .LVU844
 2316 0004 90F85120 		ldrb	r2, [r0, #81]	@ zero_extendqisi2
 2317              	.LVL112:
1520:Drivers/STM32F1xx_HAL_Driver/Src/stm32f1xx_hal_spi.c **** 
 2318              		.loc 1 1520 1 view .LVU845
 2319 0008 0446     		mov	r4, r0
1522:Drivers/STM32F1xx_HAL_Driver/Src/stm32f1xx_hal_spi.c ****   {
 2320              		.loc 1 1522 6 view .LVU846
 2321 000a 012A     		cmp	r2, #1
1520:Drivers/STM32F1xx_HAL_Driver/Src/stm32f1xx_hal_spi.c **** 
 2322              		.loc 1 1520 1 view .LVU847
 2323 000c 0E46     		mov	r6, r1
1522:Drivers/STM32F1xx_HAL_Driver/Src/stm32f1xx_hal_spi.c ****   {
 2324              		.loc 1 1522 11 view .LVU848
 2325 000e D5B2     		uxtb	r5, r2
1522:Drivers/STM32F1xx_HAL_Driver/Src/stm32f1xx_hal_spi.c ****   {
 2326              		.loc 1 1522 6 view .LVU849
 2327 0010 47D1     		bne	.L272
1527:Drivers/STM32F1xx_HAL_Driver/Src/stm32f1xx_hal_spi.c ****   {
 2328              		.loc 1 1527 3 is_stmt 1 view .LVU850
1527:Drivers/STM32F1xx_HAL_Driver/Src/stm32f1xx_hal_spi.c ****   {
 2329              		.loc 1 1527 18 is_stmt 0 view .LVU851
 2330 0012 8268     		ldr	r2, [r0, #8]
1527:Drivers/STM32F1xx_HAL_Driver/Src/stm32f1xx_hal_spi.c ****   {
 2331              		.loc 1 1527 6 view .LVU852
 2332 0014 52B9     		cbnz	r2, .L267
1527:Drivers/STM32F1xx_HAL_Driver/Src/stm32f1xx_hal_spi.c ****   {
 2333              		.loc 1 1527 54 discriminator 1 view .LVU853
 2334 0016 4768     		ldr	r7, [r0, #4]
 2335 0018 B7F5827F 		cmp	r7, #260
 2336 001c 06D1     		bne	.L267
1529:Drivers/STM32F1xx_HAL_Driver/Src/stm32f1xx_hal_spi.c ****     /* Call transmit-receive function to send Dummy data on Tx line and generate clock on CLK line 
 2337              		.loc 1 1529 5 is_stmt 1 view .LVU854
1529:Drivers/STM32F1xx_HAL_Driver/Src/stm32f1xx_hal_spi.c ****     /* Call transmit-receive function to send Dummy data on Tx line and generate clock on CLK line 
 2338              		.loc 1 1529 17 is_stmt 0 view .LVU855
 2339 001e 0422     		movs	r2, #4
 2340 0020 80F85120 		strb	r2, [r0, #81]
ARM GAS  C:\Users\airforce\AppData\Local\Temp\cca1ZS9V.s 			page 126


1531:Drivers/STM32F1xx_HAL_Driver/Src/stm32f1xx_hal_spi.c ****   }
 2341              		.loc 1 1531 5 is_stmt 1 view .LVU856
1599:Drivers/STM32F1xx_HAL_Driver/Src/stm32f1xx_hal_spi.c **** 
 2342              		.loc 1 1599 1 is_stmt 0 view .LVU857
 2343 0024 F0BC     		pop	{r4, r5, r6, r7}
 2344              	.LCFI25:
 2345              		.cfi_remember_state
 2346              		.cfi_restore 7
 2347              		.cfi_restore 6
 2348              		.cfi_restore 5
 2349              		.cfi_restore 4
 2350              		.cfi_def_cfa_offset 0
1531:Drivers/STM32F1xx_HAL_Driver/Src/stm32f1xx_hal_spi.c ****   }
 2351              		.loc 1 1531 12 view .LVU858
 2352 0026 0A46     		mov	r2, r1
 2353 0028 FFF7FEBF 		b	HAL_SPI_TransmitReceive_IT
 2354              	.LVL113:
 2355              	.L267:
 2356              	.LCFI26:
 2357              		.cfi_restore_state
1535:Drivers/STM32F1xx_HAL_Driver/Src/stm32f1xx_hal_spi.c ****   {
 2358              		.loc 1 1535 3 is_stmt 1 view .LVU859
1535:Drivers/STM32F1xx_HAL_Driver/Src/stm32f1xx_hal_spi.c ****   {
 2359              		.loc 1 1535 6 is_stmt 0 view .LVU860
 2360 002c 002E     		cmp	r6, #0
 2361 002e 35D0     		beq	.L266
1535:Drivers/STM32F1xx_HAL_Driver/Src/stm32f1xx_hal_spi.c ****   {
 2362              		.loc 1 1535 23 discriminator 1 view .LVU861
 2363 0030 002B     		cmp	r3, #0
 2364 0032 33D0     		beq	.L266
1541:Drivers/STM32F1xx_HAL_Driver/Src/stm32f1xx_hal_spi.c **** 
 2365              		.loc 1 1541 3 is_stmt 1 view .LVU862
1541:Drivers/STM32F1xx_HAL_Driver/Src/stm32f1xx_hal_spi.c **** 
 2366              		.loc 1 1541 3 view .LVU863
 2367 0034 94F85010 		ldrb	r1, [r4, #80]	@ zero_extendqisi2
 2368              	.LVL114:
1541:Drivers/STM32F1xx_HAL_Driver/Src/stm32f1xx_hal_spi.c **** 
 2369              		.loc 1 1541 3 is_stmt 0 view .LVU864
 2370 0038 0129     		cmp	r1, #1
 2371 003a 32D0     		beq	.L272
1541:Drivers/STM32F1xx_HAL_Driver/Src/stm32f1xx_hal_spi.c **** 
 2372              		.loc 1 1541 3 is_stmt 1 discriminator 2 view .LVU865
 2373 003c 0121     		movs	r1, #1
1545:Drivers/STM32F1xx_HAL_Driver/Src/stm32f1xx_hal_spi.c ****   hspi->pRxBuffPtr  = (uint8_t *)pData;
 2374              		.loc 1 1545 21 is_stmt 0 view .LVU866
 2375 003e 0020     		movs	r0, #0
 2376              	.LVL115:
1541:Drivers/STM32F1xx_HAL_Driver/Src/stm32f1xx_hal_spi.c **** 
 2377              		.loc 1 1541 3 discriminator 2 view .LVU867
 2378 0040 84F85010 		strb	r1, [r4, #80]
1541:Drivers/STM32F1xx_HAL_Driver/Src/stm32f1xx_hal_spi.c **** 
 2379              		.loc 1 1541 3 is_stmt 1 view .LVU868
1544:Drivers/STM32F1xx_HAL_Driver/Src/stm32f1xx_hal_spi.c ****   hspi->ErrorCode   = HAL_SPI_ERROR_NONE;
 2380              		.loc 1 1544 3 view .LVU869
1544:Drivers/STM32F1xx_HAL_Driver/Src/stm32f1xx_hal_spi.c ****   hspi->ErrorCode   = HAL_SPI_ERROR_NONE;
 2381              		.loc 1 1544 21 is_stmt 0 view .LVU870
 2382 0044 0421     		movs	r1, #4
ARM GAS  C:\Users\airforce\AppData\Local\Temp\cca1ZS9V.s 			page 127


1547:Drivers/STM32F1xx_HAL_Driver/Src/stm32f1xx_hal_spi.c ****   hspi->RxXferCount = Size;
 2383              		.loc 1 1547 21 view .LVU871
 2384 0046 A387     		strh	r3, [r4, #60]	@ movhi
1544:Drivers/STM32F1xx_HAL_Driver/Src/stm32f1xx_hal_spi.c ****   hspi->ErrorCode   = HAL_SPI_ERROR_NONE;
 2385              		.loc 1 1544 21 view .LVU872
 2386 0048 84F85110 		strb	r1, [r4, #81]
1545:Drivers/STM32F1xx_HAL_Driver/Src/stm32f1xx_hal_spi.c ****   hspi->pRxBuffPtr  = (uint8_t *)pData;
 2387              		.loc 1 1545 3 is_stmt 1 view .LVU873
1551:Drivers/STM32F1xx_HAL_Driver/Src/stm32f1xx_hal_spi.c ****   hspi->TxXferSize  = 0U;
 2388              		.loc 1 1551 21 is_stmt 0 view .LVU874
 2389 004c 2063     		str	r0, [r4, #48]
1545:Drivers/STM32F1xx_HAL_Driver/Src/stm32f1xx_hal_spi.c ****   hspi->pRxBuffPtr  = (uint8_t *)pData;
 2390              		.loc 1 1545 21 view .LVU875
 2391 004e 6065     		str	r0, [r4, #84]
1546:Drivers/STM32F1xx_HAL_Driver/Src/stm32f1xx_hal_spi.c ****   hspi->RxXferSize  = Size;
 2392              		.loc 1 1546 3 is_stmt 1 view .LVU876
1559:Drivers/STM32F1xx_HAL_Driver/Src/stm32f1xx_hal_spi.c ****   }
 2393              		.loc 1 1559 17 is_stmt 0 view .LVU877
 2394 0050 1549     		ldr	r1, .L280
1548:Drivers/STM32F1xx_HAL_Driver/Src/stm32f1xx_hal_spi.c **** 
 2395              		.loc 1 1548 21 view .LVU878
 2396 0052 E387     		strh	r3, [r4, #62]	@ movhi
1552:Drivers/STM32F1xx_HAL_Driver/Src/stm32f1xx_hal_spi.c ****   hspi->TxXferCount = 0U;
 2397              		.loc 1 1552 21 view .LVU879
 2398 0054 A086     		strh	r0, [r4, #52]	@ movhi
1559:Drivers/STM32F1xx_HAL_Driver/Src/stm32f1xx_hal_spi.c ****   }
 2399              		.loc 1 1559 17 view .LVU880
 2400 0056 154B     		ldr	r3, .L280+4
1553:Drivers/STM32F1xx_HAL_Driver/Src/stm32f1xx_hal_spi.c ****   hspi->TxISR       = NULL;
 2401              		.loc 1 1553 21 view .LVU881
 2402 0058 E086     		strh	r0, [r4, #54]	@ movhi
1554:Drivers/STM32F1xx_HAL_Driver/Src/stm32f1xx_hal_spi.c **** 
 2403              		.loc 1 1554 21 view .LVU882
 2404 005a 6064     		str	r0, [r4, #68]
1557:Drivers/STM32F1xx_HAL_Driver/Src/stm32f1xx_hal_spi.c ****   {
 2405              		.loc 1 1557 6 view .LVU883
 2406 005c E068     		ldr	r0, [r4, #12]
1546:Drivers/STM32F1xx_HAL_Driver/Src/stm32f1xx_hal_spi.c ****   hspi->RxXferSize  = Size;
 2407              		.loc 1 1546 21 view .LVU884
 2408 005e A663     		str	r6, [r4, #56]
1547:Drivers/STM32F1xx_HAL_Driver/Src/stm32f1xx_hal_spi.c ****   hspi->RxXferCount = Size;
 2409              		.loc 1 1547 3 is_stmt 1 view .LVU885
1548:Drivers/STM32F1xx_HAL_Driver/Src/stm32f1xx_hal_spi.c **** 
 2410              		.loc 1 1548 3 view .LVU886
1551:Drivers/STM32F1xx_HAL_Driver/Src/stm32f1xx_hal_spi.c ****   hspi->TxXferSize  = 0U;
 2411              		.loc 1 1551 3 view .LVU887
1552:Drivers/STM32F1xx_HAL_Driver/Src/stm32f1xx_hal_spi.c ****   hspi->TxXferCount = 0U;
 2412              		.loc 1 1552 3 view .LVU888
1553:Drivers/STM32F1xx_HAL_Driver/Src/stm32f1xx_hal_spi.c ****   hspi->TxISR       = NULL;
 2413              		.loc 1 1553 3 view .LVU889
1554:Drivers/STM32F1xx_HAL_Driver/Src/stm32f1xx_hal_spi.c **** 
 2414              		.loc 1 1554 3 view .LVU890
1557:Drivers/STM32F1xx_HAL_Driver/Src/stm32f1xx_hal_spi.c ****   {
 2415              		.loc 1 1557 3 view .LVU891
1559:Drivers/STM32F1xx_HAL_Driver/Src/stm32f1xx_hal_spi.c ****   }
 2416              		.loc 1 1559 17 is_stmt 0 view .LVU892
 2417 0060 0028     		cmp	r0, #0
ARM GAS  C:\Users\airforce\AppData\Local\Temp\cca1ZS9V.s 			page 128


 2418 0062 18BF     		it	ne
 2419 0064 0B46     		movne	r3, r1
1567:Drivers/STM32F1xx_HAL_Driver/Src/stm32f1xx_hal_spi.c ****   {
 2420              		.loc 1 1567 6 view .LVU893
 2421 0066 B2F5004F 		cmp	r2, #32768
 2422 006a 2364     		str	r3, [r4, #64]
1567:Drivers/STM32F1xx_HAL_Driver/Src/stm32f1xx_hal_spi.c ****   {
 2423              		.loc 1 1567 3 is_stmt 1 view .LVU894
1570:Drivers/STM32F1xx_HAL_Driver/Src/stm32f1xx_hal_spi.c ****     SPI_1LINE_RX(hspi);
 2424              		.loc 1 1570 5 is_stmt 0 view .LVU895
 2425 006c 2368     		ldr	r3, [r4]
1567:Drivers/STM32F1xx_HAL_Driver/Src/stm32f1xx_hal_spi.c ****   {
 2426              		.loc 1 1567 6 view .LVU896
 2427 006e 07D1     		bne	.L269
1570:Drivers/STM32F1xx_HAL_Driver/Src/stm32f1xx_hal_spi.c ****     SPI_1LINE_RX(hspi);
 2428              		.loc 1 1570 5 is_stmt 1 view .LVU897
 2429 0070 1A68     		ldr	r2, [r3]
 2430 0072 22F04002 		bic	r2, r2, #64
 2431 0076 1A60     		str	r2, [r3]
1571:Drivers/STM32F1xx_HAL_Driver/Src/stm32f1xx_hal_spi.c ****   }
 2432              		.loc 1 1571 5 view .LVU898
 2433 0078 1A68     		ldr	r2, [r3]
 2434 007a 22F48042 		bic	r2, r2, #16384
 2435 007e 1A60     		str	r2, [r3]
 2436              	.L269:
1587:Drivers/STM32F1xx_HAL_Driver/Src/stm32f1xx_hal_spi.c ****   {
 2437              		.loc 1 1587 3 view .LVU899
1594:Drivers/STM32F1xx_HAL_Driver/Src/stm32f1xx_hal_spi.c ****   /* Enable RXNE and ERR interrupt */
 2438              		.loc 1 1594 3 is_stmt 0 view .LVU900
 2439 0080 0025     		movs	r5, #0
1587:Drivers/STM32F1xx_HAL_Driver/Src/stm32f1xx_hal_spi.c ****   {
 2440              		.loc 1 1587 22 view .LVU901
 2441 0082 1A68     		ldr	r2, [r3]
1587:Drivers/STM32F1xx_HAL_Driver/Src/stm32f1xx_hal_spi.c ****   {
 2442              		.loc 1 1587 6 view .LVU902
 2443 0084 5206     		lsls	r2, r2, #25
1590:Drivers/STM32F1xx_HAL_Driver/Src/stm32f1xx_hal_spi.c ****   }
 2444              		.loc 1 1590 5 is_stmt 1 view .LVU903
 2445 0086 5EBF     		ittt	pl
 2446 0088 1A68     		ldrpl	r2, [r3]
 2447 008a 42F04002 		orrpl	r2, r2, #64
 2448 008e 1A60     		strpl	r2, [r3]
1594:Drivers/STM32F1xx_HAL_Driver/Src/stm32f1xx_hal_spi.c ****   /* Enable RXNE and ERR interrupt */
 2449              		.loc 1 1594 3 view .LVU904
1594:Drivers/STM32F1xx_HAL_Driver/Src/stm32f1xx_hal_spi.c ****   /* Enable RXNE and ERR interrupt */
 2450              		.loc 1 1594 3 view .LVU905
 2451 0090 84F85050 		strb	r5, [r4, #80]
1594:Drivers/STM32F1xx_HAL_Driver/Src/stm32f1xx_hal_spi.c ****   /* Enable RXNE and ERR interrupt */
 2452              		.loc 1 1594 3 view .LVU906
1596:Drivers/STM32F1xx_HAL_Driver/Src/stm32f1xx_hal_spi.c **** 
 2453              		.loc 1 1596 3 view .LVU907
 2454 0094 5A68     		ldr	r2, [r3, #4]
 2455 0096 42F06002 		orr	r2, r2, #96
 2456 009a 5A60     		str	r2, [r3, #4]
1598:Drivers/STM32F1xx_HAL_Driver/Src/stm32f1xx_hal_spi.c **** }
 2457              		.loc 1 1598 3 view .LVU908
 2458              	.L266:
ARM GAS  C:\Users\airforce\AppData\Local\Temp\cca1ZS9V.s 			page 129


1599:Drivers/STM32F1xx_HAL_Driver/Src/stm32f1xx_hal_spi.c **** 
 2459              		.loc 1 1599 1 is_stmt 0 view .LVU909
 2460 009c 2846     		mov	r0, r5
 2461 009e F0BC     		pop	{r4, r5, r6, r7}
 2462              	.LCFI27:
 2463              		.cfi_remember_state
 2464              		.cfi_restore 7
 2465              		.cfi_restore 6
 2466              		.cfi_restore 5
 2467              		.cfi_restore 4
 2468              		.cfi_def_cfa_offset 0
 2469              	.LVL116:
1599:Drivers/STM32F1xx_HAL_Driver/Src/stm32f1xx_hal_spi.c **** 
 2470              		.loc 1 1599 1 view .LVU910
 2471 00a0 7047     		bx	lr
 2472              	.LVL117:
 2473              	.L272:
 2474              	.LCFI28:
 2475              		.cfi_restore_state
1524:Drivers/STM32F1xx_HAL_Driver/Src/stm32f1xx_hal_spi.c ****   }
 2476              		.loc 1 1524 12 view .LVU911
 2477 00a2 0225     		movs	r5, #2
 2478 00a4 FAE7     		b	.L266
 2479              	.L281:
 2480 00a6 00BF     		.align	2
 2481              	.L280:
 2482 00a8 00000000 		.word	SPI_RxISR_16BIT
 2483 00ac 00000000 		.word	SPI_RxISR_8BIT
 2484              		.cfi_endproc
 2485              	.LFE73:
 2487              		.section	.text.HAL_SPI_Transmit_DMA,"ax",%progbits
 2488              		.align	1
 2489              		.global	HAL_SPI_Transmit_DMA
 2490              		.syntax unified
 2491              		.thumb
 2492              		.thumb_func
 2494              	HAL_SPI_Transmit_DMA:
 2495              	.LVL118:
 2496              	.LFB75:
1698:Drivers/STM32F1xx_HAL_Driver/Src/stm32f1xx_hal_spi.c **** 
 2497              		.loc 1 1698 1 is_stmt 1 view -0
 2498              		.cfi_startproc
 2499              		@ args = 0, pretend = 0, frame = 0
 2500              		@ frame_needed = 0, uses_anonymous_args = 0
1701:Drivers/STM32F1xx_HAL_Driver/Src/stm32f1xx_hal_spi.c **** 
 2501              		.loc 1 1701 3 view .LVU913
1704:Drivers/STM32F1xx_HAL_Driver/Src/stm32f1xx_hal_spi.c **** 
 2502              		.loc 1 1704 3 view .LVU914
1706:Drivers/STM32F1xx_HAL_Driver/Src/stm32f1xx_hal_spi.c ****   {
 2503              		.loc 1 1706 3 view .LVU915
1698:Drivers/STM32F1xx_HAL_Driver/Src/stm32f1xx_hal_spi.c **** 
 2504              		.loc 1 1698 1 is_stmt 0 view .LVU916
 2505 0000 70B5     		push	{r4, r5, r6, lr}
 2506              	.LCFI29:
 2507              		.cfi_def_cfa_offset 16
 2508              		.cfi_offset 4, -16
 2509              		.cfi_offset 5, -12
ARM GAS  C:\Users\airforce\AppData\Local\Temp\cca1ZS9V.s 			page 130


 2510              		.cfi_offset 6, -8
 2511              		.cfi_offset 14, -4
1706:Drivers/STM32F1xx_HAL_Driver/Src/stm32f1xx_hal_spi.c ****   {
 2512              		.loc 1 1706 11 view .LVU917
 2513 0002 90F85130 		ldrb	r3, [r0, #81]	@ zero_extendqisi2
1698:Drivers/STM32F1xx_HAL_Driver/Src/stm32f1xx_hal_spi.c **** 
 2514              		.loc 1 1698 1 view .LVU918
 2515 0006 0446     		mov	r4, r0
1706:Drivers/STM32F1xx_HAL_Driver/Src/stm32f1xx_hal_spi.c ****   {
 2516              		.loc 1 1706 6 view .LVU919
 2517 0008 012B     		cmp	r3, #1
1706:Drivers/STM32F1xx_HAL_Driver/Src/stm32f1xx_hal_spi.c ****   {
 2518              		.loc 1 1706 11 view .LVU920
 2519 000a DDB2     		uxtb	r5, r3
1706:Drivers/STM32F1xx_HAL_Driver/Src/stm32f1xx_hal_spi.c ****   {
 2520              		.loc 1 1706 6 view .LVU921
 2521 000c 4ED1     		bne	.L290
1711:Drivers/STM32F1xx_HAL_Driver/Src/stm32f1xx_hal_spi.c ****   {
 2522              		.loc 1 1711 3 is_stmt 1 view .LVU922
1711:Drivers/STM32F1xx_HAL_Driver/Src/stm32f1xx_hal_spi.c ****   {
 2523              		.loc 1 1711 6 is_stmt 0 view .LVU923
 2524 000e 0029     		cmp	r1, #0
 2525 0010 36D0     		beq	.L283
1711:Drivers/STM32F1xx_HAL_Driver/Src/stm32f1xx_hal_spi.c ****   {
 2526              		.loc 1 1711 23 discriminator 1 view .LVU924
 2527 0012 002A     		cmp	r2, #0
 2528 0014 34D0     		beq	.L283
1717:Drivers/STM32F1xx_HAL_Driver/Src/stm32f1xx_hal_spi.c **** 
 2529              		.loc 1 1717 3 is_stmt 1 view .LVU925
1717:Drivers/STM32F1xx_HAL_Driver/Src/stm32f1xx_hal_spi.c **** 
 2530              		.loc 1 1717 3 view .LVU926
 2531 0016 90F85030 		ldrb	r3, [r0, #80]	@ zero_extendqisi2
 2532 001a 012B     		cmp	r3, #1
 2533 001c 46D0     		beq	.L290
1717:Drivers/STM32F1xx_HAL_Driver/Src/stm32f1xx_hal_spi.c **** 
 2534              		.loc 1 1717 3 discriminator 2 view .LVU927
1720:Drivers/STM32F1xx_HAL_Driver/Src/stm32f1xx_hal_spi.c ****   hspi->ErrorCode   = HAL_SPI_ERROR_NONE;
 2535              		.loc 1 1720 21 is_stmt 0 view .LVU928
 2536 001e 0323     		movs	r3, #3
 2537 0020 80F85130 		strb	r3, [r0, #81]
1721:Drivers/STM32F1xx_HAL_Driver/Src/stm32f1xx_hal_spi.c ****   hspi->pTxBuffPtr  = (const uint8_t *)pData;
 2538              		.loc 1 1721 21 view .LVU929
 2539 0024 0023     		movs	r3, #0
 2540 0026 4365     		str	r3, [r0, #84]
1729:Drivers/STM32F1xx_HAL_Driver/Src/stm32f1xx_hal_spi.c ****   hspi->RxXferSize  = 0U;
 2541              		.loc 1 1729 21 view .LVU930
 2542 0028 C0E91033 		strd	r3, r3, [r0, #64]
1724:Drivers/STM32F1xx_HAL_Driver/Src/stm32f1xx_hal_spi.c **** 
 2543              		.loc 1 1724 21 view .LVU931
 2544 002c C286     		strh	r2, [r0, #54]	@ movhi
1727:Drivers/STM32F1xx_HAL_Driver/Src/stm32f1xx_hal_spi.c ****   hspi->TxISR       = NULL;
 2545              		.loc 1 1727 21 view .LVU932
 2546 002e 8363     		str	r3, [r0, #56]
1730:Drivers/STM32F1xx_HAL_Driver/Src/stm32f1xx_hal_spi.c ****   hspi->RxXferCount = 0U;
 2547              		.loc 1 1730 21 view .LVU933
 2548 0030 8387     		strh	r3, [r0, #60]	@ movhi
1731:Drivers/STM32F1xx_HAL_Driver/Src/stm32f1xx_hal_spi.c **** 
ARM GAS  C:\Users\airforce\AppData\Local\Temp\cca1ZS9V.s 			page 131


 2549              		.loc 1 1731 21 view .LVU934
 2550 0032 C387     		strh	r3, [r0, #62]	@ movhi
1734:Drivers/STM32F1xx_HAL_Driver/Src/stm32f1xx_hal_spi.c ****   {
 2551              		.loc 1 1734 6 view .LVU935
 2552 0034 8368     		ldr	r3, [r0, #8]
1723:Drivers/STM32F1xx_HAL_Driver/Src/stm32f1xx_hal_spi.c ****   hspi->TxXferCount = Size;
 2553              		.loc 1 1723 21 view .LVU936
 2554 0036 8286     		strh	r2, [r0, #52]	@ movhi
1734:Drivers/STM32F1xx_HAL_Driver/Src/stm32f1xx_hal_spi.c ****   {
 2555              		.loc 1 1734 6 view .LVU937
 2556 0038 B3F5004F 		cmp	r3, #32768
1737:Drivers/STM32F1xx_HAL_Driver/Src/stm32f1xx_hal_spi.c ****     SPI_1LINE_TX(hspi);
 2557              		.loc 1 1737 5 view .LVU938
 2558 003c 0268     		ldr	r2, [r0]
 2559              	.LVL119:
1717:Drivers/STM32F1xx_HAL_Driver/Src/stm32f1xx_hal_spi.c **** 
 2560              		.loc 1 1717 3 discriminator 2 view .LVU939
 2561 003e 80F85050 		strb	r5, [r0, #80]
1717:Drivers/STM32F1xx_HAL_Driver/Src/stm32f1xx_hal_spi.c **** 
 2562              		.loc 1 1717 3 is_stmt 1 view .LVU940
1720:Drivers/STM32F1xx_HAL_Driver/Src/stm32f1xx_hal_spi.c ****   hspi->ErrorCode   = HAL_SPI_ERROR_NONE;
 2563              		.loc 1 1720 3 view .LVU941
1721:Drivers/STM32F1xx_HAL_Driver/Src/stm32f1xx_hal_spi.c ****   hspi->pTxBuffPtr  = (const uint8_t *)pData;
 2564              		.loc 1 1721 3 view .LVU942
1722:Drivers/STM32F1xx_HAL_Driver/Src/stm32f1xx_hal_spi.c ****   hspi->TxXferSize  = Size;
 2565              		.loc 1 1722 3 view .LVU943
1722:Drivers/STM32F1xx_HAL_Driver/Src/stm32f1xx_hal_spi.c ****   hspi->TxXferSize  = Size;
 2566              		.loc 1 1722 21 is_stmt 0 view .LVU944
 2567 0042 0163     		str	r1, [r0, #48]
1723:Drivers/STM32F1xx_HAL_Driver/Src/stm32f1xx_hal_spi.c ****   hspi->TxXferCount = Size;
 2568              		.loc 1 1723 3 is_stmt 1 view .LVU945
1724:Drivers/STM32F1xx_HAL_Driver/Src/stm32f1xx_hal_spi.c **** 
 2569              		.loc 1 1724 3 view .LVU946
1727:Drivers/STM32F1xx_HAL_Driver/Src/stm32f1xx_hal_spi.c ****   hspi->TxISR       = NULL;
 2570              		.loc 1 1727 3 view .LVU947
1728:Drivers/STM32F1xx_HAL_Driver/Src/stm32f1xx_hal_spi.c ****   hspi->RxISR       = NULL;
 2571              		.loc 1 1728 3 view .LVU948
1730:Drivers/STM32F1xx_HAL_Driver/Src/stm32f1xx_hal_spi.c ****   hspi->RxXferCount = 0U;
 2572              		.loc 1 1730 3 view .LVU949
1731:Drivers/STM32F1xx_HAL_Driver/Src/stm32f1xx_hal_spi.c **** 
 2573              		.loc 1 1731 3 view .LVU950
1734:Drivers/STM32F1xx_HAL_Driver/Src/stm32f1xx_hal_spi.c ****   {
 2574              		.loc 1 1734 3 view .LVU951
1734:Drivers/STM32F1xx_HAL_Driver/Src/stm32f1xx_hal_spi.c ****   {
 2575              		.loc 1 1734 6 is_stmt 0 view .LVU952
 2576 0044 07D1     		bne	.L286
1737:Drivers/STM32F1xx_HAL_Driver/Src/stm32f1xx_hal_spi.c ****     SPI_1LINE_TX(hspi);
 2577              		.loc 1 1737 5 is_stmt 1 view .LVU953
 2578 0046 1368     		ldr	r3, [r2]
 2579 0048 23F04003 		bic	r3, r3, #64
 2580 004c 1360     		str	r3, [r2]
1738:Drivers/STM32F1xx_HAL_Driver/Src/stm32f1xx_hal_spi.c ****   }
 2581              		.loc 1 1738 5 view .LVU954
 2582 004e 1368     		ldr	r3, [r2]
 2583 0050 43F48043 		orr	r3, r3, #16384
 2584 0054 1360     		str	r3, [r2]
 2585              	.L286:
ARM GAS  C:\Users\airforce\AppData\Local\Temp\cca1ZS9V.s 			page 132


1750:Drivers/STM32F1xx_HAL_Driver/Src/stm32f1xx_hal_spi.c **** 
 2586              		.loc 1 1750 3 view .LVU955
1759:Drivers/STM32F1xx_HAL_Driver/Src/stm32f1xx_hal_spi.c **** 
 2587              		.loc 1 1759 35 is_stmt 0 view .LVU956
 2588 0056 0026     		movs	r6, #0
1750:Drivers/STM32F1xx_HAL_Driver/Src/stm32f1xx_hal_spi.c **** 
 2589              		.loc 1 1750 7 view .LVU957
 2590 0058 A06C     		ldr	r0, [r4, #72]
 2591              	.LVL120:
1750:Drivers/STM32F1xx_HAL_Driver/Src/stm32f1xx_hal_spi.c **** 
 2592              		.loc 1 1750 38 view .LVU958
 2593 005a 154B     		ldr	r3, .L294
1759:Drivers/STM32F1xx_HAL_Driver/Src/stm32f1xx_hal_spi.c **** 
 2594              		.loc 1 1759 35 view .LVU959
 2595 005c 4663     		str	r6, [r0, #52]
1750:Drivers/STM32F1xx_HAL_Driver/Src/stm32f1xx_hal_spi.c **** 
 2596              		.loc 1 1750 38 view .LVU960
 2597 005e C362     		str	r3, [r0, #44]
1753:Drivers/STM32F1xx_HAL_Driver/Src/stm32f1xx_hal_spi.c **** 
 2598              		.loc 1 1753 3 is_stmt 1 view .LVU961
1753:Drivers/STM32F1xx_HAL_Driver/Src/stm32f1xx_hal_spi.c **** 
 2599              		.loc 1 1753 34 is_stmt 0 view .LVU962
 2600 0060 144B     		ldr	r3, .L294+4
1762:Drivers/STM32F1xx_HAL_Driver/Src/stm32f1xx_hal_spi.c ****                                  hspi->TxXferCount))
 2601              		.loc 1 1762 17 view .LVU963
 2602 0062 0C32     		adds	r2, r2, #12
1753:Drivers/STM32F1xx_HAL_Driver/Src/stm32f1xx_hal_spi.c **** 
 2603              		.loc 1 1753 34 view .LVU964
 2604 0064 8362     		str	r3, [r0, #40]
1756:Drivers/STM32F1xx_HAL_Driver/Src/stm32f1xx_hal_spi.c **** 
 2605              		.loc 1 1756 3 is_stmt 1 view .LVU965
1756:Drivers/STM32F1xx_HAL_Driver/Src/stm32f1xx_hal_spi.c **** 
 2606              		.loc 1 1756 35 is_stmt 0 view .LVU966
 2607 0066 144B     		ldr	r3, .L294+8
 2608 0068 0363     		str	r3, [r0, #48]
1759:Drivers/STM32F1xx_HAL_Driver/Src/stm32f1xx_hal_spi.c **** 
 2609              		.loc 1 1759 3 is_stmt 1 view .LVU967
1762:Drivers/STM32F1xx_HAL_Driver/Src/stm32f1xx_hal_spi.c ****                                  hspi->TxXferCount))
 2610              		.loc 1 1762 3 view .LVU968
1763:Drivers/STM32F1xx_HAL_Driver/Src/stm32f1xx_hal_spi.c ****   {
 2611              		.loc 1 1763 38 is_stmt 0 view .LVU969
 2612 006a E38E     		ldrh	r3, [r4, #54]
1762:Drivers/STM32F1xx_HAL_Driver/Src/stm32f1xx_hal_spi.c ****                                  hspi->TxXferCount))
 2613              		.loc 1 1762 17 view .LVU970
 2614 006c 9BB2     		uxth	r3, r3
 2615 006e FFF7FEFF 		bl	HAL_DMA_Start_IT
 2616              	.LVL121:
1762:Drivers/STM32F1xx_HAL_Driver/Src/stm32f1xx_hal_spi.c ****                                  hspi->TxXferCount))
 2617              		.loc 1 1762 6 discriminator 1 view .LVU971
 2618 0072 38B1     		cbz	r0, .L287
1766:Drivers/STM32F1xx_HAL_Driver/Src/stm32f1xx_hal_spi.c ****     /* Process Unlocked */
 2619              		.loc 1 1766 5 is_stmt 1 view .LVU972
 2620 0074 636D     		ldr	r3, [r4, #84]
1768:Drivers/STM32F1xx_HAL_Driver/Src/stm32f1xx_hal_spi.c ****     return HAL_ERROR;
 2621              		.loc 1 1768 5 is_stmt 0 view .LVU973
 2622 0076 84F85060 		strb	r6, [r4, #80]
1766:Drivers/STM32F1xx_HAL_Driver/Src/stm32f1xx_hal_spi.c ****     /* Process Unlocked */
ARM GAS  C:\Users\airforce\AppData\Local\Temp\cca1ZS9V.s 			page 133


 2623              		.loc 1 1766 5 view .LVU974
 2624 007a 43F01003 		orr	r3, r3, #16
 2625 007e 6365     		str	r3, [r4, #84]
1768:Drivers/STM32F1xx_HAL_Driver/Src/stm32f1xx_hal_spi.c ****     return HAL_ERROR;
 2626              		.loc 1 1768 5 is_stmt 1 view .LVU975
1768:Drivers/STM32F1xx_HAL_Driver/Src/stm32f1xx_hal_spi.c ****     return HAL_ERROR;
 2627              		.loc 1 1768 5 view .LVU976
1768:Drivers/STM32F1xx_HAL_Driver/Src/stm32f1xx_hal_spi.c ****     return HAL_ERROR;
 2628              		.loc 1 1768 5 view .LVU977
1769:Drivers/STM32F1xx_HAL_Driver/Src/stm32f1xx_hal_spi.c ****   }
 2629              		.loc 1 1769 5 view .LVU978
 2630              	.L283:
1789:Drivers/STM32F1xx_HAL_Driver/Src/stm32f1xx_hal_spi.c **** 
 2631              		.loc 1 1789 1 is_stmt 0 view .LVU979
 2632 0080 2846     		mov	r0, r5
 2633 0082 70BD     		pop	{r4, r5, r6, pc}
 2634              	.LVL122:
 2635              	.L287:
1773:Drivers/STM32F1xx_HAL_Driver/Src/stm32f1xx_hal_spi.c ****   {
 2636              		.loc 1 1773 3 is_stmt 1 view .LVU980
1780:Drivers/STM32F1xx_HAL_Driver/Src/stm32f1xx_hal_spi.c **** 
 2637              		.loc 1 1780 3 is_stmt 0 view .LVU981
 2638 0084 0025     		movs	r5, #0
1773:Drivers/STM32F1xx_HAL_Driver/Src/stm32f1xx_hal_spi.c ****   {
 2639              		.loc 1 1773 12 view .LVU982
 2640 0086 2368     		ldr	r3, [r4]
1773:Drivers/STM32F1xx_HAL_Driver/Src/stm32f1xx_hal_spi.c ****   {
 2641              		.loc 1 1773 22 view .LVU983
 2642 0088 1A68     		ldr	r2, [r3]
1773:Drivers/STM32F1xx_HAL_Driver/Src/stm32f1xx_hal_spi.c ****   {
 2643              		.loc 1 1773 6 view .LVU984
 2644 008a 5206     		lsls	r2, r2, #25
1776:Drivers/STM32F1xx_HAL_Driver/Src/stm32f1xx_hal_spi.c ****   }
 2645              		.loc 1 1776 5 is_stmt 1 view .LVU985
 2646 008c 5EBF     		ittt	pl
 2647 008e 1A68     		ldrpl	r2, [r3]
 2648 0090 42F04002 		orrpl	r2, r2, #64
 2649 0094 1A60     		strpl	r2, [r3]
1780:Drivers/STM32F1xx_HAL_Driver/Src/stm32f1xx_hal_spi.c **** 
 2650              		.loc 1 1780 3 view .LVU986
1780:Drivers/STM32F1xx_HAL_Driver/Src/stm32f1xx_hal_spi.c **** 
 2651              		.loc 1 1780 3 view .LVU987
 2652 0096 84F85050 		strb	r5, [r4, #80]
1780:Drivers/STM32F1xx_HAL_Driver/Src/stm32f1xx_hal_spi.c **** 
 2653              		.loc 1 1780 3 view .LVU988
1783:Drivers/STM32F1xx_HAL_Driver/Src/stm32f1xx_hal_spi.c **** 
 2654              		.loc 1 1783 3 view .LVU989
 2655 009a 5A68     		ldr	r2, [r3, #4]
 2656 009c 42F02002 		orr	r2, r2, #32
 2657 00a0 5A60     		str	r2, [r3, #4]
1786:Drivers/STM32F1xx_HAL_Driver/Src/stm32f1xx_hal_spi.c **** 
 2658              		.loc 1 1786 3 view .LVU990
 2659 00a2 5A68     		ldr	r2, [r3, #4]
 2660 00a4 42F00202 		orr	r2, r2, #2
 2661 00a8 5A60     		str	r2, [r3, #4]
1788:Drivers/STM32F1xx_HAL_Driver/Src/stm32f1xx_hal_spi.c **** }
 2662              		.loc 1 1788 3 view .LVU991
ARM GAS  C:\Users\airforce\AppData\Local\Temp\cca1ZS9V.s 			page 134


1788:Drivers/STM32F1xx_HAL_Driver/Src/stm32f1xx_hal_spi.c **** }
 2663              		.loc 1 1788 10 is_stmt 0 view .LVU992
 2664 00aa E9E7     		b	.L283
 2665              	.LVL123:
 2666              	.L290:
1708:Drivers/STM32F1xx_HAL_Driver/Src/stm32f1xx_hal_spi.c ****   }
 2667              		.loc 1 1708 12 view .LVU993
 2668 00ac 0225     		movs	r5, #2
 2669 00ae E7E7     		b	.L283
 2670              	.L295:
 2671              		.align	2
 2672              	.L294:
 2673 00b0 00000000 		.word	SPI_DMAHalfTransmitCplt
 2674 00b4 00000000 		.word	SPI_DMATransmitCplt
 2675 00b8 00000000 		.word	SPI_DMAError
 2676              		.cfi_endproc
 2677              	.LFE75:
 2679              		.section	.text.HAL_SPI_TransmitReceive_DMA,"ax",%progbits
 2680              		.align	1
 2681              		.global	HAL_SPI_TransmitReceive_DMA
 2682              		.syntax unified
 2683              		.thumb
 2684              		.thumb_func
 2686              	HAL_SPI_TransmitReceive_DMA:
 2687              	.LVL124:
 2688              	.LFB77:
1913:Drivers/STM32F1xx_HAL_Driver/Src/stm32f1xx_hal_spi.c ****   uint32_t             tmp_mode;
 2689              		.loc 1 1913 1 is_stmt 1 view -0
 2690              		.cfi_startproc
 2691              		@ args = 0, pretend = 0, frame = 0
 2692              		@ frame_needed = 0, uses_anonymous_args = 0
1914:Drivers/STM32F1xx_HAL_Driver/Src/stm32f1xx_hal_spi.c ****   HAL_SPI_StateTypeDef tmp_state;
 2693              		.loc 1 1914 3 view .LVU995
1915:Drivers/STM32F1xx_HAL_Driver/Src/stm32f1xx_hal_spi.c **** 
 2694              		.loc 1 1915 3 view .LVU996
1918:Drivers/STM32F1xx_HAL_Driver/Src/stm32f1xx_hal_spi.c ****   assert_param(IS_SPI_DMA_HANDLE(hspi->hdmatx));
 2695              		.loc 1 1918 3 view .LVU997
1919:Drivers/STM32F1xx_HAL_Driver/Src/stm32f1xx_hal_spi.c **** 
 2696              		.loc 1 1919 3 view .LVU998
1922:Drivers/STM32F1xx_HAL_Driver/Src/stm32f1xx_hal_spi.c **** 
 2697              		.loc 1 1922 3 view .LVU999
1925:Drivers/STM32F1xx_HAL_Driver/Src/stm32f1xx_hal_spi.c ****   tmp_mode            = hspi->Init.Mode;
 2698              		.loc 1 1925 3 view .LVU1000
1913:Drivers/STM32F1xx_HAL_Driver/Src/stm32f1xx_hal_spi.c ****   uint32_t             tmp_mode;
 2699              		.loc 1 1913 1 is_stmt 0 view .LVU1001
 2700 0000 70B5     		push	{r4, r5, r6, lr}
 2701              	.LCFI30:
 2702              		.cfi_def_cfa_offset 16
 2703              		.cfi_offset 4, -16
 2704              		.cfi_offset 5, -12
 2705              		.cfi_offset 6, -8
 2706              		.cfi_offset 14, -4
1913:Drivers/STM32F1xx_HAL_Driver/Src/stm32f1xx_hal_spi.c ****   uint32_t             tmp_mode;
 2707              		.loc 1 1913 1 view .LVU1002
 2708 0002 0446     		mov	r4, r0
1925:Drivers/STM32F1xx_HAL_Driver/Src/stm32f1xx_hal_spi.c ****   tmp_mode            = hspi->Init.Mode;
 2709              		.loc 1 1925 23 view .LVU1003
ARM GAS  C:\Users\airforce\AppData\Local\Temp\cca1ZS9V.s 			page 135


 2710 0004 90F85100 		ldrb	r0, [r0, #81]	@ zero_extendqisi2
 2711              	.LVL125:
1928:Drivers/STM32F1xx_HAL_Driver/Src/stm32f1xx_hal_spi.c ****         ((tmp_mode == SPI_MODE_MASTER) && (hspi->Init.Direction == SPI_DIRECTION_2LINES) &&
 2712              		.loc 1 1928 6 view .LVU1004
 2713 0008 0128     		cmp	r0, #1
1925:Drivers/STM32F1xx_HAL_Driver/Src/stm32f1xx_hal_spi.c ****   tmp_mode            = hspi->Init.Mode;
 2714              		.loc 1 1925 23 view .LVU1005
 2715 000a C5B2     		uxtb	r5, r0
 2716              	.LVL126:
1926:Drivers/STM32F1xx_HAL_Driver/Src/stm32f1xx_hal_spi.c **** 
 2717              		.loc 1 1926 3 is_stmt 1 view .LVU1006
1928:Drivers/STM32F1xx_HAL_Driver/Src/stm32f1xx_hal_spi.c ****         ((tmp_mode == SPI_MODE_MASTER) && (hspi->Init.Direction == SPI_DIRECTION_2LINES) &&
 2718              		.loc 1 1928 3 view .LVU1007
1928:Drivers/STM32F1xx_HAL_Driver/Src/stm32f1xx_hal_spi.c ****         ((tmp_mode == SPI_MODE_MASTER) && (hspi->Init.Direction == SPI_DIRECTION_2LINES) &&
 2719              		.loc 1 1928 6 is_stmt 0 view .LVU1008
 2720 000c 08D0     		beq	.L297
1928:Drivers/STM32F1xx_HAL_Driver/Src/stm32f1xx_hal_spi.c ****         ((tmp_mode == SPI_MODE_MASTER) && (hspi->Init.Direction == SPI_DIRECTION_2LINES) &&
 2721              		.loc 1 1928 7 discriminator 1 view .LVU1009
 2722 000e 6068     		ldr	r0, [r4, #4]
 2723 0010 B0F5827F 		cmp	r0, #260
 2724 0014 6ED1     		bne	.L308
1929:Drivers/STM32F1xx_HAL_Driver/Src/stm32f1xx_hal_spi.c ****          (tmp_state == HAL_SPI_STATE_BUSY_RX))))
 2725              		.loc 1 1929 40 view .LVU1010
 2726 0016 A068     		ldr	r0, [r4, #8]
 2727 0018 0028     		cmp	r0, #0
 2728 001a 6BD1     		bne	.L308
1929:Drivers/STM32F1xx_HAL_Driver/Src/stm32f1xx_hal_spi.c ****          (tmp_state == HAL_SPI_STATE_BUSY_RX))))
 2729              		.loc 1 1929 90 discriminator 1 view .LVU1011
 2730 001c 042D     		cmp	r5, #4
 2731 001e 69D1     		bne	.L308
 2732              	.L297:
 2733              	.LVL127:
 2734              	.LBB12:
 2735              	.LBI12:
1911:Drivers/STM32F1xx_HAL_Driver/Src/stm32f1xx_hal_spi.c ****                                               uint16_t Size)
 2736              		.loc 1 1911 19 is_stmt 1 view .LVU1012
 2737              	.LBB13:
1935:Drivers/STM32F1xx_HAL_Driver/Src/stm32f1xx_hal_spi.c ****   {
 2738              		.loc 1 1935 3 view .LVU1013
1935:Drivers/STM32F1xx_HAL_Driver/Src/stm32f1xx_hal_spi.c ****   {
 2739              		.loc 1 1935 6 is_stmt 0 view .LVU1014
 2740 0020 0029     		cmp	r1, #0
 2741 0022 39D0     		beq	.L299
1935:Drivers/STM32F1xx_HAL_Driver/Src/stm32f1xx_hal_spi.c ****   {
 2742              		.loc 1 1935 25 discriminator 1 view .LVU1015
 2743 0024 002A     		cmp	r2, #0
 2744 0026 37D0     		beq	.L299
1935:Drivers/STM32F1xx_HAL_Driver/Src/stm32f1xx_hal_spi.c ****   {
 2745              		.loc 1 1935 46 discriminator 2 view .LVU1016
 2746 0028 002B     		cmp	r3, #0
 2747 002a 35D0     		beq	.L299
1941:Drivers/STM32F1xx_HAL_Driver/Src/stm32f1xx_hal_spi.c **** 
 2748              		.loc 1 1941 3 is_stmt 1 view .LVU1017
1941:Drivers/STM32F1xx_HAL_Driver/Src/stm32f1xx_hal_spi.c **** 
 2749              		.loc 1 1941 3 view .LVU1018
 2750 002c 94F85000 		ldrb	r0, [r4, #80]	@ zero_extendqisi2
 2751 0030 0128     		cmp	r0, #1
ARM GAS  C:\Users\airforce\AppData\Local\Temp\cca1ZS9V.s 			page 136


 2752 0032 5FD0     		beq	.L308
1941:Drivers/STM32F1xx_HAL_Driver/Src/stm32f1xx_hal_spi.c **** 
 2753              		.loc 1 1941 3 discriminator 2 view .LVU1019
 2754 0034 0120     		movs	r0, #1
 2755 0036 84F85000 		strb	r0, [r4, #80]
1941:Drivers/STM32F1xx_HAL_Driver/Src/stm32f1xx_hal_spi.c **** 
 2756              		.loc 1 1941 3 view .LVU1020
1944:Drivers/STM32F1xx_HAL_Driver/Src/stm32f1xx_hal_spi.c ****   {
 2757              		.loc 1 1944 3 view .LVU1021
1944:Drivers/STM32F1xx_HAL_Driver/Src/stm32f1xx_hal_spi.c ****   {
 2758              		.loc 1 1944 11 is_stmt 0 view .LVU1022
 2759 003a 94F85100 		ldrb	r0, [r4, #81]	@ zero_extendqisi2
1988:Drivers/STM32F1xx_HAL_Driver/Src/stm32f1xx_hal_spi.c **** 
 2760              		.loc 1 1988 35 view .LVU1023
 2761 003e 0026     		movs	r6, #0
1944:Drivers/STM32F1xx_HAL_Driver/Src/stm32f1xx_hal_spi.c ****   {
 2762              		.loc 1 1944 6 view .LVU1024
 2763 0040 0428     		cmp	r0, #4
1946:Drivers/STM32F1xx_HAL_Driver/Src/stm32f1xx_hal_spi.c ****   }
 2764              		.loc 1 1946 5 is_stmt 1 view .LVU1025
1946:Drivers/STM32F1xx_HAL_Driver/Src/stm32f1xx_hal_spi.c ****   }
 2765              		.loc 1 1946 17 is_stmt 0 view .LVU1026
 2766 0042 1CBF     		itt	ne
 2767 0044 0520     		movne	r0, #5
 2768 0046 84F85100 		strbne	r0, [r4, #81]
1950:Drivers/STM32F1xx_HAL_Driver/Src/stm32f1xx_hal_spi.c ****   hspi->pTxBuffPtr  = (const uint8_t *)pTxData;
 2769              		.loc 1 1950 3 is_stmt 1 view .LVU1027
1950:Drivers/STM32F1xx_HAL_Driver/Src/stm32f1xx_hal_spi.c ****   hspi->pTxBuffPtr  = (const uint8_t *)pTxData;
 2770              		.loc 1 1950 21 is_stmt 0 view .LVU1028
 2771 004a 0020     		movs	r0, #0
 2772 004c 6065     		str	r0, [r4, #84]
1951:Drivers/STM32F1xx_HAL_Driver/Src/stm32f1xx_hal_spi.c ****   hspi->TxXferSize  = Size;
 2773              		.loc 1 1951 3 is_stmt 1 view .LVU1029
1953:Drivers/STM32F1xx_HAL_Driver/Src/stm32f1xx_hal_spi.c ****   hspi->pRxBuffPtr  = (uint8_t *)pRxData;
 2774              		.loc 1 1953 21 is_stmt 0 view .LVU1030
 2775 004e E386     		strh	r3, [r4, #54]	@ movhi
1956:Drivers/STM32F1xx_HAL_Driver/Src/stm32f1xx_hal_spi.c **** 
 2776              		.loc 1 1956 21 view .LVU1031
 2777 0050 E387     		strh	r3, [r4, #62]	@ movhi
1952:Drivers/STM32F1xx_HAL_Driver/Src/stm32f1xx_hal_spi.c ****   hspi->TxXferCount = Size;
 2778              		.loc 1 1952 21 view .LVU1032
 2779 0052 A386     		strh	r3, [r4, #52]	@ movhi
1955:Drivers/STM32F1xx_HAL_Driver/Src/stm32f1xx_hal_spi.c ****   hspi->RxXferCount = Size;
 2780              		.loc 1 1955 21 view .LVU1033
 2781 0054 A387     		strh	r3, [r4, #60]	@ movhi
1971:Drivers/STM32F1xx_HAL_Driver/Src/stm32f1xx_hal_spi.c ****   {
 2782              		.loc 1 1971 11 view .LVU1034
 2783 0056 94F85130 		ldrb	r3, [r4, #81]	@ zero_extendqisi2
 2784              	.LVL128:
1951:Drivers/STM32F1xx_HAL_Driver/Src/stm32f1xx_hal_spi.c ****   hspi->TxXferSize  = Size;
 2785              		.loc 1 1951 21 view .LVU1035
 2786 005a 2163     		str	r1, [r4, #48]
1952:Drivers/STM32F1xx_HAL_Driver/Src/stm32f1xx_hal_spi.c ****   hspi->TxXferCount = Size;
 2787              		.loc 1 1952 3 is_stmt 1 view .LVU1036
1953:Drivers/STM32F1xx_HAL_Driver/Src/stm32f1xx_hal_spi.c ****   hspi->pRxBuffPtr  = (uint8_t *)pRxData;
 2788              		.loc 1 1953 3 view .LVU1037
1954:Drivers/STM32F1xx_HAL_Driver/Src/stm32f1xx_hal_spi.c ****   hspi->RxXferSize  = Size;
ARM GAS  C:\Users\airforce\AppData\Local\Temp\cca1ZS9V.s 			page 137


 2789              		.loc 1 1954 3 view .LVU1038
1971:Drivers/STM32F1xx_HAL_Driver/Src/stm32f1xx_hal_spi.c ****   {
 2790              		.loc 1 1971 6 is_stmt 0 view .LVU1039
 2791 005c 042B     		cmp	r3, #4
1960:Drivers/STM32F1xx_HAL_Driver/Src/stm32f1xx_hal_spi.c **** 
 2792              		.loc 1 1960 21 view .LVU1040
 2793 005e C4E91000 		strd	r0, r0, [r4, #64]
1971:Drivers/STM32F1xx_HAL_Driver/Src/stm32f1xx_hal_spi.c ****   {
 2794              		.loc 1 1971 6 view .LVU1041
 2795 0062 18BF     		it	ne
 2796 0064 2449     		ldrne	r1, .L325
 2797              	.LVL129:
1974:Drivers/STM32F1xx_HAL_Driver/Src/stm32f1xx_hal_spi.c ****     hspi->hdmarx->XferCpltCallback     = SPI_DMAReceiveCplt;
 2798              		.loc 1 1974 9 view .LVU1042
 2799 0066 E06C     		ldr	r0, [r4, #76]
1971:Drivers/STM32F1xx_HAL_Driver/Src/stm32f1xx_hal_spi.c ****   {
 2800              		.loc 1 1971 6 view .LVU1043
 2801 0068 12BF     		itee	ne
 2802 006a 244B     		ldrne	r3, .L325+4
 2803 006c 2449     		ldreq	r1, .L325+8
 2804 006e 254B     		ldreq	r3, .L325+12
1954:Drivers/STM32F1xx_HAL_Driver/Src/stm32f1xx_hal_spi.c ****   hspi->RxXferSize  = Size;
 2805              		.loc 1 1954 21 view .LVU1044
 2806 0070 A263     		str	r2, [r4, #56]
1955:Drivers/STM32F1xx_HAL_Driver/Src/stm32f1xx_hal_spi.c ****   hspi->RxXferCount = Size;
 2807              		.loc 1 1955 3 is_stmt 1 view .LVU1045
1956:Drivers/STM32F1xx_HAL_Driver/Src/stm32f1xx_hal_spi.c **** 
 2808              		.loc 1 1956 3 view .LVU1046
1959:Drivers/STM32F1xx_HAL_Driver/Src/stm32f1xx_hal_spi.c ****   hspi->TxISR       = NULL;
 2809              		.loc 1 1959 3 view .LVU1047
1971:Drivers/STM32F1xx_HAL_Driver/Src/stm32f1xx_hal_spi.c ****   {
 2810              		.loc 1 1971 3 view .LVU1048
1975:Drivers/STM32F1xx_HAL_Driver/Src/stm32f1xx_hal_spi.c ****   }
 2811              		.loc 1 1975 40 is_stmt 0 view .LVU1049
 2812 0072 C0E90A31 		strd	r3, r1, [r0, #40]
1985:Drivers/STM32F1xx_HAL_Driver/Src/stm32f1xx_hal_spi.c **** 
 2813              		.loc 1 1985 3 is_stmt 1 view .LVU1050
1985:Drivers/STM32F1xx_HAL_Driver/Src/stm32f1xx_hal_spi.c **** 
 2814              		.loc 1 1985 35 is_stmt 0 view .LVU1051
 2815 0076 244B     		ldr	r3, .L325+16
1991:Drivers/STM32F1xx_HAL_Driver/Src/stm32f1xx_hal_spi.c ****                                  hspi->RxXferCount))
 2816              		.loc 1 1991 58 view .LVU1052
 2817 0078 2168     		ldr	r1, [r4]
1985:Drivers/STM32F1xx_HAL_Driver/Src/stm32f1xx_hal_spi.c **** 
 2818              		.loc 1 1985 35 view .LVU1053
 2819 007a 0363     		str	r3, [r0, #48]
1988:Drivers/STM32F1xx_HAL_Driver/Src/stm32f1xx_hal_spi.c **** 
 2820              		.loc 1 1988 3 is_stmt 1 view .LVU1054
1992:Drivers/STM32F1xx_HAL_Driver/Src/stm32f1xx_hal_spi.c ****   {
 2821              		.loc 1 1992 38 is_stmt 0 view .LVU1055
 2822 007c E38F     		ldrh	r3, [r4, #62]
1988:Drivers/STM32F1xx_HAL_Driver/Src/stm32f1xx_hal_spi.c **** 
 2823              		.loc 1 1988 35 view .LVU1056
 2824 007e 4663     		str	r6, [r0, #52]
1991:Drivers/STM32F1xx_HAL_Driver/Src/stm32f1xx_hal_spi.c ****                                  hspi->RxXferCount))
 2825              		.loc 1 1991 3 is_stmt 1 view .LVU1057
1991:Drivers/STM32F1xx_HAL_Driver/Src/stm32f1xx_hal_spi.c ****                                  hspi->RxXferCount))
ARM GAS  C:\Users\airforce\AppData\Local\Temp\cca1ZS9V.s 			page 138


 2826              		.loc 1 1991 17 is_stmt 0 view .LVU1058
 2827 0080 9BB2     		uxth	r3, r3
 2828 0082 0C31     		adds	r1, r1, #12
 2829 0084 FFF7FEFF 		bl	HAL_DMA_Start_IT
 2830              	.LVL130:
1991:Drivers/STM32F1xx_HAL_Driver/Src/stm32f1xx_hal_spi.c ****                                  hspi->RxXferCount))
 2831              		.loc 1 1991 6 discriminator 1 view .LVU1059
 2832 0088 0546     		mov	r5, r0
 2833              	.LVL131:
1991:Drivers/STM32F1xx_HAL_Driver/Src/stm32f1xx_hal_spi.c ****                                  hspi->RxXferCount))
 2834              		.loc 1 1991 6 discriminator 1 view .LVU1060
 2835 008a 38B1     		cbz	r0, .L302
1995:Drivers/STM32F1xx_HAL_Driver/Src/stm32f1xx_hal_spi.c ****     /* Process Unlocked */
 2836              		.loc 1 1995 5 is_stmt 1 view .LVU1061
 2837 008c 636D     		ldr	r3, [r4, #84]
1997:Drivers/STM32F1xx_HAL_Driver/Src/stm32f1xx_hal_spi.c ****     return HAL_ERROR;
 2838              		.loc 1 1997 5 is_stmt 0 view .LVU1062
 2839 008e 84F85060 		strb	r6, [r4, #80]
1995:Drivers/STM32F1xx_HAL_Driver/Src/stm32f1xx_hal_spi.c ****     /* Process Unlocked */
 2840              		.loc 1 1995 5 view .LVU1063
 2841 0092 43F01003 		orr	r3, r3, #16
 2842 0096 6365     		str	r3, [r4, #84]
1997:Drivers/STM32F1xx_HAL_Driver/Src/stm32f1xx_hal_spi.c ****     return HAL_ERROR;
 2843              		.loc 1 1997 5 is_stmt 1 view .LVU1064
1997:Drivers/STM32F1xx_HAL_Driver/Src/stm32f1xx_hal_spi.c ****     return HAL_ERROR;
 2844              		.loc 1 1997 5 view .LVU1065
1997:Drivers/STM32F1xx_HAL_Driver/Src/stm32f1xx_hal_spi.c ****     return HAL_ERROR;
 2845              		.loc 1 1997 5 view .LVU1066
1998:Drivers/STM32F1xx_HAL_Driver/Src/stm32f1xx_hal_spi.c ****   }
 2846              		.loc 1 1998 5 view .LVU1067
 2847              	.L299:
1937:Drivers/STM32F1xx_HAL_Driver/Src/stm32f1xx_hal_spi.c ****   }
 2848              		.loc 1 1937 12 is_stmt 0 view .LVU1068
 2849 0098 0120     		movs	r0, #1
 2850              	.LVL132:
 2851              	.L298:
1937:Drivers/STM32F1xx_HAL_Driver/Src/stm32f1xx_hal_spi.c ****   }
 2852              		.loc 1 1937 12 view .LVU1069
 2853              	.LBE13:
 2854              	.LBE12:
2039:Drivers/STM32F1xx_HAL_Driver/Src/stm32f1xx_hal_spi.c **** 
 2855              		.loc 1 2039 1 view .LVU1070
 2856 009a 70BD     		pop	{r4, r5, r6, pc}
 2857              	.LVL133:
 2858              	.L302:
 2859              	.LBB15:
 2860              	.LBB14:
2002:Drivers/STM32F1xx_HAL_Driver/Src/stm32f1xx_hal_spi.c **** 
 2861              		.loc 1 2002 3 is_stmt 1 view .LVU1071
 2862 009c 2268     		ldr	r2, [r4]
2006:Drivers/STM32F1xx_HAL_Driver/Src/stm32f1xx_hal_spi.c ****   hspi->hdmatx->XferCpltCallback     = NULL;
 2863              		.loc 1 2006 7 is_stmt 0 view .LVU1072
 2864 009e A06C     		ldr	r0, [r4, #72]
2002:Drivers/STM32F1xx_HAL_Driver/Src/stm32f1xx_hal_spi.c **** 
 2865              		.loc 1 2002 3 view .LVU1073
 2866 00a0 5368     		ldr	r3, [r2, #4]
2012:Drivers/STM32F1xx_HAL_Driver/Src/stm32f1xx_hal_spi.c ****                                  hspi->TxXferCount))
ARM GAS  C:\Users\airforce\AppData\Local\Temp\cca1ZS9V.s 			page 139


 2867              		.loc 1 2012 17 view .LVU1074
 2868 00a2 216B     		ldr	r1, [r4, #48]
2002:Drivers/STM32F1xx_HAL_Driver/Src/stm32f1xx_hal_spi.c **** 
 2869              		.loc 1 2002 3 view .LVU1075
 2870 00a4 43F00103 		orr	r3, r3, #1
 2871 00a8 5360     		str	r3, [r2, #4]
2006:Drivers/STM32F1xx_HAL_Driver/Src/stm32f1xx_hal_spi.c ****   hspi->hdmatx->XferCpltCallback     = NULL;
 2872              		.loc 1 2006 3 is_stmt 1 view .LVU1076
2013:Drivers/STM32F1xx_HAL_Driver/Src/stm32f1xx_hal_spi.c ****   {
 2873              		.loc 1 2013 38 is_stmt 0 view .LVU1077
 2874 00aa E38E     		ldrh	r3, [r4, #54]
2007:Drivers/STM32F1xx_HAL_Driver/Src/stm32f1xx_hal_spi.c ****   hspi->hdmatx->XferErrorCallback    = NULL;
 2875              		.loc 1 2007 38 view .LVU1078
 2876 00ac C0E90A55 		strd	r5, r5, [r0, #40]
2008:Drivers/STM32F1xx_HAL_Driver/Src/stm32f1xx_hal_spi.c ****   hspi->hdmatx->XferAbortCallback    = NULL;
 2877              		.loc 1 2008 3 is_stmt 1 view .LVU1079
2009:Drivers/STM32F1xx_HAL_Driver/Src/stm32f1xx_hal_spi.c **** 
 2878              		.loc 1 2009 38 is_stmt 0 view .LVU1080
 2879 00b0 C0E90C55 		strd	r5, r5, [r0, #48]
2012:Drivers/STM32F1xx_HAL_Driver/Src/stm32f1xx_hal_spi.c ****                                  hspi->TxXferCount))
 2880              		.loc 1 2012 3 is_stmt 1 view .LVU1081
2012:Drivers/STM32F1xx_HAL_Driver/Src/stm32f1xx_hal_spi.c ****                                  hspi->TxXferCount))
 2881              		.loc 1 2012 17 is_stmt 0 view .LVU1082
 2882 00b4 9BB2     		uxth	r3, r3
 2883 00b6 0C32     		adds	r2, r2, #12
 2884 00b8 FFF7FEFF 		bl	HAL_DMA_Start_IT
 2885              	.LVL134:
2012:Drivers/STM32F1xx_HAL_Driver/Src/stm32f1xx_hal_spi.c ****                                  hspi->TxXferCount))
 2886              		.loc 1 2012 6 discriminator 1 view .LVU1083
 2887 00bc 30B1     		cbz	r0, .L303
2016:Drivers/STM32F1xx_HAL_Driver/Src/stm32f1xx_hal_spi.c ****     /* Process Unlocked */
 2888              		.loc 1 2016 5 is_stmt 1 view .LVU1084
 2889 00be 636D     		ldr	r3, [r4, #84]
2018:Drivers/STM32F1xx_HAL_Driver/Src/stm32f1xx_hal_spi.c ****     return HAL_ERROR;
 2890              		.loc 1 2018 5 is_stmt 0 view .LVU1085
 2891 00c0 84F85050 		strb	r5, [r4, #80]
2016:Drivers/STM32F1xx_HAL_Driver/Src/stm32f1xx_hal_spi.c ****     /* Process Unlocked */
 2892              		.loc 1 2016 5 view .LVU1086
 2893 00c4 43F01003 		orr	r3, r3, #16
 2894 00c8 6365     		str	r3, [r4, #84]
2018:Drivers/STM32F1xx_HAL_Driver/Src/stm32f1xx_hal_spi.c ****     return HAL_ERROR;
 2895              		.loc 1 2018 5 is_stmt 1 view .LVU1087
2018:Drivers/STM32F1xx_HAL_Driver/Src/stm32f1xx_hal_spi.c ****     return HAL_ERROR;
 2896              		.loc 1 2018 5 view .LVU1088
2018:Drivers/STM32F1xx_HAL_Driver/Src/stm32f1xx_hal_spi.c ****     return HAL_ERROR;
 2897              		.loc 1 2018 5 view .LVU1089
2019:Drivers/STM32F1xx_HAL_Driver/Src/stm32f1xx_hal_spi.c ****   }
 2898              		.loc 1 2019 5 view .LVU1090
2019:Drivers/STM32F1xx_HAL_Driver/Src/stm32f1xx_hal_spi.c ****   }
 2899              		.loc 1 2019 12 is_stmt 0 view .LVU1091
 2900 00ca E5E7     		b	.L299
 2901              	.L303:
2023:Drivers/STM32F1xx_HAL_Driver/Src/stm32f1xx_hal_spi.c ****   {
 2902              		.loc 1 2023 3 is_stmt 1 view .LVU1092
2023:Drivers/STM32F1xx_HAL_Driver/Src/stm32f1xx_hal_spi.c ****   {
 2903              		.loc 1 2023 12 is_stmt 0 view .LVU1093
 2904 00cc 2368     		ldr	r3, [r4]
ARM GAS  C:\Users\airforce\AppData\Local\Temp\cca1ZS9V.s 			page 140


2023:Drivers/STM32F1xx_HAL_Driver/Src/stm32f1xx_hal_spi.c ****   {
 2905              		.loc 1 2023 22 view .LVU1094
 2906 00ce 1A68     		ldr	r2, [r3]
2023:Drivers/STM32F1xx_HAL_Driver/Src/stm32f1xx_hal_spi.c ****   {
 2907              		.loc 1 2023 6 view .LVU1095
 2908 00d0 5206     		lsls	r2, r2, #25
2026:Drivers/STM32F1xx_HAL_Driver/Src/stm32f1xx_hal_spi.c ****   }
 2909              		.loc 1 2026 5 is_stmt 1 view .LVU1096
 2910 00d2 5EBF     		ittt	pl
 2911 00d4 1A68     		ldrpl	r2, [r3]
 2912 00d6 42F04002 		orrpl	r2, r2, #64
 2913 00da 1A60     		strpl	r2, [r3]
2030:Drivers/STM32F1xx_HAL_Driver/Src/stm32f1xx_hal_spi.c **** 
 2914              		.loc 1 2030 3 view .LVU1097
2030:Drivers/STM32F1xx_HAL_Driver/Src/stm32f1xx_hal_spi.c **** 
 2915              		.loc 1 2030 3 view .LVU1098
 2916 00dc 0022     		movs	r2, #0
 2917 00de 84F85020 		strb	r2, [r4, #80]
2030:Drivers/STM32F1xx_HAL_Driver/Src/stm32f1xx_hal_spi.c **** 
 2918              		.loc 1 2030 3 view .LVU1099
2033:Drivers/STM32F1xx_HAL_Driver/Src/stm32f1xx_hal_spi.c **** 
 2919              		.loc 1 2033 3 view .LVU1100
 2920 00e2 5A68     		ldr	r2, [r3, #4]
 2921 00e4 42F02002 		orr	r2, r2, #32
 2922 00e8 5A60     		str	r2, [r3, #4]
2036:Drivers/STM32F1xx_HAL_Driver/Src/stm32f1xx_hal_spi.c **** 
 2923              		.loc 1 2036 3 view .LVU1101
 2924 00ea 5A68     		ldr	r2, [r3, #4]
 2925 00ec 42F00202 		orr	r2, r2, #2
 2926 00f0 5A60     		str	r2, [r3, #4]
2038:Drivers/STM32F1xx_HAL_Driver/Src/stm32f1xx_hal_spi.c **** }
 2927              		.loc 1 2038 3 view .LVU1102
2038:Drivers/STM32F1xx_HAL_Driver/Src/stm32f1xx_hal_spi.c **** }
 2928              		.loc 1 2038 10 is_stmt 0 view .LVU1103
 2929 00f2 D2E7     		b	.L298
 2930              	.LVL135:
 2931              	.L308:
2038:Drivers/STM32F1xx_HAL_Driver/Src/stm32f1xx_hal_spi.c **** }
 2932              		.loc 1 2038 10 view .LVU1104
 2933              	.LBE14:
 2934              	.LBE15:
1932:Drivers/STM32F1xx_HAL_Driver/Src/stm32f1xx_hal_spi.c ****   }
 2935              		.loc 1 1932 12 view .LVU1105
 2936 00f4 0220     		movs	r0, #2
 2937 00f6 D0E7     		b	.L298
 2938              	.L326:
 2939              		.align	2
 2940              	.L325:
 2941 00f8 00000000 		.word	SPI_DMAHalfTransmitReceiveCplt
 2942 00fc 00000000 		.word	SPI_DMATransmitReceiveCplt
 2943 0100 00000000 		.word	SPI_DMAHalfReceiveCplt
 2944 0104 00000000 		.word	SPI_DMAReceiveCplt
 2945 0108 00000000 		.word	SPI_DMAError
 2946              		.cfi_endproc
 2947              	.LFE77:
 2949              		.section	.text.HAL_SPI_Receive_DMA,"ax",%progbits
 2950              		.align	1
ARM GAS  C:\Users\airforce\AppData\Local\Temp\cca1ZS9V.s 			page 141


 2951              		.global	HAL_SPI_Receive_DMA
 2952              		.syntax unified
 2953              		.thumb
 2954              		.thumb_func
 2956              	HAL_SPI_Receive_DMA:
 2957              	.LVL136:
 2958              	.LFB76:
1802:Drivers/STM32F1xx_HAL_Driver/Src/stm32f1xx_hal_spi.c ****   /* Check rx dma handle */
 2959              		.loc 1 1802 1 is_stmt 1 view -0
 2960              		.cfi_startproc
 2961              		@ args = 0, pretend = 0, frame = 0
 2962              		@ frame_needed = 0, uses_anonymous_args = 0
1804:Drivers/STM32F1xx_HAL_Driver/Src/stm32f1xx_hal_spi.c **** 
 2963              		.loc 1 1804 3 view .LVU1107
1806:Drivers/STM32F1xx_HAL_Driver/Src/stm32f1xx_hal_spi.c ****   {
 2964              		.loc 1 1806 3 view .LVU1108
1802:Drivers/STM32F1xx_HAL_Driver/Src/stm32f1xx_hal_spi.c ****   /* Check rx dma handle */
 2965              		.loc 1 1802 1 is_stmt 0 view .LVU1109
 2966 0000 2DE9F041 		push	{r4, r5, r6, r7, r8, lr}
 2967              	.LCFI31:
 2968              		.cfi_def_cfa_offset 24
 2969              		.cfi_offset 4, -24
 2970              		.cfi_offset 5, -20
 2971              		.cfi_offset 6, -16
 2972              		.cfi_offset 7, -12
 2973              		.cfi_offset 8, -8
 2974              		.cfi_offset 14, -4
1802:Drivers/STM32F1xx_HAL_Driver/Src/stm32f1xx_hal_spi.c ****   /* Check rx dma handle */
 2975              		.loc 1 1802 1 view .LVU1110
 2976 0004 1346     		mov	r3, r2
1806:Drivers/STM32F1xx_HAL_Driver/Src/stm32f1xx_hal_spi.c ****   {
 2977              		.loc 1 1806 11 view .LVU1111
 2978 0006 90F85120 		ldrb	r2, [r0, #81]	@ zero_extendqisi2
 2979              	.LVL137:
1802:Drivers/STM32F1xx_HAL_Driver/Src/stm32f1xx_hal_spi.c ****   /* Check rx dma handle */
 2980              		.loc 1 1802 1 view .LVU1112
 2981 000a 0446     		mov	r4, r0
1806:Drivers/STM32F1xx_HAL_Driver/Src/stm32f1xx_hal_spi.c ****   {
 2982              		.loc 1 1806 6 view .LVU1113
 2983 000c 012A     		cmp	r2, #1
1802:Drivers/STM32F1xx_HAL_Driver/Src/stm32f1xx_hal_spi.c ****   /* Check rx dma handle */
 2984              		.loc 1 1802 1 view .LVU1114
 2985 000e 0E46     		mov	r6, r1
1806:Drivers/STM32F1xx_HAL_Driver/Src/stm32f1xx_hal_spi.c ****   {
 2986              		.loc 1 1806 11 view .LVU1115
 2987 0010 D5B2     		uxtb	r5, r2
1806:Drivers/STM32F1xx_HAL_Driver/Src/stm32f1xx_hal_spi.c ****   {
 2988              		.loc 1 1806 6 view .LVU1116
 2989 0012 5DD1     		bne	.L336
1811:Drivers/STM32F1xx_HAL_Driver/Src/stm32f1xx_hal_spi.c ****   {
 2990              		.loc 1 1811 3 is_stmt 1 view .LVU1117
1811:Drivers/STM32F1xx_HAL_Driver/Src/stm32f1xx_hal_spi.c ****   {
 2991              		.loc 1 1811 18 is_stmt 0 view .LVU1118
 2992 0014 8768     		ldr	r7, [r0, #8]
1811:Drivers/STM32F1xx_HAL_Driver/Src/stm32f1xx_hal_spi.c ****   {
 2993              		.loc 1 1811 6 view .LVU1119
 2994 0016 5FB9     		cbnz	r7, .L329
ARM GAS  C:\Users\airforce\AppData\Local\Temp\cca1ZS9V.s 			page 142


1811:Drivers/STM32F1xx_HAL_Driver/Src/stm32f1xx_hal_spi.c ****   {
 2995              		.loc 1 1811 54 discriminator 1 view .LVU1120
 2996 0018 4268     		ldr	r2, [r0, #4]
 2997 001a B2F5827F 		cmp	r2, #260
 2998 001e 07D1     		bne	.L329
1813:Drivers/STM32F1xx_HAL_Driver/Src/stm32f1xx_hal_spi.c **** 
 2999              		.loc 1 1813 5 is_stmt 1 view .LVU1121
1813:Drivers/STM32F1xx_HAL_Driver/Src/stm32f1xx_hal_spi.c **** 
 3000              		.loc 1 1813 17 is_stmt 0 view .LVU1122
 3001 0020 0422     		movs	r2, #4
 3002 0022 80F85120 		strb	r2, [r0, #81]
1816:Drivers/STM32F1xx_HAL_Driver/Src/stm32f1xx_hal_spi.c **** 
 3003              		.loc 1 1816 5 is_stmt 1 view .LVU1123
1819:Drivers/STM32F1xx_HAL_Driver/Src/stm32f1xx_hal_spi.c ****   }
 3004              		.loc 1 1819 5 view .LVU1124
1899:Drivers/STM32F1xx_HAL_Driver/Src/stm32f1xx_hal_spi.c **** 
 3005              		.loc 1 1899 1 is_stmt 0 view .LVU1125
 3006 0026 BDE8F041 		pop	{r4, r5, r6, r7, r8, lr}
 3007              	.LCFI32:
 3008              		.cfi_remember_state
 3009              		.cfi_restore 14
 3010              		.cfi_restore 8
 3011              		.cfi_restore 7
 3012              		.cfi_restore 6
 3013              		.cfi_restore 5
 3014              		.cfi_restore 4
 3015              		.cfi_def_cfa_offset 0
1819:Drivers/STM32F1xx_HAL_Driver/Src/stm32f1xx_hal_spi.c ****   }
 3016              		.loc 1 1819 12 view .LVU1126
 3017 002a 0A46     		mov	r2, r1
 3018 002c FFF7FEBF 		b	HAL_SPI_TransmitReceive_DMA
 3019              	.LVL138:
 3020              	.L329:
 3021              	.LCFI33:
 3022              		.cfi_restore_state
1822:Drivers/STM32F1xx_HAL_Driver/Src/stm32f1xx_hal_spi.c ****   {
 3023              		.loc 1 1822 3 is_stmt 1 view .LVU1127
1822:Drivers/STM32F1xx_HAL_Driver/Src/stm32f1xx_hal_spi.c ****   {
 3024              		.loc 1 1822 6 is_stmt 0 view .LVU1128
 3025 0030 002E     		cmp	r6, #0
 3026 0032 36D0     		beq	.L328
1822:Drivers/STM32F1xx_HAL_Driver/Src/stm32f1xx_hal_spi.c ****   {
 3027              		.loc 1 1822 23 discriminator 1 view .LVU1129
 3028 0034 002B     		cmp	r3, #0
 3029 0036 34D0     		beq	.L328
1828:Drivers/STM32F1xx_HAL_Driver/Src/stm32f1xx_hal_spi.c **** 
 3030              		.loc 1 1828 3 is_stmt 1 view .LVU1130
1828:Drivers/STM32F1xx_HAL_Driver/Src/stm32f1xx_hal_spi.c **** 
 3031              		.loc 1 1828 3 view .LVU1131
 3032 0038 94F85020 		ldrb	r2, [r4, #80]	@ zero_extendqisi2
 3033 003c 012A     		cmp	r2, #1
 3034 003e 47D0     		beq	.L336
1828:Drivers/STM32F1xx_HAL_Driver/Src/stm32f1xx_hal_spi.c **** 
 3035              		.loc 1 1828 3 discriminator 2 view .LVU1132
 3036 0040 0122     		movs	r2, #1
 3037 0042 84F85020 		strb	r2, [r4, #80]
1828:Drivers/STM32F1xx_HAL_Driver/Src/stm32f1xx_hal_spi.c **** 
ARM GAS  C:\Users\airforce\AppData\Local\Temp\cca1ZS9V.s 			page 143


 3038              		.loc 1 1828 3 view .LVU1133
1831:Drivers/STM32F1xx_HAL_Driver/Src/stm32f1xx_hal_spi.c ****   hspi->ErrorCode   = HAL_SPI_ERROR_NONE;
 3039              		.loc 1 1831 3 view .LVU1134
1831:Drivers/STM32F1xx_HAL_Driver/Src/stm32f1xx_hal_spi.c ****   hspi->ErrorCode   = HAL_SPI_ERROR_NONE;
 3040              		.loc 1 1831 21 is_stmt 0 view .LVU1135
 3041 0046 0422     		movs	r2, #4
 3042 0048 84F85120 		strb	r2, [r4, #81]
1832:Drivers/STM32F1xx_HAL_Driver/Src/stm32f1xx_hal_spi.c ****   hspi->pRxBuffPtr  = (uint8_t *)pData;
 3043              		.loc 1 1832 3 is_stmt 1 view .LVU1136
1832:Drivers/STM32F1xx_HAL_Driver/Src/stm32f1xx_hal_spi.c ****   hspi->pRxBuffPtr  = (uint8_t *)pData;
 3044              		.loc 1 1832 21 is_stmt 0 view .LVU1137
 3045 004c 0022     		movs	r2, #0
1844:Drivers/STM32F1xx_HAL_Driver/Src/stm32f1xx_hal_spi.c ****   {
 3046              		.loc 1 1844 6 view .LVU1138
 3047 004e B7F5004F 		cmp	r7, #32768
1832:Drivers/STM32F1xx_HAL_Driver/Src/stm32f1xx_hal_spi.c ****   hspi->pRxBuffPtr  = (uint8_t *)pData;
 3048              		.loc 1 1832 21 view .LVU1139
 3049 0052 6265     		str	r2, [r4, #84]
1833:Drivers/STM32F1xx_HAL_Driver/Src/stm32f1xx_hal_spi.c ****   hspi->RxXferSize  = Size;
 3050              		.loc 1 1833 3 is_stmt 1 view .LVU1140
1839:Drivers/STM32F1xx_HAL_Driver/Src/stm32f1xx_hal_spi.c ****   hspi->TxXferSize  = 0U;
 3051              		.loc 1 1839 21 is_stmt 0 view .LVU1141
 3052 0054 C4E91022 		strd	r2, r2, [r4, #64]
1835:Drivers/STM32F1xx_HAL_Driver/Src/stm32f1xx_hal_spi.c **** 
 3053              		.loc 1 1835 21 view .LVU1142
 3054 0058 E387     		strh	r3, [r4, #62]	@ movhi
1847:Drivers/STM32F1xx_HAL_Driver/Src/stm32f1xx_hal_spi.c ****     SPI_1LINE_RX(hspi);
 3055              		.loc 1 1847 5 view .LVU1143
 3056 005a 2168     		ldr	r1, [r4]
 3057              	.LVL139:
1833:Drivers/STM32F1xx_HAL_Driver/Src/stm32f1xx_hal_spi.c ****   hspi->RxXferSize  = Size;
 3058              		.loc 1 1833 21 view .LVU1144
 3059 005c A663     		str	r6, [r4, #56]
1834:Drivers/STM32F1xx_HAL_Driver/Src/stm32f1xx_hal_spi.c ****   hspi->RxXferCount = Size;
 3060              		.loc 1 1834 3 is_stmt 1 view .LVU1145
1834:Drivers/STM32F1xx_HAL_Driver/Src/stm32f1xx_hal_spi.c ****   hspi->RxXferCount = Size;
 3061              		.loc 1 1834 21 is_stmt 0 view .LVU1146
 3062 005e A387     		strh	r3, [r4, #60]	@ movhi
1835:Drivers/STM32F1xx_HAL_Driver/Src/stm32f1xx_hal_spi.c **** 
 3063              		.loc 1 1835 3 is_stmt 1 view .LVU1147
1838:Drivers/STM32F1xx_HAL_Driver/Src/stm32f1xx_hal_spi.c ****   hspi->TxISR       = NULL;
 3064              		.loc 1 1838 3 view .LVU1148
1840:Drivers/STM32F1xx_HAL_Driver/Src/stm32f1xx_hal_spi.c ****   hspi->TxXferCount = 0U;
 3065              		.loc 1 1840 3 view .LVU1149
1840:Drivers/STM32F1xx_HAL_Driver/Src/stm32f1xx_hal_spi.c ****   hspi->TxXferCount = 0U;
 3066              		.loc 1 1840 21 is_stmt 0 view .LVU1150
 3067 0060 A286     		strh	r2, [r4, #52]	@ movhi
1841:Drivers/STM32F1xx_HAL_Driver/Src/stm32f1xx_hal_spi.c **** 
 3068              		.loc 1 1841 3 is_stmt 1 view .LVU1151
1841:Drivers/STM32F1xx_HAL_Driver/Src/stm32f1xx_hal_spi.c **** 
 3069              		.loc 1 1841 21 is_stmt 0 view .LVU1152
 3070 0062 E286     		strh	r2, [r4, #54]	@ movhi
1844:Drivers/STM32F1xx_HAL_Driver/Src/stm32f1xx_hal_spi.c ****   {
 3071              		.loc 1 1844 3 is_stmt 1 view .LVU1153
1844:Drivers/STM32F1xx_HAL_Driver/Src/stm32f1xx_hal_spi.c ****   {
 3072              		.loc 1 1844 6 is_stmt 0 view .LVU1154
 3073 0064 07D1     		bne	.L332
ARM GAS  C:\Users\airforce\AppData\Local\Temp\cca1ZS9V.s 			page 144


1847:Drivers/STM32F1xx_HAL_Driver/Src/stm32f1xx_hal_spi.c ****     SPI_1LINE_RX(hspi);
 3074              		.loc 1 1847 5 is_stmt 1 view .LVU1155
 3075 0066 0B68     		ldr	r3, [r1]
 3076 0068 23F04003 		bic	r3, r3, #64
 3077 006c 0B60     		str	r3, [r1]
1848:Drivers/STM32F1xx_HAL_Driver/Src/stm32f1xx_hal_spi.c ****   }
 3078              		.loc 1 1848 5 view .LVU1156
 3079 006e 0B68     		ldr	r3, [r1]
 3080 0070 23F48043 		bic	r3, r3, #16384
 3081 0074 0B60     		str	r3, [r1]
 3082              	.L332:
1860:Drivers/STM32F1xx_HAL_Driver/Src/stm32f1xx_hal_spi.c **** 
 3083              		.loc 1 1860 3 view .LVU1157
1869:Drivers/STM32F1xx_HAL_Driver/Src/stm32f1xx_hal_spi.c **** 
 3084              		.loc 1 1869 35 is_stmt 0 view .LVU1158
 3085 0076 0027     		movs	r7, #0
1860:Drivers/STM32F1xx_HAL_Driver/Src/stm32f1xx_hal_spi.c **** 
 3086              		.loc 1 1860 7 view .LVU1159
 3087 0078 E06C     		ldr	r0, [r4, #76]
 3088              	.LVL140:
1860:Drivers/STM32F1xx_HAL_Driver/Src/stm32f1xx_hal_spi.c **** 
 3089              		.loc 1 1860 38 view .LVU1160
 3090 007a 164B     		ldr	r3, .L340
1872:Drivers/STM32F1xx_HAL_Driver/Src/stm32f1xx_hal_spi.c ****                                  hspi->RxXferCount))
 3091              		.loc 1 1872 17 view .LVU1161
 3092 007c 3246     		mov	r2, r6
1860:Drivers/STM32F1xx_HAL_Driver/Src/stm32f1xx_hal_spi.c **** 
 3093              		.loc 1 1860 38 view .LVU1162
 3094 007e C362     		str	r3, [r0, #44]
1863:Drivers/STM32F1xx_HAL_Driver/Src/stm32f1xx_hal_spi.c **** 
 3095              		.loc 1 1863 3 is_stmt 1 view .LVU1163
1863:Drivers/STM32F1xx_HAL_Driver/Src/stm32f1xx_hal_spi.c **** 
 3096              		.loc 1 1863 34 is_stmt 0 view .LVU1164
 3097 0080 154B     		ldr	r3, .L340+4
1869:Drivers/STM32F1xx_HAL_Driver/Src/stm32f1xx_hal_spi.c **** 
 3098              		.loc 1 1869 35 view .LVU1165
 3099 0082 4763     		str	r7, [r0, #52]
1863:Drivers/STM32F1xx_HAL_Driver/Src/stm32f1xx_hal_spi.c **** 
 3100              		.loc 1 1863 34 view .LVU1166
 3101 0084 8362     		str	r3, [r0, #40]
1866:Drivers/STM32F1xx_HAL_Driver/Src/stm32f1xx_hal_spi.c **** 
 3102              		.loc 1 1866 3 is_stmt 1 view .LVU1167
1866:Drivers/STM32F1xx_HAL_Driver/Src/stm32f1xx_hal_spi.c **** 
 3103              		.loc 1 1866 35 is_stmt 0 view .LVU1168
 3104 0086 154B     		ldr	r3, .L340+8
1872:Drivers/STM32F1xx_HAL_Driver/Src/stm32f1xx_hal_spi.c ****                                  hspi->RxXferCount))
 3105              		.loc 1 1872 17 view .LVU1169
 3106 0088 0C31     		adds	r1, r1, #12
1866:Drivers/STM32F1xx_HAL_Driver/Src/stm32f1xx_hal_spi.c **** 
 3107              		.loc 1 1866 35 view .LVU1170
 3108 008a 0363     		str	r3, [r0, #48]
1869:Drivers/STM32F1xx_HAL_Driver/Src/stm32f1xx_hal_spi.c **** 
 3109              		.loc 1 1869 3 is_stmt 1 view .LVU1171
1872:Drivers/STM32F1xx_HAL_Driver/Src/stm32f1xx_hal_spi.c ****                                  hspi->RxXferCount))
 3110              		.loc 1 1872 3 view .LVU1172
1873:Drivers/STM32F1xx_HAL_Driver/Src/stm32f1xx_hal_spi.c ****   {
 3111              		.loc 1 1873 38 is_stmt 0 view .LVU1173
ARM GAS  C:\Users\airforce\AppData\Local\Temp\cca1ZS9V.s 			page 145


 3112 008c E38F     		ldrh	r3, [r4, #62]
1872:Drivers/STM32F1xx_HAL_Driver/Src/stm32f1xx_hal_spi.c ****                                  hspi->RxXferCount))
 3113              		.loc 1 1872 17 view .LVU1174
 3114 008e 9BB2     		uxth	r3, r3
 3115 0090 FFF7FEFF 		bl	HAL_DMA_Start_IT
 3116              	.LVL141:
1872:Drivers/STM32F1xx_HAL_Driver/Src/stm32f1xx_hal_spi.c ****                                  hspi->RxXferCount))
 3117              		.loc 1 1872 6 discriminator 1 view .LVU1175
 3118 0094 40B1     		cbz	r0, .L333
1876:Drivers/STM32F1xx_HAL_Driver/Src/stm32f1xx_hal_spi.c ****     /* Process Unlocked */
 3119              		.loc 1 1876 5 is_stmt 1 view .LVU1176
 3120 0096 636D     		ldr	r3, [r4, #84]
1878:Drivers/STM32F1xx_HAL_Driver/Src/stm32f1xx_hal_spi.c ****     return HAL_ERROR;
 3121              		.loc 1 1878 5 is_stmt 0 view .LVU1177
 3122 0098 84F85070 		strb	r7, [r4, #80]
1876:Drivers/STM32F1xx_HAL_Driver/Src/stm32f1xx_hal_spi.c ****     /* Process Unlocked */
 3123              		.loc 1 1876 5 view .LVU1178
 3124 009c 43F01003 		orr	r3, r3, #16
 3125 00a0 6365     		str	r3, [r4, #84]
1878:Drivers/STM32F1xx_HAL_Driver/Src/stm32f1xx_hal_spi.c ****     return HAL_ERROR;
 3126              		.loc 1 1878 5 is_stmt 1 view .LVU1179
1878:Drivers/STM32F1xx_HAL_Driver/Src/stm32f1xx_hal_spi.c ****     return HAL_ERROR;
 3127              		.loc 1 1878 5 view .LVU1180
1878:Drivers/STM32F1xx_HAL_Driver/Src/stm32f1xx_hal_spi.c ****     return HAL_ERROR;
 3128              		.loc 1 1878 5 view .LVU1181
1879:Drivers/STM32F1xx_HAL_Driver/Src/stm32f1xx_hal_spi.c ****   }
 3129              		.loc 1 1879 5 view .LVU1182
 3130              	.L328:
1899:Drivers/STM32F1xx_HAL_Driver/Src/stm32f1xx_hal_spi.c **** 
 3131              		.loc 1 1899 1 is_stmt 0 view .LVU1183
 3132 00a2 2846     		mov	r0, r5
 3133 00a4 BDE8F081 		pop	{r4, r5, r6, r7, r8, pc}
 3134              	.LVL142:
 3135              	.L333:
1883:Drivers/STM32F1xx_HAL_Driver/Src/stm32f1xx_hal_spi.c ****   {
 3136              		.loc 1 1883 3 is_stmt 1 view .LVU1184
1890:Drivers/STM32F1xx_HAL_Driver/Src/stm32f1xx_hal_spi.c **** 
 3137              		.loc 1 1890 3 is_stmt 0 view .LVU1185
 3138 00a8 0025     		movs	r5, #0
1883:Drivers/STM32F1xx_HAL_Driver/Src/stm32f1xx_hal_spi.c ****   {
 3139              		.loc 1 1883 12 view .LVU1186
 3140 00aa 2368     		ldr	r3, [r4]
1883:Drivers/STM32F1xx_HAL_Driver/Src/stm32f1xx_hal_spi.c ****   {
 3141              		.loc 1 1883 22 view .LVU1187
 3142 00ac 1A68     		ldr	r2, [r3]
1883:Drivers/STM32F1xx_HAL_Driver/Src/stm32f1xx_hal_spi.c ****   {
 3143              		.loc 1 1883 6 view .LVU1188
 3144 00ae 5206     		lsls	r2, r2, #25
1886:Drivers/STM32F1xx_HAL_Driver/Src/stm32f1xx_hal_spi.c ****   }
 3145              		.loc 1 1886 5 is_stmt 1 view .LVU1189
 3146 00b0 5EBF     		ittt	pl
 3147 00b2 1A68     		ldrpl	r2, [r3]
 3148 00b4 42F04002 		orrpl	r2, r2, #64
 3149 00b8 1A60     		strpl	r2, [r3]
1890:Drivers/STM32F1xx_HAL_Driver/Src/stm32f1xx_hal_spi.c **** 
 3150              		.loc 1 1890 3 view .LVU1190
1890:Drivers/STM32F1xx_HAL_Driver/Src/stm32f1xx_hal_spi.c **** 
ARM GAS  C:\Users\airforce\AppData\Local\Temp\cca1ZS9V.s 			page 146


 3151              		.loc 1 1890 3 view .LVU1191
 3152 00ba 84F85050 		strb	r5, [r4, #80]
1890:Drivers/STM32F1xx_HAL_Driver/Src/stm32f1xx_hal_spi.c **** 
 3153              		.loc 1 1890 3 view .LVU1192
1893:Drivers/STM32F1xx_HAL_Driver/Src/stm32f1xx_hal_spi.c **** 
 3154              		.loc 1 1893 3 view .LVU1193
 3155 00be 5A68     		ldr	r2, [r3, #4]
 3156 00c0 42F02002 		orr	r2, r2, #32
 3157 00c4 5A60     		str	r2, [r3, #4]
1896:Drivers/STM32F1xx_HAL_Driver/Src/stm32f1xx_hal_spi.c **** 
 3158              		.loc 1 1896 3 view .LVU1194
 3159 00c6 5A68     		ldr	r2, [r3, #4]
 3160 00c8 42F00102 		orr	r2, r2, #1
 3161 00cc 5A60     		str	r2, [r3, #4]
1898:Drivers/STM32F1xx_HAL_Driver/Src/stm32f1xx_hal_spi.c **** }
 3162              		.loc 1 1898 3 view .LVU1195
1898:Drivers/STM32F1xx_HAL_Driver/Src/stm32f1xx_hal_spi.c **** }
 3163              		.loc 1 1898 10 is_stmt 0 view .LVU1196
 3164 00ce E8E7     		b	.L328
 3165              	.LVL143:
 3166              	.L336:
1808:Drivers/STM32F1xx_HAL_Driver/Src/stm32f1xx_hal_spi.c ****   }
 3167              		.loc 1 1808 12 view .LVU1197
 3168 00d0 0225     		movs	r5, #2
 3169 00d2 E6E7     		b	.L328
 3170              	.L341:
 3171              		.align	2
 3172              	.L340:
 3173 00d4 00000000 		.word	SPI_DMAHalfReceiveCplt
 3174 00d8 00000000 		.word	SPI_DMAReceiveCplt
 3175 00dc 00000000 		.word	SPI_DMAError
 3176              		.cfi_endproc
 3177              	.LFE76:
 3179              		.section	.text.HAL_SPI_Abort,"ax",%progbits
 3180              		.align	1
 3181              		.global	HAL_SPI_Abort
 3182              		.syntax unified
 3183              		.thumb
 3184              		.thumb_func
 3186              	HAL_SPI_Abort:
 3187              	.LVL144:
 3188              	.LFB78:
2055:Drivers/STM32F1xx_HAL_Driver/Src/stm32f1xx_hal_spi.c ****   HAL_StatusTypeDef errorcode;
 3189              		.loc 1 2055 1 is_stmt 1 view -0
 3190              		.cfi_startproc
 3191              		@ args = 0, pretend = 0, frame = 16
 3192              		@ frame_needed = 0, uses_anonymous_args = 0
2056:Drivers/STM32F1xx_HAL_Driver/Src/stm32f1xx_hal_spi.c ****   __IO uint32_t count;
 3193              		.loc 1 2056 3 view .LVU1199
2057:Drivers/STM32F1xx_HAL_Driver/Src/stm32f1xx_hal_spi.c ****   __IO uint32_t resetcount;
 3194              		.loc 1 2057 3 view .LVU1200
2058:Drivers/STM32F1xx_HAL_Driver/Src/stm32f1xx_hal_spi.c **** 
 3195              		.loc 1 2058 3 view .LVU1201
2061:Drivers/STM32F1xx_HAL_Driver/Src/stm32f1xx_hal_spi.c ****   resetcount = SPI_DEFAULT_TIMEOUT * (SystemCoreClock / 24U / 1000U);
 3196              		.loc 1 2061 3 view .LVU1202
2062:Drivers/STM32F1xx_HAL_Driver/Src/stm32f1xx_hal_spi.c ****   count = resetcount;
 3197              		.loc 1 2062 3 view .LVU1203
ARM GAS  C:\Users\airforce\AppData\Local\Temp\cca1ZS9V.s 			page 147


2055:Drivers/STM32F1xx_HAL_Driver/Src/stm32f1xx_hal_spi.c ****   HAL_StatusTypeDef errorcode;
 3198              		.loc 1 2055 1 is_stmt 0 view .LVU1204
 3199 0000 1FB5     		push	{r0, r1, r2, r3, r4, lr}
 3200              	.LCFI34:
 3201              		.cfi_def_cfa_offset 24
 3202              		.cfi_offset 4, -8
 3203              		.cfi_offset 14, -4
2062:Drivers/STM32F1xx_HAL_Driver/Src/stm32f1xx_hal_spi.c ****   count = resetcount;
 3204              		.loc 1 2062 61 view .LVU1205
 3205 0002 45F6C052 		movw	r2, #24000
 3206 0006 424B     		ldr	r3, .L388
2055:Drivers/STM32F1xx_HAL_Driver/Src/stm32f1xx_hal_spi.c ****   HAL_StatusTypeDef errorcode;
 3207              		.loc 1 2055 1 view .LVU1206
 3208 0008 0446     		mov	r4, r0
2062:Drivers/STM32F1xx_HAL_Driver/Src/stm32f1xx_hal_spi.c ****   count = resetcount;
 3209              		.loc 1 2062 61 view .LVU1207
 3210 000a 1B68     		ldr	r3, [r3]
 3211 000c B3FBF2F3 		udiv	r3, r3, r2
2062:Drivers/STM32F1xx_HAL_Driver/Src/stm32f1xx_hal_spi.c ****   count = resetcount;
 3212              		.loc 1 2062 36 view .LVU1208
 3213 0010 6422     		movs	r2, #100
 3214 0012 5343     		muls	r3, r2, r3
2062:Drivers/STM32F1xx_HAL_Driver/Src/stm32f1xx_hal_spi.c ****   count = resetcount;
 3215              		.loc 1 2062 14 view .LVU1209
 3216 0014 0293     		str	r3, [sp, #8]
2063:Drivers/STM32F1xx_HAL_Driver/Src/stm32f1xx_hal_spi.c **** 
 3217              		.loc 1 2063 3 is_stmt 1 view .LVU1210
2063:Drivers/STM32F1xx_HAL_Driver/Src/stm32f1xx_hal_spi.c **** 
 3218              		.loc 1 2063 9 is_stmt 0 view .LVU1211
 3219 0016 029B     		ldr	r3, [sp, #8]
 3220 0018 0193     		str	r3, [sp, #4]
2066:Drivers/STM32F1xx_HAL_Driver/Src/stm32f1xx_hal_spi.c **** 
 3221              		.loc 1 2066 3 is_stmt 1 view .LVU1212
 3222 001a 0368     		ldr	r3, [r0]
 3223 001c 5A68     		ldr	r2, [r3, #4]
 3224 001e 22F02002 		bic	r2, r2, #32
 3225 0022 5A60     		str	r2, [r3, #4]
2069:Drivers/STM32F1xx_HAL_Driver/Src/stm32f1xx_hal_spi.c ****   {
 3226              		.loc 1 2069 3 view .LVU1213
2069:Drivers/STM32F1xx_HAL_Driver/Src/stm32f1xx_hal_spi.c ****   {
 3227              		.loc 1 2069 7 is_stmt 0 view .LVU1214
 3228 0024 5A68     		ldr	r2, [r3, #4]
2069:Drivers/STM32F1xx_HAL_Driver/Src/stm32f1xx_hal_spi.c ****   {
 3229              		.loc 1 2069 6 view .LVU1215
 3230 0026 1106     		lsls	r1, r2, #24
 3231 0028 0AD5     		bpl	.L343
2071:Drivers/STM32F1xx_HAL_Driver/Src/stm32f1xx_hal_spi.c ****     /* Wait HAL_SPI_STATE_ABORT state */
 3232              		.loc 1 2071 5 is_stmt 1 view .LVU1216
2071:Drivers/STM32F1xx_HAL_Driver/Src/stm32f1xx_hal_spi.c ****     /* Wait HAL_SPI_STATE_ABORT state */
 3233              		.loc 1 2071 17 is_stmt 0 view .LVU1217
 3234 002a 3A4A     		ldr	r2, .L388+4
 3235 002c 4264     		str	r2, [r0, #68]
 3236              	.L346:
2073:Drivers/STM32F1xx_HAL_Driver/Src/stm32f1xx_hal_spi.c ****     {
 3237              		.loc 1 2073 5 is_stmt 1 view .LVU1218
2075:Drivers/STM32F1xx_HAL_Driver/Src/stm32f1xx_hal_spi.c ****       {
 3238              		.loc 1 2075 7 view .LVU1219
ARM GAS  C:\Users\airforce\AppData\Local\Temp\cca1ZS9V.s 			page 148


2075:Drivers/STM32F1xx_HAL_Driver/Src/stm32f1xx_hal_spi.c ****       {
 3239              		.loc 1 2075 17 is_stmt 0 view .LVU1220
 3240 002e 019A     		ldr	r2, [sp, #4]
2075:Drivers/STM32F1xx_HAL_Driver/Src/stm32f1xx_hal_spi.c ****       {
 3241              		.loc 1 2075 10 view .LVU1221
 3242 0030 002A     		cmp	r2, #0
 3243 0032 56D1     		bne	.L344
2077:Drivers/STM32F1xx_HAL_Driver/Src/stm32f1xx_hal_spi.c ****         break;
 3244              		.loc 1 2077 9 is_stmt 1 view .LVU1222
 3245 0034 626D     		ldr	r2, [r4, #84]
 3246 0036 42F04002 		orr	r2, r2, #64
 3247 003a 6265     		str	r2, [r4, #84]
2078:Drivers/STM32F1xx_HAL_Driver/Src/stm32f1xx_hal_spi.c ****       }
 3248              		.loc 1 2078 9 view .LVU1223
 3249              	.L345:
2083:Drivers/STM32F1xx_HAL_Driver/Src/stm32f1xx_hal_spi.c ****   }
 3250              		.loc 1 2083 5 view .LVU1224
2083:Drivers/STM32F1xx_HAL_Driver/Src/stm32f1xx_hal_spi.c ****   }
 3251              		.loc 1 2083 11 is_stmt 0 view .LVU1225
 3252 003c 029A     		ldr	r2, [sp, #8]
 3253 003e 0192     		str	r2, [sp, #4]
 3254              	.L343:
2086:Drivers/STM32F1xx_HAL_Driver/Src/stm32f1xx_hal_spi.c ****   {
 3255              		.loc 1 2086 3 is_stmt 1 view .LVU1226
2086:Drivers/STM32F1xx_HAL_Driver/Src/stm32f1xx_hal_spi.c ****   {
 3256              		.loc 1 2086 7 is_stmt 0 view .LVU1227
 3257 0040 5A68     		ldr	r2, [r3, #4]
2086:Drivers/STM32F1xx_HAL_Driver/Src/stm32f1xx_hal_spi.c ****   {
 3258              		.loc 1 2086 6 view .LVU1228
 3259 0042 5206     		lsls	r2, r2, #25
 3260 0044 0AD5     		bpl	.L347
2088:Drivers/STM32F1xx_HAL_Driver/Src/stm32f1xx_hal_spi.c ****     /* Wait HAL_SPI_STATE_ABORT state */
 3261              		.loc 1 2088 5 is_stmt 1 view .LVU1229
2088:Drivers/STM32F1xx_HAL_Driver/Src/stm32f1xx_hal_spi.c ****     /* Wait HAL_SPI_STATE_ABORT state */
 3262              		.loc 1 2088 17 is_stmt 0 view .LVU1230
 3263 0046 344A     		ldr	r2, .L388+8
 3264 0048 2264     		str	r2, [r4, #64]
 3265              	.L350:
2090:Drivers/STM32F1xx_HAL_Driver/Src/stm32f1xx_hal_spi.c ****     {
 3266              		.loc 1 2090 5 is_stmt 1 view .LVU1231
2092:Drivers/STM32F1xx_HAL_Driver/Src/stm32f1xx_hal_spi.c ****       {
 3267              		.loc 1 2092 7 view .LVU1232
2092:Drivers/STM32F1xx_HAL_Driver/Src/stm32f1xx_hal_spi.c ****       {
 3268              		.loc 1 2092 17 is_stmt 0 view .LVU1233
 3269 004a 019A     		ldr	r2, [sp, #4]
2092:Drivers/STM32F1xx_HAL_Driver/Src/stm32f1xx_hal_spi.c ****       {
 3270              		.loc 1 2092 10 view .LVU1234
 3271 004c 002A     		cmp	r2, #0
 3272 004e 50D1     		bne	.L348
2094:Drivers/STM32F1xx_HAL_Driver/Src/stm32f1xx_hal_spi.c ****         break;
 3273              		.loc 1 2094 9 is_stmt 1 view .LVU1235
 3274 0050 626D     		ldr	r2, [r4, #84]
 3275 0052 42F04002 		orr	r2, r2, #64
 3276 0056 6265     		str	r2, [r4, #84]
2095:Drivers/STM32F1xx_HAL_Driver/Src/stm32f1xx_hal_spi.c ****       }
 3277              		.loc 1 2095 9 view .LVU1236
 3278              	.L349:
ARM GAS  C:\Users\airforce\AppData\Local\Temp\cca1ZS9V.s 			page 149


2100:Drivers/STM32F1xx_HAL_Driver/Src/stm32f1xx_hal_spi.c ****   }
 3279              		.loc 1 2100 5 view .LVU1237
2100:Drivers/STM32F1xx_HAL_Driver/Src/stm32f1xx_hal_spi.c ****   }
 3280              		.loc 1 2100 11 is_stmt 0 view .LVU1238
 3281 0058 029A     		ldr	r2, [sp, #8]
 3282 005a 0192     		str	r2, [sp, #4]
 3283              	.L347:
2104:Drivers/STM32F1xx_HAL_Driver/Src/stm32f1xx_hal_spi.c ****   {
 3284              		.loc 1 2104 3 is_stmt 1 view .LVU1239
2104:Drivers/STM32F1xx_HAL_Driver/Src/stm32f1xx_hal_spi.c ****   {
 3285              		.loc 1 2104 7 is_stmt 0 view .LVU1240
 3286 005c 5A68     		ldr	r2, [r3, #4]
2104:Drivers/STM32F1xx_HAL_Driver/Src/stm32f1xx_hal_spi.c ****   {
 3287              		.loc 1 2104 6 view .LVU1241
 3288 005e 9007     		lsls	r0, r2, #30
 3289              	.LVL145:
2104:Drivers/STM32F1xx_HAL_Driver/Src/stm32f1xx_hal_spi.c ****   {
 3290              		.loc 1 2104 6 view .LVU1242
 3291 0060 14D5     		bpl	.L351
2107:Drivers/STM32F1xx_HAL_Driver/Src/stm32f1xx_hal_spi.c ****     {
 3292              		.loc 1 2107 5 is_stmt 1 view .LVU1243
2107:Drivers/STM32F1xx_HAL_Driver/Src/stm32f1xx_hal_spi.c ****     {
 3293              		.loc 1 2107 13 is_stmt 0 view .LVU1244
 3294 0062 A06C     		ldr	r0, [r4, #72]
2107:Drivers/STM32F1xx_HAL_Driver/Src/stm32f1xx_hal_spi.c ****     {
 3295              		.loc 1 2107 8 view .LVU1245
 3296 0064 90B1     		cbz	r0, .L351
2111:Drivers/STM32F1xx_HAL_Driver/Src/stm32f1xx_hal_spi.c **** 
 3297              		.loc 1 2111 7 is_stmt 1 view .LVU1246
2111:Drivers/STM32F1xx_HAL_Driver/Src/stm32f1xx_hal_spi.c **** 
 3298              		.loc 1 2111 39 is_stmt 0 view .LVU1247
 3299 0066 0023     		movs	r3, #0
 3300 0068 4363     		str	r3, [r0, #52]
2114:Drivers/STM32F1xx_HAL_Driver/Src/stm32f1xx_hal_spi.c ****       {
 3301              		.loc 1 2114 7 is_stmt 1 view .LVU1248
2114:Drivers/STM32F1xx_HAL_Driver/Src/stm32f1xx_hal_spi.c ****       {
 3302              		.loc 1 2114 11 is_stmt 0 view .LVU1249
 3303 006a FFF7FEFF 		bl	HAL_DMA_Abort
 3304              	.LVL146:
2114:Drivers/STM32F1xx_HAL_Driver/Src/stm32f1xx_hal_spi.c ****       {
 3305              		.loc 1 2114 10 discriminator 1 view .LVU1250
 3306 006e 08B1     		cbz	r0, .L352
2116:Drivers/STM32F1xx_HAL_Driver/Src/stm32f1xx_hal_spi.c ****       }
 3307              		.loc 1 2116 9 is_stmt 1 view .LVU1251
2116:Drivers/STM32F1xx_HAL_Driver/Src/stm32f1xx_hal_spi.c ****       }
 3308              		.loc 1 2116 25 is_stmt 0 view .LVU1252
 3309 0070 4023     		movs	r3, #64
 3310 0072 6365     		str	r3, [r4, #84]
 3311              	.L352:
2120:Drivers/STM32F1xx_HAL_Driver/Src/stm32f1xx_hal_spi.c **** 
 3312              		.loc 1 2120 7 is_stmt 1 view .LVU1253
 3313 0074 2368     		ldr	r3, [r4]
 3314 0076 5A68     		ldr	r2, [r3, #4]
 3315 0078 22F00202 		bic	r2, r2, #2
 3316 007c 5A60     		str	r2, [r3, #4]
 3317              	.L354:
2123:Drivers/STM32F1xx_HAL_Driver/Src/stm32f1xx_hal_spi.c ****       {
ARM GAS  C:\Users\airforce\AppData\Local\Temp\cca1ZS9V.s 			page 150


 3318              		.loc 1 2123 7 view .LVU1254
2125:Drivers/STM32F1xx_HAL_Driver/Src/stm32f1xx_hal_spi.c ****         {
 3319              		.loc 1 2125 9 view .LVU1255
2125:Drivers/STM32F1xx_HAL_Driver/Src/stm32f1xx_hal_spi.c ****         {
 3320              		.loc 1 2125 19 is_stmt 0 view .LVU1256
 3321 007e 019A     		ldr	r2, [sp, #4]
2125:Drivers/STM32F1xx_HAL_Driver/Src/stm32f1xx_hal_spi.c ****         {
 3322              		.loc 1 2125 12 view .LVU1257
 3323 0080 002A     		cmp	r2, #0
 3324 0082 3ED1     		bne	.L353
2127:Drivers/STM32F1xx_HAL_Driver/Src/stm32f1xx_hal_spi.c ****           break;
 3325              		.loc 1 2127 11 is_stmt 1 view .LVU1258
 3326 0084 626D     		ldr	r2, [r4, #84]
 3327 0086 42F04002 		orr	r2, r2, #64
 3328 008a 6265     		str	r2, [r4, #84]
2128:Drivers/STM32F1xx_HAL_Driver/Src/stm32f1xx_hal_spi.c ****         }
 3329              		.loc 1 2128 11 view .LVU1259
 3330              	.L351:
2136:Drivers/STM32F1xx_HAL_Driver/Src/stm32f1xx_hal_spi.c ****   {
 3331              		.loc 1 2136 3 view .LVU1260
2136:Drivers/STM32F1xx_HAL_Driver/Src/stm32f1xx_hal_spi.c ****   {
 3332              		.loc 1 2136 7 is_stmt 0 view .LVU1261
 3333 008c 5A68     		ldr	r2, [r3, #4]
2136:Drivers/STM32F1xx_HAL_Driver/Src/stm32f1xx_hal_spi.c ****   {
 3334              		.loc 1 2136 6 view .LVU1262
 3335 008e D207     		lsls	r2, r2, #31
 3336 0090 11D5     		bpl	.L356
2139:Drivers/STM32F1xx_HAL_Driver/Src/stm32f1xx_hal_spi.c ****     {
 3337              		.loc 1 2139 5 is_stmt 1 view .LVU1263
2139:Drivers/STM32F1xx_HAL_Driver/Src/stm32f1xx_hal_spi.c ****     {
 3338              		.loc 1 2139 13 is_stmt 0 view .LVU1264
 3339 0092 E06C     		ldr	r0, [r4, #76]
2139:Drivers/STM32F1xx_HAL_Driver/Src/stm32f1xx_hal_spi.c ****     {
 3340              		.loc 1 2139 8 view .LVU1265
 3341 0094 78B1     		cbz	r0, .L356
2143:Drivers/STM32F1xx_HAL_Driver/Src/stm32f1xx_hal_spi.c **** 
 3342              		.loc 1 2143 7 is_stmt 1 view .LVU1266
2143:Drivers/STM32F1xx_HAL_Driver/Src/stm32f1xx_hal_spi.c **** 
 3343              		.loc 1 2143 39 is_stmt 0 view .LVU1267
 3344 0096 0023     		movs	r3, #0
 3345 0098 4363     		str	r3, [r0, #52]
2146:Drivers/STM32F1xx_HAL_Driver/Src/stm32f1xx_hal_spi.c ****       {
 3346              		.loc 1 2146 7 is_stmt 1 view .LVU1268
2146:Drivers/STM32F1xx_HAL_Driver/Src/stm32f1xx_hal_spi.c ****       {
 3347              		.loc 1 2146 11 is_stmt 0 view .LVU1269
 3348 009a FFF7FEFF 		bl	HAL_DMA_Abort
 3349              	.LVL147:
2146:Drivers/STM32F1xx_HAL_Driver/Src/stm32f1xx_hal_spi.c ****       {
 3350              		.loc 1 2146 10 discriminator 1 view .LVU1270
 3351 009e 08B1     		cbz	r0, .L357
2148:Drivers/STM32F1xx_HAL_Driver/Src/stm32f1xx_hal_spi.c ****       }
 3352              		.loc 1 2148 9 is_stmt 1 view .LVU1271
2148:Drivers/STM32F1xx_HAL_Driver/Src/stm32f1xx_hal_spi.c ****       }
 3353              		.loc 1 2148 25 is_stmt 0 view .LVU1272
 3354 00a0 4023     		movs	r3, #64
 3355 00a2 6365     		str	r3, [r4, #84]
 3356              	.L357:
ARM GAS  C:\Users\airforce\AppData\Local\Temp\cca1ZS9V.s 			page 151


2152:Drivers/STM32F1xx_HAL_Driver/Src/stm32f1xx_hal_spi.c **** 
 3357              		.loc 1 2152 7 is_stmt 1 view .LVU1273
 3358 00a4 2368     		ldr	r3, [r4]
 3359 00a6 1A68     		ldr	r2, [r3]
 3360 00a8 22F04002 		bic	r2, r2, #64
 3361 00ac 1A60     		str	r2, [r3]
2155:Drivers/STM32F1xx_HAL_Driver/Src/stm32f1xx_hal_spi.c ****     }
 3362              		.loc 1 2155 7 view .LVU1274
 3363 00ae 5A68     		ldr	r2, [r3, #4]
 3364 00b0 22F00102 		bic	r2, r2, #1
 3365 00b4 5A60     		str	r2, [r3, #4]
 3366              	.L356:
2159:Drivers/STM32F1xx_HAL_Driver/Src/stm32f1xx_hal_spi.c ****   hspi->TxXferCount = 0U;
 3367              		.loc 1 2159 3 view .LVU1275
2159:Drivers/STM32F1xx_HAL_Driver/Src/stm32f1xx_hal_spi.c ****   hspi->TxXferCount = 0U;
 3368              		.loc 1 2159 21 is_stmt 0 view .LVU1276
 3369 00b6 0022     		movs	r2, #0
 3370 00b8 E287     		strh	r2, [r4, #62]	@ movhi
2160:Drivers/STM32F1xx_HAL_Driver/Src/stm32f1xx_hal_spi.c **** 
 3371              		.loc 1 2160 3 is_stmt 1 view .LVU1277
2160:Drivers/STM32F1xx_HAL_Driver/Src/stm32f1xx_hal_spi.c **** 
 3372              		.loc 1 2160 21 is_stmt 0 view .LVU1278
 3373 00ba E286     		strh	r2, [r4, #54]	@ movhi
2163:Drivers/STM32F1xx_HAL_Driver/Src/stm32f1xx_hal_spi.c ****   {
 3374              		.loc 1 2163 3 is_stmt 1 view .LVU1279
2163:Drivers/STM32F1xx_HAL_Driver/Src/stm32f1xx_hal_spi.c ****   {
 3375              		.loc 1 2163 11 is_stmt 0 view .LVU1280
 3376 00bc 616D     		ldr	r1, [r4, #84]
2163:Drivers/STM32F1xx_HAL_Driver/Src/stm32f1xx_hal_spi.c ****   {
 3377              		.loc 1 2163 6 view .LVU1281
 3378 00be 4029     		cmp	r1, #64
2171:Drivers/STM32F1xx_HAL_Driver/Src/stm32f1xx_hal_spi.c ****   }
 3379              		.loc 1 2171 5 is_stmt 1 view .LVU1282
2171:Drivers/STM32F1xx_HAL_Driver/Src/stm32f1xx_hal_spi.c ****   }
 3380              		.loc 1 2171 21 is_stmt 0 view .LVU1283
 3381 00c0 18BF     		it	ne
 3382 00c2 6265     		strne	r2, [r4, #84]
 3383              	.LBB16:
2175:Drivers/STM32F1xx_HAL_Driver/Src/stm32f1xx_hal_spi.c **** 
 3384              		.loc 1 2175 3 view .LVU1284
 3385 00c4 0392     		str	r2, [sp, #12]
 3386              	.LBE16:
2061:Drivers/STM32F1xx_HAL_Driver/Src/stm32f1xx_hal_spi.c ****   resetcount = SPI_DEFAULT_TIMEOUT * (SystemCoreClock / 24U / 1000U);
 3387              		.loc 1 2061 13 view .LVU1285
 3388 00c6 18BF     		it	ne
 3389 00c8 1046     		movne	r0, r2
 3390              	.LBB17:
2175:Drivers/STM32F1xx_HAL_Driver/Src/stm32f1xx_hal_spi.c **** 
 3391              		.loc 1 2175 3 view .LVU1286
 3392 00ca DA68     		ldr	r2, [r3, #12]
 3393              	.LBE17:
2166:Drivers/STM32F1xx_HAL_Driver/Src/stm32f1xx_hal_spi.c ****   }
 3394              		.loc 1 2166 15 view .LVU1287
 3395 00cc 08BF     		it	eq
 3396 00ce 0120     		moveq	r0, #1
 3397              	.LVL148:
2175:Drivers/STM32F1xx_HAL_Driver/Src/stm32f1xx_hal_spi.c **** 
ARM GAS  C:\Users\airforce\AppData\Local\Temp\cca1ZS9V.s 			page 152


 3398              		.loc 1 2175 3 is_stmt 1 view .LVU1288
 3399              	.LBB18:
2175:Drivers/STM32F1xx_HAL_Driver/Src/stm32f1xx_hal_spi.c **** 
 3400              		.loc 1 2175 3 view .LVU1289
2175:Drivers/STM32F1xx_HAL_Driver/Src/stm32f1xx_hal_spi.c **** 
 3401              		.loc 1 2175 3 view .LVU1290
 3402 00d0 0392     		str	r2, [sp, #12]
2175:Drivers/STM32F1xx_HAL_Driver/Src/stm32f1xx_hal_spi.c **** 
 3403              		.loc 1 2175 3 view .LVU1291
 3404 00d2 9B68     		ldr	r3, [r3, #8]
 3405 00d4 0393     		str	r3, [sp, #12]
2175:Drivers/STM32F1xx_HAL_Driver/Src/stm32f1xx_hal_spi.c **** 
 3406              		.loc 1 2175 3 view .LVU1292
 3407 00d6 039B     		ldr	r3, [sp, #12]
 3408              	.LBE18:
2175:Drivers/STM32F1xx_HAL_Driver/Src/stm32f1xx_hal_spi.c **** 
 3409              		.loc 1 2175 3 view .LVU1293
2178:Drivers/STM32F1xx_HAL_Driver/Src/stm32f1xx_hal_spi.c **** 
 3410              		.loc 1 2178 3 view .LVU1294
2178:Drivers/STM32F1xx_HAL_Driver/Src/stm32f1xx_hal_spi.c **** 
 3411              		.loc 1 2178 15 is_stmt 0 view .LVU1295
 3412 00d8 0123     		movs	r3, #1
 3413 00da 84F85130 		strb	r3, [r4, #81]
2180:Drivers/STM32F1xx_HAL_Driver/Src/stm32f1xx_hal_spi.c **** }
 3414              		.loc 1 2180 3 is_stmt 1 view .LVU1296
2181:Drivers/STM32F1xx_HAL_Driver/Src/stm32f1xx_hal_spi.c **** 
 3415              		.loc 1 2181 1 is_stmt 0 view .LVU1297
 3416 00de 04B0     		add	sp, sp, #16
 3417              	.LCFI35:
 3418              		.cfi_remember_state
 3419              		.cfi_def_cfa_offset 8
 3420              		@ sp needed
 3421 00e0 10BD     		pop	{r4, pc}
 3422              	.LVL149:
 3423              	.L344:
 3424              	.LCFI36:
 3425              		.cfi_restore_state
2080:Drivers/STM32F1xx_HAL_Driver/Src/stm32f1xx_hal_spi.c ****     } while (hspi->State != HAL_SPI_STATE_ABORT);
 3426              		.loc 1 2080 7 is_stmt 1 view .LVU1298
2080:Drivers/STM32F1xx_HAL_Driver/Src/stm32f1xx_hal_spi.c ****     } while (hspi->State != HAL_SPI_STATE_ABORT);
 3427              		.loc 1 2080 12 is_stmt 0 view .LVU1299
 3428 00e2 019A     		ldr	r2, [sp, #4]
 3429 00e4 013A     		subs	r2, r2, #1
 3430 00e6 0192     		str	r2, [sp, #4]
2081:Drivers/STM32F1xx_HAL_Driver/Src/stm32f1xx_hal_spi.c ****     /* Reset Timeout Counter */
 3431              		.loc 1 2081 26 is_stmt 1 view .LVU1300
2081:Drivers/STM32F1xx_HAL_Driver/Src/stm32f1xx_hal_spi.c ****     /* Reset Timeout Counter */
 3432              		.loc 1 2081 18 is_stmt 0 view .LVU1301
 3433 00e8 94F85120 		ldrb	r2, [r4, #81]	@ zero_extendqisi2
2081:Drivers/STM32F1xx_HAL_Driver/Src/stm32f1xx_hal_spi.c ****     /* Reset Timeout Counter */
 3434              		.loc 1 2081 26 view .LVU1302
 3435 00ec 072A     		cmp	r2, #7
 3436 00ee 9ED1     		bne	.L346
 3437 00f0 A4E7     		b	.L345
 3438              	.L348:
2097:Drivers/STM32F1xx_HAL_Driver/Src/stm32f1xx_hal_spi.c ****     } while (hspi->State != HAL_SPI_STATE_ABORT);
 3439              		.loc 1 2097 7 is_stmt 1 view .LVU1303
ARM GAS  C:\Users\airforce\AppData\Local\Temp\cca1ZS9V.s 			page 153


2097:Drivers/STM32F1xx_HAL_Driver/Src/stm32f1xx_hal_spi.c ****     } while (hspi->State != HAL_SPI_STATE_ABORT);
 3440              		.loc 1 2097 12 is_stmt 0 view .LVU1304
 3441 00f2 019A     		ldr	r2, [sp, #4]
 3442 00f4 013A     		subs	r2, r2, #1
 3443 00f6 0192     		str	r2, [sp, #4]
2098:Drivers/STM32F1xx_HAL_Driver/Src/stm32f1xx_hal_spi.c ****     /* Reset Timeout Counter */
 3444              		.loc 1 2098 26 is_stmt 1 view .LVU1305
2098:Drivers/STM32F1xx_HAL_Driver/Src/stm32f1xx_hal_spi.c ****     /* Reset Timeout Counter */
 3445              		.loc 1 2098 18 is_stmt 0 view .LVU1306
 3446 00f8 94F85120 		ldrb	r2, [r4, #81]	@ zero_extendqisi2
2098:Drivers/STM32F1xx_HAL_Driver/Src/stm32f1xx_hal_spi.c ****     /* Reset Timeout Counter */
 3447              		.loc 1 2098 26 view .LVU1307
 3448 00fc 072A     		cmp	r2, #7
 3449 00fe A4D1     		bne	.L350
 3450 0100 AAE7     		b	.L349
 3451              	.LVL150:
 3452              	.L353:
2130:Drivers/STM32F1xx_HAL_Driver/Src/stm32f1xx_hal_spi.c ****       } while ((hspi->Instance->SR & SPI_FLAG_TXE) == RESET);
 3453              		.loc 1 2130 9 is_stmt 1 view .LVU1308
2130:Drivers/STM32F1xx_HAL_Driver/Src/stm32f1xx_hal_spi.c ****       } while ((hspi->Instance->SR & SPI_FLAG_TXE) == RESET);
 3454              		.loc 1 2130 14 is_stmt 0 view .LVU1309
 3455 0102 019A     		ldr	r2, [sp, #4]
 3456 0104 013A     		subs	r2, r2, #1
 3457 0106 0192     		str	r2, [sp, #4]
2131:Drivers/STM32F1xx_HAL_Driver/Src/stm32f1xx_hal_spi.c ****     }
 3458              		.loc 1 2131 52 is_stmt 1 view .LVU1310
2131:Drivers/STM32F1xx_HAL_Driver/Src/stm32f1xx_hal_spi.c ****     }
 3459              		.loc 1 2131 31 is_stmt 0 view .LVU1311
 3460 0108 9A68     		ldr	r2, [r3, #8]
2131:Drivers/STM32F1xx_HAL_Driver/Src/stm32f1xx_hal_spi.c ****     }
 3461              		.loc 1 2131 52 view .LVU1312
 3462 010a 9107     		lsls	r1, r2, #30
 3463 010c B7D5     		bpl	.L354
 3464 010e BDE7     		b	.L351
 3465              	.L389:
 3466              		.align	2
 3467              	.L388:
 3468 0110 00000000 		.word	SystemCoreClock
 3469 0114 00000000 		.word	SPI_AbortTx_ISR
 3470 0118 00000000 		.word	SPI_AbortRx_ISR
 3471              		.cfi_endproc
 3472              	.LFE78:
 3474              		.section	.text.HAL_SPI_DMAPause,"ax",%progbits
 3475              		.align	1
 3476              		.global	HAL_SPI_DMAPause
 3477              		.syntax unified
 3478              		.thumb
 3479              		.thumb_func
 3481              	HAL_SPI_DMAPause:
 3482              	.LVL151:
 3483              	.LFB80:
2359:Drivers/STM32F1xx_HAL_Driver/Src/stm32f1xx_hal_spi.c ****   /* Process Locked */
 3484              		.loc 1 2359 1 is_stmt 1 view -0
 3485              		.cfi_startproc
 3486              		@ args = 0, pretend = 0, frame = 0
 3487              		@ frame_needed = 0, uses_anonymous_args = 0
 3488              		@ link register save eliminated.
ARM GAS  C:\Users\airforce\AppData\Local\Temp\cca1ZS9V.s 			page 154


2361:Drivers/STM32F1xx_HAL_Driver/Src/stm32f1xx_hal_spi.c **** 
 3489              		.loc 1 2361 3 view .LVU1314
2361:Drivers/STM32F1xx_HAL_Driver/Src/stm32f1xx_hal_spi.c **** 
 3490              		.loc 1 2361 3 view .LVU1315
 3491 0000 90F85020 		ldrb	r2, [r0, #80]	@ zero_extendqisi2
2359:Drivers/STM32F1xx_HAL_Driver/Src/stm32f1xx_hal_spi.c ****   /* Process Locked */
 3492              		.loc 1 2359 1 is_stmt 0 view .LVU1316
 3493 0004 0346     		mov	r3, r0
2361:Drivers/STM32F1xx_HAL_Driver/Src/stm32f1xx_hal_spi.c **** 
 3494              		.loc 1 2361 3 view .LVU1317
 3495 0006 012A     		cmp	r2, #1
2361:Drivers/STM32F1xx_HAL_Driver/Src/stm32f1xx_hal_spi.c **** 
 3496              		.loc 1 2361 3 is_stmt 1 discriminator 2 view .LVU1318
2361:Drivers/STM32F1xx_HAL_Driver/Src/stm32f1xx_hal_spi.c **** 
 3497              		.loc 1 2361 3 view .LVU1319
2364:Drivers/STM32F1xx_HAL_Driver/Src/stm32f1xx_hal_spi.c **** 
 3498              		.loc 1 2364 3 view .LVU1320
 3499 0008 1DBF     		ittte	ne
 3500 000a 0168     		ldrne	r1, [r0]
2367:Drivers/STM32F1xx_HAL_Driver/Src/stm32f1xx_hal_spi.c **** 
 3501              		.loc 1 2367 3 is_stmt 0 view .LVU1321
 3502 000c 0020     		movne	r0, #0
 3503              	.LVL152:
2364:Drivers/STM32F1xx_HAL_Driver/Src/stm32f1xx_hal_spi.c **** 
 3504              		.loc 1 2364 3 view .LVU1322
 3505 000e 4A68     		ldrne	r2, [r1, #4]
2361:Drivers/STM32F1xx_HAL_Driver/Src/stm32f1xx_hal_spi.c **** 
 3506              		.loc 1 2361 3 discriminator 1 view .LVU1323
 3507 0010 0220     		moveq	r0, #2
2364:Drivers/STM32F1xx_HAL_Driver/Src/stm32f1xx_hal_spi.c **** 
 3508              		.loc 1 2364 3 view .LVU1324
 3509 0012 1EBF     		ittt	ne
 3510 0014 22F00302 		bicne	r2, r2, #3
 3511 0018 4A60     		strne	r2, [r1, #4]
2367:Drivers/STM32F1xx_HAL_Driver/Src/stm32f1xx_hal_spi.c **** 
 3512              		.loc 1 2367 3 is_stmt 1 view .LVU1325
2367:Drivers/STM32F1xx_HAL_Driver/Src/stm32f1xx_hal_spi.c **** 
 3513              		.loc 1 2367 3 view .LVU1326
 3514 001a 83F85000 		strbne	r0, [r3, #80]
2367:Drivers/STM32F1xx_HAL_Driver/Src/stm32f1xx_hal_spi.c **** 
 3515              		.loc 1 2367 3 view .LVU1327
2369:Drivers/STM32F1xx_HAL_Driver/Src/stm32f1xx_hal_spi.c **** }
 3516              		.loc 1 2369 3 view .LVU1328
2370:Drivers/STM32F1xx_HAL_Driver/Src/stm32f1xx_hal_spi.c **** 
 3517              		.loc 1 2370 1 is_stmt 0 view .LVU1329
 3518 001e 7047     		bx	lr
 3519              		.cfi_endproc
 3520              	.LFE80:
 3522              		.section	.text.HAL_SPI_DMAResume,"ax",%progbits
 3523              		.align	1
 3524              		.global	HAL_SPI_DMAResume
 3525              		.syntax unified
 3526              		.thumb
 3527              		.thumb_func
 3529              	HAL_SPI_DMAResume:
 3530              	.LVL153:
 3531              	.LFB81:
ARM GAS  C:\Users\airforce\AppData\Local\Temp\cca1ZS9V.s 			page 155


2379:Drivers/STM32F1xx_HAL_Driver/Src/stm32f1xx_hal_spi.c ****   /* Process Locked */
 3532              		.loc 1 2379 1 is_stmt 1 view -0
 3533              		.cfi_startproc
 3534              		@ args = 0, pretend = 0, frame = 0
 3535              		@ frame_needed = 0, uses_anonymous_args = 0
 3536              		@ link register save eliminated.
2381:Drivers/STM32F1xx_HAL_Driver/Src/stm32f1xx_hal_spi.c **** 
 3537              		.loc 1 2381 3 view .LVU1331
2381:Drivers/STM32F1xx_HAL_Driver/Src/stm32f1xx_hal_spi.c **** 
 3538              		.loc 1 2381 3 view .LVU1332
 3539 0000 90F85020 		ldrb	r2, [r0, #80]	@ zero_extendqisi2
2379:Drivers/STM32F1xx_HAL_Driver/Src/stm32f1xx_hal_spi.c ****   /* Process Locked */
 3540              		.loc 1 2379 1 is_stmt 0 view .LVU1333
 3541 0004 0346     		mov	r3, r0
2381:Drivers/STM32F1xx_HAL_Driver/Src/stm32f1xx_hal_spi.c **** 
 3542              		.loc 1 2381 3 view .LVU1334
 3543 0006 012A     		cmp	r2, #1
2381:Drivers/STM32F1xx_HAL_Driver/Src/stm32f1xx_hal_spi.c **** 
 3544              		.loc 1 2381 3 is_stmt 1 discriminator 2 view .LVU1335
2381:Drivers/STM32F1xx_HAL_Driver/Src/stm32f1xx_hal_spi.c **** 
 3545              		.loc 1 2381 3 view .LVU1336
2384:Drivers/STM32F1xx_HAL_Driver/Src/stm32f1xx_hal_spi.c **** 
 3546              		.loc 1 2384 3 view .LVU1337
 3547 0008 1DBF     		ittte	ne
 3548 000a 0168     		ldrne	r1, [r0]
2387:Drivers/STM32F1xx_HAL_Driver/Src/stm32f1xx_hal_spi.c **** 
 3549              		.loc 1 2387 3 is_stmt 0 view .LVU1338
 3550 000c 0020     		movne	r0, #0
 3551              	.LVL154:
2384:Drivers/STM32F1xx_HAL_Driver/Src/stm32f1xx_hal_spi.c **** 
 3552              		.loc 1 2384 3 view .LVU1339
 3553 000e 4A68     		ldrne	r2, [r1, #4]
2381:Drivers/STM32F1xx_HAL_Driver/Src/stm32f1xx_hal_spi.c **** 
 3554              		.loc 1 2381 3 discriminator 1 view .LVU1340
 3555 0010 0220     		moveq	r0, #2
2384:Drivers/STM32F1xx_HAL_Driver/Src/stm32f1xx_hal_spi.c **** 
 3556              		.loc 1 2384 3 view .LVU1341
 3557 0012 1EBF     		ittt	ne
 3558 0014 42F00302 		orrne	r2, r2, #3
 3559 0018 4A60     		strne	r2, [r1, #4]
2387:Drivers/STM32F1xx_HAL_Driver/Src/stm32f1xx_hal_spi.c **** 
 3560              		.loc 1 2387 3 is_stmt 1 view .LVU1342
2387:Drivers/STM32F1xx_HAL_Driver/Src/stm32f1xx_hal_spi.c **** 
 3561              		.loc 1 2387 3 view .LVU1343
 3562 001a 83F85000 		strbne	r0, [r3, #80]
2387:Drivers/STM32F1xx_HAL_Driver/Src/stm32f1xx_hal_spi.c **** 
 3563              		.loc 1 2387 3 view .LVU1344
2389:Drivers/STM32F1xx_HAL_Driver/Src/stm32f1xx_hal_spi.c **** }
 3564              		.loc 1 2389 3 view .LVU1345
2390:Drivers/STM32F1xx_HAL_Driver/Src/stm32f1xx_hal_spi.c **** 
 3565              		.loc 1 2390 1 is_stmt 0 view .LVU1346
 3566 001e 7047     		bx	lr
 3567              		.cfi_endproc
 3568              	.LFE81:
 3570              		.section	.text.HAL_SPI_DMAStop,"ax",%progbits
 3571              		.align	1
 3572              		.global	HAL_SPI_DMAStop
ARM GAS  C:\Users\airforce\AppData\Local\Temp\cca1ZS9V.s 			page 156


 3573              		.syntax unified
 3574              		.thumb
 3575              		.thumb_func
 3577              	HAL_SPI_DMAStop:
 3578              	.LVL155:
 3579              	.LFB82:
2399:Drivers/STM32F1xx_HAL_Driver/Src/stm32f1xx_hal_spi.c ****   HAL_StatusTypeDef errorcode = HAL_OK;
 3580              		.loc 1 2399 1 is_stmt 1 view -0
 3581              		.cfi_startproc
 3582              		@ args = 0, pretend = 0, frame = 0
 3583              		@ frame_needed = 0, uses_anonymous_args = 0
2400:Drivers/STM32F1xx_HAL_Driver/Src/stm32f1xx_hal_spi.c ****   /* The Lock is not implemented on this API to allow the user application
 3584              		.loc 1 2400 3 view .LVU1348
2410:Drivers/STM32F1xx_HAL_Driver/Src/stm32f1xx_hal_spi.c ****   {
 3585              		.loc 1 2410 3 view .LVU1349
2399:Drivers/STM32F1xx_HAL_Driver/Src/stm32f1xx_hal_spi.c ****   HAL_StatusTypeDef errorcode = HAL_OK;
 3586              		.loc 1 2399 1 is_stmt 0 view .LVU1350
 3587 0000 38B5     		push	{r3, r4, r5, lr}
 3588              	.LCFI37:
 3589              		.cfi_def_cfa_offset 16
 3590              		.cfi_offset 3, -16
 3591              		.cfi_offset 4, -12
 3592              		.cfi_offset 5, -8
 3593              		.cfi_offset 14, -4
2399:Drivers/STM32F1xx_HAL_Driver/Src/stm32f1xx_hal_spi.c ****   HAL_StatusTypeDef errorcode = HAL_OK;
 3594              		.loc 1 2399 1 view .LVU1351
 3595 0002 0446     		mov	r4, r0
2410:Drivers/STM32F1xx_HAL_Driver/Src/stm32f1xx_hal_spi.c ****   {
 3596              		.loc 1 2410 11 view .LVU1352
 3597 0004 806C     		ldr	r0, [r0, #72]
 3598              	.LVL156:
2410:Drivers/STM32F1xx_HAL_Driver/Src/stm32f1xx_hal_spi.c ****   {
 3599              		.loc 1 2410 6 view .LVU1353
 3600 0006 A0B9     		cbnz	r0, .L397
 3601              	.L399:
2400:Drivers/STM32F1xx_HAL_Driver/Src/stm32f1xx_hal_spi.c ****   /* The Lock is not implemented on this API to allow the user application
 3602              		.loc 1 2400 21 view .LVU1354
 3603 0008 0025     		movs	r5, #0
 3604              	.LVL157:
 3605              	.L398:
2419:Drivers/STM32F1xx_HAL_Driver/Src/stm32f1xx_hal_spi.c ****   {
 3606              		.loc 1 2419 3 is_stmt 1 view .LVU1355
2419:Drivers/STM32F1xx_HAL_Driver/Src/stm32f1xx_hal_spi.c ****   {
 3607              		.loc 1 2419 11 is_stmt 0 view .LVU1356
 3608 000a E06C     		ldr	r0, [r4, #76]
2419:Drivers/STM32F1xx_HAL_Driver/Src/stm32f1xx_hal_spi.c ****   {
 3609              		.loc 1 2419 6 view .LVU1357
 3610 000c 38B1     		cbz	r0, .L402
2421:Drivers/STM32F1xx_HAL_Driver/Src/stm32f1xx_hal_spi.c ****     {
 3611              		.loc 1 2421 5 is_stmt 1 view .LVU1358
2421:Drivers/STM32F1xx_HAL_Driver/Src/stm32f1xx_hal_spi.c ****     {
 3612              		.loc 1 2421 19 is_stmt 0 view .LVU1359
 3613 000e FFF7FEFF 		bl	HAL_DMA_Abort
 3614              	.LVL158:
2421:Drivers/STM32F1xx_HAL_Driver/Src/stm32f1xx_hal_spi.c ****     {
 3615              		.loc 1 2421 8 discriminator 1 view .LVU1360
 3616 0012 20B1     		cbz	r0, .L402
ARM GAS  C:\Users\airforce\AppData\Local\Temp\cca1ZS9V.s 			page 157


2423:Drivers/STM32F1xx_HAL_Driver/Src/stm32f1xx_hal_spi.c ****       errorcode = HAL_ERROR;
 3617              		.loc 1 2423 7 is_stmt 1 view .LVU1361
2424:Drivers/STM32F1xx_HAL_Driver/Src/stm32f1xx_hal_spi.c ****     }
 3618              		.loc 1 2424 17 is_stmt 0 view .LVU1362
 3619 0014 0125     		movs	r5, #1
 3620              	.LVL159:
2423:Drivers/STM32F1xx_HAL_Driver/Src/stm32f1xx_hal_spi.c ****       errorcode = HAL_ERROR;
 3621              		.loc 1 2423 7 view .LVU1363
 3622 0016 636D     		ldr	r3, [r4, #84]
 3623 0018 43F01003 		orr	r3, r3, #16
 3624 001c 6365     		str	r3, [r4, #84]
2424:Drivers/STM32F1xx_HAL_Driver/Src/stm32f1xx_hal_spi.c ****     }
 3625              		.loc 1 2424 7 is_stmt 1 view .LVU1364
 3626              	.LVL160:
 3627              	.L402:
2429:Drivers/STM32F1xx_HAL_Driver/Src/stm32f1xx_hal_spi.c ****   hspi->State = HAL_SPI_STATE_READY;
 3628              		.loc 1 2429 3 view .LVU1365
 3629 001e 2268     		ldr	r2, [r4]
2432:Drivers/STM32F1xx_HAL_Driver/Src/stm32f1xx_hal_spi.c **** 
 3630              		.loc 1 2432 1 is_stmt 0 view .LVU1366
 3631 0020 2846     		mov	r0, r5
2429:Drivers/STM32F1xx_HAL_Driver/Src/stm32f1xx_hal_spi.c ****   hspi->State = HAL_SPI_STATE_READY;
 3632              		.loc 1 2429 3 view .LVU1367
 3633 0022 5368     		ldr	r3, [r2, #4]
 3634 0024 23F00303 		bic	r3, r3, #3
 3635 0028 5360     		str	r3, [r2, #4]
2430:Drivers/STM32F1xx_HAL_Driver/Src/stm32f1xx_hal_spi.c ****   return errorcode;
 3636              		.loc 1 2430 3 is_stmt 1 view .LVU1368
2430:Drivers/STM32F1xx_HAL_Driver/Src/stm32f1xx_hal_spi.c ****   return errorcode;
 3637              		.loc 1 2430 15 is_stmt 0 view .LVU1369
 3638 002a 0123     		movs	r3, #1
 3639 002c 84F85130 		strb	r3, [r4, #81]
2431:Drivers/STM32F1xx_HAL_Driver/Src/stm32f1xx_hal_spi.c **** }
 3640              		.loc 1 2431 3 is_stmt 1 view .LVU1370
2432:Drivers/STM32F1xx_HAL_Driver/Src/stm32f1xx_hal_spi.c **** 
 3641              		.loc 1 2432 1 is_stmt 0 view .LVU1371
 3642 0030 38BD     		pop	{r3, r4, r5, pc}
 3643              	.LVL161:
 3644              	.L397:
2412:Drivers/STM32F1xx_HAL_Driver/Src/stm32f1xx_hal_spi.c ****     {
 3645              		.loc 1 2412 5 is_stmt 1 view .LVU1372
2412:Drivers/STM32F1xx_HAL_Driver/Src/stm32f1xx_hal_spi.c ****     {
 3646              		.loc 1 2412 19 is_stmt 0 view .LVU1373
 3647 0032 FFF7FEFF 		bl	HAL_DMA_Abort
 3648              	.LVL162:
2412:Drivers/STM32F1xx_HAL_Driver/Src/stm32f1xx_hal_spi.c ****     {
 3649              		.loc 1 2412 8 discriminator 1 view .LVU1374
 3650 0036 0028     		cmp	r0, #0
 3651 0038 E6D0     		beq	.L399
2414:Drivers/STM32F1xx_HAL_Driver/Src/stm32f1xx_hal_spi.c ****       errorcode = HAL_ERROR;
 3652              		.loc 1 2414 7 is_stmt 1 view .LVU1375
 3653 003a 636D     		ldr	r3, [r4, #84]
2415:Drivers/STM32F1xx_HAL_Driver/Src/stm32f1xx_hal_spi.c ****     }
 3654              		.loc 1 2415 17 is_stmt 0 view .LVU1376
 3655 003c 0125     		movs	r5, #1
2414:Drivers/STM32F1xx_HAL_Driver/Src/stm32f1xx_hal_spi.c ****       errorcode = HAL_ERROR;
 3656              		.loc 1 2414 7 view .LVU1377
ARM GAS  C:\Users\airforce\AppData\Local\Temp\cca1ZS9V.s 			page 158


 3657 003e 43F01003 		orr	r3, r3, #16
 3658 0042 6365     		str	r3, [r4, #84]
2415:Drivers/STM32F1xx_HAL_Driver/Src/stm32f1xx_hal_spi.c ****     }
 3659              		.loc 1 2415 7 is_stmt 1 view .LVU1378
 3660              	.LVL163:
2415:Drivers/STM32F1xx_HAL_Driver/Src/stm32f1xx_hal_spi.c ****     }
 3661              		.loc 1 2415 7 is_stmt 0 view .LVU1379
 3662 0044 E1E7     		b	.L398
 3663              		.cfi_endproc
 3664              	.LFE82:
 3666              		.section	.text.HAL_SPI_TxCpltCallback,"ax",%progbits
 3667              		.align	1
 3668              		.weak	HAL_SPI_TxCpltCallback
 3669              		.syntax unified
 3670              		.thumb
 3671              		.thumb_func
 3673              	HAL_SPI_TxCpltCallback:
 3674              	.LFB127:
 3675              		.cfi_startproc
2542:Drivers/STM32F1xx_HAL_Driver/Src/stm32f1xx_hal_spi.c **** {
 3676              		.loc 1 2542 13 is_stmt 1 view -0
 3677              		@ args = 0, pretend = 0, frame = 0
 3678              		@ frame_needed = 0, uses_anonymous_args = 0
 3679              		@ link register save eliminated.
 3680 0000 7047     		bx	lr
 3681              		.cfi_endproc
 3682              	.LFE127:
 3684              		.section	.text.HAL_SPI_RxCpltCallback,"ax",%progbits
 3685              		.align	1
 3686              		.weak	HAL_SPI_RxCpltCallback
 3687              		.syntax unified
 3688              		.thumb
 3689              		.thumb_func
 3691              	HAL_SPI_RxCpltCallback:
 3692              	.LFB129:
 3693              		.cfi_startproc
2558:Drivers/STM32F1xx_HAL_Driver/Src/stm32f1xx_hal_spi.c **** {
 3694              		.loc 1 2558 13 view -0
 3695              		@ args = 0, pretend = 0, frame = 0
 3696              		@ frame_needed = 0, uses_anonymous_args = 0
 3697              		@ link register save eliminated.
 3698 0000 7047     		bx	lr
 3699              		.cfi_endproc
 3700              	.LFE129:
 3702              		.section	.text.HAL_SPI_TxRxCpltCallback,"ax",%progbits
 3703              		.align	1
 3704              		.weak	HAL_SPI_TxRxCpltCallback
 3705              		.syntax unified
 3706              		.thumb
 3707              		.thumb_func
 3709              	HAL_SPI_TxRxCpltCallback:
 3710              	.LFB131:
 3711              		.cfi_startproc
2574:Drivers/STM32F1xx_HAL_Driver/Src/stm32f1xx_hal_spi.c **** {
 3712              		.loc 1 2574 13 view -0
 3713              		@ args = 0, pretend = 0, frame = 0
 3714              		@ frame_needed = 0, uses_anonymous_args = 0
ARM GAS  C:\Users\airforce\AppData\Local\Temp\cca1ZS9V.s 			page 159


 3715              		@ link register save eliminated.
 3716 0000 7047     		bx	lr
 3717              		.cfi_endproc
 3718              	.LFE131:
 3720              		.section	.text.HAL_SPI_TxHalfCpltCallback,"ax",%progbits
 3721              		.align	1
 3722              		.weak	HAL_SPI_TxHalfCpltCallback
 3723              		.syntax unified
 3724              		.thumb
 3725              		.thumb_func
 3727              	HAL_SPI_TxHalfCpltCallback:
 3728              	.LFB133:
 3729              		.cfi_startproc
2590:Drivers/STM32F1xx_HAL_Driver/Src/stm32f1xx_hal_spi.c **** {
 3730              		.loc 1 2590 13 view -0
 3731              		@ args = 0, pretend = 0, frame = 0
 3732              		@ frame_needed = 0, uses_anonymous_args = 0
 3733              		@ link register save eliminated.
 3734 0000 7047     		bx	lr
 3735              		.cfi_endproc
 3736              	.LFE133:
 3738              		.section	.text.SPI_DMAHalfTransmitCplt,"ax",%progbits
 3739              		.align	1
 3740              		.syntax unified
 3741              		.thumb
 3742              		.thumb_func
 3744              	SPI_DMAHalfTransmitCplt:
 3745              	.LVL164:
 3746              	.LFB97:
2975:Drivers/STM32F1xx_HAL_Driver/Src/stm32f1xx_hal_spi.c ****   SPI_HandleTypeDef *hspi = (SPI_HandleTypeDef *)(((DMA_HandleTypeDef *)hdma)->Parent);
 3747              		.loc 1 2975 1 view -0
 3748              		.cfi_startproc
 3749              		@ args = 0, pretend = 0, frame = 0
 3750              		@ frame_needed = 0, uses_anonymous_args = 0
2976:Drivers/STM32F1xx_HAL_Driver/Src/stm32f1xx_hal_spi.c **** 
 3751              		.loc 1 2976 3 view .LVU1385
2982:Drivers/STM32F1xx_HAL_Driver/Src/stm32f1xx_hal_spi.c **** #endif /* USE_HAL_SPI_REGISTER_CALLBACKS */
 3752              		.loc 1 2982 3 view .LVU1386
2975:Drivers/STM32F1xx_HAL_Driver/Src/stm32f1xx_hal_spi.c ****   SPI_HandleTypeDef *hspi = (SPI_HandleTypeDef *)(((DMA_HandleTypeDef *)hdma)->Parent);
 3753              		.loc 1 2975 1 is_stmt 0 view .LVU1387
 3754 0000 08B5     		push	{r3, lr}
 3755              	.LCFI38:
 3756              		.cfi_def_cfa_offset 8
 3757              		.cfi_offset 3, -8
 3758              		.cfi_offset 14, -4
2982:Drivers/STM32F1xx_HAL_Driver/Src/stm32f1xx_hal_spi.c **** #endif /* USE_HAL_SPI_REGISTER_CALLBACKS */
 3759              		.loc 1 2982 3 view .LVU1388
 3760 0002 406A     		ldr	r0, [r0, #36]
 3761              	.LVL165:
2982:Drivers/STM32F1xx_HAL_Driver/Src/stm32f1xx_hal_spi.c **** #endif /* USE_HAL_SPI_REGISTER_CALLBACKS */
 3762              		.loc 1 2982 3 view .LVU1389
 3763 0004 FFF7FEFF 		bl	HAL_SPI_TxHalfCpltCallback
 3764              	.LVL166:
2984:Drivers/STM32F1xx_HAL_Driver/Src/stm32f1xx_hal_spi.c **** 
 3765              		.loc 1 2984 1 view .LVU1390
 3766 0008 08BD     		pop	{r3, pc}
 3767              		.cfi_endproc
ARM GAS  C:\Users\airforce\AppData\Local\Temp\cca1ZS9V.s 			page 160


 3768              	.LFE97:
 3770              		.section	.text.HAL_SPI_RxHalfCpltCallback,"ax",%progbits
 3771              		.align	1
 3772              		.weak	HAL_SPI_RxHalfCpltCallback
 3773              		.syntax unified
 3774              		.thumb
 3775              		.thumb_func
 3777              	HAL_SPI_RxHalfCpltCallback:
 3778              	.LFB135:
 3779              		.cfi_startproc
2606:Drivers/STM32F1xx_HAL_Driver/Src/stm32f1xx_hal_spi.c **** {
 3780              		.loc 1 2606 13 is_stmt 1 view -0
 3781              		@ args = 0, pretend = 0, frame = 0
 3782              		@ frame_needed = 0, uses_anonymous_args = 0
 3783              		@ link register save eliminated.
 3784 0000 7047     		bx	lr
 3785              		.cfi_endproc
 3786              	.LFE135:
 3788              		.section	.text.SPI_DMAHalfReceiveCplt,"ax",%progbits
 3789              		.align	1
 3790              		.syntax unified
 3791              		.thumb
 3792              		.thumb_func
 3794              	SPI_DMAHalfReceiveCplt:
 3795              	.LVL167:
 3796              	.LFB98:
2993:Drivers/STM32F1xx_HAL_Driver/Src/stm32f1xx_hal_spi.c ****   SPI_HandleTypeDef *hspi = (SPI_HandleTypeDef *)(((DMA_HandleTypeDef *)hdma)->Parent);
 3797              		.loc 1 2993 1 view -0
 3798              		.cfi_startproc
 3799              		@ args = 0, pretend = 0, frame = 0
 3800              		@ frame_needed = 0, uses_anonymous_args = 0
2994:Drivers/STM32F1xx_HAL_Driver/Src/stm32f1xx_hal_spi.c **** 
 3801              		.loc 1 2994 3 view .LVU1393
3000:Drivers/STM32F1xx_HAL_Driver/Src/stm32f1xx_hal_spi.c **** #endif /* USE_HAL_SPI_REGISTER_CALLBACKS */
 3802              		.loc 1 3000 3 view .LVU1394
2993:Drivers/STM32F1xx_HAL_Driver/Src/stm32f1xx_hal_spi.c ****   SPI_HandleTypeDef *hspi = (SPI_HandleTypeDef *)(((DMA_HandleTypeDef *)hdma)->Parent);
 3803              		.loc 1 2993 1 is_stmt 0 view .LVU1395
 3804 0000 08B5     		push	{r3, lr}
 3805              	.LCFI39:
 3806              		.cfi_def_cfa_offset 8
 3807              		.cfi_offset 3, -8
 3808              		.cfi_offset 14, -4
3000:Drivers/STM32F1xx_HAL_Driver/Src/stm32f1xx_hal_spi.c **** #endif /* USE_HAL_SPI_REGISTER_CALLBACKS */
 3809              		.loc 1 3000 3 view .LVU1396
 3810 0002 406A     		ldr	r0, [r0, #36]
 3811              	.LVL168:
3000:Drivers/STM32F1xx_HAL_Driver/Src/stm32f1xx_hal_spi.c **** #endif /* USE_HAL_SPI_REGISTER_CALLBACKS */
 3812              		.loc 1 3000 3 view .LVU1397
 3813 0004 FFF7FEFF 		bl	HAL_SPI_RxHalfCpltCallback
 3814              	.LVL169:
3002:Drivers/STM32F1xx_HAL_Driver/Src/stm32f1xx_hal_spi.c **** 
 3815              		.loc 1 3002 1 view .LVU1398
 3816 0008 08BD     		pop	{r3, pc}
 3817              		.cfi_endproc
 3818              	.LFE98:
 3820              		.section	.text.HAL_SPI_TxRxHalfCpltCallback,"ax",%progbits
 3821              		.align	1
ARM GAS  C:\Users\airforce\AppData\Local\Temp\cca1ZS9V.s 			page 161


 3822              		.weak	HAL_SPI_TxRxHalfCpltCallback
 3823              		.syntax unified
 3824              		.thumb
 3825              		.thumb_func
 3827              	HAL_SPI_TxRxHalfCpltCallback:
 3828              	.LFB137:
 3829              		.cfi_startproc
2622:Drivers/STM32F1xx_HAL_Driver/Src/stm32f1xx_hal_spi.c **** {
 3830              		.loc 1 2622 13 is_stmt 1 view -0
 3831              		@ args = 0, pretend = 0, frame = 0
 3832              		@ frame_needed = 0, uses_anonymous_args = 0
 3833              		@ link register save eliminated.
 3834 0000 7047     		bx	lr
 3835              		.cfi_endproc
 3836              	.LFE137:
 3838              		.section	.text.SPI_DMAHalfTransmitReceiveCplt,"ax",%progbits
 3839              		.align	1
 3840              		.syntax unified
 3841              		.thumb
 3842              		.thumb_func
 3844              	SPI_DMAHalfTransmitReceiveCplt:
 3845              	.LVL170:
 3846              	.LFB99:
3011:Drivers/STM32F1xx_HAL_Driver/Src/stm32f1xx_hal_spi.c ****   SPI_HandleTypeDef *hspi = (SPI_HandleTypeDef *)(((DMA_HandleTypeDef *)hdma)->Parent);
 3847              		.loc 1 3011 1 view -0
 3848              		.cfi_startproc
 3849              		@ args = 0, pretend = 0, frame = 0
 3850              		@ frame_needed = 0, uses_anonymous_args = 0
3012:Drivers/STM32F1xx_HAL_Driver/Src/stm32f1xx_hal_spi.c **** 
 3851              		.loc 1 3012 3 view .LVU1401
3018:Drivers/STM32F1xx_HAL_Driver/Src/stm32f1xx_hal_spi.c **** #endif /* USE_HAL_SPI_REGISTER_CALLBACKS */
 3852              		.loc 1 3018 3 view .LVU1402
3011:Drivers/STM32F1xx_HAL_Driver/Src/stm32f1xx_hal_spi.c ****   SPI_HandleTypeDef *hspi = (SPI_HandleTypeDef *)(((DMA_HandleTypeDef *)hdma)->Parent);
 3853              		.loc 1 3011 1 is_stmt 0 view .LVU1403
 3854 0000 08B5     		push	{r3, lr}
 3855              	.LCFI40:
 3856              		.cfi_def_cfa_offset 8
 3857              		.cfi_offset 3, -8
 3858              		.cfi_offset 14, -4
3018:Drivers/STM32F1xx_HAL_Driver/Src/stm32f1xx_hal_spi.c **** #endif /* USE_HAL_SPI_REGISTER_CALLBACKS */
 3859              		.loc 1 3018 3 view .LVU1404
 3860 0002 406A     		ldr	r0, [r0, #36]
 3861              	.LVL171:
3018:Drivers/STM32F1xx_HAL_Driver/Src/stm32f1xx_hal_spi.c **** #endif /* USE_HAL_SPI_REGISTER_CALLBACKS */
 3862              		.loc 1 3018 3 view .LVU1405
 3863 0004 FFF7FEFF 		bl	HAL_SPI_TxRxHalfCpltCallback
 3864              	.LVL172:
3020:Drivers/STM32F1xx_HAL_Driver/Src/stm32f1xx_hal_spi.c **** 
 3865              		.loc 1 3020 1 view .LVU1406
 3866 0008 08BD     		pop	{r3, pc}
 3867              		.cfi_endproc
 3868              	.LFE99:
 3870              		.section	.text.HAL_SPI_ErrorCallback,"ax",%progbits
 3871              		.align	1
 3872              		.weak	HAL_SPI_ErrorCallback
 3873              		.syntax unified
 3874              		.thumb
ARM GAS  C:\Users\airforce\AppData\Local\Temp\cca1ZS9V.s 			page 162


 3875              		.thumb_func
 3877              	HAL_SPI_ErrorCallback:
 3878              	.LFB139:
 3879              		.cfi_startproc
2638:Drivers/STM32F1xx_HAL_Driver/Src/stm32f1xx_hal_spi.c **** {
 3880              		.loc 1 2638 13 is_stmt 1 view -0
 3881              		@ args = 0, pretend = 0, frame = 0
 3882              		@ frame_needed = 0, uses_anonymous_args = 0
 3883              		@ link register save eliminated.
 3884 0000 7047     		bx	lr
 3885              		.cfi_endproc
 3886              	.LFE139:
 3888              		.section	.text.SPI_CloseTx_ISR,"ax",%progbits
 3889              		.align	1
 3890              		.syntax unified
 3891              		.thumb
 3892              		.thumb_func
 3894              	SPI_CloseTx_ISR:
 3895              	.LVL173:
 3896              	.LFB117:
3877:Drivers/STM32F1xx_HAL_Driver/Src/stm32f1xx_hal_spi.c ****   uint32_t tickstart;
 3897              		.loc 1 3877 1 view -0
 3898              		.cfi_startproc
 3899              		@ args = 0, pretend = 0, frame = 8
 3900              		@ frame_needed = 0, uses_anonymous_args = 0
3878:Drivers/STM32F1xx_HAL_Driver/Src/stm32f1xx_hal_spi.c ****   __IO uint32_t count = SPI_DEFAULT_TIMEOUT * (SystemCoreClock / 24U / 1000U);
 3901              		.loc 1 3878 3 view .LVU1409
3879:Drivers/STM32F1xx_HAL_Driver/Src/stm32f1xx_hal_spi.c **** 
 3902              		.loc 1 3879 3 view .LVU1410
3879:Drivers/STM32F1xx_HAL_Driver/Src/stm32f1xx_hal_spi.c **** 
 3903              		.loc 1 3879 70 is_stmt 0 view .LVU1411
 3904 0000 45F6C052 		movw	r2, #24000
 3905 0004 1E4B     		ldr	r3, .L432
3877:Drivers/STM32F1xx_HAL_Driver/Src/stm32f1xx_hal_spi.c ****   uint32_t tickstart;
 3906              		.loc 1 3877 1 view .LVU1412
 3907 0006 13B5     		push	{r0, r1, r4, lr}
 3908              	.LCFI41:
 3909              		.cfi_def_cfa_offset 16
 3910              		.cfi_offset 4, -8
 3911              		.cfi_offset 14, -4
3879:Drivers/STM32F1xx_HAL_Driver/Src/stm32f1xx_hal_spi.c **** 
 3912              		.loc 1 3879 70 view .LVU1413
 3913 0008 1B68     		ldr	r3, [r3]
3877:Drivers/STM32F1xx_HAL_Driver/Src/stm32f1xx_hal_spi.c ****   uint32_t tickstart;
 3914              		.loc 1 3877 1 view .LVU1414
 3915 000a 0446     		mov	r4, r0
3879:Drivers/STM32F1xx_HAL_Driver/Src/stm32f1xx_hal_spi.c **** 
 3916              		.loc 1 3879 70 view .LVU1415
 3917 000c B3FBF2F3 		udiv	r3, r3, r2
3879:Drivers/STM32F1xx_HAL_Driver/Src/stm32f1xx_hal_spi.c **** 
 3918              		.loc 1 3879 45 view .LVU1416
 3919 0010 6422     		movs	r2, #100
 3920 0012 5343     		muls	r3, r2, r3
3879:Drivers/STM32F1xx_HAL_Driver/Src/stm32f1xx_hal_spi.c **** 
 3921              		.loc 1 3879 17 view .LVU1417
 3922 0014 0093     		str	r3, [sp]
3882:Drivers/STM32F1xx_HAL_Driver/Src/stm32f1xx_hal_spi.c **** 
ARM GAS  C:\Users\airforce\AppData\Local\Temp\cca1ZS9V.s 			page 163


 3923              		.loc 1 3882 3 is_stmt 1 view .LVU1418
3882:Drivers/STM32F1xx_HAL_Driver/Src/stm32f1xx_hal_spi.c **** 
 3924              		.loc 1 3882 15 is_stmt 0 view .LVU1419
 3925 0016 FFF7FEFF 		bl	HAL_GetTick
 3926              	.LVL174:
3882:Drivers/STM32F1xx_HAL_Driver/Src/stm32f1xx_hal_spi.c **** 
 3927              		.loc 1 3882 15 view .LVU1420
 3928 001a 0246     		mov	r2, r0
 3929              	.LVL175:
3893:Drivers/STM32F1xx_HAL_Driver/Src/stm32f1xx_hal_spi.c **** 
 3930              		.loc 1 3893 17 view .LVU1421
 3931 001c 2368     		ldr	r3, [r4]
 3932              	.L422:
3885:Drivers/STM32F1xx_HAL_Driver/Src/stm32f1xx_hal_spi.c ****   {
 3933              		.loc 1 3885 3 is_stmt 1 view .LVU1422
3887:Drivers/STM32F1xx_HAL_Driver/Src/stm32f1xx_hal_spi.c ****     {
 3934              		.loc 1 3887 5 view .LVU1423
3887:Drivers/STM32F1xx_HAL_Driver/Src/stm32f1xx_hal_spi.c ****     {
 3935              		.loc 1 3887 15 is_stmt 0 view .LVU1424
 3936 001e 0099     		ldr	r1, [sp]
3887:Drivers/STM32F1xx_HAL_Driver/Src/stm32f1xx_hal_spi.c ****     {
 3937              		.loc 1 3887 8 view .LVU1425
 3938 0020 19BB     		cbnz	r1, .L420
3889:Drivers/STM32F1xx_HAL_Driver/Src/stm32f1xx_hal_spi.c ****       break;
 3939              		.loc 1 3889 7 is_stmt 1 view .LVU1426
 3940 0022 616D     		ldr	r1, [r4, #84]
 3941 0024 41F02001 		orr	r1, r1, #32
 3942 0028 6165     		str	r1, [r4, #84]
3890:Drivers/STM32F1xx_HAL_Driver/Src/stm32f1xx_hal_spi.c ****     }
 3943              		.loc 1 3890 7 view .LVU1427
 3944              	.L421:
3896:Drivers/STM32F1xx_HAL_Driver/Src/stm32f1xx_hal_spi.c **** 
 3945              		.loc 1 3896 3 view .LVU1428
 3946 002a 5968     		ldr	r1, [r3, #4]
3899:Drivers/STM32F1xx_HAL_Driver/Src/stm32f1xx_hal_spi.c ****   {
 3947              		.loc 1 3899 7 is_stmt 0 view .LVU1429
 3948 002c 2046     		mov	r0, r4
 3949              	.LVL176:
3896:Drivers/STM32F1xx_HAL_Driver/Src/stm32f1xx_hal_spi.c **** 
 3950              		.loc 1 3896 3 view .LVU1430
 3951 002e 21F0A001 		bic	r1, r1, #160
 3952 0032 5960     		str	r1, [r3, #4]
3899:Drivers/STM32F1xx_HAL_Driver/Src/stm32f1xx_hal_spi.c ****   {
 3953              		.loc 1 3899 3 is_stmt 1 view .LVU1431
3899:Drivers/STM32F1xx_HAL_Driver/Src/stm32f1xx_hal_spi.c ****   {
 3954              		.loc 1 3899 7 is_stmt 0 view .LVU1432
 3955 0034 6421     		movs	r1, #100
 3956 0036 FFF7FEFF 		bl	SPI_EndRxTxTransaction
 3957              	.LVL177:
3899:Drivers/STM32F1xx_HAL_Driver/Src/stm32f1xx_hal_spi.c ****   {
 3958              		.loc 1 3899 6 discriminator 1 view .LVU1433
 3959 003a 18B1     		cbz	r0, .L423
3901:Drivers/STM32F1xx_HAL_Driver/Src/stm32f1xx_hal_spi.c ****   }
 3960              		.loc 1 3901 5 is_stmt 1 view .LVU1434
 3961 003c 636D     		ldr	r3, [r4, #84]
 3962 003e 43F02003 		orr	r3, r3, #32
 3963 0042 6365     		str	r3, [r4, #84]
ARM GAS  C:\Users\airforce\AppData\Local\Temp\cca1ZS9V.s 			page 164


 3964              	.L423:
3905:Drivers/STM32F1xx_HAL_Driver/Src/stm32f1xx_hal_spi.c ****   {
 3965              		.loc 1 3905 3 view .LVU1435
3905:Drivers/STM32F1xx_HAL_Driver/Src/stm32f1xx_hal_spi.c ****   {
 3966              		.loc 1 3905 6 is_stmt 0 view .LVU1436
 3967 0044 A368     		ldr	r3, [r4, #8]
 3968 0046 33B9     		cbnz	r3, .L424
3907:Drivers/STM32F1xx_HAL_Driver/Src/stm32f1xx_hal_spi.c ****   }
 3969              		.loc 1 3907 5 is_stmt 1 view .LVU1437
 3970              	.LBB19:
3907:Drivers/STM32F1xx_HAL_Driver/Src/stm32f1xx_hal_spi.c ****   }
 3971              		.loc 1 3907 5 view .LVU1438
 3972 0048 0193     		str	r3, [sp, #4]
3907:Drivers/STM32F1xx_HAL_Driver/Src/stm32f1xx_hal_spi.c ****   }
 3973              		.loc 1 3907 5 view .LVU1439
 3974 004a 2368     		ldr	r3, [r4]
 3975 004c DA68     		ldr	r2, [r3, #12]
 3976 004e 0192     		str	r2, [sp, #4]
3907:Drivers/STM32F1xx_HAL_Driver/Src/stm32f1xx_hal_spi.c ****   }
 3977              		.loc 1 3907 5 view .LVU1440
 3978 0050 9B68     		ldr	r3, [r3, #8]
 3979 0052 0193     		str	r3, [sp, #4]
3907:Drivers/STM32F1xx_HAL_Driver/Src/stm32f1xx_hal_spi.c ****   }
 3980              		.loc 1 3907 5 view .LVU1441
 3981 0054 019B     		ldr	r3, [sp, #4]
 3982              	.L424:
 3983              	.LBE19:
3907:Drivers/STM32F1xx_HAL_Driver/Src/stm32f1xx_hal_spi.c ****   }
 3984              		.loc 1 3907 5 discriminator 1 view .LVU1442
3910:Drivers/STM32F1xx_HAL_Driver/Src/stm32f1xx_hal_spi.c ****   if (hspi->ErrorCode != HAL_SPI_ERROR_NONE)
 3985              		.loc 1 3910 3 view .LVU1443
3910:Drivers/STM32F1xx_HAL_Driver/Src/stm32f1xx_hal_spi.c ****   if (hspi->ErrorCode != HAL_SPI_ERROR_NONE)
 3986              		.loc 1 3910 15 is_stmt 0 view .LVU1444
 3987 0056 0123     		movs	r3, #1
 3988 0058 84F85130 		strb	r3, [r4, #81]
3911:Drivers/STM32F1xx_HAL_Driver/Src/stm32f1xx_hal_spi.c ****   {
 3989              		.loc 1 3911 3 is_stmt 1 view .LVU1445
3911:Drivers/STM32F1xx_HAL_Driver/Src/stm32f1xx_hal_spi.c ****   {
 3990              		.loc 1 3911 11 is_stmt 0 view .LVU1446
 3991 005c 636D     		ldr	r3, [r4, #84]
3917:Drivers/STM32F1xx_HAL_Driver/Src/stm32f1xx_hal_spi.c **** #endif /* USE_HAL_SPI_REGISTER_CALLBACKS */
 3992              		.loc 1 3917 5 view .LVU1447
 3993 005e 2046     		mov	r0, r4
3911:Drivers/STM32F1xx_HAL_Driver/Src/stm32f1xx_hal_spi.c ****   {
 3994              		.loc 1 3911 6 view .LVU1448
 3995 0060 53B1     		cbz	r3, .L425
 3996              	.LVL178:
3917:Drivers/STM32F1xx_HAL_Driver/Src/stm32f1xx_hal_spi.c **** #endif /* USE_HAL_SPI_REGISTER_CALLBACKS */
 3997              		.loc 1 3917 5 is_stmt 1 view .LVU1449
 3998 0062 FFF7FEFF 		bl	HAL_SPI_ErrorCallback
 3999              	.LVL179:
 4000              	.L419:
3929:Drivers/STM32F1xx_HAL_Driver/Src/stm32f1xx_hal_spi.c **** 
 4001              		.loc 1 3929 1 is_stmt 0 view .LVU1450
 4002 0066 02B0     		add	sp, sp, #8
 4003              	.LCFI42:
 4004              		.cfi_remember_state
ARM GAS  C:\Users\airforce\AppData\Local\Temp\cca1ZS9V.s 			page 165


 4005              		.cfi_def_cfa_offset 8
 4006              		@ sp needed
 4007 0068 10BD     		pop	{r4, pc}
 4008              	.LVL180:
 4009              	.L420:
 4010              	.LCFI43:
 4011              		.cfi_restore_state
3892:Drivers/STM32F1xx_HAL_Driver/Src/stm32f1xx_hal_spi.c ****   } while ((hspi->Instance->SR & SPI_FLAG_TXE) == RESET);
 4012              		.loc 1 3892 5 is_stmt 1 view .LVU1451
3892:Drivers/STM32F1xx_HAL_Driver/Src/stm32f1xx_hal_spi.c ****   } while ((hspi->Instance->SR & SPI_FLAG_TXE) == RESET);
 4013              		.loc 1 3892 10 is_stmt 0 view .LVU1452
 4014 006a 0099     		ldr	r1, [sp]
 4015 006c 0139     		subs	r1, r1, #1
 4016 006e 0091     		str	r1, [sp]
3893:Drivers/STM32F1xx_HAL_Driver/Src/stm32f1xx_hal_spi.c **** 
 4017              		.loc 1 3893 48 is_stmt 1 view .LVU1453
3893:Drivers/STM32F1xx_HAL_Driver/Src/stm32f1xx_hal_spi.c **** 
 4018              		.loc 1 3893 27 is_stmt 0 view .LVU1454
 4019 0070 9968     		ldr	r1, [r3, #8]
3893:Drivers/STM32F1xx_HAL_Driver/Src/stm32f1xx_hal_spi.c **** 
 4020              		.loc 1 3893 48 view .LVU1455
 4021 0072 8907     		lsls	r1, r1, #30
 4022 0074 D3D5     		bpl	.L422
 4023 0076 D8E7     		b	.L421
 4024              	.LVL181:
 4025              	.L425:
3926:Drivers/STM32F1xx_HAL_Driver/Src/stm32f1xx_hal_spi.c **** #endif /* USE_HAL_SPI_REGISTER_CALLBACKS */
 4026              		.loc 1 3926 5 is_stmt 1 view .LVU1456
 4027 0078 FFF7FEFF 		bl	HAL_SPI_TxCpltCallback
 4028              	.LVL182:
3929:Drivers/STM32F1xx_HAL_Driver/Src/stm32f1xx_hal_spi.c **** 
 4029              		.loc 1 3929 1 is_stmt 0 view .LVU1457
 4030 007c F3E7     		b	.L419
 4031              	.L433:
 4032 007e 00BF     		.align	2
 4033              	.L432:
 4034 0080 00000000 		.word	SystemCoreClock
 4035              		.cfi_endproc
 4036              	.LFE117:
 4038              		.section	.text.SPI_TxISR_8BIT,"ax",%progbits
 4039              		.align	1
 4040              		.syntax unified
 4041              		.thumb
 4042              		.thumb_func
 4044              	SPI_TxISR_8BIT:
 4045              	.LVL183:
 4046              	.LFB110:
3514:Drivers/STM32F1xx_HAL_Driver/Src/stm32f1xx_hal_spi.c ****   *(__IO uint8_t *)&hspi->Instance->DR = *((const uint8_t *)hspi->pTxBuffPtr);
 4047              		.loc 1 3514 1 is_stmt 1 view -0
 4048              		.cfi_startproc
 4049              		@ args = 0, pretend = 0, frame = 0
 4050              		@ frame_needed = 0, uses_anonymous_args = 0
 4051              		@ link register save eliminated.
3515:Drivers/STM32F1xx_HAL_Driver/Src/stm32f1xx_hal_spi.c ****   hspi->pTxBuffPtr++;
 4052              		.loc 1 3515 3 view .LVU1459
3515:Drivers/STM32F1xx_HAL_Driver/Src/stm32f1xx_hal_spi.c ****   hspi->pTxBuffPtr++;
 4053              		.loc 1 3515 42 is_stmt 0 view .LVU1460
ARM GAS  C:\Users\airforce\AppData\Local\Temp\cca1ZS9V.s 			page 166


 4054 0000 016B     		ldr	r1, [r0, #48]
3515:Drivers/STM32F1xx_HAL_Driver/Src/stm32f1xx_hal_spi.c ****   hspi->pTxBuffPtr++;
 4055              		.loc 1 3515 25 view .LVU1461
 4056 0002 0268     		ldr	r2, [r0]
3515:Drivers/STM32F1xx_HAL_Driver/Src/stm32f1xx_hal_spi.c ****   hspi->pTxBuffPtr++;
 4057              		.loc 1 3515 42 view .LVU1462
 4058 0004 0978     		ldrb	r1, [r1]	@ zero_extendqisi2
3515:Drivers/STM32F1xx_HAL_Driver/Src/stm32f1xx_hal_spi.c ****   hspi->pTxBuffPtr++;
 4059              		.loc 1 3515 40 view .LVU1463
 4060 0006 1173     		strb	r1, [r2, #12]
3516:Drivers/STM32F1xx_HAL_Driver/Src/stm32f1xx_hal_spi.c ****   hspi->TxXferCount--;
 4061              		.loc 1 3516 3 is_stmt 1 view .LVU1464
3516:Drivers/STM32F1xx_HAL_Driver/Src/stm32f1xx_hal_spi.c ****   hspi->TxXferCount--;
 4062              		.loc 1 3516 19 is_stmt 0 view .LVU1465
 4063 0008 026B     		ldr	r2, [r0, #48]
 4064 000a 0132     		adds	r2, r2, #1
 4065 000c 0263     		str	r2, [r0, #48]
3517:Drivers/STM32F1xx_HAL_Driver/Src/stm32f1xx_hal_spi.c **** 
 4066              		.loc 1 3517 3 is_stmt 1 view .LVU1466
3517:Drivers/STM32F1xx_HAL_Driver/Src/stm32f1xx_hal_spi.c **** 
 4067              		.loc 1 3517 7 is_stmt 0 view .LVU1467
 4068 000e C28E     		ldrh	r2, [r0, #54]
3517:Drivers/STM32F1xx_HAL_Driver/Src/stm32f1xx_hal_spi.c **** 
 4069              		.loc 1 3517 20 view .LVU1468
 4070 0010 013A     		subs	r2, r2, #1
 4071 0012 92B2     		uxth	r2, r2
 4072 0014 C286     		strh	r2, [r0, #54]	@ movhi
3519:Drivers/STM32F1xx_HAL_Driver/Src/stm32f1xx_hal_spi.c ****   {
 4073              		.loc 1 3519 3 is_stmt 1 view .LVU1469
3519:Drivers/STM32F1xx_HAL_Driver/Src/stm32f1xx_hal_spi.c ****   {
 4074              		.loc 1 3519 11 is_stmt 0 view .LVU1470
 4075 0016 C38E     		ldrh	r3, [r0, #54]
 4076 0018 9BB2     		uxth	r3, r3
3519:Drivers/STM32F1xx_HAL_Driver/Src/stm32f1xx_hal_spi.c ****   {
 4077              		.loc 1 3519 6 view .LVU1471
 4078 001a 0BB9     		cbnz	r3, .L434
3528:Drivers/STM32F1xx_HAL_Driver/Src/stm32f1xx_hal_spi.c ****   }
 4079              		.loc 1 3528 5 is_stmt 1 view .LVU1472
 4080 001c FFF7FEBF 		b	SPI_CloseTx_ISR
 4081              	.LVL184:
 4082              	.L434:
3530:Drivers/STM32F1xx_HAL_Driver/Src/stm32f1xx_hal_spi.c **** 
 4083              		.loc 1 3530 1 is_stmt 0 view .LVU1473
 4084 0020 7047     		bx	lr
 4085              		.cfi_endproc
 4086              	.LFE110:
 4088              		.section	.text.SPI_TxISR_16BIT,"ax",%progbits
 4089              		.align	1
 4090              		.syntax unified
 4091              		.thumb
 4092              		.thumb_func
 4094              	SPI_TxISR_16BIT:
 4095              	.LVL185:
 4096              	.LFB111:
3539:Drivers/STM32F1xx_HAL_Driver/Src/stm32f1xx_hal_spi.c ****   /* Transmit data in 16 Bit mode */
 4097              		.loc 1 3539 1 is_stmt 1 view -0
 4098              		.cfi_startproc
ARM GAS  C:\Users\airforce\AppData\Local\Temp\cca1ZS9V.s 			page 167


 4099              		@ args = 0, pretend = 0, frame = 0
 4100              		@ frame_needed = 0, uses_anonymous_args = 0
 4101              		@ link register save eliminated.
3541:Drivers/STM32F1xx_HAL_Driver/Src/stm32f1xx_hal_spi.c ****   hspi->pTxBuffPtr += sizeof(uint16_t);
 4102              		.loc 1 3541 3 view .LVU1475
3541:Drivers/STM32F1xx_HAL_Driver/Src/stm32f1xx_hal_spi.c ****   hspi->pTxBuffPtr += sizeof(uint16_t);
 4103              		.loc 1 3541 24 is_stmt 0 view .LVU1476
 4104 0000 026B     		ldr	r2, [r0, #48]
3539:Drivers/STM32F1xx_HAL_Driver/Src/stm32f1xx_hal_spi.c ****   /* Transmit data in 16 Bit mode */
 4105              		.loc 1 3539 1 view .LVU1477
 4106 0002 10B4     		push	{r4}
 4107              	.LCFI44:
 4108              		.cfi_def_cfa_offset 4
 4109              		.cfi_offset 4, -4
3541:Drivers/STM32F1xx_HAL_Driver/Src/stm32f1xx_hal_spi.c ****   hspi->pTxBuffPtr += sizeof(uint16_t);
 4110              		.loc 1 3541 7 view .LVU1478
 4111 0004 0168     		ldr	r1, [r0]
3541:Drivers/STM32F1xx_HAL_Driver/Src/stm32f1xx_hal_spi.c ****   hspi->pTxBuffPtr += sizeof(uint16_t);
 4112              		.loc 1 3541 24 view .LVU1479
 4113 0006 32F8024B 		ldrh	r4, [r2], #2
3541:Drivers/STM32F1xx_HAL_Driver/Src/stm32f1xx_hal_spi.c ****   hspi->pTxBuffPtr += sizeof(uint16_t);
 4114              		.loc 1 3541 22 view .LVU1480
 4115 000a CC60     		str	r4, [r1, #12]
3542:Drivers/STM32F1xx_HAL_Driver/Src/stm32f1xx_hal_spi.c ****   hspi->TxXferCount--;
 4116              		.loc 1 3542 3 is_stmt 1 view .LVU1481
3542:Drivers/STM32F1xx_HAL_Driver/Src/stm32f1xx_hal_spi.c ****   hspi->TxXferCount--;
 4117              		.loc 1 3542 20 is_stmt 0 view .LVU1482
 4118 000c 0263     		str	r2, [r0, #48]
3543:Drivers/STM32F1xx_HAL_Driver/Src/stm32f1xx_hal_spi.c **** 
 4119              		.loc 1 3543 3 is_stmt 1 view .LVU1483
3543:Drivers/STM32F1xx_HAL_Driver/Src/stm32f1xx_hal_spi.c **** 
 4120              		.loc 1 3543 7 is_stmt 0 view .LVU1484
 4121 000e C28E     		ldrh	r2, [r0, #54]
3543:Drivers/STM32F1xx_HAL_Driver/Src/stm32f1xx_hal_spi.c **** 
 4122              		.loc 1 3543 20 view .LVU1485
 4123 0010 013A     		subs	r2, r2, #1
 4124 0012 92B2     		uxth	r2, r2
 4125 0014 C286     		strh	r2, [r0, #54]	@ movhi
3545:Drivers/STM32F1xx_HAL_Driver/Src/stm32f1xx_hal_spi.c ****   {
 4126              		.loc 1 3545 3 is_stmt 1 view .LVU1486
3545:Drivers/STM32F1xx_HAL_Driver/Src/stm32f1xx_hal_spi.c ****   {
 4127              		.loc 1 3545 11 is_stmt 0 view .LVU1487
 4128 0016 C38E     		ldrh	r3, [r0, #54]
 4129 0018 9BB2     		uxth	r3, r3
3545:Drivers/STM32F1xx_HAL_Driver/Src/stm32f1xx_hal_spi.c ****   {
 4130              		.loc 1 3545 6 view .LVU1488
 4131 001a 13B9     		cbnz	r3, .L436
3554:Drivers/STM32F1xx_HAL_Driver/Src/stm32f1xx_hal_spi.c ****   }
 4132              		.loc 1 3554 5 is_stmt 1 view .LVU1489
3556:Drivers/STM32F1xx_HAL_Driver/Src/stm32f1xx_hal_spi.c **** 
 4133              		.loc 1 3556 1 is_stmt 0 view .LVU1490
 4134 001c 10BC     		pop	{r4}
 4135              	.LCFI45:
 4136              		.cfi_remember_state
 4137              		.cfi_restore 4
 4138              		.cfi_def_cfa_offset 0
3554:Drivers/STM32F1xx_HAL_Driver/Src/stm32f1xx_hal_spi.c ****   }
ARM GAS  C:\Users\airforce\AppData\Local\Temp\cca1ZS9V.s 			page 168


 4139              		.loc 1 3554 5 view .LVU1491
 4140 001e FFF7FEBF 		b	SPI_CloseTx_ISR
 4141              	.LVL186:
 4142              	.L436:
 4143              	.LCFI46:
 4144              		.cfi_restore_state
3556:Drivers/STM32F1xx_HAL_Driver/Src/stm32f1xx_hal_spi.c **** 
 4145              		.loc 1 3556 1 view .LVU1492
 4146 0022 10BC     		pop	{r4}
 4147              	.LCFI47:
 4148              		.cfi_restore 4
 4149              		.cfi_def_cfa_offset 0
 4150 0024 7047     		bx	lr
 4151              		.cfi_endproc
 4152              	.LFE111:
 4154              		.section	.text.SPI_CloseRx_ISR,"ax",%progbits
 4155              		.align	1
 4156              		.syntax unified
 4157              		.thumb
 4158              		.thumb_func
 4160              	SPI_CloseRx_ISR:
 4161              	.LVL187:
 4162              	.LFB116:
3803:Drivers/STM32F1xx_HAL_Driver/Src/stm32f1xx_hal_spi.c ****   /* Disable RXNE and ERR interrupt */
 4163              		.loc 1 3803 1 is_stmt 1 view -0
 4164              		.cfi_startproc
 4165              		@ args = 0, pretend = 0, frame = 8
 4166              		@ frame_needed = 0, uses_anonymous_args = 0
3805:Drivers/STM32F1xx_HAL_Driver/Src/stm32f1xx_hal_spi.c **** 
 4167              		.loc 1 3805 3 view .LVU1494
 4168 0000 0268     		ldr	r2, [r0]
3803:Drivers/STM32F1xx_HAL_Driver/Src/stm32f1xx_hal_spi.c ****   /* Disable RXNE and ERR interrupt */
 4169              		.loc 1 3803 1 is_stmt 0 view .LVU1495
 4170 0002 13B5     		push	{r0, r1, r4, lr}
 4171              	.LCFI48:
 4172              		.cfi_def_cfa_offset 16
 4173              		.cfi_offset 4, -8
 4174              		.cfi_offset 14, -4
3805:Drivers/STM32F1xx_HAL_Driver/Src/stm32f1xx_hal_spi.c **** 
 4175              		.loc 1 3805 3 view .LVU1496
 4176 0004 5368     		ldr	r3, [r2, #4]
3803:Drivers/STM32F1xx_HAL_Driver/Src/stm32f1xx_hal_spi.c ****   /* Disable RXNE and ERR interrupt */
 4177              		.loc 1 3803 1 view .LVU1497
 4178 0006 0446     		mov	r4, r0
3805:Drivers/STM32F1xx_HAL_Driver/Src/stm32f1xx_hal_spi.c **** 
 4179              		.loc 1 3805 3 view .LVU1498
 4180 0008 23F06003 		bic	r3, r3, #96
 4181 000c 5360     		str	r3, [r2, #4]
3808:Drivers/STM32F1xx_HAL_Driver/Src/stm32f1xx_hal_spi.c ****   {
 4182              		.loc 1 3808 3 is_stmt 1 view .LVU1499
3808:Drivers/STM32F1xx_HAL_Driver/Src/stm32f1xx_hal_spi.c ****   {
 4183              		.loc 1 3808 7 is_stmt 0 view .LVU1500
 4184 000e FFF7FEFF 		bl	HAL_GetTick
 4185              	.LVL188:
3808:Drivers/STM32F1xx_HAL_Driver/Src/stm32f1xx_hal_spi.c ****   {
 4186              		.loc 1 3808 7 discriminator 1 view .LVU1501
 4187 0012 6421     		movs	r1, #100
ARM GAS  C:\Users\airforce\AppData\Local\Temp\cca1ZS9V.s 			page 169


3808:Drivers/STM32F1xx_HAL_Driver/Src/stm32f1xx_hal_spi.c ****   {
 4188              		.loc 1 3808 7 view .LVU1502
 4189 0014 0246     		mov	r2, r0
3808:Drivers/STM32F1xx_HAL_Driver/Src/stm32f1xx_hal_spi.c ****   {
 4190              		.loc 1 3808 7 discriminator 1 view .LVU1503
 4191 0016 2046     		mov	r0, r4
 4192 0018 FFF7FEFF 		bl	SPI_EndRxTransaction
 4193              	.LVL189:
3808:Drivers/STM32F1xx_HAL_Driver/Src/stm32f1xx_hal_spi.c ****   {
 4194              		.loc 1 3808 6 discriminator 2 view .LVU1504
 4195 001c 18B1     		cbz	r0, .L439
3810:Drivers/STM32F1xx_HAL_Driver/Src/stm32f1xx_hal_spi.c ****   }
 4196              		.loc 1 3810 5 is_stmt 1 view .LVU1505
 4197 001e 636D     		ldr	r3, [r4, #84]
 4198 0020 43F02003 		orr	r3, r3, #32
 4199 0024 6365     		str	r3, [r4, #84]
 4200              	.L439:
3814:Drivers/STM32F1xx_HAL_Driver/Src/stm32f1xx_hal_spi.c ****   {
 4201              		.loc 1 3814 3 view .LVU1506
3814:Drivers/STM32F1xx_HAL_Driver/Src/stm32f1xx_hal_spi.c ****   {
 4202              		.loc 1 3814 6 is_stmt 0 view .LVU1507
 4203 0026 A368     		ldr	r3, [r4, #8]
 4204 0028 33B9     		cbnz	r3, .L440
3816:Drivers/STM32F1xx_HAL_Driver/Src/stm32f1xx_hal_spi.c ****   }
 4205              		.loc 1 3816 5 is_stmt 1 view .LVU1508
 4206              	.LBB20:
3816:Drivers/STM32F1xx_HAL_Driver/Src/stm32f1xx_hal_spi.c ****   }
 4207              		.loc 1 3816 5 view .LVU1509
 4208 002a 0193     		str	r3, [sp, #4]
3816:Drivers/STM32F1xx_HAL_Driver/Src/stm32f1xx_hal_spi.c ****   }
 4209              		.loc 1 3816 5 view .LVU1510
 4210 002c 2368     		ldr	r3, [r4]
 4211 002e DA68     		ldr	r2, [r3, #12]
 4212 0030 0192     		str	r2, [sp, #4]
3816:Drivers/STM32F1xx_HAL_Driver/Src/stm32f1xx_hal_spi.c ****   }
 4213              		.loc 1 3816 5 view .LVU1511
 4214 0032 9B68     		ldr	r3, [r3, #8]
 4215 0034 0193     		str	r3, [sp, #4]
3816:Drivers/STM32F1xx_HAL_Driver/Src/stm32f1xx_hal_spi.c ****   }
 4216              		.loc 1 3816 5 view .LVU1512
 4217 0036 019B     		ldr	r3, [sp, #4]
 4218              	.L440:
 4219              	.LBE20:
3816:Drivers/STM32F1xx_HAL_Driver/Src/stm32f1xx_hal_spi.c ****   }
 4220              		.loc 1 3816 5 discriminator 1 view .LVU1513
3818:Drivers/STM32F1xx_HAL_Driver/Src/stm32f1xx_hal_spi.c **** 
 4221              		.loc 1 3818 3 view .LVU1514
3818:Drivers/STM32F1xx_HAL_Driver/Src/stm32f1xx_hal_spi.c **** 
 4222              		.loc 1 3818 15 is_stmt 0 view .LVU1515
 4223 0038 0123     		movs	r3, #1
 4224 003a 84F85130 		strb	r3, [r4, #81]
3847:Drivers/STM32F1xx_HAL_Driver/Src/stm32f1xx_hal_spi.c ****     {
 4225              		.loc 1 3847 5 is_stmt 1 view .LVU1516
3847:Drivers/STM32F1xx_HAL_Driver/Src/stm32f1xx_hal_spi.c ****     {
 4226              		.loc 1 3847 13 is_stmt 0 view .LVU1517
 4227 003e 636D     		ldr	r3, [r4, #84]
3853:Drivers/STM32F1xx_HAL_Driver/Src/stm32f1xx_hal_spi.c **** #endif /* USE_HAL_SPI_REGISTER_CALLBACKS */
ARM GAS  C:\Users\airforce\AppData\Local\Temp\cca1ZS9V.s 			page 170


 4228              		.loc 1 3853 7 view .LVU1518
 4229 0040 2046     		mov	r0, r4
3847:Drivers/STM32F1xx_HAL_Driver/Src/stm32f1xx_hal_spi.c ****     {
 4230              		.loc 1 3847 8 view .LVU1519
 4231 0042 1BB9     		cbnz	r3, .L441
 4232              	.LVL190:
3853:Drivers/STM32F1xx_HAL_Driver/Src/stm32f1xx_hal_spi.c **** #endif /* USE_HAL_SPI_REGISTER_CALLBACKS */
 4233              		.loc 1 3853 7 is_stmt 1 view .LVU1520
 4234 0044 FFF7FEFF 		bl	HAL_SPI_RxCpltCallback
 4235              	.LVL191:
 4236              	.L438:
3868:Drivers/STM32F1xx_HAL_Driver/Src/stm32f1xx_hal_spi.c **** 
 4237              		.loc 1 3868 1 is_stmt 0 view .LVU1521
 4238 0048 02B0     		add	sp, sp, #8
 4239              	.LCFI49:
 4240              		.cfi_remember_state
 4241              		.cfi_def_cfa_offset 8
 4242              		@ sp needed
 4243 004a 10BD     		pop	{r4, pc}
 4244              	.LVL192:
 4245              	.L441:
 4246              	.LCFI50:
 4247              		.cfi_restore_state
3862:Drivers/STM32F1xx_HAL_Driver/Src/stm32f1xx_hal_spi.c **** #endif /* USE_HAL_SPI_REGISTER_CALLBACKS */
 4248              		.loc 1 3862 7 is_stmt 1 view .LVU1522
 4249 004c FFF7FEFF 		bl	HAL_SPI_ErrorCallback
 4250              	.LVL193:
3868:Drivers/STM32F1xx_HAL_Driver/Src/stm32f1xx_hal_spi.c **** 
 4251              		.loc 1 3868 1 is_stmt 0 view .LVU1523
 4252 0050 FAE7     		b	.L438
 4253              		.cfi_endproc
 4254              	.LFE116:
 4256              		.section	.text.SPI_RxISR_8BIT,"ax",%progbits
 4257              		.align	1
 4258              		.syntax unified
 4259              		.thumb
 4260              		.thumb_func
 4262              	SPI_RxISR_8BIT:
 4263              	.LVL194:
 4264              	.LFB108:
3411:Drivers/STM32F1xx_HAL_Driver/Src/stm32f1xx_hal_spi.c ****   *hspi->pRxBuffPtr = (*(__IO uint8_t *)&hspi->Instance->DR);
 4265              		.loc 1 3411 1 is_stmt 1 view -0
 4266              		.cfi_startproc
 4267              		@ args = 0, pretend = 0, frame = 0
 4268              		@ frame_needed = 0, uses_anonymous_args = 0
 4269              		@ link register save eliminated.
3412:Drivers/STM32F1xx_HAL_Driver/Src/stm32f1xx_hal_spi.c ****   hspi->pRxBuffPtr++;
 4270              		.loc 1 3412 3 view .LVU1525
3412:Drivers/STM32F1xx_HAL_Driver/Src/stm32f1xx_hal_spi.c ****   hspi->pRxBuffPtr++;
 4271              		.loc 1 3412 46 is_stmt 0 view .LVU1526
 4272 0000 0168     		ldr	r1, [r0]
3412:Drivers/STM32F1xx_HAL_Driver/Src/stm32f1xx_hal_spi.c ****   hspi->pRxBuffPtr++;
 4273              		.loc 1 3412 8 view .LVU1527
 4274 0002 826B     		ldr	r2, [r0, #56]
3412:Drivers/STM32F1xx_HAL_Driver/Src/stm32f1xx_hal_spi.c ****   hspi->pRxBuffPtr++;
 4275              		.loc 1 3412 24 view .LVU1528
 4276 0004 097B     		ldrb	r1, [r1, #12]	@ zero_extendqisi2
ARM GAS  C:\Users\airforce\AppData\Local\Temp\cca1ZS9V.s 			page 171


3412:Drivers/STM32F1xx_HAL_Driver/Src/stm32f1xx_hal_spi.c ****   hspi->pRxBuffPtr++;
 4277              		.loc 1 3412 21 view .LVU1529
 4278 0006 1170     		strb	r1, [r2]
3413:Drivers/STM32F1xx_HAL_Driver/Src/stm32f1xx_hal_spi.c ****   hspi->RxXferCount--;
 4279              		.loc 1 3413 3 is_stmt 1 view .LVU1530
3413:Drivers/STM32F1xx_HAL_Driver/Src/stm32f1xx_hal_spi.c ****   hspi->RxXferCount--;
 4280              		.loc 1 3413 19 is_stmt 0 view .LVU1531
 4281 0008 826B     		ldr	r2, [r0, #56]
 4282 000a 0132     		adds	r2, r2, #1
 4283 000c 8263     		str	r2, [r0, #56]
3414:Drivers/STM32F1xx_HAL_Driver/Src/stm32f1xx_hal_spi.c **** 
 4284              		.loc 1 3414 3 is_stmt 1 view .LVU1532
3414:Drivers/STM32F1xx_HAL_Driver/Src/stm32f1xx_hal_spi.c **** 
 4285              		.loc 1 3414 7 is_stmt 0 view .LVU1533
 4286 000e C28F     		ldrh	r2, [r0, #62]
3414:Drivers/STM32F1xx_HAL_Driver/Src/stm32f1xx_hal_spi.c **** 
 4287              		.loc 1 3414 20 view .LVU1534
 4288 0010 013A     		subs	r2, r2, #1
 4289 0012 92B2     		uxth	r2, r2
 4290 0014 C287     		strh	r2, [r0, #62]	@ movhi
3431:Drivers/STM32F1xx_HAL_Driver/Src/stm32f1xx_hal_spi.c ****   {
 4291              		.loc 1 3431 3 is_stmt 1 view .LVU1535
3431:Drivers/STM32F1xx_HAL_Driver/Src/stm32f1xx_hal_spi.c ****   {
 4292              		.loc 1 3431 11 is_stmt 0 view .LVU1536
 4293 0016 C38F     		ldrh	r3, [r0, #62]
 4294 0018 9BB2     		uxth	r3, r3
3431:Drivers/STM32F1xx_HAL_Driver/Src/stm32f1xx_hal_spi.c ****   {
 4295              		.loc 1 3431 6 view .LVU1537
 4296 001a 0BB9     		cbnz	r3, .L446
3440:Drivers/STM32F1xx_HAL_Driver/Src/stm32f1xx_hal_spi.c ****   }
 4297              		.loc 1 3440 5 is_stmt 1 view .LVU1538
 4298 001c FFF7FEBF 		b	SPI_CloseRx_ISR
 4299              	.LVL195:
 4300              	.L446:
3442:Drivers/STM32F1xx_HAL_Driver/Src/stm32f1xx_hal_spi.c **** 
 4301              		.loc 1 3442 1 is_stmt 0 view .LVU1539
 4302 0020 7047     		bx	lr
 4303              		.cfi_endproc
 4304              	.LFE108:
 4306              		.section	.text.SPI_RxISR_16BIT,"ax",%progbits
 4307              		.align	1
 4308              		.syntax unified
 4309              		.thumb
 4310              		.thumb_func
 4312              	SPI_RxISR_16BIT:
 4313              	.LVL196:
 4314              	.LFB109:
3474:Drivers/STM32F1xx_HAL_Driver/Src/stm32f1xx_hal_spi.c ****   *((uint16_t *)hspi->pRxBuffPtr) = (uint16_t)(hspi->Instance->DR);
 4315              		.loc 1 3474 1 is_stmt 1 view -0
 4316              		.cfi_startproc
 4317              		@ args = 0, pretend = 0, frame = 0
 4318              		@ frame_needed = 0, uses_anonymous_args = 0
 4319              		@ link register save eliminated.
3475:Drivers/STM32F1xx_HAL_Driver/Src/stm32f1xx_hal_spi.c ****   hspi->pRxBuffPtr += sizeof(uint16_t);
 4320              		.loc 1 3475 3 view .LVU1541
3475:Drivers/STM32F1xx_HAL_Driver/Src/stm32f1xx_hal_spi.c ****   hspi->pRxBuffPtr += sizeof(uint16_t);
 4321              		.loc 1 3475 52 is_stmt 0 view .LVU1542
ARM GAS  C:\Users\airforce\AppData\Local\Temp\cca1ZS9V.s 			page 172


 4322 0000 0268     		ldr	r2, [r0]
3475:Drivers/STM32F1xx_HAL_Driver/Src/stm32f1xx_hal_spi.c ****   hspi->pRxBuffPtr += sizeof(uint16_t);
 4323              		.loc 1 3475 62 view .LVU1543
 4324 0002 D168     		ldr	r1, [r2, #12]
3475:Drivers/STM32F1xx_HAL_Driver/Src/stm32f1xx_hal_spi.c ****   hspi->pRxBuffPtr += sizeof(uint16_t);
 4325              		.loc 1 3475 37 view .LVU1544
 4326 0004 826B     		ldr	r2, [r0, #56]
 4327 0006 22F8021B 		strh	r1, [r2], #2	@ movhi
3476:Drivers/STM32F1xx_HAL_Driver/Src/stm32f1xx_hal_spi.c ****   hspi->RxXferCount--;
 4328              		.loc 1 3476 3 is_stmt 1 view .LVU1545
3476:Drivers/STM32F1xx_HAL_Driver/Src/stm32f1xx_hal_spi.c ****   hspi->RxXferCount--;
 4329              		.loc 1 3476 20 is_stmt 0 view .LVU1546
 4330 000a 8263     		str	r2, [r0, #56]
3477:Drivers/STM32F1xx_HAL_Driver/Src/stm32f1xx_hal_spi.c **** 
 4331              		.loc 1 3477 3 is_stmt 1 view .LVU1547
3477:Drivers/STM32F1xx_HAL_Driver/Src/stm32f1xx_hal_spi.c **** 
 4332              		.loc 1 3477 7 is_stmt 0 view .LVU1548
 4333 000c C28F     		ldrh	r2, [r0, #62]
3477:Drivers/STM32F1xx_HAL_Driver/Src/stm32f1xx_hal_spi.c **** 
 4334              		.loc 1 3477 20 view .LVU1549
 4335 000e 013A     		subs	r2, r2, #1
 4336 0010 92B2     		uxth	r2, r2
 4337 0012 C287     		strh	r2, [r0, #62]	@ movhi
3494:Drivers/STM32F1xx_HAL_Driver/Src/stm32f1xx_hal_spi.c ****   {
 4338              		.loc 1 3494 3 is_stmt 1 view .LVU1550
3494:Drivers/STM32F1xx_HAL_Driver/Src/stm32f1xx_hal_spi.c ****   {
 4339              		.loc 1 3494 11 is_stmt 0 view .LVU1551
 4340 0014 C38F     		ldrh	r3, [r0, #62]
 4341 0016 9BB2     		uxth	r3, r3
3494:Drivers/STM32F1xx_HAL_Driver/Src/stm32f1xx_hal_spi.c ****   {
 4342              		.loc 1 3494 6 view .LVU1552
 4343 0018 0BB9     		cbnz	r3, .L448
3503:Drivers/STM32F1xx_HAL_Driver/Src/stm32f1xx_hal_spi.c ****   }
 4344              		.loc 1 3503 5 is_stmt 1 view .LVU1553
 4345 001a FFF7FEBF 		b	SPI_CloseRx_ISR
 4346              	.LVL197:
 4347              	.L448:
3505:Drivers/STM32F1xx_HAL_Driver/Src/stm32f1xx_hal_spi.c **** 
 4348              		.loc 1 3505 1 is_stmt 0 view .LVU1554
 4349 001e 7047     		bx	lr
 4350              		.cfi_endproc
 4351              	.LFE109:
 4353              		.section	.text.SPI_CloseRxTx_ISR,"ax",%progbits
 4354              		.align	1
 4355              		.syntax unified
 4356              		.thumb
 4357              		.thumb_func
 4359              	SPI_CloseRxTx_ISR:
 4360              	.LVL198:
 4361              	.LFB115:
3697:Drivers/STM32F1xx_HAL_Driver/Src/stm32f1xx_hal_spi.c ****   uint32_t tickstart;
 4362              		.loc 1 3697 1 is_stmt 1 view -0
 4363              		.cfi_startproc
 4364              		@ args = 0, pretend = 0, frame = 8
 4365              		@ frame_needed = 0, uses_anonymous_args = 0
3698:Drivers/STM32F1xx_HAL_Driver/Src/stm32f1xx_hal_spi.c ****   __IO uint32_t count = SPI_DEFAULT_TIMEOUT * (SystemCoreClock / 24U / 1000U);
 4366              		.loc 1 3698 3 view .LVU1556
ARM GAS  C:\Users\airforce\AppData\Local\Temp\cca1ZS9V.s 			page 173


3699:Drivers/STM32F1xx_HAL_Driver/Src/stm32f1xx_hal_spi.c **** 
 4367              		.loc 1 3699 3 view .LVU1557
3699:Drivers/STM32F1xx_HAL_Driver/Src/stm32f1xx_hal_spi.c **** 
 4368              		.loc 1 3699 70 is_stmt 0 view .LVU1558
 4369 0000 45F6C052 		movw	r2, #24000
 4370 0004 244B     		ldr	r3, .L464
3697:Drivers/STM32F1xx_HAL_Driver/Src/stm32f1xx_hal_spi.c ****   uint32_t tickstart;
 4371              		.loc 1 3697 1 view .LVU1559
 4372 0006 13B5     		push	{r0, r1, r4, lr}
 4373              	.LCFI51:
 4374              		.cfi_def_cfa_offset 16
 4375              		.cfi_offset 4, -8
 4376              		.cfi_offset 14, -4
3699:Drivers/STM32F1xx_HAL_Driver/Src/stm32f1xx_hal_spi.c **** 
 4377              		.loc 1 3699 70 view .LVU1560
 4378 0008 1B68     		ldr	r3, [r3]
3697:Drivers/STM32F1xx_HAL_Driver/Src/stm32f1xx_hal_spi.c ****   uint32_t tickstart;
 4379              		.loc 1 3697 1 view .LVU1561
 4380 000a 0446     		mov	r4, r0
3699:Drivers/STM32F1xx_HAL_Driver/Src/stm32f1xx_hal_spi.c **** 
 4381              		.loc 1 3699 70 view .LVU1562
 4382 000c B3FBF2F3 		udiv	r3, r3, r2
3699:Drivers/STM32F1xx_HAL_Driver/Src/stm32f1xx_hal_spi.c **** 
 4383              		.loc 1 3699 45 view .LVU1563
 4384 0010 6422     		movs	r2, #100
 4385 0012 5343     		muls	r3, r2, r3
3699:Drivers/STM32F1xx_HAL_Driver/Src/stm32f1xx_hal_spi.c **** 
 4386              		.loc 1 3699 17 view .LVU1564
 4387 0014 0093     		str	r3, [sp]
3702:Drivers/STM32F1xx_HAL_Driver/Src/stm32f1xx_hal_spi.c **** 
 4388              		.loc 1 3702 3 is_stmt 1 view .LVU1565
3702:Drivers/STM32F1xx_HAL_Driver/Src/stm32f1xx_hal_spi.c **** 
 4389              		.loc 1 3702 15 is_stmt 0 view .LVU1566
 4390 0016 FFF7FEFF 		bl	HAL_GetTick
 4391              	.LVL199:
3702:Drivers/STM32F1xx_HAL_Driver/Src/stm32f1xx_hal_spi.c **** 
 4392              		.loc 1 3702 15 view .LVU1567
 4393 001a 0246     		mov	r2, r0
 4394              	.LVL200:
3705:Drivers/STM32F1xx_HAL_Driver/Src/stm32f1xx_hal_spi.c **** 
 4395              		.loc 1 3705 3 is_stmt 1 view .LVU1568
 4396 001c 2368     		ldr	r3, [r4]
 4397 001e 5968     		ldr	r1, [r3, #4]
 4398 0020 21F02001 		bic	r1, r1, #32
 4399 0024 5960     		str	r1, [r3, #4]
 4400              	.L453:
3708:Drivers/STM32F1xx_HAL_Driver/Src/stm32f1xx_hal_spi.c ****   {
 4401              		.loc 1 3708 3 view .LVU1569
3710:Drivers/STM32F1xx_HAL_Driver/Src/stm32f1xx_hal_spi.c ****     {
 4402              		.loc 1 3710 5 view .LVU1570
3710:Drivers/STM32F1xx_HAL_Driver/Src/stm32f1xx_hal_spi.c ****     {
 4403              		.loc 1 3710 15 is_stmt 0 view .LVU1571
 4404 0026 0099     		ldr	r1, [sp]
3710:Drivers/STM32F1xx_HAL_Driver/Src/stm32f1xx_hal_spi.c ****     {
 4405              		.loc 1 3710 8 view .LVU1572
 4406 0028 21BB     		cbnz	r1, .L451
3712:Drivers/STM32F1xx_HAL_Driver/Src/stm32f1xx_hal_spi.c ****       break;
ARM GAS  C:\Users\airforce\AppData\Local\Temp\cca1ZS9V.s 			page 174


 4407              		.loc 1 3712 7 is_stmt 1 view .LVU1573
 4408 002a 636D     		ldr	r3, [r4, #84]
 4409 002c 43F02003 		orr	r3, r3, #32
 4410 0030 6365     		str	r3, [r4, #84]
3713:Drivers/STM32F1xx_HAL_Driver/Src/stm32f1xx_hal_spi.c ****     }
 4411              		.loc 1 3713 7 view .LVU1574
 4412              	.L452:
3719:Drivers/STM32F1xx_HAL_Driver/Src/stm32f1xx_hal_spi.c ****   {
 4413              		.loc 1 3719 3 view .LVU1575
3719:Drivers/STM32F1xx_HAL_Driver/Src/stm32f1xx_hal_spi.c ****   {
 4414              		.loc 1 3719 7 is_stmt 0 view .LVU1576
 4415 0032 6421     		movs	r1, #100
 4416 0034 2046     		mov	r0, r4
 4417              	.LVL201:
3719:Drivers/STM32F1xx_HAL_Driver/Src/stm32f1xx_hal_spi.c ****   {
 4418              		.loc 1 3719 7 view .LVU1577
 4419 0036 FFF7FEFF 		bl	SPI_EndRxTxTransaction
 4420              	.LVL202:
3719:Drivers/STM32F1xx_HAL_Driver/Src/stm32f1xx_hal_spi.c ****   {
 4421              		.loc 1 3719 6 discriminator 1 view .LVU1578
 4422 003a 18B1     		cbz	r0, .L454
3721:Drivers/STM32F1xx_HAL_Driver/Src/stm32f1xx_hal_spi.c ****   }
 4423              		.loc 1 3721 5 is_stmt 1 view .LVU1579
 4424 003c 636D     		ldr	r3, [r4, #84]
 4425 003e 43F02003 		orr	r3, r3, #32
 4426 0042 6365     		str	r3, [r4, #84]
 4427              	.L454:
3725:Drivers/STM32F1xx_HAL_Driver/Src/stm32f1xx_hal_spi.c ****   {
 4428              		.loc 1 3725 3 view .LVU1580
3725:Drivers/STM32F1xx_HAL_Driver/Src/stm32f1xx_hal_spi.c ****   {
 4429              		.loc 1 3725 6 is_stmt 0 view .LVU1581
 4430 0044 A368     		ldr	r3, [r4, #8]
 4431 0046 33B9     		cbnz	r3, .L455
3727:Drivers/STM32F1xx_HAL_Driver/Src/stm32f1xx_hal_spi.c ****   }
 4432              		.loc 1 3727 5 is_stmt 1 view .LVU1582
 4433              	.LBB21:
3727:Drivers/STM32F1xx_HAL_Driver/Src/stm32f1xx_hal_spi.c ****   }
 4434              		.loc 1 3727 5 view .LVU1583
 4435 0048 0193     		str	r3, [sp, #4]
3727:Drivers/STM32F1xx_HAL_Driver/Src/stm32f1xx_hal_spi.c ****   }
 4436              		.loc 1 3727 5 view .LVU1584
 4437 004a 2368     		ldr	r3, [r4]
 4438 004c DA68     		ldr	r2, [r3, #12]
 4439 004e 0192     		str	r2, [sp, #4]
3727:Drivers/STM32F1xx_HAL_Driver/Src/stm32f1xx_hal_spi.c ****   }
 4440              		.loc 1 3727 5 view .LVU1585
 4441 0050 9B68     		ldr	r3, [r3, #8]
 4442 0052 0193     		str	r3, [sp, #4]
3727:Drivers/STM32F1xx_HAL_Driver/Src/stm32f1xx_hal_spi.c ****   }
 4443              		.loc 1 3727 5 view .LVU1586
 4444 0054 019B     		ldr	r3, [sp, #4]
 4445              	.L455:
 4446              	.LBE21:
3727:Drivers/STM32F1xx_HAL_Driver/Src/stm32f1xx_hal_spi.c ****   }
 4447              		.loc 1 3727 5 discriminator 1 view .LVU1587
3758:Drivers/STM32F1xx_HAL_Driver/Src/stm32f1xx_hal_spi.c ****     {
 4448              		.loc 1 3758 5 view .LVU1588
ARM GAS  C:\Users\airforce\AppData\Local\Temp\cca1ZS9V.s 			page 175


3758:Drivers/STM32F1xx_HAL_Driver/Src/stm32f1xx_hal_spi.c ****     {
 4449              		.loc 1 3758 13 is_stmt 0 view .LVU1589
 4450 0056 636D     		ldr	r3, [r4, #84]
3758:Drivers/STM32F1xx_HAL_Driver/Src/stm32f1xx_hal_spi.c ****     {
 4451              		.loc 1 3758 8 view .LVU1590
 4452 0058 B3B9     		cbnz	r3, .L456
3760:Drivers/STM32F1xx_HAL_Driver/Src/stm32f1xx_hal_spi.c ****       {
 4453              		.loc 1 3760 7 is_stmt 1 view .LVU1591
3760:Drivers/STM32F1xx_HAL_Driver/Src/stm32f1xx_hal_spi.c ****       {
 4454              		.loc 1 3760 15 is_stmt 0 view .LVU1592
 4455 005a 94F85130 		ldrb	r3, [r4, #81]	@ zero_extendqisi2
3767:Drivers/STM32F1xx_HAL_Driver/Src/stm32f1xx_hal_spi.c **** #endif /* USE_HAL_SPI_REGISTER_CALLBACKS */
 4456              		.loc 1 3767 9 view .LVU1593
 4457 005e 2046     		mov	r0, r4
3760:Drivers/STM32F1xx_HAL_Driver/Src/stm32f1xx_hal_spi.c ****       {
 4458              		.loc 1 3760 10 view .LVU1594
 4459 0060 042B     		cmp	r3, #4
 4460 0062 4FF00103 		mov	r3, #1
3762:Drivers/STM32F1xx_HAL_Driver/Src/stm32f1xx_hal_spi.c ****         /* Call user Rx complete callback */
 4461              		.loc 1 3762 21 view .LVU1595
 4462 0066 84F85130 		strb	r3, [r4, #81]
3767:Drivers/STM32F1xx_HAL_Driver/Src/stm32f1xx_hal_spi.c **** #endif /* USE_HAL_SPI_REGISTER_CALLBACKS */
 4463              		.loc 1 3767 9 is_stmt 1 view .LVU1596
3760:Drivers/STM32F1xx_HAL_Driver/Src/stm32f1xx_hal_spi.c ****       {
 4464              		.loc 1 3760 10 is_stmt 0 view .LVU1597
 4465 006a 0AD1     		bne	.L457
 4466              	.LVL203:
3762:Drivers/STM32F1xx_HAL_Driver/Src/stm32f1xx_hal_spi.c ****         /* Call user Rx complete callback */
 4467              		.loc 1 3762 9 is_stmt 1 view .LVU1598
3767:Drivers/STM32F1xx_HAL_Driver/Src/stm32f1xx_hal_spi.c **** #endif /* USE_HAL_SPI_REGISTER_CALLBACKS */
 4468              		.loc 1 3767 9 is_stmt 0 view .LVU1599
 4469 006c FFF7FEFF 		bl	HAL_SPI_RxCpltCallback
 4470              	.LVL204:
 4471              	.L450:
3794:Drivers/STM32F1xx_HAL_Driver/Src/stm32f1xx_hal_spi.c **** 
 4472              		.loc 1 3794 1 view .LVU1600
 4473 0070 02B0     		add	sp, sp, #8
 4474              	.LCFI52:
 4475              		.cfi_remember_state
 4476              		.cfi_def_cfa_offset 8
 4477              		@ sp needed
 4478 0072 10BD     		pop	{r4, pc}
 4479              	.LVL205:
 4480              	.L451:
 4481              	.LCFI53:
 4482              		.cfi_restore_state
3715:Drivers/STM32F1xx_HAL_Driver/Src/stm32f1xx_hal_spi.c ****   } while ((hspi->Instance->SR & SPI_FLAG_TXE) == RESET);
 4483              		.loc 1 3715 5 is_stmt 1 view .LVU1601
3715:Drivers/STM32F1xx_HAL_Driver/Src/stm32f1xx_hal_spi.c ****   } while ((hspi->Instance->SR & SPI_FLAG_TXE) == RESET);
 4484              		.loc 1 3715 10 is_stmt 0 view .LVU1602
 4485 0074 0099     		ldr	r1, [sp]
 4486 0076 0139     		subs	r1, r1, #1
 4487 0078 0091     		str	r1, [sp]
3716:Drivers/STM32F1xx_HAL_Driver/Src/stm32f1xx_hal_spi.c **** 
 4488              		.loc 1 3716 48 is_stmt 1 view .LVU1603
3716:Drivers/STM32F1xx_HAL_Driver/Src/stm32f1xx_hal_spi.c **** 
 4489              		.loc 1 3716 27 is_stmt 0 view .LVU1604
ARM GAS  C:\Users\airforce\AppData\Local\Temp\cca1ZS9V.s 			page 176


 4490 007a 9968     		ldr	r1, [r3, #8]
3716:Drivers/STM32F1xx_HAL_Driver/Src/stm32f1xx_hal_spi.c **** 
 4491              		.loc 1 3716 48 view .LVU1605
 4492 007c 8907     		lsls	r1, r1, #30
 4493 007e D2D5     		bpl	.L453
 4494 0080 D7E7     		b	.L452
 4495              	.LVL206:
 4496              	.L457:
3772:Drivers/STM32F1xx_HAL_Driver/Src/stm32f1xx_hal_spi.c ****         /* Call user TxRx complete callback */
 4497              		.loc 1 3772 9 is_stmt 1 view .LVU1606
3777:Drivers/STM32F1xx_HAL_Driver/Src/stm32f1xx_hal_spi.c **** #endif /* USE_HAL_SPI_REGISTER_CALLBACKS */
 4498              		.loc 1 3777 9 is_stmt 0 view .LVU1607
 4499 0082 FFF7FEFF 		bl	HAL_SPI_TxRxCpltCallback
 4500              	.LVL207:
3777:Drivers/STM32F1xx_HAL_Driver/Src/stm32f1xx_hal_spi.c **** #endif /* USE_HAL_SPI_REGISTER_CALLBACKS */
 4501              		.loc 1 3777 9 view .LVU1608
 4502 0086 F3E7     		b	.L450
 4503              	.L456:
3783:Drivers/STM32F1xx_HAL_Driver/Src/stm32f1xx_hal_spi.c ****       /* Call user error callback */
 4504              		.loc 1 3783 7 is_stmt 1 view .LVU1609
3783:Drivers/STM32F1xx_HAL_Driver/Src/stm32f1xx_hal_spi.c ****       /* Call user error callback */
 4505              		.loc 1 3783 19 is_stmt 0 view .LVU1610
 4506 0088 0123     		movs	r3, #1
3788:Drivers/STM32F1xx_HAL_Driver/Src/stm32f1xx_hal_spi.c **** #endif /* USE_HAL_SPI_REGISTER_CALLBACKS */
 4507              		.loc 1 3788 7 view .LVU1611
 4508 008a 2046     		mov	r0, r4
3783:Drivers/STM32F1xx_HAL_Driver/Src/stm32f1xx_hal_spi.c ****       /* Call user error callback */
 4509              		.loc 1 3783 19 view .LVU1612
 4510 008c 84F85130 		strb	r3, [r4, #81]
3788:Drivers/STM32F1xx_HAL_Driver/Src/stm32f1xx_hal_spi.c **** #endif /* USE_HAL_SPI_REGISTER_CALLBACKS */
 4511              		.loc 1 3788 7 is_stmt 1 view .LVU1613
 4512 0090 FFF7FEFF 		bl	HAL_SPI_ErrorCallback
 4513              	.LVL208:
3794:Drivers/STM32F1xx_HAL_Driver/Src/stm32f1xx_hal_spi.c **** 
 4514              		.loc 1 3794 1 is_stmt 0 view .LVU1614
 4515 0094 ECE7     		b	.L450
 4516              	.L465:
 4517 0096 00BF     		.align	2
 4518              	.L464:
 4519 0098 00000000 		.word	SystemCoreClock
 4520              		.cfi_endproc
 4521              	.LFE115:
 4523              		.section	.text.SPI_2linesTxISR_8BIT,"ax",%progbits
 4524              		.align	1
 4525              		.syntax unified
 4526              		.thumb
 4527              		.thumb_func
 4529              	SPI_2linesTxISR_8BIT:
 4530              	.LVL209:
 4531              	.LFB105:
3259:Drivers/STM32F1xx_HAL_Driver/Src/stm32f1xx_hal_spi.c ****   *(__IO uint8_t *)&hspi->Instance->DR = *((const uint8_t *)hspi->pTxBuffPtr);
 4532              		.loc 1 3259 1 is_stmt 1 view -0
 4533              		.cfi_startproc
 4534              		@ args = 0, pretend = 0, frame = 0
 4535              		@ frame_needed = 0, uses_anonymous_args = 0
 4536              		@ link register save eliminated.
3260:Drivers/STM32F1xx_HAL_Driver/Src/stm32f1xx_hal_spi.c ****   hspi->pTxBuffPtr++;
ARM GAS  C:\Users\airforce\AppData\Local\Temp\cca1ZS9V.s 			page 177


 4537              		.loc 1 3260 3 view .LVU1616
3260:Drivers/STM32F1xx_HAL_Driver/Src/stm32f1xx_hal_spi.c ****   hspi->pTxBuffPtr++;
 4538              		.loc 1 3260 42 is_stmt 0 view .LVU1617
 4539 0000 016B     		ldr	r1, [r0, #48]
3260:Drivers/STM32F1xx_HAL_Driver/Src/stm32f1xx_hal_spi.c ****   hspi->pTxBuffPtr++;
 4540              		.loc 1 3260 25 view .LVU1618
 4541 0002 0268     		ldr	r2, [r0]
3260:Drivers/STM32F1xx_HAL_Driver/Src/stm32f1xx_hal_spi.c ****   hspi->pTxBuffPtr++;
 4542              		.loc 1 3260 42 view .LVU1619
 4543 0004 0978     		ldrb	r1, [r1]	@ zero_extendqisi2
3260:Drivers/STM32F1xx_HAL_Driver/Src/stm32f1xx_hal_spi.c ****   hspi->pTxBuffPtr++;
 4544              		.loc 1 3260 40 view .LVU1620
 4545 0006 1173     		strb	r1, [r2, #12]
3261:Drivers/STM32F1xx_HAL_Driver/Src/stm32f1xx_hal_spi.c ****   hspi->TxXferCount--;
 4546              		.loc 1 3261 3 is_stmt 1 view .LVU1621
3261:Drivers/STM32F1xx_HAL_Driver/Src/stm32f1xx_hal_spi.c ****   hspi->TxXferCount--;
 4547              		.loc 1 3261 19 is_stmt 0 view .LVU1622
 4548 0008 026B     		ldr	r2, [r0, #48]
 4549 000a 0132     		adds	r2, r2, #1
 4550 000c 0263     		str	r2, [r0, #48]
3262:Drivers/STM32F1xx_HAL_Driver/Src/stm32f1xx_hal_spi.c **** 
 4551              		.loc 1 3262 3 is_stmt 1 view .LVU1623
3262:Drivers/STM32F1xx_HAL_Driver/Src/stm32f1xx_hal_spi.c **** 
 4552              		.loc 1 3262 7 is_stmt 0 view .LVU1624
 4553 000e C28E     		ldrh	r2, [r0, #54]
3262:Drivers/STM32F1xx_HAL_Driver/Src/stm32f1xx_hal_spi.c **** 
 4554              		.loc 1 3262 20 view .LVU1625
 4555 0010 013A     		subs	r2, r2, #1
 4556 0012 92B2     		uxth	r2, r2
 4557 0014 C286     		strh	r2, [r0, #54]	@ movhi
3265:Drivers/STM32F1xx_HAL_Driver/Src/stm32f1xx_hal_spi.c ****   {
 4558              		.loc 1 3265 3 is_stmt 1 view .LVU1626
3265:Drivers/STM32F1xx_HAL_Driver/Src/stm32f1xx_hal_spi.c ****   {
 4559              		.loc 1 3265 11 is_stmt 0 view .LVU1627
 4560 0016 C28E     		ldrh	r2, [r0, #54]
 4561 0018 92B2     		uxth	r2, r2
3265:Drivers/STM32F1xx_HAL_Driver/Src/stm32f1xx_hal_spi.c ****   {
 4562              		.loc 1 3265 6 view .LVU1628
 4563 001a 4AB9     		cbnz	r2, .L466
 4564              	.LVL210:
 4565              	.LBB24:
 4566              	.LBI24:
3258:Drivers/STM32F1xx_HAL_Driver/Src/stm32f1xx_hal_spi.c **** {
 4567              		.loc 1 3258 13 is_stmt 1 view .LVU1629
 4568              	.LBB25:
3279:Drivers/STM32F1xx_HAL_Driver/Src/stm32f1xx_hal_spi.c **** 
 4569              		.loc 1 3279 5 view .LVU1630
 4570 001c 0168     		ldr	r1, [r0]
 4571 001e 4A68     		ldr	r2, [r1, #4]
 4572 0020 22F08002 		bic	r2, r2, #128
 4573 0024 4A60     		str	r2, [r1, #4]
3281:Drivers/STM32F1xx_HAL_Driver/Src/stm32f1xx_hal_spi.c ****     {
 4574              		.loc 1 3281 5 view .LVU1631
3281:Drivers/STM32F1xx_HAL_Driver/Src/stm32f1xx_hal_spi.c ****     {
 4575              		.loc 1 3281 13 is_stmt 0 view .LVU1632
 4576 0026 C38F     		ldrh	r3, [r0, #62]
 4577 0028 9BB2     		uxth	r3, r3
ARM GAS  C:\Users\airforce\AppData\Local\Temp\cca1ZS9V.s 			page 178


3281:Drivers/STM32F1xx_HAL_Driver/Src/stm32f1xx_hal_spi.c ****     {
 4578              		.loc 1 3281 8 view .LVU1633
 4579 002a 0BB9     		cbnz	r3, .L466
3283:Drivers/STM32F1xx_HAL_Driver/Src/stm32f1xx_hal_spi.c ****     }
 4580              		.loc 1 3283 7 is_stmt 1 view .LVU1634
 4581 002c FFF7FEBF 		b	SPI_CloseRxTx_ISR
 4582              	.LVL211:
 4583              	.L466:
3283:Drivers/STM32F1xx_HAL_Driver/Src/stm32f1xx_hal_spi.c ****     }
 4584              		.loc 1 3283 7 is_stmt 0 view .LVU1635
 4585              	.LBE25:
 4586              	.LBE24:
3286:Drivers/STM32F1xx_HAL_Driver/Src/stm32f1xx_hal_spi.c **** 
 4587              		.loc 1 3286 1 view .LVU1636
 4588 0030 7047     		bx	lr
 4589              		.cfi_endproc
 4590              	.LFE105:
 4592              		.section	.text.SPI_2linesRxISR_8BIT,"ax",%progbits
 4593              		.align	1
 4594              		.syntax unified
 4595              		.thumb
 4596              		.thumb_func
 4598              	SPI_2linesRxISR_8BIT:
 4599              	.LVL212:
 4600              	.LFB104:
3196:Drivers/STM32F1xx_HAL_Driver/Src/stm32f1xx_hal_spi.c ****   /* Receive data in 8bit mode */
 4601              		.loc 1 3196 1 is_stmt 1 view -0
 4602              		.cfi_startproc
 4603              		@ args = 0, pretend = 0, frame = 0
 4604              		@ frame_needed = 0, uses_anonymous_args = 0
 4605              		@ link register save eliminated.
3198:Drivers/STM32F1xx_HAL_Driver/Src/stm32f1xx_hal_spi.c ****   hspi->pRxBuffPtr++;
 4606              		.loc 1 3198 3 view .LVU1638
3198:Drivers/STM32F1xx_HAL_Driver/Src/stm32f1xx_hal_spi.c ****   hspi->pRxBuffPtr++;
 4607              		.loc 1 3198 46 is_stmt 0 view .LVU1639
 4608 0000 0168     		ldr	r1, [r0]
3198:Drivers/STM32F1xx_HAL_Driver/Src/stm32f1xx_hal_spi.c ****   hspi->pRxBuffPtr++;
 4609              		.loc 1 3198 8 view .LVU1640
 4610 0002 826B     		ldr	r2, [r0, #56]
3198:Drivers/STM32F1xx_HAL_Driver/Src/stm32f1xx_hal_spi.c ****   hspi->pRxBuffPtr++;
 4611              		.loc 1 3198 23 view .LVU1641
 4612 0004 097B     		ldrb	r1, [r1, #12]	@ zero_extendqisi2
3198:Drivers/STM32F1xx_HAL_Driver/Src/stm32f1xx_hal_spi.c ****   hspi->pRxBuffPtr++;
 4613              		.loc 1 3198 21 view .LVU1642
 4614 0006 1170     		strb	r1, [r2]
3199:Drivers/STM32F1xx_HAL_Driver/Src/stm32f1xx_hal_spi.c ****   hspi->RxXferCount--;
 4615              		.loc 1 3199 3 is_stmt 1 view .LVU1643
3199:Drivers/STM32F1xx_HAL_Driver/Src/stm32f1xx_hal_spi.c ****   hspi->RxXferCount--;
 4616              		.loc 1 3199 19 is_stmt 0 view .LVU1644
 4617 0008 826B     		ldr	r2, [r0, #56]
 4618 000a 0132     		adds	r2, r2, #1
 4619 000c 8263     		str	r2, [r0, #56]
3200:Drivers/STM32F1xx_HAL_Driver/Src/stm32f1xx_hal_spi.c **** 
 4620              		.loc 1 3200 3 is_stmt 1 view .LVU1645
3200:Drivers/STM32F1xx_HAL_Driver/Src/stm32f1xx_hal_spi.c **** 
 4621              		.loc 1 3200 7 is_stmt 0 view .LVU1646
 4622 000e C28F     		ldrh	r2, [r0, #62]
ARM GAS  C:\Users\airforce\AppData\Local\Temp\cca1ZS9V.s 			page 179


3200:Drivers/STM32F1xx_HAL_Driver/Src/stm32f1xx_hal_spi.c **** 
 4623              		.loc 1 3200 20 view .LVU1647
 4624 0010 013A     		subs	r2, r2, #1
 4625 0012 92B2     		uxth	r2, r2
 4626 0014 C287     		strh	r2, [r0, #62]	@ movhi
3203:Drivers/STM32F1xx_HAL_Driver/Src/stm32f1xx_hal_spi.c ****   {
 4627              		.loc 1 3203 3 is_stmt 1 view .LVU1648
3203:Drivers/STM32F1xx_HAL_Driver/Src/stm32f1xx_hal_spi.c ****   {
 4628              		.loc 1 3203 11 is_stmt 0 view .LVU1649
 4629 0016 C28F     		ldrh	r2, [r0, #62]
 4630 0018 92B2     		uxth	r2, r2
3203:Drivers/STM32F1xx_HAL_Driver/Src/stm32f1xx_hal_spi.c ****   {
 4631              		.loc 1 3203 6 view .LVU1650
 4632 001a 4AB9     		cbnz	r2, .L470
 4633              	.LVL213:
 4634              	.LBB28:
 4635              	.LBI28:
3195:Drivers/STM32F1xx_HAL_Driver/Src/stm32f1xx_hal_spi.c **** {
 4636              		.loc 1 3195 13 is_stmt 1 view .LVU1651
 4637              	.LBB29:
3214:Drivers/STM32F1xx_HAL_Driver/Src/stm32f1xx_hal_spi.c **** 
 4638              		.loc 1 3214 5 view .LVU1652
 4639 001c 0168     		ldr	r1, [r0]
 4640 001e 4A68     		ldr	r2, [r1, #4]
 4641 0020 22F06002 		bic	r2, r2, #96
 4642 0024 4A60     		str	r2, [r1, #4]
3216:Drivers/STM32F1xx_HAL_Driver/Src/stm32f1xx_hal_spi.c ****     {
 4643              		.loc 1 3216 5 view .LVU1653
3216:Drivers/STM32F1xx_HAL_Driver/Src/stm32f1xx_hal_spi.c ****     {
 4644              		.loc 1 3216 13 is_stmt 0 view .LVU1654
 4645 0026 C38E     		ldrh	r3, [r0, #54]
 4646 0028 9BB2     		uxth	r3, r3
3216:Drivers/STM32F1xx_HAL_Driver/Src/stm32f1xx_hal_spi.c ****     {
 4647              		.loc 1 3216 8 view .LVU1655
 4648 002a 0BB9     		cbnz	r3, .L470
3218:Drivers/STM32F1xx_HAL_Driver/Src/stm32f1xx_hal_spi.c ****     }
 4649              		.loc 1 3218 7 is_stmt 1 view .LVU1656
 4650 002c FFF7FEBF 		b	SPI_CloseRxTx_ISR
 4651              	.LVL214:
 4652              	.L470:
3218:Drivers/STM32F1xx_HAL_Driver/Src/stm32f1xx_hal_spi.c ****     }
 4653              		.loc 1 3218 7 is_stmt 0 view .LVU1657
 4654              	.LBE29:
 4655              	.LBE28:
3221:Drivers/STM32F1xx_HAL_Driver/Src/stm32f1xx_hal_spi.c **** 
 4656              		.loc 1 3221 1 view .LVU1658
 4657 0030 7047     		bx	lr
 4658              		.cfi_endproc
 4659              	.LFE104:
 4661              		.section	.text.SPI_2linesTxISR_16BIT,"ax",%progbits
 4662              		.align	1
 4663              		.syntax unified
 4664              		.thumb
 4665              		.thumb_func
 4667              	SPI_2linesTxISR_16BIT:
 4668              	.LVL215:
 4669              	.LFB107:
ARM GAS  C:\Users\airforce\AppData\Local\Temp\cca1ZS9V.s 			page 180


3351:Drivers/STM32F1xx_HAL_Driver/Src/stm32f1xx_hal_spi.c ****   /* Transmit data in 16 Bit mode */
 4670              		.loc 1 3351 1 is_stmt 1 view -0
 4671              		.cfi_startproc
 4672              		@ args = 0, pretend = 0, frame = 0
 4673              		@ frame_needed = 0, uses_anonymous_args = 0
 4674              		@ link register save eliminated.
3353:Drivers/STM32F1xx_HAL_Driver/Src/stm32f1xx_hal_spi.c ****   hspi->pTxBuffPtr += sizeof(uint16_t);
 4675              		.loc 1 3353 3 view .LVU1660
3353:Drivers/STM32F1xx_HAL_Driver/Src/stm32f1xx_hal_spi.c ****   hspi->pTxBuffPtr += sizeof(uint16_t);
 4676              		.loc 1 3353 24 is_stmt 0 view .LVU1661
 4677 0000 026B     		ldr	r2, [r0, #48]
3351:Drivers/STM32F1xx_HAL_Driver/Src/stm32f1xx_hal_spi.c ****   /* Transmit data in 16 Bit mode */
 4678              		.loc 1 3351 1 view .LVU1662
 4679 0002 10B4     		push	{r4}
 4680              	.LCFI54:
 4681              		.cfi_def_cfa_offset 4
 4682              		.cfi_offset 4, -4
3353:Drivers/STM32F1xx_HAL_Driver/Src/stm32f1xx_hal_spi.c ****   hspi->pTxBuffPtr += sizeof(uint16_t);
 4683              		.loc 1 3353 7 view .LVU1663
 4684 0004 0168     		ldr	r1, [r0]
3353:Drivers/STM32F1xx_HAL_Driver/Src/stm32f1xx_hal_spi.c ****   hspi->pTxBuffPtr += sizeof(uint16_t);
 4685              		.loc 1 3353 24 view .LVU1664
 4686 0006 32F8024B 		ldrh	r4, [r2], #2
3353:Drivers/STM32F1xx_HAL_Driver/Src/stm32f1xx_hal_spi.c ****   hspi->pTxBuffPtr += sizeof(uint16_t);
 4687              		.loc 1 3353 22 view .LVU1665
 4688 000a CC60     		str	r4, [r1, #12]
3354:Drivers/STM32F1xx_HAL_Driver/Src/stm32f1xx_hal_spi.c ****   hspi->TxXferCount--;
 4689              		.loc 1 3354 3 is_stmt 1 view .LVU1666
3354:Drivers/STM32F1xx_HAL_Driver/Src/stm32f1xx_hal_spi.c ****   hspi->TxXferCount--;
 4690              		.loc 1 3354 20 is_stmt 0 view .LVU1667
 4691 000c 0263     		str	r2, [r0, #48]
3355:Drivers/STM32F1xx_HAL_Driver/Src/stm32f1xx_hal_spi.c **** 
 4692              		.loc 1 3355 3 is_stmt 1 view .LVU1668
3355:Drivers/STM32F1xx_HAL_Driver/Src/stm32f1xx_hal_spi.c **** 
 4693              		.loc 1 3355 7 is_stmt 0 view .LVU1669
 4694 000e C28E     		ldrh	r2, [r0, #54]
3355:Drivers/STM32F1xx_HAL_Driver/Src/stm32f1xx_hal_spi.c **** 
 4695              		.loc 1 3355 20 view .LVU1670
 4696 0010 013A     		subs	r2, r2, #1
 4697 0012 92B2     		uxth	r2, r2
 4698 0014 C286     		strh	r2, [r0, #54]	@ movhi
3358:Drivers/STM32F1xx_HAL_Driver/Src/stm32f1xx_hal_spi.c ****   {
 4699              		.loc 1 3358 3 is_stmt 1 view .LVU1671
3358:Drivers/STM32F1xx_HAL_Driver/Src/stm32f1xx_hal_spi.c ****   {
 4700              		.loc 1 3358 11 is_stmt 0 view .LVU1672
 4701 0016 C28E     		ldrh	r2, [r0, #54]
 4702 0018 92B2     		uxth	r2, r2
3358:Drivers/STM32F1xx_HAL_Driver/Src/stm32f1xx_hal_spi.c ****   {
 4703              		.loc 1 3358 6 view .LVU1673
 4704 001a 4AB9     		cbnz	r2, .L474
3372:Drivers/STM32F1xx_HAL_Driver/Src/stm32f1xx_hal_spi.c **** 
 4705              		.loc 1 3372 5 is_stmt 1 view .LVU1674
 4706 001c 4A68     		ldr	r2, [r1, #4]
 4707 001e 22F08002 		bic	r2, r2, #128
 4708 0022 4A60     		str	r2, [r1, #4]
3374:Drivers/STM32F1xx_HAL_Driver/Src/stm32f1xx_hal_spi.c ****     {
 4709              		.loc 1 3374 5 view .LVU1675
ARM GAS  C:\Users\airforce\AppData\Local\Temp\cca1ZS9V.s 			page 181


3374:Drivers/STM32F1xx_HAL_Driver/Src/stm32f1xx_hal_spi.c ****     {
 4710              		.loc 1 3374 13 is_stmt 0 view .LVU1676
 4711 0024 C38F     		ldrh	r3, [r0, #62]
 4712 0026 9BB2     		uxth	r3, r3
3374:Drivers/STM32F1xx_HAL_Driver/Src/stm32f1xx_hal_spi.c ****     {
 4713              		.loc 1 3374 8 view .LVU1677
 4714 0028 13B9     		cbnz	r3, .L474
3376:Drivers/STM32F1xx_HAL_Driver/Src/stm32f1xx_hal_spi.c ****     }
 4715              		.loc 1 3376 7 is_stmt 1 view .LVU1678
3379:Drivers/STM32F1xx_HAL_Driver/Src/stm32f1xx_hal_spi.c **** 
 4716              		.loc 1 3379 1 is_stmt 0 view .LVU1679
 4717 002a 10BC     		pop	{r4}
 4718              	.LCFI55:
 4719              		.cfi_remember_state
 4720              		.cfi_restore 4
 4721              		.cfi_def_cfa_offset 0
3376:Drivers/STM32F1xx_HAL_Driver/Src/stm32f1xx_hal_spi.c ****     }
 4722              		.loc 1 3376 7 view .LVU1680
 4723 002c FFF7FEBF 		b	SPI_CloseRxTx_ISR
 4724              	.LVL216:
 4725              	.L474:
 4726              	.LCFI56:
 4727              		.cfi_restore_state
3379:Drivers/STM32F1xx_HAL_Driver/Src/stm32f1xx_hal_spi.c **** 
 4728              		.loc 1 3379 1 view .LVU1681
 4729 0030 10BC     		pop	{r4}
 4730              	.LCFI57:
 4731              		.cfi_restore 4
 4732              		.cfi_def_cfa_offset 0
 4733 0032 7047     		bx	lr
 4734              		.cfi_endproc
 4735              	.LFE107:
 4737              		.section	.text.SPI_2linesRxISR_16BIT,"ax",%progbits
 4738              		.align	1
 4739              		.syntax unified
 4740              		.thumb
 4741              		.thumb_func
 4743              	SPI_2linesRxISR_16BIT:
 4744              	.LVL217:
 4745              	.LFB106:
3295:Drivers/STM32F1xx_HAL_Driver/Src/stm32f1xx_hal_spi.c ****   /* Receive data in 16 Bit mode */
 4746              		.loc 1 3295 1 is_stmt 1 view -0
 4747              		.cfi_startproc
 4748              		@ args = 0, pretend = 0, frame = 0
 4749              		@ frame_needed = 0, uses_anonymous_args = 0
 4750              		@ link register save eliminated.
3297:Drivers/STM32F1xx_HAL_Driver/Src/stm32f1xx_hal_spi.c ****   hspi->pRxBuffPtr += sizeof(uint16_t);
 4751              		.loc 1 3297 3 view .LVU1683
3297:Drivers/STM32F1xx_HAL_Driver/Src/stm32f1xx_hal_spi.c ****   hspi->pRxBuffPtr += sizeof(uint16_t);
 4752              		.loc 1 3297 52 is_stmt 0 view .LVU1684
 4753 0000 0168     		ldr	r1, [r0]
3295:Drivers/STM32F1xx_HAL_Driver/Src/stm32f1xx_hal_spi.c ****   /* Receive data in 16 Bit mode */
 4754              		.loc 1 3295 1 view .LVU1685
 4755 0002 10B4     		push	{r4}
 4756              	.LCFI58:
 4757              		.cfi_def_cfa_offset 4
 4758              		.cfi_offset 4, -4
ARM GAS  C:\Users\airforce\AppData\Local\Temp\cca1ZS9V.s 			page 182


3297:Drivers/STM32F1xx_HAL_Driver/Src/stm32f1xx_hal_spi.c ****   hspi->pRxBuffPtr += sizeof(uint16_t);
 4759              		.loc 1 3297 37 view .LVU1686
 4760 0004 826B     		ldr	r2, [r0, #56]
3297:Drivers/STM32F1xx_HAL_Driver/Src/stm32f1xx_hal_spi.c ****   hspi->pRxBuffPtr += sizeof(uint16_t);
 4761              		.loc 1 3297 62 view .LVU1687
 4762 0006 CC68     		ldr	r4, [r1, #12]
3297:Drivers/STM32F1xx_HAL_Driver/Src/stm32f1xx_hal_spi.c ****   hspi->pRxBuffPtr += sizeof(uint16_t);
 4763              		.loc 1 3297 37 view .LVU1688
 4764 0008 22F8024B 		strh	r4, [r2], #2	@ movhi
3298:Drivers/STM32F1xx_HAL_Driver/Src/stm32f1xx_hal_spi.c ****   hspi->RxXferCount--;
 4765              		.loc 1 3298 3 is_stmt 1 view .LVU1689
3298:Drivers/STM32F1xx_HAL_Driver/Src/stm32f1xx_hal_spi.c ****   hspi->RxXferCount--;
 4766              		.loc 1 3298 20 is_stmt 0 view .LVU1690
 4767 000c 8263     		str	r2, [r0, #56]
3299:Drivers/STM32F1xx_HAL_Driver/Src/stm32f1xx_hal_spi.c **** 
 4768              		.loc 1 3299 3 is_stmt 1 view .LVU1691
3299:Drivers/STM32F1xx_HAL_Driver/Src/stm32f1xx_hal_spi.c **** 
 4769              		.loc 1 3299 7 is_stmt 0 view .LVU1692
 4770 000e C28F     		ldrh	r2, [r0, #62]
3299:Drivers/STM32F1xx_HAL_Driver/Src/stm32f1xx_hal_spi.c **** 
 4771              		.loc 1 3299 20 view .LVU1693
 4772 0010 013A     		subs	r2, r2, #1
 4773 0012 92B2     		uxth	r2, r2
 4774 0014 C287     		strh	r2, [r0, #62]	@ movhi
3301:Drivers/STM32F1xx_HAL_Driver/Src/stm32f1xx_hal_spi.c ****   {
 4775              		.loc 1 3301 3 is_stmt 1 view .LVU1694
3301:Drivers/STM32F1xx_HAL_Driver/Src/stm32f1xx_hal_spi.c ****   {
 4776              		.loc 1 3301 11 is_stmt 0 view .LVU1695
 4777 0016 C28F     		ldrh	r2, [r0, #62]
 4778 0018 92B2     		uxth	r2, r2
3301:Drivers/STM32F1xx_HAL_Driver/Src/stm32f1xx_hal_spi.c ****   {
 4779              		.loc 1 3301 6 view .LVU1696
 4780 001a 4AB9     		cbnz	r2, .L478
3312:Drivers/STM32F1xx_HAL_Driver/Src/stm32f1xx_hal_spi.c **** 
 4781              		.loc 1 3312 5 is_stmt 1 view .LVU1697
 4782 001c 4A68     		ldr	r2, [r1, #4]
 4783 001e 22F04002 		bic	r2, r2, #64
 4784 0022 4A60     		str	r2, [r1, #4]
3314:Drivers/STM32F1xx_HAL_Driver/Src/stm32f1xx_hal_spi.c ****     {
 4785              		.loc 1 3314 5 view .LVU1698
3314:Drivers/STM32F1xx_HAL_Driver/Src/stm32f1xx_hal_spi.c ****     {
 4786              		.loc 1 3314 13 is_stmt 0 view .LVU1699
 4787 0024 C38E     		ldrh	r3, [r0, #54]
 4788 0026 9BB2     		uxth	r3, r3
3314:Drivers/STM32F1xx_HAL_Driver/Src/stm32f1xx_hal_spi.c ****     {
 4789              		.loc 1 3314 8 view .LVU1700
 4790 0028 13B9     		cbnz	r3, .L478
3316:Drivers/STM32F1xx_HAL_Driver/Src/stm32f1xx_hal_spi.c ****     }
 4791              		.loc 1 3316 7 is_stmt 1 view .LVU1701
3319:Drivers/STM32F1xx_HAL_Driver/Src/stm32f1xx_hal_spi.c **** 
 4792              		.loc 1 3319 1 is_stmt 0 view .LVU1702
 4793 002a 10BC     		pop	{r4}
 4794              	.LCFI59:
 4795              		.cfi_remember_state
 4796              		.cfi_restore 4
 4797              		.cfi_def_cfa_offset 0
3316:Drivers/STM32F1xx_HAL_Driver/Src/stm32f1xx_hal_spi.c ****     }
ARM GAS  C:\Users\airforce\AppData\Local\Temp\cca1ZS9V.s 			page 183


 4798              		.loc 1 3316 7 view .LVU1703
 4799 002c FFF7FEBF 		b	SPI_CloseRxTx_ISR
 4800              	.LVL218:
 4801              	.L478:
 4802              	.LCFI60:
 4803              		.cfi_restore_state
3319:Drivers/STM32F1xx_HAL_Driver/Src/stm32f1xx_hal_spi.c **** 
 4804              		.loc 1 3319 1 view .LVU1704
 4805 0030 10BC     		pop	{r4}
 4806              	.LCFI61:
 4807              		.cfi_restore 4
 4808              		.cfi_def_cfa_offset 0
 4809 0032 7047     		bx	lr
 4810              		.cfi_endproc
 4811              	.LFE106:
 4813              		.section	.text.SPI_DMAError,"ax",%progbits
 4814              		.align	1
 4815              		.syntax unified
 4816              		.thumb
 4817              		.thumb_func
 4819              	SPI_DMAError:
 4820              	.LVL219:
 4821              	.LFB100:
3029:Drivers/STM32F1xx_HAL_Driver/Src/stm32f1xx_hal_spi.c ****   SPI_HandleTypeDef *hspi = (SPI_HandleTypeDef *)(((DMA_HandleTypeDef *)hdma)->Parent);
 4822              		.loc 1 3029 1 is_stmt 1 view -0
 4823              		.cfi_startproc
 4824              		@ args = 0, pretend = 0, frame = 0
 4825              		@ frame_needed = 0, uses_anonymous_args = 0
3030:Drivers/STM32F1xx_HAL_Driver/Src/stm32f1xx_hal_spi.c **** 
 4826              		.loc 1 3030 3 view .LVU1706
3030:Drivers/STM32F1xx_HAL_Driver/Src/stm32f1xx_hal_spi.c **** 
 4827              		.loc 1 3030 22 is_stmt 0 view .LVU1707
 4828 0000 406A     		ldr	r0, [r0, #36]
 4829              	.LVL220:
3033:Drivers/STM32F1xx_HAL_Driver/Src/stm32f1xx_hal_spi.c **** 
 4830              		.loc 1 3033 3 is_stmt 1 view .LVU1708
3029:Drivers/STM32F1xx_HAL_Driver/Src/stm32f1xx_hal_spi.c ****   SPI_HandleTypeDef *hspi = (SPI_HandleTypeDef *)(((DMA_HandleTypeDef *)hdma)->Parent);
 4831              		.loc 1 3029 1 is_stmt 0 view .LVU1709
 4832 0002 08B5     		push	{r3, lr}
 4833              	.LCFI62:
 4834              		.cfi_def_cfa_offset 8
 4835              		.cfi_offset 3, -8
 4836              		.cfi_offset 14, -4
3033:Drivers/STM32F1xx_HAL_Driver/Src/stm32f1xx_hal_spi.c **** 
 4837              		.loc 1 3033 3 view .LVU1710
 4838 0004 0268     		ldr	r2, [r0]
 4839 0006 5368     		ldr	r3, [r2, #4]
 4840 0008 23F00303 		bic	r3, r3, #3
 4841 000c 5360     		str	r3, [r2, #4]
3035:Drivers/STM32F1xx_HAL_Driver/Src/stm32f1xx_hal_spi.c ****   hspi->State = HAL_SPI_STATE_READY;
 4842              		.loc 1 3035 3 is_stmt 1 view .LVU1711
 4843 000e 436D     		ldr	r3, [r0, #84]
 4844 0010 43F01003 		orr	r3, r3, #16
 4845 0014 4365     		str	r3, [r0, #84]
3036:Drivers/STM32F1xx_HAL_Driver/Src/stm32f1xx_hal_spi.c ****   /* Call user error callback */
 4846              		.loc 1 3036 3 view .LVU1712
3036:Drivers/STM32F1xx_HAL_Driver/Src/stm32f1xx_hal_spi.c ****   /* Call user error callback */
ARM GAS  C:\Users\airforce\AppData\Local\Temp\cca1ZS9V.s 			page 184


 4847              		.loc 1 3036 15 is_stmt 0 view .LVU1713
 4848 0016 0123     		movs	r3, #1
 4849 0018 80F85130 		strb	r3, [r0, #81]
3041:Drivers/STM32F1xx_HAL_Driver/Src/stm32f1xx_hal_spi.c **** #endif /* USE_HAL_SPI_REGISTER_CALLBACKS */
 4850              		.loc 1 3041 3 is_stmt 1 view .LVU1714
 4851 001c FFF7FEFF 		bl	HAL_SPI_ErrorCallback
 4852              	.LVL221:
3043:Drivers/STM32F1xx_HAL_Driver/Src/stm32f1xx_hal_spi.c **** 
 4853              		.loc 1 3043 1 is_stmt 0 view .LVU1715
 4854 0020 08BD     		pop	{r3, pc}
 4855              		.cfi_endproc
 4856              	.LFE100:
 4858              		.section	.text.SPI_DMATransmitCplt,"ax",%progbits
 4859              		.align	1
 4860              		.syntax unified
 4861              		.thumb
 4862              		.thumb_func
 4864              	SPI_DMATransmitCplt:
 4865              	.LVL222:
 4866              	.LFB94:
2729:Drivers/STM32F1xx_HAL_Driver/Src/stm32f1xx_hal_spi.c ****   SPI_HandleTypeDef *hspi = (SPI_HandleTypeDef *)(((DMA_HandleTypeDef *)hdma)->Parent);
 4867              		.loc 1 2729 1 is_stmt 1 view -0
 4868              		.cfi_startproc
 4869              		@ args = 0, pretend = 0, frame = 8
 4870              		@ frame_needed = 0, uses_anonymous_args = 0
2730:Drivers/STM32F1xx_HAL_Driver/Src/stm32f1xx_hal_spi.c ****   uint32_t tickstart;
 4871              		.loc 1 2730 3 view .LVU1717
2729:Drivers/STM32F1xx_HAL_Driver/Src/stm32f1xx_hal_spi.c ****   SPI_HandleTypeDef *hspi = (SPI_HandleTypeDef *)(((DMA_HandleTypeDef *)hdma)->Parent);
 4872              		.loc 1 2729 1 is_stmt 0 view .LVU1718
 4873 0000 37B5     		push	{r0, r1, r2, r4, r5, lr}
 4874              	.LCFI63:
 4875              		.cfi_def_cfa_offset 24
 4876              		.cfi_offset 4, -12
 4877              		.cfi_offset 5, -8
 4878              		.cfi_offset 14, -4
2729:Drivers/STM32F1xx_HAL_Driver/Src/stm32f1xx_hal_spi.c ****   SPI_HandleTypeDef *hspi = (SPI_HandleTypeDef *)(((DMA_HandleTypeDef *)hdma)->Parent);
 4879              		.loc 1 2729 1 view .LVU1719
 4880 0002 0546     		mov	r5, r0
2730:Drivers/STM32F1xx_HAL_Driver/Src/stm32f1xx_hal_spi.c ****   uint32_t tickstart;
 4881              		.loc 1 2730 22 view .LVU1720
 4882 0004 446A     		ldr	r4, [r0, #36]
 4883              	.LVL223:
2731:Drivers/STM32F1xx_HAL_Driver/Src/stm32f1xx_hal_spi.c **** 
 4884              		.loc 1 2731 3 is_stmt 1 view .LVU1721
2734:Drivers/STM32F1xx_HAL_Driver/Src/stm32f1xx_hal_spi.c **** 
 4885              		.loc 1 2734 3 view .LVU1722
2734:Drivers/STM32F1xx_HAL_Driver/Src/stm32f1xx_hal_spi.c **** 
 4886              		.loc 1 2734 15 is_stmt 0 view .LVU1723
 4887 0006 FFF7FEFF 		bl	HAL_GetTick
 4888              	.LVL224:
2737:Drivers/STM32F1xx_HAL_Driver/Src/stm32f1xx_hal_spi.c ****   {
 4889              		.loc 1 2737 12 view .LVU1724
 4890 000a 2B68     		ldr	r3, [r5]
2734:Drivers/STM32F1xx_HAL_Driver/Src/stm32f1xx_hal_spi.c **** 
 4891              		.loc 1 2734 15 view .LVU1725
 4892 000c 0246     		mov	r2, r0
 4893              	.LVL225:
ARM GAS  C:\Users\airforce\AppData\Local\Temp\cca1ZS9V.s 			page 185


2737:Drivers/STM32F1xx_HAL_Driver/Src/stm32f1xx_hal_spi.c ****   {
 4894              		.loc 1 2737 3 is_stmt 1 view .LVU1726
2737:Drivers/STM32F1xx_HAL_Driver/Src/stm32f1xx_hal_spi.c ****   {
 4895              		.loc 1 2737 22 is_stmt 0 view .LVU1727
 4896 000e 1B68     		ldr	r3, [r3]
2737:Drivers/STM32F1xx_HAL_Driver/Src/stm32f1xx_hal_spi.c ****   {
 4897              		.loc 1 2737 6 view .LVU1728
 4898 0010 9B06     		lsls	r3, r3, #26
 4899 0012 26D4     		bmi	.L484
2740:Drivers/STM32F1xx_HAL_Driver/Src/stm32f1xx_hal_spi.c **** 
 4900              		.loc 1 2740 5 is_stmt 1 view .LVU1729
 4901 0014 2368     		ldr	r3, [r4]
2746:Drivers/STM32F1xx_HAL_Driver/Src/stm32f1xx_hal_spi.c ****     {
 4902              		.loc 1 2746 9 is_stmt 0 view .LVU1730
 4903 0016 2046     		mov	r0, r4
 4904              	.LVL226:
2740:Drivers/STM32F1xx_HAL_Driver/Src/stm32f1xx_hal_spi.c **** 
 4905              		.loc 1 2740 5 view .LVU1731
 4906 0018 5968     		ldr	r1, [r3, #4]
 4907 001a 21F02001 		bic	r1, r1, #32
 4908 001e 5960     		str	r1, [r3, #4]
2743:Drivers/STM32F1xx_HAL_Driver/Src/stm32f1xx_hal_spi.c **** 
 4909              		.loc 1 2743 5 is_stmt 1 view .LVU1732
 4910 0020 5968     		ldr	r1, [r3, #4]
 4911 0022 21F00201 		bic	r1, r1, #2
 4912 0026 5960     		str	r1, [r3, #4]
2746:Drivers/STM32F1xx_HAL_Driver/Src/stm32f1xx_hal_spi.c ****     {
 4913              		.loc 1 2746 5 view .LVU1733
2746:Drivers/STM32F1xx_HAL_Driver/Src/stm32f1xx_hal_spi.c ****     {
 4914              		.loc 1 2746 9 is_stmt 0 view .LVU1734
 4915 0028 6421     		movs	r1, #100
 4916 002a FFF7FEFF 		bl	SPI_EndRxTxTransaction
 4917              	.LVL227:
2746:Drivers/STM32F1xx_HAL_Driver/Src/stm32f1xx_hal_spi.c ****     {
 4918              		.loc 1 2746 8 discriminator 1 view .LVU1735
 4919 002e 18B1     		cbz	r0, .L485
2748:Drivers/STM32F1xx_HAL_Driver/Src/stm32f1xx_hal_spi.c ****     }
 4920              		.loc 1 2748 7 is_stmt 1 view .LVU1736
 4921 0030 636D     		ldr	r3, [r4, #84]
 4922 0032 43F02003 		orr	r3, r3, #32
 4923 0036 6365     		str	r3, [r4, #84]
 4924              	.L485:
2752:Drivers/STM32F1xx_HAL_Driver/Src/stm32f1xx_hal_spi.c ****     {
 4925              		.loc 1 2752 5 view .LVU1737
2752:Drivers/STM32F1xx_HAL_Driver/Src/stm32f1xx_hal_spi.c ****     {
 4926              		.loc 1 2752 8 is_stmt 0 view .LVU1738
 4927 0038 A368     		ldr	r3, [r4, #8]
 4928 003a 33B9     		cbnz	r3, .L486
2754:Drivers/STM32F1xx_HAL_Driver/Src/stm32f1xx_hal_spi.c ****     }
 4929              		.loc 1 2754 7 is_stmt 1 view .LVU1739
 4930              	.LBB30:
2754:Drivers/STM32F1xx_HAL_Driver/Src/stm32f1xx_hal_spi.c ****     }
 4931              		.loc 1 2754 7 view .LVU1740
 4932 003c 0193     		str	r3, [sp, #4]
2754:Drivers/STM32F1xx_HAL_Driver/Src/stm32f1xx_hal_spi.c ****     }
 4933              		.loc 1 2754 7 view .LVU1741
 4934 003e 2368     		ldr	r3, [r4]
ARM GAS  C:\Users\airforce\AppData\Local\Temp\cca1ZS9V.s 			page 186


 4935 0040 DA68     		ldr	r2, [r3, #12]
 4936 0042 0192     		str	r2, [sp, #4]
2754:Drivers/STM32F1xx_HAL_Driver/Src/stm32f1xx_hal_spi.c ****     }
 4937              		.loc 1 2754 7 view .LVU1742
 4938 0044 9B68     		ldr	r3, [r3, #8]
 4939 0046 0193     		str	r3, [sp, #4]
2754:Drivers/STM32F1xx_HAL_Driver/Src/stm32f1xx_hal_spi.c ****     }
 4940              		.loc 1 2754 7 view .LVU1743
 4941 0048 019B     		ldr	r3, [sp, #4]
 4942              	.L486:
 4943              	.LBE30:
2754:Drivers/STM32F1xx_HAL_Driver/Src/stm32f1xx_hal_spi.c ****     }
 4944              		.loc 1 2754 7 discriminator 1 view .LVU1744
2757:Drivers/STM32F1xx_HAL_Driver/Src/stm32f1xx_hal_spi.c ****     hspi->State = HAL_SPI_STATE_READY;
 4945              		.loc 1 2757 5 view .LVU1745
2757:Drivers/STM32F1xx_HAL_Driver/Src/stm32f1xx_hal_spi.c ****     hspi->State = HAL_SPI_STATE_READY;
 4946              		.loc 1 2757 23 is_stmt 0 view .LVU1746
 4947 004a 0023     		movs	r3, #0
 4948 004c E386     		strh	r3, [r4, #54]	@ movhi
2758:Drivers/STM32F1xx_HAL_Driver/Src/stm32f1xx_hal_spi.c **** 
 4949              		.loc 1 2758 5 is_stmt 1 view .LVU1747
2758:Drivers/STM32F1xx_HAL_Driver/Src/stm32f1xx_hal_spi.c **** 
 4950              		.loc 1 2758 17 is_stmt 0 view .LVU1748
 4951 004e 0123     		movs	r3, #1
 4952 0050 84F85130 		strb	r3, [r4, #81]
2760:Drivers/STM32F1xx_HAL_Driver/Src/stm32f1xx_hal_spi.c ****     {
 4953              		.loc 1 2760 5 is_stmt 1 view .LVU1749
2760:Drivers/STM32F1xx_HAL_Driver/Src/stm32f1xx_hal_spi.c ****     {
 4954              		.loc 1 2760 13 is_stmt 0 view .LVU1750
 4955 0054 636D     		ldr	r3, [r4, #84]
2760:Drivers/STM32F1xx_HAL_Driver/Src/stm32f1xx_hal_spi.c ****     {
 4956              		.loc 1 2760 8 view .LVU1751
 4957 0056 23B1     		cbz	r3, .L484
2766:Drivers/STM32F1xx_HAL_Driver/Src/stm32f1xx_hal_spi.c **** #endif /* USE_HAL_SPI_REGISTER_CALLBACKS */
 4958              		.loc 1 2766 7 is_stmt 1 view .LVU1752
 4959 0058 2046     		mov	r0, r4
 4960 005a FFF7FEFF 		bl	HAL_SPI_ErrorCallback
 4961              	.LVL228:
2768:Drivers/STM32F1xx_HAL_Driver/Src/stm32f1xx_hal_spi.c ****     }
 4962              		.loc 1 2768 7 view .LVU1753
 4963              	.L483:
2777:Drivers/STM32F1xx_HAL_Driver/Src/stm32f1xx_hal_spi.c **** 
 4964              		.loc 1 2777 1 is_stmt 0 view .LVU1754
 4965 005e 03B0     		add	sp, sp, #12
 4966              	.LCFI64:
 4967              		.cfi_remember_state
 4968              		.cfi_def_cfa_offset 12
 4969              		@ sp needed
 4970 0060 30BD     		pop	{r4, r5, pc}
 4971              	.LVL229:
 4972              	.L484:
 4973              	.LCFI65:
 4974              		.cfi_restore_state
2775:Drivers/STM32F1xx_HAL_Driver/Src/stm32f1xx_hal_spi.c **** #endif /* USE_HAL_SPI_REGISTER_CALLBACKS */
 4975              		.loc 1 2775 3 is_stmt 1 view .LVU1755
 4976 0062 2046     		mov	r0, r4
 4977 0064 FFF7FEFF 		bl	HAL_SPI_TxCpltCallback
ARM GAS  C:\Users\airforce\AppData\Local\Temp\cca1ZS9V.s 			page 187


 4978              	.LVL230:
 4979 0068 F9E7     		b	.L483
 4980              		.cfi_endproc
 4981              	.LFE94:
 4983              		.section	.text.SPI_DMAReceiveCplt,"ax",%progbits
 4984              		.align	1
 4985              		.syntax unified
 4986              		.thumb
 4987              		.thumb_func
 4989              	SPI_DMAReceiveCplt:
 4990              	.LVL231:
 4991              	.LFB95:
2786:Drivers/STM32F1xx_HAL_Driver/Src/stm32f1xx_hal_spi.c ****   SPI_HandleTypeDef *hspi = (SPI_HandleTypeDef *)(((DMA_HandleTypeDef *)hdma)->Parent);
 4992              		.loc 1 2786 1 view -0
 4993              		.cfi_startproc
 4994              		@ args = 0, pretend = 0, frame = 0
 4995              		@ frame_needed = 0, uses_anonymous_args = 0
2787:Drivers/STM32F1xx_HAL_Driver/Src/stm32f1xx_hal_spi.c ****   uint32_t tickstart;
 4996              		.loc 1 2787 3 view .LVU1757
2786:Drivers/STM32F1xx_HAL_Driver/Src/stm32f1xx_hal_spi.c ****   SPI_HandleTypeDef *hspi = (SPI_HandleTypeDef *)(((DMA_HandleTypeDef *)hdma)->Parent);
 4997              		.loc 1 2786 1 is_stmt 0 view .LVU1758
 4998 0000 38B5     		push	{r3, r4, r5, lr}
 4999              	.LCFI66:
 5000              		.cfi_def_cfa_offset 16
 5001              		.cfi_offset 3, -16
 5002              		.cfi_offset 4, -12
 5003              		.cfi_offset 5, -8
 5004              		.cfi_offset 14, -4
2786:Drivers/STM32F1xx_HAL_Driver/Src/stm32f1xx_hal_spi.c ****   SPI_HandleTypeDef *hspi = (SPI_HandleTypeDef *)(((DMA_HandleTypeDef *)hdma)->Parent);
 5005              		.loc 1 2786 1 view .LVU1759
 5006 0002 0546     		mov	r5, r0
2787:Drivers/STM32F1xx_HAL_Driver/Src/stm32f1xx_hal_spi.c ****   uint32_t tickstart;
 5007              		.loc 1 2787 22 view .LVU1760
 5008 0004 446A     		ldr	r4, [r0, #36]
 5009              	.LVL232:
2788:Drivers/STM32F1xx_HAL_Driver/Src/stm32f1xx_hal_spi.c **** #if (USE_SPI_CRC != 0U)
 5010              		.loc 1 2788 3 is_stmt 1 view .LVU1761
2794:Drivers/STM32F1xx_HAL_Driver/Src/stm32f1xx_hal_spi.c **** 
 5011              		.loc 1 2794 3 view .LVU1762
2794:Drivers/STM32F1xx_HAL_Driver/Src/stm32f1xx_hal_spi.c **** 
 5012              		.loc 1 2794 15 is_stmt 0 view .LVU1763
 5013 0006 FFF7FEFF 		bl	HAL_GetTick
 5014              	.LVL233:
2797:Drivers/STM32F1xx_HAL_Driver/Src/stm32f1xx_hal_spi.c ****   {
 5015              		.loc 1 2797 12 view .LVU1764
 5016 000a 2B68     		ldr	r3, [r5]
2794:Drivers/STM32F1xx_HAL_Driver/Src/stm32f1xx_hal_spi.c **** 
 5017              		.loc 1 2794 15 view .LVU1765
 5018 000c 0246     		mov	r2, r0
 5019              	.LVL234:
2797:Drivers/STM32F1xx_HAL_Driver/Src/stm32f1xx_hal_spi.c ****   {
 5020              		.loc 1 2797 3 is_stmt 1 view .LVU1766
2797:Drivers/STM32F1xx_HAL_Driver/Src/stm32f1xx_hal_spi.c ****   {
 5021              		.loc 1 2797 22 is_stmt 0 view .LVU1767
 5022 000e 1B68     		ldr	r3, [r3]
2797:Drivers/STM32F1xx_HAL_Driver/Src/stm32f1xx_hal_spi.c ****   {
 5023              		.loc 1 2797 6 view .LVU1768
ARM GAS  C:\Users\airforce\AppData\Local\Temp\cca1ZS9V.s 			page 188


 5024 0010 9B06     		lsls	r3, r3, #26
 5025 0012 24D4     		bmi	.L495
2800:Drivers/STM32F1xx_HAL_Driver/Src/stm32f1xx_hal_spi.c **** 
 5026              		.loc 1 2800 5 is_stmt 1 view .LVU1769
 5027 0014 2368     		ldr	r3, [r4]
 5028 0016 5968     		ldr	r1, [r3, #4]
 5029 0018 21F02001 		bic	r1, r1, #32
 5030 001c 5960     		str	r1, [r3, #4]
2820:Drivers/STM32F1xx_HAL_Driver/Src/stm32f1xx_hal_spi.c ****     {
 5031              		.loc 1 2820 5 view .LVU1770
2820:Drivers/STM32F1xx_HAL_Driver/Src/stm32f1xx_hal_spi.c ****     {
 5032              		.loc 1 2820 8 is_stmt 0 view .LVU1771
 5033 001e A168     		ldr	r1, [r4, #8]
 5034 0020 C9B9     		cbnz	r1, .L496
2820:Drivers/STM32F1xx_HAL_Driver/Src/stm32f1xx_hal_spi.c ****     {
 5035              		.loc 1 2820 56 discriminator 1 view .LVU1772
 5036 0022 6168     		ldr	r1, [r4, #4]
 5037 0024 B1F5827F 		cmp	r1, #260
 5038 0028 15D1     		bne	.L496
2823:Drivers/STM32F1xx_HAL_Driver/Src/stm32f1xx_hal_spi.c ****     }
 5039              		.loc 1 2823 7 is_stmt 1 view .LVU1773
 5040 002a 5968     		ldr	r1, [r3, #4]
 5041 002c 21F00301 		bic	r1, r1, #3
 5042              	.L506:
2828:Drivers/STM32F1xx_HAL_Driver/Src/stm32f1xx_hal_spi.c ****     }
 5043              		.loc 1 2828 7 is_stmt 0 view .LVU1774
 5044 0030 5960     		str	r1, [r3, #4]
2832:Drivers/STM32F1xx_HAL_Driver/Src/stm32f1xx_hal_spi.c ****     {
 5045              		.loc 1 2832 5 is_stmt 1 view .LVU1775
2832:Drivers/STM32F1xx_HAL_Driver/Src/stm32f1xx_hal_spi.c ****     {
 5046              		.loc 1 2832 9 is_stmt 0 view .LVU1776
 5047 0032 2046     		mov	r0, r4
 5048              	.LVL235:
2832:Drivers/STM32F1xx_HAL_Driver/Src/stm32f1xx_hal_spi.c ****     {
 5049              		.loc 1 2832 9 view .LVU1777
 5050 0034 6421     		movs	r1, #100
 5051 0036 FFF7FEFF 		bl	SPI_EndRxTransaction
 5052              	.LVL236:
2832:Drivers/STM32F1xx_HAL_Driver/Src/stm32f1xx_hal_spi.c ****     {
 5053              		.loc 1 2832 8 discriminator 1 view .LVU1778
 5054 003a 08B1     		cbz	r0, .L498
2834:Drivers/STM32F1xx_HAL_Driver/Src/stm32f1xx_hal_spi.c ****     }
 5055              		.loc 1 2834 7 is_stmt 1 view .LVU1779
2834:Drivers/STM32F1xx_HAL_Driver/Src/stm32f1xx_hal_spi.c ****     }
 5056              		.loc 1 2834 23 is_stmt 0 view .LVU1780
 5057 003c 2023     		movs	r3, #32
 5058 003e 6365     		str	r3, [r4, #84]
 5059              	.L498:
2837:Drivers/STM32F1xx_HAL_Driver/Src/stm32f1xx_hal_spi.c ****     hspi->State = HAL_SPI_STATE_READY;
 5060              		.loc 1 2837 5 is_stmt 1 view .LVU1781
2837:Drivers/STM32F1xx_HAL_Driver/Src/stm32f1xx_hal_spi.c ****     hspi->State = HAL_SPI_STATE_READY;
 5061              		.loc 1 2837 23 is_stmt 0 view .LVU1782
 5062 0040 0023     		movs	r3, #0
 5063 0042 E387     		strh	r3, [r4, #62]	@ movhi
2838:Drivers/STM32F1xx_HAL_Driver/Src/stm32f1xx_hal_spi.c **** 
 5064              		.loc 1 2838 5 is_stmt 1 view .LVU1783
2838:Drivers/STM32F1xx_HAL_Driver/Src/stm32f1xx_hal_spi.c **** 
ARM GAS  C:\Users\airforce\AppData\Local\Temp\cca1ZS9V.s 			page 189


 5065              		.loc 1 2838 17 is_stmt 0 view .LVU1784
 5066 0044 0123     		movs	r3, #1
 5067 0046 84F85130 		strb	r3, [r4, #81]
2859:Drivers/STM32F1xx_HAL_Driver/Src/stm32f1xx_hal_spi.c ****     {
 5068              		.loc 1 2859 5 is_stmt 1 view .LVU1785
2859:Drivers/STM32F1xx_HAL_Driver/Src/stm32f1xx_hal_spi.c ****     {
 5069              		.loc 1 2859 13 is_stmt 0 view .LVU1786
 5070 004a 636D     		ldr	r3, [r4, #84]
2859:Drivers/STM32F1xx_HAL_Driver/Src/stm32f1xx_hal_spi.c ****     {
 5071              		.loc 1 2859 8 view .LVU1787
 5072 004c 3BB1     		cbz	r3, .L495
2865:Drivers/STM32F1xx_HAL_Driver/Src/stm32f1xx_hal_spi.c **** #endif /* USE_HAL_SPI_REGISTER_CALLBACKS */
 5073              		.loc 1 2865 7 is_stmt 1 view .LVU1788
 5074 004e 2046     		mov	r0, r4
 5075 0050 FFF7FEFF 		bl	HAL_SPI_ErrorCallback
 5076              	.LVL237:
2867:Drivers/STM32F1xx_HAL_Driver/Src/stm32f1xx_hal_spi.c ****     }
 5077              		.loc 1 2867 7 view .LVU1789
 5078              	.L494:
2876:Drivers/STM32F1xx_HAL_Driver/Src/stm32f1xx_hal_spi.c **** 
 5079              		.loc 1 2876 1 is_stmt 0 view .LVU1790
 5080 0054 38BD     		pop	{r3, r4, r5, pc}
 5081              	.LVL238:
 5082              	.L496:
2828:Drivers/STM32F1xx_HAL_Driver/Src/stm32f1xx_hal_spi.c ****     }
 5083              		.loc 1 2828 7 is_stmt 1 view .LVU1791
 5084 0056 5968     		ldr	r1, [r3, #4]
 5085 0058 21F00101 		bic	r1, r1, #1
 5086 005c E8E7     		b	.L506
 5087              	.LVL239:
 5088              	.L495:
2874:Drivers/STM32F1xx_HAL_Driver/Src/stm32f1xx_hal_spi.c **** #endif /* USE_HAL_SPI_REGISTER_CALLBACKS */
 5089              		.loc 1 2874 3 view .LVU1792
 5090 005e 2046     		mov	r0, r4
 5091 0060 FFF7FEFF 		bl	HAL_SPI_RxCpltCallback
 5092              	.LVL240:
 5093 0064 F6E7     		b	.L494
 5094              		.cfi_endproc
 5095              	.LFE95:
 5097              		.section	.text.SPI_DMATransmitReceiveCplt,"ax",%progbits
 5098              		.align	1
 5099              		.syntax unified
 5100              		.thumb
 5101              		.thumb_func
 5103              	SPI_DMATransmitReceiveCplt:
 5104              	.LVL241:
 5105              	.LFB96:
2885:Drivers/STM32F1xx_HAL_Driver/Src/stm32f1xx_hal_spi.c ****   SPI_HandleTypeDef *hspi = (SPI_HandleTypeDef *)(((DMA_HandleTypeDef *)hdma)->Parent);
 5106              		.loc 1 2885 1 view -0
 5107              		.cfi_startproc
 5108              		@ args = 0, pretend = 0, frame = 0
 5109              		@ frame_needed = 0, uses_anonymous_args = 0
2886:Drivers/STM32F1xx_HAL_Driver/Src/stm32f1xx_hal_spi.c ****   uint32_t tickstart;
 5110              		.loc 1 2886 3 view .LVU1794
2885:Drivers/STM32F1xx_HAL_Driver/Src/stm32f1xx_hal_spi.c ****   SPI_HandleTypeDef *hspi = (SPI_HandleTypeDef *)(((DMA_HandleTypeDef *)hdma)->Parent);
 5111              		.loc 1 2885 1 is_stmt 0 view .LVU1795
 5112 0000 38B5     		push	{r3, r4, r5, lr}
ARM GAS  C:\Users\airforce\AppData\Local\Temp\cca1ZS9V.s 			page 190


 5113              	.LCFI67:
 5114              		.cfi_def_cfa_offset 16
 5115              		.cfi_offset 3, -16
 5116              		.cfi_offset 4, -12
 5117              		.cfi_offset 5, -8
 5118              		.cfi_offset 14, -4
2885:Drivers/STM32F1xx_HAL_Driver/Src/stm32f1xx_hal_spi.c ****   SPI_HandleTypeDef *hspi = (SPI_HandleTypeDef *)(((DMA_HandleTypeDef *)hdma)->Parent);
 5119              		.loc 1 2885 1 view .LVU1796
 5120 0002 0546     		mov	r5, r0
2886:Drivers/STM32F1xx_HAL_Driver/Src/stm32f1xx_hal_spi.c ****   uint32_t tickstart;
 5121              		.loc 1 2886 22 view .LVU1797
 5122 0004 446A     		ldr	r4, [r0, #36]
 5123              	.LVL242:
2887:Drivers/STM32F1xx_HAL_Driver/Src/stm32f1xx_hal_spi.c **** #if (USE_SPI_CRC != 0U)
 5124              		.loc 1 2887 3 is_stmt 1 view .LVU1798
2893:Drivers/STM32F1xx_HAL_Driver/Src/stm32f1xx_hal_spi.c **** 
 5125              		.loc 1 2893 3 view .LVU1799
2893:Drivers/STM32F1xx_HAL_Driver/Src/stm32f1xx_hal_spi.c **** 
 5126              		.loc 1 2893 15 is_stmt 0 view .LVU1800
 5127 0006 FFF7FEFF 		bl	HAL_GetTick
 5128              	.LVL243:
2896:Drivers/STM32F1xx_HAL_Driver/Src/stm32f1xx_hal_spi.c ****   {
 5129              		.loc 1 2896 12 view .LVU1801
 5130 000a 2B68     		ldr	r3, [r5]
2893:Drivers/STM32F1xx_HAL_Driver/Src/stm32f1xx_hal_spi.c **** 
 5131              		.loc 1 2893 15 view .LVU1802
 5132 000c 0246     		mov	r2, r0
 5133              	.LVL244:
2896:Drivers/STM32F1xx_HAL_Driver/Src/stm32f1xx_hal_spi.c ****   {
 5134              		.loc 1 2896 3 is_stmt 1 view .LVU1803
2896:Drivers/STM32F1xx_HAL_Driver/Src/stm32f1xx_hal_spi.c ****   {
 5135              		.loc 1 2896 22 is_stmt 0 view .LVU1804
 5136 000e 1B68     		ldr	r3, [r3]
2896:Drivers/STM32F1xx_HAL_Driver/Src/stm32f1xx_hal_spi.c ****   {
 5137              		.loc 1 2896 6 view .LVU1805
 5138 0010 9B06     		lsls	r3, r3, #26
 5139 0012 1ED4     		bmi	.L508
2899:Drivers/STM32F1xx_HAL_Driver/Src/stm32f1xx_hal_spi.c **** 
 5140              		.loc 1 2899 5 is_stmt 1 view .LVU1806
 5141 0014 2168     		ldr	r1, [r4]
2918:Drivers/STM32F1xx_HAL_Driver/Src/stm32f1xx_hal_spi.c ****     {
 5142              		.loc 1 2918 9 is_stmt 0 view .LVU1807
 5143 0016 2046     		mov	r0, r4
 5144              	.LVL245:
2899:Drivers/STM32F1xx_HAL_Driver/Src/stm32f1xx_hal_spi.c **** 
 5145              		.loc 1 2899 5 view .LVU1808
 5146 0018 4B68     		ldr	r3, [r1, #4]
 5147 001a 23F02003 		bic	r3, r3, #32
 5148 001e 4B60     		str	r3, [r1, #4]
2918:Drivers/STM32F1xx_HAL_Driver/Src/stm32f1xx_hal_spi.c ****     {
 5149              		.loc 1 2918 5 is_stmt 1 view .LVU1809
2918:Drivers/STM32F1xx_HAL_Driver/Src/stm32f1xx_hal_spi.c ****     {
 5150              		.loc 1 2918 9 is_stmt 0 view .LVU1810
 5151 0020 6421     		movs	r1, #100
 5152 0022 FFF7FEFF 		bl	SPI_EndRxTxTransaction
 5153              	.LVL246:
2918:Drivers/STM32F1xx_HAL_Driver/Src/stm32f1xx_hal_spi.c ****     {
ARM GAS  C:\Users\airforce\AppData\Local\Temp\cca1ZS9V.s 			page 191


 5154              		.loc 1 2918 8 discriminator 1 view .LVU1811
 5155 0026 18B1     		cbz	r0, .L509
2920:Drivers/STM32F1xx_HAL_Driver/Src/stm32f1xx_hal_spi.c ****     }
 5156              		.loc 1 2920 7 is_stmt 1 view .LVU1812
 5157 0028 636D     		ldr	r3, [r4, #84]
 5158 002a 43F02003 		orr	r3, r3, #32
 5159 002e 6365     		str	r3, [r4, #84]
 5160              	.L509:
2924:Drivers/STM32F1xx_HAL_Driver/Src/stm32f1xx_hal_spi.c **** 
 5161              		.loc 1 2924 5 view .LVU1813
 5162 0030 2268     		ldr	r2, [r4]
 5163 0032 5368     		ldr	r3, [r2, #4]
 5164 0034 23F00303 		bic	r3, r3, #3
 5165 0038 5360     		str	r3, [r2, #4]
2926:Drivers/STM32F1xx_HAL_Driver/Src/stm32f1xx_hal_spi.c ****     hspi->RxXferCount = 0U;
 5166              		.loc 1 2926 5 view .LVU1814
2926:Drivers/STM32F1xx_HAL_Driver/Src/stm32f1xx_hal_spi.c ****     hspi->RxXferCount = 0U;
 5167              		.loc 1 2926 23 is_stmt 0 view .LVU1815
 5168 003a 0023     		movs	r3, #0
 5169 003c E386     		strh	r3, [r4, #54]	@ movhi
2927:Drivers/STM32F1xx_HAL_Driver/Src/stm32f1xx_hal_spi.c ****     hspi->State = HAL_SPI_STATE_READY;
 5170              		.loc 1 2927 5 is_stmt 1 view .LVU1816
2927:Drivers/STM32F1xx_HAL_Driver/Src/stm32f1xx_hal_spi.c ****     hspi->State = HAL_SPI_STATE_READY;
 5171              		.loc 1 2927 23 is_stmt 0 view .LVU1817
 5172 003e E387     		strh	r3, [r4, #62]	@ movhi
2928:Drivers/STM32F1xx_HAL_Driver/Src/stm32f1xx_hal_spi.c **** 
 5173              		.loc 1 2928 5 is_stmt 1 view .LVU1818
2928:Drivers/STM32F1xx_HAL_Driver/Src/stm32f1xx_hal_spi.c **** 
 5174              		.loc 1 2928 17 is_stmt 0 view .LVU1819
 5175 0040 0123     		movs	r3, #1
 5176 0042 84F85130 		strb	r3, [r4, #81]
2949:Drivers/STM32F1xx_HAL_Driver/Src/stm32f1xx_hal_spi.c ****     {
 5177              		.loc 1 2949 5 is_stmt 1 view .LVU1820
2949:Drivers/STM32F1xx_HAL_Driver/Src/stm32f1xx_hal_spi.c ****     {
 5178              		.loc 1 2949 13 is_stmt 0 view .LVU1821
 5179 0046 636D     		ldr	r3, [r4, #84]
2949:Drivers/STM32F1xx_HAL_Driver/Src/stm32f1xx_hal_spi.c ****     {
 5180              		.loc 1 2949 8 view .LVU1822
 5181 0048 1BB1     		cbz	r3, .L508
2955:Drivers/STM32F1xx_HAL_Driver/Src/stm32f1xx_hal_spi.c **** #endif /* USE_HAL_SPI_REGISTER_CALLBACKS */
 5182              		.loc 1 2955 7 is_stmt 1 view .LVU1823
 5183 004a 2046     		mov	r0, r4
 5184 004c FFF7FEFF 		bl	HAL_SPI_ErrorCallback
 5185              	.LVL247:
2957:Drivers/STM32F1xx_HAL_Driver/Src/stm32f1xx_hal_spi.c ****     }
 5186              		.loc 1 2957 7 view .LVU1824
 5187              	.L507:
2966:Drivers/STM32F1xx_HAL_Driver/Src/stm32f1xx_hal_spi.c **** 
 5188              		.loc 1 2966 1 is_stmt 0 view .LVU1825
 5189 0050 38BD     		pop	{r3, r4, r5, pc}
 5190              	.LVL248:
 5191              	.L508:
2964:Drivers/STM32F1xx_HAL_Driver/Src/stm32f1xx_hal_spi.c **** #endif /* USE_HAL_SPI_REGISTER_CALLBACKS */
 5192              		.loc 1 2964 3 is_stmt 1 view .LVU1826
 5193 0052 2046     		mov	r0, r4
 5194 0054 FFF7FEFF 		bl	HAL_SPI_TxRxCpltCallback
 5195              	.LVL249:
ARM GAS  C:\Users\airforce\AppData\Local\Temp\cca1ZS9V.s 			page 192


 5196 0058 FAE7     		b	.L507
 5197              		.cfi_endproc
 5198              	.LFE96:
 5200              		.section	.text.HAL_SPI_IRQHandler,"ax",%progbits
 5201              		.align	1
 5202              		.global	HAL_SPI_IRQHandler
 5203              		.syntax unified
 5204              		.thumb
 5205              		.thumb_func
 5207              	HAL_SPI_IRQHandler:
 5208              	.LVL250:
 5209              	.LFB83:
2441:Drivers/STM32F1xx_HAL_Driver/Src/stm32f1xx_hal_spi.c ****   uint32_t itsource = hspi->Instance->CR2;
 5210              		.loc 1 2441 1 view -0
 5211              		.cfi_startproc
 5212              		@ args = 0, pretend = 0, frame = 16
 5213              		@ frame_needed = 0, uses_anonymous_args = 0
2442:Drivers/STM32F1xx_HAL_Driver/Src/stm32f1xx_hal_spi.c ****   uint32_t itflag   = hspi->Instance->SR;
 5214              		.loc 1 2442 3 view .LVU1828
2441:Drivers/STM32F1xx_HAL_Driver/Src/stm32f1xx_hal_spi.c ****   uint32_t itsource = hspi->Instance->CR2;
 5215              		.loc 1 2441 1 is_stmt 0 view .LVU1829
 5216 0000 F0B5     		push	{r4, r5, r6, r7, lr}
 5217              	.LCFI68:
 5218              		.cfi_def_cfa_offset 20
 5219              		.cfi_offset 4, -20
 5220              		.cfi_offset 5, -16
 5221              		.cfi_offset 6, -12
 5222              		.cfi_offset 7, -8
 5223              		.cfi_offset 14, -4
2442:Drivers/STM32F1xx_HAL_Driver/Src/stm32f1xx_hal_spi.c ****   uint32_t itflag   = hspi->Instance->SR;
 5224              		.loc 1 2442 27 view .LVU1830
 5225 0002 0368     		ldr	r3, [r0]
2441:Drivers/STM32F1xx_HAL_Driver/Src/stm32f1xx_hal_spi.c ****   uint32_t itsource = hspi->Instance->CR2;
 5226              		.loc 1 2441 1 view .LVU1831
 5227 0004 0446     		mov	r4, r0
2442:Drivers/STM32F1xx_HAL_Driver/Src/stm32f1xx_hal_spi.c ****   uint32_t itflag   = hspi->Instance->SR;
 5228              		.loc 1 2442 12 view .LVU1832
 5229 0006 5968     		ldr	r1, [r3, #4]
 5230              	.LVL251:
2443:Drivers/STM32F1xx_HAL_Driver/Src/stm32f1xx_hal_spi.c **** 
 5231              		.loc 1 2443 3 is_stmt 1 view .LVU1833
2443:Drivers/STM32F1xx_HAL_Driver/Src/stm32f1xx_hal_spi.c **** 
 5232              		.loc 1 2443 12 is_stmt 0 view .LVU1834
 5233 0008 9A68     		ldr	r2, [r3, #8]
 5234              	.LVL252:
2446:Drivers/STM32F1xx_HAL_Driver/Src/stm32f1xx_hal_spi.c ****       (SPI_CHECK_FLAG(itflag, SPI_FLAG_RXNE) != RESET) && (SPI_CHECK_IT_SOURCE(itsource, SPI_IT_RXN
 5235              		.loc 1 2446 3 is_stmt 1 view .LVU1835
2441:Drivers/STM32F1xx_HAL_Driver/Src/stm32f1xx_hal_spi.c ****   uint32_t itsource = hspi->Instance->CR2;
 5236              		.loc 1 2441 1 is_stmt 0 view .LVU1836
 5237 000a 85B0     		sub	sp, sp, #20
 5238              	.LCFI69:
 5239              		.cfi_def_cfa_offset 40
2446:Drivers/STM32F1xx_HAL_Driver/Src/stm32f1xx_hal_spi.c ****       (SPI_CHECK_FLAG(itflag, SPI_FLAG_RXNE) != RESET) && (SPI_CHECK_IT_SOURCE(itsource, SPI_IT_RXN
 5240              		.loc 1 2446 6 view .LVU1837
 5241 000c 5606     		lsls	r6, r2, #25
2446:Drivers/STM32F1xx_HAL_Driver/Src/stm32f1xx_hal_spi.c ****       (SPI_CHECK_FLAG(itflag, SPI_FLAG_RXNE) != RESET) && (SPI_CHECK_IT_SOURCE(itsource, SPI_IT_RXN
 5242              		.loc 1 2446 8 view .LVU1838
ARM GAS  C:\Users\airforce\AppData\Local\Temp\cca1ZS9V.s 			page 193


 5243 000e 4FEA9215 		lsr	r5, r2, #6
 5244 0012 C2F38017 		ubfx	r7, r2, #6, #1
2446:Drivers/STM32F1xx_HAL_Driver/Src/stm32f1xx_hal_spi.c ****       (SPI_CHECK_FLAG(itflag, SPI_FLAG_RXNE) != RESET) && (SPI_CHECK_IT_SOURCE(itsource, SPI_IT_RXN
 5245              		.loc 1 2446 6 view .LVU1839
 5246 0016 08D4     		bmi	.L518
2446:Drivers/STM32F1xx_HAL_Driver/Src/stm32f1xx_hal_spi.c ****       (SPI_CHECK_FLAG(itflag, SPI_FLAG_RXNE) != RESET) && (SPI_CHECK_IT_SOURCE(itsource, SPI_IT_RXN
 5247              		.loc 1 2446 55 discriminator 1 view .LVU1840
 5248 0018 D607     		lsls	r6, r2, #31
 5249 001a 06D5     		bpl	.L518
2447:Drivers/STM32F1xx_HAL_Driver/Src/stm32f1xx_hal_spi.c ****   {
 5250              		.loc 1 2447 56 view .LVU1841
 5251 001c 4E06     		lsls	r6, r1, #25
 5252 001e 04D5     		bpl	.L518
2449:Drivers/STM32F1xx_HAL_Driver/Src/stm32f1xx_hal_spi.c ****     return;
 5253              		.loc 1 2449 5 is_stmt 1 view .LVU1842
 5254 0020 036C     		ldr	r3, [r0, #64]
 5255              	.L563:
2534:Drivers/STM32F1xx_HAL_Driver/Src/stm32f1xx_hal_spi.c **** 
 5256              		.loc 1 2534 1 is_stmt 0 view .LVU1843
 5257 0022 05B0     		add	sp, sp, #20
 5258              	.LCFI70:
 5259              		.cfi_remember_state
 5260              		.cfi_def_cfa_offset 20
 5261              		@ sp needed
 5262 0024 BDE8F040 		pop	{r4, r5, r6, r7, lr}
 5263              	.LCFI71:
 5264              		.cfi_restore 14
 5265              		.cfi_restore 7
 5266              		.cfi_restore 6
 5267              		.cfi_restore 5
 5268              		.cfi_restore 4
 5269              		.cfi_def_cfa_offset 0
2456:Drivers/STM32F1xx_HAL_Driver/Src/stm32f1xx_hal_spi.c ****     return;
 5270              		.loc 1 2456 5 view .LVU1844
 5271 0028 1847     		bx	r3	@ indirect register sibling call
 5272              	.LVL253:
 5273              	.L518:
 5274              	.LCFI72:
 5275              		.cfi_restore_state
2454:Drivers/STM32F1xx_HAL_Driver/Src/stm32f1xx_hal_spi.c ****   {
 5276              		.loc 1 2454 3 is_stmt 1 view .LVU1845
2454:Drivers/STM32F1xx_HAL_Driver/Src/stm32f1xx_hal_spi.c ****   {
 5277              		.loc 1 2454 6 is_stmt 0 view .LVU1846
 5278 002a 9607     		lsls	r6, r2, #30
 5279 002c 04D5     		bpl	.L519
2454:Drivers/STM32F1xx_HAL_Driver/Src/stm32f1xx_hal_spi.c ****   {
 5280              		.loc 1 2454 55 discriminator 1 view .LVU1847
 5281 002e 0806     		lsls	r0, r1, #24
 5282              	.LVL254:
2454:Drivers/STM32F1xx_HAL_Driver/Src/stm32f1xx_hal_spi.c ****   {
 5283              		.loc 1 2454 55 discriminator 1 view .LVU1848
 5284 0030 02D5     		bpl	.L519
2456:Drivers/STM32F1xx_HAL_Driver/Src/stm32f1xx_hal_spi.c ****     return;
 5285              		.loc 1 2456 5 is_stmt 1 view .LVU1849
 5286 0032 2046     		mov	r0, r4
 5287 0034 636C     		ldr	r3, [r4, #68]
 5288 0036 F4E7     		b	.L563
ARM GAS  C:\Users\airforce\AppData\Local\Temp\cca1ZS9V.s 			page 194


 5289              	.L519:
2461:Drivers/STM32F1xx_HAL_Driver/Src/stm32f1xx_hal_spi.c ****       && (SPI_CHECK_IT_SOURCE(itsource, SPI_IT_ERR) != RESET))
 5290              		.loc 1 2461 3 view .LVU1850
2461:Drivers/STM32F1xx_HAL_Driver/Src/stm32f1xx_hal_spi.c ****       && (SPI_CHECK_IT_SOURCE(itsource, SPI_IT_ERR) != RESET))
 5291              		.loc 1 2461 57 is_stmt 0 discriminator 1 view .LVU1851
 5292 0038 45EA5215 		orr	r5, r5, r2, lsr #5
2461:Drivers/STM32F1xx_HAL_Driver/Src/stm32f1xx_hal_spi.c ****       && (SPI_CHECK_IT_SOURCE(itsource, SPI_IT_ERR) != RESET))
 5293              		.loc 1 2461 9 view .LVU1852
 5294 003c 5609     		lsrs	r6, r2, #5
2461:Drivers/STM32F1xx_HAL_Driver/Src/stm32f1xx_hal_spi.c ****       && (SPI_CHECK_IT_SOURCE(itsource, SPI_IT_ERR) != RESET))
 5295              		.loc 1 2461 57 discriminator 1 view .LVU1853
 5296 003e EA07     		lsls	r2, r5, #31
 5297              	.LVL255:
2461:Drivers/STM32F1xx_HAL_Driver/Src/stm32f1xx_hal_spi.c ****       && (SPI_CHECK_IT_SOURCE(itsource, SPI_IT_ERR) != RESET))
 5298              		.loc 1 2461 57 discriminator 1 view .LVU1854
 5299 0040 4CD5     		bpl	.L517
2462:Drivers/STM32F1xx_HAL_Driver/Src/stm32f1xx_hal_spi.c ****   {
 5300              		.loc 1 2462 7 view .LVU1855
 5301 0042 8D06     		lsls	r5, r1, #26
 5302 0044 4AD5     		bpl	.L517
2465:Drivers/STM32F1xx_HAL_Driver/Src/stm32f1xx_hal_spi.c ****     {
 5303              		.loc 1 2465 5 is_stmt 1 view .LVU1856
2465:Drivers/STM32F1xx_HAL_Driver/Src/stm32f1xx_hal_spi.c ****     {
 5304              		.loc 1 2465 8 is_stmt 0 view .LVU1857
 5305 0046 77B1     		cbz	r7, .L523
2467:Drivers/STM32F1xx_HAL_Driver/Src/stm32f1xx_hal_spi.c ****       {
 5306              		.loc 1 2467 7 is_stmt 1 view .LVU1858
2467:Drivers/STM32F1xx_HAL_Driver/Src/stm32f1xx_hal_spi.c ****       {
 5307              		.loc 1 2467 15 is_stmt 0 view .LVU1859
 5308 0048 94F85120 		ldrb	r2, [r4, #81]	@ zero_extendqisi2
 5309 004c 0020     		movs	r0, #0
2467:Drivers/STM32F1xx_HAL_Driver/Src/stm32f1xx_hal_spi.c ****       {
 5310              		.loc 1 2467 10 view .LVU1860
 5311 004e 032A     		cmp	r2, #3
 5312 0050 3ED0     		beq	.L524
2469:Drivers/STM32F1xx_HAL_Driver/Src/stm32f1xx_hal_spi.c ****         __HAL_SPI_CLEAR_OVRFLAG(hspi);
 5313              		.loc 1 2469 9 is_stmt 1 view .LVU1861
 5314 0052 626D     		ldr	r2, [r4, #84]
 5315 0054 42F00402 		orr	r2, r2, #4
 5316 0058 6265     		str	r2, [r4, #84]
2470:Drivers/STM32F1xx_HAL_Driver/Src/stm32f1xx_hal_spi.c ****       }
 5317              		.loc 1 2470 9 view .LVU1862
 5318              	.LBB31:
2470:Drivers/STM32F1xx_HAL_Driver/Src/stm32f1xx_hal_spi.c ****       }
 5319              		.loc 1 2470 9 view .LVU1863
 5320 005a 0190     		str	r0, [sp, #4]
2470:Drivers/STM32F1xx_HAL_Driver/Src/stm32f1xx_hal_spi.c ****       }
 5321              		.loc 1 2470 9 view .LVU1864
 5322 005c DA68     		ldr	r2, [r3, #12]
 5323 005e 0192     		str	r2, [sp, #4]
2470:Drivers/STM32F1xx_HAL_Driver/Src/stm32f1xx_hal_spi.c ****       }
 5324              		.loc 1 2470 9 view .LVU1865
 5325 0060 9A68     		ldr	r2, [r3, #8]
 5326 0062 0192     		str	r2, [sp, #4]
2470:Drivers/STM32F1xx_HAL_Driver/Src/stm32f1xx_hal_spi.c ****       }
 5327              		.loc 1 2470 9 view .LVU1866
 5328 0064 019A     		ldr	r2, [sp, #4]
ARM GAS  C:\Users\airforce\AppData\Local\Temp\cca1ZS9V.s 			page 195


 5329              	.LBE31:
2470:Drivers/STM32F1xx_HAL_Driver/Src/stm32f1xx_hal_spi.c ****       }
 5330              		.loc 1 2470 9 view .LVU1867
 5331              	.L523:
2480:Drivers/STM32F1xx_HAL_Driver/Src/stm32f1xx_hal_spi.c ****     {
 5332              		.loc 1 2480 5 view .LVU1868
2480:Drivers/STM32F1xx_HAL_Driver/Src/stm32f1xx_hal_spi.c ****     {
 5333              		.loc 1 2480 8 is_stmt 0 view .LVU1869
 5334 0066 F007     		lsls	r0, r6, #31
 5335 0068 0CD5     		bpl	.L525
2482:Drivers/STM32F1xx_HAL_Driver/Src/stm32f1xx_hal_spi.c ****       __HAL_SPI_CLEAR_MODFFLAG(hspi);
 5336              		.loc 1 2482 7 is_stmt 1 view .LVU1870
 5337 006a 626D     		ldr	r2, [r4, #84]
 5338 006c 42F00102 		orr	r2, r2, #1
 5339 0070 6265     		str	r2, [r4, #84]
2483:Drivers/STM32F1xx_HAL_Driver/Src/stm32f1xx_hal_spi.c ****     }
 5340              		.loc 1 2483 7 view .LVU1871
 5341              	.LBB32:
2483:Drivers/STM32F1xx_HAL_Driver/Src/stm32f1xx_hal_spi.c ****     }
 5342              		.loc 1 2483 7 view .LVU1872
 5343 0072 0022     		movs	r2, #0
 5344 0074 0392     		str	r2, [sp, #12]
2483:Drivers/STM32F1xx_HAL_Driver/Src/stm32f1xx_hal_spi.c ****     }
 5345              		.loc 1 2483 7 view .LVU1873
 5346 0076 9A68     		ldr	r2, [r3, #8]
 5347 0078 0392     		str	r2, [sp, #12]
2483:Drivers/STM32F1xx_HAL_Driver/Src/stm32f1xx_hal_spi.c ****     }
 5348              		.loc 1 2483 7 view .LVU1874
 5349 007a 1A68     		ldr	r2, [r3]
 5350 007c 22F04002 		bic	r2, r2, #64
 5351 0080 1A60     		str	r2, [r3]
2483:Drivers/STM32F1xx_HAL_Driver/Src/stm32f1xx_hal_spi.c ****     }
 5352              		.loc 1 2483 7 view .LVU1875
 5353 0082 039A     		ldr	r2, [sp, #12]
 5354              	.L525:
2483:Drivers/STM32F1xx_HAL_Driver/Src/stm32f1xx_hal_spi.c ****     }
 5355              		.loc 1 2483 7 is_stmt 0 view .LVU1876
 5356              	.LBE32:
2483:Drivers/STM32F1xx_HAL_Driver/Src/stm32f1xx_hal_spi.c ****     }
 5357              		.loc 1 2483 7 is_stmt 1 discriminator 1 view .LVU1877
2488:Drivers/STM32F1xx_HAL_Driver/Src/stm32f1xx_hal_spi.c ****     {
 5358              		.loc 1 2488 5 view .LVU1878
2488:Drivers/STM32F1xx_HAL_Driver/Src/stm32f1xx_hal_spi.c ****     {
 5359              		.loc 1 2488 13 is_stmt 0 view .LVU1879
 5360 0084 626D     		ldr	r2, [r4, #84]
2488:Drivers/STM32F1xx_HAL_Driver/Src/stm32f1xx_hal_spi.c ****     {
 5361              		.loc 1 2488 8 view .LVU1880
 5362 0086 4AB3     		cbz	r2, .L517
2491:Drivers/STM32F1xx_HAL_Driver/Src/stm32f1xx_hal_spi.c **** 
 5363              		.loc 1 2491 7 is_stmt 1 view .LVU1881
 5364 0088 5A68     		ldr	r2, [r3, #4]
 5365 008a 22F0E002 		bic	r2, r2, #224
 5366 008e 5A60     		str	r2, [r3, #4]
2493:Drivers/STM32F1xx_HAL_Driver/Src/stm32f1xx_hal_spi.c ****       /* Disable the SPI DMA requests if enabled */
 5367              		.loc 1 2493 7 view .LVU1882
2493:Drivers/STM32F1xx_HAL_Driver/Src/stm32f1xx_hal_spi.c ****       /* Disable the SPI DMA requests if enabled */
 5368              		.loc 1 2493 19 is_stmt 0 view .LVU1883
ARM GAS  C:\Users\airforce\AppData\Local\Temp\cca1ZS9V.s 			page 196


 5369 0090 0122     		movs	r2, #1
 5370 0092 84F85120 		strb	r2, [r4, #81]
2495:Drivers/STM32F1xx_HAL_Driver/Src/stm32f1xx_hal_spi.c ****       {
 5371              		.loc 1 2495 7 is_stmt 1 view .LVU1884
2495:Drivers/STM32F1xx_HAL_Driver/Src/stm32f1xx_hal_spi.c ****       {
 5372              		.loc 1 2495 10 is_stmt 0 view .LVU1885
 5373 0096 8A07     		lsls	r2, r1, #30
 5374 0098 22D0     		beq	.L526
2497:Drivers/STM32F1xx_HAL_Driver/Src/stm32f1xx_hal_spi.c **** 
 5375              		.loc 1 2497 9 is_stmt 1 view .LVU1886
 5376 009a 5A68     		ldr	r2, [r3, #4]
2500:Drivers/STM32F1xx_HAL_Driver/Src/stm32f1xx_hal_spi.c ****         {
 5377              		.loc 1 2500 17 is_stmt 0 view .LVU1887
 5378 009c E06C     		ldr	r0, [r4, #76]
2497:Drivers/STM32F1xx_HAL_Driver/Src/stm32f1xx_hal_spi.c **** 
 5379              		.loc 1 2497 9 view .LVU1888
 5380 009e 22F00302 		bic	r2, r2, #3
 5381 00a2 5A60     		str	r2, [r3, #4]
2500:Drivers/STM32F1xx_HAL_Driver/Src/stm32f1xx_hal_spi.c ****         {
 5382              		.loc 1 2500 9 is_stmt 1 view .LVU1889
2500:Drivers/STM32F1xx_HAL_Driver/Src/stm32f1xx_hal_spi.c ****         {
 5383              		.loc 1 2500 12 is_stmt 0 view .LVU1890
 5384 00a4 40B1     		cbz	r0, .L528
2504:Drivers/STM32F1xx_HAL_Driver/Src/stm32f1xx_hal_spi.c ****           if (HAL_OK != HAL_DMA_Abort_IT(hspi->hdmarx))
 5385              		.loc 1 2504 11 is_stmt 1 view .LVU1891
2504:Drivers/STM32F1xx_HAL_Driver/Src/stm32f1xx_hal_spi.c ****           if (HAL_OK != HAL_DMA_Abort_IT(hspi->hdmarx))
 5386              		.loc 1 2504 43 is_stmt 0 view .LVU1892
 5387 00a6 104B     		ldr	r3, .L564
 5388 00a8 4363     		str	r3, [r0, #52]
2505:Drivers/STM32F1xx_HAL_Driver/Src/stm32f1xx_hal_spi.c ****           {
 5389              		.loc 1 2505 11 is_stmt 1 view .LVU1893
2505:Drivers/STM32F1xx_HAL_Driver/Src/stm32f1xx_hal_spi.c ****           {
 5390              		.loc 1 2505 25 is_stmt 0 view .LVU1894
 5391 00aa FFF7FEFF 		bl	HAL_DMA_Abort_IT
 5392              	.LVL256:
2505:Drivers/STM32F1xx_HAL_Driver/Src/stm32f1xx_hal_spi.c ****           {
 5393              		.loc 1 2505 14 discriminator 1 view .LVU1895
 5394 00ae 18B1     		cbz	r0, .L528
2507:Drivers/STM32F1xx_HAL_Driver/Src/stm32f1xx_hal_spi.c ****           }
 5395              		.loc 1 2507 13 is_stmt 1 view .LVU1896
 5396 00b0 636D     		ldr	r3, [r4, #84]
 5397 00b2 43F04003 		orr	r3, r3, #64
 5398 00b6 6365     		str	r3, [r4, #84]
 5399              	.L528:
2511:Drivers/STM32F1xx_HAL_Driver/Src/stm32f1xx_hal_spi.c ****         {
 5400              		.loc 1 2511 9 view .LVU1897
2511:Drivers/STM32F1xx_HAL_Driver/Src/stm32f1xx_hal_spi.c ****         {
 5401              		.loc 1 2511 17 is_stmt 0 view .LVU1898
 5402 00b8 A06C     		ldr	r0, [r4, #72]
2511:Drivers/STM32F1xx_HAL_Driver/Src/stm32f1xx_hal_spi.c ****         {
 5403              		.loc 1 2511 12 view .LVU1899
 5404 00ba 78B1     		cbz	r0, .L517
2515:Drivers/STM32F1xx_HAL_Driver/Src/stm32f1xx_hal_spi.c ****           if (HAL_OK != HAL_DMA_Abort_IT(hspi->hdmatx))
 5405              		.loc 1 2515 11 is_stmt 1 view .LVU1900
2515:Drivers/STM32F1xx_HAL_Driver/Src/stm32f1xx_hal_spi.c ****           if (HAL_OK != HAL_DMA_Abort_IT(hspi->hdmatx))
 5406              		.loc 1 2515 43 is_stmt 0 view .LVU1901
 5407 00bc 0A4B     		ldr	r3, .L564
ARM GAS  C:\Users\airforce\AppData\Local\Temp\cca1ZS9V.s 			page 197


 5408 00be 4363     		str	r3, [r0, #52]
2516:Drivers/STM32F1xx_HAL_Driver/Src/stm32f1xx_hal_spi.c ****           {
 5409              		.loc 1 2516 11 is_stmt 1 view .LVU1902
2516:Drivers/STM32F1xx_HAL_Driver/Src/stm32f1xx_hal_spi.c ****           {
 5410              		.loc 1 2516 25 is_stmt 0 view .LVU1903
 5411 00c0 FFF7FEFF 		bl	HAL_DMA_Abort_IT
 5412              	.LVL257:
2516:Drivers/STM32F1xx_HAL_Driver/Src/stm32f1xx_hal_spi.c ****           {
 5413              		.loc 1 2516 14 discriminator 1 view .LVU1904
 5414 00c4 50B1     		cbz	r0, .L517
2518:Drivers/STM32F1xx_HAL_Driver/Src/stm32f1xx_hal_spi.c ****           }
 5415              		.loc 1 2518 13 is_stmt 1 view .LVU1905
 5416 00c6 636D     		ldr	r3, [r4, #84]
 5417 00c8 43F04003 		orr	r3, r3, #64
 5418 00cc 6365     		str	r3, [r4, #84]
 5419 00ce 05E0     		b	.L517
 5420              	.LVL258:
 5421              	.L524:
2474:Drivers/STM32F1xx_HAL_Driver/Src/stm32f1xx_hal_spi.c ****         return;
 5422              		.loc 1 2474 9 view .LVU1906
 5423              	.LBB33:
2474:Drivers/STM32F1xx_HAL_Driver/Src/stm32f1xx_hal_spi.c ****         return;
 5424              		.loc 1 2474 9 view .LVU1907
 5425 00d0 0290     		str	r0, [sp, #8]
2474:Drivers/STM32F1xx_HAL_Driver/Src/stm32f1xx_hal_spi.c ****         return;
 5426              		.loc 1 2474 9 view .LVU1908
 5427 00d2 DA68     		ldr	r2, [r3, #12]
 5428 00d4 0292     		str	r2, [sp, #8]
2474:Drivers/STM32F1xx_HAL_Driver/Src/stm32f1xx_hal_spi.c ****         return;
 5429              		.loc 1 2474 9 view .LVU1909
 5430 00d6 9B68     		ldr	r3, [r3, #8]
 5431 00d8 0293     		str	r3, [sp, #8]
2474:Drivers/STM32F1xx_HAL_Driver/Src/stm32f1xx_hal_spi.c ****         return;
 5432              		.loc 1 2474 9 view .LVU1910
 5433 00da 029B     		ldr	r3, [sp, #8]
 5434              	.LBE33:
2474:Drivers/STM32F1xx_HAL_Driver/Src/stm32f1xx_hal_spi.c ****         return;
 5435              		.loc 1 2474 9 view .LVU1911
2475:Drivers/STM32F1xx_HAL_Driver/Src/stm32f1xx_hal_spi.c ****       }
 5436              		.loc 1 2475 9 view .LVU1912
 5437              	.LVL259:
 5438              	.L517:
2534:Drivers/STM32F1xx_HAL_Driver/Src/stm32f1xx_hal_spi.c **** 
 5439              		.loc 1 2534 1 is_stmt 0 view .LVU1913
 5440 00dc 05B0     		add	sp, sp, #20
 5441              	.LCFI73:
 5442              		.cfi_remember_state
 5443              		.cfi_def_cfa_offset 20
 5444              		@ sp needed
 5445 00de F0BD     		pop	{r4, r5, r6, r7, pc}
 5446              	.LVL260:
 5447              	.L526:
 5448              	.LCFI74:
 5449              		.cfi_restore_state
2528:Drivers/STM32F1xx_HAL_Driver/Src/stm32f1xx_hal_spi.c **** #endif /* USE_HAL_SPI_REGISTER_CALLBACKS */
 5450              		.loc 1 2528 9 is_stmt 1 view .LVU1914
 5451 00e0 2046     		mov	r0, r4
ARM GAS  C:\Users\airforce\AppData\Local\Temp\cca1ZS9V.s 			page 198


 5452 00e2 FFF7FEFF 		bl	HAL_SPI_ErrorCallback
 5453              	.LVL261:
2528:Drivers/STM32F1xx_HAL_Driver/Src/stm32f1xx_hal_spi.c **** #endif /* USE_HAL_SPI_REGISTER_CALLBACKS */
 5454              		.loc 1 2528 9 is_stmt 0 view .LVU1915
 5455 00e6 F9E7     		b	.L517
 5456              	.L565:
 5457              		.align	2
 5458              	.L564:
 5459 00e8 00000000 		.word	SPI_DMAAbortOnError
 5460              		.cfi_endproc
 5461              	.LFE83:
 5463              		.section	.text.SPI_DMAAbortOnError,"ax",%progbits
 5464              		.align	1
 5465              		.syntax unified
 5466              		.thumb
 5467              		.thumb_func
 5469              	SPI_DMAAbortOnError:
 5470              	.LVL262:
 5471              	.LFB101:
3052:Drivers/STM32F1xx_HAL_Driver/Src/stm32f1xx_hal_spi.c ****   SPI_HandleTypeDef *hspi = (SPI_HandleTypeDef *)(((DMA_HandleTypeDef *)hdma)->Parent);
 5472              		.loc 1 3052 1 is_stmt 1 view -0
 5473              		.cfi_startproc
 5474              		@ args = 0, pretend = 0, frame = 0
 5475              		@ frame_needed = 0, uses_anonymous_args = 0
3053:Drivers/STM32F1xx_HAL_Driver/Src/stm32f1xx_hal_spi.c ****   hspi->RxXferCount = 0U;
 5476              		.loc 1 3053 3 view .LVU1917
3052:Drivers/STM32F1xx_HAL_Driver/Src/stm32f1xx_hal_spi.c ****   SPI_HandleTypeDef *hspi = (SPI_HandleTypeDef *)(((DMA_HandleTypeDef *)hdma)->Parent);
 5477              		.loc 1 3052 1 is_stmt 0 view .LVU1918
 5478 0000 08B5     		push	{r3, lr}
 5479              	.LCFI75:
 5480              		.cfi_def_cfa_offset 8
 5481              		.cfi_offset 3, -8
 5482              		.cfi_offset 14, -4
3054:Drivers/STM32F1xx_HAL_Driver/Src/stm32f1xx_hal_spi.c ****   hspi->TxXferCount = 0U;
 5483              		.loc 1 3054 21 view .LVU1919
 5484 0002 0023     		movs	r3, #0
3053:Drivers/STM32F1xx_HAL_Driver/Src/stm32f1xx_hal_spi.c ****   hspi->RxXferCount = 0U;
 5485              		.loc 1 3053 22 view .LVU1920
 5486 0004 406A     		ldr	r0, [r0, #36]
 5487              	.LVL263:
3054:Drivers/STM32F1xx_HAL_Driver/Src/stm32f1xx_hal_spi.c ****   hspi->TxXferCount = 0U;
 5488              		.loc 1 3054 3 is_stmt 1 view .LVU1921
3054:Drivers/STM32F1xx_HAL_Driver/Src/stm32f1xx_hal_spi.c ****   hspi->TxXferCount = 0U;
 5489              		.loc 1 3054 21 is_stmt 0 view .LVU1922
 5490 0006 C387     		strh	r3, [r0, #62]	@ movhi
3055:Drivers/STM32F1xx_HAL_Driver/Src/stm32f1xx_hal_spi.c **** 
 5491              		.loc 1 3055 3 is_stmt 1 view .LVU1923
3055:Drivers/STM32F1xx_HAL_Driver/Src/stm32f1xx_hal_spi.c **** 
 5492              		.loc 1 3055 21 is_stmt 0 view .LVU1924
 5493 0008 C386     		strh	r3, [r0, #54]	@ movhi
3061:Drivers/STM32F1xx_HAL_Driver/Src/stm32f1xx_hal_spi.c **** #endif /* USE_HAL_SPI_REGISTER_CALLBACKS */
 5494              		.loc 1 3061 3 is_stmt 1 view .LVU1925
 5495 000a FFF7FEFF 		bl	HAL_SPI_ErrorCallback
 5496              	.LVL264:
3063:Drivers/STM32F1xx_HAL_Driver/Src/stm32f1xx_hal_spi.c **** 
 5497              		.loc 1 3063 1 is_stmt 0 view .LVU1926
 5498 000e 08BD     		pop	{r3, pc}
ARM GAS  C:\Users\airforce\AppData\Local\Temp\cca1ZS9V.s 			page 199


 5499              		.cfi_endproc
 5500              	.LFE101:
 5502              		.section	.text.HAL_SPI_AbortCpltCallback,"ax",%progbits
 5503              		.align	1
 5504              		.weak	HAL_SPI_AbortCpltCallback
 5505              		.syntax unified
 5506              		.thumb
 5507              		.thumb_func
 5509              	HAL_SPI_AbortCpltCallback:
 5510              	.LFB141:
 5511              		.cfi_startproc
2656:Drivers/STM32F1xx_HAL_Driver/Src/stm32f1xx_hal_spi.c **** {
 5512              		.loc 1 2656 13 is_stmt 1 view -0
 5513              		@ args = 0, pretend = 0, frame = 0
 5514              		@ frame_needed = 0, uses_anonymous_args = 0
 5515              		@ link register save eliminated.
 5516 0000 7047     		bx	lr
 5517              		.cfi_endproc
 5518              	.LFE141:
 5520              		.section	.text.HAL_SPI_Abort_IT,"ax",%progbits
 5521              		.align	1
 5522              		.global	HAL_SPI_Abort_IT
 5523              		.syntax unified
 5524              		.thumb
 5525              		.thumb_func
 5527              	HAL_SPI_Abort_IT:
 5528              	.LVL265:
 5529              	.LFB79:
2199:Drivers/STM32F1xx_HAL_Driver/Src/stm32f1xx_hal_spi.c ****   HAL_StatusTypeDef errorcode;
 5530              		.loc 1 2199 1 view -0
 5531              		.cfi_startproc
 5532              		@ args = 0, pretend = 0, frame = 16
 5533              		@ frame_needed = 0, uses_anonymous_args = 0
2200:Drivers/STM32F1xx_HAL_Driver/Src/stm32f1xx_hal_spi.c ****   uint32_t abortcplt ;
 5534              		.loc 1 2200 3 view .LVU1929
2201:Drivers/STM32F1xx_HAL_Driver/Src/stm32f1xx_hal_spi.c ****   __IO uint32_t count;
 5535              		.loc 1 2201 3 view .LVU1930
2202:Drivers/STM32F1xx_HAL_Driver/Src/stm32f1xx_hal_spi.c ****   __IO uint32_t resetcount;
 5536              		.loc 1 2202 3 view .LVU1931
2203:Drivers/STM32F1xx_HAL_Driver/Src/stm32f1xx_hal_spi.c **** 
 5537              		.loc 1 2203 3 view .LVU1932
2206:Drivers/STM32F1xx_HAL_Driver/Src/stm32f1xx_hal_spi.c ****   abortcplt = 1U;
 5538              		.loc 1 2206 3 view .LVU1933
2207:Drivers/STM32F1xx_HAL_Driver/Src/stm32f1xx_hal_spi.c ****   resetcount = SPI_DEFAULT_TIMEOUT * (SystemCoreClock / 24U / 1000U);
 5539              		.loc 1 2207 3 view .LVU1934
2208:Drivers/STM32F1xx_HAL_Driver/Src/stm32f1xx_hal_spi.c ****   count = resetcount;
 5540              		.loc 1 2208 3 view .LVU1935
2208:Drivers/STM32F1xx_HAL_Driver/Src/stm32f1xx_hal_spi.c ****   count = resetcount;
 5541              		.loc 1 2208 61 is_stmt 0 view .LVU1936
 5542 0000 45F6C052 		movw	r2, #24000
 5543 0004 424B     		ldr	r3, .L616
2199:Drivers/STM32F1xx_HAL_Driver/Src/stm32f1xx_hal_spi.c ****   HAL_StatusTypeDef errorcode;
 5544              		.loc 1 2199 1 view .LVU1937
 5545 0006 30B5     		push	{r4, r5, lr}
 5546              	.LCFI76:
 5547              		.cfi_def_cfa_offset 12
 5548              		.cfi_offset 4, -12
ARM GAS  C:\Users\airforce\AppData\Local\Temp\cca1ZS9V.s 			page 200


 5549              		.cfi_offset 5, -8
 5550              		.cfi_offset 14, -4
2208:Drivers/STM32F1xx_HAL_Driver/Src/stm32f1xx_hal_spi.c ****   count = resetcount;
 5551              		.loc 1 2208 61 view .LVU1938
 5552 0008 1B68     		ldr	r3, [r3]
2199:Drivers/STM32F1xx_HAL_Driver/Src/stm32f1xx_hal_spi.c ****   HAL_StatusTypeDef errorcode;
 5553              		.loc 1 2199 1 view .LVU1939
 5554 000a 85B0     		sub	sp, sp, #20
 5555              	.LCFI77:
 5556              		.cfi_def_cfa_offset 32
2208:Drivers/STM32F1xx_HAL_Driver/Src/stm32f1xx_hal_spi.c ****   count = resetcount;
 5557              		.loc 1 2208 61 view .LVU1940
 5558 000c B3FBF2F3 		udiv	r3, r3, r2
2208:Drivers/STM32F1xx_HAL_Driver/Src/stm32f1xx_hal_spi.c ****   count = resetcount;
 5559              		.loc 1 2208 36 view .LVU1941
 5560 0010 6422     		movs	r2, #100
 5561 0012 5343     		muls	r3, r2, r3
2208:Drivers/STM32F1xx_HAL_Driver/Src/stm32f1xx_hal_spi.c ****   count = resetcount;
 5562              		.loc 1 2208 14 view .LVU1942
 5563 0014 0293     		str	r3, [sp, #8]
2209:Drivers/STM32F1xx_HAL_Driver/Src/stm32f1xx_hal_spi.c **** 
 5564              		.loc 1 2209 3 is_stmt 1 view .LVU1943
2209:Drivers/STM32F1xx_HAL_Driver/Src/stm32f1xx_hal_spi.c **** 
 5565              		.loc 1 2209 9 is_stmt 0 view .LVU1944
 5566 0016 029B     		ldr	r3, [sp, #8]
2199:Drivers/STM32F1xx_HAL_Driver/Src/stm32f1xx_hal_spi.c ****   HAL_StatusTypeDef errorcode;
 5567              		.loc 1 2199 1 view .LVU1945
 5568 0018 0446     		mov	r4, r0
2209:Drivers/STM32F1xx_HAL_Driver/Src/stm32f1xx_hal_spi.c **** 
 5569              		.loc 1 2209 9 view .LVU1946
 5570 001a 0193     		str	r3, [sp, #4]
2212:Drivers/STM32F1xx_HAL_Driver/Src/stm32f1xx_hal_spi.c **** 
 5571              		.loc 1 2212 3 is_stmt 1 view .LVU1947
 5572 001c 0368     		ldr	r3, [r0]
 5573 001e 5A68     		ldr	r2, [r3, #4]
 5574 0020 22F02002 		bic	r2, r2, #32
 5575 0024 5A60     		str	r2, [r3, #4]
2215:Drivers/STM32F1xx_HAL_Driver/Src/stm32f1xx_hal_spi.c ****   {
 5576              		.loc 1 2215 3 view .LVU1948
2215:Drivers/STM32F1xx_HAL_Driver/Src/stm32f1xx_hal_spi.c ****   {
 5577              		.loc 1 2215 7 is_stmt 0 view .LVU1949
 5578 0026 5A68     		ldr	r2, [r3, #4]
2215:Drivers/STM32F1xx_HAL_Driver/Src/stm32f1xx_hal_spi.c ****   {
 5579              		.loc 1 2215 6 view .LVU1950
 5580 0028 1006     		lsls	r0, r2, #24
 5581              	.LVL266:
2215:Drivers/STM32F1xx_HAL_Driver/Src/stm32f1xx_hal_spi.c ****   {
 5582              		.loc 1 2215 6 view .LVU1951
 5583 002a 0AD5     		bpl	.L569
2217:Drivers/STM32F1xx_HAL_Driver/Src/stm32f1xx_hal_spi.c ****     /* Wait HAL_SPI_STATE_ABORT state */
 5584              		.loc 1 2217 5 is_stmt 1 view .LVU1952
2217:Drivers/STM32F1xx_HAL_Driver/Src/stm32f1xx_hal_spi.c ****     /* Wait HAL_SPI_STATE_ABORT state */
 5585              		.loc 1 2217 17 is_stmt 0 view .LVU1953
 5586 002c 394A     		ldr	r2, .L616+4
 5587 002e 6264     		str	r2, [r4, #68]
 5588              	.L572:
2219:Drivers/STM32F1xx_HAL_Driver/Src/stm32f1xx_hal_spi.c ****     {
ARM GAS  C:\Users\airforce\AppData\Local\Temp\cca1ZS9V.s 			page 201


 5589              		.loc 1 2219 5 is_stmt 1 view .LVU1954
2221:Drivers/STM32F1xx_HAL_Driver/Src/stm32f1xx_hal_spi.c ****       {
 5590              		.loc 1 2221 7 view .LVU1955
2221:Drivers/STM32F1xx_HAL_Driver/Src/stm32f1xx_hal_spi.c ****       {
 5591              		.loc 1 2221 17 is_stmt 0 view .LVU1956
 5592 0030 019A     		ldr	r2, [sp, #4]
2221:Drivers/STM32F1xx_HAL_Driver/Src/stm32f1xx_hal_spi.c ****       {
 5593              		.loc 1 2221 10 view .LVU1957
 5594 0032 002A     		cmp	r2, #0
 5595 0034 3ED1     		bne	.L570
2223:Drivers/STM32F1xx_HAL_Driver/Src/stm32f1xx_hal_spi.c ****         break;
 5596              		.loc 1 2223 9 is_stmt 1 view .LVU1958
 5597 0036 626D     		ldr	r2, [r4, #84]
 5598 0038 42F04002 		orr	r2, r2, #64
 5599 003c 6265     		str	r2, [r4, #84]
2224:Drivers/STM32F1xx_HAL_Driver/Src/stm32f1xx_hal_spi.c ****       }
 5600              		.loc 1 2224 9 view .LVU1959
 5601              	.L571:
2229:Drivers/STM32F1xx_HAL_Driver/Src/stm32f1xx_hal_spi.c ****   }
 5602              		.loc 1 2229 5 view .LVU1960
2229:Drivers/STM32F1xx_HAL_Driver/Src/stm32f1xx_hal_spi.c ****   }
 5603              		.loc 1 2229 11 is_stmt 0 view .LVU1961
 5604 003e 029A     		ldr	r2, [sp, #8]
 5605 0040 0192     		str	r2, [sp, #4]
 5606              	.L569:
2232:Drivers/STM32F1xx_HAL_Driver/Src/stm32f1xx_hal_spi.c ****   {
 5607              		.loc 1 2232 3 is_stmt 1 view .LVU1962
2232:Drivers/STM32F1xx_HAL_Driver/Src/stm32f1xx_hal_spi.c ****   {
 5608              		.loc 1 2232 7 is_stmt 0 view .LVU1963
 5609 0042 5A68     		ldr	r2, [r3, #4]
2232:Drivers/STM32F1xx_HAL_Driver/Src/stm32f1xx_hal_spi.c ****   {
 5610              		.loc 1 2232 6 view .LVU1964
 5611 0044 5106     		lsls	r1, r2, #25
 5612 0046 0AD5     		bpl	.L573
2234:Drivers/STM32F1xx_HAL_Driver/Src/stm32f1xx_hal_spi.c ****     /* Wait HAL_SPI_STATE_ABORT state */
 5613              		.loc 1 2234 5 is_stmt 1 view .LVU1965
2234:Drivers/STM32F1xx_HAL_Driver/Src/stm32f1xx_hal_spi.c ****     /* Wait HAL_SPI_STATE_ABORT state */
 5614              		.loc 1 2234 17 is_stmt 0 view .LVU1966
 5615 0048 334A     		ldr	r2, .L616+8
 5616 004a 2264     		str	r2, [r4, #64]
 5617              	.L576:
2236:Drivers/STM32F1xx_HAL_Driver/Src/stm32f1xx_hal_spi.c ****     {
 5618              		.loc 1 2236 5 is_stmt 1 view .LVU1967
2238:Drivers/STM32F1xx_HAL_Driver/Src/stm32f1xx_hal_spi.c ****       {
 5619              		.loc 1 2238 7 view .LVU1968
2238:Drivers/STM32F1xx_HAL_Driver/Src/stm32f1xx_hal_spi.c ****       {
 5620              		.loc 1 2238 17 is_stmt 0 view .LVU1969
 5621 004c 019A     		ldr	r2, [sp, #4]
2238:Drivers/STM32F1xx_HAL_Driver/Src/stm32f1xx_hal_spi.c ****       {
 5622              		.loc 1 2238 10 view .LVU1970
 5623 004e 002A     		cmp	r2, #0
 5624 0050 38D1     		bne	.L574
2240:Drivers/STM32F1xx_HAL_Driver/Src/stm32f1xx_hal_spi.c ****         break;
 5625              		.loc 1 2240 9 is_stmt 1 view .LVU1971
 5626 0052 626D     		ldr	r2, [r4, #84]
 5627 0054 42F04002 		orr	r2, r2, #64
 5628 0058 6265     		str	r2, [r4, #84]
ARM GAS  C:\Users\airforce\AppData\Local\Temp\cca1ZS9V.s 			page 202


2241:Drivers/STM32F1xx_HAL_Driver/Src/stm32f1xx_hal_spi.c ****       }
 5629              		.loc 1 2241 9 view .LVU1972
 5630              	.L575:
2246:Drivers/STM32F1xx_HAL_Driver/Src/stm32f1xx_hal_spi.c ****   }
 5631              		.loc 1 2246 5 view .LVU1973
2246:Drivers/STM32F1xx_HAL_Driver/Src/stm32f1xx_hal_spi.c ****   }
 5632              		.loc 1 2246 11 is_stmt 0 view .LVU1974
 5633 005a 029A     		ldr	r2, [sp, #8]
 5634 005c 0192     		str	r2, [sp, #4]
 5635              	.L573:
2252:Drivers/STM32F1xx_HAL_Driver/Src/stm32f1xx_hal_spi.c ****   {
 5636              		.loc 1 2252 3 is_stmt 1 view .LVU1975
2252:Drivers/STM32F1xx_HAL_Driver/Src/stm32f1xx_hal_spi.c ****   {
 5637              		.loc 1 2252 11 is_stmt 0 view .LVU1976
 5638 005e A06C     		ldr	r0, [r4, #72]
2252:Drivers/STM32F1xx_HAL_Driver/Src/stm32f1xx_hal_spi.c ****   {
 5639              		.loc 1 2252 6 view .LVU1977
 5640 0060 28B1     		cbz	r0, .L577
2256:Drivers/STM32F1xx_HAL_Driver/Src/stm32f1xx_hal_spi.c ****     {
 5641              		.loc 1 2256 5 is_stmt 1 view .LVU1978
2256:Drivers/STM32F1xx_HAL_Driver/Src/stm32f1xx_hal_spi.c ****     {
 5642              		.loc 1 2256 9 is_stmt 0 view .LVU1979
 5643 0062 5A68     		ldr	r2, [r3, #4]
2256:Drivers/STM32F1xx_HAL_Driver/Src/stm32f1xx_hal_spi.c ****     {
 5644              		.loc 1 2256 8 view .LVU1980
 5645 0064 12F00202 		ands	r2, r2, #2
2258:Drivers/STM32F1xx_HAL_Driver/Src/stm32f1xx_hal_spi.c ****     }
 5646              		.loc 1 2258 7 is_stmt 1 view .LVU1981
2258:Drivers/STM32F1xx_HAL_Driver/Src/stm32f1xx_hal_spi.c ****     }
 5647              		.loc 1 2258 39 is_stmt 0 view .LVU1982
 5648 0068 18BF     		it	ne
 5649 006a 2C4A     		ldrne	r2, .L616+12
2262:Drivers/STM32F1xx_HAL_Driver/Src/stm32f1xx_hal_spi.c ****     }
 5650              		.loc 1 2262 7 is_stmt 1 view .LVU1983
2262:Drivers/STM32F1xx_HAL_Driver/Src/stm32f1xx_hal_spi.c ****     }
 5651              		.loc 1 2262 39 is_stmt 0 view .LVU1984
 5652 006c 4263     		str	r2, [r0, #52]
 5653              	.L577:
2266:Drivers/STM32F1xx_HAL_Driver/Src/stm32f1xx_hal_spi.c ****   {
 5654              		.loc 1 2266 3 is_stmt 1 view .LVU1985
2266:Drivers/STM32F1xx_HAL_Driver/Src/stm32f1xx_hal_spi.c ****   {
 5655              		.loc 1 2266 11 is_stmt 0 view .LVU1986
 5656 006e E16C     		ldr	r1, [r4, #76]
2266:Drivers/STM32F1xx_HAL_Driver/Src/stm32f1xx_hal_spi.c ****   {
 5657              		.loc 1 2266 6 view .LVU1987
 5658 0070 29B1     		cbz	r1, .L579
2270:Drivers/STM32F1xx_HAL_Driver/Src/stm32f1xx_hal_spi.c ****     {
 5659              		.loc 1 2270 5 is_stmt 1 view .LVU1988
2270:Drivers/STM32F1xx_HAL_Driver/Src/stm32f1xx_hal_spi.c ****     {
 5660              		.loc 1 2270 9 is_stmt 0 view .LVU1989
 5661 0072 5A68     		ldr	r2, [r3, #4]
2270:Drivers/STM32F1xx_HAL_Driver/Src/stm32f1xx_hal_spi.c ****     {
 5662              		.loc 1 2270 8 view .LVU1990
 5663 0074 12F00102 		ands	r2, r2, #1
2272:Drivers/STM32F1xx_HAL_Driver/Src/stm32f1xx_hal_spi.c ****     }
 5664              		.loc 1 2272 7 is_stmt 1 view .LVU1991
2272:Drivers/STM32F1xx_HAL_Driver/Src/stm32f1xx_hal_spi.c ****     }
ARM GAS  C:\Users\airforce\AppData\Local\Temp\cca1ZS9V.s 			page 203


 5665              		.loc 1 2272 39 is_stmt 0 view .LVU1992
 5666 0078 18BF     		it	ne
 5667 007a 294A     		ldrne	r2, .L616+16
2276:Drivers/STM32F1xx_HAL_Driver/Src/stm32f1xx_hal_spi.c ****     }
 5668              		.loc 1 2276 7 is_stmt 1 view .LVU1993
2276:Drivers/STM32F1xx_HAL_Driver/Src/stm32f1xx_hal_spi.c ****     }
 5669              		.loc 1 2276 39 is_stmt 0 view .LVU1994
 5670 007c 4A63     		str	r2, [r1, #52]
 5671              	.L579:
2281:Drivers/STM32F1xx_HAL_Driver/Src/stm32f1xx_hal_spi.c ****   {
 5672              		.loc 1 2281 3 is_stmt 1 view .LVU1995
2281:Drivers/STM32F1xx_HAL_Driver/Src/stm32f1xx_hal_spi.c ****   {
 5673              		.loc 1 2281 7 is_stmt 0 view .LVU1996
 5674 007e 5B68     		ldr	r3, [r3, #4]
2281:Drivers/STM32F1xx_HAL_Driver/Src/stm32f1xx_hal_spi.c ****   {
 5675              		.loc 1 2281 6 view .LVU1997
 5676 0080 9A07     		lsls	r2, r3, #30
 5677 0082 09D5     		bpl	.L581
2284:Drivers/STM32F1xx_HAL_Driver/Src/stm32f1xx_hal_spi.c ****     {
 5678              		.loc 1 2284 5 is_stmt 1 view .LVU1998
2284:Drivers/STM32F1xx_HAL_Driver/Src/stm32f1xx_hal_spi.c ****     {
 5679              		.loc 1 2284 8 is_stmt 0 view .LVU1999
 5680 0084 40B1     		cbz	r0, .L581
2287:Drivers/STM32F1xx_HAL_Driver/Src/stm32f1xx_hal_spi.c ****       {
 5681              		.loc 1 2287 7 is_stmt 1 view .LVU2000
2287:Drivers/STM32F1xx_HAL_Driver/Src/stm32f1xx_hal_spi.c ****       {
 5682              		.loc 1 2287 11 is_stmt 0 view .LVU2001
 5683 0086 FFF7FEFF 		bl	HAL_DMA_Abort_IT
 5684              	.LVL267:
2287:Drivers/STM32F1xx_HAL_Driver/Src/stm32f1xx_hal_spi.c ****       {
 5685              		.loc 1 2287 10 discriminator 1 view .LVU2002
 5686 008a 0546     		mov	r5, r0
 5687 008c 28B1     		cbz	r0, .L582
2289:Drivers/STM32F1xx_HAL_Driver/Src/stm32f1xx_hal_spi.c ****         hspi->ErrorCode = HAL_SPI_ERROR_ABORT;
 5688              		.loc 1 2289 9 is_stmt 1 view .LVU2003
2289:Drivers/STM32F1xx_HAL_Driver/Src/stm32f1xx_hal_spi.c ****         hspi->ErrorCode = HAL_SPI_ERROR_ABORT;
 5689              		.loc 1 2289 41 is_stmt 0 view .LVU2004
 5690 008e 0022     		movs	r2, #0
 5691 0090 A36C     		ldr	r3, [r4, #72]
 5692 0092 5A63     		str	r2, [r3, #52]
2290:Drivers/STM32F1xx_HAL_Driver/Src/stm32f1xx_hal_spi.c ****       }
 5693              		.loc 1 2290 9 is_stmt 1 view .LVU2005
2290:Drivers/STM32F1xx_HAL_Driver/Src/stm32f1xx_hal_spi.c ****       }
 5694              		.loc 1 2290 25 is_stmt 0 view .LVU2006
 5695 0094 4023     		movs	r3, #64
 5696 0096 6365     		str	r3, [r4, #84]
 5697              	.L581:
2207:Drivers/STM32F1xx_HAL_Driver/Src/stm32f1xx_hal_spi.c ****   resetcount = SPI_DEFAULT_TIMEOUT * (SystemCoreClock / 24U / 1000U);
 5698              		.loc 1 2207 13 view .LVU2007
 5699 0098 0125     		movs	r5, #1
 5700              	.L582:
 5701              	.LVL268:
2299:Drivers/STM32F1xx_HAL_Driver/Src/stm32f1xx_hal_spi.c ****   {
 5702              		.loc 1 2299 3 is_stmt 1 view .LVU2008
2299:Drivers/STM32F1xx_HAL_Driver/Src/stm32f1xx_hal_spi.c ****   {
 5703              		.loc 1 2299 7 is_stmt 0 view .LVU2009
 5704 009a 2368     		ldr	r3, [r4]
ARM GAS  C:\Users\airforce\AppData\Local\Temp\cca1ZS9V.s 			page 204


 5705 009c 5B68     		ldr	r3, [r3, #4]
2299:Drivers/STM32F1xx_HAL_Driver/Src/stm32f1xx_hal_spi.c ****   {
 5706              		.loc 1 2299 6 view .LVU2010
 5707 009e DB07     		lsls	r3, r3, #31
 5708 00a0 1DD5     		bpl	.L583
2302:Drivers/STM32F1xx_HAL_Driver/Src/stm32f1xx_hal_spi.c ****     {
 5709              		.loc 1 2302 5 is_stmt 1 view .LVU2011
2302:Drivers/STM32F1xx_HAL_Driver/Src/stm32f1xx_hal_spi.c ****     {
 5710              		.loc 1 2302 13 is_stmt 0 view .LVU2012
 5711 00a2 E06C     		ldr	r0, [r4, #76]
2302:Drivers/STM32F1xx_HAL_Driver/Src/stm32f1xx_hal_spi.c ****     {
 5712              		.loc 1 2302 8 view .LVU2013
 5713 00a4 D8B1     		cbz	r0, .L583
2305:Drivers/STM32F1xx_HAL_Driver/Src/stm32f1xx_hal_spi.c ****       {
 5714              		.loc 1 2305 7 is_stmt 1 view .LVU2014
2305:Drivers/STM32F1xx_HAL_Driver/Src/stm32f1xx_hal_spi.c ****       {
 5715              		.loc 1 2305 11 is_stmt 0 view .LVU2015
 5716 00a6 FFF7FEFF 		bl	HAL_DMA_Abort_IT
 5717              	.LVL269:
2305:Drivers/STM32F1xx_HAL_Driver/Src/stm32f1xx_hal_spi.c ****       {
 5718              		.loc 1 2305 10 discriminator 1 view .LVU2016
 5719 00aa 98B9     		cbnz	r0, .L584
 5720              	.L586:
2206:Drivers/STM32F1xx_HAL_Driver/Src/stm32f1xx_hal_spi.c ****   abortcplt = 1U;
 5721              		.loc 1 2206 13 view .LVU2017
 5722 00ac 0025     		movs	r5, #0
 5723              	.LVL270:
 5724              	.L585:
2349:Drivers/STM32F1xx_HAL_Driver/Src/stm32f1xx_hal_spi.c **** }
 5725              		.loc 1 2349 3 is_stmt 1 view .LVU2018
2350:Drivers/STM32F1xx_HAL_Driver/Src/stm32f1xx_hal_spi.c **** 
 5726              		.loc 1 2350 1 is_stmt 0 view .LVU2019
 5727 00ae 2846     		mov	r0, r5
 5728 00b0 05B0     		add	sp, sp, #20
 5729              	.LCFI78:
 5730              		.cfi_remember_state
 5731              		.cfi_def_cfa_offset 12
 5732              		@ sp needed
 5733 00b2 30BD     		pop	{r4, r5, pc}
 5734              	.LVL271:
 5735              	.L570:
 5736              	.LCFI79:
 5737              		.cfi_restore_state
2226:Drivers/STM32F1xx_HAL_Driver/Src/stm32f1xx_hal_spi.c ****     } while (hspi->State != HAL_SPI_STATE_ABORT);
 5738              		.loc 1 2226 7 is_stmt 1 view .LVU2020
2226:Drivers/STM32F1xx_HAL_Driver/Src/stm32f1xx_hal_spi.c ****     } while (hspi->State != HAL_SPI_STATE_ABORT);
 5739              		.loc 1 2226 12 is_stmt 0 view .LVU2021
 5740 00b4 019A     		ldr	r2, [sp, #4]
 5741 00b6 013A     		subs	r2, r2, #1
 5742 00b8 0192     		str	r2, [sp, #4]
2227:Drivers/STM32F1xx_HAL_Driver/Src/stm32f1xx_hal_spi.c ****     /* Reset Timeout Counter */
 5743              		.loc 1 2227 26 is_stmt 1 view .LVU2022
2227:Drivers/STM32F1xx_HAL_Driver/Src/stm32f1xx_hal_spi.c ****     /* Reset Timeout Counter */
 5744              		.loc 1 2227 18 is_stmt 0 view .LVU2023
 5745 00ba 94F85120 		ldrb	r2, [r4, #81]	@ zero_extendqisi2
2227:Drivers/STM32F1xx_HAL_Driver/Src/stm32f1xx_hal_spi.c ****     /* Reset Timeout Counter */
 5746              		.loc 1 2227 26 view .LVU2024
ARM GAS  C:\Users\airforce\AppData\Local\Temp\cca1ZS9V.s 			page 205


 5747 00be 072A     		cmp	r2, #7
 5748 00c0 B6D1     		bne	.L572
 5749 00c2 BCE7     		b	.L571
 5750              	.L574:
2243:Drivers/STM32F1xx_HAL_Driver/Src/stm32f1xx_hal_spi.c ****     } while (hspi->State != HAL_SPI_STATE_ABORT);
 5751              		.loc 1 2243 7 is_stmt 1 view .LVU2025
2243:Drivers/STM32F1xx_HAL_Driver/Src/stm32f1xx_hal_spi.c ****     } while (hspi->State != HAL_SPI_STATE_ABORT);
 5752              		.loc 1 2243 12 is_stmt 0 view .LVU2026
 5753 00c4 019A     		ldr	r2, [sp, #4]
 5754 00c6 013A     		subs	r2, r2, #1
 5755 00c8 0192     		str	r2, [sp, #4]
2244:Drivers/STM32F1xx_HAL_Driver/Src/stm32f1xx_hal_spi.c ****     /* Reset Timeout Counter */
 5756              		.loc 1 2244 26 is_stmt 1 view .LVU2027
2244:Drivers/STM32F1xx_HAL_Driver/Src/stm32f1xx_hal_spi.c ****     /* Reset Timeout Counter */
 5757              		.loc 1 2244 18 is_stmt 0 view .LVU2028
 5758 00ca 94F85120 		ldrb	r2, [r4, #81]	@ zero_extendqisi2
2244:Drivers/STM32F1xx_HAL_Driver/Src/stm32f1xx_hal_spi.c ****     /* Reset Timeout Counter */
 5759              		.loc 1 2244 26 view .LVU2029
 5760 00ce 072A     		cmp	r2, #7
 5761 00d0 BCD1     		bne	.L576
 5762 00d2 C2E7     		b	.L575
 5763              	.LVL272:
 5764              	.L584:
2307:Drivers/STM32F1xx_HAL_Driver/Src/stm32f1xx_hal_spi.c ****         hspi->ErrorCode = HAL_SPI_ERROR_ABORT;
 5765              		.loc 1 2307 9 is_stmt 1 view .LVU2030
2307:Drivers/STM32F1xx_HAL_Driver/Src/stm32f1xx_hal_spi.c ****         hspi->ErrorCode = HAL_SPI_ERROR_ABORT;
 5766              		.loc 1 2307 41 is_stmt 0 view .LVU2031
 5767 00d4 0022     		movs	r2, #0
 5768 00d6 E36C     		ldr	r3, [r4, #76]
 5769 00d8 5A63     		str	r2, [r3, #52]
2308:Drivers/STM32F1xx_HAL_Driver/Src/stm32f1xx_hal_spi.c ****       }
 5770              		.loc 1 2308 9 is_stmt 1 view .LVU2032
2308:Drivers/STM32F1xx_HAL_Driver/Src/stm32f1xx_hal_spi.c ****       }
 5771              		.loc 1 2308 25 is_stmt 0 view .LVU2033
 5772 00da 4023     		movs	r3, #64
 5773 00dc 6365     		str	r3, [r4, #84]
 5774              	.L583:
2317:Drivers/STM32F1xx_HAL_Driver/Src/stm32f1xx_hal_spi.c ****   {
 5775              		.loc 1 2317 3 is_stmt 1 view .LVU2034
2317:Drivers/STM32F1xx_HAL_Driver/Src/stm32f1xx_hal_spi.c ****   {
 5776              		.loc 1 2317 6 is_stmt 0 view .LVU2035
 5777 00de 002D     		cmp	r5, #0
 5778 00e0 E4D0     		beq	.L586
 5779              	.LVL273:
2320:Drivers/STM32F1xx_HAL_Driver/Src/stm32f1xx_hal_spi.c ****     hspi->TxXferCount = 0U;
 5780              		.loc 1 2320 5 is_stmt 1 view .LVU2036
2320:Drivers/STM32F1xx_HAL_Driver/Src/stm32f1xx_hal_spi.c ****     hspi->TxXferCount = 0U;
 5781              		.loc 1 2320 23 is_stmt 0 view .LVU2037
 5782 00e2 0023     		movs	r3, #0
 5783 00e4 E387     		strh	r3, [r4, #62]	@ movhi
2321:Drivers/STM32F1xx_HAL_Driver/Src/stm32f1xx_hal_spi.c **** 
 5784              		.loc 1 2321 5 is_stmt 1 view .LVU2038
2321:Drivers/STM32F1xx_HAL_Driver/Src/stm32f1xx_hal_spi.c **** 
 5785              		.loc 1 2321 23 is_stmt 0 view .LVU2039
 5786 00e6 E386     		strh	r3, [r4, #54]	@ movhi
2324:Drivers/STM32F1xx_HAL_Driver/Src/stm32f1xx_hal_spi.c ****     {
 5787              		.loc 1 2324 5 is_stmt 1 view .LVU2040
ARM GAS  C:\Users\airforce\AppData\Local\Temp\cca1ZS9V.s 			page 206


2324:Drivers/STM32F1xx_HAL_Driver/Src/stm32f1xx_hal_spi.c ****     {
 5788              		.loc 1 2324 13 is_stmt 0 view .LVU2041
 5789 00e8 626D     		ldr	r2, [r4, #84]
2345:Drivers/STM32F1xx_HAL_Driver/Src/stm32f1xx_hal_spi.c **** #endif /* USE_HAL_SPI_REGISTER_CALLBACKS */
 5790              		.loc 1 2345 5 view .LVU2042
 5791 00ea 2046     		mov	r0, r4
2324:Drivers/STM32F1xx_HAL_Driver/Src/stm32f1xx_hal_spi.c ****     {
 5792              		.loc 1 2324 8 view .LVU2043
 5793 00ec 402A     		cmp	r2, #64
2332:Drivers/STM32F1xx_HAL_Driver/Src/stm32f1xx_hal_spi.c ****     }
 5794              		.loc 1 2332 7 is_stmt 1 view .LVU2044
2332:Drivers/STM32F1xx_HAL_Driver/Src/stm32f1xx_hal_spi.c ****     }
 5795              		.loc 1 2332 23 is_stmt 0 view .LVU2045
 5796 00ee 1CBF     		itt	ne
 5797 00f0 6365     		strne	r3, [r4, #84]
2206:Drivers/STM32F1xx_HAL_Driver/Src/stm32f1xx_hal_spi.c ****   abortcplt = 1U;
 5798              		.loc 1 2206 13 view .LVU2046
 5799 00f2 1D46     		movne	r5, r3
 5800              	.LVL274:
2336:Drivers/STM32F1xx_HAL_Driver/Src/stm32f1xx_hal_spi.c **** 
 5801              		.loc 1 2336 5 is_stmt 1 view .LVU2047
 5802              	.LBB34:
2336:Drivers/STM32F1xx_HAL_Driver/Src/stm32f1xx_hal_spi.c **** 
 5803              		.loc 1 2336 5 view .LVU2048
 5804 00f4 0393     		str	r3, [sp, #12]
2336:Drivers/STM32F1xx_HAL_Driver/Src/stm32f1xx_hal_spi.c **** 
 5805              		.loc 1 2336 5 view .LVU2049
 5806 00f6 2368     		ldr	r3, [r4]
 5807 00f8 DA68     		ldr	r2, [r3, #12]
 5808 00fa 0392     		str	r2, [sp, #12]
2336:Drivers/STM32F1xx_HAL_Driver/Src/stm32f1xx_hal_spi.c **** 
 5809              		.loc 1 2336 5 view .LVU2050
 5810 00fc 9B68     		ldr	r3, [r3, #8]
 5811 00fe 0393     		str	r3, [sp, #12]
2336:Drivers/STM32F1xx_HAL_Driver/Src/stm32f1xx_hal_spi.c **** 
 5812              		.loc 1 2336 5 view .LVU2051
 5813 0100 039B     		ldr	r3, [sp, #12]
 5814              	.LBE34:
2336:Drivers/STM32F1xx_HAL_Driver/Src/stm32f1xx_hal_spi.c **** 
 5815              		.loc 1 2336 5 view .LVU2052
2339:Drivers/STM32F1xx_HAL_Driver/Src/stm32f1xx_hal_spi.c **** 
 5816              		.loc 1 2339 5 view .LVU2053
2339:Drivers/STM32F1xx_HAL_Driver/Src/stm32f1xx_hal_spi.c **** 
 5817              		.loc 1 2339 17 is_stmt 0 view .LVU2054
 5818 0102 0123     		movs	r3, #1
 5819 0104 84F85130 		strb	r3, [r4, #81]
2345:Drivers/STM32F1xx_HAL_Driver/Src/stm32f1xx_hal_spi.c **** #endif /* USE_HAL_SPI_REGISTER_CALLBACKS */
 5820              		.loc 1 2345 5 is_stmt 1 view .LVU2055
 5821 0108 FFF7FEFF 		bl	HAL_SPI_AbortCpltCallback
 5822              	.LVL275:
 5823 010c CFE7     		b	.L585
 5824              	.L617:
 5825 010e 00BF     		.align	2
 5826              	.L616:
 5827 0110 00000000 		.word	SystemCoreClock
 5828 0114 00000000 		.word	SPI_AbortTx_ISR
 5829 0118 00000000 		.word	SPI_AbortRx_ISR
ARM GAS  C:\Users\airforce\AppData\Local\Temp\cca1ZS9V.s 			page 207


 5830 011c 00000000 		.word	SPI_DMATxAbortCallback
 5831 0120 00000000 		.word	SPI_DMARxAbortCallback
 5832              		.cfi_endproc
 5833              	.LFE79:
 5835              		.section	.text.SPI_DMARxAbortCallback,"ax",%progbits
 5836              		.align	1
 5837              		.syntax unified
 5838              		.thumb
 5839              		.thumb_func
 5841              	SPI_DMARxAbortCallback:
 5842              	.LVL276:
 5843              	.LFB103:
3138:Drivers/STM32F1xx_HAL_Driver/Src/stm32f1xx_hal_spi.c ****   SPI_HandleTypeDef *hspi = (SPI_HandleTypeDef *)(((DMA_HandleTypeDef *)hdma)->Parent);
 5844              		.loc 1 3138 1 view -0
 5845              		.cfi_startproc
 5846              		@ args = 0, pretend = 0, frame = 8
 5847              		@ frame_needed = 0, uses_anonymous_args = 0
3139:Drivers/STM32F1xx_HAL_Driver/Src/stm32f1xx_hal_spi.c **** 
 5848              		.loc 1 3139 3 view .LVU2057
3138:Drivers/STM32F1xx_HAL_Driver/Src/stm32f1xx_hal_spi.c ****   SPI_HandleTypeDef *hspi = (SPI_HandleTypeDef *)(((DMA_HandleTypeDef *)hdma)->Parent);
 5849              		.loc 1 3138 1 is_stmt 0 view .LVU2058
 5850 0000 13B5     		push	{r0, r1, r4, lr}
 5851              	.LCFI80:
 5852              		.cfi_def_cfa_offset 16
 5853              		.cfi_offset 4, -8
 5854              		.cfi_offset 14, -4
3144:Drivers/STM32F1xx_HAL_Driver/Src/stm32f1xx_hal_spi.c **** 
 5855              		.loc 1 3144 35 view .LVU2059
 5856 0002 0021     		movs	r1, #0
3139:Drivers/STM32F1xx_HAL_Driver/Src/stm32f1xx_hal_spi.c **** 
 5857              		.loc 1 3139 22 view .LVU2060
 5858 0004 446A     		ldr	r4, [r0, #36]
 5859              	.LVL277:
3142:Drivers/STM32F1xx_HAL_Driver/Src/stm32f1xx_hal_spi.c **** 
 5860              		.loc 1 3142 3 is_stmt 1 view .LVU2061
 5861 0006 2368     		ldr	r3, [r4]
 5862 0008 1A68     		ldr	r2, [r3]
 5863 000a 22F04002 		bic	r2, r2, #64
 5864 000e 1A60     		str	r2, [r3]
3144:Drivers/STM32F1xx_HAL_Driver/Src/stm32f1xx_hal_spi.c **** 
 5865              		.loc 1 3144 3 view .LVU2062
3144:Drivers/STM32F1xx_HAL_Driver/Src/stm32f1xx_hal_spi.c **** 
 5866              		.loc 1 3144 35 is_stmt 0 view .LVU2063
 5867 0010 E26C     		ldr	r2, [r4, #76]
 5868 0012 5163     		str	r1, [r2, #52]
3147:Drivers/STM32F1xx_HAL_Driver/Src/stm32f1xx_hal_spi.c **** 
 5869              		.loc 1 3147 3 is_stmt 1 view .LVU2064
 5870 0014 5A68     		ldr	r2, [r3, #4]
 5871 0016 22F00102 		bic	r2, r2, #1
 5872 001a 5A60     		str	r2, [r3, #4]
3150:Drivers/STM32F1xx_HAL_Driver/Src/stm32f1xx_hal_spi.c ****   {
 5873              		.loc 1 3150 3 view .LVU2065
3150:Drivers/STM32F1xx_HAL_Driver/Src/stm32f1xx_hal_spi.c ****   {
 5874              		.loc 1 3150 7 is_stmt 0 view .LVU2066
 5875 001c FFF7FEFF 		bl	HAL_GetTick
 5876              	.LVL278:
3150:Drivers/STM32F1xx_HAL_Driver/Src/stm32f1xx_hal_spi.c ****   {
ARM GAS  C:\Users\airforce\AppData\Local\Temp\cca1ZS9V.s 			page 208


 5877              		.loc 1 3150 7 discriminator 1 view .LVU2067
 5878 0020 6421     		movs	r1, #100
3150:Drivers/STM32F1xx_HAL_Driver/Src/stm32f1xx_hal_spi.c ****   {
 5879              		.loc 1 3150 7 view .LVU2068
 5880 0022 0246     		mov	r2, r0
3150:Drivers/STM32F1xx_HAL_Driver/Src/stm32f1xx_hal_spi.c ****   {
 5881              		.loc 1 3150 7 discriminator 1 view .LVU2069
 5882 0024 2046     		mov	r0, r4
 5883 0026 FFF7FEFF 		bl	SPI_EndRxTxTransaction
 5884              	.LVL279:
3150:Drivers/STM32F1xx_HAL_Driver/Src/stm32f1xx_hal_spi.c ****   {
 5885              		.loc 1 3150 6 discriminator 2 view .LVU2070
 5886 002a 18B1     		cbz	r0, .L619
3152:Drivers/STM32F1xx_HAL_Driver/Src/stm32f1xx_hal_spi.c ****   }
 5887              		.loc 1 3152 5 is_stmt 1 view .LVU2071
 5888 002c 636D     		ldr	r3, [r4, #84]
 5889 002e 43F04003 		orr	r3, r3, #64
 5890 0032 6365     		str	r3, [r4, #84]
 5891              	.L619:
3156:Drivers/STM32F1xx_HAL_Driver/Src/stm32f1xx_hal_spi.c ****   {
 5892              		.loc 1 3156 3 view .LVU2072
3156:Drivers/STM32F1xx_HAL_Driver/Src/stm32f1xx_hal_spi.c ****   {
 5893              		.loc 1 3156 11 is_stmt 0 view .LVU2073
 5894 0034 A36C     		ldr	r3, [r4, #72]
3156:Drivers/STM32F1xx_HAL_Driver/Src/stm32f1xx_hal_spi.c ****   {
 5895              		.loc 1 3156 6 view .LVU2074
 5896 0036 0BB1     		cbz	r3, .L620
3158:Drivers/STM32F1xx_HAL_Driver/Src/stm32f1xx_hal_spi.c ****     {
 5897              		.loc 1 3158 5 is_stmt 1 view .LVU2075
3158:Drivers/STM32F1xx_HAL_Driver/Src/stm32f1xx_hal_spi.c ****     {
 5898              		.loc 1 3158 8 is_stmt 0 view .LVU2076
 5899 0038 5B6B     		ldr	r3, [r3, #52]
 5900 003a 9BB9     		cbnz	r3, .L618
 5901              	.L620:
3165:Drivers/STM32F1xx_HAL_Driver/Src/stm32f1xx_hal_spi.c ****   hspi->TxXferCount = 0U;
 5902              		.loc 1 3165 3 is_stmt 1 view .LVU2077
3165:Drivers/STM32F1xx_HAL_Driver/Src/stm32f1xx_hal_spi.c ****   hspi->TxXferCount = 0U;
 5903              		.loc 1 3165 21 is_stmt 0 view .LVU2078
 5904 003c 0023     		movs	r3, #0
 5905 003e E387     		strh	r3, [r4, #62]	@ movhi
3166:Drivers/STM32F1xx_HAL_Driver/Src/stm32f1xx_hal_spi.c **** 
 5906              		.loc 1 3166 3 is_stmt 1 view .LVU2079
3166:Drivers/STM32F1xx_HAL_Driver/Src/stm32f1xx_hal_spi.c **** 
 5907              		.loc 1 3166 21 is_stmt 0 view .LVU2080
 5908 0040 E386     		strh	r3, [r4, #54]	@ movhi
3169:Drivers/STM32F1xx_HAL_Driver/Src/stm32f1xx_hal_spi.c ****   {
 5909              		.loc 1 3169 3 is_stmt 1 view .LVU2081
3169:Drivers/STM32F1xx_HAL_Driver/Src/stm32f1xx_hal_spi.c ****   {
 5910              		.loc 1 3169 11 is_stmt 0 view .LVU2082
 5911 0042 626D     		ldr	r2, [r4, #84]
3185:Drivers/STM32F1xx_HAL_Driver/Src/stm32f1xx_hal_spi.c **** #endif /* USE_HAL_SPI_REGISTER_CALLBACKS */
 5912              		.loc 1 3185 3 view .LVU2083
 5913 0044 2046     		mov	r0, r4
3169:Drivers/STM32F1xx_HAL_Driver/Src/stm32f1xx_hal_spi.c ****   {
 5914              		.loc 1 3169 6 view .LVU2084
 5915 0046 402A     		cmp	r2, #64
3172:Drivers/STM32F1xx_HAL_Driver/Src/stm32f1xx_hal_spi.c ****   }
ARM GAS  C:\Users\airforce\AppData\Local\Temp\cca1ZS9V.s 			page 209


 5916              		.loc 1 3172 5 is_stmt 1 view .LVU2085
3172:Drivers/STM32F1xx_HAL_Driver/Src/stm32f1xx_hal_spi.c ****   }
 5917              		.loc 1 3172 21 is_stmt 0 view .LVU2086
 5918 0048 18BF     		it	ne
 5919 004a 6365     		strne	r3, [r4, #84]
3176:Drivers/STM32F1xx_HAL_Driver/Src/stm32f1xx_hal_spi.c **** 
 5920              		.loc 1 3176 3 is_stmt 1 view .LVU2087
 5921              	.LBB35:
3176:Drivers/STM32F1xx_HAL_Driver/Src/stm32f1xx_hal_spi.c **** 
 5922              		.loc 1 3176 3 view .LVU2088
 5923 004c 0193     		str	r3, [sp, #4]
3176:Drivers/STM32F1xx_HAL_Driver/Src/stm32f1xx_hal_spi.c **** 
 5924              		.loc 1 3176 3 view .LVU2089
 5925 004e 2368     		ldr	r3, [r4]
 5926 0050 DA68     		ldr	r2, [r3, #12]
 5927 0052 0192     		str	r2, [sp, #4]
3176:Drivers/STM32F1xx_HAL_Driver/Src/stm32f1xx_hal_spi.c **** 
 5928              		.loc 1 3176 3 view .LVU2090
 5929 0054 9B68     		ldr	r3, [r3, #8]
 5930 0056 0193     		str	r3, [sp, #4]
3176:Drivers/STM32F1xx_HAL_Driver/Src/stm32f1xx_hal_spi.c **** 
 5931              		.loc 1 3176 3 view .LVU2091
 5932 0058 019B     		ldr	r3, [sp, #4]
 5933              	.LBE35:
3176:Drivers/STM32F1xx_HAL_Driver/Src/stm32f1xx_hal_spi.c **** 
 5934              		.loc 1 3176 3 view .LVU2092
3179:Drivers/STM32F1xx_HAL_Driver/Src/stm32f1xx_hal_spi.c **** 
 5935              		.loc 1 3179 3 view .LVU2093
3179:Drivers/STM32F1xx_HAL_Driver/Src/stm32f1xx_hal_spi.c **** 
 5936              		.loc 1 3179 16 is_stmt 0 view .LVU2094
 5937 005a 0123     		movs	r3, #1
 5938 005c 84F85130 		strb	r3, [r4, #81]
3185:Drivers/STM32F1xx_HAL_Driver/Src/stm32f1xx_hal_spi.c **** #endif /* USE_HAL_SPI_REGISTER_CALLBACKS */
 5939              		.loc 1 3185 3 is_stmt 1 view .LVU2095
 5940 0060 FFF7FEFF 		bl	HAL_SPI_AbortCpltCallback
 5941              	.LVL280:
 5942              	.L618:
3187:Drivers/STM32F1xx_HAL_Driver/Src/stm32f1xx_hal_spi.c **** 
 5943              		.loc 1 3187 1 is_stmt 0 view .LVU2096
 5944 0064 02B0     		add	sp, sp, #8
 5945              	.LCFI81:
 5946              		.cfi_def_cfa_offset 8
 5947              		@ sp needed
 5948 0066 10BD     		pop	{r4, pc}
3187:Drivers/STM32F1xx_HAL_Driver/Src/stm32f1xx_hal_spi.c **** 
 5949              		.loc 1 3187 1 view .LVU2097
 5950              		.cfi_endproc
 5951              	.LFE103:
 5953              		.section	.text.SPI_DMATxAbortCallback,"ax",%progbits
 5954              		.align	1
 5955              		.syntax unified
 5956              		.thumb
 5957              		.thumb_func
 5959              	SPI_DMATxAbortCallback:
 5960              	.LVL281:
 5961              	.LFB102:
3074:Drivers/STM32F1xx_HAL_Driver/Src/stm32f1xx_hal_spi.c ****   SPI_HandleTypeDef *hspi = (SPI_HandleTypeDef *)(((DMA_HandleTypeDef *)hdma)->Parent);
ARM GAS  C:\Users\airforce\AppData\Local\Temp\cca1ZS9V.s 			page 210


 5962              		.loc 1 3074 1 is_stmt 1 view -0
 5963              		.cfi_startproc
 5964              		@ args = 0, pretend = 0, frame = 8
 5965              		@ frame_needed = 0, uses_anonymous_args = 0
3075:Drivers/STM32F1xx_HAL_Driver/Src/stm32f1xx_hal_spi.c ****   __IO uint32_t count;
 5966              		.loc 1 3075 3 view .LVU2099
3074:Drivers/STM32F1xx_HAL_Driver/Src/stm32f1xx_hal_spi.c ****   SPI_HandleTypeDef *hspi = (SPI_HandleTypeDef *)(((DMA_HandleTypeDef *)hdma)->Parent);
 5967              		.loc 1 3074 1 is_stmt 0 view .LVU2100
 5968 0000 07B5     		push	{r0, r1, r2, lr}
 5969              	.LCFI82:
 5970              		.cfi_def_cfa_offset 16
 5971              		.cfi_offset 14, -4
3078:Drivers/STM32F1xx_HAL_Driver/Src/stm32f1xx_hal_spi.c ****   count = SPI_DEFAULT_TIMEOUT * (SystemCoreClock / 24U / 1000U);
 5972              		.loc 1 3078 35 view .LVU2101
 5973 0002 0022     		movs	r2, #0
3075:Drivers/STM32F1xx_HAL_Driver/Src/stm32f1xx_hal_spi.c ****   __IO uint32_t count;
 5974              		.loc 1 3075 22 view .LVU2102
 5975 0004 406A     		ldr	r0, [r0, #36]
 5976              	.LVL282:
3076:Drivers/STM32F1xx_HAL_Driver/Src/stm32f1xx_hal_spi.c **** 
 5977              		.loc 1 3076 3 is_stmt 1 view .LVU2103
3078:Drivers/STM32F1xx_HAL_Driver/Src/stm32f1xx_hal_spi.c ****   count = SPI_DEFAULT_TIMEOUT * (SystemCoreClock / 24U / 1000U);
 5978              		.loc 1 3078 3 view .LVU2104
3078:Drivers/STM32F1xx_HAL_Driver/Src/stm32f1xx_hal_spi.c ****   count = SPI_DEFAULT_TIMEOUT * (SystemCoreClock / 24U / 1000U);
 5979              		.loc 1 3078 35 is_stmt 0 view .LVU2105
 5980 0006 836C     		ldr	r3, [r0, #72]
 5981 0008 5A63     		str	r2, [r3, #52]
3079:Drivers/STM32F1xx_HAL_Driver/Src/stm32f1xx_hal_spi.c **** 
 5982              		.loc 1 3079 3 is_stmt 1 view .LVU2106
3079:Drivers/STM32F1xx_HAL_Driver/Src/stm32f1xx_hal_spi.c **** 
 5983              		.loc 1 3079 56 is_stmt 0 view .LVU2107
 5984 000a 45F6C052 		movw	r2, #24000
 5985 000e 194B     		ldr	r3, .L647
 5986 0010 1B68     		ldr	r3, [r3]
 5987 0012 B3FBF2F3 		udiv	r3, r3, r2
3079:Drivers/STM32F1xx_HAL_Driver/Src/stm32f1xx_hal_spi.c **** 
 5988              		.loc 1 3079 31 view .LVU2108
 5989 0016 6422     		movs	r2, #100
 5990 0018 5343     		muls	r3, r2, r3
3079:Drivers/STM32F1xx_HAL_Driver/Src/stm32f1xx_hal_spi.c **** 
 5991              		.loc 1 3079 9 view .LVU2109
 5992 001a 0093     		str	r3, [sp]
3082:Drivers/STM32F1xx_HAL_Driver/Src/stm32f1xx_hal_spi.c **** 
 5993              		.loc 1 3082 3 is_stmt 1 view .LVU2110
 5994 001c 0368     		ldr	r3, [r0]
 5995 001e 5A68     		ldr	r2, [r3, #4]
 5996 0020 22F00202 		bic	r2, r2, #2
 5997 0024 5A60     		str	r2, [r3, #4]
 5998              	.L635:
3085:Drivers/STM32F1xx_HAL_Driver/Src/stm32f1xx_hal_spi.c ****   {
 5999              		.loc 1 3085 3 view .LVU2111
3087:Drivers/STM32F1xx_HAL_Driver/Src/stm32f1xx_hal_spi.c ****     {
 6000              		.loc 1 3087 5 view .LVU2112
3087:Drivers/STM32F1xx_HAL_Driver/Src/stm32f1xx_hal_spi.c ****     {
 6001              		.loc 1 3087 15 is_stmt 0 view .LVU2113
 6002 0026 009A     		ldr	r2, [sp]
3087:Drivers/STM32F1xx_HAL_Driver/Src/stm32f1xx_hal_spi.c ****     {
ARM GAS  C:\Users\airforce\AppData\Local\Temp\cca1ZS9V.s 			page 211


 6003              		.loc 1 3087 8 view .LVU2114
 6004 0028 E2B9     		cbnz	r2, .L633
3089:Drivers/STM32F1xx_HAL_Driver/Src/stm32f1xx_hal_spi.c ****       break;
 6005              		.loc 1 3089 7 is_stmt 1 view .LVU2115
 6006 002a 426D     		ldr	r2, [r0, #84]
 6007 002c 42F04002 		orr	r2, r2, #64
 6008 0030 4265     		str	r2, [r0, #84]
3090:Drivers/STM32F1xx_HAL_Driver/Src/stm32f1xx_hal_spi.c ****     }
 6009              		.loc 1 3090 7 view .LVU2116
 6010              	.L634:
3096:Drivers/STM32F1xx_HAL_Driver/Src/stm32f1xx_hal_spi.c ****   {
 6011              		.loc 1 3096 3 view .LVU2117
3096:Drivers/STM32F1xx_HAL_Driver/Src/stm32f1xx_hal_spi.c ****   {
 6012              		.loc 1 3096 11 is_stmt 0 view .LVU2118
 6013 0032 C26C     		ldr	r2, [r0, #76]
3096:Drivers/STM32F1xx_HAL_Driver/Src/stm32f1xx_hal_spi.c ****   {
 6014              		.loc 1 3096 6 view .LVU2119
 6015 0034 0AB1     		cbz	r2, .L636
3098:Drivers/STM32F1xx_HAL_Driver/Src/stm32f1xx_hal_spi.c ****     {
 6016              		.loc 1 3098 5 is_stmt 1 view .LVU2120
3098:Drivers/STM32F1xx_HAL_Driver/Src/stm32f1xx_hal_spi.c ****     {
 6017              		.loc 1 3098 8 is_stmt 0 view .LVU2121
 6018 0036 526B     		ldr	r2, [r2, #52]
 6019 0038 8AB9     		cbnz	r2, .L632
 6020              	.L636:
3105:Drivers/STM32F1xx_HAL_Driver/Src/stm32f1xx_hal_spi.c ****   hspi->TxXferCount = 0U;
 6021              		.loc 1 3105 3 is_stmt 1 view .LVU2122
3105:Drivers/STM32F1xx_HAL_Driver/Src/stm32f1xx_hal_spi.c ****   hspi->TxXferCount = 0U;
 6022              		.loc 1 3105 21 is_stmt 0 view .LVU2123
 6023 003a 0022     		movs	r2, #0
 6024 003c C287     		strh	r2, [r0, #62]	@ movhi
3106:Drivers/STM32F1xx_HAL_Driver/Src/stm32f1xx_hal_spi.c **** 
 6025              		.loc 1 3106 3 is_stmt 1 view .LVU2124
3106:Drivers/STM32F1xx_HAL_Driver/Src/stm32f1xx_hal_spi.c **** 
 6026              		.loc 1 3106 21 is_stmt 0 view .LVU2125
 6027 003e C286     		strh	r2, [r0, #54]	@ movhi
3109:Drivers/STM32F1xx_HAL_Driver/Src/stm32f1xx_hal_spi.c ****   {
 6028              		.loc 1 3109 3 is_stmt 1 view .LVU2126
3109:Drivers/STM32F1xx_HAL_Driver/Src/stm32f1xx_hal_spi.c ****   {
 6029              		.loc 1 3109 11 is_stmt 0 view .LVU2127
 6030 0040 416D     		ldr	r1, [r0, #84]
3109:Drivers/STM32F1xx_HAL_Driver/Src/stm32f1xx_hal_spi.c ****   {
 6031              		.loc 1 3109 6 view .LVU2128
 6032 0042 4029     		cmp	r1, #64
3112:Drivers/STM32F1xx_HAL_Driver/Src/stm32f1xx_hal_spi.c ****   }
 6033              		.loc 1 3112 5 is_stmt 1 view .LVU2129
3112:Drivers/STM32F1xx_HAL_Driver/Src/stm32f1xx_hal_spi.c ****   }
 6034              		.loc 1 3112 21 is_stmt 0 view .LVU2130
 6035 0044 18BF     		it	ne
 6036 0046 4265     		strne	r2, [r0, #84]
3116:Drivers/STM32F1xx_HAL_Driver/Src/stm32f1xx_hal_spi.c **** 
 6037              		.loc 1 3116 3 is_stmt 1 view .LVU2131
 6038              	.LBB36:
3116:Drivers/STM32F1xx_HAL_Driver/Src/stm32f1xx_hal_spi.c **** 
 6039              		.loc 1 3116 3 view .LVU2132
 6040 0048 0192     		str	r2, [sp, #4]
3116:Drivers/STM32F1xx_HAL_Driver/Src/stm32f1xx_hal_spi.c **** 
ARM GAS  C:\Users\airforce\AppData\Local\Temp\cca1ZS9V.s 			page 212


 6041              		.loc 1 3116 3 view .LVU2133
 6042 004a DA68     		ldr	r2, [r3, #12]
 6043 004c 0192     		str	r2, [sp, #4]
3116:Drivers/STM32F1xx_HAL_Driver/Src/stm32f1xx_hal_spi.c **** 
 6044              		.loc 1 3116 3 view .LVU2134
 6045 004e 9B68     		ldr	r3, [r3, #8]
 6046 0050 0193     		str	r3, [sp, #4]
3116:Drivers/STM32F1xx_HAL_Driver/Src/stm32f1xx_hal_spi.c **** 
 6047              		.loc 1 3116 3 view .LVU2135
 6048 0052 019B     		ldr	r3, [sp, #4]
 6049              	.LBE36:
3116:Drivers/STM32F1xx_HAL_Driver/Src/stm32f1xx_hal_spi.c **** 
 6050              		.loc 1 3116 3 view .LVU2136
3119:Drivers/STM32F1xx_HAL_Driver/Src/stm32f1xx_hal_spi.c **** 
 6051              		.loc 1 3119 3 view .LVU2137
3119:Drivers/STM32F1xx_HAL_Driver/Src/stm32f1xx_hal_spi.c **** 
 6052              		.loc 1 3119 16 is_stmt 0 view .LVU2138
 6053 0054 0123     		movs	r3, #1
 6054 0056 80F85130 		strb	r3, [r0, #81]
3125:Drivers/STM32F1xx_HAL_Driver/Src/stm32f1xx_hal_spi.c **** #endif /* USE_HAL_SPI_REGISTER_CALLBACKS */
 6055              		.loc 1 3125 3 is_stmt 1 view .LVU2139
 6056 005a FFF7FEFF 		bl	HAL_SPI_AbortCpltCallback
 6057              	.LVL283:
 6058              	.L632:
3127:Drivers/STM32F1xx_HAL_Driver/Src/stm32f1xx_hal_spi.c **** 
 6059              		.loc 1 3127 1 is_stmt 0 view .LVU2140
 6060 005e 03B0     		add	sp, sp, #12
 6061              	.LCFI83:
 6062              		.cfi_remember_state
 6063              		.cfi_def_cfa_offset 4
 6064              		@ sp needed
 6065 0060 5DF804FB 		ldr	pc, [sp], #4
 6066              	.LVL284:
 6067              	.L633:
 6068              	.LCFI84:
 6069              		.cfi_restore_state
3092:Drivers/STM32F1xx_HAL_Driver/Src/stm32f1xx_hal_spi.c ****   } while ((hspi->Instance->SR & SPI_FLAG_TXE) == RESET);
 6070              		.loc 1 3092 5 is_stmt 1 view .LVU2141
3092:Drivers/STM32F1xx_HAL_Driver/Src/stm32f1xx_hal_spi.c ****   } while ((hspi->Instance->SR & SPI_FLAG_TXE) == RESET);
 6071              		.loc 1 3092 10 is_stmt 0 view .LVU2142
 6072 0064 009A     		ldr	r2, [sp]
 6073 0066 013A     		subs	r2, r2, #1
 6074 0068 0092     		str	r2, [sp]
3093:Drivers/STM32F1xx_HAL_Driver/Src/stm32f1xx_hal_spi.c **** 
 6075              		.loc 1 3093 48 is_stmt 1 view .LVU2143
3093:Drivers/STM32F1xx_HAL_Driver/Src/stm32f1xx_hal_spi.c **** 
 6076              		.loc 1 3093 27 is_stmt 0 view .LVU2144
 6077 006a 9A68     		ldr	r2, [r3, #8]
3093:Drivers/STM32F1xx_HAL_Driver/Src/stm32f1xx_hal_spi.c **** 
 6078              		.loc 1 3093 48 view .LVU2145
 6079 006c 9207     		lsls	r2, r2, #30
 6080 006e DAD5     		bpl	.L635
 6081 0070 DFE7     		b	.L634
 6082              	.L648:
 6083 0072 00BF     		.align	2
 6084              	.L647:
 6085 0074 00000000 		.word	SystemCoreClock
ARM GAS  C:\Users\airforce\AppData\Local\Temp\cca1ZS9V.s 			page 213


 6086              		.cfi_endproc
 6087              	.LFE102:
 6089              		.section	.text.HAL_SPI_GetState,"ax",%progbits
 6090              		.align	1
 6091              		.global	HAL_SPI_GetState
 6092              		.syntax unified
 6093              		.thumb
 6094              		.thumb_func
 6096              	HAL_SPI_GetState:
 6097              	.LVL285:
 6098              	.LFB92:
2692:Drivers/STM32F1xx_HAL_Driver/Src/stm32f1xx_hal_spi.c ****   /* Return SPI handle state */
 6099              		.loc 1 2692 1 is_stmt 1 view -0
 6100              		.cfi_startproc
 6101              		@ args = 0, pretend = 0, frame = 0
 6102              		@ frame_needed = 0, uses_anonymous_args = 0
 6103              		@ link register save eliminated.
2694:Drivers/STM32F1xx_HAL_Driver/Src/stm32f1xx_hal_spi.c **** }
 6104              		.loc 1 2694 3 view .LVU2147
2694:Drivers/STM32F1xx_HAL_Driver/Src/stm32f1xx_hal_spi.c **** }
 6105              		.loc 1 2694 14 is_stmt 0 view .LVU2148
 6106 0000 90F85100 		ldrb	r0, [r0, #81]	@ zero_extendqisi2
 6107              	.LVL286:
2695:Drivers/STM32F1xx_HAL_Driver/Src/stm32f1xx_hal_spi.c **** 
 6108              		.loc 1 2695 1 view .LVU2149
 6109 0004 7047     		bx	lr
 6110              		.cfi_endproc
 6111              	.LFE92:
 6113              		.section	.text.HAL_SPI_GetError,"ax",%progbits
 6114              		.align	1
 6115              		.global	HAL_SPI_GetError
 6116              		.syntax unified
 6117              		.thumb
 6118              		.thumb_func
 6120              	HAL_SPI_GetError:
 6121              	.LVL287:
 6122              	.LFB93:
2704:Drivers/STM32F1xx_HAL_Driver/Src/stm32f1xx_hal_spi.c ****   /* Return SPI ErrorCode */
 6123              		.loc 1 2704 1 is_stmt 1 view -0
 6124              		.cfi_startproc
 6125              		@ args = 0, pretend = 0, frame = 0
 6126              		@ frame_needed = 0, uses_anonymous_args = 0
 6127              		@ link register save eliminated.
2706:Drivers/STM32F1xx_HAL_Driver/Src/stm32f1xx_hal_spi.c **** }
 6128              		.loc 1 2706 3 view .LVU2151
2706:Drivers/STM32F1xx_HAL_Driver/Src/stm32f1xx_hal_spi.c **** }
 6129              		.loc 1 2706 14 is_stmt 0 view .LVU2152
 6130 0000 406D     		ldr	r0, [r0, #84]
 6131              	.LVL288:
2707:Drivers/STM32F1xx_HAL_Driver/Src/stm32f1xx_hal_spi.c **** 
 6132              		.loc 1 2707 1 view .LVU2153
 6133 0002 7047     		bx	lr
 6134              		.cfi_endproc
 6135              	.LFE93:
 6137              		.text
 6138              	.Letext0:
 6139              		.file 2 "D:/stm32tools/arm-none-eabi-gcc/14.2.1-1.1.1/.content/arm-none-eabi/include/machine/_defa
ARM GAS  C:\Users\airforce\AppData\Local\Temp\cca1ZS9V.s 			page 214


 6140              		.file 3 "D:/stm32tools/arm-none-eabi-gcc/14.2.1-1.1.1/.content/arm-none-eabi/include/sys/_stdint.h
 6141              		.file 4 "Drivers/CMSIS/Device/ST/STM32F1xx/Include/stm32f103xb.h"
 6142              		.file 5 "Drivers/CMSIS/Device/ST/STM32F1xx/Include/stm32f1xx.h"
 6143              		.file 6 "Drivers/STM32F1xx_HAL_Driver/Inc/stm32f1xx_hal_def.h"
 6144              		.file 7 "Drivers/STM32F1xx_HAL_Driver/Inc/stm32f1xx_hal_dma.h"
 6145              		.file 8 "Drivers/STM32F1xx_HAL_Driver/Inc/stm32f1xx_hal_spi.h"
 6146              		.file 9 "Drivers/CMSIS/Device/ST/STM32F1xx/Include/system_stm32f1xx.h"
 6147              		.file 10 "Drivers/STM32F1xx_HAL_Driver/Inc/stm32f1xx_hal.h"
ARM GAS  C:\Users\airforce\AppData\Local\Temp\cca1ZS9V.s 			page 215


DEFINED SYMBOLS
                            *ABS*:00000000 stm32f1xx_hal_spi.c
C:\Users\airforce\AppData\Local\Temp\cca1ZS9V.s:19     .text.SPI_AbortRx_ISR:00000000 $t
C:\Users\airforce\AppData\Local\Temp\cca1ZS9V.s:24     .text.SPI_AbortRx_ISR:00000000 SPI_AbortRx_ISR
C:\Users\airforce\AppData\Local\Temp\cca1ZS9V.s:112    .text.SPI_AbortRx_ISR:00000054 $d
C:\Users\airforce\AppData\Local\Temp\cca1ZS9V.s:117    .text.SPI_AbortTx_ISR:00000000 $t
C:\Users\airforce\AppData\Local\Temp\cca1ZS9V.s:122    .text.SPI_AbortTx_ISR:00000000 SPI_AbortTx_ISR
C:\Users\airforce\AppData\Local\Temp\cca1ZS9V.s:149    .text.SPI_WaitFlagStateUntilTimeout:00000000 $t
C:\Users\airforce\AppData\Local\Temp\cca1ZS9V.s:154    .text.SPI_WaitFlagStateUntilTimeout:00000000 SPI_WaitFlagStateUntilTimeout
C:\Users\airforce\AppData\Local\Temp\cca1ZS9V.s:325    .text.SPI_WaitFlagStateUntilTimeout:000000b4 $d
C:\Users\airforce\AppData\Local\Temp\cca1ZS9V.s:330    .text.SPI_EndRxTxTransaction:00000000 $t
C:\Users\airforce\AppData\Local\Temp\cca1ZS9V.s:335    .text.SPI_EndRxTxTransaction:00000000 SPI_EndRxTxTransaction
C:\Users\airforce\AppData\Local\Temp\cca1ZS9V.s:405    .text.SPI_EndRxTransaction:00000000 $t
C:\Users\airforce\AppData\Local\Temp\cca1ZS9V.s:410    .text.SPI_EndRxTransaction:00000000 SPI_EndRxTransaction
C:\Users\airforce\AppData\Local\Temp\cca1ZS9V.s:507    .text.HAL_SPI_MspInit:00000000 $t
C:\Users\airforce\AppData\Local\Temp\cca1ZS9V.s:513    .text.HAL_SPI_MspInit:00000000 HAL_SPI_MspInit
C:\Users\airforce\AppData\Local\Temp\cca1ZS9V.s:528    .text.HAL_SPI_Init:00000000 $t
C:\Users\airforce\AppData\Local\Temp\cca1ZS9V.s:534    .text.HAL_SPI_Init:00000000 HAL_SPI_Init
C:\Users\airforce\AppData\Local\Temp\cca1ZS9V.s:683    .text.HAL_SPI_MspDeInit:00000000 $t
C:\Users\airforce\AppData\Local\Temp\cca1ZS9V.s:689    .text.HAL_SPI_MspDeInit:00000000 HAL_SPI_MspDeInit
C:\Users\airforce\AppData\Local\Temp\cca1ZS9V.s:701    .text.HAL_SPI_DeInit:00000000 $t
C:\Users\airforce\AppData\Local\Temp\cca1ZS9V.s:707    .text.HAL_SPI_DeInit:00000000 HAL_SPI_DeInit
C:\Users\airforce\AppData\Local\Temp\cca1ZS9V.s:766    .text.HAL_SPI_Transmit:00000000 $t
C:\Users\airforce\AppData\Local\Temp\cca1ZS9V.s:772    .text.HAL_SPI_Transmit:00000000 HAL_SPI_Transmit
C:\Users\airforce\AppData\Local\Temp\cca1ZS9V.s:1117   .text.HAL_SPI_TransmitReceive:00000000 $t
C:\Users\airforce\AppData\Local\Temp\cca1ZS9V.s:1123   .text.HAL_SPI_TransmitReceive:00000000 HAL_SPI_TransmitReceive
C:\Users\airforce\AppData\Local\Temp\cca1ZS9V.s:1630   .text.HAL_SPI_Receive:00000000 $t
C:\Users\airforce\AppData\Local\Temp\cca1ZS9V.s:1636   .text.HAL_SPI_Receive:00000000 HAL_SPI_Receive
C:\Users\airforce\AppData\Local\Temp\cca1ZS9V.s:1951   .text.HAL_SPI_Transmit_IT:00000000 $t
C:\Users\airforce\AppData\Local\Temp\cca1ZS9V.s:1957   .text.HAL_SPI_Transmit_IT:00000000 HAL_SPI_Transmit_IT
C:\Users\airforce\AppData\Local\Temp\cca1ZS9V.s:2102   .text.HAL_SPI_Transmit_IT:00000088 $d
C:\Users\airforce\AppData\Local\Temp\cca1ZS9V.s:4094   .text.SPI_TxISR_16BIT:00000000 SPI_TxISR_16BIT
C:\Users\airforce\AppData\Local\Temp\cca1ZS9V.s:4044   .text.SPI_TxISR_8BIT:00000000 SPI_TxISR_8BIT
C:\Users\airforce\AppData\Local\Temp\cca1ZS9V.s:2108   .text.HAL_SPI_TransmitReceive_IT:00000000 $t
C:\Users\airforce\AppData\Local\Temp\cca1ZS9V.s:2114   .text.HAL_SPI_TransmitReceive_IT:00000000 HAL_SPI_TransmitReceive_IT
C:\Users\airforce\AppData\Local\Temp\cca1ZS9V.s:2282   .text.HAL_SPI_TransmitReceive_IT:0000008c $d
C:\Users\airforce\AppData\Local\Temp\cca1ZS9V.s:4598   .text.SPI_2linesRxISR_8BIT:00000000 SPI_2linesRxISR_8BIT
C:\Users\airforce\AppData\Local\Temp\cca1ZS9V.s:4529   .text.SPI_2linesTxISR_8BIT:00000000 SPI_2linesTxISR_8BIT
C:\Users\airforce\AppData\Local\Temp\cca1ZS9V.s:4743   .text.SPI_2linesRxISR_16BIT:00000000 SPI_2linesRxISR_16BIT
C:\Users\airforce\AppData\Local\Temp\cca1ZS9V.s:4667   .text.SPI_2linesTxISR_16BIT:00000000 SPI_2linesTxISR_16BIT
C:\Users\airforce\AppData\Local\Temp\cca1ZS9V.s:2290   .text.HAL_SPI_Receive_IT:00000000 $t
C:\Users\airforce\AppData\Local\Temp\cca1ZS9V.s:2296   .text.HAL_SPI_Receive_IT:00000000 HAL_SPI_Receive_IT
C:\Users\airforce\AppData\Local\Temp\cca1ZS9V.s:2482   .text.HAL_SPI_Receive_IT:000000a8 $d
C:\Users\airforce\AppData\Local\Temp\cca1ZS9V.s:4312   .text.SPI_RxISR_16BIT:00000000 SPI_RxISR_16BIT
C:\Users\airforce\AppData\Local\Temp\cca1ZS9V.s:4262   .text.SPI_RxISR_8BIT:00000000 SPI_RxISR_8BIT
C:\Users\airforce\AppData\Local\Temp\cca1ZS9V.s:2488   .text.HAL_SPI_Transmit_DMA:00000000 $t
C:\Users\airforce\AppData\Local\Temp\cca1ZS9V.s:2494   .text.HAL_SPI_Transmit_DMA:00000000 HAL_SPI_Transmit_DMA
C:\Users\airforce\AppData\Local\Temp\cca1ZS9V.s:2673   .text.HAL_SPI_Transmit_DMA:000000b0 $d
C:\Users\airforce\AppData\Local\Temp\cca1ZS9V.s:3744   .text.SPI_DMAHalfTransmitCplt:00000000 SPI_DMAHalfTransmitCplt
C:\Users\airforce\AppData\Local\Temp\cca1ZS9V.s:4864   .text.SPI_DMATransmitCplt:00000000 SPI_DMATransmitCplt
C:\Users\airforce\AppData\Local\Temp\cca1ZS9V.s:4819   .text.SPI_DMAError:00000000 SPI_DMAError
C:\Users\airforce\AppData\Local\Temp\cca1ZS9V.s:2680   .text.HAL_SPI_TransmitReceive_DMA:00000000 $t
C:\Users\airforce\AppData\Local\Temp\cca1ZS9V.s:2686   .text.HAL_SPI_TransmitReceive_DMA:00000000 HAL_SPI_TransmitReceive_DMA
C:\Users\airforce\AppData\Local\Temp\cca1ZS9V.s:2941   .text.HAL_SPI_TransmitReceive_DMA:000000f8 $d
C:\Users\airforce\AppData\Local\Temp\cca1ZS9V.s:3844   .text.SPI_DMAHalfTransmitReceiveCplt:00000000 SPI_DMAHalfTransmitReceiveCplt
C:\Users\airforce\AppData\Local\Temp\cca1ZS9V.s:5103   .text.SPI_DMATransmitReceiveCplt:00000000 SPI_DMATransmitReceiveCplt
C:\Users\airforce\AppData\Local\Temp\cca1ZS9V.s:3794   .text.SPI_DMAHalfReceiveCplt:00000000 SPI_DMAHalfReceiveCplt
ARM GAS  C:\Users\airforce\AppData\Local\Temp\cca1ZS9V.s 			page 216


C:\Users\airforce\AppData\Local\Temp\cca1ZS9V.s:4989   .text.SPI_DMAReceiveCplt:00000000 SPI_DMAReceiveCplt
C:\Users\airforce\AppData\Local\Temp\cca1ZS9V.s:2950   .text.HAL_SPI_Receive_DMA:00000000 $t
C:\Users\airforce\AppData\Local\Temp\cca1ZS9V.s:2956   .text.HAL_SPI_Receive_DMA:00000000 HAL_SPI_Receive_DMA
C:\Users\airforce\AppData\Local\Temp\cca1ZS9V.s:3173   .text.HAL_SPI_Receive_DMA:000000d4 $d
C:\Users\airforce\AppData\Local\Temp\cca1ZS9V.s:3180   .text.HAL_SPI_Abort:00000000 $t
C:\Users\airforce\AppData\Local\Temp\cca1ZS9V.s:3186   .text.HAL_SPI_Abort:00000000 HAL_SPI_Abort
C:\Users\airforce\AppData\Local\Temp\cca1ZS9V.s:3468   .text.HAL_SPI_Abort:00000110 $d
C:\Users\airforce\AppData\Local\Temp\cca1ZS9V.s:3475   .text.HAL_SPI_DMAPause:00000000 $t
C:\Users\airforce\AppData\Local\Temp\cca1ZS9V.s:3481   .text.HAL_SPI_DMAPause:00000000 HAL_SPI_DMAPause
C:\Users\airforce\AppData\Local\Temp\cca1ZS9V.s:3523   .text.HAL_SPI_DMAResume:00000000 $t
C:\Users\airforce\AppData\Local\Temp\cca1ZS9V.s:3529   .text.HAL_SPI_DMAResume:00000000 HAL_SPI_DMAResume
C:\Users\airforce\AppData\Local\Temp\cca1ZS9V.s:3571   .text.HAL_SPI_DMAStop:00000000 $t
C:\Users\airforce\AppData\Local\Temp\cca1ZS9V.s:3577   .text.HAL_SPI_DMAStop:00000000 HAL_SPI_DMAStop
C:\Users\airforce\AppData\Local\Temp\cca1ZS9V.s:3667   .text.HAL_SPI_TxCpltCallback:00000000 $t
C:\Users\airforce\AppData\Local\Temp\cca1ZS9V.s:3673   .text.HAL_SPI_TxCpltCallback:00000000 HAL_SPI_TxCpltCallback
C:\Users\airforce\AppData\Local\Temp\cca1ZS9V.s:3685   .text.HAL_SPI_RxCpltCallback:00000000 $t
C:\Users\airforce\AppData\Local\Temp\cca1ZS9V.s:3691   .text.HAL_SPI_RxCpltCallback:00000000 HAL_SPI_RxCpltCallback
C:\Users\airforce\AppData\Local\Temp\cca1ZS9V.s:3703   .text.HAL_SPI_TxRxCpltCallback:00000000 $t
C:\Users\airforce\AppData\Local\Temp\cca1ZS9V.s:3709   .text.HAL_SPI_TxRxCpltCallback:00000000 HAL_SPI_TxRxCpltCallback
C:\Users\airforce\AppData\Local\Temp\cca1ZS9V.s:3721   .text.HAL_SPI_TxHalfCpltCallback:00000000 $t
C:\Users\airforce\AppData\Local\Temp\cca1ZS9V.s:3727   .text.HAL_SPI_TxHalfCpltCallback:00000000 HAL_SPI_TxHalfCpltCallback
C:\Users\airforce\AppData\Local\Temp\cca1ZS9V.s:3739   .text.SPI_DMAHalfTransmitCplt:00000000 $t
C:\Users\airforce\AppData\Local\Temp\cca1ZS9V.s:3771   .text.HAL_SPI_RxHalfCpltCallback:00000000 $t
C:\Users\airforce\AppData\Local\Temp\cca1ZS9V.s:3777   .text.HAL_SPI_RxHalfCpltCallback:00000000 HAL_SPI_RxHalfCpltCallback
C:\Users\airforce\AppData\Local\Temp\cca1ZS9V.s:3789   .text.SPI_DMAHalfReceiveCplt:00000000 $t
C:\Users\airforce\AppData\Local\Temp\cca1ZS9V.s:3821   .text.HAL_SPI_TxRxHalfCpltCallback:00000000 $t
C:\Users\airforce\AppData\Local\Temp\cca1ZS9V.s:3827   .text.HAL_SPI_TxRxHalfCpltCallback:00000000 HAL_SPI_TxRxHalfCpltCallback
C:\Users\airforce\AppData\Local\Temp\cca1ZS9V.s:3839   .text.SPI_DMAHalfTransmitReceiveCplt:00000000 $t
C:\Users\airforce\AppData\Local\Temp\cca1ZS9V.s:3871   .text.HAL_SPI_ErrorCallback:00000000 $t
C:\Users\airforce\AppData\Local\Temp\cca1ZS9V.s:3877   .text.HAL_SPI_ErrorCallback:00000000 HAL_SPI_ErrorCallback
C:\Users\airforce\AppData\Local\Temp\cca1ZS9V.s:3889   .text.SPI_CloseTx_ISR:00000000 $t
C:\Users\airforce\AppData\Local\Temp\cca1ZS9V.s:3894   .text.SPI_CloseTx_ISR:00000000 SPI_CloseTx_ISR
C:\Users\airforce\AppData\Local\Temp\cca1ZS9V.s:4034   .text.SPI_CloseTx_ISR:00000080 $d
C:\Users\airforce\AppData\Local\Temp\cca1ZS9V.s:4039   .text.SPI_TxISR_8BIT:00000000 $t
C:\Users\airforce\AppData\Local\Temp\cca1ZS9V.s:4089   .text.SPI_TxISR_16BIT:00000000 $t
C:\Users\airforce\AppData\Local\Temp\cca1ZS9V.s:4155   .text.SPI_CloseRx_ISR:00000000 $t
C:\Users\airforce\AppData\Local\Temp\cca1ZS9V.s:4160   .text.SPI_CloseRx_ISR:00000000 SPI_CloseRx_ISR
C:\Users\airforce\AppData\Local\Temp\cca1ZS9V.s:4257   .text.SPI_RxISR_8BIT:00000000 $t
C:\Users\airforce\AppData\Local\Temp\cca1ZS9V.s:4307   .text.SPI_RxISR_16BIT:00000000 $t
C:\Users\airforce\AppData\Local\Temp\cca1ZS9V.s:4354   .text.SPI_CloseRxTx_ISR:00000000 $t
C:\Users\airforce\AppData\Local\Temp\cca1ZS9V.s:4359   .text.SPI_CloseRxTx_ISR:00000000 SPI_CloseRxTx_ISR
C:\Users\airforce\AppData\Local\Temp\cca1ZS9V.s:4519   .text.SPI_CloseRxTx_ISR:00000098 $d
C:\Users\airforce\AppData\Local\Temp\cca1ZS9V.s:4524   .text.SPI_2linesTxISR_8BIT:00000000 $t
C:\Users\airforce\AppData\Local\Temp\cca1ZS9V.s:4593   .text.SPI_2linesRxISR_8BIT:00000000 $t
C:\Users\airforce\AppData\Local\Temp\cca1ZS9V.s:4662   .text.SPI_2linesTxISR_16BIT:00000000 $t
C:\Users\airforce\AppData\Local\Temp\cca1ZS9V.s:4738   .text.SPI_2linesRxISR_16BIT:00000000 $t
C:\Users\airforce\AppData\Local\Temp\cca1ZS9V.s:4814   .text.SPI_DMAError:00000000 $t
C:\Users\airforce\AppData\Local\Temp\cca1ZS9V.s:4859   .text.SPI_DMATransmitCplt:00000000 $t
C:\Users\airforce\AppData\Local\Temp\cca1ZS9V.s:4984   .text.SPI_DMAReceiveCplt:00000000 $t
C:\Users\airforce\AppData\Local\Temp\cca1ZS9V.s:5098   .text.SPI_DMATransmitReceiveCplt:00000000 $t
C:\Users\airforce\AppData\Local\Temp\cca1ZS9V.s:5201   .text.HAL_SPI_IRQHandler:00000000 $t
C:\Users\airforce\AppData\Local\Temp\cca1ZS9V.s:5207   .text.HAL_SPI_IRQHandler:00000000 HAL_SPI_IRQHandler
C:\Users\airforce\AppData\Local\Temp\cca1ZS9V.s:5459   .text.HAL_SPI_IRQHandler:000000e8 $d
C:\Users\airforce\AppData\Local\Temp\cca1ZS9V.s:5469   .text.SPI_DMAAbortOnError:00000000 SPI_DMAAbortOnError
C:\Users\airforce\AppData\Local\Temp\cca1ZS9V.s:5464   .text.SPI_DMAAbortOnError:00000000 $t
C:\Users\airforce\AppData\Local\Temp\cca1ZS9V.s:5503   .text.HAL_SPI_AbortCpltCallback:00000000 $t
C:\Users\airforce\AppData\Local\Temp\cca1ZS9V.s:5509   .text.HAL_SPI_AbortCpltCallback:00000000 HAL_SPI_AbortCpltCallback
ARM GAS  C:\Users\airforce\AppData\Local\Temp\cca1ZS9V.s 			page 217


C:\Users\airforce\AppData\Local\Temp\cca1ZS9V.s:5521   .text.HAL_SPI_Abort_IT:00000000 $t
C:\Users\airforce\AppData\Local\Temp\cca1ZS9V.s:5527   .text.HAL_SPI_Abort_IT:00000000 HAL_SPI_Abort_IT
C:\Users\airforce\AppData\Local\Temp\cca1ZS9V.s:5827   .text.HAL_SPI_Abort_IT:00000110 $d
C:\Users\airforce\AppData\Local\Temp\cca1ZS9V.s:5959   .text.SPI_DMATxAbortCallback:00000000 SPI_DMATxAbortCallback
C:\Users\airforce\AppData\Local\Temp\cca1ZS9V.s:5841   .text.SPI_DMARxAbortCallback:00000000 SPI_DMARxAbortCallback
C:\Users\airforce\AppData\Local\Temp\cca1ZS9V.s:5836   .text.SPI_DMARxAbortCallback:00000000 $t
C:\Users\airforce\AppData\Local\Temp\cca1ZS9V.s:5954   .text.SPI_DMATxAbortCallback:00000000 $t
C:\Users\airforce\AppData\Local\Temp\cca1ZS9V.s:6085   .text.SPI_DMATxAbortCallback:00000074 $d
C:\Users\airforce\AppData\Local\Temp\cca1ZS9V.s:6090   .text.HAL_SPI_GetState:00000000 $t
C:\Users\airforce\AppData\Local\Temp\cca1ZS9V.s:6096   .text.HAL_SPI_GetState:00000000 HAL_SPI_GetState
C:\Users\airforce\AppData\Local\Temp\cca1ZS9V.s:6114   .text.HAL_SPI_GetError:00000000 $t
C:\Users\airforce\AppData\Local\Temp\cca1ZS9V.s:6120   .text.HAL_SPI_GetError:00000000 HAL_SPI_GetError

UNDEFINED SYMBOLS
SystemCoreClock
HAL_GetTick
HAL_DMA_Start_IT
HAL_DMA_Abort
HAL_DMA_Abort_IT
