ARM GAS  C:\Users\airforce\AppData\Local\Temp\ccqPXFte.s 			page 1


   1              		.cpu cortex-m3
   2              		.arch armv7-m
   3              		.fpu softvfp
   4              		.eabi_attribute 20, 1
   5              		.eabi_attribute 21, 1
   6              		.eabi_attribute 23, 3
   7              		.eabi_attribute 24, 1
   8              		.eabi_attribute 25, 1
   9              		.eabi_attribute 26, 1
  10              		.eabi_attribute 30, 4
  11              		.eabi_attribute 34, 1
  12              		.eabi_attribute 18, 4
  13              		.file	"stm32f1xx_hal_flash_ex.c"
  14              		.text
  15              	.Ltext0:
  16              		.cfi_sections	.debug_frame
  17              		.file 1 "Drivers/STM32F1xx_HAL_Driver/Src/stm32f1xx_hal_flash_ex.c"
  18              		.section	.text.FLASH_OB_RDP_LevelConfig,"ax",%progbits
  19              		.align	1
  20              		.syntax unified
  21              		.thumb
  22              		.thumb_func
  24              	FLASH_OB_RDP_LevelConfig:
  25              	.LVL0:
  26              	.LFB74:
   1:Drivers/STM32F1xx_HAL_Driver/Src/stm32f1xx_hal_flash_ex.c **** /**
   2:Drivers/STM32F1xx_HAL_Driver/Src/stm32f1xx_hal_flash_ex.c ****   ******************************************************************************
   3:Drivers/STM32F1xx_HAL_Driver/Src/stm32f1xx_hal_flash_ex.c ****   * @file    stm32f1xx_hal_flash_ex.c
   4:Drivers/STM32F1xx_HAL_Driver/Src/stm32f1xx_hal_flash_ex.c ****   * @author  MCD Application Team
   5:Drivers/STM32F1xx_HAL_Driver/Src/stm32f1xx_hal_flash_ex.c ****   * @brief   Extended FLASH HAL module driver.
   6:Drivers/STM32F1xx_HAL_Driver/Src/stm32f1xx_hal_flash_ex.c ****   *    
   7:Drivers/STM32F1xx_HAL_Driver/Src/stm32f1xx_hal_flash_ex.c ****   *          This file provides firmware functions to manage the following 
   8:Drivers/STM32F1xx_HAL_Driver/Src/stm32f1xx_hal_flash_ex.c ****   *          functionalities of the FLASH peripheral:
   9:Drivers/STM32F1xx_HAL_Driver/Src/stm32f1xx_hal_flash_ex.c ****   *           + Extended Initialization/de-initialization functions
  10:Drivers/STM32F1xx_HAL_Driver/Src/stm32f1xx_hal_flash_ex.c ****   *           + Extended I/O operation functions
  11:Drivers/STM32F1xx_HAL_Driver/Src/stm32f1xx_hal_flash_ex.c ****   *           + Extended Peripheral Control functions 
  12:Drivers/STM32F1xx_HAL_Driver/Src/stm32f1xx_hal_flash_ex.c ****   *         
  13:Drivers/STM32F1xx_HAL_Driver/Src/stm32f1xx_hal_flash_ex.c ****   @verbatim
  14:Drivers/STM32F1xx_HAL_Driver/Src/stm32f1xx_hal_flash_ex.c ****   ==============================================================================
  15:Drivers/STM32F1xx_HAL_Driver/Src/stm32f1xx_hal_flash_ex.c ****                ##### Flash peripheral extended features  #####
  16:Drivers/STM32F1xx_HAL_Driver/Src/stm32f1xx_hal_flash_ex.c ****   ==============================================================================
  17:Drivers/STM32F1xx_HAL_Driver/Src/stm32f1xx_hal_flash_ex.c ****            
  18:Drivers/STM32F1xx_HAL_Driver/Src/stm32f1xx_hal_flash_ex.c ****                       ##### How to use this driver #####
  19:Drivers/STM32F1xx_HAL_Driver/Src/stm32f1xx_hal_flash_ex.c ****   ==============================================================================
  20:Drivers/STM32F1xx_HAL_Driver/Src/stm32f1xx_hal_flash_ex.c ****   [..] This driver provides functions to configure and program the FLASH memory 
  21:Drivers/STM32F1xx_HAL_Driver/Src/stm32f1xx_hal_flash_ex.c ****        of all STM32F1xxx devices. It includes
  22:Drivers/STM32F1xx_HAL_Driver/Src/stm32f1xx_hal_flash_ex.c ****        
  23:Drivers/STM32F1xx_HAL_Driver/Src/stm32f1xx_hal_flash_ex.c ****         (++) Set/Reset the write protection
  24:Drivers/STM32F1xx_HAL_Driver/Src/stm32f1xx_hal_flash_ex.c ****         (++) Program the user Option Bytes
  25:Drivers/STM32F1xx_HAL_Driver/Src/stm32f1xx_hal_flash_ex.c ****         (++) Get the Read protection Level
  26:Drivers/STM32F1xx_HAL_Driver/Src/stm32f1xx_hal_flash_ex.c ****   
  27:Drivers/STM32F1xx_HAL_Driver/Src/stm32f1xx_hal_flash_ex.c ****   @endverbatim
  28:Drivers/STM32F1xx_HAL_Driver/Src/stm32f1xx_hal_flash_ex.c ****   ******************************************************************************
  29:Drivers/STM32F1xx_HAL_Driver/Src/stm32f1xx_hal_flash_ex.c ****   * @attention
  30:Drivers/STM32F1xx_HAL_Driver/Src/stm32f1xx_hal_flash_ex.c ****   *
  31:Drivers/STM32F1xx_HAL_Driver/Src/stm32f1xx_hal_flash_ex.c ****   * Copyright (c) 2016 STMicroelectronics.
  32:Drivers/STM32F1xx_HAL_Driver/Src/stm32f1xx_hal_flash_ex.c ****   * All rights reserved.
ARM GAS  C:\Users\airforce\AppData\Local\Temp\ccqPXFte.s 			page 2


  33:Drivers/STM32F1xx_HAL_Driver/Src/stm32f1xx_hal_flash_ex.c ****   *
  34:Drivers/STM32F1xx_HAL_Driver/Src/stm32f1xx_hal_flash_ex.c ****   * This software is licensed under terms that can be found in the LICENSE file in
  35:Drivers/STM32F1xx_HAL_Driver/Src/stm32f1xx_hal_flash_ex.c ****   * the root directory of this software component.
  36:Drivers/STM32F1xx_HAL_Driver/Src/stm32f1xx_hal_flash_ex.c ****   * If no LICENSE file comes with this software, it is provided AS-IS.
  37:Drivers/STM32F1xx_HAL_Driver/Src/stm32f1xx_hal_flash_ex.c ****   ******************************************************************************
  38:Drivers/STM32F1xx_HAL_Driver/Src/stm32f1xx_hal_flash_ex.c ****   */
  39:Drivers/STM32F1xx_HAL_Driver/Src/stm32f1xx_hal_flash_ex.c **** 
  40:Drivers/STM32F1xx_HAL_Driver/Src/stm32f1xx_hal_flash_ex.c **** /* Includes ------------------------------------------------------------------*/
  41:Drivers/STM32F1xx_HAL_Driver/Src/stm32f1xx_hal_flash_ex.c **** #include "stm32f1xx_hal.h"
  42:Drivers/STM32F1xx_HAL_Driver/Src/stm32f1xx_hal_flash_ex.c **** 
  43:Drivers/STM32F1xx_HAL_Driver/Src/stm32f1xx_hal_flash_ex.c **** /** @addtogroup STM32F1xx_HAL_Driver
  44:Drivers/STM32F1xx_HAL_Driver/Src/stm32f1xx_hal_flash_ex.c ****   * @{
  45:Drivers/STM32F1xx_HAL_Driver/Src/stm32f1xx_hal_flash_ex.c ****   */
  46:Drivers/STM32F1xx_HAL_Driver/Src/stm32f1xx_hal_flash_ex.c **** #ifdef HAL_FLASH_MODULE_ENABLED
  47:Drivers/STM32F1xx_HAL_Driver/Src/stm32f1xx_hal_flash_ex.c **** 
  48:Drivers/STM32F1xx_HAL_Driver/Src/stm32f1xx_hal_flash_ex.c **** /** @addtogroup FLASH
  49:Drivers/STM32F1xx_HAL_Driver/Src/stm32f1xx_hal_flash_ex.c ****   * @{
  50:Drivers/STM32F1xx_HAL_Driver/Src/stm32f1xx_hal_flash_ex.c ****   */
  51:Drivers/STM32F1xx_HAL_Driver/Src/stm32f1xx_hal_flash_ex.c **** /** @addtogroup FLASH_Private_Variables
  52:Drivers/STM32F1xx_HAL_Driver/Src/stm32f1xx_hal_flash_ex.c ****  * @{
  53:Drivers/STM32F1xx_HAL_Driver/Src/stm32f1xx_hal_flash_ex.c ****  */
  54:Drivers/STM32F1xx_HAL_Driver/Src/stm32f1xx_hal_flash_ex.c **** /* Variables used for Erase pages under interruption*/
  55:Drivers/STM32F1xx_HAL_Driver/Src/stm32f1xx_hal_flash_ex.c **** extern FLASH_ProcessTypeDef pFlash;
  56:Drivers/STM32F1xx_HAL_Driver/Src/stm32f1xx_hal_flash_ex.c **** /**
  57:Drivers/STM32F1xx_HAL_Driver/Src/stm32f1xx_hal_flash_ex.c ****   * @}
  58:Drivers/STM32F1xx_HAL_Driver/Src/stm32f1xx_hal_flash_ex.c ****   */
  59:Drivers/STM32F1xx_HAL_Driver/Src/stm32f1xx_hal_flash_ex.c **** 
  60:Drivers/STM32F1xx_HAL_Driver/Src/stm32f1xx_hal_flash_ex.c **** /**
  61:Drivers/STM32F1xx_HAL_Driver/Src/stm32f1xx_hal_flash_ex.c ****   * @}
  62:Drivers/STM32F1xx_HAL_Driver/Src/stm32f1xx_hal_flash_ex.c ****   */
  63:Drivers/STM32F1xx_HAL_Driver/Src/stm32f1xx_hal_flash_ex.c ****   
  64:Drivers/STM32F1xx_HAL_Driver/Src/stm32f1xx_hal_flash_ex.c **** /** @defgroup FLASHEx FLASHEx
  65:Drivers/STM32F1xx_HAL_Driver/Src/stm32f1xx_hal_flash_ex.c ****   * @brief FLASH HAL Extension module driver
  66:Drivers/STM32F1xx_HAL_Driver/Src/stm32f1xx_hal_flash_ex.c ****   * @{
  67:Drivers/STM32F1xx_HAL_Driver/Src/stm32f1xx_hal_flash_ex.c ****   */
  68:Drivers/STM32F1xx_HAL_Driver/Src/stm32f1xx_hal_flash_ex.c **** 
  69:Drivers/STM32F1xx_HAL_Driver/Src/stm32f1xx_hal_flash_ex.c **** /* Private typedef -----------------------------------------------------------*/
  70:Drivers/STM32F1xx_HAL_Driver/Src/stm32f1xx_hal_flash_ex.c **** /* Private define ------------------------------------------------------------*/
  71:Drivers/STM32F1xx_HAL_Driver/Src/stm32f1xx_hal_flash_ex.c **** /** @defgroup FLASHEx_Private_Constants FLASHEx Private Constants
  72:Drivers/STM32F1xx_HAL_Driver/Src/stm32f1xx_hal_flash_ex.c ****  * @{
  73:Drivers/STM32F1xx_HAL_Driver/Src/stm32f1xx_hal_flash_ex.c ****  */
  74:Drivers/STM32F1xx_HAL_Driver/Src/stm32f1xx_hal_flash_ex.c **** #define FLASH_POSITION_IWDGSW_BIT        FLASH_OBR_IWDG_SW_Pos
  75:Drivers/STM32F1xx_HAL_Driver/Src/stm32f1xx_hal_flash_ex.c **** #define FLASH_POSITION_OB_USERDATA0_BIT  FLASH_OBR_DATA0_Pos
  76:Drivers/STM32F1xx_HAL_Driver/Src/stm32f1xx_hal_flash_ex.c **** #define FLASH_POSITION_OB_USERDATA1_BIT  FLASH_OBR_DATA1_Pos
  77:Drivers/STM32F1xx_HAL_Driver/Src/stm32f1xx_hal_flash_ex.c **** /**
  78:Drivers/STM32F1xx_HAL_Driver/Src/stm32f1xx_hal_flash_ex.c ****   * @}
  79:Drivers/STM32F1xx_HAL_Driver/Src/stm32f1xx_hal_flash_ex.c ****   */
  80:Drivers/STM32F1xx_HAL_Driver/Src/stm32f1xx_hal_flash_ex.c **** 
  81:Drivers/STM32F1xx_HAL_Driver/Src/stm32f1xx_hal_flash_ex.c **** /* Private macro -------------------------------------------------------------*/
  82:Drivers/STM32F1xx_HAL_Driver/Src/stm32f1xx_hal_flash_ex.c **** /** @defgroup FLASHEx_Private_Macros FLASHEx Private Macros
  83:Drivers/STM32F1xx_HAL_Driver/Src/stm32f1xx_hal_flash_ex.c ****   * @{
  84:Drivers/STM32F1xx_HAL_Driver/Src/stm32f1xx_hal_flash_ex.c ****   */
  85:Drivers/STM32F1xx_HAL_Driver/Src/stm32f1xx_hal_flash_ex.c **** /**
  86:Drivers/STM32F1xx_HAL_Driver/Src/stm32f1xx_hal_flash_ex.c ****   * @}
  87:Drivers/STM32F1xx_HAL_Driver/Src/stm32f1xx_hal_flash_ex.c ****   */ 
  88:Drivers/STM32F1xx_HAL_Driver/Src/stm32f1xx_hal_flash_ex.c **** 
  89:Drivers/STM32F1xx_HAL_Driver/Src/stm32f1xx_hal_flash_ex.c **** /* Private variables ---------------------------------------------------------*/
ARM GAS  C:\Users\airforce\AppData\Local\Temp\ccqPXFte.s 			page 3


  90:Drivers/STM32F1xx_HAL_Driver/Src/stm32f1xx_hal_flash_ex.c **** /* Private function prototypes -----------------------------------------------*/
  91:Drivers/STM32F1xx_HAL_Driver/Src/stm32f1xx_hal_flash_ex.c **** /** @defgroup FLASHEx_Private_Functions FLASHEx Private Functions
  92:Drivers/STM32F1xx_HAL_Driver/Src/stm32f1xx_hal_flash_ex.c ****  * @{
  93:Drivers/STM32F1xx_HAL_Driver/Src/stm32f1xx_hal_flash_ex.c ****  */
  94:Drivers/STM32F1xx_HAL_Driver/Src/stm32f1xx_hal_flash_ex.c **** /* Erase operations */
  95:Drivers/STM32F1xx_HAL_Driver/Src/stm32f1xx_hal_flash_ex.c **** static void              FLASH_MassErase(uint32_t Banks);
  96:Drivers/STM32F1xx_HAL_Driver/Src/stm32f1xx_hal_flash_ex.c **** void    FLASH_PageErase(uint32_t PageAddress);
  97:Drivers/STM32F1xx_HAL_Driver/Src/stm32f1xx_hal_flash_ex.c **** 
  98:Drivers/STM32F1xx_HAL_Driver/Src/stm32f1xx_hal_flash_ex.c **** /* Option bytes control */
  99:Drivers/STM32F1xx_HAL_Driver/Src/stm32f1xx_hal_flash_ex.c **** static HAL_StatusTypeDef FLASH_OB_EnableWRP(uint32_t WriteProtectPage);
 100:Drivers/STM32F1xx_HAL_Driver/Src/stm32f1xx_hal_flash_ex.c **** static HAL_StatusTypeDef FLASH_OB_DisableWRP(uint32_t WriteProtectPage);
 101:Drivers/STM32F1xx_HAL_Driver/Src/stm32f1xx_hal_flash_ex.c **** static HAL_StatusTypeDef FLASH_OB_RDP_LevelConfig(uint8_t ReadProtectLevel);
 102:Drivers/STM32F1xx_HAL_Driver/Src/stm32f1xx_hal_flash_ex.c **** static HAL_StatusTypeDef FLASH_OB_UserConfig(uint8_t UserConfig);
 103:Drivers/STM32F1xx_HAL_Driver/Src/stm32f1xx_hal_flash_ex.c **** static HAL_StatusTypeDef FLASH_OB_ProgramData(uint32_t Address, uint8_t Data);
 104:Drivers/STM32F1xx_HAL_Driver/Src/stm32f1xx_hal_flash_ex.c **** static uint32_t          FLASH_OB_GetWRP(void);
 105:Drivers/STM32F1xx_HAL_Driver/Src/stm32f1xx_hal_flash_ex.c **** static uint32_t          FLASH_OB_GetRDP(void);
 106:Drivers/STM32F1xx_HAL_Driver/Src/stm32f1xx_hal_flash_ex.c **** static uint8_t           FLASH_OB_GetUser(void);
 107:Drivers/STM32F1xx_HAL_Driver/Src/stm32f1xx_hal_flash_ex.c **** 
 108:Drivers/STM32F1xx_HAL_Driver/Src/stm32f1xx_hal_flash_ex.c **** /**
 109:Drivers/STM32F1xx_HAL_Driver/Src/stm32f1xx_hal_flash_ex.c ****   * @}
 110:Drivers/STM32F1xx_HAL_Driver/Src/stm32f1xx_hal_flash_ex.c ****   */
 111:Drivers/STM32F1xx_HAL_Driver/Src/stm32f1xx_hal_flash_ex.c **** 
 112:Drivers/STM32F1xx_HAL_Driver/Src/stm32f1xx_hal_flash_ex.c **** /* Exported functions ---------------------------------------------------------*/
 113:Drivers/STM32F1xx_HAL_Driver/Src/stm32f1xx_hal_flash_ex.c **** /** @defgroup FLASHEx_Exported_Functions FLASHEx Exported Functions
 114:Drivers/STM32F1xx_HAL_Driver/Src/stm32f1xx_hal_flash_ex.c ****   * @{
 115:Drivers/STM32F1xx_HAL_Driver/Src/stm32f1xx_hal_flash_ex.c ****   */
 116:Drivers/STM32F1xx_HAL_Driver/Src/stm32f1xx_hal_flash_ex.c ****   
 117:Drivers/STM32F1xx_HAL_Driver/Src/stm32f1xx_hal_flash_ex.c **** /** @defgroup FLASHEx_Exported_Functions_Group1 FLASHEx Memory Erasing functions
 118:Drivers/STM32F1xx_HAL_Driver/Src/stm32f1xx_hal_flash_ex.c ****  *  @brief   FLASH Memory Erasing functions
 119:Drivers/STM32F1xx_HAL_Driver/Src/stm32f1xx_hal_flash_ex.c ****   *
 120:Drivers/STM32F1xx_HAL_Driver/Src/stm32f1xx_hal_flash_ex.c **** @verbatim   
 121:Drivers/STM32F1xx_HAL_Driver/Src/stm32f1xx_hal_flash_ex.c ****   ==============================================================================
 122:Drivers/STM32F1xx_HAL_Driver/Src/stm32f1xx_hal_flash_ex.c ****                 ##### FLASH Erasing Programming functions ##### 
 123:Drivers/STM32F1xx_HAL_Driver/Src/stm32f1xx_hal_flash_ex.c ****   ==============================================================================
 124:Drivers/STM32F1xx_HAL_Driver/Src/stm32f1xx_hal_flash_ex.c **** 
 125:Drivers/STM32F1xx_HAL_Driver/Src/stm32f1xx_hal_flash_ex.c ****     [..] The FLASH Memory Erasing functions, includes the following functions:
 126:Drivers/STM32F1xx_HAL_Driver/Src/stm32f1xx_hal_flash_ex.c ****     (+) HAL_FLASHEx_Erase: return only when erase has been done
 127:Drivers/STM32F1xx_HAL_Driver/Src/stm32f1xx_hal_flash_ex.c ****     (+) HAL_FLASHEx_Erase_IT: end of erase is done when HAL_FLASH_EndOfOperationCallback 
 128:Drivers/STM32F1xx_HAL_Driver/Src/stm32f1xx_hal_flash_ex.c ****         is called with parameter 0xFFFFFFFF
 129:Drivers/STM32F1xx_HAL_Driver/Src/stm32f1xx_hal_flash_ex.c **** 
 130:Drivers/STM32F1xx_HAL_Driver/Src/stm32f1xx_hal_flash_ex.c ****     [..] Any operation of erase should follow these steps:
 131:Drivers/STM32F1xx_HAL_Driver/Src/stm32f1xx_hal_flash_ex.c ****     (#) Call the HAL_FLASH_Unlock() function to enable the flash control register and 
 132:Drivers/STM32F1xx_HAL_Driver/Src/stm32f1xx_hal_flash_ex.c ****         program memory access.
 133:Drivers/STM32F1xx_HAL_Driver/Src/stm32f1xx_hal_flash_ex.c ****     (#) Call the desired function to erase page.
 134:Drivers/STM32F1xx_HAL_Driver/Src/stm32f1xx_hal_flash_ex.c ****     (#) Call the HAL_FLASH_Lock() to disable the flash program memory access 
 135:Drivers/STM32F1xx_HAL_Driver/Src/stm32f1xx_hal_flash_ex.c ****        (recommended to protect the FLASH memory against possible unwanted operation).
 136:Drivers/STM32F1xx_HAL_Driver/Src/stm32f1xx_hal_flash_ex.c **** 
 137:Drivers/STM32F1xx_HAL_Driver/Src/stm32f1xx_hal_flash_ex.c **** @endverbatim
 138:Drivers/STM32F1xx_HAL_Driver/Src/stm32f1xx_hal_flash_ex.c ****   * @{
 139:Drivers/STM32F1xx_HAL_Driver/Src/stm32f1xx_hal_flash_ex.c ****   */
 140:Drivers/STM32F1xx_HAL_Driver/Src/stm32f1xx_hal_flash_ex.c ****   
 141:Drivers/STM32F1xx_HAL_Driver/Src/stm32f1xx_hal_flash_ex.c **** 
 142:Drivers/STM32F1xx_HAL_Driver/Src/stm32f1xx_hal_flash_ex.c **** /**
 143:Drivers/STM32F1xx_HAL_Driver/Src/stm32f1xx_hal_flash_ex.c ****   * @brief  Perform a mass erase or erase the specified FLASH memory pages
 144:Drivers/STM32F1xx_HAL_Driver/Src/stm32f1xx_hal_flash_ex.c ****   * @note   To correctly run this function, the @ref HAL_FLASH_Unlock() function
 145:Drivers/STM32F1xx_HAL_Driver/Src/stm32f1xx_hal_flash_ex.c ****   *         must be called before.
 146:Drivers/STM32F1xx_HAL_Driver/Src/stm32f1xx_hal_flash_ex.c ****   *         Call the @ref HAL_FLASH_Lock() to disable the flash memory access 
ARM GAS  C:\Users\airforce\AppData\Local\Temp\ccqPXFte.s 			page 4


 147:Drivers/STM32F1xx_HAL_Driver/Src/stm32f1xx_hal_flash_ex.c ****   *         (recommended to protect the FLASH memory against possible unwanted operation)
 148:Drivers/STM32F1xx_HAL_Driver/Src/stm32f1xx_hal_flash_ex.c ****   * @param[in]  pEraseInit pointer to an FLASH_EraseInitTypeDef structure that
 149:Drivers/STM32F1xx_HAL_Driver/Src/stm32f1xx_hal_flash_ex.c ****   *         contains the configuration information for the erasing.
 150:Drivers/STM32F1xx_HAL_Driver/Src/stm32f1xx_hal_flash_ex.c ****   *
 151:Drivers/STM32F1xx_HAL_Driver/Src/stm32f1xx_hal_flash_ex.c ****   * @param[out]  PageError pointer to variable  that
 152:Drivers/STM32F1xx_HAL_Driver/Src/stm32f1xx_hal_flash_ex.c ****   *         contains the configuration information on faulty page in case of error
 153:Drivers/STM32F1xx_HAL_Driver/Src/stm32f1xx_hal_flash_ex.c ****   *         (0xFFFFFFFF means that all the pages have been correctly erased)
 154:Drivers/STM32F1xx_HAL_Driver/Src/stm32f1xx_hal_flash_ex.c ****   *
 155:Drivers/STM32F1xx_HAL_Driver/Src/stm32f1xx_hal_flash_ex.c ****   * @retval HAL_StatusTypeDef HAL Status
 156:Drivers/STM32F1xx_HAL_Driver/Src/stm32f1xx_hal_flash_ex.c ****   */
 157:Drivers/STM32F1xx_HAL_Driver/Src/stm32f1xx_hal_flash_ex.c **** HAL_StatusTypeDef HAL_FLASHEx_Erase(FLASH_EraseInitTypeDef *pEraseInit, uint32_t *PageError)
 158:Drivers/STM32F1xx_HAL_Driver/Src/stm32f1xx_hal_flash_ex.c **** {
 159:Drivers/STM32F1xx_HAL_Driver/Src/stm32f1xx_hal_flash_ex.c ****   HAL_StatusTypeDef status = HAL_ERROR;
 160:Drivers/STM32F1xx_HAL_Driver/Src/stm32f1xx_hal_flash_ex.c ****   uint32_t address = 0U;
 161:Drivers/STM32F1xx_HAL_Driver/Src/stm32f1xx_hal_flash_ex.c **** 
 162:Drivers/STM32F1xx_HAL_Driver/Src/stm32f1xx_hal_flash_ex.c ****   /* Process Locked */
 163:Drivers/STM32F1xx_HAL_Driver/Src/stm32f1xx_hal_flash_ex.c ****   __HAL_LOCK(&pFlash);
 164:Drivers/STM32F1xx_HAL_Driver/Src/stm32f1xx_hal_flash_ex.c **** 
 165:Drivers/STM32F1xx_HAL_Driver/Src/stm32f1xx_hal_flash_ex.c ****   /* Check the parameters */
 166:Drivers/STM32F1xx_HAL_Driver/Src/stm32f1xx_hal_flash_ex.c ****   assert_param(IS_FLASH_TYPEERASE(pEraseInit->TypeErase));
 167:Drivers/STM32F1xx_HAL_Driver/Src/stm32f1xx_hal_flash_ex.c **** 
 168:Drivers/STM32F1xx_HAL_Driver/Src/stm32f1xx_hal_flash_ex.c ****   if (pEraseInit->TypeErase == FLASH_TYPEERASE_MASSERASE)
 169:Drivers/STM32F1xx_HAL_Driver/Src/stm32f1xx_hal_flash_ex.c ****   {
 170:Drivers/STM32F1xx_HAL_Driver/Src/stm32f1xx_hal_flash_ex.c **** #if defined(FLASH_BANK2_END)
 171:Drivers/STM32F1xx_HAL_Driver/Src/stm32f1xx_hal_flash_ex.c ****     if (pEraseInit->Banks == FLASH_BANK_BOTH)
 172:Drivers/STM32F1xx_HAL_Driver/Src/stm32f1xx_hal_flash_ex.c ****     {
 173:Drivers/STM32F1xx_HAL_Driver/Src/stm32f1xx_hal_flash_ex.c ****       /* Mass Erase requested for Bank1 and Bank2 */
 174:Drivers/STM32F1xx_HAL_Driver/Src/stm32f1xx_hal_flash_ex.c ****       /* Wait for last operation to be completed */
 175:Drivers/STM32F1xx_HAL_Driver/Src/stm32f1xx_hal_flash_ex.c ****       if ((FLASH_WaitForLastOperation((uint32_t)FLASH_TIMEOUT_VALUE) == HAL_OK) && \
 176:Drivers/STM32F1xx_HAL_Driver/Src/stm32f1xx_hal_flash_ex.c ****           (FLASH_WaitForLastOperationBank2((uint32_t)FLASH_TIMEOUT_VALUE) == HAL_OK))
 177:Drivers/STM32F1xx_HAL_Driver/Src/stm32f1xx_hal_flash_ex.c ****       {
 178:Drivers/STM32F1xx_HAL_Driver/Src/stm32f1xx_hal_flash_ex.c ****         /*Mass erase to be done*/
 179:Drivers/STM32F1xx_HAL_Driver/Src/stm32f1xx_hal_flash_ex.c ****         FLASH_MassErase(FLASH_BANK_BOTH);
 180:Drivers/STM32F1xx_HAL_Driver/Src/stm32f1xx_hal_flash_ex.c ****         
 181:Drivers/STM32F1xx_HAL_Driver/Src/stm32f1xx_hal_flash_ex.c ****         /* Wait for last operation to be completed */
 182:Drivers/STM32F1xx_HAL_Driver/Src/stm32f1xx_hal_flash_ex.c ****         if ((FLASH_WaitForLastOperation((uint32_t)FLASH_TIMEOUT_VALUE) == HAL_OK) && \
 183:Drivers/STM32F1xx_HAL_Driver/Src/stm32f1xx_hal_flash_ex.c ****             (FLASH_WaitForLastOperationBank2((uint32_t)FLASH_TIMEOUT_VALUE) == HAL_OK))
 184:Drivers/STM32F1xx_HAL_Driver/Src/stm32f1xx_hal_flash_ex.c ****         {
 185:Drivers/STM32F1xx_HAL_Driver/Src/stm32f1xx_hal_flash_ex.c ****           status = HAL_OK;
 186:Drivers/STM32F1xx_HAL_Driver/Src/stm32f1xx_hal_flash_ex.c ****         }
 187:Drivers/STM32F1xx_HAL_Driver/Src/stm32f1xx_hal_flash_ex.c ****         
 188:Drivers/STM32F1xx_HAL_Driver/Src/stm32f1xx_hal_flash_ex.c ****         /* If the erase operation is completed, disable the MER Bit */
 189:Drivers/STM32F1xx_HAL_Driver/Src/stm32f1xx_hal_flash_ex.c ****         CLEAR_BIT(FLASH->CR, FLASH_CR_MER);
 190:Drivers/STM32F1xx_HAL_Driver/Src/stm32f1xx_hal_flash_ex.c ****         CLEAR_BIT(FLASH->CR2, FLASH_CR2_MER);
 191:Drivers/STM32F1xx_HAL_Driver/Src/stm32f1xx_hal_flash_ex.c ****       }
 192:Drivers/STM32F1xx_HAL_Driver/Src/stm32f1xx_hal_flash_ex.c ****     }
 193:Drivers/STM32F1xx_HAL_Driver/Src/stm32f1xx_hal_flash_ex.c ****     else if (pEraseInit->Banks == FLASH_BANK_2)
 194:Drivers/STM32F1xx_HAL_Driver/Src/stm32f1xx_hal_flash_ex.c ****     {
 195:Drivers/STM32F1xx_HAL_Driver/Src/stm32f1xx_hal_flash_ex.c ****       /* Mass Erase requested for Bank2 */
 196:Drivers/STM32F1xx_HAL_Driver/Src/stm32f1xx_hal_flash_ex.c ****       /* Wait for last operation to be completed */
 197:Drivers/STM32F1xx_HAL_Driver/Src/stm32f1xx_hal_flash_ex.c ****       if (FLASH_WaitForLastOperationBank2((uint32_t)FLASH_TIMEOUT_VALUE) == HAL_OK)
 198:Drivers/STM32F1xx_HAL_Driver/Src/stm32f1xx_hal_flash_ex.c ****       {
 199:Drivers/STM32F1xx_HAL_Driver/Src/stm32f1xx_hal_flash_ex.c ****         /*Mass erase to be done*/
 200:Drivers/STM32F1xx_HAL_Driver/Src/stm32f1xx_hal_flash_ex.c ****         FLASH_MassErase(FLASH_BANK_2);
 201:Drivers/STM32F1xx_HAL_Driver/Src/stm32f1xx_hal_flash_ex.c ****         
 202:Drivers/STM32F1xx_HAL_Driver/Src/stm32f1xx_hal_flash_ex.c ****         /* Wait for last operation to be completed */
 203:Drivers/STM32F1xx_HAL_Driver/Src/stm32f1xx_hal_flash_ex.c ****         status = FLASH_WaitForLastOperationBank2((uint32_t)FLASH_TIMEOUT_VALUE);
ARM GAS  C:\Users\airforce\AppData\Local\Temp\ccqPXFte.s 			page 5


 204:Drivers/STM32F1xx_HAL_Driver/Src/stm32f1xx_hal_flash_ex.c ****         
 205:Drivers/STM32F1xx_HAL_Driver/Src/stm32f1xx_hal_flash_ex.c ****         /* If the erase operation is completed, disable the MER Bit */
 206:Drivers/STM32F1xx_HAL_Driver/Src/stm32f1xx_hal_flash_ex.c ****         CLEAR_BIT(FLASH->CR2, FLASH_CR2_MER);
 207:Drivers/STM32F1xx_HAL_Driver/Src/stm32f1xx_hal_flash_ex.c ****       }
 208:Drivers/STM32F1xx_HAL_Driver/Src/stm32f1xx_hal_flash_ex.c ****     }
 209:Drivers/STM32F1xx_HAL_Driver/Src/stm32f1xx_hal_flash_ex.c ****     else 
 210:Drivers/STM32F1xx_HAL_Driver/Src/stm32f1xx_hal_flash_ex.c **** #endif /* FLASH_BANK2_END */
 211:Drivers/STM32F1xx_HAL_Driver/Src/stm32f1xx_hal_flash_ex.c ****     {
 212:Drivers/STM32F1xx_HAL_Driver/Src/stm32f1xx_hal_flash_ex.c ****       /* Mass Erase requested for Bank1 */
 213:Drivers/STM32F1xx_HAL_Driver/Src/stm32f1xx_hal_flash_ex.c ****       /* Wait for last operation to be completed */
 214:Drivers/STM32F1xx_HAL_Driver/Src/stm32f1xx_hal_flash_ex.c ****       if (FLASH_WaitForLastOperation((uint32_t)FLASH_TIMEOUT_VALUE) == HAL_OK)
 215:Drivers/STM32F1xx_HAL_Driver/Src/stm32f1xx_hal_flash_ex.c ****       {
 216:Drivers/STM32F1xx_HAL_Driver/Src/stm32f1xx_hal_flash_ex.c ****         /*Mass erase to be done*/
 217:Drivers/STM32F1xx_HAL_Driver/Src/stm32f1xx_hal_flash_ex.c ****         FLASH_MassErase(FLASH_BANK_1);
 218:Drivers/STM32F1xx_HAL_Driver/Src/stm32f1xx_hal_flash_ex.c ****         
 219:Drivers/STM32F1xx_HAL_Driver/Src/stm32f1xx_hal_flash_ex.c ****         /* Wait for last operation to be completed */
 220:Drivers/STM32F1xx_HAL_Driver/Src/stm32f1xx_hal_flash_ex.c ****         status = FLASH_WaitForLastOperation((uint32_t)FLASH_TIMEOUT_VALUE);
 221:Drivers/STM32F1xx_HAL_Driver/Src/stm32f1xx_hal_flash_ex.c ****         
 222:Drivers/STM32F1xx_HAL_Driver/Src/stm32f1xx_hal_flash_ex.c ****         /* If the erase operation is completed, disable the MER Bit */
 223:Drivers/STM32F1xx_HAL_Driver/Src/stm32f1xx_hal_flash_ex.c ****         CLEAR_BIT(FLASH->CR, FLASH_CR_MER);
 224:Drivers/STM32F1xx_HAL_Driver/Src/stm32f1xx_hal_flash_ex.c ****       }
 225:Drivers/STM32F1xx_HAL_Driver/Src/stm32f1xx_hal_flash_ex.c ****     }
 226:Drivers/STM32F1xx_HAL_Driver/Src/stm32f1xx_hal_flash_ex.c ****   }
 227:Drivers/STM32F1xx_HAL_Driver/Src/stm32f1xx_hal_flash_ex.c ****   else
 228:Drivers/STM32F1xx_HAL_Driver/Src/stm32f1xx_hal_flash_ex.c ****   {
 229:Drivers/STM32F1xx_HAL_Driver/Src/stm32f1xx_hal_flash_ex.c ****     /* Page Erase is requested */
 230:Drivers/STM32F1xx_HAL_Driver/Src/stm32f1xx_hal_flash_ex.c ****     /* Check the parameters */
 231:Drivers/STM32F1xx_HAL_Driver/Src/stm32f1xx_hal_flash_ex.c ****     assert_param(IS_FLASH_PROGRAM_ADDRESS(pEraseInit->PageAddress));
 232:Drivers/STM32F1xx_HAL_Driver/Src/stm32f1xx_hal_flash_ex.c ****     assert_param(IS_FLASH_NB_PAGES(pEraseInit->PageAddress, pEraseInit->NbPages));
 233:Drivers/STM32F1xx_HAL_Driver/Src/stm32f1xx_hal_flash_ex.c ****     
 234:Drivers/STM32F1xx_HAL_Driver/Src/stm32f1xx_hal_flash_ex.c **** #if defined(FLASH_BANK2_END)
 235:Drivers/STM32F1xx_HAL_Driver/Src/stm32f1xx_hal_flash_ex.c ****     /* Page Erase requested on address located on bank2 */
 236:Drivers/STM32F1xx_HAL_Driver/Src/stm32f1xx_hal_flash_ex.c ****     if(pEraseInit->PageAddress > FLASH_BANK1_END)
 237:Drivers/STM32F1xx_HAL_Driver/Src/stm32f1xx_hal_flash_ex.c ****     {   
 238:Drivers/STM32F1xx_HAL_Driver/Src/stm32f1xx_hal_flash_ex.c ****       /* Wait for last operation to be completed */
 239:Drivers/STM32F1xx_HAL_Driver/Src/stm32f1xx_hal_flash_ex.c ****       if (FLASH_WaitForLastOperationBank2((uint32_t)FLASH_TIMEOUT_VALUE) == HAL_OK)
 240:Drivers/STM32F1xx_HAL_Driver/Src/stm32f1xx_hal_flash_ex.c ****       {
 241:Drivers/STM32F1xx_HAL_Driver/Src/stm32f1xx_hal_flash_ex.c ****         /*Initialization of PageError variable*/
 242:Drivers/STM32F1xx_HAL_Driver/Src/stm32f1xx_hal_flash_ex.c ****         *PageError = 0xFFFFFFFFU;
 243:Drivers/STM32F1xx_HAL_Driver/Src/stm32f1xx_hal_flash_ex.c ****         
 244:Drivers/STM32F1xx_HAL_Driver/Src/stm32f1xx_hal_flash_ex.c ****         /* Erase by page by page to be done*/
 245:Drivers/STM32F1xx_HAL_Driver/Src/stm32f1xx_hal_flash_ex.c ****         for(address = pEraseInit->PageAddress;
 246:Drivers/STM32F1xx_HAL_Driver/Src/stm32f1xx_hal_flash_ex.c ****             address < (pEraseInit->PageAddress + (pEraseInit->NbPages)*FLASH_PAGE_SIZE);
 247:Drivers/STM32F1xx_HAL_Driver/Src/stm32f1xx_hal_flash_ex.c ****             address += FLASH_PAGE_SIZE)
 248:Drivers/STM32F1xx_HAL_Driver/Src/stm32f1xx_hal_flash_ex.c ****         {
 249:Drivers/STM32F1xx_HAL_Driver/Src/stm32f1xx_hal_flash_ex.c ****           FLASH_PageErase(address);
 250:Drivers/STM32F1xx_HAL_Driver/Src/stm32f1xx_hal_flash_ex.c ****           
 251:Drivers/STM32F1xx_HAL_Driver/Src/stm32f1xx_hal_flash_ex.c ****           /* Wait for last operation to be completed */
 252:Drivers/STM32F1xx_HAL_Driver/Src/stm32f1xx_hal_flash_ex.c ****           status = FLASH_WaitForLastOperationBank2((uint32_t)FLASH_TIMEOUT_VALUE);
 253:Drivers/STM32F1xx_HAL_Driver/Src/stm32f1xx_hal_flash_ex.c ****           
 254:Drivers/STM32F1xx_HAL_Driver/Src/stm32f1xx_hal_flash_ex.c ****           /* If the erase operation is completed, disable the PER Bit */
 255:Drivers/STM32F1xx_HAL_Driver/Src/stm32f1xx_hal_flash_ex.c ****           CLEAR_BIT(FLASH->CR2, FLASH_CR2_PER);
 256:Drivers/STM32F1xx_HAL_Driver/Src/stm32f1xx_hal_flash_ex.c ****           
 257:Drivers/STM32F1xx_HAL_Driver/Src/stm32f1xx_hal_flash_ex.c ****           if (status != HAL_OK)
 258:Drivers/STM32F1xx_HAL_Driver/Src/stm32f1xx_hal_flash_ex.c ****           {
 259:Drivers/STM32F1xx_HAL_Driver/Src/stm32f1xx_hal_flash_ex.c ****             /* In case of error, stop erase procedure and return the faulty address */
 260:Drivers/STM32F1xx_HAL_Driver/Src/stm32f1xx_hal_flash_ex.c ****             *PageError = address;
ARM GAS  C:\Users\airforce\AppData\Local\Temp\ccqPXFte.s 			page 6


 261:Drivers/STM32F1xx_HAL_Driver/Src/stm32f1xx_hal_flash_ex.c ****             break;
 262:Drivers/STM32F1xx_HAL_Driver/Src/stm32f1xx_hal_flash_ex.c ****           }
 263:Drivers/STM32F1xx_HAL_Driver/Src/stm32f1xx_hal_flash_ex.c ****         }
 264:Drivers/STM32F1xx_HAL_Driver/Src/stm32f1xx_hal_flash_ex.c ****       }
 265:Drivers/STM32F1xx_HAL_Driver/Src/stm32f1xx_hal_flash_ex.c ****     }
 266:Drivers/STM32F1xx_HAL_Driver/Src/stm32f1xx_hal_flash_ex.c ****     else
 267:Drivers/STM32F1xx_HAL_Driver/Src/stm32f1xx_hal_flash_ex.c **** #endif /* FLASH_BANK2_END */
 268:Drivers/STM32F1xx_HAL_Driver/Src/stm32f1xx_hal_flash_ex.c ****    {
 269:Drivers/STM32F1xx_HAL_Driver/Src/stm32f1xx_hal_flash_ex.c ****       /* Page Erase requested on address located on bank1 */
 270:Drivers/STM32F1xx_HAL_Driver/Src/stm32f1xx_hal_flash_ex.c ****       /* Wait for last operation to be completed */
 271:Drivers/STM32F1xx_HAL_Driver/Src/stm32f1xx_hal_flash_ex.c ****       if (FLASH_WaitForLastOperation((uint32_t)FLASH_TIMEOUT_VALUE) == HAL_OK)
 272:Drivers/STM32F1xx_HAL_Driver/Src/stm32f1xx_hal_flash_ex.c ****       {
 273:Drivers/STM32F1xx_HAL_Driver/Src/stm32f1xx_hal_flash_ex.c ****         /*Initialization of PageError variable*/
 274:Drivers/STM32F1xx_HAL_Driver/Src/stm32f1xx_hal_flash_ex.c ****         *PageError = 0xFFFFFFFFU;
 275:Drivers/STM32F1xx_HAL_Driver/Src/stm32f1xx_hal_flash_ex.c ****         
 276:Drivers/STM32F1xx_HAL_Driver/Src/stm32f1xx_hal_flash_ex.c ****         /* Erase page by page to be done*/
 277:Drivers/STM32F1xx_HAL_Driver/Src/stm32f1xx_hal_flash_ex.c ****         for(address = pEraseInit->PageAddress;
 278:Drivers/STM32F1xx_HAL_Driver/Src/stm32f1xx_hal_flash_ex.c ****             address < ((pEraseInit->NbPages * FLASH_PAGE_SIZE) + pEraseInit->PageAddress);
 279:Drivers/STM32F1xx_HAL_Driver/Src/stm32f1xx_hal_flash_ex.c ****             address += FLASH_PAGE_SIZE)
 280:Drivers/STM32F1xx_HAL_Driver/Src/stm32f1xx_hal_flash_ex.c ****         {
 281:Drivers/STM32F1xx_HAL_Driver/Src/stm32f1xx_hal_flash_ex.c ****           FLASH_PageErase(address);
 282:Drivers/STM32F1xx_HAL_Driver/Src/stm32f1xx_hal_flash_ex.c ****           
 283:Drivers/STM32F1xx_HAL_Driver/Src/stm32f1xx_hal_flash_ex.c ****           /* Wait for last operation to be completed */
 284:Drivers/STM32F1xx_HAL_Driver/Src/stm32f1xx_hal_flash_ex.c ****           status = FLASH_WaitForLastOperation((uint32_t)FLASH_TIMEOUT_VALUE);
 285:Drivers/STM32F1xx_HAL_Driver/Src/stm32f1xx_hal_flash_ex.c ****           
 286:Drivers/STM32F1xx_HAL_Driver/Src/stm32f1xx_hal_flash_ex.c ****           /* If the erase operation is completed, disable the PER Bit */
 287:Drivers/STM32F1xx_HAL_Driver/Src/stm32f1xx_hal_flash_ex.c ****           CLEAR_BIT(FLASH->CR, FLASH_CR_PER);
 288:Drivers/STM32F1xx_HAL_Driver/Src/stm32f1xx_hal_flash_ex.c ****           
 289:Drivers/STM32F1xx_HAL_Driver/Src/stm32f1xx_hal_flash_ex.c ****           if (status != HAL_OK)
 290:Drivers/STM32F1xx_HAL_Driver/Src/stm32f1xx_hal_flash_ex.c ****           {
 291:Drivers/STM32F1xx_HAL_Driver/Src/stm32f1xx_hal_flash_ex.c ****             /* In case of error, stop erase procedure and return the faulty address */
 292:Drivers/STM32F1xx_HAL_Driver/Src/stm32f1xx_hal_flash_ex.c ****             *PageError = address;
 293:Drivers/STM32F1xx_HAL_Driver/Src/stm32f1xx_hal_flash_ex.c ****             break;
 294:Drivers/STM32F1xx_HAL_Driver/Src/stm32f1xx_hal_flash_ex.c ****           }
 295:Drivers/STM32F1xx_HAL_Driver/Src/stm32f1xx_hal_flash_ex.c ****         }
 296:Drivers/STM32F1xx_HAL_Driver/Src/stm32f1xx_hal_flash_ex.c ****       }
 297:Drivers/STM32F1xx_HAL_Driver/Src/stm32f1xx_hal_flash_ex.c ****     }
 298:Drivers/STM32F1xx_HAL_Driver/Src/stm32f1xx_hal_flash_ex.c ****   }
 299:Drivers/STM32F1xx_HAL_Driver/Src/stm32f1xx_hal_flash_ex.c **** 
 300:Drivers/STM32F1xx_HAL_Driver/Src/stm32f1xx_hal_flash_ex.c ****   /* Process Unlocked */
 301:Drivers/STM32F1xx_HAL_Driver/Src/stm32f1xx_hal_flash_ex.c ****   __HAL_UNLOCK(&pFlash);
 302:Drivers/STM32F1xx_HAL_Driver/Src/stm32f1xx_hal_flash_ex.c **** 
 303:Drivers/STM32F1xx_HAL_Driver/Src/stm32f1xx_hal_flash_ex.c ****   return status;
 304:Drivers/STM32F1xx_HAL_Driver/Src/stm32f1xx_hal_flash_ex.c **** }
 305:Drivers/STM32F1xx_HAL_Driver/Src/stm32f1xx_hal_flash_ex.c **** 
 306:Drivers/STM32F1xx_HAL_Driver/Src/stm32f1xx_hal_flash_ex.c **** /**
 307:Drivers/STM32F1xx_HAL_Driver/Src/stm32f1xx_hal_flash_ex.c ****   * @brief  Perform a mass erase or erase the specified FLASH memory pages with interrupt enabled
 308:Drivers/STM32F1xx_HAL_Driver/Src/stm32f1xx_hal_flash_ex.c ****   * @note   To correctly run this function, the @ref HAL_FLASH_Unlock() function
 309:Drivers/STM32F1xx_HAL_Driver/Src/stm32f1xx_hal_flash_ex.c ****   *         must be called before.
 310:Drivers/STM32F1xx_HAL_Driver/Src/stm32f1xx_hal_flash_ex.c ****   *         Call the @ref HAL_FLASH_Lock() to disable the flash memory access 
 311:Drivers/STM32F1xx_HAL_Driver/Src/stm32f1xx_hal_flash_ex.c ****   *         (recommended to protect the FLASH memory against possible unwanted operation)
 312:Drivers/STM32F1xx_HAL_Driver/Src/stm32f1xx_hal_flash_ex.c ****   * @param  pEraseInit pointer to an FLASH_EraseInitTypeDef structure that
 313:Drivers/STM32F1xx_HAL_Driver/Src/stm32f1xx_hal_flash_ex.c ****   *         contains the configuration information for the erasing.
 314:Drivers/STM32F1xx_HAL_Driver/Src/stm32f1xx_hal_flash_ex.c ****   *
 315:Drivers/STM32F1xx_HAL_Driver/Src/stm32f1xx_hal_flash_ex.c ****   * @retval HAL_StatusTypeDef HAL Status
 316:Drivers/STM32F1xx_HAL_Driver/Src/stm32f1xx_hal_flash_ex.c ****   */
 317:Drivers/STM32F1xx_HAL_Driver/Src/stm32f1xx_hal_flash_ex.c **** HAL_StatusTypeDef HAL_FLASHEx_Erase_IT(FLASH_EraseInitTypeDef *pEraseInit)
ARM GAS  C:\Users\airforce\AppData\Local\Temp\ccqPXFte.s 			page 7


 318:Drivers/STM32F1xx_HAL_Driver/Src/stm32f1xx_hal_flash_ex.c **** {
 319:Drivers/STM32F1xx_HAL_Driver/Src/stm32f1xx_hal_flash_ex.c ****   HAL_StatusTypeDef status = HAL_OK;
 320:Drivers/STM32F1xx_HAL_Driver/Src/stm32f1xx_hal_flash_ex.c **** 
 321:Drivers/STM32F1xx_HAL_Driver/Src/stm32f1xx_hal_flash_ex.c ****   /* If procedure already ongoing, reject the next one */
 322:Drivers/STM32F1xx_HAL_Driver/Src/stm32f1xx_hal_flash_ex.c ****   if (pFlash.ProcedureOnGoing != FLASH_PROC_NONE)
 323:Drivers/STM32F1xx_HAL_Driver/Src/stm32f1xx_hal_flash_ex.c ****   {
 324:Drivers/STM32F1xx_HAL_Driver/Src/stm32f1xx_hal_flash_ex.c ****     return HAL_ERROR;
 325:Drivers/STM32F1xx_HAL_Driver/Src/stm32f1xx_hal_flash_ex.c ****   }
 326:Drivers/STM32F1xx_HAL_Driver/Src/stm32f1xx_hal_flash_ex.c ****   
 327:Drivers/STM32F1xx_HAL_Driver/Src/stm32f1xx_hal_flash_ex.c ****   /* Check the parameters */
 328:Drivers/STM32F1xx_HAL_Driver/Src/stm32f1xx_hal_flash_ex.c ****   assert_param(IS_FLASH_TYPEERASE(pEraseInit->TypeErase));
 329:Drivers/STM32F1xx_HAL_Driver/Src/stm32f1xx_hal_flash_ex.c **** 
 330:Drivers/STM32F1xx_HAL_Driver/Src/stm32f1xx_hal_flash_ex.c ****   /* Enable End of FLASH Operation and Error source interrupts */
 331:Drivers/STM32F1xx_HAL_Driver/Src/stm32f1xx_hal_flash_ex.c ****   __HAL_FLASH_ENABLE_IT(FLASH_IT_EOP | FLASH_IT_ERR);
 332:Drivers/STM32F1xx_HAL_Driver/Src/stm32f1xx_hal_flash_ex.c **** 
 333:Drivers/STM32F1xx_HAL_Driver/Src/stm32f1xx_hal_flash_ex.c **** #if defined(FLASH_BANK2_END)
 334:Drivers/STM32F1xx_HAL_Driver/Src/stm32f1xx_hal_flash_ex.c ****   /* Enable End of FLASH Operation and Error source interrupts */
 335:Drivers/STM32F1xx_HAL_Driver/Src/stm32f1xx_hal_flash_ex.c ****   __HAL_FLASH_ENABLE_IT(FLASH_IT_EOP_BANK2 | FLASH_IT_ERR_BANK2);
 336:Drivers/STM32F1xx_HAL_Driver/Src/stm32f1xx_hal_flash_ex.c ****   
 337:Drivers/STM32F1xx_HAL_Driver/Src/stm32f1xx_hal_flash_ex.c **** #endif
 338:Drivers/STM32F1xx_HAL_Driver/Src/stm32f1xx_hal_flash_ex.c ****   if (pEraseInit->TypeErase == FLASH_TYPEERASE_MASSERASE)
 339:Drivers/STM32F1xx_HAL_Driver/Src/stm32f1xx_hal_flash_ex.c ****   {
 340:Drivers/STM32F1xx_HAL_Driver/Src/stm32f1xx_hal_flash_ex.c ****     /*Mass erase to be done*/
 341:Drivers/STM32F1xx_HAL_Driver/Src/stm32f1xx_hal_flash_ex.c ****     pFlash.ProcedureOnGoing = FLASH_PROC_MASSERASE;
 342:Drivers/STM32F1xx_HAL_Driver/Src/stm32f1xx_hal_flash_ex.c ****         FLASH_MassErase(pEraseInit->Banks);
 343:Drivers/STM32F1xx_HAL_Driver/Src/stm32f1xx_hal_flash_ex.c ****   }
 344:Drivers/STM32F1xx_HAL_Driver/Src/stm32f1xx_hal_flash_ex.c ****   else
 345:Drivers/STM32F1xx_HAL_Driver/Src/stm32f1xx_hal_flash_ex.c ****   {
 346:Drivers/STM32F1xx_HAL_Driver/Src/stm32f1xx_hal_flash_ex.c ****     /* Erase by page to be done*/
 347:Drivers/STM32F1xx_HAL_Driver/Src/stm32f1xx_hal_flash_ex.c **** 
 348:Drivers/STM32F1xx_HAL_Driver/Src/stm32f1xx_hal_flash_ex.c ****     /* Check the parameters */
 349:Drivers/STM32F1xx_HAL_Driver/Src/stm32f1xx_hal_flash_ex.c ****     assert_param(IS_FLASH_PROGRAM_ADDRESS(pEraseInit->PageAddress));
 350:Drivers/STM32F1xx_HAL_Driver/Src/stm32f1xx_hal_flash_ex.c ****     assert_param(IS_FLASH_NB_PAGES(pEraseInit->PageAddress, pEraseInit->NbPages));
 351:Drivers/STM32F1xx_HAL_Driver/Src/stm32f1xx_hal_flash_ex.c **** 
 352:Drivers/STM32F1xx_HAL_Driver/Src/stm32f1xx_hal_flash_ex.c ****     pFlash.ProcedureOnGoing = FLASH_PROC_PAGEERASE;
 353:Drivers/STM32F1xx_HAL_Driver/Src/stm32f1xx_hal_flash_ex.c ****     pFlash.DataRemaining = pEraseInit->NbPages;
 354:Drivers/STM32F1xx_HAL_Driver/Src/stm32f1xx_hal_flash_ex.c ****     pFlash.Address = pEraseInit->PageAddress;
 355:Drivers/STM32F1xx_HAL_Driver/Src/stm32f1xx_hal_flash_ex.c **** 
 356:Drivers/STM32F1xx_HAL_Driver/Src/stm32f1xx_hal_flash_ex.c ****     /*Erase 1st page and wait for IT*/
 357:Drivers/STM32F1xx_HAL_Driver/Src/stm32f1xx_hal_flash_ex.c ****     FLASH_PageErase(pEraseInit->PageAddress);
 358:Drivers/STM32F1xx_HAL_Driver/Src/stm32f1xx_hal_flash_ex.c ****   }
 359:Drivers/STM32F1xx_HAL_Driver/Src/stm32f1xx_hal_flash_ex.c **** 
 360:Drivers/STM32F1xx_HAL_Driver/Src/stm32f1xx_hal_flash_ex.c ****   return status;
 361:Drivers/STM32F1xx_HAL_Driver/Src/stm32f1xx_hal_flash_ex.c **** }
 362:Drivers/STM32F1xx_HAL_Driver/Src/stm32f1xx_hal_flash_ex.c **** 
 363:Drivers/STM32F1xx_HAL_Driver/Src/stm32f1xx_hal_flash_ex.c **** /**
 364:Drivers/STM32F1xx_HAL_Driver/Src/stm32f1xx_hal_flash_ex.c ****   * @}
 365:Drivers/STM32F1xx_HAL_Driver/Src/stm32f1xx_hal_flash_ex.c ****   */
 366:Drivers/STM32F1xx_HAL_Driver/Src/stm32f1xx_hal_flash_ex.c **** 
 367:Drivers/STM32F1xx_HAL_Driver/Src/stm32f1xx_hal_flash_ex.c **** /** @defgroup FLASHEx_Exported_Functions_Group2 Option Bytes Programming functions
 368:Drivers/STM32F1xx_HAL_Driver/Src/stm32f1xx_hal_flash_ex.c ****  *  @brief   Option Bytes Programming functions
 369:Drivers/STM32F1xx_HAL_Driver/Src/stm32f1xx_hal_flash_ex.c ****   *
 370:Drivers/STM32F1xx_HAL_Driver/Src/stm32f1xx_hal_flash_ex.c **** @verbatim   
 371:Drivers/STM32F1xx_HAL_Driver/Src/stm32f1xx_hal_flash_ex.c ****   ==============================================================================
 372:Drivers/STM32F1xx_HAL_Driver/Src/stm32f1xx_hal_flash_ex.c ****                 ##### Option Bytes Programming functions ##### 
 373:Drivers/STM32F1xx_HAL_Driver/Src/stm32f1xx_hal_flash_ex.c ****   ==============================================================================  
 374:Drivers/STM32F1xx_HAL_Driver/Src/stm32f1xx_hal_flash_ex.c ****     [..]
ARM GAS  C:\Users\airforce\AppData\Local\Temp\ccqPXFte.s 			page 8


 375:Drivers/STM32F1xx_HAL_Driver/Src/stm32f1xx_hal_flash_ex.c ****     This subsection provides a set of functions allowing to control the FLASH 
 376:Drivers/STM32F1xx_HAL_Driver/Src/stm32f1xx_hal_flash_ex.c ****     option bytes operations.
 377:Drivers/STM32F1xx_HAL_Driver/Src/stm32f1xx_hal_flash_ex.c **** 
 378:Drivers/STM32F1xx_HAL_Driver/Src/stm32f1xx_hal_flash_ex.c **** @endverbatim
 379:Drivers/STM32F1xx_HAL_Driver/Src/stm32f1xx_hal_flash_ex.c ****   * @{
 380:Drivers/STM32F1xx_HAL_Driver/Src/stm32f1xx_hal_flash_ex.c ****   */
 381:Drivers/STM32F1xx_HAL_Driver/Src/stm32f1xx_hal_flash_ex.c **** 
 382:Drivers/STM32F1xx_HAL_Driver/Src/stm32f1xx_hal_flash_ex.c **** /**
 383:Drivers/STM32F1xx_HAL_Driver/Src/stm32f1xx_hal_flash_ex.c ****   * @brief  Erases the FLASH option bytes.
 384:Drivers/STM32F1xx_HAL_Driver/Src/stm32f1xx_hal_flash_ex.c ****   * @note   This functions erases all option bytes except the Read protection (RDP).
 385:Drivers/STM32F1xx_HAL_Driver/Src/stm32f1xx_hal_flash_ex.c ****   *         The function @ref HAL_FLASH_Unlock() should be called before to unlock the FLASH interf
 386:Drivers/STM32F1xx_HAL_Driver/Src/stm32f1xx_hal_flash_ex.c ****   *         The function @ref HAL_FLASH_OB_Unlock() should be called before to unlock the options b
 387:Drivers/STM32F1xx_HAL_Driver/Src/stm32f1xx_hal_flash_ex.c ****   *         The function @ref HAL_FLASH_OB_Launch() should be called after to force the reload of t
 388:Drivers/STM32F1xx_HAL_Driver/Src/stm32f1xx_hal_flash_ex.c ****   *         (system reset will occur)
 389:Drivers/STM32F1xx_HAL_Driver/Src/stm32f1xx_hal_flash_ex.c ****   * @retval HAL status
 390:Drivers/STM32F1xx_HAL_Driver/Src/stm32f1xx_hal_flash_ex.c ****   */
 391:Drivers/STM32F1xx_HAL_Driver/Src/stm32f1xx_hal_flash_ex.c **** 
 392:Drivers/STM32F1xx_HAL_Driver/Src/stm32f1xx_hal_flash_ex.c **** HAL_StatusTypeDef HAL_FLASHEx_OBErase(void)
 393:Drivers/STM32F1xx_HAL_Driver/Src/stm32f1xx_hal_flash_ex.c **** {
 394:Drivers/STM32F1xx_HAL_Driver/Src/stm32f1xx_hal_flash_ex.c ****   uint8_t rdptmp = OB_RDP_LEVEL_0;
 395:Drivers/STM32F1xx_HAL_Driver/Src/stm32f1xx_hal_flash_ex.c ****   HAL_StatusTypeDef status = HAL_ERROR;
 396:Drivers/STM32F1xx_HAL_Driver/Src/stm32f1xx_hal_flash_ex.c **** 
 397:Drivers/STM32F1xx_HAL_Driver/Src/stm32f1xx_hal_flash_ex.c ****   /* Get the actual read protection Option Byte value */
 398:Drivers/STM32F1xx_HAL_Driver/Src/stm32f1xx_hal_flash_ex.c ****   rdptmp = FLASH_OB_GetRDP();
 399:Drivers/STM32F1xx_HAL_Driver/Src/stm32f1xx_hal_flash_ex.c **** 
 400:Drivers/STM32F1xx_HAL_Driver/Src/stm32f1xx_hal_flash_ex.c ****   /* Wait for last operation to be completed */
 401:Drivers/STM32F1xx_HAL_Driver/Src/stm32f1xx_hal_flash_ex.c ****   status = FLASH_WaitForLastOperation((uint32_t)FLASH_TIMEOUT_VALUE);
 402:Drivers/STM32F1xx_HAL_Driver/Src/stm32f1xx_hal_flash_ex.c **** 
 403:Drivers/STM32F1xx_HAL_Driver/Src/stm32f1xx_hal_flash_ex.c ****   if(status == HAL_OK)
 404:Drivers/STM32F1xx_HAL_Driver/Src/stm32f1xx_hal_flash_ex.c ****   {
 405:Drivers/STM32F1xx_HAL_Driver/Src/stm32f1xx_hal_flash_ex.c ****     /* Clean the error context */
 406:Drivers/STM32F1xx_HAL_Driver/Src/stm32f1xx_hal_flash_ex.c ****     pFlash.ErrorCode = HAL_FLASH_ERROR_NONE;
 407:Drivers/STM32F1xx_HAL_Driver/Src/stm32f1xx_hal_flash_ex.c **** 
 408:Drivers/STM32F1xx_HAL_Driver/Src/stm32f1xx_hal_flash_ex.c ****     /* If the previous operation is completed, proceed to erase the option bytes */
 409:Drivers/STM32F1xx_HAL_Driver/Src/stm32f1xx_hal_flash_ex.c ****     SET_BIT(FLASH->CR, FLASH_CR_OPTER);
 410:Drivers/STM32F1xx_HAL_Driver/Src/stm32f1xx_hal_flash_ex.c ****     SET_BIT(FLASH->CR, FLASH_CR_STRT);
 411:Drivers/STM32F1xx_HAL_Driver/Src/stm32f1xx_hal_flash_ex.c **** 
 412:Drivers/STM32F1xx_HAL_Driver/Src/stm32f1xx_hal_flash_ex.c ****     /* Wait for last operation to be completed */
 413:Drivers/STM32F1xx_HAL_Driver/Src/stm32f1xx_hal_flash_ex.c ****     status = FLASH_WaitForLastOperation((uint32_t)FLASH_TIMEOUT_VALUE);
 414:Drivers/STM32F1xx_HAL_Driver/Src/stm32f1xx_hal_flash_ex.c **** 
 415:Drivers/STM32F1xx_HAL_Driver/Src/stm32f1xx_hal_flash_ex.c ****     /* If the erase operation is completed, disable the OPTER Bit */
 416:Drivers/STM32F1xx_HAL_Driver/Src/stm32f1xx_hal_flash_ex.c ****     CLEAR_BIT(FLASH->CR, FLASH_CR_OPTER);
 417:Drivers/STM32F1xx_HAL_Driver/Src/stm32f1xx_hal_flash_ex.c **** 
 418:Drivers/STM32F1xx_HAL_Driver/Src/stm32f1xx_hal_flash_ex.c ****     if(status == HAL_OK)
 419:Drivers/STM32F1xx_HAL_Driver/Src/stm32f1xx_hal_flash_ex.c ****     {
 420:Drivers/STM32F1xx_HAL_Driver/Src/stm32f1xx_hal_flash_ex.c ****       /* Restore the last read protection Option Byte value */
 421:Drivers/STM32F1xx_HAL_Driver/Src/stm32f1xx_hal_flash_ex.c ****       status = FLASH_OB_RDP_LevelConfig(rdptmp);
 422:Drivers/STM32F1xx_HAL_Driver/Src/stm32f1xx_hal_flash_ex.c ****     }
 423:Drivers/STM32F1xx_HAL_Driver/Src/stm32f1xx_hal_flash_ex.c ****   }
 424:Drivers/STM32F1xx_HAL_Driver/Src/stm32f1xx_hal_flash_ex.c **** 
 425:Drivers/STM32F1xx_HAL_Driver/Src/stm32f1xx_hal_flash_ex.c ****   /* Return the erase status */
 426:Drivers/STM32F1xx_HAL_Driver/Src/stm32f1xx_hal_flash_ex.c ****   return status;
 427:Drivers/STM32F1xx_HAL_Driver/Src/stm32f1xx_hal_flash_ex.c **** }
 428:Drivers/STM32F1xx_HAL_Driver/Src/stm32f1xx_hal_flash_ex.c **** 
 429:Drivers/STM32F1xx_HAL_Driver/Src/stm32f1xx_hal_flash_ex.c **** /**
 430:Drivers/STM32F1xx_HAL_Driver/Src/stm32f1xx_hal_flash_ex.c ****   * @brief  Program option bytes
 431:Drivers/STM32F1xx_HAL_Driver/Src/stm32f1xx_hal_flash_ex.c ****   * @note   The function @ref HAL_FLASH_Unlock() should be called before to unlock the FLASH interf
ARM GAS  C:\Users\airforce\AppData\Local\Temp\ccqPXFte.s 			page 9


 432:Drivers/STM32F1xx_HAL_Driver/Src/stm32f1xx_hal_flash_ex.c ****   *         The function @ref HAL_FLASH_OB_Unlock() should be called before to unlock the options b
 433:Drivers/STM32F1xx_HAL_Driver/Src/stm32f1xx_hal_flash_ex.c ****   *         The function @ref HAL_FLASH_OB_Launch() should be called after to force the reload of t
 434:Drivers/STM32F1xx_HAL_Driver/Src/stm32f1xx_hal_flash_ex.c ****   *         (system reset will occur)
 435:Drivers/STM32F1xx_HAL_Driver/Src/stm32f1xx_hal_flash_ex.c ****   *
 436:Drivers/STM32F1xx_HAL_Driver/Src/stm32f1xx_hal_flash_ex.c ****   * @param  pOBInit pointer to an FLASH_OBInitStruct structure that
 437:Drivers/STM32F1xx_HAL_Driver/Src/stm32f1xx_hal_flash_ex.c ****   *         contains the configuration information for the programming.
 438:Drivers/STM32F1xx_HAL_Driver/Src/stm32f1xx_hal_flash_ex.c ****   *
 439:Drivers/STM32F1xx_HAL_Driver/Src/stm32f1xx_hal_flash_ex.c ****   * @retval HAL_StatusTypeDef HAL Status
 440:Drivers/STM32F1xx_HAL_Driver/Src/stm32f1xx_hal_flash_ex.c ****   */
 441:Drivers/STM32F1xx_HAL_Driver/Src/stm32f1xx_hal_flash_ex.c **** HAL_StatusTypeDef HAL_FLASHEx_OBProgram(FLASH_OBProgramInitTypeDef *pOBInit)
 442:Drivers/STM32F1xx_HAL_Driver/Src/stm32f1xx_hal_flash_ex.c **** {
 443:Drivers/STM32F1xx_HAL_Driver/Src/stm32f1xx_hal_flash_ex.c ****   HAL_StatusTypeDef status = HAL_ERROR;
 444:Drivers/STM32F1xx_HAL_Driver/Src/stm32f1xx_hal_flash_ex.c **** 
 445:Drivers/STM32F1xx_HAL_Driver/Src/stm32f1xx_hal_flash_ex.c ****   /* Process Locked */
 446:Drivers/STM32F1xx_HAL_Driver/Src/stm32f1xx_hal_flash_ex.c ****   __HAL_LOCK(&pFlash);
 447:Drivers/STM32F1xx_HAL_Driver/Src/stm32f1xx_hal_flash_ex.c **** 
 448:Drivers/STM32F1xx_HAL_Driver/Src/stm32f1xx_hal_flash_ex.c ****   /* Check the parameters */
 449:Drivers/STM32F1xx_HAL_Driver/Src/stm32f1xx_hal_flash_ex.c ****   assert_param(IS_OPTIONBYTE(pOBInit->OptionType));
 450:Drivers/STM32F1xx_HAL_Driver/Src/stm32f1xx_hal_flash_ex.c **** 
 451:Drivers/STM32F1xx_HAL_Driver/Src/stm32f1xx_hal_flash_ex.c ****   /* Write protection configuration */
 452:Drivers/STM32F1xx_HAL_Driver/Src/stm32f1xx_hal_flash_ex.c ****   if((pOBInit->OptionType & OPTIONBYTE_WRP) == OPTIONBYTE_WRP)
 453:Drivers/STM32F1xx_HAL_Driver/Src/stm32f1xx_hal_flash_ex.c ****   {
 454:Drivers/STM32F1xx_HAL_Driver/Src/stm32f1xx_hal_flash_ex.c ****     assert_param(IS_WRPSTATE(pOBInit->WRPState));
 455:Drivers/STM32F1xx_HAL_Driver/Src/stm32f1xx_hal_flash_ex.c ****     if (pOBInit->WRPState == OB_WRPSTATE_ENABLE)
 456:Drivers/STM32F1xx_HAL_Driver/Src/stm32f1xx_hal_flash_ex.c ****     {
 457:Drivers/STM32F1xx_HAL_Driver/Src/stm32f1xx_hal_flash_ex.c ****       /* Enable of Write protection on the selected page */
 458:Drivers/STM32F1xx_HAL_Driver/Src/stm32f1xx_hal_flash_ex.c ****       status = FLASH_OB_EnableWRP(pOBInit->WRPPage);
 459:Drivers/STM32F1xx_HAL_Driver/Src/stm32f1xx_hal_flash_ex.c ****     }
 460:Drivers/STM32F1xx_HAL_Driver/Src/stm32f1xx_hal_flash_ex.c ****     else
 461:Drivers/STM32F1xx_HAL_Driver/Src/stm32f1xx_hal_flash_ex.c ****     {
 462:Drivers/STM32F1xx_HAL_Driver/Src/stm32f1xx_hal_flash_ex.c ****       /* Disable of Write protection on the selected page */
 463:Drivers/STM32F1xx_HAL_Driver/Src/stm32f1xx_hal_flash_ex.c ****       status = FLASH_OB_DisableWRP(pOBInit->WRPPage);
 464:Drivers/STM32F1xx_HAL_Driver/Src/stm32f1xx_hal_flash_ex.c ****     }
 465:Drivers/STM32F1xx_HAL_Driver/Src/stm32f1xx_hal_flash_ex.c ****     if (status != HAL_OK)
 466:Drivers/STM32F1xx_HAL_Driver/Src/stm32f1xx_hal_flash_ex.c ****     {
 467:Drivers/STM32F1xx_HAL_Driver/Src/stm32f1xx_hal_flash_ex.c ****       /* Process Unlocked */
 468:Drivers/STM32F1xx_HAL_Driver/Src/stm32f1xx_hal_flash_ex.c ****       __HAL_UNLOCK(&pFlash);
 469:Drivers/STM32F1xx_HAL_Driver/Src/stm32f1xx_hal_flash_ex.c ****       return status;
 470:Drivers/STM32F1xx_HAL_Driver/Src/stm32f1xx_hal_flash_ex.c ****     }
 471:Drivers/STM32F1xx_HAL_Driver/Src/stm32f1xx_hal_flash_ex.c ****   }
 472:Drivers/STM32F1xx_HAL_Driver/Src/stm32f1xx_hal_flash_ex.c **** 
 473:Drivers/STM32F1xx_HAL_Driver/Src/stm32f1xx_hal_flash_ex.c ****   /* Read protection configuration */
 474:Drivers/STM32F1xx_HAL_Driver/Src/stm32f1xx_hal_flash_ex.c ****   if((pOBInit->OptionType & OPTIONBYTE_RDP) == OPTIONBYTE_RDP)
 475:Drivers/STM32F1xx_HAL_Driver/Src/stm32f1xx_hal_flash_ex.c ****   {
 476:Drivers/STM32F1xx_HAL_Driver/Src/stm32f1xx_hal_flash_ex.c ****     status = FLASH_OB_RDP_LevelConfig(pOBInit->RDPLevel);
 477:Drivers/STM32F1xx_HAL_Driver/Src/stm32f1xx_hal_flash_ex.c ****     if (status != HAL_OK)
 478:Drivers/STM32F1xx_HAL_Driver/Src/stm32f1xx_hal_flash_ex.c ****     {
 479:Drivers/STM32F1xx_HAL_Driver/Src/stm32f1xx_hal_flash_ex.c ****       /* Process Unlocked */
 480:Drivers/STM32F1xx_HAL_Driver/Src/stm32f1xx_hal_flash_ex.c ****       __HAL_UNLOCK(&pFlash);
 481:Drivers/STM32F1xx_HAL_Driver/Src/stm32f1xx_hal_flash_ex.c ****       return status;
 482:Drivers/STM32F1xx_HAL_Driver/Src/stm32f1xx_hal_flash_ex.c ****     }
 483:Drivers/STM32F1xx_HAL_Driver/Src/stm32f1xx_hal_flash_ex.c ****   }
 484:Drivers/STM32F1xx_HAL_Driver/Src/stm32f1xx_hal_flash_ex.c **** 
 485:Drivers/STM32F1xx_HAL_Driver/Src/stm32f1xx_hal_flash_ex.c ****   /* USER configuration */
 486:Drivers/STM32F1xx_HAL_Driver/Src/stm32f1xx_hal_flash_ex.c ****   if((pOBInit->OptionType & OPTIONBYTE_USER) == OPTIONBYTE_USER)
 487:Drivers/STM32F1xx_HAL_Driver/Src/stm32f1xx_hal_flash_ex.c ****   {
 488:Drivers/STM32F1xx_HAL_Driver/Src/stm32f1xx_hal_flash_ex.c ****     status = FLASH_OB_UserConfig(pOBInit->USERConfig);
ARM GAS  C:\Users\airforce\AppData\Local\Temp\ccqPXFte.s 			page 10


 489:Drivers/STM32F1xx_HAL_Driver/Src/stm32f1xx_hal_flash_ex.c ****     if (status != HAL_OK)
 490:Drivers/STM32F1xx_HAL_Driver/Src/stm32f1xx_hal_flash_ex.c ****     {
 491:Drivers/STM32F1xx_HAL_Driver/Src/stm32f1xx_hal_flash_ex.c ****       /* Process Unlocked */
 492:Drivers/STM32F1xx_HAL_Driver/Src/stm32f1xx_hal_flash_ex.c ****       __HAL_UNLOCK(&pFlash);
 493:Drivers/STM32F1xx_HAL_Driver/Src/stm32f1xx_hal_flash_ex.c ****       return status;
 494:Drivers/STM32F1xx_HAL_Driver/Src/stm32f1xx_hal_flash_ex.c ****     }
 495:Drivers/STM32F1xx_HAL_Driver/Src/stm32f1xx_hal_flash_ex.c ****   }
 496:Drivers/STM32F1xx_HAL_Driver/Src/stm32f1xx_hal_flash_ex.c **** 
 497:Drivers/STM32F1xx_HAL_Driver/Src/stm32f1xx_hal_flash_ex.c ****   /* DATA configuration*/
 498:Drivers/STM32F1xx_HAL_Driver/Src/stm32f1xx_hal_flash_ex.c ****   if((pOBInit->OptionType & OPTIONBYTE_DATA) == OPTIONBYTE_DATA)
 499:Drivers/STM32F1xx_HAL_Driver/Src/stm32f1xx_hal_flash_ex.c ****   {
 500:Drivers/STM32F1xx_HAL_Driver/Src/stm32f1xx_hal_flash_ex.c ****     status = FLASH_OB_ProgramData(pOBInit->DATAAddress, pOBInit->DATAData);
 501:Drivers/STM32F1xx_HAL_Driver/Src/stm32f1xx_hal_flash_ex.c ****     if (status != HAL_OK)
 502:Drivers/STM32F1xx_HAL_Driver/Src/stm32f1xx_hal_flash_ex.c ****     {
 503:Drivers/STM32F1xx_HAL_Driver/Src/stm32f1xx_hal_flash_ex.c ****       /* Process Unlocked */
 504:Drivers/STM32F1xx_HAL_Driver/Src/stm32f1xx_hal_flash_ex.c ****       __HAL_UNLOCK(&pFlash);
 505:Drivers/STM32F1xx_HAL_Driver/Src/stm32f1xx_hal_flash_ex.c ****       return status;
 506:Drivers/STM32F1xx_HAL_Driver/Src/stm32f1xx_hal_flash_ex.c ****     }
 507:Drivers/STM32F1xx_HAL_Driver/Src/stm32f1xx_hal_flash_ex.c ****   }
 508:Drivers/STM32F1xx_HAL_Driver/Src/stm32f1xx_hal_flash_ex.c **** 
 509:Drivers/STM32F1xx_HAL_Driver/Src/stm32f1xx_hal_flash_ex.c ****   /* Process Unlocked */
 510:Drivers/STM32F1xx_HAL_Driver/Src/stm32f1xx_hal_flash_ex.c ****   __HAL_UNLOCK(&pFlash);
 511:Drivers/STM32F1xx_HAL_Driver/Src/stm32f1xx_hal_flash_ex.c **** 
 512:Drivers/STM32F1xx_HAL_Driver/Src/stm32f1xx_hal_flash_ex.c ****   return status;
 513:Drivers/STM32F1xx_HAL_Driver/Src/stm32f1xx_hal_flash_ex.c **** }
 514:Drivers/STM32F1xx_HAL_Driver/Src/stm32f1xx_hal_flash_ex.c **** 
 515:Drivers/STM32F1xx_HAL_Driver/Src/stm32f1xx_hal_flash_ex.c **** /**
 516:Drivers/STM32F1xx_HAL_Driver/Src/stm32f1xx_hal_flash_ex.c ****   * @brief  Get the Option byte configuration
 517:Drivers/STM32F1xx_HAL_Driver/Src/stm32f1xx_hal_flash_ex.c ****   * @param  pOBInit pointer to an FLASH_OBInitStruct structure that
 518:Drivers/STM32F1xx_HAL_Driver/Src/stm32f1xx_hal_flash_ex.c ****   *         contains the configuration information for the programming.
 519:Drivers/STM32F1xx_HAL_Driver/Src/stm32f1xx_hal_flash_ex.c ****   *
 520:Drivers/STM32F1xx_HAL_Driver/Src/stm32f1xx_hal_flash_ex.c ****   * @retval None
 521:Drivers/STM32F1xx_HAL_Driver/Src/stm32f1xx_hal_flash_ex.c ****   */
 522:Drivers/STM32F1xx_HAL_Driver/Src/stm32f1xx_hal_flash_ex.c **** void HAL_FLASHEx_OBGetConfig(FLASH_OBProgramInitTypeDef *pOBInit)
 523:Drivers/STM32F1xx_HAL_Driver/Src/stm32f1xx_hal_flash_ex.c **** {
 524:Drivers/STM32F1xx_HAL_Driver/Src/stm32f1xx_hal_flash_ex.c ****   pOBInit->OptionType = OPTIONBYTE_WRP | OPTIONBYTE_RDP | OPTIONBYTE_USER;
 525:Drivers/STM32F1xx_HAL_Driver/Src/stm32f1xx_hal_flash_ex.c **** 
 526:Drivers/STM32F1xx_HAL_Driver/Src/stm32f1xx_hal_flash_ex.c ****   /*Get WRP*/
 527:Drivers/STM32F1xx_HAL_Driver/Src/stm32f1xx_hal_flash_ex.c ****   pOBInit->WRPPage = FLASH_OB_GetWRP();
 528:Drivers/STM32F1xx_HAL_Driver/Src/stm32f1xx_hal_flash_ex.c **** 
 529:Drivers/STM32F1xx_HAL_Driver/Src/stm32f1xx_hal_flash_ex.c ****   /*Get RDP Level*/
 530:Drivers/STM32F1xx_HAL_Driver/Src/stm32f1xx_hal_flash_ex.c ****   pOBInit->RDPLevel = FLASH_OB_GetRDP();
 531:Drivers/STM32F1xx_HAL_Driver/Src/stm32f1xx_hal_flash_ex.c **** 
 532:Drivers/STM32F1xx_HAL_Driver/Src/stm32f1xx_hal_flash_ex.c ****   /*Get USER*/
 533:Drivers/STM32F1xx_HAL_Driver/Src/stm32f1xx_hal_flash_ex.c ****   pOBInit->USERConfig = FLASH_OB_GetUser();
 534:Drivers/STM32F1xx_HAL_Driver/Src/stm32f1xx_hal_flash_ex.c **** }
 535:Drivers/STM32F1xx_HAL_Driver/Src/stm32f1xx_hal_flash_ex.c **** 
 536:Drivers/STM32F1xx_HAL_Driver/Src/stm32f1xx_hal_flash_ex.c **** /**
 537:Drivers/STM32F1xx_HAL_Driver/Src/stm32f1xx_hal_flash_ex.c ****   * @brief  Get the Option byte user data
 538:Drivers/STM32F1xx_HAL_Driver/Src/stm32f1xx_hal_flash_ex.c ****   * @param  DATAAdress Address of the option byte DATA
 539:Drivers/STM32F1xx_HAL_Driver/Src/stm32f1xx_hal_flash_ex.c ****   *          This parameter can be one of the following values:
 540:Drivers/STM32F1xx_HAL_Driver/Src/stm32f1xx_hal_flash_ex.c ****   *            @arg @ref OB_DATA_ADDRESS_DATA0
 541:Drivers/STM32F1xx_HAL_Driver/Src/stm32f1xx_hal_flash_ex.c ****   *            @arg @ref OB_DATA_ADDRESS_DATA1
 542:Drivers/STM32F1xx_HAL_Driver/Src/stm32f1xx_hal_flash_ex.c ****   * @retval Value programmed in USER data
 543:Drivers/STM32F1xx_HAL_Driver/Src/stm32f1xx_hal_flash_ex.c ****   */
 544:Drivers/STM32F1xx_HAL_Driver/Src/stm32f1xx_hal_flash_ex.c **** uint32_t HAL_FLASHEx_OBGetUserData(uint32_t DATAAdress)
 545:Drivers/STM32F1xx_HAL_Driver/Src/stm32f1xx_hal_flash_ex.c **** {
ARM GAS  C:\Users\airforce\AppData\Local\Temp\ccqPXFte.s 			page 11


 546:Drivers/STM32F1xx_HAL_Driver/Src/stm32f1xx_hal_flash_ex.c ****   uint32_t value = 0;
 547:Drivers/STM32F1xx_HAL_Driver/Src/stm32f1xx_hal_flash_ex.c ****   
 548:Drivers/STM32F1xx_HAL_Driver/Src/stm32f1xx_hal_flash_ex.c ****   if (DATAAdress == OB_DATA_ADDRESS_DATA0)
 549:Drivers/STM32F1xx_HAL_Driver/Src/stm32f1xx_hal_flash_ex.c ****   {
 550:Drivers/STM32F1xx_HAL_Driver/Src/stm32f1xx_hal_flash_ex.c ****     /* Get value programmed in OB USER Data0 */
 551:Drivers/STM32F1xx_HAL_Driver/Src/stm32f1xx_hal_flash_ex.c ****     value = READ_BIT(FLASH->OBR, FLASH_OBR_DATA0) >> FLASH_POSITION_OB_USERDATA0_BIT;
 552:Drivers/STM32F1xx_HAL_Driver/Src/stm32f1xx_hal_flash_ex.c ****   }
 553:Drivers/STM32F1xx_HAL_Driver/Src/stm32f1xx_hal_flash_ex.c ****   else
 554:Drivers/STM32F1xx_HAL_Driver/Src/stm32f1xx_hal_flash_ex.c ****   {
 555:Drivers/STM32F1xx_HAL_Driver/Src/stm32f1xx_hal_flash_ex.c ****     /* Get value programmed in OB USER Data1 */
 556:Drivers/STM32F1xx_HAL_Driver/Src/stm32f1xx_hal_flash_ex.c ****     value = READ_BIT(FLASH->OBR, FLASH_OBR_DATA1) >> FLASH_POSITION_OB_USERDATA1_BIT;
 557:Drivers/STM32F1xx_HAL_Driver/Src/stm32f1xx_hal_flash_ex.c ****   }
 558:Drivers/STM32F1xx_HAL_Driver/Src/stm32f1xx_hal_flash_ex.c ****   
 559:Drivers/STM32F1xx_HAL_Driver/Src/stm32f1xx_hal_flash_ex.c ****   return value;
 560:Drivers/STM32F1xx_HAL_Driver/Src/stm32f1xx_hal_flash_ex.c **** }
 561:Drivers/STM32F1xx_HAL_Driver/Src/stm32f1xx_hal_flash_ex.c **** 
 562:Drivers/STM32F1xx_HAL_Driver/Src/stm32f1xx_hal_flash_ex.c **** /**
 563:Drivers/STM32F1xx_HAL_Driver/Src/stm32f1xx_hal_flash_ex.c ****   * @}
 564:Drivers/STM32F1xx_HAL_Driver/Src/stm32f1xx_hal_flash_ex.c ****   */
 565:Drivers/STM32F1xx_HAL_Driver/Src/stm32f1xx_hal_flash_ex.c **** 
 566:Drivers/STM32F1xx_HAL_Driver/Src/stm32f1xx_hal_flash_ex.c **** /**
 567:Drivers/STM32F1xx_HAL_Driver/Src/stm32f1xx_hal_flash_ex.c ****   * @}
 568:Drivers/STM32F1xx_HAL_Driver/Src/stm32f1xx_hal_flash_ex.c ****   */
 569:Drivers/STM32F1xx_HAL_Driver/Src/stm32f1xx_hal_flash_ex.c **** 
 570:Drivers/STM32F1xx_HAL_Driver/Src/stm32f1xx_hal_flash_ex.c **** /** @addtogroup FLASHEx_Private_Functions
 571:Drivers/STM32F1xx_HAL_Driver/Src/stm32f1xx_hal_flash_ex.c ****  * @{
 572:Drivers/STM32F1xx_HAL_Driver/Src/stm32f1xx_hal_flash_ex.c ****  */
 573:Drivers/STM32F1xx_HAL_Driver/Src/stm32f1xx_hal_flash_ex.c **** 
 574:Drivers/STM32F1xx_HAL_Driver/Src/stm32f1xx_hal_flash_ex.c **** /**
 575:Drivers/STM32F1xx_HAL_Driver/Src/stm32f1xx_hal_flash_ex.c ****   * @brief  Full erase of FLASH memory Bank 
 576:Drivers/STM32F1xx_HAL_Driver/Src/stm32f1xx_hal_flash_ex.c ****   * @param  Banks Banks to be erased
 577:Drivers/STM32F1xx_HAL_Driver/Src/stm32f1xx_hal_flash_ex.c ****   *          This parameter can be one of the following values:
 578:Drivers/STM32F1xx_HAL_Driver/Src/stm32f1xx_hal_flash_ex.c ****   *            @arg @ref FLASH_BANK_1 Bank1 to be erased
 579:Drivers/STM32F1xx_HAL_Driver/Src/stm32f1xx_hal_flash_ex.c ****   @if STM32F101xG
 580:Drivers/STM32F1xx_HAL_Driver/Src/stm32f1xx_hal_flash_ex.c ****   *            @arg @ref FLASH_BANK_2 Bank2 to be erased
 581:Drivers/STM32F1xx_HAL_Driver/Src/stm32f1xx_hal_flash_ex.c ****   *            @arg @ref FLASH_BANK_BOTH Bank1 and Bank2 to be erased
 582:Drivers/STM32F1xx_HAL_Driver/Src/stm32f1xx_hal_flash_ex.c ****   @endif
 583:Drivers/STM32F1xx_HAL_Driver/Src/stm32f1xx_hal_flash_ex.c ****   @if STM32F103xG
 584:Drivers/STM32F1xx_HAL_Driver/Src/stm32f1xx_hal_flash_ex.c ****   *            @arg @ref FLASH_BANK_2 Bank2 to be erased
 585:Drivers/STM32F1xx_HAL_Driver/Src/stm32f1xx_hal_flash_ex.c ****   *            @arg @ref FLASH_BANK_BOTH Bank1 and Bank2 to be erased
 586:Drivers/STM32F1xx_HAL_Driver/Src/stm32f1xx_hal_flash_ex.c ****   @endif
 587:Drivers/STM32F1xx_HAL_Driver/Src/stm32f1xx_hal_flash_ex.c ****   *
 588:Drivers/STM32F1xx_HAL_Driver/Src/stm32f1xx_hal_flash_ex.c ****   * @retval None
 589:Drivers/STM32F1xx_HAL_Driver/Src/stm32f1xx_hal_flash_ex.c ****   */
 590:Drivers/STM32F1xx_HAL_Driver/Src/stm32f1xx_hal_flash_ex.c **** static void FLASH_MassErase(uint32_t Banks)
 591:Drivers/STM32F1xx_HAL_Driver/Src/stm32f1xx_hal_flash_ex.c **** {
 592:Drivers/STM32F1xx_HAL_Driver/Src/stm32f1xx_hal_flash_ex.c ****   /* Check the parameters */
 593:Drivers/STM32F1xx_HAL_Driver/Src/stm32f1xx_hal_flash_ex.c ****   assert_param(IS_FLASH_BANK(Banks));
 594:Drivers/STM32F1xx_HAL_Driver/Src/stm32f1xx_hal_flash_ex.c **** 
 595:Drivers/STM32F1xx_HAL_Driver/Src/stm32f1xx_hal_flash_ex.c ****   /* Clean the error context */
 596:Drivers/STM32F1xx_HAL_Driver/Src/stm32f1xx_hal_flash_ex.c ****   pFlash.ErrorCode = HAL_FLASH_ERROR_NONE;
 597:Drivers/STM32F1xx_HAL_Driver/Src/stm32f1xx_hal_flash_ex.c **** 
 598:Drivers/STM32F1xx_HAL_Driver/Src/stm32f1xx_hal_flash_ex.c **** #if defined(FLASH_BANK2_END)
 599:Drivers/STM32F1xx_HAL_Driver/Src/stm32f1xx_hal_flash_ex.c ****   if(Banks == FLASH_BANK_BOTH)
 600:Drivers/STM32F1xx_HAL_Driver/Src/stm32f1xx_hal_flash_ex.c ****   {
 601:Drivers/STM32F1xx_HAL_Driver/Src/stm32f1xx_hal_flash_ex.c ****     /* bank1 & bank2 will be erased*/
 602:Drivers/STM32F1xx_HAL_Driver/Src/stm32f1xx_hal_flash_ex.c ****     SET_BIT(FLASH->CR, FLASH_CR_MER);
ARM GAS  C:\Users\airforce\AppData\Local\Temp\ccqPXFte.s 			page 12


 603:Drivers/STM32F1xx_HAL_Driver/Src/stm32f1xx_hal_flash_ex.c ****     SET_BIT(FLASH->CR2, FLASH_CR2_MER);
 604:Drivers/STM32F1xx_HAL_Driver/Src/stm32f1xx_hal_flash_ex.c ****     SET_BIT(FLASH->CR, FLASH_CR_STRT);
 605:Drivers/STM32F1xx_HAL_Driver/Src/stm32f1xx_hal_flash_ex.c ****     SET_BIT(FLASH->CR2, FLASH_CR2_STRT);
 606:Drivers/STM32F1xx_HAL_Driver/Src/stm32f1xx_hal_flash_ex.c ****   }
 607:Drivers/STM32F1xx_HAL_Driver/Src/stm32f1xx_hal_flash_ex.c ****   else if(Banks == FLASH_BANK_2)
 608:Drivers/STM32F1xx_HAL_Driver/Src/stm32f1xx_hal_flash_ex.c ****   {
 609:Drivers/STM32F1xx_HAL_Driver/Src/stm32f1xx_hal_flash_ex.c ****     /*Only bank2 will be erased*/
 610:Drivers/STM32F1xx_HAL_Driver/Src/stm32f1xx_hal_flash_ex.c ****     SET_BIT(FLASH->CR2, FLASH_CR2_MER);
 611:Drivers/STM32F1xx_HAL_Driver/Src/stm32f1xx_hal_flash_ex.c ****     SET_BIT(FLASH->CR2, FLASH_CR2_STRT);
 612:Drivers/STM32F1xx_HAL_Driver/Src/stm32f1xx_hal_flash_ex.c ****   }
 613:Drivers/STM32F1xx_HAL_Driver/Src/stm32f1xx_hal_flash_ex.c ****   else
 614:Drivers/STM32F1xx_HAL_Driver/Src/stm32f1xx_hal_flash_ex.c ****   {
 615:Drivers/STM32F1xx_HAL_Driver/Src/stm32f1xx_hal_flash_ex.c **** #endif /* FLASH_BANK2_END */
 616:Drivers/STM32F1xx_HAL_Driver/Src/stm32f1xx_hal_flash_ex.c **** #if !defined(FLASH_BANK2_END)
 617:Drivers/STM32F1xx_HAL_Driver/Src/stm32f1xx_hal_flash_ex.c ****   /* Prevent unused argument(s) compilation warning */
 618:Drivers/STM32F1xx_HAL_Driver/Src/stm32f1xx_hal_flash_ex.c ****   UNUSED(Banks);
 619:Drivers/STM32F1xx_HAL_Driver/Src/stm32f1xx_hal_flash_ex.c **** #endif /* FLASH_BANK2_END */  
 620:Drivers/STM32F1xx_HAL_Driver/Src/stm32f1xx_hal_flash_ex.c ****     /* Only bank1 will be erased*/
 621:Drivers/STM32F1xx_HAL_Driver/Src/stm32f1xx_hal_flash_ex.c ****     SET_BIT(FLASH->CR, FLASH_CR_MER);
 622:Drivers/STM32F1xx_HAL_Driver/Src/stm32f1xx_hal_flash_ex.c ****     SET_BIT(FLASH->CR, FLASH_CR_STRT);
 623:Drivers/STM32F1xx_HAL_Driver/Src/stm32f1xx_hal_flash_ex.c **** #if defined(FLASH_BANK2_END)
 624:Drivers/STM32F1xx_HAL_Driver/Src/stm32f1xx_hal_flash_ex.c ****   }
 625:Drivers/STM32F1xx_HAL_Driver/Src/stm32f1xx_hal_flash_ex.c **** #endif /* FLASH_BANK2_END */
 626:Drivers/STM32F1xx_HAL_Driver/Src/stm32f1xx_hal_flash_ex.c **** }
 627:Drivers/STM32F1xx_HAL_Driver/Src/stm32f1xx_hal_flash_ex.c **** 
 628:Drivers/STM32F1xx_HAL_Driver/Src/stm32f1xx_hal_flash_ex.c **** /**
 629:Drivers/STM32F1xx_HAL_Driver/Src/stm32f1xx_hal_flash_ex.c ****   * @brief  Enable the write protection of the desired pages
 630:Drivers/STM32F1xx_HAL_Driver/Src/stm32f1xx_hal_flash_ex.c ****   * @note   An option byte erase is done automatically in this function. 
 631:Drivers/STM32F1xx_HAL_Driver/Src/stm32f1xx_hal_flash_ex.c ****   * @note   When the memory read protection level is selected (RDP level = 1), 
 632:Drivers/STM32F1xx_HAL_Driver/Src/stm32f1xx_hal_flash_ex.c ****   *         it is not possible to program or erase the flash page i if
 633:Drivers/STM32F1xx_HAL_Driver/Src/stm32f1xx_hal_flash_ex.c ****   *         debug features are connected or boot code is executed in RAM, even if nWRPi = 1 
 634:Drivers/STM32F1xx_HAL_Driver/Src/stm32f1xx_hal_flash_ex.c ****   * 
 635:Drivers/STM32F1xx_HAL_Driver/Src/stm32f1xx_hal_flash_ex.c ****   * @param  WriteProtectPage specifies the page(s) to be write protected.
 636:Drivers/STM32F1xx_HAL_Driver/Src/stm32f1xx_hal_flash_ex.c ****   *         The value of this parameter depend on device used within the same series 
 637:Drivers/STM32F1xx_HAL_Driver/Src/stm32f1xx_hal_flash_ex.c ****   * @retval HAL status 
 638:Drivers/STM32F1xx_HAL_Driver/Src/stm32f1xx_hal_flash_ex.c ****   */
 639:Drivers/STM32F1xx_HAL_Driver/Src/stm32f1xx_hal_flash_ex.c **** static HAL_StatusTypeDef FLASH_OB_EnableWRP(uint32_t WriteProtectPage)
 640:Drivers/STM32F1xx_HAL_Driver/Src/stm32f1xx_hal_flash_ex.c **** {
 641:Drivers/STM32F1xx_HAL_Driver/Src/stm32f1xx_hal_flash_ex.c ****   HAL_StatusTypeDef status = HAL_OK;
 642:Drivers/STM32F1xx_HAL_Driver/Src/stm32f1xx_hal_flash_ex.c ****   uint16_t WRP0_Data = 0xFFFF;
 643:Drivers/STM32F1xx_HAL_Driver/Src/stm32f1xx_hal_flash_ex.c **** #if defined(FLASH_WRP1_WRP1)
 644:Drivers/STM32F1xx_HAL_Driver/Src/stm32f1xx_hal_flash_ex.c ****   uint16_t WRP1_Data = 0xFFFF;
 645:Drivers/STM32F1xx_HAL_Driver/Src/stm32f1xx_hal_flash_ex.c **** #endif /* FLASH_WRP1_WRP1 */
 646:Drivers/STM32F1xx_HAL_Driver/Src/stm32f1xx_hal_flash_ex.c **** #if defined(FLASH_WRP2_WRP2)
 647:Drivers/STM32F1xx_HAL_Driver/Src/stm32f1xx_hal_flash_ex.c ****   uint16_t WRP2_Data = 0xFFFF;
 648:Drivers/STM32F1xx_HAL_Driver/Src/stm32f1xx_hal_flash_ex.c **** #endif /* FLASH_WRP2_WRP2 */
 649:Drivers/STM32F1xx_HAL_Driver/Src/stm32f1xx_hal_flash_ex.c **** #if defined(FLASH_WRP3_WRP3)
 650:Drivers/STM32F1xx_HAL_Driver/Src/stm32f1xx_hal_flash_ex.c ****   uint16_t WRP3_Data = 0xFFFF;
 651:Drivers/STM32F1xx_HAL_Driver/Src/stm32f1xx_hal_flash_ex.c **** #endif /* FLASH_WRP3_WRP3 */
 652:Drivers/STM32F1xx_HAL_Driver/Src/stm32f1xx_hal_flash_ex.c ****   
 653:Drivers/STM32F1xx_HAL_Driver/Src/stm32f1xx_hal_flash_ex.c ****   /* Check the parameters */
 654:Drivers/STM32F1xx_HAL_Driver/Src/stm32f1xx_hal_flash_ex.c ****   assert_param(IS_OB_WRP(WriteProtectPage));
 655:Drivers/STM32F1xx_HAL_Driver/Src/stm32f1xx_hal_flash_ex.c ****     
 656:Drivers/STM32F1xx_HAL_Driver/Src/stm32f1xx_hal_flash_ex.c ****   /* Get current write protected pages and the new pages to be protected ******/
 657:Drivers/STM32F1xx_HAL_Driver/Src/stm32f1xx_hal_flash_ex.c ****   WriteProtectPage = (uint32_t)(~((~FLASH_OB_GetWRP()) | WriteProtectPage));
 658:Drivers/STM32F1xx_HAL_Driver/Src/stm32f1xx_hal_flash_ex.c ****   
 659:Drivers/STM32F1xx_HAL_Driver/Src/stm32f1xx_hal_flash_ex.c **** #if defined(OB_WRP_PAGES0TO15MASK)
ARM GAS  C:\Users\airforce\AppData\Local\Temp\ccqPXFte.s 			page 13


 660:Drivers/STM32F1xx_HAL_Driver/Src/stm32f1xx_hal_flash_ex.c ****   WRP0_Data = (uint16_t)(WriteProtectPage & OB_WRP_PAGES0TO15MASK);
 661:Drivers/STM32F1xx_HAL_Driver/Src/stm32f1xx_hal_flash_ex.c **** #elif defined(OB_WRP_PAGES0TO31MASK)
 662:Drivers/STM32F1xx_HAL_Driver/Src/stm32f1xx_hal_flash_ex.c ****   WRP0_Data = (uint16_t)(WriteProtectPage & OB_WRP_PAGES0TO31MASK);
 663:Drivers/STM32F1xx_HAL_Driver/Src/stm32f1xx_hal_flash_ex.c **** #endif /* OB_WRP_PAGES0TO31MASK */
 664:Drivers/STM32F1xx_HAL_Driver/Src/stm32f1xx_hal_flash_ex.c ****   
 665:Drivers/STM32F1xx_HAL_Driver/Src/stm32f1xx_hal_flash_ex.c **** #if defined(OB_WRP_PAGES16TO31MASK)
 666:Drivers/STM32F1xx_HAL_Driver/Src/stm32f1xx_hal_flash_ex.c ****   WRP1_Data = (uint16_t)((WriteProtectPage & OB_WRP_PAGES16TO31MASK) >> 8U);
 667:Drivers/STM32F1xx_HAL_Driver/Src/stm32f1xx_hal_flash_ex.c **** #elif defined(OB_WRP_PAGES32TO63MASK)
 668:Drivers/STM32F1xx_HAL_Driver/Src/stm32f1xx_hal_flash_ex.c ****   WRP1_Data = (uint16_t)((WriteProtectPage & OB_WRP_PAGES32TO63MASK) >> 8U);
 669:Drivers/STM32F1xx_HAL_Driver/Src/stm32f1xx_hal_flash_ex.c **** #endif /* OB_WRP_PAGES32TO63MASK */
 670:Drivers/STM32F1xx_HAL_Driver/Src/stm32f1xx_hal_flash_ex.c ****  
 671:Drivers/STM32F1xx_HAL_Driver/Src/stm32f1xx_hal_flash_ex.c **** #if defined(OB_WRP_PAGES64TO95MASK)
 672:Drivers/STM32F1xx_HAL_Driver/Src/stm32f1xx_hal_flash_ex.c ****   WRP2_Data = (uint16_t)((WriteProtectPage & OB_WRP_PAGES64TO95MASK) >> 16U);
 673:Drivers/STM32F1xx_HAL_Driver/Src/stm32f1xx_hal_flash_ex.c **** #endif /* OB_WRP_PAGES64TO95MASK */
 674:Drivers/STM32F1xx_HAL_Driver/Src/stm32f1xx_hal_flash_ex.c **** #if defined(OB_WRP_PAGES32TO47MASK)
 675:Drivers/STM32F1xx_HAL_Driver/Src/stm32f1xx_hal_flash_ex.c ****   WRP2_Data = (uint16_t)((WriteProtectPage & OB_WRP_PAGES32TO47MASK) >> 16U);
 676:Drivers/STM32F1xx_HAL_Driver/Src/stm32f1xx_hal_flash_ex.c **** #endif /* OB_WRP_PAGES32TO47MASK */
 677:Drivers/STM32F1xx_HAL_Driver/Src/stm32f1xx_hal_flash_ex.c **** 
 678:Drivers/STM32F1xx_HAL_Driver/Src/stm32f1xx_hal_flash_ex.c **** #if defined(OB_WRP_PAGES96TO127MASK)
 679:Drivers/STM32F1xx_HAL_Driver/Src/stm32f1xx_hal_flash_ex.c ****   WRP3_Data = (uint16_t)((WriteProtectPage & OB_WRP_PAGES96TO127MASK) >> 24U); 
 680:Drivers/STM32F1xx_HAL_Driver/Src/stm32f1xx_hal_flash_ex.c **** #elif defined(OB_WRP_PAGES48TO255MASK)
 681:Drivers/STM32F1xx_HAL_Driver/Src/stm32f1xx_hal_flash_ex.c ****   WRP3_Data = (uint16_t)((WriteProtectPage & OB_WRP_PAGES48TO255MASK) >> 24U); 
 682:Drivers/STM32F1xx_HAL_Driver/Src/stm32f1xx_hal_flash_ex.c **** #elif defined(OB_WRP_PAGES48TO511MASK)
 683:Drivers/STM32F1xx_HAL_Driver/Src/stm32f1xx_hal_flash_ex.c ****   WRP3_Data = (uint16_t)((WriteProtectPage & OB_WRP_PAGES48TO511MASK) >> 24U); 
 684:Drivers/STM32F1xx_HAL_Driver/Src/stm32f1xx_hal_flash_ex.c **** #elif defined(OB_WRP_PAGES48TO127MASK)
 685:Drivers/STM32F1xx_HAL_Driver/Src/stm32f1xx_hal_flash_ex.c ****   WRP3_Data = (uint16_t)((WriteProtectPage & OB_WRP_PAGES48TO127MASK) >> 24U); 
 686:Drivers/STM32F1xx_HAL_Driver/Src/stm32f1xx_hal_flash_ex.c **** #endif /* OB_WRP_PAGES96TO127MASK */
 687:Drivers/STM32F1xx_HAL_Driver/Src/stm32f1xx_hal_flash_ex.c ****   
 688:Drivers/STM32F1xx_HAL_Driver/Src/stm32f1xx_hal_flash_ex.c ****   /* Wait for last operation to be completed */
 689:Drivers/STM32F1xx_HAL_Driver/Src/stm32f1xx_hal_flash_ex.c ****   status = FLASH_WaitForLastOperation((uint32_t)FLASH_TIMEOUT_VALUE);
 690:Drivers/STM32F1xx_HAL_Driver/Src/stm32f1xx_hal_flash_ex.c **** 
 691:Drivers/STM32F1xx_HAL_Driver/Src/stm32f1xx_hal_flash_ex.c ****   if(status == HAL_OK)
 692:Drivers/STM32F1xx_HAL_Driver/Src/stm32f1xx_hal_flash_ex.c ****   { 
 693:Drivers/STM32F1xx_HAL_Driver/Src/stm32f1xx_hal_flash_ex.c ****     /* Clean the error context */
 694:Drivers/STM32F1xx_HAL_Driver/Src/stm32f1xx_hal_flash_ex.c ****     pFlash.ErrorCode = HAL_FLASH_ERROR_NONE;
 695:Drivers/STM32F1xx_HAL_Driver/Src/stm32f1xx_hal_flash_ex.c **** 
 696:Drivers/STM32F1xx_HAL_Driver/Src/stm32f1xx_hal_flash_ex.c ****     /* To be able to write again option byte, need to perform a option byte erase */
 697:Drivers/STM32F1xx_HAL_Driver/Src/stm32f1xx_hal_flash_ex.c ****     status = HAL_FLASHEx_OBErase();
 698:Drivers/STM32F1xx_HAL_Driver/Src/stm32f1xx_hal_flash_ex.c ****     if (status == HAL_OK)  
 699:Drivers/STM32F1xx_HAL_Driver/Src/stm32f1xx_hal_flash_ex.c ****     {
 700:Drivers/STM32F1xx_HAL_Driver/Src/stm32f1xx_hal_flash_ex.c ****       /* Enable write protection */
 701:Drivers/STM32F1xx_HAL_Driver/Src/stm32f1xx_hal_flash_ex.c ****       SET_BIT(FLASH->CR, FLASH_CR_OPTPG);
 702:Drivers/STM32F1xx_HAL_Driver/Src/stm32f1xx_hal_flash_ex.c **** 
 703:Drivers/STM32F1xx_HAL_Driver/Src/stm32f1xx_hal_flash_ex.c **** #if defined(FLASH_WRP0_WRP0)
 704:Drivers/STM32F1xx_HAL_Driver/Src/stm32f1xx_hal_flash_ex.c ****       if(WRP0_Data != 0xFFU)
 705:Drivers/STM32F1xx_HAL_Driver/Src/stm32f1xx_hal_flash_ex.c ****       {
 706:Drivers/STM32F1xx_HAL_Driver/Src/stm32f1xx_hal_flash_ex.c ****         OB->WRP0 &= WRP0_Data;
 707:Drivers/STM32F1xx_HAL_Driver/Src/stm32f1xx_hal_flash_ex.c ****         
 708:Drivers/STM32F1xx_HAL_Driver/Src/stm32f1xx_hal_flash_ex.c ****         /* Wait for last operation to be completed */
 709:Drivers/STM32F1xx_HAL_Driver/Src/stm32f1xx_hal_flash_ex.c ****         status = FLASH_WaitForLastOperation((uint32_t)FLASH_TIMEOUT_VALUE);
 710:Drivers/STM32F1xx_HAL_Driver/Src/stm32f1xx_hal_flash_ex.c ****       }
 711:Drivers/STM32F1xx_HAL_Driver/Src/stm32f1xx_hal_flash_ex.c **** #endif /* FLASH_WRP0_WRP0 */
 712:Drivers/STM32F1xx_HAL_Driver/Src/stm32f1xx_hal_flash_ex.c **** 
 713:Drivers/STM32F1xx_HAL_Driver/Src/stm32f1xx_hal_flash_ex.c **** #if defined(FLASH_WRP1_WRP1)
 714:Drivers/STM32F1xx_HAL_Driver/Src/stm32f1xx_hal_flash_ex.c ****       if((status == HAL_OK) && (WRP1_Data != 0xFFU))
 715:Drivers/STM32F1xx_HAL_Driver/Src/stm32f1xx_hal_flash_ex.c ****       {
 716:Drivers/STM32F1xx_HAL_Driver/Src/stm32f1xx_hal_flash_ex.c ****         OB->WRP1 &= WRP1_Data;
ARM GAS  C:\Users\airforce\AppData\Local\Temp\ccqPXFte.s 			page 14


 717:Drivers/STM32F1xx_HAL_Driver/Src/stm32f1xx_hal_flash_ex.c ****         
 718:Drivers/STM32F1xx_HAL_Driver/Src/stm32f1xx_hal_flash_ex.c ****         /* Wait for last operation to be completed */
 719:Drivers/STM32F1xx_HAL_Driver/Src/stm32f1xx_hal_flash_ex.c ****         status = FLASH_WaitForLastOperation((uint32_t)FLASH_TIMEOUT_VALUE);
 720:Drivers/STM32F1xx_HAL_Driver/Src/stm32f1xx_hal_flash_ex.c ****       }
 721:Drivers/STM32F1xx_HAL_Driver/Src/stm32f1xx_hal_flash_ex.c **** #endif /* FLASH_WRP1_WRP1 */
 722:Drivers/STM32F1xx_HAL_Driver/Src/stm32f1xx_hal_flash_ex.c **** 
 723:Drivers/STM32F1xx_HAL_Driver/Src/stm32f1xx_hal_flash_ex.c **** #if defined(FLASH_WRP2_WRP2)
 724:Drivers/STM32F1xx_HAL_Driver/Src/stm32f1xx_hal_flash_ex.c ****       if((status == HAL_OK) && (WRP2_Data != 0xFFU))
 725:Drivers/STM32F1xx_HAL_Driver/Src/stm32f1xx_hal_flash_ex.c ****       {
 726:Drivers/STM32F1xx_HAL_Driver/Src/stm32f1xx_hal_flash_ex.c ****         OB->WRP2 &= WRP2_Data;
 727:Drivers/STM32F1xx_HAL_Driver/Src/stm32f1xx_hal_flash_ex.c ****         
 728:Drivers/STM32F1xx_HAL_Driver/Src/stm32f1xx_hal_flash_ex.c ****         /* Wait for last operation to be completed */
 729:Drivers/STM32F1xx_HAL_Driver/Src/stm32f1xx_hal_flash_ex.c ****         status = FLASH_WaitForLastOperation((uint32_t)FLASH_TIMEOUT_VALUE);
 730:Drivers/STM32F1xx_HAL_Driver/Src/stm32f1xx_hal_flash_ex.c ****       }
 731:Drivers/STM32F1xx_HAL_Driver/Src/stm32f1xx_hal_flash_ex.c **** #endif /* FLASH_WRP2_WRP2 */
 732:Drivers/STM32F1xx_HAL_Driver/Src/stm32f1xx_hal_flash_ex.c **** 
 733:Drivers/STM32F1xx_HAL_Driver/Src/stm32f1xx_hal_flash_ex.c **** #if defined(FLASH_WRP3_WRP3)
 734:Drivers/STM32F1xx_HAL_Driver/Src/stm32f1xx_hal_flash_ex.c ****       if((status == HAL_OK) && (WRP3_Data != 0xFFU))
 735:Drivers/STM32F1xx_HAL_Driver/Src/stm32f1xx_hal_flash_ex.c ****       {
 736:Drivers/STM32F1xx_HAL_Driver/Src/stm32f1xx_hal_flash_ex.c ****         OB->WRP3 &= WRP3_Data;
 737:Drivers/STM32F1xx_HAL_Driver/Src/stm32f1xx_hal_flash_ex.c ****         
 738:Drivers/STM32F1xx_HAL_Driver/Src/stm32f1xx_hal_flash_ex.c ****         /* Wait for last operation to be completed */
 739:Drivers/STM32F1xx_HAL_Driver/Src/stm32f1xx_hal_flash_ex.c ****         status = FLASH_WaitForLastOperation((uint32_t)FLASH_TIMEOUT_VALUE);
 740:Drivers/STM32F1xx_HAL_Driver/Src/stm32f1xx_hal_flash_ex.c ****       }
 741:Drivers/STM32F1xx_HAL_Driver/Src/stm32f1xx_hal_flash_ex.c **** #endif /* FLASH_WRP3_WRP3 */
 742:Drivers/STM32F1xx_HAL_Driver/Src/stm32f1xx_hal_flash_ex.c **** 
 743:Drivers/STM32F1xx_HAL_Driver/Src/stm32f1xx_hal_flash_ex.c ****       /* if the program operation is completed, disable the OPTPG Bit */
 744:Drivers/STM32F1xx_HAL_Driver/Src/stm32f1xx_hal_flash_ex.c ****       CLEAR_BIT(FLASH->CR, FLASH_CR_OPTPG);
 745:Drivers/STM32F1xx_HAL_Driver/Src/stm32f1xx_hal_flash_ex.c ****     }
 746:Drivers/STM32F1xx_HAL_Driver/Src/stm32f1xx_hal_flash_ex.c ****   }
 747:Drivers/STM32F1xx_HAL_Driver/Src/stm32f1xx_hal_flash_ex.c ****   
 748:Drivers/STM32F1xx_HAL_Driver/Src/stm32f1xx_hal_flash_ex.c ****   return status;
 749:Drivers/STM32F1xx_HAL_Driver/Src/stm32f1xx_hal_flash_ex.c **** }
 750:Drivers/STM32F1xx_HAL_Driver/Src/stm32f1xx_hal_flash_ex.c **** 
 751:Drivers/STM32F1xx_HAL_Driver/Src/stm32f1xx_hal_flash_ex.c **** /**
 752:Drivers/STM32F1xx_HAL_Driver/Src/stm32f1xx_hal_flash_ex.c ****   * @brief  Disable the write protection of the desired pages
 753:Drivers/STM32F1xx_HAL_Driver/Src/stm32f1xx_hal_flash_ex.c ****   * @note   An option byte erase is done automatically in this function. 
 754:Drivers/STM32F1xx_HAL_Driver/Src/stm32f1xx_hal_flash_ex.c ****   * @note   When the memory read protection level is selected (RDP level = 1), 
 755:Drivers/STM32F1xx_HAL_Driver/Src/stm32f1xx_hal_flash_ex.c ****   *         it is not possible to program or erase the flash page i if   
 756:Drivers/STM32F1xx_HAL_Driver/Src/stm32f1xx_hal_flash_ex.c ****   *         debug features are connected or boot code is executed in RAM, even if nWRPi = 1 
 757:Drivers/STM32F1xx_HAL_Driver/Src/stm32f1xx_hal_flash_ex.c ****   * 
 758:Drivers/STM32F1xx_HAL_Driver/Src/stm32f1xx_hal_flash_ex.c ****   * @param  WriteProtectPage specifies the page(s) to be write unprotected.
 759:Drivers/STM32F1xx_HAL_Driver/Src/stm32f1xx_hal_flash_ex.c ****   *         The value of this parameter depend on device used within the same series 
 760:Drivers/STM32F1xx_HAL_Driver/Src/stm32f1xx_hal_flash_ex.c ****   * @retval HAL status 
 761:Drivers/STM32F1xx_HAL_Driver/Src/stm32f1xx_hal_flash_ex.c ****   */
 762:Drivers/STM32F1xx_HAL_Driver/Src/stm32f1xx_hal_flash_ex.c **** static HAL_StatusTypeDef FLASH_OB_DisableWRP(uint32_t WriteProtectPage)
 763:Drivers/STM32F1xx_HAL_Driver/Src/stm32f1xx_hal_flash_ex.c **** {
 764:Drivers/STM32F1xx_HAL_Driver/Src/stm32f1xx_hal_flash_ex.c ****   HAL_StatusTypeDef status = HAL_OK;
 765:Drivers/STM32F1xx_HAL_Driver/Src/stm32f1xx_hal_flash_ex.c ****   uint16_t WRP0_Data = 0xFFFF;
 766:Drivers/STM32F1xx_HAL_Driver/Src/stm32f1xx_hal_flash_ex.c **** #if defined(FLASH_WRP1_WRP1)
 767:Drivers/STM32F1xx_HAL_Driver/Src/stm32f1xx_hal_flash_ex.c ****   uint16_t WRP1_Data = 0xFFFF;
 768:Drivers/STM32F1xx_HAL_Driver/Src/stm32f1xx_hal_flash_ex.c **** #endif /* FLASH_WRP1_WRP1 */
 769:Drivers/STM32F1xx_HAL_Driver/Src/stm32f1xx_hal_flash_ex.c **** #if defined(FLASH_WRP2_WRP2)
 770:Drivers/STM32F1xx_HAL_Driver/Src/stm32f1xx_hal_flash_ex.c ****   uint16_t WRP2_Data = 0xFFFF;
 771:Drivers/STM32F1xx_HAL_Driver/Src/stm32f1xx_hal_flash_ex.c **** #endif /* FLASH_WRP2_WRP2 */
 772:Drivers/STM32F1xx_HAL_Driver/Src/stm32f1xx_hal_flash_ex.c **** #if defined(FLASH_WRP3_WRP3)
 773:Drivers/STM32F1xx_HAL_Driver/Src/stm32f1xx_hal_flash_ex.c ****   uint16_t WRP3_Data = 0xFFFF;
ARM GAS  C:\Users\airforce\AppData\Local\Temp\ccqPXFte.s 			page 15


 774:Drivers/STM32F1xx_HAL_Driver/Src/stm32f1xx_hal_flash_ex.c **** #endif /* FLASH_WRP3_WRP3 */
 775:Drivers/STM32F1xx_HAL_Driver/Src/stm32f1xx_hal_flash_ex.c ****   
 776:Drivers/STM32F1xx_HAL_Driver/Src/stm32f1xx_hal_flash_ex.c ****   /* Check the parameters */
 777:Drivers/STM32F1xx_HAL_Driver/Src/stm32f1xx_hal_flash_ex.c ****   assert_param(IS_OB_WRP(WriteProtectPage));
 778:Drivers/STM32F1xx_HAL_Driver/Src/stm32f1xx_hal_flash_ex.c **** 
 779:Drivers/STM32F1xx_HAL_Driver/Src/stm32f1xx_hal_flash_ex.c ****   /* Get current write protected pages and the new pages to be unprotected ******/
 780:Drivers/STM32F1xx_HAL_Driver/Src/stm32f1xx_hal_flash_ex.c ****   WriteProtectPage = (FLASH_OB_GetWRP() | WriteProtectPage);
 781:Drivers/STM32F1xx_HAL_Driver/Src/stm32f1xx_hal_flash_ex.c **** 
 782:Drivers/STM32F1xx_HAL_Driver/Src/stm32f1xx_hal_flash_ex.c **** #if defined(OB_WRP_PAGES0TO15MASK)
 783:Drivers/STM32F1xx_HAL_Driver/Src/stm32f1xx_hal_flash_ex.c ****   WRP0_Data = (uint16_t)(WriteProtectPage & OB_WRP_PAGES0TO15MASK);
 784:Drivers/STM32F1xx_HAL_Driver/Src/stm32f1xx_hal_flash_ex.c **** #elif defined(OB_WRP_PAGES0TO31MASK)
 785:Drivers/STM32F1xx_HAL_Driver/Src/stm32f1xx_hal_flash_ex.c ****   WRP0_Data = (uint16_t)(WriteProtectPage & OB_WRP_PAGES0TO31MASK);
 786:Drivers/STM32F1xx_HAL_Driver/Src/stm32f1xx_hal_flash_ex.c **** #endif /* OB_WRP_PAGES0TO31MASK */
 787:Drivers/STM32F1xx_HAL_Driver/Src/stm32f1xx_hal_flash_ex.c ****   
 788:Drivers/STM32F1xx_HAL_Driver/Src/stm32f1xx_hal_flash_ex.c **** #if defined(OB_WRP_PAGES16TO31MASK)
 789:Drivers/STM32F1xx_HAL_Driver/Src/stm32f1xx_hal_flash_ex.c ****   WRP1_Data = (uint16_t)((WriteProtectPage & OB_WRP_PAGES16TO31MASK) >> 8U);
 790:Drivers/STM32F1xx_HAL_Driver/Src/stm32f1xx_hal_flash_ex.c **** #elif defined(OB_WRP_PAGES32TO63MASK)
 791:Drivers/STM32F1xx_HAL_Driver/Src/stm32f1xx_hal_flash_ex.c ****   WRP1_Data = (uint16_t)((WriteProtectPage & OB_WRP_PAGES32TO63MASK) >> 8U);
 792:Drivers/STM32F1xx_HAL_Driver/Src/stm32f1xx_hal_flash_ex.c **** #endif /* OB_WRP_PAGES32TO63MASK */
 793:Drivers/STM32F1xx_HAL_Driver/Src/stm32f1xx_hal_flash_ex.c ****  
 794:Drivers/STM32F1xx_HAL_Driver/Src/stm32f1xx_hal_flash_ex.c **** #if defined(OB_WRP_PAGES64TO95MASK)
 795:Drivers/STM32F1xx_HAL_Driver/Src/stm32f1xx_hal_flash_ex.c ****   WRP2_Data = (uint16_t)((WriteProtectPage & OB_WRP_PAGES64TO95MASK) >> 16U);
 796:Drivers/STM32F1xx_HAL_Driver/Src/stm32f1xx_hal_flash_ex.c **** #endif /* OB_WRP_PAGES64TO95MASK */
 797:Drivers/STM32F1xx_HAL_Driver/Src/stm32f1xx_hal_flash_ex.c **** #if defined(OB_WRP_PAGES32TO47MASK)
 798:Drivers/STM32F1xx_HAL_Driver/Src/stm32f1xx_hal_flash_ex.c ****   WRP2_Data = (uint16_t)((WriteProtectPage & OB_WRP_PAGES32TO47MASK) >> 16U);
 799:Drivers/STM32F1xx_HAL_Driver/Src/stm32f1xx_hal_flash_ex.c **** #endif /* OB_WRP_PAGES32TO47MASK */
 800:Drivers/STM32F1xx_HAL_Driver/Src/stm32f1xx_hal_flash_ex.c **** 
 801:Drivers/STM32F1xx_HAL_Driver/Src/stm32f1xx_hal_flash_ex.c **** #if defined(OB_WRP_PAGES96TO127MASK)
 802:Drivers/STM32F1xx_HAL_Driver/Src/stm32f1xx_hal_flash_ex.c ****   WRP3_Data = (uint16_t)((WriteProtectPage & OB_WRP_PAGES96TO127MASK) >> 24U); 
 803:Drivers/STM32F1xx_HAL_Driver/Src/stm32f1xx_hal_flash_ex.c **** #elif defined(OB_WRP_PAGES48TO255MASK)
 804:Drivers/STM32F1xx_HAL_Driver/Src/stm32f1xx_hal_flash_ex.c ****   WRP3_Data = (uint16_t)((WriteProtectPage & OB_WRP_PAGES48TO255MASK) >> 24U); 
 805:Drivers/STM32F1xx_HAL_Driver/Src/stm32f1xx_hal_flash_ex.c **** #elif defined(OB_WRP_PAGES48TO511MASK)
 806:Drivers/STM32F1xx_HAL_Driver/Src/stm32f1xx_hal_flash_ex.c ****   WRP3_Data = (uint16_t)((WriteProtectPage & OB_WRP_PAGES48TO511MASK) >> 24U); 
 807:Drivers/STM32F1xx_HAL_Driver/Src/stm32f1xx_hal_flash_ex.c **** #elif defined(OB_WRP_PAGES48TO127MASK)
 808:Drivers/STM32F1xx_HAL_Driver/Src/stm32f1xx_hal_flash_ex.c ****   WRP3_Data = (uint16_t)((WriteProtectPage & OB_WRP_PAGES48TO127MASK) >> 24U); 
 809:Drivers/STM32F1xx_HAL_Driver/Src/stm32f1xx_hal_flash_ex.c **** #endif /* OB_WRP_PAGES96TO127MASK */
 810:Drivers/STM32F1xx_HAL_Driver/Src/stm32f1xx_hal_flash_ex.c **** 
 811:Drivers/STM32F1xx_HAL_Driver/Src/stm32f1xx_hal_flash_ex.c ****     
 812:Drivers/STM32F1xx_HAL_Driver/Src/stm32f1xx_hal_flash_ex.c ****   /* Wait for last operation to be completed */
 813:Drivers/STM32F1xx_HAL_Driver/Src/stm32f1xx_hal_flash_ex.c ****   status = FLASH_WaitForLastOperation((uint32_t)FLASH_TIMEOUT_VALUE);
 814:Drivers/STM32F1xx_HAL_Driver/Src/stm32f1xx_hal_flash_ex.c **** 
 815:Drivers/STM32F1xx_HAL_Driver/Src/stm32f1xx_hal_flash_ex.c ****   if(status == HAL_OK)
 816:Drivers/STM32F1xx_HAL_Driver/Src/stm32f1xx_hal_flash_ex.c ****   { 
 817:Drivers/STM32F1xx_HAL_Driver/Src/stm32f1xx_hal_flash_ex.c ****     /* Clean the error context */
 818:Drivers/STM32F1xx_HAL_Driver/Src/stm32f1xx_hal_flash_ex.c ****     pFlash.ErrorCode = HAL_FLASH_ERROR_NONE;
 819:Drivers/STM32F1xx_HAL_Driver/Src/stm32f1xx_hal_flash_ex.c **** 
 820:Drivers/STM32F1xx_HAL_Driver/Src/stm32f1xx_hal_flash_ex.c ****     /* To be able to write again option byte, need to perform a option byte erase */
 821:Drivers/STM32F1xx_HAL_Driver/Src/stm32f1xx_hal_flash_ex.c ****     status = HAL_FLASHEx_OBErase();
 822:Drivers/STM32F1xx_HAL_Driver/Src/stm32f1xx_hal_flash_ex.c ****     if (status == HAL_OK)  
 823:Drivers/STM32F1xx_HAL_Driver/Src/stm32f1xx_hal_flash_ex.c ****     {
 824:Drivers/STM32F1xx_HAL_Driver/Src/stm32f1xx_hal_flash_ex.c ****       SET_BIT(FLASH->CR, FLASH_CR_OPTPG);
 825:Drivers/STM32F1xx_HAL_Driver/Src/stm32f1xx_hal_flash_ex.c **** 
 826:Drivers/STM32F1xx_HAL_Driver/Src/stm32f1xx_hal_flash_ex.c **** #if defined(FLASH_WRP0_WRP0)
 827:Drivers/STM32F1xx_HAL_Driver/Src/stm32f1xx_hal_flash_ex.c ****       if(WRP0_Data != 0xFFU)
 828:Drivers/STM32F1xx_HAL_Driver/Src/stm32f1xx_hal_flash_ex.c ****       {
 829:Drivers/STM32F1xx_HAL_Driver/Src/stm32f1xx_hal_flash_ex.c ****         OB->WRP0 |= WRP0_Data;
 830:Drivers/STM32F1xx_HAL_Driver/Src/stm32f1xx_hal_flash_ex.c ****         
ARM GAS  C:\Users\airforce\AppData\Local\Temp\ccqPXFte.s 			page 16


 831:Drivers/STM32F1xx_HAL_Driver/Src/stm32f1xx_hal_flash_ex.c ****         /* Wait for last operation to be completed */
 832:Drivers/STM32F1xx_HAL_Driver/Src/stm32f1xx_hal_flash_ex.c ****         status = FLASH_WaitForLastOperation((uint32_t)FLASH_TIMEOUT_VALUE);
 833:Drivers/STM32F1xx_HAL_Driver/Src/stm32f1xx_hal_flash_ex.c ****       }
 834:Drivers/STM32F1xx_HAL_Driver/Src/stm32f1xx_hal_flash_ex.c **** #endif /* FLASH_WRP0_WRP0 */
 835:Drivers/STM32F1xx_HAL_Driver/Src/stm32f1xx_hal_flash_ex.c **** 
 836:Drivers/STM32F1xx_HAL_Driver/Src/stm32f1xx_hal_flash_ex.c **** #if defined(FLASH_WRP1_WRP1)
 837:Drivers/STM32F1xx_HAL_Driver/Src/stm32f1xx_hal_flash_ex.c ****       if((status == HAL_OK) && (WRP1_Data != 0xFFU))
 838:Drivers/STM32F1xx_HAL_Driver/Src/stm32f1xx_hal_flash_ex.c ****       {
 839:Drivers/STM32F1xx_HAL_Driver/Src/stm32f1xx_hal_flash_ex.c ****         OB->WRP1 |= WRP1_Data;
 840:Drivers/STM32F1xx_HAL_Driver/Src/stm32f1xx_hal_flash_ex.c ****         
 841:Drivers/STM32F1xx_HAL_Driver/Src/stm32f1xx_hal_flash_ex.c ****         /* Wait for last operation to be completed */
 842:Drivers/STM32F1xx_HAL_Driver/Src/stm32f1xx_hal_flash_ex.c ****         status = FLASH_WaitForLastOperation((uint32_t)FLASH_TIMEOUT_VALUE);
 843:Drivers/STM32F1xx_HAL_Driver/Src/stm32f1xx_hal_flash_ex.c ****       }
 844:Drivers/STM32F1xx_HAL_Driver/Src/stm32f1xx_hal_flash_ex.c **** #endif /* FLASH_WRP1_WRP1 */
 845:Drivers/STM32F1xx_HAL_Driver/Src/stm32f1xx_hal_flash_ex.c **** 
 846:Drivers/STM32F1xx_HAL_Driver/Src/stm32f1xx_hal_flash_ex.c **** #if defined(FLASH_WRP2_WRP2)
 847:Drivers/STM32F1xx_HAL_Driver/Src/stm32f1xx_hal_flash_ex.c ****       if((status == HAL_OK) && (WRP2_Data != 0xFFU))
 848:Drivers/STM32F1xx_HAL_Driver/Src/stm32f1xx_hal_flash_ex.c ****       {
 849:Drivers/STM32F1xx_HAL_Driver/Src/stm32f1xx_hal_flash_ex.c ****         OB->WRP2 |= WRP2_Data;
 850:Drivers/STM32F1xx_HAL_Driver/Src/stm32f1xx_hal_flash_ex.c ****         
 851:Drivers/STM32F1xx_HAL_Driver/Src/stm32f1xx_hal_flash_ex.c ****         /* Wait for last operation to be completed */
 852:Drivers/STM32F1xx_HAL_Driver/Src/stm32f1xx_hal_flash_ex.c ****         status = FLASH_WaitForLastOperation((uint32_t)FLASH_TIMEOUT_VALUE);
 853:Drivers/STM32F1xx_HAL_Driver/Src/stm32f1xx_hal_flash_ex.c ****       }
 854:Drivers/STM32F1xx_HAL_Driver/Src/stm32f1xx_hal_flash_ex.c **** #endif /* FLASH_WRP2_WRP2 */
 855:Drivers/STM32F1xx_HAL_Driver/Src/stm32f1xx_hal_flash_ex.c **** 
 856:Drivers/STM32F1xx_HAL_Driver/Src/stm32f1xx_hal_flash_ex.c **** #if defined(FLASH_WRP3_WRP3)
 857:Drivers/STM32F1xx_HAL_Driver/Src/stm32f1xx_hal_flash_ex.c ****       if((status == HAL_OK) && (WRP3_Data != 0xFFU))
 858:Drivers/STM32F1xx_HAL_Driver/Src/stm32f1xx_hal_flash_ex.c ****       {
 859:Drivers/STM32F1xx_HAL_Driver/Src/stm32f1xx_hal_flash_ex.c ****         OB->WRP3 |= WRP3_Data;
 860:Drivers/STM32F1xx_HAL_Driver/Src/stm32f1xx_hal_flash_ex.c ****         
 861:Drivers/STM32F1xx_HAL_Driver/Src/stm32f1xx_hal_flash_ex.c ****         /* Wait for last operation to be completed */
 862:Drivers/STM32F1xx_HAL_Driver/Src/stm32f1xx_hal_flash_ex.c ****         status = FLASH_WaitForLastOperation((uint32_t)FLASH_TIMEOUT_VALUE);
 863:Drivers/STM32F1xx_HAL_Driver/Src/stm32f1xx_hal_flash_ex.c ****       }
 864:Drivers/STM32F1xx_HAL_Driver/Src/stm32f1xx_hal_flash_ex.c **** #endif /* FLASH_WRP3_WRP3 */
 865:Drivers/STM32F1xx_HAL_Driver/Src/stm32f1xx_hal_flash_ex.c **** 
 866:Drivers/STM32F1xx_HAL_Driver/Src/stm32f1xx_hal_flash_ex.c ****       /* if the program operation is completed, disable the OPTPG Bit */
 867:Drivers/STM32F1xx_HAL_Driver/Src/stm32f1xx_hal_flash_ex.c ****       CLEAR_BIT(FLASH->CR, FLASH_CR_OPTPG);
 868:Drivers/STM32F1xx_HAL_Driver/Src/stm32f1xx_hal_flash_ex.c ****     }
 869:Drivers/STM32F1xx_HAL_Driver/Src/stm32f1xx_hal_flash_ex.c ****   }
 870:Drivers/STM32F1xx_HAL_Driver/Src/stm32f1xx_hal_flash_ex.c ****   return status;
 871:Drivers/STM32F1xx_HAL_Driver/Src/stm32f1xx_hal_flash_ex.c **** }
 872:Drivers/STM32F1xx_HAL_Driver/Src/stm32f1xx_hal_flash_ex.c **** 
 873:Drivers/STM32F1xx_HAL_Driver/Src/stm32f1xx_hal_flash_ex.c **** /**
 874:Drivers/STM32F1xx_HAL_Driver/Src/stm32f1xx_hal_flash_ex.c ****   * @brief  Set the read protection level.
 875:Drivers/STM32F1xx_HAL_Driver/Src/stm32f1xx_hal_flash_ex.c ****   * @param  ReadProtectLevel specifies the read protection level.
 876:Drivers/STM32F1xx_HAL_Driver/Src/stm32f1xx_hal_flash_ex.c ****   *         This parameter can be one of the following values:
 877:Drivers/STM32F1xx_HAL_Driver/Src/stm32f1xx_hal_flash_ex.c ****   *            @arg @ref OB_RDP_LEVEL_0 No protection
 878:Drivers/STM32F1xx_HAL_Driver/Src/stm32f1xx_hal_flash_ex.c ****   *            @arg @ref OB_RDP_LEVEL_1 Read protection of the memory
 879:Drivers/STM32F1xx_HAL_Driver/Src/stm32f1xx_hal_flash_ex.c ****   * @retval HAL status
 880:Drivers/STM32F1xx_HAL_Driver/Src/stm32f1xx_hal_flash_ex.c ****   */
 881:Drivers/STM32F1xx_HAL_Driver/Src/stm32f1xx_hal_flash_ex.c **** static HAL_StatusTypeDef FLASH_OB_RDP_LevelConfig(uint8_t ReadProtectLevel)
 882:Drivers/STM32F1xx_HAL_Driver/Src/stm32f1xx_hal_flash_ex.c **** {
  27              		.loc 1 882 1 view -0
  28              		.cfi_startproc
  29              		@ args = 0, pretend = 0, frame = 0
  30              		@ frame_needed = 0, uses_anonymous_args = 0
 883:Drivers/STM32F1xx_HAL_Driver/Src/stm32f1xx_hal_flash_ex.c ****   HAL_StatusTypeDef status = HAL_OK;
ARM GAS  C:\Users\airforce\AppData\Local\Temp\ccqPXFte.s 			page 17


  31              		.loc 1 883 3 view .LVU1
 884:Drivers/STM32F1xx_HAL_Driver/Src/stm32f1xx_hal_flash_ex.c ****   
 885:Drivers/STM32F1xx_HAL_Driver/Src/stm32f1xx_hal_flash_ex.c ****   /* Check the parameters */
 886:Drivers/STM32F1xx_HAL_Driver/Src/stm32f1xx_hal_flash_ex.c ****   assert_param(IS_OB_RDP_LEVEL(ReadProtectLevel));
  32              		.loc 1 886 3 view .LVU2
 887:Drivers/STM32F1xx_HAL_Driver/Src/stm32f1xx_hal_flash_ex.c ****   
 888:Drivers/STM32F1xx_HAL_Driver/Src/stm32f1xx_hal_flash_ex.c ****   /* Wait for last operation to be completed */
 889:Drivers/STM32F1xx_HAL_Driver/Src/stm32f1xx_hal_flash_ex.c ****   status = FLASH_WaitForLastOperation((uint32_t)FLASH_TIMEOUT_VALUE);
  33              		.loc 1 889 3 view .LVU3
 882:Drivers/STM32F1xx_HAL_Driver/Src/stm32f1xx_hal_flash_ex.c ****   HAL_StatusTypeDef status = HAL_OK;
  34              		.loc 1 882 1 is_stmt 0 view .LVU4
  35 0000 38B5     		push	{r3, r4, r5, lr}
  36              	.LCFI0:
  37              		.cfi_def_cfa_offset 16
  38              		.cfi_offset 3, -16
  39              		.cfi_offset 4, -12
  40              		.cfi_offset 5, -8
  41              		.cfi_offset 14, -4
 882:Drivers/STM32F1xx_HAL_Driver/Src/stm32f1xx_hal_flash_ex.c ****   HAL_StatusTypeDef status = HAL_OK;
  42              		.loc 1 882 1 view .LVU5
  43 0002 0546     		mov	r5, r0
  44              		.loc 1 889 12 view .LVU6
  45 0004 4CF25030 		movw	r0, #50000
  46              	.LVL1:
  47              		.loc 1 889 12 view .LVU7
  48 0008 FFF7FEFF 		bl	FLASH_WaitForLastOperation
  49              	.LVL2:
 890:Drivers/STM32F1xx_HAL_Driver/Src/stm32f1xx_hal_flash_ex.c ****   
 891:Drivers/STM32F1xx_HAL_Driver/Src/stm32f1xx_hal_flash_ex.c ****   if(status == HAL_OK)
  50              		.loc 1 891 3 is_stmt 1 view .LVU8
  51              		.loc 1 891 5 is_stmt 0 view .LVU9
  52 000c 08BB     		cbnz	r0, .L2
 892:Drivers/STM32F1xx_HAL_Driver/Src/stm32f1xx_hal_flash_ex.c ****   { 
 893:Drivers/STM32F1xx_HAL_Driver/Src/stm32f1xx_hal_flash_ex.c ****     /* Clean the error context */
 894:Drivers/STM32F1xx_HAL_Driver/Src/stm32f1xx_hal_flash_ex.c ****     pFlash.ErrorCode = HAL_FLASH_ERROR_NONE;
  53              		.loc 1 894 5 is_stmt 1 view .LVU10
  54              		.loc 1 894 22 is_stmt 0 view .LVU11
  55 000e 114B     		ldr	r3, .L3
 895:Drivers/STM32F1xx_HAL_Driver/Src/stm32f1xx_hal_flash_ex.c ****     
 896:Drivers/STM32F1xx_HAL_Driver/Src/stm32f1xx_hal_flash_ex.c ****     /* If the previous operation is completed, proceed to erase the option bytes */
 897:Drivers/STM32F1xx_HAL_Driver/Src/stm32f1xx_hal_flash_ex.c ****     SET_BIT(FLASH->CR, FLASH_CR_OPTER);
  56              		.loc 1 897 5 view .LVU12
  57 0010 114C     		ldr	r4, .L3+4
 894:Drivers/STM32F1xx_HAL_Driver/Src/stm32f1xx_hal_flash_ex.c ****     
  58              		.loc 1 894 22 view .LVU13
  59 0012 D861     		str	r0, [r3, #28]
  60              		.loc 1 897 5 is_stmt 1 view .LVU14
  61 0014 2369     		ldr	r3, [r4, #16]
 898:Drivers/STM32F1xx_HAL_Driver/Src/stm32f1xx_hal_flash_ex.c ****     SET_BIT(FLASH->CR, FLASH_CR_STRT);
 899:Drivers/STM32F1xx_HAL_Driver/Src/stm32f1xx_hal_flash_ex.c **** 
 900:Drivers/STM32F1xx_HAL_Driver/Src/stm32f1xx_hal_flash_ex.c ****     /* Wait for last operation to be completed */
 901:Drivers/STM32F1xx_HAL_Driver/Src/stm32f1xx_hal_flash_ex.c ****     status = FLASH_WaitForLastOperation((uint32_t)FLASH_TIMEOUT_VALUE);
  62              		.loc 1 901 14 is_stmt 0 view .LVU15
  63 0016 4CF25030 		movw	r0, #50000
  64              	.LVL3:
 897:Drivers/STM32F1xx_HAL_Driver/Src/stm32f1xx_hal_flash_ex.c ****     SET_BIT(FLASH->CR, FLASH_CR_STRT);
  65              		.loc 1 897 5 view .LVU16
ARM GAS  C:\Users\airforce\AppData\Local\Temp\ccqPXFte.s 			page 18


  66 001a 43F02003 		orr	r3, r3, #32
  67 001e 2361     		str	r3, [r4, #16]
  68              	.LVL4:
 898:Drivers/STM32F1xx_HAL_Driver/Src/stm32f1xx_hal_flash_ex.c ****     SET_BIT(FLASH->CR, FLASH_CR_STRT);
  69              		.loc 1 898 5 is_stmt 1 view .LVU17
  70 0020 2369     		ldr	r3, [r4, #16]
  71 0022 43F04003 		orr	r3, r3, #64
  72 0026 2361     		str	r3, [r4, #16]
  73              		.loc 1 901 5 view .LVU18
  74              		.loc 1 901 14 is_stmt 0 view .LVU19
  75 0028 FFF7FEFF 		bl	FLASH_WaitForLastOperation
  76              	.LVL5:
 902:Drivers/STM32F1xx_HAL_Driver/Src/stm32f1xx_hal_flash_ex.c **** 
 903:Drivers/STM32F1xx_HAL_Driver/Src/stm32f1xx_hal_flash_ex.c ****     /* If the erase operation is completed, disable the OPTER Bit */
 904:Drivers/STM32F1xx_HAL_Driver/Src/stm32f1xx_hal_flash_ex.c ****     CLEAR_BIT(FLASH->CR, FLASH_CR_OPTER);
  77              		.loc 1 904 5 is_stmt 1 view .LVU20
  78 002c 2369     		ldr	r3, [r4, #16]
  79 002e 23F02003 		bic	r3, r3, #32
  80 0032 2361     		str	r3, [r4, #16]
 905:Drivers/STM32F1xx_HAL_Driver/Src/stm32f1xx_hal_flash_ex.c **** 
 906:Drivers/STM32F1xx_HAL_Driver/Src/stm32f1xx_hal_flash_ex.c ****     if(status == HAL_OK)
  81              		.loc 1 906 5 view .LVU21
  82              		.loc 1 906 7 is_stmt 0 view .LVU22
  83 0034 68B9     		cbnz	r0, .L2
  84              	.LVL6:
  85              	.LBB10:
  86              	.LBI10:
 881:Drivers/STM32F1xx_HAL_Driver/Src/stm32f1xx_hal_flash_ex.c **** {
  87              		.loc 1 881 26 is_stmt 1 view .LVU23
  88              	.LBB11:
 907:Drivers/STM32F1xx_HAL_Driver/Src/stm32f1xx_hal_flash_ex.c ****     {
 908:Drivers/STM32F1xx_HAL_Driver/Src/stm32f1xx_hal_flash_ex.c ****       /* Enable the Option Bytes Programming operation */
 909:Drivers/STM32F1xx_HAL_Driver/Src/stm32f1xx_hal_flash_ex.c ****       SET_BIT(FLASH->CR, FLASH_CR_OPTPG);
  89              		.loc 1 909 7 view .LVU24
  90 0036 2369     		ldr	r3, [r4, #16]
 910:Drivers/STM32F1xx_HAL_Driver/Src/stm32f1xx_hal_flash_ex.c ****       
 911:Drivers/STM32F1xx_HAL_Driver/Src/stm32f1xx_hal_flash_ex.c ****       WRITE_REG(OB->RDP, ReadProtectLevel);
 912:Drivers/STM32F1xx_HAL_Driver/Src/stm32f1xx_hal_flash_ex.c ****       
 913:Drivers/STM32F1xx_HAL_Driver/Src/stm32f1xx_hal_flash_ex.c ****       /* Wait for last operation to be completed */
 914:Drivers/STM32F1xx_HAL_Driver/Src/stm32f1xx_hal_flash_ex.c ****       status = FLASH_WaitForLastOperation((uint32_t)FLASH_TIMEOUT_VALUE); 
  91              		.loc 1 914 16 is_stmt 0 view .LVU25
  92 0038 4CF25030 		movw	r0, #50000
  93              	.LVL7:
 909:Drivers/STM32F1xx_HAL_Driver/Src/stm32f1xx_hal_flash_ex.c ****       
  94              		.loc 1 909 7 view .LVU26
  95 003c 43F01003 		orr	r3, r3, #16
  96 0040 2361     		str	r3, [r4, #16]
 911:Drivers/STM32F1xx_HAL_Driver/Src/stm32f1xx_hal_flash_ex.c ****       
  97              		.loc 1 911 7 is_stmt 1 view .LVU27
  98 0042 064B     		ldr	r3, .L3+8
  99 0044 1D80     		strh	r5, [r3]	@ movhi
 100              		.loc 1 914 7 view .LVU28
 101              		.loc 1 914 16 is_stmt 0 view .LVU29
 102 0046 FFF7FEFF 		bl	FLASH_WaitForLastOperation
 103              	.LVL8:
 915:Drivers/STM32F1xx_HAL_Driver/Src/stm32f1xx_hal_flash_ex.c ****       
 916:Drivers/STM32F1xx_HAL_Driver/Src/stm32f1xx_hal_flash_ex.c ****       /* if the program operation is completed, disable the OPTPG Bit */
ARM GAS  C:\Users\airforce\AppData\Local\Temp\ccqPXFte.s 			page 19


 917:Drivers/STM32F1xx_HAL_Driver/Src/stm32f1xx_hal_flash_ex.c ****       CLEAR_BIT(FLASH->CR, FLASH_CR_OPTPG);
 104              		.loc 1 917 7 is_stmt 1 view .LVU30
 105 004a 2369     		ldr	r3, [r4, #16]
 106 004c 23F01003 		bic	r3, r3, #16
 107 0050 2361     		str	r3, [r4, #16]
 918:Drivers/STM32F1xx_HAL_Driver/Src/stm32f1xx_hal_flash_ex.c ****     }
 919:Drivers/STM32F1xx_HAL_Driver/Src/stm32f1xx_hal_flash_ex.c ****   }
 920:Drivers/STM32F1xx_HAL_Driver/Src/stm32f1xx_hal_flash_ex.c ****   
 921:Drivers/STM32F1xx_HAL_Driver/Src/stm32f1xx_hal_flash_ex.c ****   return status;
 108              		.loc 1 921 3 view .LVU31
 109              	.LVL9:
 110              	.L2:
 111              		.loc 1 921 3 is_stmt 0 view .LVU32
 112              	.LBE11:
 113              	.LBE10:
 114              		.loc 1 921 3 is_stmt 1 view .LVU33
 922:Drivers/STM32F1xx_HAL_Driver/Src/stm32f1xx_hal_flash_ex.c **** }
 115              		.loc 1 922 1 is_stmt 0 view .LVU34
 116 0052 38BD     		pop	{r3, r4, r5, pc}
 117              	.LVL10:
 118              	.L4:
 119              		.loc 1 922 1 view .LVU35
 120              		.align	2
 121              	.L3:
 122 0054 00000000 		.word	pFlash
 123 0058 00200240 		.word	1073881088
 124 005c 00F8FF1F 		.word	536868864
 125              		.cfi_endproc
 126              	.LFE74:
 128              		.section	.text.HAL_FLASHEx_OBErase,"ax",%progbits
 129              		.align	1
 130              		.global	HAL_FLASHEx_OBErase
 131              		.syntax unified
 132              		.thumb
 133              		.thumb_func
 135              	HAL_FLASHEx_OBErase:
 136              	.LFB67:
 393:Drivers/STM32F1xx_HAL_Driver/Src/stm32f1xx_hal_flash_ex.c ****   uint8_t rdptmp = OB_RDP_LEVEL_0;
 137              		.loc 1 393 1 is_stmt 1 view -0
 138              		.cfi_startproc
 139              		@ args = 0, pretend = 0, frame = 0
 140              		@ frame_needed = 0, uses_anonymous_args = 0
 394:Drivers/STM32F1xx_HAL_Driver/Src/stm32f1xx_hal_flash_ex.c ****   HAL_StatusTypeDef status = HAL_ERROR;
 141              		.loc 1 394 3 view .LVU37
 142              	.LVL11:
 395:Drivers/STM32F1xx_HAL_Driver/Src/stm32f1xx_hal_flash_ex.c **** 
 143              		.loc 1 395 3 view .LVU38
 398:Drivers/STM32F1xx_HAL_Driver/Src/stm32f1xx_hal_flash_ex.c **** 
 144              		.loc 1 398 3 view .LVU39
 145              	.LBB14:
 146              	.LBI14:
 923:Drivers/STM32F1xx_HAL_Driver/Src/stm32f1xx_hal_flash_ex.c **** 
 924:Drivers/STM32F1xx_HAL_Driver/Src/stm32f1xx_hal_flash_ex.c **** /**
 925:Drivers/STM32F1xx_HAL_Driver/Src/stm32f1xx_hal_flash_ex.c ****   * @brief  Program the FLASH User Option Byte.    
 926:Drivers/STM32F1xx_HAL_Driver/Src/stm32f1xx_hal_flash_ex.c ****   * @note   Programming of the OB should be performed only after an erase (otherwise PGERR occurs)
 927:Drivers/STM32F1xx_HAL_Driver/Src/stm32f1xx_hal_flash_ex.c ****   * @param  UserConfig The FLASH User Option Bytes values FLASH_OBR_IWDG_SW(Bit2), 
 928:Drivers/STM32F1xx_HAL_Driver/Src/stm32f1xx_hal_flash_ex.c ****   *         FLASH_OBR_nRST_STOP(Bit3),FLASH_OBR_nRST_STDBY(Bit4).
ARM GAS  C:\Users\airforce\AppData\Local\Temp\ccqPXFte.s 			page 20


 929:Drivers/STM32F1xx_HAL_Driver/Src/stm32f1xx_hal_flash_ex.c ****   *         And BFBF2(Bit5) for STM32F101xG and STM32F103xG . 
 930:Drivers/STM32F1xx_HAL_Driver/Src/stm32f1xx_hal_flash_ex.c ****   * @retval HAL status
 931:Drivers/STM32F1xx_HAL_Driver/Src/stm32f1xx_hal_flash_ex.c ****   */
 932:Drivers/STM32F1xx_HAL_Driver/Src/stm32f1xx_hal_flash_ex.c **** static HAL_StatusTypeDef FLASH_OB_UserConfig(uint8_t UserConfig)
 933:Drivers/STM32F1xx_HAL_Driver/Src/stm32f1xx_hal_flash_ex.c **** {
 934:Drivers/STM32F1xx_HAL_Driver/Src/stm32f1xx_hal_flash_ex.c ****   HAL_StatusTypeDef status = HAL_OK;
 935:Drivers/STM32F1xx_HAL_Driver/Src/stm32f1xx_hal_flash_ex.c **** 
 936:Drivers/STM32F1xx_HAL_Driver/Src/stm32f1xx_hal_flash_ex.c ****   /* Check the parameters */
 937:Drivers/STM32F1xx_HAL_Driver/Src/stm32f1xx_hal_flash_ex.c ****   assert_param(IS_OB_IWDG_SOURCE((UserConfig&OB_IWDG_SW)));
 938:Drivers/STM32F1xx_HAL_Driver/Src/stm32f1xx_hal_flash_ex.c ****   assert_param(IS_OB_STOP_SOURCE((UserConfig&OB_STOP_NO_RST)));
 939:Drivers/STM32F1xx_HAL_Driver/Src/stm32f1xx_hal_flash_ex.c ****   assert_param(IS_OB_STDBY_SOURCE((UserConfig&OB_STDBY_NO_RST)));
 940:Drivers/STM32F1xx_HAL_Driver/Src/stm32f1xx_hal_flash_ex.c **** #if defined(FLASH_BANK2_END)
 941:Drivers/STM32F1xx_HAL_Driver/Src/stm32f1xx_hal_flash_ex.c ****   assert_param(IS_OB_BOOT1((UserConfig&OB_BOOT1_SET)));
 942:Drivers/STM32F1xx_HAL_Driver/Src/stm32f1xx_hal_flash_ex.c **** #endif /* FLASH_BANK2_END */
 943:Drivers/STM32F1xx_HAL_Driver/Src/stm32f1xx_hal_flash_ex.c **** 
 944:Drivers/STM32F1xx_HAL_Driver/Src/stm32f1xx_hal_flash_ex.c ****   /* Wait for last operation to be completed */
 945:Drivers/STM32F1xx_HAL_Driver/Src/stm32f1xx_hal_flash_ex.c ****   status = FLASH_WaitForLastOperation((uint32_t)FLASH_TIMEOUT_VALUE);
 946:Drivers/STM32F1xx_HAL_Driver/Src/stm32f1xx_hal_flash_ex.c ****   
 947:Drivers/STM32F1xx_HAL_Driver/Src/stm32f1xx_hal_flash_ex.c ****   if(status == HAL_OK)
 948:Drivers/STM32F1xx_HAL_Driver/Src/stm32f1xx_hal_flash_ex.c ****   {     
 949:Drivers/STM32F1xx_HAL_Driver/Src/stm32f1xx_hal_flash_ex.c ****     /* Clean the error context */
 950:Drivers/STM32F1xx_HAL_Driver/Src/stm32f1xx_hal_flash_ex.c ****     pFlash.ErrorCode = HAL_FLASH_ERROR_NONE;
 951:Drivers/STM32F1xx_HAL_Driver/Src/stm32f1xx_hal_flash_ex.c **** 
 952:Drivers/STM32F1xx_HAL_Driver/Src/stm32f1xx_hal_flash_ex.c ****     /* Enable the Option Bytes Programming operation */
 953:Drivers/STM32F1xx_HAL_Driver/Src/stm32f1xx_hal_flash_ex.c ****     SET_BIT(FLASH->CR, FLASH_CR_OPTPG); 
 954:Drivers/STM32F1xx_HAL_Driver/Src/stm32f1xx_hal_flash_ex.c ****  
 955:Drivers/STM32F1xx_HAL_Driver/Src/stm32f1xx_hal_flash_ex.c **** #if defined(FLASH_BANK2_END)
 956:Drivers/STM32F1xx_HAL_Driver/Src/stm32f1xx_hal_flash_ex.c ****     OB->USER = (UserConfig | 0xF0U);
 957:Drivers/STM32F1xx_HAL_Driver/Src/stm32f1xx_hal_flash_ex.c **** #else
 958:Drivers/STM32F1xx_HAL_Driver/Src/stm32f1xx_hal_flash_ex.c ****     OB->USER = (UserConfig | 0x88U);
 959:Drivers/STM32F1xx_HAL_Driver/Src/stm32f1xx_hal_flash_ex.c **** #endif /* FLASH_BANK2_END */
 960:Drivers/STM32F1xx_HAL_Driver/Src/stm32f1xx_hal_flash_ex.c **** 
 961:Drivers/STM32F1xx_HAL_Driver/Src/stm32f1xx_hal_flash_ex.c ****     /* Wait for last operation to be completed */
 962:Drivers/STM32F1xx_HAL_Driver/Src/stm32f1xx_hal_flash_ex.c ****     status = FLASH_WaitForLastOperation((uint32_t)FLASH_TIMEOUT_VALUE);
 963:Drivers/STM32F1xx_HAL_Driver/Src/stm32f1xx_hal_flash_ex.c **** 
 964:Drivers/STM32F1xx_HAL_Driver/Src/stm32f1xx_hal_flash_ex.c ****     /* if the program operation is completed, disable the OPTPG Bit */
 965:Drivers/STM32F1xx_HAL_Driver/Src/stm32f1xx_hal_flash_ex.c ****     CLEAR_BIT(FLASH->CR, FLASH_CR_OPTPG);
 966:Drivers/STM32F1xx_HAL_Driver/Src/stm32f1xx_hal_flash_ex.c ****   }
 967:Drivers/STM32F1xx_HAL_Driver/Src/stm32f1xx_hal_flash_ex.c ****   
 968:Drivers/STM32F1xx_HAL_Driver/Src/stm32f1xx_hal_flash_ex.c ****   return status; 
 969:Drivers/STM32F1xx_HAL_Driver/Src/stm32f1xx_hal_flash_ex.c **** }
 970:Drivers/STM32F1xx_HAL_Driver/Src/stm32f1xx_hal_flash_ex.c **** 
 971:Drivers/STM32F1xx_HAL_Driver/Src/stm32f1xx_hal_flash_ex.c **** /**
 972:Drivers/STM32F1xx_HAL_Driver/Src/stm32f1xx_hal_flash_ex.c ****   * @brief  Programs a half word at a specified Option Byte Data address.
 973:Drivers/STM32F1xx_HAL_Driver/Src/stm32f1xx_hal_flash_ex.c ****   * @note   The function @ref HAL_FLASH_Unlock() should be called before to unlock the FLASH interf
 974:Drivers/STM32F1xx_HAL_Driver/Src/stm32f1xx_hal_flash_ex.c ****   *         The function @ref HAL_FLASH_OB_Unlock() should be called before to unlock the options b
 975:Drivers/STM32F1xx_HAL_Driver/Src/stm32f1xx_hal_flash_ex.c ****   *         The function @ref HAL_FLASH_OB_Launch() should be called after to force the reload of t
 976:Drivers/STM32F1xx_HAL_Driver/Src/stm32f1xx_hal_flash_ex.c ****   *         (system reset will occur)
 977:Drivers/STM32F1xx_HAL_Driver/Src/stm32f1xx_hal_flash_ex.c ****   *         Programming of the OB should be performed only after an erase (otherwise PGERR occurs)
 978:Drivers/STM32F1xx_HAL_Driver/Src/stm32f1xx_hal_flash_ex.c ****   * @param  Address specifies the address to be programmed.
 979:Drivers/STM32F1xx_HAL_Driver/Src/stm32f1xx_hal_flash_ex.c ****   *         This parameter can be 0x1FFFF804 or 0x1FFFF806. 
 980:Drivers/STM32F1xx_HAL_Driver/Src/stm32f1xx_hal_flash_ex.c ****   * @param  Data specifies the data to be programmed.
 981:Drivers/STM32F1xx_HAL_Driver/Src/stm32f1xx_hal_flash_ex.c ****   * @retval HAL status
 982:Drivers/STM32F1xx_HAL_Driver/Src/stm32f1xx_hal_flash_ex.c ****   */
 983:Drivers/STM32F1xx_HAL_Driver/Src/stm32f1xx_hal_flash_ex.c **** static HAL_StatusTypeDef FLASH_OB_ProgramData(uint32_t Address, uint8_t Data)
 984:Drivers/STM32F1xx_HAL_Driver/Src/stm32f1xx_hal_flash_ex.c **** {
 985:Drivers/STM32F1xx_HAL_Driver/Src/stm32f1xx_hal_flash_ex.c ****   HAL_StatusTypeDef status = HAL_ERROR;
ARM GAS  C:\Users\airforce\AppData\Local\Temp\ccqPXFte.s 			page 21


 986:Drivers/STM32F1xx_HAL_Driver/Src/stm32f1xx_hal_flash_ex.c ****   
 987:Drivers/STM32F1xx_HAL_Driver/Src/stm32f1xx_hal_flash_ex.c ****   /* Check the parameters */
 988:Drivers/STM32F1xx_HAL_Driver/Src/stm32f1xx_hal_flash_ex.c ****   assert_param(IS_OB_DATA_ADDRESS(Address));
 989:Drivers/STM32F1xx_HAL_Driver/Src/stm32f1xx_hal_flash_ex.c ****   
 990:Drivers/STM32F1xx_HAL_Driver/Src/stm32f1xx_hal_flash_ex.c ****   /* Wait for last operation to be completed */
 991:Drivers/STM32F1xx_HAL_Driver/Src/stm32f1xx_hal_flash_ex.c ****   status = FLASH_WaitForLastOperation((uint32_t)FLASH_TIMEOUT_VALUE);
 992:Drivers/STM32F1xx_HAL_Driver/Src/stm32f1xx_hal_flash_ex.c ****   
 993:Drivers/STM32F1xx_HAL_Driver/Src/stm32f1xx_hal_flash_ex.c ****   if(status == HAL_OK)
 994:Drivers/STM32F1xx_HAL_Driver/Src/stm32f1xx_hal_flash_ex.c ****   {
 995:Drivers/STM32F1xx_HAL_Driver/Src/stm32f1xx_hal_flash_ex.c ****     /* Clean the error context */
 996:Drivers/STM32F1xx_HAL_Driver/Src/stm32f1xx_hal_flash_ex.c ****     pFlash.ErrorCode = HAL_FLASH_ERROR_NONE;
 997:Drivers/STM32F1xx_HAL_Driver/Src/stm32f1xx_hal_flash_ex.c **** 
 998:Drivers/STM32F1xx_HAL_Driver/Src/stm32f1xx_hal_flash_ex.c ****     /* Enables the Option Bytes Programming operation */
 999:Drivers/STM32F1xx_HAL_Driver/Src/stm32f1xx_hal_flash_ex.c ****     SET_BIT(FLASH->CR, FLASH_CR_OPTPG); 
1000:Drivers/STM32F1xx_HAL_Driver/Src/stm32f1xx_hal_flash_ex.c ****     *(__IO uint16_t*)Address = Data;
1001:Drivers/STM32F1xx_HAL_Driver/Src/stm32f1xx_hal_flash_ex.c ****     
1002:Drivers/STM32F1xx_HAL_Driver/Src/stm32f1xx_hal_flash_ex.c ****     /* Wait for last operation to be completed */
1003:Drivers/STM32F1xx_HAL_Driver/Src/stm32f1xx_hal_flash_ex.c ****     status = FLASH_WaitForLastOperation((uint32_t)FLASH_TIMEOUT_VALUE);
1004:Drivers/STM32F1xx_HAL_Driver/Src/stm32f1xx_hal_flash_ex.c ****     
1005:Drivers/STM32F1xx_HAL_Driver/Src/stm32f1xx_hal_flash_ex.c ****     /* If the program operation is completed, disable the OPTPG Bit */
1006:Drivers/STM32F1xx_HAL_Driver/Src/stm32f1xx_hal_flash_ex.c ****     CLEAR_BIT(FLASH->CR, FLASH_CR_OPTPG);
1007:Drivers/STM32F1xx_HAL_Driver/Src/stm32f1xx_hal_flash_ex.c ****   }
1008:Drivers/STM32F1xx_HAL_Driver/Src/stm32f1xx_hal_flash_ex.c ****   /* Return the Option Byte Data Program Status */
1009:Drivers/STM32F1xx_HAL_Driver/Src/stm32f1xx_hal_flash_ex.c ****   return status;
1010:Drivers/STM32F1xx_HAL_Driver/Src/stm32f1xx_hal_flash_ex.c **** }
1011:Drivers/STM32F1xx_HAL_Driver/Src/stm32f1xx_hal_flash_ex.c **** 
1012:Drivers/STM32F1xx_HAL_Driver/Src/stm32f1xx_hal_flash_ex.c **** /**
1013:Drivers/STM32F1xx_HAL_Driver/Src/stm32f1xx_hal_flash_ex.c ****   * @brief  Return the FLASH Write Protection Option Bytes value.
1014:Drivers/STM32F1xx_HAL_Driver/Src/stm32f1xx_hal_flash_ex.c ****   * @retval The FLASH Write Protection Option Bytes value
1015:Drivers/STM32F1xx_HAL_Driver/Src/stm32f1xx_hal_flash_ex.c ****   */
1016:Drivers/STM32F1xx_HAL_Driver/Src/stm32f1xx_hal_flash_ex.c **** static uint32_t FLASH_OB_GetWRP(void)
1017:Drivers/STM32F1xx_HAL_Driver/Src/stm32f1xx_hal_flash_ex.c **** {
1018:Drivers/STM32F1xx_HAL_Driver/Src/stm32f1xx_hal_flash_ex.c ****   /* Return the FLASH write protection Register value */
1019:Drivers/STM32F1xx_HAL_Driver/Src/stm32f1xx_hal_flash_ex.c ****   return (uint32_t)(READ_REG(FLASH->WRPR));
1020:Drivers/STM32F1xx_HAL_Driver/Src/stm32f1xx_hal_flash_ex.c **** }
1021:Drivers/STM32F1xx_HAL_Driver/Src/stm32f1xx_hal_flash_ex.c **** 
1022:Drivers/STM32F1xx_HAL_Driver/Src/stm32f1xx_hal_flash_ex.c **** /**
1023:Drivers/STM32F1xx_HAL_Driver/Src/stm32f1xx_hal_flash_ex.c ****   * @brief  Returns the FLASH Read Protection level.
1024:Drivers/STM32F1xx_HAL_Driver/Src/stm32f1xx_hal_flash_ex.c ****   * @retval FLASH RDP level
1025:Drivers/STM32F1xx_HAL_Driver/Src/stm32f1xx_hal_flash_ex.c ****   *         This parameter can be one of the following values:
1026:Drivers/STM32F1xx_HAL_Driver/Src/stm32f1xx_hal_flash_ex.c ****   *            @arg @ref OB_RDP_LEVEL_0 No protection
1027:Drivers/STM32F1xx_HAL_Driver/Src/stm32f1xx_hal_flash_ex.c ****   *            @arg @ref OB_RDP_LEVEL_1 Read protection of the memory
1028:Drivers/STM32F1xx_HAL_Driver/Src/stm32f1xx_hal_flash_ex.c ****   */
1029:Drivers/STM32F1xx_HAL_Driver/Src/stm32f1xx_hal_flash_ex.c **** static uint32_t FLASH_OB_GetRDP(void)
 147              		.loc 1 1029 17 view .LVU40
 148              	.LBB15:
1030:Drivers/STM32F1xx_HAL_Driver/Src/stm32f1xx_hal_flash_ex.c **** {
1031:Drivers/STM32F1xx_HAL_Driver/Src/stm32f1xx_hal_flash_ex.c ****   uint32_t readstatus = OB_RDP_LEVEL_0;
 149              		.loc 1 1031 3 view .LVU41
1032:Drivers/STM32F1xx_HAL_Driver/Src/stm32f1xx_hal_flash_ex.c ****   uint32_t tmp_reg = 0U;
 150              		.loc 1 1032 3 view .LVU42
1033:Drivers/STM32F1xx_HAL_Driver/Src/stm32f1xx_hal_flash_ex.c ****   
1034:Drivers/STM32F1xx_HAL_Driver/Src/stm32f1xx_hal_flash_ex.c ****   /* Read RDP level bits */
1035:Drivers/STM32F1xx_HAL_Driver/Src/stm32f1xx_hal_flash_ex.c ****   tmp_reg = READ_BIT(FLASH->OBR, FLASH_OBR_RDPRT);
 151              		.loc 1 1035 3 view .LVU43
 152              	.LBE15:
 153              	.LBE14:
ARM GAS  C:\Users\airforce\AppData\Local\Temp\ccqPXFte.s 			page 22


 393:Drivers/STM32F1xx_HAL_Driver/Src/stm32f1xx_hal_flash_ex.c ****   uint8_t rdptmp = OB_RDP_LEVEL_0;
 154              		.loc 1 393 1 is_stmt 0 view .LVU44
 155 0000 38B5     		push	{r3, r4, r5, lr}
 156              	.LCFI1:
 157              		.cfi_def_cfa_offset 16
 158              		.cfi_offset 3, -16
 159              		.cfi_offset 4, -12
 160              		.cfi_offset 5, -8
 161              		.cfi_offset 14, -4
 162              	.LBB18:
 163              	.LBB16:
 164              		.loc 1 1035 13 view .LVU45
 165 0002 124C     		ldr	r4, .L9
 166              	.LBE16:
 167              	.LBE18:
 401:Drivers/STM32F1xx_HAL_Driver/Src/stm32f1xx_hal_flash_ex.c **** 
 168              		.loc 1 401 12 view .LVU46
 169 0004 4CF25030 		movw	r0, #50000
 170              	.LBB19:
 171              	.LBB17:
 172              		.loc 1 1035 13 view .LVU47
 173 0008 E369     		ldr	r3, [r4, #28]
 174              	.LVL12:
1036:Drivers/STM32F1xx_HAL_Driver/Src/stm32f1xx_hal_flash_ex.c **** 
1037:Drivers/STM32F1xx_HAL_Driver/Src/stm32f1xx_hal_flash_ex.c ****   if (tmp_reg == FLASH_OBR_RDPRT)
 175              		.loc 1 1037 3 is_stmt 1 view .LVU48
1038:Drivers/STM32F1xx_HAL_Driver/Src/stm32f1xx_hal_flash_ex.c ****   {
1039:Drivers/STM32F1xx_HAL_Driver/Src/stm32f1xx_hal_flash_ex.c ****     readstatus = OB_RDP_LEVEL_1;
 176              		.loc 1 1039 16 is_stmt 0 view .LVU49
 177 000a 13F0020F 		tst	r3, #2
 178 000e 0CBF     		ite	eq
 179 0010 A525     		moveq	r5, #165
 180 0012 0025     		movne	r5, #0
 181              	.LVL13:
1040:Drivers/STM32F1xx_HAL_Driver/Src/stm32f1xx_hal_flash_ex.c ****   }
1041:Drivers/STM32F1xx_HAL_Driver/Src/stm32f1xx_hal_flash_ex.c ****   else 
1042:Drivers/STM32F1xx_HAL_Driver/Src/stm32f1xx_hal_flash_ex.c ****   {
1043:Drivers/STM32F1xx_HAL_Driver/Src/stm32f1xx_hal_flash_ex.c ****     readstatus = OB_RDP_LEVEL_0;
1044:Drivers/STM32F1xx_HAL_Driver/Src/stm32f1xx_hal_flash_ex.c ****   }
1045:Drivers/STM32F1xx_HAL_Driver/Src/stm32f1xx_hal_flash_ex.c **** 
1046:Drivers/STM32F1xx_HAL_Driver/Src/stm32f1xx_hal_flash_ex.c ****   return readstatus;
 182              		.loc 1 1046 3 is_stmt 1 view .LVU50
 183              		.loc 1 1046 3 is_stmt 0 view .LVU51
 184              	.LBE17:
 185              	.LBE19:
 401:Drivers/STM32F1xx_HAL_Driver/Src/stm32f1xx_hal_flash_ex.c **** 
 186              		.loc 1 401 3 is_stmt 1 view .LVU52
 401:Drivers/STM32F1xx_HAL_Driver/Src/stm32f1xx_hal_flash_ex.c **** 
 187              		.loc 1 401 12 is_stmt 0 view .LVU53
 188 0014 FFF7FEFF 		bl	FLASH_WaitForLastOperation
 189              	.LVL14:
 403:Drivers/STM32F1xx_HAL_Driver/Src/stm32f1xx_hal_flash_ex.c ****   {
 190              		.loc 1 403 3 is_stmt 1 view .LVU54
 403:Drivers/STM32F1xx_HAL_Driver/Src/stm32f1xx_hal_flash_ex.c ****   {
 191              		.loc 1 403 5 is_stmt 0 view .LVU55
 192 0018 B8B9     		cbnz	r0, .L7
 406:Drivers/STM32F1xx_HAL_Driver/Src/stm32f1xx_hal_flash_ex.c **** 
ARM GAS  C:\Users\airforce\AppData\Local\Temp\ccqPXFte.s 			page 23


 193              		.loc 1 406 5 is_stmt 1 view .LVU56
 406:Drivers/STM32F1xx_HAL_Driver/Src/stm32f1xx_hal_flash_ex.c **** 
 194              		.loc 1 406 22 is_stmt 0 view .LVU57
 195 001a 0D4A     		ldr	r2, .L9+4
 196 001c D061     		str	r0, [r2, #28]
 409:Drivers/STM32F1xx_HAL_Driver/Src/stm32f1xx_hal_flash_ex.c ****     SET_BIT(FLASH->CR, FLASH_CR_STRT);
 197              		.loc 1 409 5 is_stmt 1 view .LVU58
 198 001e 2369     		ldr	r3, [r4, #16]
 413:Drivers/STM32F1xx_HAL_Driver/Src/stm32f1xx_hal_flash_ex.c **** 
 199              		.loc 1 413 14 is_stmt 0 view .LVU59
 200 0020 4CF25030 		movw	r0, #50000
 201              	.LVL15:
 409:Drivers/STM32F1xx_HAL_Driver/Src/stm32f1xx_hal_flash_ex.c ****     SET_BIT(FLASH->CR, FLASH_CR_STRT);
 202              		.loc 1 409 5 view .LVU60
 203 0024 43F02003 		orr	r3, r3, #32
 204 0028 2361     		str	r3, [r4, #16]
 205              	.LVL16:
 410:Drivers/STM32F1xx_HAL_Driver/Src/stm32f1xx_hal_flash_ex.c **** 
 206              		.loc 1 410 5 is_stmt 1 view .LVU61
 207 002a 2369     		ldr	r3, [r4, #16]
 208 002c 43F04003 		orr	r3, r3, #64
 209 0030 2361     		str	r3, [r4, #16]
 413:Drivers/STM32F1xx_HAL_Driver/Src/stm32f1xx_hal_flash_ex.c **** 
 210              		.loc 1 413 5 view .LVU62
 413:Drivers/STM32F1xx_HAL_Driver/Src/stm32f1xx_hal_flash_ex.c **** 
 211              		.loc 1 413 14 is_stmt 0 view .LVU63
 212 0032 FFF7FEFF 		bl	FLASH_WaitForLastOperation
 213              	.LVL17:
 416:Drivers/STM32F1xx_HAL_Driver/Src/stm32f1xx_hal_flash_ex.c **** 
 214              		.loc 1 416 5 is_stmt 1 view .LVU64
 215 0036 2369     		ldr	r3, [r4, #16]
 216 0038 23F02003 		bic	r3, r3, #32
 217 003c 2361     		str	r3, [r4, #16]
 418:Drivers/STM32F1xx_HAL_Driver/Src/stm32f1xx_hal_flash_ex.c ****     {
 218              		.loc 1 418 5 view .LVU65
 418:Drivers/STM32F1xx_HAL_Driver/Src/stm32f1xx_hal_flash_ex.c ****     {
 219              		.loc 1 418 7 is_stmt 0 view .LVU66
 220 003e 20B9     		cbnz	r0, .L7
 421:Drivers/STM32F1xx_HAL_Driver/Src/stm32f1xx_hal_flash_ex.c ****     }
 221              		.loc 1 421 7 is_stmt 1 view .LVU67
 421:Drivers/STM32F1xx_HAL_Driver/Src/stm32f1xx_hal_flash_ex.c ****     }
 222              		.loc 1 421 16 is_stmt 0 view .LVU68
 223 0040 2846     		mov	r0, r5
 224              	.LVL18:
 427:Drivers/STM32F1xx_HAL_Driver/Src/stm32f1xx_hal_flash_ex.c **** 
 225              		.loc 1 427 1 view .LVU69
 226 0042 BDE83840 		pop	{r3, r4, r5, lr}
 227              	.LCFI2:
 228              		.cfi_remember_state
 229              		.cfi_restore 14
 230              		.cfi_restore 5
 231              		.cfi_restore 4
 232              		.cfi_restore 3
 233              		.cfi_def_cfa_offset 0
 234              	.LVL19:
 421:Drivers/STM32F1xx_HAL_Driver/Src/stm32f1xx_hal_flash_ex.c ****     }
 235              		.loc 1 421 16 view .LVU70
ARM GAS  C:\Users\airforce\AppData\Local\Temp\ccqPXFte.s 			page 24


 236 0046 FFF7FEBF 		b	FLASH_OB_RDP_LevelConfig
 237              	.LVL20:
 238              	.L7:
 239              	.LCFI3:
 240              		.cfi_restore_state
 426:Drivers/STM32F1xx_HAL_Driver/Src/stm32f1xx_hal_flash_ex.c **** }
 241              		.loc 1 426 3 is_stmt 1 view .LVU71
 427:Drivers/STM32F1xx_HAL_Driver/Src/stm32f1xx_hal_flash_ex.c **** 
 242              		.loc 1 427 1 is_stmt 0 view .LVU72
 243 004a 38BD     		pop	{r3, r4, r5, pc}
 244              	.LVL21:
 245              	.L10:
 427:Drivers/STM32F1xx_HAL_Driver/Src/stm32f1xx_hal_flash_ex.c **** 
 246              		.loc 1 427 1 view .LVU73
 247              		.align	2
 248              	.L9:
 249 004c 00200240 		.word	1073881088
 250 0050 00000000 		.word	pFlash
 251              		.cfi_endproc
 252              	.LFE67:
 254              		.section	.text.HAL_FLASHEx_OBProgram,"ax",%progbits
 255              		.align	1
 256              		.global	HAL_FLASHEx_OBProgram
 257              		.syntax unified
 258              		.thumb
 259              		.thumb_func
 261              	HAL_FLASHEx_OBProgram:
 262              	.LVL22:
 263              	.LFB68:
 442:Drivers/STM32F1xx_HAL_Driver/Src/stm32f1xx_hal_flash_ex.c ****   HAL_StatusTypeDef status = HAL_ERROR;
 264              		.loc 1 442 1 is_stmt 1 view -0
 265              		.cfi_startproc
 266              		@ args = 0, pretend = 0, frame = 0
 267              		@ frame_needed = 0, uses_anonymous_args = 0
 443:Drivers/STM32F1xx_HAL_Driver/Src/stm32f1xx_hal_flash_ex.c **** 
 268              		.loc 1 443 3 view .LVU75
 446:Drivers/STM32F1xx_HAL_Driver/Src/stm32f1xx_hal_flash_ex.c **** 
 269              		.loc 1 446 3 view .LVU76
 446:Drivers/STM32F1xx_HAL_Driver/Src/stm32f1xx_hal_flash_ex.c **** 
 270              		.loc 1 446 3 view .LVU77
 442:Drivers/STM32F1xx_HAL_Driver/Src/stm32f1xx_hal_flash_ex.c ****   HAL_StatusTypeDef status = HAL_ERROR;
 271              		.loc 1 442 1 is_stmt 0 view .LVU78
 272 0000 2DE9F041 		push	{r4, r5, r6, r7, r8, lr}
 273              	.LCFI4:
 274              		.cfi_def_cfa_offset 24
 275              		.cfi_offset 4, -24
 276              		.cfi_offset 5, -20
 277              		.cfi_offset 6, -16
 278              		.cfi_offset 7, -12
 279              		.cfi_offset 8, -8
 280              		.cfi_offset 14, -4
 446:Drivers/STM32F1xx_HAL_Driver/Src/stm32f1xx_hal_flash_ex.c **** 
 281              		.loc 1 446 3 view .LVU79
 282 0004 764D     		ldr	r5, .L81
 442:Drivers/STM32F1xx_HAL_Driver/Src/stm32f1xx_hal_flash_ex.c ****   HAL_StatusTypeDef status = HAL_ERROR;
 283              		.loc 1 442 1 view .LVU80
 284 0006 0446     		mov	r4, r0
ARM GAS  C:\Users\airforce\AppData\Local\Temp\ccqPXFte.s 			page 25


 446:Drivers/STM32F1xx_HAL_Driver/Src/stm32f1xx_hal_flash_ex.c **** 
 285              		.loc 1 446 3 view .LVU81
 286 0008 2B7E     		ldrb	r3, [r5, #24]	@ zero_extendqisi2
 287 000a 012B     		cmp	r3, #1
 288 000c 00F0E580 		beq	.L38
 446:Drivers/STM32F1xx_HAL_Driver/Src/stm32f1xx_hal_flash_ex.c **** 
 289              		.loc 1 446 3 is_stmt 1 discriminator 2 view .LVU82
 290 0010 0120     		movs	r0, #1
 291              	.LVL23:
 446:Drivers/STM32F1xx_HAL_Driver/Src/stm32f1xx_hal_flash_ex.c **** 
 292              		.loc 1 446 3 is_stmt 0 discriminator 2 view .LVU83
 293 0012 2876     		strb	r0, [r5, #24]
 446:Drivers/STM32F1xx_HAL_Driver/Src/stm32f1xx_hal_flash_ex.c **** 
 294              		.loc 1 446 3 is_stmt 1 view .LVU84
 449:Drivers/STM32F1xx_HAL_Driver/Src/stm32f1xx_hal_flash_ex.c **** 
 295              		.loc 1 449 3 view .LVU85
 452:Drivers/STM32F1xx_HAL_Driver/Src/stm32f1xx_hal_flash_ex.c ****   {
 296              		.loc 1 452 3 view .LVU86
 452:Drivers/STM32F1xx_HAL_Driver/Src/stm32f1xx_hal_flash_ex.c ****   {
 297              		.loc 1 452 27 is_stmt 0 view .LVU87
 298 0014 2368     		ldr	r3, [r4]
 452:Drivers/STM32F1xx_HAL_Driver/Src/stm32f1xx_hal_flash_ex.c ****   {
 299              		.loc 1 452 5 view .LVU88
 300 0016 DE07     		lsls	r6, r3, #31
 301 0018 40F19D80 		bpl	.L13
 454:Drivers/STM32F1xx_HAL_Driver/Src/stm32f1xx_hal_flash_ex.c ****     if (pOBInit->WRPState == OB_WRPSTATE_ENABLE)
 302              		.loc 1 454 5 is_stmt 1 view .LVU89
 455:Drivers/STM32F1xx_HAL_Driver/Src/stm32f1xx_hal_flash_ex.c ****     {
 303              		.loc 1 455 5 view .LVU90
 455:Drivers/STM32F1xx_HAL_Driver/Src/stm32f1xx_hal_flash_ex.c ****     {
 304              		.loc 1 455 8 is_stmt 0 view .LVU91
 305 001c D4E90136 		ldrd	r3, r6, [r4, #4]
 306 0020 704F     		ldr	r7, .L81+4
 307 0022 8342     		cmp	r3, r0
 308              	.LBB32:
 309              	.LBB33:
 310              	.LBB34:
 311              	.LBB35:
1019:Drivers/STM32F1xx_HAL_Driver/Src/stm32f1xx_hal_flash_ex.c **** }
 312              		.loc 1 1019 10 view .LVU92
 313 0024 D7F82080 		ldr	r8, [r7, #32]
 314              	.LVL24:
1019:Drivers/STM32F1xx_HAL_Driver/Src/stm32f1xx_hal_flash_ex.c **** }
 315              		.loc 1 1019 10 view .LVU93
 316              	.LBE35:
 317              	.LBE34:
 662:Drivers/STM32F1xx_HAL_Driver/Src/stm32f1xx_hal_flash_ex.c **** #endif /* OB_WRP_PAGES0TO31MASK */
 318              		.loc 1 662 3 is_stmt 1 view .LVU94
 668:Drivers/STM32F1xx_HAL_Driver/Src/stm32f1xx_hal_flash_ex.c **** #endif /* OB_WRP_PAGES32TO63MASK */
 319              		.loc 1 668 3 view .LVU95
 672:Drivers/STM32F1xx_HAL_Driver/Src/stm32f1xx_hal_flash_ex.c **** #endif /* OB_WRP_PAGES64TO95MASK */
 320              		.loc 1 672 3 view .LVU96
 679:Drivers/STM32F1xx_HAL_Driver/Src/stm32f1xx_hal_flash_ex.c **** #elif defined(OB_WRP_PAGES48TO255MASK)
 321              		.loc 1 679 3 view .LVU97
 689:Drivers/STM32F1xx_HAL_Driver/Src/stm32f1xx_hal_flash_ex.c **** 
 322              		.loc 1 689 3 view .LVU98
 689:Drivers/STM32F1xx_HAL_Driver/Src/stm32f1xx_hal_flash_ex.c **** 
ARM GAS  C:\Users\airforce\AppData\Local\Temp\ccqPXFte.s 			page 26


 323              		.loc 1 689 12 is_stmt 0 view .LVU99
 324 0028 4CF25030 		movw	r0, #50000
 325              	.LBE33:
 326              	.LBE32:
 455:Drivers/STM32F1xx_HAL_Driver/Src/stm32f1xx_hal_flash_ex.c ****     {
 327              		.loc 1 455 8 view .LVU100
 328 002c 4ED1     		bne	.L14
 458:Drivers/STM32F1xx_HAL_Driver/Src/stm32f1xx_hal_flash_ex.c ****     }
 329              		.loc 1 458 7 is_stmt 1 view .LVU101
 330              	.LVL25:
 331              	.LBB41:
 332              	.LBI32:
 639:Drivers/STM32F1xx_HAL_Driver/Src/stm32f1xx_hal_flash_ex.c **** {
 333              		.loc 1 639 26 view .LVU102
 334              	.LBB38:
 641:Drivers/STM32F1xx_HAL_Driver/Src/stm32f1xx_hal_flash_ex.c ****   uint16_t WRP0_Data = 0xFFFF;
 335              		.loc 1 641 3 view .LVU103
 642:Drivers/STM32F1xx_HAL_Driver/Src/stm32f1xx_hal_flash_ex.c **** #if defined(FLASH_WRP1_WRP1)
 336              		.loc 1 642 3 view .LVU104
 644:Drivers/STM32F1xx_HAL_Driver/Src/stm32f1xx_hal_flash_ex.c **** #endif /* FLASH_WRP1_WRP1 */
 337              		.loc 1 644 3 view .LVU105
 647:Drivers/STM32F1xx_HAL_Driver/Src/stm32f1xx_hal_flash_ex.c **** #endif /* FLASH_WRP2_WRP2 */
 338              		.loc 1 647 3 view .LVU106
 650:Drivers/STM32F1xx_HAL_Driver/Src/stm32f1xx_hal_flash_ex.c **** #endif /* FLASH_WRP3_WRP3 */
 339              		.loc 1 650 3 view .LVU107
 654:Drivers/STM32F1xx_HAL_Driver/Src/stm32f1xx_hal_flash_ex.c ****     
 340              		.loc 1 654 3 view .LVU108
 657:Drivers/STM32F1xx_HAL_Driver/Src/stm32f1xx_hal_flash_ex.c ****   
 341              		.loc 1 657 3 view .LVU109
 342              	.LBB37:
 343              	.LBI34:
1016:Drivers/STM32F1xx_HAL_Driver/Src/stm32f1xx_hal_flash_ex.c **** {
 344              		.loc 1 1016 17 view .LVU110
 345              	.LBB36:
1019:Drivers/STM32F1xx_HAL_Driver/Src/stm32f1xx_hal_flash_ex.c **** }
 346              		.loc 1 1019 3 view .LVU111
 347              	.LBE36:
 348              	.LBE37:
 689:Drivers/STM32F1xx_HAL_Driver/Src/stm32f1xx_hal_flash_ex.c **** 
 349              		.loc 1 689 12 is_stmt 0 view .LVU112
 350 002e FFF7FEFF 		bl	FLASH_WaitForLastOperation
 351              	.LVL26:
 691:Drivers/STM32F1xx_HAL_Driver/Src/stm32f1xx_hal_flash_ex.c ****   { 
 352              		.loc 1 691 3 is_stmt 1 view .LVU113
 691:Drivers/STM32F1xx_HAL_Driver/Src/stm32f1xx_hal_flash_ex.c ****   { 
 353              		.loc 1 691 5 is_stmt 0 view .LVU114
 354 0032 0028     		cmp	r0, #0
 355 0034 3DD1     		bne	.L36
 694:Drivers/STM32F1xx_HAL_Driver/Src/stm32f1xx_hal_flash_ex.c **** 
 356              		.loc 1 694 5 is_stmt 1 view .LVU115
 694:Drivers/STM32F1xx_HAL_Driver/Src/stm32f1xx_hal_flash_ex.c **** 
 357              		.loc 1 694 22 is_stmt 0 view .LVU116
 358 0036 E861     		str	r0, [r5, #28]
 697:Drivers/STM32F1xx_HAL_Driver/Src/stm32f1xx_hal_flash_ex.c ****     if (status == HAL_OK)  
 359              		.loc 1 697 5 is_stmt 1 view .LVU117
 697:Drivers/STM32F1xx_HAL_Driver/Src/stm32f1xx_hal_flash_ex.c ****     if (status == HAL_OK)  
 360              		.loc 1 697 14 is_stmt 0 view .LVU118
ARM GAS  C:\Users\airforce\AppData\Local\Temp\ccqPXFte.s 			page 27


 361 0038 FFF7FEFF 		bl	HAL_FLASHEx_OBErase
 362              	.LVL27:
 698:Drivers/STM32F1xx_HAL_Driver/Src/stm32f1xx_hal_flash_ex.c ****     {
 363              		.loc 1 698 5 is_stmt 1 view .LVU119
 698:Drivers/STM32F1xx_HAL_Driver/Src/stm32f1xx_hal_flash_ex.c ****     {
 364              		.loc 1 698 8 is_stmt 0 view .LVU120
 365 003c 0028     		cmp	r0, #0
 366 003e 38D1     		bne	.L36
 701:Drivers/STM32F1xx_HAL_Driver/Src/stm32f1xx_hal_flash_ex.c **** 
 367              		.loc 1 701 7 view .LVU121
 368 0040 3A69     		ldr	r2, [r7, #16]
 657:Drivers/STM32F1xx_HAL_Driver/Src/stm32f1xx_hal_flash_ex.c ****   
 369              		.loc 1 657 20 discriminator 1 view .LVU122
 370 0042 28EA0606 		bic	r6, r8, r6
 371              	.LVL28:
 662:Drivers/STM32F1xx_HAL_Driver/Src/stm32f1xx_hal_flash_ex.c **** #endif /* OB_WRP_PAGES0TO31MASK */
 372              		.loc 1 662 13 view .LVU123
 373 0046 F3B2     		uxtb	r3, r6
 701:Drivers/STM32F1xx_HAL_Driver/Src/stm32f1xx_hal_flash_ex.c **** 
 374              		.loc 1 701 7 is_stmt 1 view .LVU124
 375 0048 42F01002 		orr	r2, r2, #16
 704:Drivers/STM32F1xx_HAL_Driver/Src/stm32f1xx_hal_flash_ex.c ****       {
 376              		.loc 1 704 9 is_stmt 0 view .LVU125
 377 004c FF2B     		cmp	r3, #255
 701:Drivers/STM32F1xx_HAL_Driver/Src/stm32f1xx_hal_flash_ex.c **** 
 378              		.loc 1 701 7 view .LVU126
 379 004e 3A61     		str	r2, [r7, #16]
 704:Drivers/STM32F1xx_HAL_Driver/Src/stm32f1xx_hal_flash_ex.c ****       {
 380              		.loc 1 704 7 is_stmt 1 view .LVU127
 704:Drivers/STM32F1xx_HAL_Driver/Src/stm32f1xx_hal_flash_ex.c ****       {
 381              		.loc 1 704 9 is_stmt 0 view .LVU128
 382 0050 1ED1     		bne	.L16
 383              	.L19:
 668:Drivers/STM32F1xx_HAL_Driver/Src/stm32f1xx_hal_flash_ex.c **** #endif /* OB_WRP_PAGES32TO63MASK */
 384              		.loc 1 668 13 view .LVU129
 385 0052 C6F30723 		ubfx	r3, r6, #8, #8
 386              	.LVL29:
 714:Drivers/STM32F1xx_HAL_Driver/Src/stm32f1xx_hal_flash_ex.c ****       {
 387              		.loc 1 714 29 discriminator 1 view .LVU130
 388 0056 FF2B     		cmp	r3, #255
 389 0058 08D0     		beq	.L18
 716:Drivers/STM32F1xx_HAL_Driver/Src/stm32f1xx_hal_flash_ex.c ****         
 390              		.loc 1 716 9 is_stmt 1 view .LVU131
 716:Drivers/STM32F1xx_HAL_Driver/Src/stm32f1xx_hal_flash_ex.c ****         
 391              		.loc 1 716 11 is_stmt 0 view .LVU132
 392 005a 634A     		ldr	r2, .L81+8
 719:Drivers/STM32F1xx_HAL_Driver/Src/stm32f1xx_hal_flash_ex.c ****       }
 393              		.loc 1 719 18 view .LVU133
 394 005c 4CF25030 		movw	r0, #50000
 716:Drivers/STM32F1xx_HAL_Driver/Src/stm32f1xx_hal_flash_ex.c ****         
 395              		.loc 1 716 11 view .LVU134
 396 0060 5189     		ldrh	r1, [r2, #10]
 716:Drivers/STM32F1xx_HAL_Driver/Src/stm32f1xx_hal_flash_ex.c ****         
 397              		.loc 1 716 18 view .LVU135
 398 0062 0B40     		ands	r3, r3, r1
 399 0064 5381     		strh	r3, [r2, #10]	@ movhi
 719:Drivers/STM32F1xx_HAL_Driver/Src/stm32f1xx_hal_flash_ex.c ****       }
ARM GAS  C:\Users\airforce\AppData\Local\Temp\ccqPXFte.s 			page 28


 400              		.loc 1 719 9 is_stmt 1 view .LVU136
 719:Drivers/STM32F1xx_HAL_Driver/Src/stm32f1xx_hal_flash_ex.c ****       }
 401              		.loc 1 719 18 is_stmt 0 view .LVU137
 402 0066 FFF7FEFF 		bl	FLASH_WaitForLastOperation
 403              	.LVL30:
 724:Drivers/STM32F1xx_HAL_Driver/Src/stm32f1xx_hal_flash_ex.c ****       {
 404              		.loc 1 724 7 is_stmt 1 view .LVU138
 724:Drivers/STM32F1xx_HAL_Driver/Src/stm32f1xx_hal_flash_ex.c ****       {
 405              		.loc 1 724 9 is_stmt 0 view .LVU139
 406 006a D8B9     		cbnz	r0, .L29
 407              	.LVL31:
 408              	.L18:
 672:Drivers/STM32F1xx_HAL_Driver/Src/stm32f1xx_hal_flash_ex.c **** #endif /* OB_WRP_PAGES64TO95MASK */
 409              		.loc 1 672 13 view .LVU140
 410 006c C6F30743 		ubfx	r3, r6, #16, #8
 724:Drivers/STM32F1xx_HAL_Driver/Src/stm32f1xx_hal_flash_ex.c ****       {
 411              		.loc 1 724 29 discriminator 1 view .LVU141
 412 0070 FF2B     		cmp	r3, #255
 413 0072 08D0     		beq	.L22
 726:Drivers/STM32F1xx_HAL_Driver/Src/stm32f1xx_hal_flash_ex.c ****         
 414              		.loc 1 726 9 is_stmt 1 view .LVU142
 726:Drivers/STM32F1xx_HAL_Driver/Src/stm32f1xx_hal_flash_ex.c ****         
 415              		.loc 1 726 11 is_stmt 0 view .LVU143
 416 0074 5C4A     		ldr	r2, .L81+8
 729:Drivers/STM32F1xx_HAL_Driver/Src/stm32f1xx_hal_flash_ex.c ****       }
 417              		.loc 1 729 18 view .LVU144
 418 0076 4CF25030 		movw	r0, #50000
 726:Drivers/STM32F1xx_HAL_Driver/Src/stm32f1xx_hal_flash_ex.c ****         
 419              		.loc 1 726 11 view .LVU145
 420 007a 9189     		ldrh	r1, [r2, #12]
 726:Drivers/STM32F1xx_HAL_Driver/Src/stm32f1xx_hal_flash_ex.c ****         
 421              		.loc 1 726 18 view .LVU146
 422 007c 0B40     		ands	r3, r3, r1
 423 007e 9381     		strh	r3, [r2, #12]	@ movhi
 729:Drivers/STM32F1xx_HAL_Driver/Src/stm32f1xx_hal_flash_ex.c ****       }
 424              		.loc 1 729 9 is_stmt 1 view .LVU147
 729:Drivers/STM32F1xx_HAL_Driver/Src/stm32f1xx_hal_flash_ex.c ****       }
 425              		.loc 1 729 18 is_stmt 0 view .LVU148
 426 0080 FFF7FEFF 		bl	FLASH_WaitForLastOperation
 427              	.LVL32:
 734:Drivers/STM32F1xx_HAL_Driver/Src/stm32f1xx_hal_flash_ex.c ****       {
 428              		.loc 1 734 7 is_stmt 1 view .LVU149
 734:Drivers/STM32F1xx_HAL_Driver/Src/stm32f1xx_hal_flash_ex.c ****       {
 429              		.loc 1 734 9 is_stmt 0 view .LVU150
 430 0084 70B9     		cbnz	r0, .L29
 431              	.LVL33:
 432              	.L22:
 679:Drivers/STM32F1xx_HAL_Driver/Src/stm32f1xx_hal_flash_ex.c **** #elif defined(OB_WRP_PAGES48TO255MASK)
 433              		.loc 1 679 71 view .LVU151
 434 0086 360E     		lsrs	r6, r6, #24
 734:Drivers/STM32F1xx_HAL_Driver/Src/stm32f1xx_hal_flash_ex.c ****       {
 435              		.loc 1 734 29 discriminator 1 view .LVU152
 436 0088 FF2E     		cmp	r6, #255
 437 008a 16D1     		bne	.L23
 438              	.LVL34:
 439              	.L80:
 734:Drivers/STM32F1xx_HAL_Driver/Src/stm32f1xx_hal_flash_ex.c ****       {
ARM GAS  C:\Users\airforce\AppData\Local\Temp\ccqPXFte.s 			page 29


 440              		.loc 1 734 29 discriminator 1 view .LVU153
 441              	.LBE38:
 442              	.LBE41:
 443              	.LBB42:
 444              	.LBB43:
 445 008c 0020     		movs	r0, #0
 446 008e 09E0     		b	.L29
 447              	.LVL35:
 448              	.L16:
 734:Drivers/STM32F1xx_HAL_Driver/Src/stm32f1xx_hal_flash_ex.c ****       {
 449              		.loc 1 734 29 discriminator 1 view .LVU154
 450              	.LBE43:
 451              	.LBE42:
 452              	.LBB49:
 453              	.LBB39:
 706:Drivers/STM32F1xx_HAL_Driver/Src/stm32f1xx_hal_flash_ex.c ****         
 454              		.loc 1 706 9 is_stmt 1 view .LVU155
 706:Drivers/STM32F1xx_HAL_Driver/Src/stm32f1xx_hal_flash_ex.c ****         
 455              		.loc 1 706 11 is_stmt 0 view .LVU156
 456 0090 554A     		ldr	r2, .L81+8
 709:Drivers/STM32F1xx_HAL_Driver/Src/stm32f1xx_hal_flash_ex.c ****       }
 457              		.loc 1 709 18 view .LVU157
 458 0092 4CF25030 		movw	r0, #50000
 459              	.LVL36:
 706:Drivers/STM32F1xx_HAL_Driver/Src/stm32f1xx_hal_flash_ex.c ****         
 460              		.loc 1 706 11 view .LVU158
 461 0096 1189     		ldrh	r1, [r2, #8]
 706:Drivers/STM32F1xx_HAL_Driver/Src/stm32f1xx_hal_flash_ex.c ****         
 462              		.loc 1 706 18 view .LVU159
 463 0098 0B40     		ands	r3, r3, r1
 464 009a 1381     		strh	r3, [r2, #8]	@ movhi
 709:Drivers/STM32F1xx_HAL_Driver/Src/stm32f1xx_hal_flash_ex.c ****       }
 465              		.loc 1 709 9 is_stmt 1 view .LVU160
 709:Drivers/STM32F1xx_HAL_Driver/Src/stm32f1xx_hal_flash_ex.c ****       }
 466              		.loc 1 709 18 is_stmt 0 view .LVU161
 467 009c FFF7FEFF 		bl	FLASH_WaitForLastOperation
 468              	.LVL37:
 714:Drivers/STM32F1xx_HAL_Driver/Src/stm32f1xx_hal_flash_ex.c ****       {
 469              		.loc 1 714 7 is_stmt 1 view .LVU162
 714:Drivers/STM32F1xx_HAL_Driver/Src/stm32f1xx_hal_flash_ex.c ****       {
 470              		.loc 1 714 9 is_stmt 0 view .LVU163
 471 00a0 0028     		cmp	r0, #0
 472 00a2 D6D0     		beq	.L19
 473              	.LVL38:
 474              	.L29:
 714:Drivers/STM32F1xx_HAL_Driver/Src/stm32f1xx_hal_flash_ex.c ****       {
 475              		.loc 1 714 9 view .LVU164
 476              	.LBE39:
 477              	.LBE49:
 478              	.LBB50:
 479              	.LBB46:
 867:Drivers/STM32F1xx_HAL_Driver/Src/stm32f1xx_hal_flash_ex.c ****     }
 480              		.loc 1 867 7 is_stmt 1 view .LVU165
 481 00a4 4F4A     		ldr	r2, .L81+4
 482 00a6 1369     		ldr	r3, [r2, #16]
 483 00a8 23F01003 		bic	r3, r3, #16
 484 00ac 1361     		str	r3, [r2, #16]
ARM GAS  C:\Users\airforce\AppData\Local\Temp\ccqPXFte.s 			page 30


 485              	.LVL39:
 867:Drivers/STM32F1xx_HAL_Driver/Src/stm32f1xx_hal_flash_ex.c ****     }
 486              		.loc 1 867 7 is_stmt 0 view .LVU166
 487              	.LBE46:
 488              	.LBE50:
 465:Drivers/STM32F1xx_HAL_Driver/Src/stm32f1xx_hal_flash_ex.c ****     {
 489              		.loc 1 465 5 is_stmt 1 view .LVU167
 465:Drivers/STM32F1xx_HAL_Driver/Src/stm32f1xx_hal_flash_ex.c ****     {
 490              		.loc 1 465 8 is_stmt 0 view .LVU168
 491 00ae 0028     		cmp	r0, #0
 492 00b0 51D0     		beq	.L13
 493              	.LVL40:
 494              	.L36:
 510:Drivers/STM32F1xx_HAL_Driver/Src/stm32f1xx_hal_flash_ex.c **** 
 495              		.loc 1 510 3 is_stmt 1 view .LVU169
 510:Drivers/STM32F1xx_HAL_Driver/Src/stm32f1xx_hal_flash_ex.c **** 
 496              		.loc 1 510 3 view .LVU170
 497 00b2 0023     		movs	r3, #0
 498 00b4 2B76     		strb	r3, [r5, #24]
 510:Drivers/STM32F1xx_HAL_Driver/Src/stm32f1xx_hal_flash_ex.c **** 
 499              		.loc 1 510 3 view .LVU171
 512:Drivers/STM32F1xx_HAL_Driver/Src/stm32f1xx_hal_flash_ex.c **** }
 500              		.loc 1 512 3 view .LVU172
 501              	.LVL41:
 502              	.L12:
 513:Drivers/STM32F1xx_HAL_Driver/Src/stm32f1xx_hal_flash_ex.c **** 
 503              		.loc 1 513 1 is_stmt 0 view .LVU173
 504 00b6 BDE8F081 		pop	{r4, r5, r6, r7, r8, pc}
 505              	.LVL42:
 506              	.L23:
 507              	.LBB51:
 508              	.LBB40:
 736:Drivers/STM32F1xx_HAL_Driver/Src/stm32f1xx_hal_flash_ex.c ****         
 509              		.loc 1 736 9 is_stmt 1 view .LVU174
 736:Drivers/STM32F1xx_HAL_Driver/Src/stm32f1xx_hal_flash_ex.c ****         
 510              		.loc 1 736 11 is_stmt 0 view .LVU175
 511 00ba 4B4B     		ldr	r3, .L81+8
 512 00bc DA89     		ldrh	r2, [r3, #14]
 736:Drivers/STM32F1xx_HAL_Driver/Src/stm32f1xx_hal_flash_ex.c ****         
 513              		.loc 1 736 18 view .LVU176
 514 00be 1640     		ands	r6, r6, r2
 515 00c0 DE81     		strh	r6, [r3, #14]	@ movhi
 739:Drivers/STM32F1xx_HAL_Driver/Src/stm32f1xx_hal_flash_ex.c ****       }
 516              		.loc 1 739 9 is_stmt 1 view .LVU177
 517              	.LVL43:
 518              	.L79:
 739:Drivers/STM32F1xx_HAL_Driver/Src/stm32f1xx_hal_flash_ex.c ****       }
 519              		.loc 1 739 9 is_stmt 0 view .LVU178
 520              	.LBE40:
 521              	.LBE51:
 522              	.LBB52:
 523              	.LBB47:
 862:Drivers/STM32F1xx_HAL_Driver/Src/stm32f1xx_hal_flash_ex.c ****       }
 524              		.loc 1 862 9 is_stmt 1 view .LVU179
 862:Drivers/STM32F1xx_HAL_Driver/Src/stm32f1xx_hal_flash_ex.c ****       }
 525              		.loc 1 862 18 is_stmt 0 view .LVU180
 526 00c2 4CF25030 		movw	r0, #50000
ARM GAS  C:\Users\airforce\AppData\Local\Temp\ccqPXFte.s 			page 31


 527 00c6 FFF7FEFF 		bl	FLASH_WaitForLastOperation
 528              	.LVL44:
 529 00ca EBE7     		b	.L29
 530              	.LVL45:
 531              	.L14:
 862:Drivers/STM32F1xx_HAL_Driver/Src/stm32f1xx_hal_flash_ex.c ****       }
 532              		.loc 1 862 18 view .LVU181
 533              	.LBE47:
 534              	.LBE52:
 463:Drivers/STM32F1xx_HAL_Driver/Src/stm32f1xx_hal_flash_ex.c ****     }
 535              		.loc 1 463 7 is_stmt 1 view .LVU182
 536              	.LBB53:
 537              	.LBI42:
 762:Drivers/STM32F1xx_HAL_Driver/Src/stm32f1xx_hal_flash_ex.c **** {
 538              		.loc 1 762 26 view .LVU183
 539              	.LBB48:
 764:Drivers/STM32F1xx_HAL_Driver/Src/stm32f1xx_hal_flash_ex.c ****   uint16_t WRP0_Data = 0xFFFF;
 540              		.loc 1 764 3 view .LVU184
 765:Drivers/STM32F1xx_HAL_Driver/Src/stm32f1xx_hal_flash_ex.c **** #if defined(FLASH_WRP1_WRP1)
 541              		.loc 1 765 3 view .LVU185
 767:Drivers/STM32F1xx_HAL_Driver/Src/stm32f1xx_hal_flash_ex.c **** #endif /* FLASH_WRP1_WRP1 */
 542              		.loc 1 767 3 view .LVU186
 770:Drivers/STM32F1xx_HAL_Driver/Src/stm32f1xx_hal_flash_ex.c **** #endif /* FLASH_WRP2_WRP2 */
 543              		.loc 1 770 3 view .LVU187
 773:Drivers/STM32F1xx_HAL_Driver/Src/stm32f1xx_hal_flash_ex.c **** #endif /* FLASH_WRP3_WRP3 */
 544              		.loc 1 773 3 view .LVU188
 777:Drivers/STM32F1xx_HAL_Driver/Src/stm32f1xx_hal_flash_ex.c **** 
 545              		.loc 1 777 3 view .LVU189
 780:Drivers/STM32F1xx_HAL_Driver/Src/stm32f1xx_hal_flash_ex.c **** 
 546              		.loc 1 780 3 view .LVU190
 547              	.LBB44:
 548              	.LBI44:
1016:Drivers/STM32F1xx_HAL_Driver/Src/stm32f1xx_hal_flash_ex.c **** {
 549              		.loc 1 1016 17 view .LVU191
 550              	.LBB45:
1019:Drivers/STM32F1xx_HAL_Driver/Src/stm32f1xx_hal_flash_ex.c **** }
 551              		.loc 1 1019 3 view .LVU192
 552              	.LBE45:
 553              	.LBE44:
 813:Drivers/STM32F1xx_HAL_Driver/Src/stm32f1xx_hal_flash_ex.c **** 
 554              		.loc 1 813 12 is_stmt 0 view .LVU193
 555 00cc FFF7FEFF 		bl	FLASH_WaitForLastOperation
 556              	.LVL46:
 815:Drivers/STM32F1xx_HAL_Driver/Src/stm32f1xx_hal_flash_ex.c ****   { 
 557              		.loc 1 815 3 is_stmt 1 view .LVU194
 815:Drivers/STM32F1xx_HAL_Driver/Src/stm32f1xx_hal_flash_ex.c ****   { 
 558              		.loc 1 815 5 is_stmt 0 view .LVU195
 559 00d0 0028     		cmp	r0, #0
 560 00d2 EED1     		bne	.L36
 818:Drivers/STM32F1xx_HAL_Driver/Src/stm32f1xx_hal_flash_ex.c **** 
 561              		.loc 1 818 5 is_stmt 1 view .LVU196
 818:Drivers/STM32F1xx_HAL_Driver/Src/stm32f1xx_hal_flash_ex.c **** 
 562              		.loc 1 818 22 is_stmt 0 view .LVU197
 563 00d4 E861     		str	r0, [r5, #28]
 821:Drivers/STM32F1xx_HAL_Driver/Src/stm32f1xx_hal_flash_ex.c ****     if (status == HAL_OK)  
 564              		.loc 1 821 5 is_stmt 1 view .LVU198
 821:Drivers/STM32F1xx_HAL_Driver/Src/stm32f1xx_hal_flash_ex.c ****     if (status == HAL_OK)  
ARM GAS  C:\Users\airforce\AppData\Local\Temp\ccqPXFte.s 			page 32


 565              		.loc 1 821 14 is_stmt 0 view .LVU199
 566 00d6 FFF7FEFF 		bl	HAL_FLASHEx_OBErase
 567              	.LVL47:
 822:Drivers/STM32F1xx_HAL_Driver/Src/stm32f1xx_hal_flash_ex.c ****     {
 568              		.loc 1 822 5 is_stmt 1 view .LVU200
 822:Drivers/STM32F1xx_HAL_Driver/Src/stm32f1xx_hal_flash_ex.c ****     {
 569              		.loc 1 822 8 is_stmt 0 view .LVU201
 570 00da 0028     		cmp	r0, #0
 571 00dc E9D1     		bne	.L36
 824:Drivers/STM32F1xx_HAL_Driver/Src/stm32f1xx_hal_flash_ex.c **** 
 572              		.loc 1 824 7 view .LVU202
 573 00de 3A69     		ldr	r2, [r7, #16]
 780:Drivers/STM32F1xx_HAL_Driver/Src/stm32f1xx_hal_flash_ex.c **** 
 574              		.loc 1 780 20 discriminator 1 view .LVU203
 575 00e0 48EA0606 		orr	r6, r8, r6
 576              	.LVL48:
 785:Drivers/STM32F1xx_HAL_Driver/Src/stm32f1xx_hal_flash_ex.c **** #endif /* OB_WRP_PAGES0TO31MASK */
 577              		.loc 1 785 13 view .LVU204
 578 00e4 F3B2     		uxtb	r3, r6
 824:Drivers/STM32F1xx_HAL_Driver/Src/stm32f1xx_hal_flash_ex.c **** 
 579              		.loc 1 824 7 is_stmt 1 view .LVU205
 580 00e6 42F01002 		orr	r2, r2, #16
 827:Drivers/STM32F1xx_HAL_Driver/Src/stm32f1xx_hal_flash_ex.c ****       {
 581              		.loc 1 827 9 is_stmt 0 view .LVU206
 582 00ea FF2B     		cmp	r3, #255
 824:Drivers/STM32F1xx_HAL_Driver/Src/stm32f1xx_hal_flash_ex.c **** 
 583              		.loc 1 824 7 view .LVU207
 584 00ec 3A61     		str	r2, [r7, #16]
 827:Drivers/STM32F1xx_HAL_Driver/Src/stm32f1xx_hal_flash_ex.c ****       {
 585              		.loc 1 827 7 is_stmt 1 view .LVU208
 827:Drivers/STM32F1xx_HAL_Driver/Src/stm32f1xx_hal_flash_ex.c ****       {
 586              		.loc 1 827 9 is_stmt 0 view .LVU209
 587 00ee 26D1     		bne	.L25
 588              	.L28:
 791:Drivers/STM32F1xx_HAL_Driver/Src/stm32f1xx_hal_flash_ex.c **** #endif /* OB_WRP_PAGES32TO63MASK */
 589              		.loc 1 791 13 view .LVU210
 590 00f0 C6F30723 		ubfx	r3, r6, #8, #8
 591              	.LVL49:
 837:Drivers/STM32F1xx_HAL_Driver/Src/stm32f1xx_hal_flash_ex.c ****       {
 592              		.loc 1 837 29 discriminator 1 view .LVU211
 593 00f4 FF2B     		cmp	r3, #255
 594 00f6 0AD0     		beq	.L27
 839:Drivers/STM32F1xx_HAL_Driver/Src/stm32f1xx_hal_flash_ex.c ****         
 595              		.loc 1 839 9 is_stmt 1 view .LVU212
 839:Drivers/STM32F1xx_HAL_Driver/Src/stm32f1xx_hal_flash_ex.c ****         
 596              		.loc 1 839 11 is_stmt 0 view .LVU213
 597 00f8 3B49     		ldr	r1, .L81+8
 842:Drivers/STM32F1xx_HAL_Driver/Src/stm32f1xx_hal_flash_ex.c ****       }
 598              		.loc 1 842 18 view .LVU214
 599 00fa 4CF25030 		movw	r0, #50000
 839:Drivers/STM32F1xx_HAL_Driver/Src/stm32f1xx_hal_flash_ex.c ****         
 600              		.loc 1 839 11 view .LVU215
 601 00fe 4A89     		ldrh	r2, [r1, #10]
 602 0100 92B2     		uxth	r2, r2
 839:Drivers/STM32F1xx_HAL_Driver/Src/stm32f1xx_hal_flash_ex.c ****         
 603              		.loc 1 839 18 view .LVU216
 604 0102 1343     		orrs	r3, r3, r2
ARM GAS  C:\Users\airforce\AppData\Local\Temp\ccqPXFte.s 			page 33


 605 0104 4B81     		strh	r3, [r1, #10]	@ movhi
 842:Drivers/STM32F1xx_HAL_Driver/Src/stm32f1xx_hal_flash_ex.c ****       }
 606              		.loc 1 842 9 is_stmt 1 view .LVU217
 842:Drivers/STM32F1xx_HAL_Driver/Src/stm32f1xx_hal_flash_ex.c ****       }
 607              		.loc 1 842 18 is_stmt 0 view .LVU218
 608 0106 FFF7FEFF 		bl	FLASH_WaitForLastOperation
 609              	.LVL50:
 847:Drivers/STM32F1xx_HAL_Driver/Src/stm32f1xx_hal_flash_ex.c ****       {
 610              		.loc 1 847 7 is_stmt 1 view .LVU219
 847:Drivers/STM32F1xx_HAL_Driver/Src/stm32f1xx_hal_flash_ex.c ****       {
 611              		.loc 1 847 9 is_stmt 0 view .LVU220
 612 010a 0028     		cmp	r0, #0
 613 010c CAD1     		bne	.L29
 614              	.LVL51:
 615              	.L27:
 795:Drivers/STM32F1xx_HAL_Driver/Src/stm32f1xx_hal_flash_ex.c **** #endif /* OB_WRP_PAGES64TO95MASK */
 616              		.loc 1 795 13 view .LVU221
 617 010e C6F30743 		ubfx	r3, r6, #16, #8
 847:Drivers/STM32F1xx_HAL_Driver/Src/stm32f1xx_hal_flash_ex.c ****       {
 618              		.loc 1 847 29 discriminator 1 view .LVU222
 619 0112 FF2B     		cmp	r3, #255
 620 0114 0AD0     		beq	.L31
 849:Drivers/STM32F1xx_HAL_Driver/Src/stm32f1xx_hal_flash_ex.c ****         
 621              		.loc 1 849 9 is_stmt 1 view .LVU223
 849:Drivers/STM32F1xx_HAL_Driver/Src/stm32f1xx_hal_flash_ex.c ****         
 622              		.loc 1 849 11 is_stmt 0 view .LVU224
 623 0116 3449     		ldr	r1, .L81+8
 852:Drivers/STM32F1xx_HAL_Driver/Src/stm32f1xx_hal_flash_ex.c ****       }
 624              		.loc 1 852 18 view .LVU225
 625 0118 4CF25030 		movw	r0, #50000
 849:Drivers/STM32F1xx_HAL_Driver/Src/stm32f1xx_hal_flash_ex.c ****         
 626              		.loc 1 849 11 view .LVU226
 627 011c 8A89     		ldrh	r2, [r1, #12]
 628 011e 92B2     		uxth	r2, r2
 849:Drivers/STM32F1xx_HAL_Driver/Src/stm32f1xx_hal_flash_ex.c ****         
 629              		.loc 1 849 18 view .LVU227
 630 0120 1343     		orrs	r3, r3, r2
 631 0122 8B81     		strh	r3, [r1, #12]	@ movhi
 852:Drivers/STM32F1xx_HAL_Driver/Src/stm32f1xx_hal_flash_ex.c ****       }
 632              		.loc 1 852 9 is_stmt 1 view .LVU228
 852:Drivers/STM32F1xx_HAL_Driver/Src/stm32f1xx_hal_flash_ex.c ****       }
 633              		.loc 1 852 18 is_stmt 0 view .LVU229
 634 0124 FFF7FEFF 		bl	FLASH_WaitForLastOperation
 635              	.LVL52:
 857:Drivers/STM32F1xx_HAL_Driver/Src/stm32f1xx_hal_flash_ex.c ****       {
 636              		.loc 1 857 7 is_stmt 1 view .LVU230
 857:Drivers/STM32F1xx_HAL_Driver/Src/stm32f1xx_hal_flash_ex.c ****       {
 637              		.loc 1 857 9 is_stmt 0 view .LVU231
 638 0128 0028     		cmp	r0, #0
 639 012a BBD1     		bne	.L29
 640              	.LVL53:
 641              	.L31:
 802:Drivers/STM32F1xx_HAL_Driver/Src/stm32f1xx_hal_flash_ex.c **** #elif defined(OB_WRP_PAGES48TO255MASK)
 642              		.loc 1 802 71 view .LVU232
 643 012c 360E     		lsrs	r6, r6, #24
 857:Drivers/STM32F1xx_HAL_Driver/Src/stm32f1xx_hal_flash_ex.c ****       {
 644              		.loc 1 857 29 discriminator 1 view .LVU233
ARM GAS  C:\Users\airforce\AppData\Local\Temp\ccqPXFte.s 			page 34


 645 012e FF2E     		cmp	r6, #255
 646 0130 ACD0     		beq	.L80
 859:Drivers/STM32F1xx_HAL_Driver/Src/stm32f1xx_hal_flash_ex.c ****         
 647              		.loc 1 859 9 is_stmt 1 view .LVU234
 859:Drivers/STM32F1xx_HAL_Driver/Src/stm32f1xx_hal_flash_ex.c ****         
 648              		.loc 1 859 11 is_stmt 0 view .LVU235
 649 0132 2D4A     		ldr	r2, .L81+8
 650 0134 D389     		ldrh	r3, [r2, #14]
 651 0136 9BB2     		uxth	r3, r3
 859:Drivers/STM32F1xx_HAL_Driver/Src/stm32f1xx_hal_flash_ex.c ****         
 652              		.loc 1 859 18 view .LVU236
 653 0138 3343     		orrs	r3, r3, r6
 654 013a D381     		strh	r3, [r2, #14]	@ movhi
 655 013c C1E7     		b	.L79
 656              	.LVL54:
 657              	.L25:
 829:Drivers/STM32F1xx_HAL_Driver/Src/stm32f1xx_hal_flash_ex.c ****         
 658              		.loc 1 829 9 is_stmt 1 view .LVU237
 829:Drivers/STM32F1xx_HAL_Driver/Src/stm32f1xx_hal_flash_ex.c ****         
 659              		.loc 1 829 11 is_stmt 0 view .LVU238
 660 013e 2A49     		ldr	r1, .L81+8
 832:Drivers/STM32F1xx_HAL_Driver/Src/stm32f1xx_hal_flash_ex.c ****       }
 661              		.loc 1 832 18 view .LVU239
 662 0140 4CF25030 		movw	r0, #50000
 663              	.LVL55:
 829:Drivers/STM32F1xx_HAL_Driver/Src/stm32f1xx_hal_flash_ex.c ****         
 664              		.loc 1 829 11 view .LVU240
 665 0144 0A89     		ldrh	r2, [r1, #8]
 666 0146 92B2     		uxth	r2, r2
 829:Drivers/STM32F1xx_HAL_Driver/Src/stm32f1xx_hal_flash_ex.c ****         
 667              		.loc 1 829 18 view .LVU241
 668 0148 1343     		orrs	r3, r3, r2
 669 014a 0B81     		strh	r3, [r1, #8]	@ movhi
 832:Drivers/STM32F1xx_HAL_Driver/Src/stm32f1xx_hal_flash_ex.c ****       }
 670              		.loc 1 832 9 is_stmt 1 view .LVU242
 832:Drivers/STM32F1xx_HAL_Driver/Src/stm32f1xx_hal_flash_ex.c ****       }
 671              		.loc 1 832 18 is_stmt 0 view .LVU243
 672 014c FFF7FEFF 		bl	FLASH_WaitForLastOperation
 673              	.LVL56:
 837:Drivers/STM32F1xx_HAL_Driver/Src/stm32f1xx_hal_flash_ex.c ****       {
 674              		.loc 1 837 7 is_stmt 1 view .LVU244
 837:Drivers/STM32F1xx_HAL_Driver/Src/stm32f1xx_hal_flash_ex.c ****       {
 675              		.loc 1 837 9 is_stmt 0 view .LVU245
 676 0150 0028     		cmp	r0, #0
 677 0152 A7D1     		bne	.L29
 678 0154 CCE7     		b	.L28
 679              	.LVL57:
 680              	.L13:
 837:Drivers/STM32F1xx_HAL_Driver/Src/stm32f1xx_hal_flash_ex.c ****       {
 681              		.loc 1 837 9 view .LVU246
 682              	.LBE48:
 683              	.LBE53:
 474:Drivers/STM32F1xx_HAL_Driver/Src/stm32f1xx_hal_flash_ex.c ****   {
 684              		.loc 1 474 3 is_stmt 1 view .LVU247
 474:Drivers/STM32F1xx_HAL_Driver/Src/stm32f1xx_hal_flash_ex.c ****   {
 685              		.loc 1 474 27 is_stmt 0 view .LVU248
 686 0156 2368     		ldr	r3, [r4]
ARM GAS  C:\Users\airforce\AppData\Local\Temp\ccqPXFte.s 			page 35


 474:Drivers/STM32F1xx_HAL_Driver/Src/stm32f1xx_hal_flash_ex.c ****   {
 687              		.loc 1 474 5 view .LVU249
 688 0158 9907     		lsls	r1, r3, #30
 689 015a 04D5     		bpl	.L33
 476:Drivers/STM32F1xx_HAL_Driver/Src/stm32f1xx_hal_flash_ex.c ****     if (status != HAL_OK)
 690              		.loc 1 476 5 is_stmt 1 view .LVU250
 476:Drivers/STM32F1xx_HAL_Driver/Src/stm32f1xx_hal_flash_ex.c ****     if (status != HAL_OK)
 691              		.loc 1 476 14 is_stmt 0 view .LVU251
 692 015c 207C     		ldrb	r0, [r4, #16]	@ zero_extendqisi2
 693              	.LVL58:
 476:Drivers/STM32F1xx_HAL_Driver/Src/stm32f1xx_hal_flash_ex.c ****     if (status != HAL_OK)
 694              		.loc 1 476 14 view .LVU252
 695 015e FFF7FEFF 		bl	FLASH_OB_RDP_LevelConfig
 696              	.LVL59:
 477:Drivers/STM32F1xx_HAL_Driver/Src/stm32f1xx_hal_flash_ex.c ****     {
 697              		.loc 1 477 5 is_stmt 1 view .LVU253
 477:Drivers/STM32F1xx_HAL_Driver/Src/stm32f1xx_hal_flash_ex.c ****     {
 698              		.loc 1 477 8 is_stmt 0 view .LVU254
 699 0162 0028     		cmp	r0, #0
 700 0164 A5D1     		bne	.L36
 701              	.L33:
 486:Drivers/STM32F1xx_HAL_Driver/Src/stm32f1xx_hal_flash_ex.c ****   {
 702              		.loc 1 486 3 is_stmt 1 view .LVU255
 486:Drivers/STM32F1xx_HAL_Driver/Src/stm32f1xx_hal_flash_ex.c ****   {
 703              		.loc 1 486 27 is_stmt 0 view .LVU256
 704 0166 2368     		ldr	r3, [r4]
 486:Drivers/STM32F1xx_HAL_Driver/Src/stm32f1xx_hal_flash_ex.c ****   {
 705              		.loc 1 486 5 view .LVU257
 706 0168 5A07     		lsls	r2, r3, #29
 707 016a 1AD5     		bpl	.L34
 488:Drivers/STM32F1xx_HAL_Driver/Src/stm32f1xx_hal_flash_ex.c ****     if (status != HAL_OK)
 708              		.loc 1 488 5 is_stmt 1 view .LVU258
 709              	.LBB54:
 710              	.LBB55:
 945:Drivers/STM32F1xx_HAL_Driver/Src/stm32f1xx_hal_flash_ex.c ****   
 711              		.loc 1 945 12 is_stmt 0 view .LVU259
 712 016c 4CF25030 		movw	r0, #50000
 713              	.LVL60:
 945:Drivers/STM32F1xx_HAL_Driver/Src/stm32f1xx_hal_flash_ex.c ****   
 714              		.loc 1 945 12 view .LVU260
 715              	.LBE55:
 716              	.LBE54:
 488:Drivers/STM32F1xx_HAL_Driver/Src/stm32f1xx_hal_flash_ex.c ****     if (status != HAL_OK)
 717              		.loc 1 488 14 view .LVU261
 718 0170 677C     		ldrb	r7, [r4, #17]	@ zero_extendqisi2
 719              	.LVL61:
 720              	.LBB57:
 721              	.LBI54:
 932:Drivers/STM32F1xx_HAL_Driver/Src/stm32f1xx_hal_flash_ex.c **** {
 722              		.loc 1 932 26 is_stmt 1 view .LVU262
 723              	.LBB56:
 934:Drivers/STM32F1xx_HAL_Driver/Src/stm32f1xx_hal_flash_ex.c **** 
 724              		.loc 1 934 3 view .LVU263
 937:Drivers/STM32F1xx_HAL_Driver/Src/stm32f1xx_hal_flash_ex.c ****   assert_param(IS_OB_STOP_SOURCE((UserConfig&OB_STOP_NO_RST)));
 725              		.loc 1 937 3 view .LVU264
 938:Drivers/STM32F1xx_HAL_Driver/Src/stm32f1xx_hal_flash_ex.c ****   assert_param(IS_OB_STDBY_SOURCE((UserConfig&OB_STDBY_NO_RST)));
 726              		.loc 1 938 3 view .LVU265
ARM GAS  C:\Users\airforce\AppData\Local\Temp\ccqPXFte.s 			page 36


 939:Drivers/STM32F1xx_HAL_Driver/Src/stm32f1xx_hal_flash_ex.c **** #if defined(FLASH_BANK2_END)
 727              		.loc 1 939 3 view .LVU266
 945:Drivers/STM32F1xx_HAL_Driver/Src/stm32f1xx_hal_flash_ex.c ****   
 728              		.loc 1 945 3 view .LVU267
 945:Drivers/STM32F1xx_HAL_Driver/Src/stm32f1xx_hal_flash_ex.c ****   
 729              		.loc 1 945 12 is_stmt 0 view .LVU268
 730 0172 FFF7FEFF 		bl	FLASH_WaitForLastOperation
 731              	.LVL62:
 947:Drivers/STM32F1xx_HAL_Driver/Src/stm32f1xx_hal_flash_ex.c ****   {     
 732              		.loc 1 947 3 is_stmt 1 view .LVU269
 947:Drivers/STM32F1xx_HAL_Driver/Src/stm32f1xx_hal_flash_ex.c ****   {     
 733              		.loc 1 947 5 is_stmt 0 view .LVU270
 734 0176 0028     		cmp	r0, #0
 735 0178 9BD1     		bne	.L36
 950:Drivers/STM32F1xx_HAL_Driver/Src/stm32f1xx_hal_flash_ex.c **** 
 736              		.loc 1 950 5 is_stmt 1 view .LVU271
 953:Drivers/STM32F1xx_HAL_Driver/Src/stm32f1xx_hal_flash_ex.c ****  
 737              		.loc 1 953 5 is_stmt 0 view .LVU272
 738 017a 1A4E     		ldr	r6, .L81+4
 950:Drivers/STM32F1xx_HAL_Driver/Src/stm32f1xx_hal_flash_ex.c **** 
 739              		.loc 1 950 22 view .LVU273
 740 017c E861     		str	r0, [r5, #28]
 953:Drivers/STM32F1xx_HAL_Driver/Src/stm32f1xx_hal_flash_ex.c ****  
 741              		.loc 1 953 5 is_stmt 1 view .LVU274
 742 017e 3369     		ldr	r3, [r6, #16]
 958:Drivers/STM32F1xx_HAL_Driver/Src/stm32f1xx_hal_flash_ex.c **** #endif /* FLASH_BANK2_END */
 743              		.loc 1 958 14 is_stmt 0 view .LVU275
 744 0180 47F08807 		orr	r7, r7, #136
 745              	.LVL63:
 953:Drivers/STM32F1xx_HAL_Driver/Src/stm32f1xx_hal_flash_ex.c ****  
 746              		.loc 1 953 5 view .LVU276
 747 0184 43F01003 		orr	r3, r3, #16
 748 0188 3361     		str	r3, [r6, #16]
 958:Drivers/STM32F1xx_HAL_Driver/Src/stm32f1xx_hal_flash_ex.c **** #endif /* FLASH_BANK2_END */
 749              		.loc 1 958 5 is_stmt 1 view .LVU277
 958:Drivers/STM32F1xx_HAL_Driver/Src/stm32f1xx_hal_flash_ex.c **** #endif /* FLASH_BANK2_END */
 750              		.loc 1 958 14 is_stmt 0 view .LVU278
 751 018a 174B     		ldr	r3, .L81+8
 962:Drivers/STM32F1xx_HAL_Driver/Src/stm32f1xx_hal_flash_ex.c **** 
 752              		.loc 1 962 14 view .LVU279
 753 018c 4CF25030 		movw	r0, #50000
 754              	.LVL64:
 958:Drivers/STM32F1xx_HAL_Driver/Src/stm32f1xx_hal_flash_ex.c **** #endif /* FLASH_BANK2_END */
 755              		.loc 1 958 14 view .LVU280
 756 0190 5F80     		strh	r7, [r3, #2]	@ movhi
 962:Drivers/STM32F1xx_HAL_Driver/Src/stm32f1xx_hal_flash_ex.c **** 
 757              		.loc 1 962 5 is_stmt 1 view .LVU281
 962:Drivers/STM32F1xx_HAL_Driver/Src/stm32f1xx_hal_flash_ex.c **** 
 758              		.loc 1 962 14 is_stmt 0 view .LVU282
 759 0192 FFF7FEFF 		bl	FLASH_WaitForLastOperation
 760              	.LVL65:
 965:Drivers/STM32F1xx_HAL_Driver/Src/stm32f1xx_hal_flash_ex.c ****   }
 761              		.loc 1 965 5 is_stmt 1 view .LVU283
 762 0196 3369     		ldr	r3, [r6, #16]
 763 0198 23F01003 		bic	r3, r3, #16
 764 019c 3361     		str	r3, [r6, #16]
 968:Drivers/STM32F1xx_HAL_Driver/Src/stm32f1xx_hal_flash_ex.c **** }
ARM GAS  C:\Users\airforce\AppData\Local\Temp\ccqPXFte.s 			page 37


 765              		.loc 1 968 3 view .LVU284
 766              	.LVL66:
 968:Drivers/STM32F1xx_HAL_Driver/Src/stm32f1xx_hal_flash_ex.c **** }
 767              		.loc 1 968 3 is_stmt 0 view .LVU285
 768              	.LBE56:
 769              	.LBE57:
 489:Drivers/STM32F1xx_HAL_Driver/Src/stm32f1xx_hal_flash_ex.c ****     {
 770              		.loc 1 489 5 is_stmt 1 view .LVU286
 489:Drivers/STM32F1xx_HAL_Driver/Src/stm32f1xx_hal_flash_ex.c ****     {
 771              		.loc 1 489 8 is_stmt 0 view .LVU287
 772 019e 0028     		cmp	r0, #0
 773 01a0 87D1     		bne	.L36
 774              	.L34:
 498:Drivers/STM32F1xx_HAL_Driver/Src/stm32f1xx_hal_flash_ex.c ****   {
 775              		.loc 1 498 3 is_stmt 1 view .LVU288
 498:Drivers/STM32F1xx_HAL_Driver/Src/stm32f1xx_hal_flash_ex.c ****   {
 776              		.loc 1 498 27 is_stmt 0 view .LVU289
 777 01a2 2368     		ldr	r3, [r4]
 498:Drivers/STM32F1xx_HAL_Driver/Src/stm32f1xx_hal_flash_ex.c ****   {
 778              		.loc 1 498 5 view .LVU290
 779 01a4 1B07     		lsls	r3, r3, #28
 780 01a6 84D5     		bpl	.L36
 500:Drivers/STM32F1xx_HAL_Driver/Src/stm32f1xx_hal_flash_ex.c ****     if (status != HAL_OK)
 781              		.loc 1 500 5 is_stmt 1 view .LVU291
 782              	.LBB58:
 783              	.LBB59:
 991:Drivers/STM32F1xx_HAL_Driver/Src/stm32f1xx_hal_flash_ex.c ****   
 784              		.loc 1 991 12 is_stmt 0 view .LVU292
 785 01a8 4CF25030 		movw	r0, #50000
 786              	.LVL67:
 991:Drivers/STM32F1xx_HAL_Driver/Src/stm32f1xx_hal_flash_ex.c ****   
 787              		.loc 1 991 12 view .LVU293
 788              	.LBE59:
 789              	.LBE58:
 500:Drivers/STM32F1xx_HAL_Driver/Src/stm32f1xx_hal_flash_ex.c ****     if (status != HAL_OK)
 790              		.loc 1 500 14 view .LVU294
 791 01ac 6669     		ldr	r6, [r4, #20]
 792 01ae 277E     		ldrb	r7, [r4, #24]	@ zero_extendqisi2
 793              	.LVL68:
 794              	.LBB61:
 795              	.LBI58:
 983:Drivers/STM32F1xx_HAL_Driver/Src/stm32f1xx_hal_flash_ex.c **** {
 796              		.loc 1 983 26 is_stmt 1 view .LVU295
 797              	.LBB60:
 985:Drivers/STM32F1xx_HAL_Driver/Src/stm32f1xx_hal_flash_ex.c ****   
 798              		.loc 1 985 3 view .LVU296
 988:Drivers/STM32F1xx_HAL_Driver/Src/stm32f1xx_hal_flash_ex.c ****   
 799              		.loc 1 988 3 view .LVU297
 991:Drivers/STM32F1xx_HAL_Driver/Src/stm32f1xx_hal_flash_ex.c ****   
 800              		.loc 1 991 3 view .LVU298
 991:Drivers/STM32F1xx_HAL_Driver/Src/stm32f1xx_hal_flash_ex.c ****   
 801              		.loc 1 991 12 is_stmt 0 view .LVU299
 802 01b0 FFF7FEFF 		bl	FLASH_WaitForLastOperation
 803              	.LVL69:
 993:Drivers/STM32F1xx_HAL_Driver/Src/stm32f1xx_hal_flash_ex.c ****   {
 804              		.loc 1 993 3 is_stmt 1 view .LVU300
 993:Drivers/STM32F1xx_HAL_Driver/Src/stm32f1xx_hal_flash_ex.c ****   {
ARM GAS  C:\Users\airforce\AppData\Local\Temp\ccqPXFte.s 			page 38


 805              		.loc 1 993 5 is_stmt 0 view .LVU301
 806 01b4 0028     		cmp	r0, #0
 807 01b6 7FF47CAF 		bne	.L36
 996:Drivers/STM32F1xx_HAL_Driver/Src/stm32f1xx_hal_flash_ex.c **** 
 808              		.loc 1 996 5 is_stmt 1 view .LVU302
 999:Drivers/STM32F1xx_HAL_Driver/Src/stm32f1xx_hal_flash_ex.c ****     *(__IO uint16_t*)Address = Data;
 809              		.loc 1 999 5 is_stmt 0 view .LVU303
 810 01ba 0A4C     		ldr	r4, .L81+4
 811              	.LVL70:
 996:Drivers/STM32F1xx_HAL_Driver/Src/stm32f1xx_hal_flash_ex.c **** 
 812              		.loc 1 996 22 view .LVU304
 813 01bc E861     		str	r0, [r5, #28]
 999:Drivers/STM32F1xx_HAL_Driver/Src/stm32f1xx_hal_flash_ex.c ****     *(__IO uint16_t*)Address = Data;
 814              		.loc 1 999 5 is_stmt 1 view .LVU305
 815 01be 2369     		ldr	r3, [r4, #16]
1003:Drivers/STM32F1xx_HAL_Driver/Src/stm32f1xx_hal_flash_ex.c ****     
 816              		.loc 1 1003 14 is_stmt 0 view .LVU306
 817 01c0 4CF25030 		movw	r0, #50000
 818              	.LVL71:
 999:Drivers/STM32F1xx_HAL_Driver/Src/stm32f1xx_hal_flash_ex.c ****     *(__IO uint16_t*)Address = Data;
 819              		.loc 1 999 5 view .LVU307
 820 01c4 43F01003 		orr	r3, r3, #16
 821 01c8 2361     		str	r3, [r4, #16]
 822              	.LVL72:
1000:Drivers/STM32F1xx_HAL_Driver/Src/stm32f1xx_hal_flash_ex.c ****     
 823              		.loc 1 1000 5 is_stmt 1 view .LVU308
1000:Drivers/STM32F1xx_HAL_Driver/Src/stm32f1xx_hal_flash_ex.c ****     
 824              		.loc 1 1000 30 is_stmt 0 view .LVU309
 825 01ca 3780     		strh	r7, [r6]	@ movhi
1003:Drivers/STM32F1xx_HAL_Driver/Src/stm32f1xx_hal_flash_ex.c ****     
 826              		.loc 1 1003 5 is_stmt 1 view .LVU310
1003:Drivers/STM32F1xx_HAL_Driver/Src/stm32f1xx_hal_flash_ex.c ****     
 827              		.loc 1 1003 14 is_stmt 0 view .LVU311
 828 01cc FFF7FEFF 		bl	FLASH_WaitForLastOperation
 829              	.LVL73:
1006:Drivers/STM32F1xx_HAL_Driver/Src/stm32f1xx_hal_flash_ex.c ****   }
 830              		.loc 1 1006 5 is_stmt 1 view .LVU312
 831 01d0 2369     		ldr	r3, [r4, #16]
 832 01d2 23F01003 		bic	r3, r3, #16
 833 01d6 2361     		str	r3, [r4, #16]
1009:Drivers/STM32F1xx_HAL_Driver/Src/stm32f1xx_hal_flash_ex.c **** }
 834              		.loc 1 1009 3 view .LVU313
 835              	.LVL74:
1009:Drivers/STM32F1xx_HAL_Driver/Src/stm32f1xx_hal_flash_ex.c **** }
 836              		.loc 1 1009 3 is_stmt 0 view .LVU314
 837              	.LBE60:
 838              	.LBE61:
 501:Drivers/STM32F1xx_HAL_Driver/Src/stm32f1xx_hal_flash_ex.c ****     {
 839              		.loc 1 501 5 is_stmt 1 view .LVU315
 840 01d8 6BE7     		b	.L36
 841              	.LVL75:
 842              	.L38:
 446:Drivers/STM32F1xx_HAL_Driver/Src/stm32f1xx_hal_flash_ex.c **** 
 843              		.loc 1 446 3 is_stmt 0 discriminator 1 view .LVU316
 844 01da 0220     		movs	r0, #2
 845              	.LVL76:
 446:Drivers/STM32F1xx_HAL_Driver/Src/stm32f1xx_hal_flash_ex.c **** 
ARM GAS  C:\Users\airforce\AppData\Local\Temp\ccqPXFte.s 			page 39


 846              		.loc 1 446 3 discriminator 1 view .LVU317
 847 01dc 6BE7     		b	.L12
 848              	.L82:
 849 01de 00BF     		.align	2
 850              	.L81:
 851 01e0 00000000 		.word	pFlash
 852 01e4 00200240 		.word	1073881088
 853 01e8 00F8FF1F 		.word	536868864
 854              		.cfi_endproc
 855              	.LFE68:
 857              		.section	.text.HAL_FLASHEx_OBGetConfig,"ax",%progbits
 858              		.align	1
 859              		.global	HAL_FLASHEx_OBGetConfig
 860              		.syntax unified
 861              		.thumb
 862              		.thumb_func
 864              	HAL_FLASHEx_OBGetConfig:
 865              	.LVL77:
 866              	.LFB69:
 523:Drivers/STM32F1xx_HAL_Driver/Src/stm32f1xx_hal_flash_ex.c ****   pOBInit->OptionType = OPTIONBYTE_WRP | OPTIONBYTE_RDP | OPTIONBYTE_USER;
 867              		.loc 1 523 1 is_stmt 1 view -0
 868              		.cfi_startproc
 869              		@ args = 0, pretend = 0, frame = 0
 870              		@ frame_needed = 0, uses_anonymous_args = 0
 871              		@ link register save eliminated.
 524:Drivers/STM32F1xx_HAL_Driver/Src/stm32f1xx_hal_flash_ex.c **** 
 872              		.loc 1 524 3 view .LVU319
 524:Drivers/STM32F1xx_HAL_Driver/Src/stm32f1xx_hal_flash_ex.c **** 
 873              		.loc 1 524 23 is_stmt 0 view .LVU320
 874 0000 0723     		movs	r3, #7
 875 0002 0360     		str	r3, [r0]
 527:Drivers/STM32F1xx_HAL_Driver/Src/stm32f1xx_hal_flash_ex.c **** 
 876              		.loc 1 527 3 is_stmt 1 view .LVU321
 877              	.LBB68:
 878              	.LBI68:
1016:Drivers/STM32F1xx_HAL_Driver/Src/stm32f1xx_hal_flash_ex.c **** {
 879              		.loc 1 1016 17 view .LVU322
 880              	.LBB69:
1019:Drivers/STM32F1xx_HAL_Driver/Src/stm32f1xx_hal_flash_ex.c **** }
 881              		.loc 1 1019 3 view .LVU323
1019:Drivers/STM32F1xx_HAL_Driver/Src/stm32f1xx_hal_flash_ex.c **** }
 882              		.loc 1 1019 10 is_stmt 0 view .LVU324
 883 0004 074B     		ldr	r3, .L86
 884 0006 1A6A     		ldr	r2, [r3, #32]
 885              	.LBE69:
 886              	.LBE68:
 527:Drivers/STM32F1xx_HAL_Driver/Src/stm32f1xx_hal_flash_ex.c **** 
 887              		.loc 1 527 20 discriminator 1 view .LVU325
 888 0008 8260     		str	r2, [r0, #8]
 530:Drivers/STM32F1xx_HAL_Driver/Src/stm32f1xx_hal_flash_ex.c **** 
 889              		.loc 1 530 3 is_stmt 1 view .LVU326
 890              	.LBB70:
 891              	.LBI70:
1029:Drivers/STM32F1xx_HAL_Driver/Src/stm32f1xx_hal_flash_ex.c **** {
 892              		.loc 1 1029 17 view .LVU327
 893              	.LBB71:
1031:Drivers/STM32F1xx_HAL_Driver/Src/stm32f1xx_hal_flash_ex.c ****   uint32_t tmp_reg = 0U;
ARM GAS  C:\Users\airforce\AppData\Local\Temp\ccqPXFte.s 			page 40


 894              		.loc 1 1031 3 view .LVU328
 895              	.LVL78:
1032:Drivers/STM32F1xx_HAL_Driver/Src/stm32f1xx_hal_flash_ex.c ****   
 896              		.loc 1 1032 3 view .LVU329
1035:Drivers/STM32F1xx_HAL_Driver/Src/stm32f1xx_hal_flash_ex.c **** 
 897              		.loc 1 1035 3 view .LVU330
1035:Drivers/STM32F1xx_HAL_Driver/Src/stm32f1xx_hal_flash_ex.c **** 
 898              		.loc 1 1035 13 is_stmt 0 view .LVU331
 899 000a DA69     		ldr	r2, [r3, #28]
 900              	.LVL79:
1037:Drivers/STM32F1xx_HAL_Driver/Src/stm32f1xx_hal_flash_ex.c ****   {
 901              		.loc 1 1037 3 is_stmt 1 view .LVU332
1039:Drivers/STM32F1xx_HAL_Driver/Src/stm32f1xx_hal_flash_ex.c ****   }
 902              		.loc 1 1039 16 is_stmt 0 view .LVU333
 903 000c 12F0020F 		tst	r2, #2
 904 0010 0CBF     		ite	eq
 905 0012 A522     		moveq	r2, #165
 906              	.LVL80:
1039:Drivers/STM32F1xx_HAL_Driver/Src/stm32f1xx_hal_flash_ex.c ****   }
 907              		.loc 1 1039 16 view .LVU334
 908 0014 0022     		movne	r2, #0
 909              	.LVL81:
 910              		.loc 1 1046 3 is_stmt 1 view .LVU335
 911              		.loc 1 1046 3 is_stmt 0 view .LVU336
 912              	.LBE71:
 913              	.LBE70:
 530:Drivers/STM32F1xx_HAL_Driver/Src/stm32f1xx_hal_flash_ex.c **** 
 914              		.loc 1 530 21 discriminator 1 view .LVU337
 915 0016 0274     		strb	r2, [r0, #16]
 533:Drivers/STM32F1xx_HAL_Driver/Src/stm32f1xx_hal_flash_ex.c **** }
 916              		.loc 1 533 3 is_stmt 1 view .LVU338
 917              	.LBB72:
 918              	.LBI72:
1047:Drivers/STM32F1xx_HAL_Driver/Src/stm32f1xx_hal_flash_ex.c **** }
1048:Drivers/STM32F1xx_HAL_Driver/Src/stm32f1xx_hal_flash_ex.c **** 
1049:Drivers/STM32F1xx_HAL_Driver/Src/stm32f1xx_hal_flash_ex.c **** /**
1050:Drivers/STM32F1xx_HAL_Driver/Src/stm32f1xx_hal_flash_ex.c ****   * @brief  Return the FLASH User Option Byte value.
1051:Drivers/STM32F1xx_HAL_Driver/Src/stm32f1xx_hal_flash_ex.c ****   * @retval The FLASH User Option Bytes values: FLASH_OBR_IWDG_SW(Bit2), 
1052:Drivers/STM32F1xx_HAL_Driver/Src/stm32f1xx_hal_flash_ex.c ****   *         FLASH_OBR_nRST_STOP(Bit3),FLASH_OBR_nRST_STDBY(Bit4).
1053:Drivers/STM32F1xx_HAL_Driver/Src/stm32f1xx_hal_flash_ex.c ****   *         And FLASH_OBR_BFB2(Bit5) for STM32F101xG and STM32F103xG . 
1054:Drivers/STM32F1xx_HAL_Driver/Src/stm32f1xx_hal_flash_ex.c ****   */
1055:Drivers/STM32F1xx_HAL_Driver/Src/stm32f1xx_hal_flash_ex.c **** static uint8_t FLASH_OB_GetUser(void)
 919              		.loc 1 1055 16 view .LVU339
 920              	.LBB73:
1056:Drivers/STM32F1xx_HAL_Driver/Src/stm32f1xx_hal_flash_ex.c **** {
1057:Drivers/STM32F1xx_HAL_Driver/Src/stm32f1xx_hal_flash_ex.c ****   /* Return the User Option Byte */
1058:Drivers/STM32F1xx_HAL_Driver/Src/stm32f1xx_hal_flash_ex.c ****   return (uint8_t)((READ_REG(FLASH->OBR) & FLASH_OBR_USER) >> FLASH_POSITION_IWDGSW_BIT);
 921              		.loc 1 1058 3 view .LVU340
 922              		.loc 1 1058 21 is_stmt 0 view .LVU341
 923 0018 DB69     		ldr	r3, [r3, #28]
 924              		.loc 1 1058 10 view .LVU342
 925 001a C3F38203 		ubfx	r3, r3, #2, #3
 926              	.LBE73:
 927              	.LBE72:
 533:Drivers/STM32F1xx_HAL_Driver/Src/stm32f1xx_hal_flash_ex.c **** }
 928              		.loc 1 533 23 discriminator 1 view .LVU343
 929 001e 4374     		strb	r3, [r0, #17]
ARM GAS  C:\Users\airforce\AppData\Local\Temp\ccqPXFte.s 			page 41


 534:Drivers/STM32F1xx_HAL_Driver/Src/stm32f1xx_hal_flash_ex.c **** 
 930              		.loc 1 534 1 view .LVU344
 931 0020 7047     		bx	lr
 932              	.L87:
 933 0022 00BF     		.align	2
 934              	.L86:
 935 0024 00200240 		.word	1073881088
 936              		.cfi_endproc
 937              	.LFE69:
 939              		.section	.text.HAL_FLASHEx_OBGetUserData,"ax",%progbits
 940              		.align	1
 941              		.global	HAL_FLASHEx_OBGetUserData
 942              		.syntax unified
 943              		.thumb
 944              		.thumb_func
 946              	HAL_FLASHEx_OBGetUserData:
 947              	.LVL82:
 948              	.LFB70:
 545:Drivers/STM32F1xx_HAL_Driver/Src/stm32f1xx_hal_flash_ex.c ****   uint32_t value = 0;
 949              		.loc 1 545 1 is_stmt 1 view -0
 950              		.cfi_startproc
 951              		@ args = 0, pretend = 0, frame = 0
 952              		@ frame_needed = 0, uses_anonymous_args = 0
 953              		@ link register save eliminated.
 546:Drivers/STM32F1xx_HAL_Driver/Src/stm32f1xx_hal_flash_ex.c ****   
 954              		.loc 1 546 3 view .LVU346
 548:Drivers/STM32F1xx_HAL_Driver/Src/stm32f1xx_hal_flash_ex.c ****   {
 955              		.loc 1 548 3 view .LVU347
 548:Drivers/STM32F1xx_HAL_Driver/Src/stm32f1xx_hal_flash_ex.c ****   {
 956              		.loc 1 548 6 is_stmt 0 view .LVU348
 957 0000 044B     		ldr	r3, .L91
 958 0002 9842     		cmp	r0, r3
 959 0004 044B     		ldr	r3, .L91+4
 551:Drivers/STM32F1xx_HAL_Driver/Src/stm32f1xx_hal_flash_ex.c ****   }
 960              		.loc 1 551 13 view .LVU349
 961 0006 D869     		ldr	r0, [r3, #28]
 962              	.LVL83:
 551:Drivers/STM32F1xx_HAL_Driver/Src/stm32f1xx_hal_flash_ex.c ****   }
 963              		.loc 1 551 5 is_stmt 1 view .LVU350
 551:Drivers/STM32F1xx_HAL_Driver/Src/stm32f1xx_hal_flash_ex.c ****   }
 964              		.loc 1 551 11 is_stmt 0 view .LVU351
 965 0008 0CBF     		ite	eq
 966 000a C0F38720 		ubfxeq	r0, r0, #10, #8
 967              	.LVL84:
 556:Drivers/STM32F1xx_HAL_Driver/Src/stm32f1xx_hal_flash_ex.c ****   }
 968              		.loc 1 556 5 is_stmt 1 view .LVU352
 556:Drivers/STM32F1xx_HAL_Driver/Src/stm32f1xx_hal_flash_ex.c ****   }
 969              		.loc 1 556 11 is_stmt 0 view .LVU353
 970 000e C0F38740 		ubfxne	r0, r0, #18, #8
 971              	.LVL85:
 559:Drivers/STM32F1xx_HAL_Driver/Src/stm32f1xx_hal_flash_ex.c **** }
 972              		.loc 1 559 3 is_stmt 1 view .LVU354
 560:Drivers/STM32F1xx_HAL_Driver/Src/stm32f1xx_hal_flash_ex.c **** 
 973              		.loc 1 560 1 is_stmt 0 view .LVU355
 974 0012 7047     		bx	lr
 975              	.L92:
 976              		.align	2
ARM GAS  C:\Users\airforce\AppData\Local\Temp\ccqPXFte.s 			page 42


 977              	.L91:
 978 0014 04F8FF1F 		.word	536868868
 979 0018 00200240 		.word	1073881088
 980              		.cfi_endproc
 981              	.LFE70:
 983              		.section	.text.FLASH_PageErase,"ax",%progbits
 984              		.align	1
 985              		.global	FLASH_PageErase
 986              		.syntax unified
 987              		.thumb
 988              		.thumb_func
 990              	FLASH_PageErase:
 991              	.LVL86:
 992              	.LFB80:
1059:Drivers/STM32F1xx_HAL_Driver/Src/stm32f1xx_hal_flash_ex.c **** }
1060:Drivers/STM32F1xx_HAL_Driver/Src/stm32f1xx_hal_flash_ex.c **** 
1061:Drivers/STM32F1xx_HAL_Driver/Src/stm32f1xx_hal_flash_ex.c **** /**
1062:Drivers/STM32F1xx_HAL_Driver/Src/stm32f1xx_hal_flash_ex.c ****   * @}
1063:Drivers/STM32F1xx_HAL_Driver/Src/stm32f1xx_hal_flash_ex.c ****   */
1064:Drivers/STM32F1xx_HAL_Driver/Src/stm32f1xx_hal_flash_ex.c **** 
1065:Drivers/STM32F1xx_HAL_Driver/Src/stm32f1xx_hal_flash_ex.c **** /**
1066:Drivers/STM32F1xx_HAL_Driver/Src/stm32f1xx_hal_flash_ex.c ****   * @}
1067:Drivers/STM32F1xx_HAL_Driver/Src/stm32f1xx_hal_flash_ex.c ****   */
1068:Drivers/STM32F1xx_HAL_Driver/Src/stm32f1xx_hal_flash_ex.c **** 
1069:Drivers/STM32F1xx_HAL_Driver/Src/stm32f1xx_hal_flash_ex.c **** /** @addtogroup FLASH
1070:Drivers/STM32F1xx_HAL_Driver/Src/stm32f1xx_hal_flash_ex.c ****   * @{
1071:Drivers/STM32F1xx_HAL_Driver/Src/stm32f1xx_hal_flash_ex.c ****   */
1072:Drivers/STM32F1xx_HAL_Driver/Src/stm32f1xx_hal_flash_ex.c **** 
1073:Drivers/STM32F1xx_HAL_Driver/Src/stm32f1xx_hal_flash_ex.c **** /** @addtogroup FLASH_Private_Functions
1074:Drivers/STM32F1xx_HAL_Driver/Src/stm32f1xx_hal_flash_ex.c ****  * @{
1075:Drivers/STM32F1xx_HAL_Driver/Src/stm32f1xx_hal_flash_ex.c ****  */
1076:Drivers/STM32F1xx_HAL_Driver/Src/stm32f1xx_hal_flash_ex.c **** 
1077:Drivers/STM32F1xx_HAL_Driver/Src/stm32f1xx_hal_flash_ex.c **** /**
1078:Drivers/STM32F1xx_HAL_Driver/Src/stm32f1xx_hal_flash_ex.c ****   * @brief  Erase the specified FLASH memory page
1079:Drivers/STM32F1xx_HAL_Driver/Src/stm32f1xx_hal_flash_ex.c ****   * @param  PageAddress FLASH page to erase
1080:Drivers/STM32F1xx_HAL_Driver/Src/stm32f1xx_hal_flash_ex.c ****   *         The value of this parameter depend on device used within the same series      
1081:Drivers/STM32F1xx_HAL_Driver/Src/stm32f1xx_hal_flash_ex.c ****   * 
1082:Drivers/STM32F1xx_HAL_Driver/Src/stm32f1xx_hal_flash_ex.c ****   * @retval None
1083:Drivers/STM32F1xx_HAL_Driver/Src/stm32f1xx_hal_flash_ex.c ****   */
1084:Drivers/STM32F1xx_HAL_Driver/Src/stm32f1xx_hal_flash_ex.c **** void FLASH_PageErase(uint32_t PageAddress)
1085:Drivers/STM32F1xx_HAL_Driver/Src/stm32f1xx_hal_flash_ex.c **** {
 993              		.loc 1 1085 1 is_stmt 1 view -0
 994              		.cfi_startproc
 995              		@ args = 0, pretend = 0, frame = 0
 996              		@ frame_needed = 0, uses_anonymous_args = 0
 997              		@ link register save eliminated.
1086:Drivers/STM32F1xx_HAL_Driver/Src/stm32f1xx_hal_flash_ex.c ****   /* Clean the error context */
1087:Drivers/STM32F1xx_HAL_Driver/Src/stm32f1xx_hal_flash_ex.c ****   pFlash.ErrorCode = HAL_FLASH_ERROR_NONE;
 998              		.loc 1 1087 3 view .LVU357
 999              		.loc 1 1087 20 is_stmt 0 view .LVU358
 1000 0000 0022     		movs	r2, #0
 1001 0002 064B     		ldr	r3, .L94
 1002 0004 DA61     		str	r2, [r3, #28]
1088:Drivers/STM32F1xx_HAL_Driver/Src/stm32f1xx_hal_flash_ex.c **** 
1089:Drivers/STM32F1xx_HAL_Driver/Src/stm32f1xx_hal_flash_ex.c **** #if defined(FLASH_BANK2_END)
1090:Drivers/STM32F1xx_HAL_Driver/Src/stm32f1xx_hal_flash_ex.c ****   if(PageAddress > FLASH_BANK1_END)
1091:Drivers/STM32F1xx_HAL_Driver/Src/stm32f1xx_hal_flash_ex.c ****   { 
ARM GAS  C:\Users\airforce\AppData\Local\Temp\ccqPXFte.s 			page 43


1092:Drivers/STM32F1xx_HAL_Driver/Src/stm32f1xx_hal_flash_ex.c ****     /* Proceed to erase the page */
1093:Drivers/STM32F1xx_HAL_Driver/Src/stm32f1xx_hal_flash_ex.c ****     SET_BIT(FLASH->CR2, FLASH_CR2_PER);
1094:Drivers/STM32F1xx_HAL_Driver/Src/stm32f1xx_hal_flash_ex.c ****     WRITE_REG(FLASH->AR2, PageAddress);
1095:Drivers/STM32F1xx_HAL_Driver/Src/stm32f1xx_hal_flash_ex.c ****     SET_BIT(FLASH->CR2, FLASH_CR2_STRT);
1096:Drivers/STM32F1xx_HAL_Driver/Src/stm32f1xx_hal_flash_ex.c ****   }
1097:Drivers/STM32F1xx_HAL_Driver/Src/stm32f1xx_hal_flash_ex.c ****   else
1098:Drivers/STM32F1xx_HAL_Driver/Src/stm32f1xx_hal_flash_ex.c ****   {
1099:Drivers/STM32F1xx_HAL_Driver/Src/stm32f1xx_hal_flash_ex.c **** #endif /* FLASH_BANK2_END */
1100:Drivers/STM32F1xx_HAL_Driver/Src/stm32f1xx_hal_flash_ex.c ****     /* Proceed to erase the page */
1101:Drivers/STM32F1xx_HAL_Driver/Src/stm32f1xx_hal_flash_ex.c ****     SET_BIT(FLASH->CR, FLASH_CR_PER);
 1003              		.loc 1 1101 5 is_stmt 1 view .LVU359
 1004 0006 064B     		ldr	r3, .L94+4
 1005 0008 1A69     		ldr	r2, [r3, #16]
 1006 000a 42F00202 		orr	r2, r2, #2
 1007 000e 1A61     		str	r2, [r3, #16]
1102:Drivers/STM32F1xx_HAL_Driver/Src/stm32f1xx_hal_flash_ex.c ****     WRITE_REG(FLASH->AR, PageAddress);
 1008              		.loc 1 1102 5 view .LVU360
 1009 0010 5861     		str	r0, [r3, #20]
1103:Drivers/STM32F1xx_HAL_Driver/Src/stm32f1xx_hal_flash_ex.c ****     SET_BIT(FLASH->CR, FLASH_CR_STRT);
 1010              		.loc 1 1103 5 view .LVU361
 1011 0012 1A69     		ldr	r2, [r3, #16]
 1012 0014 42F04002 		orr	r2, r2, #64
 1013 0018 1A61     		str	r2, [r3, #16]
1104:Drivers/STM32F1xx_HAL_Driver/Src/stm32f1xx_hal_flash_ex.c **** #if defined(FLASH_BANK2_END)
1105:Drivers/STM32F1xx_HAL_Driver/Src/stm32f1xx_hal_flash_ex.c ****   }
1106:Drivers/STM32F1xx_HAL_Driver/Src/stm32f1xx_hal_flash_ex.c **** #endif /* FLASH_BANK2_END */
1107:Drivers/STM32F1xx_HAL_Driver/Src/stm32f1xx_hal_flash_ex.c **** }
 1014              		.loc 1 1107 1 is_stmt 0 view .LVU362
 1015 001a 7047     		bx	lr
 1016              	.L95:
 1017              		.align	2
 1018              	.L94:
 1019 001c 00000000 		.word	pFlash
 1020 0020 00200240 		.word	1073881088
 1021              		.cfi_endproc
 1022              	.LFE80:
 1024              		.section	.text.HAL_FLASHEx_Erase,"ax",%progbits
 1025              		.align	1
 1026              		.global	HAL_FLASHEx_Erase
 1027              		.syntax unified
 1028              		.thumb
 1029              		.thumb_func
 1031              	HAL_FLASHEx_Erase:
 1032              	.LVL87:
 1033              	.LFB65:
 158:Drivers/STM32F1xx_HAL_Driver/Src/stm32f1xx_hal_flash_ex.c ****   HAL_StatusTypeDef status = HAL_ERROR;
 1034              		.loc 1 158 1 is_stmt 1 view -0
 1035              		.cfi_startproc
 1036              		@ args = 0, pretend = 0, frame = 0
 1037              		@ frame_needed = 0, uses_anonymous_args = 0
 159:Drivers/STM32F1xx_HAL_Driver/Src/stm32f1xx_hal_flash_ex.c ****   uint32_t address = 0U;
 1038              		.loc 1 159 3 view .LVU364
 160:Drivers/STM32F1xx_HAL_Driver/Src/stm32f1xx_hal_flash_ex.c **** 
 1039              		.loc 1 160 3 view .LVU365
 163:Drivers/STM32F1xx_HAL_Driver/Src/stm32f1xx_hal_flash_ex.c **** 
 1040              		.loc 1 163 3 view .LVU366
 163:Drivers/STM32F1xx_HAL_Driver/Src/stm32f1xx_hal_flash_ex.c **** 
ARM GAS  C:\Users\airforce\AppData\Local\Temp\ccqPXFte.s 			page 44


 1041              		.loc 1 163 3 view .LVU367
 158:Drivers/STM32F1xx_HAL_Driver/Src/stm32f1xx_hal_flash_ex.c ****   HAL_StatusTypeDef status = HAL_ERROR;
 1042              		.loc 1 158 1 is_stmt 0 view .LVU368
 1043 0000 2DE9F041 		push	{r4, r5, r6, r7, r8, lr}
 1044              	.LCFI5:
 1045              		.cfi_def_cfa_offset 24
 1046              		.cfi_offset 4, -24
 1047              		.cfi_offset 5, -20
 1048              		.cfi_offset 6, -16
 1049              		.cfi_offset 7, -12
 1050              		.cfi_offset 8, -8
 1051              		.cfi_offset 14, -4
 163:Drivers/STM32F1xx_HAL_Driver/Src/stm32f1xx_hal_flash_ex.c **** 
 1052              		.loc 1 163 3 view .LVU369
 1053 0004 264F     		ldr	r7, .L106
 158:Drivers/STM32F1xx_HAL_Driver/Src/stm32f1xx_hal_flash_ex.c ****   HAL_StatusTypeDef status = HAL_ERROR;
 1054              		.loc 1 158 1 view .LVU370
 1055 0006 0546     		mov	r5, r0
 163:Drivers/STM32F1xx_HAL_Driver/Src/stm32f1xx_hal_flash_ex.c **** 
 1056              		.loc 1 163 3 view .LVU371
 1057 0008 3B7E     		ldrb	r3, [r7, #24]	@ zero_extendqisi2
 158:Drivers/STM32F1xx_HAL_Driver/Src/stm32f1xx_hal_flash_ex.c ****   HAL_StatusTypeDef status = HAL_ERROR;
 1058              		.loc 1 158 1 view .LVU372
 1059 000a 8846     		mov	r8, r1
 163:Drivers/STM32F1xx_HAL_Driver/Src/stm32f1xx_hal_flash_ex.c **** 
 1060              		.loc 1 163 3 view .LVU373
 1061 000c 012B     		cmp	r3, #1
 1062 000e 44D0     		beq	.L105
 163:Drivers/STM32F1xx_HAL_Driver/Src/stm32f1xx_hal_flash_ex.c **** 
 1063              		.loc 1 163 3 is_stmt 1 discriminator 2 view .LVU374
 1064 0010 0124     		movs	r4, #1
 1065 0012 3C76     		strb	r4, [r7, #24]
 163:Drivers/STM32F1xx_HAL_Driver/Src/stm32f1xx_hal_flash_ex.c **** 
 1066              		.loc 1 163 3 view .LVU375
 166:Drivers/STM32F1xx_HAL_Driver/Src/stm32f1xx_hal_flash_ex.c **** 
 1067              		.loc 1 166 3 view .LVU376
 168:Drivers/STM32F1xx_HAL_Driver/Src/stm32f1xx_hal_flash_ex.c ****   {
 1068              		.loc 1 168 3 view .LVU377
 168:Drivers/STM32F1xx_HAL_Driver/Src/stm32f1xx_hal_flash_ex.c ****   {
 1069              		.loc 1 168 6 is_stmt 0 view .LVU378
 1070 0014 0368     		ldr	r3, [r0]
 214:Drivers/STM32F1xx_HAL_Driver/Src/stm32f1xx_hal_flash_ex.c ****       {
 1071              		.loc 1 214 11 view .LVU379
 1072 0016 4CF25030 		movw	r0, #50000
 1073              	.LVL88:
 168:Drivers/STM32F1xx_HAL_Driver/Src/stm32f1xx_hal_flash_ex.c ****   {
 1074              		.loc 1 168 6 view .LVU380
 1075 001a 022B     		cmp	r3, #2
 1076 001c 1AD1     		bne	.L98
 214:Drivers/STM32F1xx_HAL_Driver/Src/stm32f1xx_hal_flash_ex.c ****       {
 1077              		.loc 1 214 7 is_stmt 1 view .LVU381
 214:Drivers/STM32F1xx_HAL_Driver/Src/stm32f1xx_hal_flash_ex.c ****       {
 1078              		.loc 1 214 11 is_stmt 0 view .LVU382
 1079 001e FFF7FEFF 		bl	FLASH_WaitForLastOperation
 1080              	.LVL89:
 214:Drivers/STM32F1xx_HAL_Driver/Src/stm32f1xx_hal_flash_ex.c ****       {
 1081              		.loc 1 214 10 discriminator 1 view .LVU383
ARM GAS  C:\Users\airforce\AppData\Local\Temp\ccqPXFte.s 			page 45


 1082 0022 20B1     		cbz	r0, .L99
 1083              	.L101:
 159:Drivers/STM32F1xx_HAL_Driver/Src/stm32f1xx_hal_flash_ex.c ****   uint32_t address = 0U;
 1084              		.loc 1 159 21 view .LVU384
 1085 0024 0120     		movs	r0, #1
 1086              	.LVL90:
 1087              	.L100:
 301:Drivers/STM32F1xx_HAL_Driver/Src/stm32f1xx_hal_flash_ex.c **** 
 1088              		.loc 1 301 3 is_stmt 1 view .LVU385
 301:Drivers/STM32F1xx_HAL_Driver/Src/stm32f1xx_hal_flash_ex.c **** 
 1089              		.loc 1 301 3 view .LVU386
 1090 0026 0023     		movs	r3, #0
 1091 0028 3B76     		strb	r3, [r7, #24]
 301:Drivers/STM32F1xx_HAL_Driver/Src/stm32f1xx_hal_flash_ex.c **** 
 1092              		.loc 1 301 3 view .LVU387
 303:Drivers/STM32F1xx_HAL_Driver/Src/stm32f1xx_hal_flash_ex.c **** }
 1093              		.loc 1 303 3 view .LVU388
 1094              	.LVL91:
 1095              	.L97:
 304:Drivers/STM32F1xx_HAL_Driver/Src/stm32f1xx_hal_flash_ex.c **** 
 1096              		.loc 1 304 1 is_stmt 0 view .LVU389
 1097 002a BDE8F081 		pop	{r4, r5, r6, r7, r8, pc}
 1098              	.LVL92:
 1099              	.L99:
 217:Drivers/STM32F1xx_HAL_Driver/Src/stm32f1xx_hal_flash_ex.c ****         
 1100              		.loc 1 217 9 is_stmt 1 view .LVU390
 1101              	.LBB76:
 1102              	.LBI76:
 590:Drivers/STM32F1xx_HAL_Driver/Src/stm32f1xx_hal_flash_ex.c **** {
 1103              		.loc 1 590 13 view .LVU391
 1104              	.LBB77:
 593:Drivers/STM32F1xx_HAL_Driver/Src/stm32f1xx_hal_flash_ex.c **** 
 1105              		.loc 1 593 3 view .LVU392
 596:Drivers/STM32F1xx_HAL_Driver/Src/stm32f1xx_hal_flash_ex.c **** 
 1106              		.loc 1 596 3 view .LVU393
 621:Drivers/STM32F1xx_HAL_Driver/Src/stm32f1xx_hal_flash_ex.c ****     SET_BIT(FLASH->CR, FLASH_CR_STRT);
 1107              		.loc 1 621 5 is_stmt 0 view .LVU394
 1108 002e 1D4C     		ldr	r4, .L106+4
 596:Drivers/STM32F1xx_HAL_Driver/Src/stm32f1xx_hal_flash_ex.c **** 
 1109              		.loc 1 596 20 view .LVU395
 1110 0030 F861     		str	r0, [r7, #28]
 618:Drivers/STM32F1xx_HAL_Driver/Src/stm32f1xx_hal_flash_ex.c **** #endif /* FLASH_BANK2_END */  
 1111              		.loc 1 618 3 is_stmt 1 view .LVU396
 621:Drivers/STM32F1xx_HAL_Driver/Src/stm32f1xx_hal_flash_ex.c ****     SET_BIT(FLASH->CR, FLASH_CR_STRT);
 1112              		.loc 1 621 5 view .LVU397
 1113 0032 2369     		ldr	r3, [r4, #16]
 1114              	.LBE77:
 1115              	.LBE76:
 220:Drivers/STM32F1xx_HAL_Driver/Src/stm32f1xx_hal_flash_ex.c ****         
 1116              		.loc 1 220 18 is_stmt 0 view .LVU398
 1117 0034 4CF25030 		movw	r0, #50000
 1118              	.LBB79:
 1119              	.LBB78:
 621:Drivers/STM32F1xx_HAL_Driver/Src/stm32f1xx_hal_flash_ex.c ****     SET_BIT(FLASH->CR, FLASH_CR_STRT);
 1120              		.loc 1 621 5 view .LVU399
 1121 0038 43F00403 		orr	r3, r3, #4
 1122 003c 2361     		str	r3, [r4, #16]
ARM GAS  C:\Users\airforce\AppData\Local\Temp\ccqPXFte.s 			page 46


 622:Drivers/STM32F1xx_HAL_Driver/Src/stm32f1xx_hal_flash_ex.c **** #if defined(FLASH_BANK2_END)
 1123              		.loc 1 622 5 is_stmt 1 view .LVU400
 1124 003e 2369     		ldr	r3, [r4, #16]
 1125 0040 43F04003 		orr	r3, r3, #64
 1126 0044 2361     		str	r3, [r4, #16]
 1127              	.LVL93:
 622:Drivers/STM32F1xx_HAL_Driver/Src/stm32f1xx_hal_flash_ex.c **** #if defined(FLASH_BANK2_END)
 1128              		.loc 1 622 5 is_stmt 0 view .LVU401
 1129              	.LBE78:
 1130              	.LBE79:
 220:Drivers/STM32F1xx_HAL_Driver/Src/stm32f1xx_hal_flash_ex.c ****         
 1131              		.loc 1 220 9 is_stmt 1 view .LVU402
 220:Drivers/STM32F1xx_HAL_Driver/Src/stm32f1xx_hal_flash_ex.c ****         
 1132              		.loc 1 220 18 is_stmt 0 view .LVU403
 1133 0046 FFF7FEFF 		bl	FLASH_WaitForLastOperation
 1134              	.LVL94:
 223:Drivers/STM32F1xx_HAL_Driver/Src/stm32f1xx_hal_flash_ex.c ****       }
 1135              		.loc 1 223 9 is_stmt 1 view .LVU404
 1136 004a 2369     		ldr	r3, [r4, #16]
 1137 004c 23F00403 		bic	r3, r3, #4
 1138 0050 2361     		str	r3, [r4, #16]
 1139 0052 E8E7     		b	.L100
 1140              	.LVL95:
 1141              	.L98:
 231:Drivers/STM32F1xx_HAL_Driver/Src/stm32f1xx_hal_flash_ex.c ****     assert_param(IS_FLASH_NB_PAGES(pEraseInit->PageAddress, pEraseInit->NbPages));
 1142              		.loc 1 231 5 view .LVU405
 232:Drivers/STM32F1xx_HAL_Driver/Src/stm32f1xx_hal_flash_ex.c ****     
 1143              		.loc 1 232 5 view .LVU406
 271:Drivers/STM32F1xx_HAL_Driver/Src/stm32f1xx_hal_flash_ex.c ****       {
 1144              		.loc 1 271 7 view .LVU407
 271:Drivers/STM32F1xx_HAL_Driver/Src/stm32f1xx_hal_flash_ex.c ****       {
 1145              		.loc 1 271 11 is_stmt 0 view .LVU408
 1146 0054 FFF7FEFF 		bl	FLASH_WaitForLastOperation
 1147              	.LVL96:
 271:Drivers/STM32F1xx_HAL_Driver/Src/stm32f1xx_hal_flash_ex.c ****       {
 1148              		.loc 1 271 10 discriminator 1 view .LVU409
 1149 0058 0028     		cmp	r0, #0
 1150 005a E3D1     		bne	.L101
 274:Drivers/STM32F1xx_HAL_Driver/Src/stm32f1xx_hal_flash_ex.c ****         
 1151              		.loc 1 274 9 is_stmt 1 view .LVU410
 274:Drivers/STM32F1xx_HAL_Driver/Src/stm32f1xx_hal_flash_ex.c ****         
 1152              		.loc 1 274 20 is_stmt 0 view .LVU411
 1153 005c 4FF0FF33 		mov	r3, #-1
 1154 0060 C8F80030 		str	r3, [r8]
 277:Drivers/STM32F1xx_HAL_Driver/Src/stm32f1xx_hal_flash_ex.c ****             address < ((pEraseInit->NbPages * FLASH_PAGE_SIZE) + pEraseInit->PageAddress);
 1155              		.loc 1 277 9 is_stmt 1 view .LVU412
 159:Drivers/STM32F1xx_HAL_Driver/Src/stm32f1xx_hal_flash_ex.c ****   uint32_t address = 0U;
 1156              		.loc 1 159 21 is_stmt 0 view .LVU413
 1157 0064 2046     		mov	r0, r4
 277:Drivers/STM32F1xx_HAL_Driver/Src/stm32f1xx_hal_flash_ex.c ****             address < ((pEraseInit->NbPages * FLASH_PAGE_SIZE) + pEraseInit->PageAddress);
 1158              		.loc 1 277 21 view .LVU414
 1159 0066 AE68     		ldr	r6, [r5, #8]
 1160              	.LVL97:
 287:Drivers/STM32F1xx_HAL_Driver/Src/stm32f1xx_hal_flash_ex.c ****           
 1161              		.loc 1 287 11 view .LVU415
 1162 0068 0E4C     		ldr	r4, .L106+4
 1163              	.LVL98:
ARM GAS  C:\Users\airforce\AppData\Local\Temp\ccqPXFte.s 			page 47


 1164              	.L102:
 278:Drivers/STM32F1xx_HAL_Driver/Src/stm32f1xx_hal_flash_ex.c ****             address += FLASH_PAGE_SIZE)
 1165              		.loc 1 278 21 is_stmt 1 view .LVU416
 278:Drivers/STM32F1xx_HAL_Driver/Src/stm32f1xx_hal_flash_ex.c ****             address += FLASH_PAGE_SIZE)
 1166              		.loc 1 278 64 is_stmt 0 view .LVU417
 1167 006a D5E90232 		ldrd	r3, r2, [r5, #8]
 1168 006e 03EB8223 		add	r3, r3, r2, lsl #10
 278:Drivers/STM32F1xx_HAL_Driver/Src/stm32f1xx_hal_flash_ex.c ****             address += FLASH_PAGE_SIZE)
 1169              		.loc 1 278 21 view .LVU418
 1170 0072 B342     		cmp	r3, r6
 1171 0074 D7D9     		bls	.L100
 281:Drivers/STM32F1xx_HAL_Driver/Src/stm32f1xx_hal_flash_ex.c ****           
 1172              		.loc 1 281 11 is_stmt 1 view .LVU419
 1173 0076 3046     		mov	r0, r6
 1174 0078 FFF7FEFF 		bl	FLASH_PageErase
 1175              	.LVL99:
 284:Drivers/STM32F1xx_HAL_Driver/Src/stm32f1xx_hal_flash_ex.c ****           
 1176              		.loc 1 284 11 view .LVU420
 284:Drivers/STM32F1xx_HAL_Driver/Src/stm32f1xx_hal_flash_ex.c ****           
 1177              		.loc 1 284 20 is_stmt 0 view .LVU421
 1178 007c 4CF25030 		movw	r0, #50000
 1179 0080 FFF7FEFF 		bl	FLASH_WaitForLastOperation
 1180              	.LVL100:
 287:Drivers/STM32F1xx_HAL_Driver/Src/stm32f1xx_hal_flash_ex.c ****           
 1181              		.loc 1 287 11 is_stmt 1 view .LVU422
 1182 0084 2369     		ldr	r3, [r4, #16]
 1183 0086 23F00203 		bic	r3, r3, #2
 1184 008a 2361     		str	r3, [r4, #16]
 289:Drivers/STM32F1xx_HAL_Driver/Src/stm32f1xx_hal_flash_ex.c ****           {
 1185              		.loc 1 289 11 view .LVU423
 289:Drivers/STM32F1xx_HAL_Driver/Src/stm32f1xx_hal_flash_ex.c ****           {
 1186              		.loc 1 289 14 is_stmt 0 view .LVU424
 1187 008c 10B1     		cbz	r0, .L103
 292:Drivers/STM32F1xx_HAL_Driver/Src/stm32f1xx_hal_flash_ex.c ****             break;
 1188              		.loc 1 292 13 is_stmt 1 view .LVU425
 292:Drivers/STM32F1xx_HAL_Driver/Src/stm32f1xx_hal_flash_ex.c ****             break;
 1189              		.loc 1 292 24 is_stmt 0 view .LVU426
 1190 008e C8F80060 		str	r6, [r8]
 293:Drivers/STM32F1xx_HAL_Driver/Src/stm32f1xx_hal_flash_ex.c ****           }
 1191              		.loc 1 293 13 is_stmt 1 view .LVU427
 1192 0092 C8E7     		b	.L100
 1193              	.L103:
 279:Drivers/STM32F1xx_HAL_Driver/Src/stm32f1xx_hal_flash_ex.c ****         {
 1194              		.loc 1 279 21 view .LVU428
 1195 0094 06F58066 		add	r6, r6, #1024
 1196              	.LVL101:
 279:Drivers/STM32F1xx_HAL_Driver/Src/stm32f1xx_hal_flash_ex.c ****         {
 1197              		.loc 1 279 21 is_stmt 0 view .LVU429
 1198 0098 E7E7     		b	.L102
 1199              	.LVL102:
 1200              	.L105:
 163:Drivers/STM32F1xx_HAL_Driver/Src/stm32f1xx_hal_flash_ex.c **** 
 1201              		.loc 1 163 3 discriminator 1 view .LVU430
 1202 009a 0220     		movs	r0, #2
 1203              	.LVL103:
 163:Drivers/STM32F1xx_HAL_Driver/Src/stm32f1xx_hal_flash_ex.c **** 
 1204              		.loc 1 163 3 discriminator 1 view .LVU431
ARM GAS  C:\Users\airforce\AppData\Local\Temp\ccqPXFte.s 			page 48


 1205 009c C5E7     		b	.L97
 1206              	.L107:
 1207 009e 00BF     		.align	2
 1208              	.L106:
 1209 00a0 00000000 		.word	pFlash
 1210 00a4 00200240 		.word	1073881088
 1211              		.cfi_endproc
 1212              	.LFE65:
 1214              		.section	.text.HAL_FLASHEx_Erase_IT,"ax",%progbits
 1215              		.align	1
 1216              		.global	HAL_FLASHEx_Erase_IT
 1217              		.syntax unified
 1218              		.thumb
 1219              		.thumb_func
 1221              	HAL_FLASHEx_Erase_IT:
 1222              	.LVL104:
 1223              	.LFB66:
 318:Drivers/STM32F1xx_HAL_Driver/Src/stm32f1xx_hal_flash_ex.c ****   HAL_StatusTypeDef status = HAL_OK;
 1224              		.loc 1 318 1 is_stmt 1 view -0
 1225              		.cfi_startproc
 1226              		@ args = 0, pretend = 0, frame = 0
 1227              		@ frame_needed = 0, uses_anonymous_args = 0
 319:Drivers/STM32F1xx_HAL_Driver/Src/stm32f1xx_hal_flash_ex.c **** 
 1228              		.loc 1 319 3 view .LVU433
 322:Drivers/STM32F1xx_HAL_Driver/Src/stm32f1xx_hal_flash_ex.c ****   {
 1229              		.loc 1 322 3 view .LVU434
 318:Drivers/STM32F1xx_HAL_Driver/Src/stm32f1xx_hal_flash_ex.c ****   HAL_StatusTypeDef status = HAL_OK;
 1230              		.loc 1 318 1 is_stmt 0 view .LVU435
 1231 0000 10B5     		push	{r4, lr}
 1232              	.LCFI6:
 1233              		.cfi_def_cfa_offset 8
 1234              		.cfi_offset 4, -8
 1235              		.cfi_offset 14, -4
 322:Drivers/STM32F1xx_HAL_Driver/Src/stm32f1xx_hal_flash_ex.c ****   {
 1236              		.loc 1 322 13 view .LVU436
 1237 0002 124B     		ldr	r3, .L113
 1238 0004 1A78     		ldrb	r2, [r3]	@ zero_extendqisi2
 322:Drivers/STM32F1xx_HAL_Driver/Src/stm32f1xx_hal_flash_ex.c ****   {
 1239              		.loc 1 322 6 view .LVU437
 1240 0006 02F0FF01 		and	r1, r2, #255
 1241 000a E2B9     		cbnz	r2, .L112
 328:Drivers/STM32F1xx_HAL_Driver/Src/stm32f1xx_hal_flash_ex.c **** 
 1242              		.loc 1 328 3 is_stmt 1 view .LVU438
 331:Drivers/STM32F1xx_HAL_Driver/Src/stm32f1xx_hal_flash_ex.c **** 
 1243              		.loc 1 331 3 view .LVU439
 1244 000c 104A     		ldr	r2, .L113+4
 1245 000e 1469     		ldr	r4, [r2, #16]
 1246 0010 44F4A054 		orr	r4, r4, #5120
 1247 0014 1461     		str	r4, [r2, #16]
 338:Drivers/STM32F1xx_HAL_Driver/Src/stm32f1xx_hal_flash_ex.c ****   {
 1248              		.loc 1 338 3 view .LVU440
 338:Drivers/STM32F1xx_HAL_Driver/Src/stm32f1xx_hal_flash_ex.c ****   {
 1249              		.loc 1 338 6 is_stmt 0 view .LVU441
 1250 0016 0468     		ldr	r4, [r0]
 1251 0018 022C     		cmp	r4, #2
 1252 001a 0BD1     		bne	.L110
 341:Drivers/STM32F1xx_HAL_Driver/Src/stm32f1xx_hal_flash_ex.c ****         FLASH_MassErase(pEraseInit->Banks);
ARM GAS  C:\Users\airforce\AppData\Local\Temp\ccqPXFte.s 			page 49


 1253              		.loc 1 341 5 is_stmt 1 view .LVU442
 341:Drivers/STM32F1xx_HAL_Driver/Src/stm32f1xx_hal_flash_ex.c ****         FLASH_MassErase(pEraseInit->Banks);
 1254              		.loc 1 341 29 is_stmt 0 view .LVU443
 1255 001c 1C70     		strb	r4, [r3]
 342:Drivers/STM32F1xx_HAL_Driver/Src/stm32f1xx_hal_flash_ex.c ****   }
 1256              		.loc 1 342 9 is_stmt 1 view .LVU444
 1257              	.LBB82:
 1258              	.LBI82:
 590:Drivers/STM32F1xx_HAL_Driver/Src/stm32f1xx_hal_flash_ex.c **** {
 1259              		.loc 1 590 13 view .LVU445
 1260              	.LVL105:
 1261              	.LBB83:
 593:Drivers/STM32F1xx_HAL_Driver/Src/stm32f1xx_hal_flash_ex.c **** 
 1262              		.loc 1 593 3 view .LVU446
 596:Drivers/STM32F1xx_HAL_Driver/Src/stm32f1xx_hal_flash_ex.c **** 
 1263              		.loc 1 596 3 view .LVU447
 596:Drivers/STM32F1xx_HAL_Driver/Src/stm32f1xx_hal_flash_ex.c **** 
 1264              		.loc 1 596 20 is_stmt 0 view .LVU448
 1265 001e D961     		str	r1, [r3, #28]
 618:Drivers/STM32F1xx_HAL_Driver/Src/stm32f1xx_hal_flash_ex.c **** #endif /* FLASH_BANK2_END */  
 1266              		.loc 1 618 3 is_stmt 1 view .LVU449
 621:Drivers/STM32F1xx_HAL_Driver/Src/stm32f1xx_hal_flash_ex.c ****     SET_BIT(FLASH->CR, FLASH_CR_STRT);
 1267              		.loc 1 621 5 view .LVU450
 1268 0020 1369     		ldr	r3, [r2, #16]
 1269 0022 43F00403 		orr	r3, r3, #4
 1270 0026 1361     		str	r3, [r2, #16]
 1271              	.LVL106:
 622:Drivers/STM32F1xx_HAL_Driver/Src/stm32f1xx_hal_flash_ex.c **** #if defined(FLASH_BANK2_END)
 1272              		.loc 1 622 5 view .LVU451
 1273 0028 1369     		ldr	r3, [r2, #16]
 1274 002a 43F04003 		orr	r3, r3, #64
 1275 002e 1361     		str	r3, [r2, #16]
 1276              	.LVL107:
 1277              	.L109:
 622:Drivers/STM32F1xx_HAL_Driver/Src/stm32f1xx_hal_flash_ex.c **** #if defined(FLASH_BANK2_END)
 1278              		.loc 1 622 5 is_stmt 0 view .LVU452
 1279              	.LBE83:
 1280              	.LBE82:
 361:Drivers/STM32F1xx_HAL_Driver/Src/stm32f1xx_hal_flash_ex.c **** 
 1281              		.loc 1 361 1 view .LVU453
 1282 0030 0846     		mov	r0, r1
 1283 0032 10BD     		pop	{r4, pc}
 1284              	.LVL108:
 1285              	.L110:
 349:Drivers/STM32F1xx_HAL_Driver/Src/stm32f1xx_hal_flash_ex.c ****     assert_param(IS_FLASH_NB_PAGES(pEraseInit->PageAddress, pEraseInit->NbPages));
 1286              		.loc 1 349 5 is_stmt 1 view .LVU454
 350:Drivers/STM32F1xx_HAL_Driver/Src/stm32f1xx_hal_flash_ex.c **** 
 1287              		.loc 1 350 5 view .LVU455
 352:Drivers/STM32F1xx_HAL_Driver/Src/stm32f1xx_hal_flash_ex.c ****     pFlash.DataRemaining = pEraseInit->NbPages;
 1288              		.loc 1 352 5 view .LVU456
 352:Drivers/STM32F1xx_HAL_Driver/Src/stm32f1xx_hal_flash_ex.c ****     pFlash.DataRemaining = pEraseInit->NbPages;
 1289              		.loc 1 352 29 is_stmt 0 view .LVU457
 1290 0034 0122     		movs	r2, #1
 1291 0036 1A70     		strb	r2, [r3]
 353:Drivers/STM32F1xx_HAL_Driver/Src/stm32f1xx_hal_flash_ex.c ****     pFlash.Address = pEraseInit->PageAddress;
 1292              		.loc 1 353 5 is_stmt 1 view .LVU458
 353:Drivers/STM32F1xx_HAL_Driver/Src/stm32f1xx_hal_flash_ex.c ****     pFlash.Address = pEraseInit->PageAddress;
ARM GAS  C:\Users\airforce\AppData\Local\Temp\ccqPXFte.s 			page 50


 1293              		.loc 1 353 38 is_stmt 0 view .LVU459
 1294 0038 C268     		ldr	r2, [r0, #12]
 354:Drivers/STM32F1xx_HAL_Driver/Src/stm32f1xx_hal_flash_ex.c **** 
 1295              		.loc 1 354 32 view .LVU460
 1296 003a 8068     		ldr	r0, [r0, #8]
 1297              	.LVL109:
 353:Drivers/STM32F1xx_HAL_Driver/Src/stm32f1xx_hal_flash_ex.c ****     pFlash.Address = pEraseInit->PageAddress;
 1298              		.loc 1 353 26 view .LVU461
 1299 003c 5A60     		str	r2, [r3, #4]
 354:Drivers/STM32F1xx_HAL_Driver/Src/stm32f1xx_hal_flash_ex.c **** 
 1300              		.loc 1 354 5 is_stmt 1 view .LVU462
 354:Drivers/STM32F1xx_HAL_Driver/Src/stm32f1xx_hal_flash_ex.c **** 
 1301              		.loc 1 354 20 is_stmt 0 view .LVU463
 1302 003e 9860     		str	r0, [r3, #8]
 357:Drivers/STM32F1xx_HAL_Driver/Src/stm32f1xx_hal_flash_ex.c ****   }
 1303              		.loc 1 357 5 is_stmt 1 view .LVU464
 1304 0040 FFF7FEFF 		bl	FLASH_PageErase
 1305              	.LVL110:
 1306 0044 F4E7     		b	.L109
 1307              	.LVL111:
 1308              	.L112:
 324:Drivers/STM32F1xx_HAL_Driver/Src/stm32f1xx_hal_flash_ex.c ****   }
 1309              		.loc 1 324 12 is_stmt 0 view .LVU465
 1310 0046 0121     		movs	r1, #1
 1311 0048 F2E7     		b	.L109
 1312              	.L114:
 1313 004a 00BF     		.align	2
 1314              	.L113:
 1315 004c 00000000 		.word	pFlash
 1316 0050 00200240 		.word	1073881088
 1317              		.cfi_endproc
 1318              	.LFE66:
 1320              		.text
 1321              	.Letext0:
 1322              		.file 2 "D:/stm32tools/arm-none-eabi-gcc/14.2.1-1.1.1/.content/arm-none-eabi/include/machine/_defa
 1323              		.file 3 "D:/stm32tools/arm-none-eabi-gcc/14.2.1-1.1.1/.content/arm-none-eabi/include/sys/_stdint.h
 1324              		.file 4 "Drivers/CMSIS/Device/ST/STM32F1xx/Include/stm32f103xb.h"
 1325              		.file 5 "Drivers/STM32F1xx_HAL_Driver/Inc/stm32f1xx_hal_def.h"
 1326              		.file 6 "Drivers/STM32F1xx_HAL_Driver/Inc/stm32f1xx_hal_flash.h"
 1327              		.file 7 "Drivers/STM32F1xx_HAL_Driver/Inc/stm32f1xx_hal_flash_ex.h"
ARM GAS  C:\Users\airforce\AppData\Local\Temp\ccqPXFte.s 			page 51


DEFINED SYMBOLS
                            *ABS*:00000000 stm32f1xx_hal_flash_ex.c
C:\Users\airforce\AppData\Local\Temp\ccqPXFte.s:19     .text.FLASH_OB_RDP_LevelConfig:00000000 $t
C:\Users\airforce\AppData\Local\Temp\ccqPXFte.s:24     .text.FLASH_OB_RDP_LevelConfig:00000000 FLASH_OB_RDP_LevelConfig
C:\Users\airforce\AppData\Local\Temp\ccqPXFte.s:122    .text.FLASH_OB_RDP_LevelConfig:00000054 $d
C:\Users\airforce\AppData\Local\Temp\ccqPXFte.s:129    .text.HAL_FLASHEx_OBErase:00000000 $t
C:\Users\airforce\AppData\Local\Temp\ccqPXFte.s:135    .text.HAL_FLASHEx_OBErase:00000000 HAL_FLASHEx_OBErase
C:\Users\airforce\AppData\Local\Temp\ccqPXFte.s:249    .text.HAL_FLASHEx_OBErase:0000004c $d
C:\Users\airforce\AppData\Local\Temp\ccqPXFte.s:255    .text.HAL_FLASHEx_OBProgram:00000000 $t
C:\Users\airforce\AppData\Local\Temp\ccqPXFte.s:261    .text.HAL_FLASHEx_OBProgram:00000000 HAL_FLASHEx_OBProgram
C:\Users\airforce\AppData\Local\Temp\ccqPXFte.s:851    .text.HAL_FLASHEx_OBProgram:000001e0 $d
C:\Users\airforce\AppData\Local\Temp\ccqPXFte.s:858    .text.HAL_FLASHEx_OBGetConfig:00000000 $t
C:\Users\airforce\AppData\Local\Temp\ccqPXFte.s:864    .text.HAL_FLASHEx_OBGetConfig:00000000 HAL_FLASHEx_OBGetConfig
C:\Users\airforce\AppData\Local\Temp\ccqPXFte.s:935    .text.HAL_FLASHEx_OBGetConfig:00000024 $d
C:\Users\airforce\AppData\Local\Temp\ccqPXFte.s:940    .text.HAL_FLASHEx_OBGetUserData:00000000 $t
C:\Users\airforce\AppData\Local\Temp\ccqPXFte.s:946    .text.HAL_FLASHEx_OBGetUserData:00000000 HAL_FLASHEx_OBGetUserData
C:\Users\airforce\AppData\Local\Temp\ccqPXFte.s:978    .text.HAL_FLASHEx_OBGetUserData:00000014 $d
C:\Users\airforce\AppData\Local\Temp\ccqPXFte.s:984    .text.FLASH_PageErase:00000000 $t
C:\Users\airforce\AppData\Local\Temp\ccqPXFte.s:990    .text.FLASH_PageErase:00000000 FLASH_PageErase
C:\Users\airforce\AppData\Local\Temp\ccqPXFte.s:1019   .text.FLASH_PageErase:0000001c $d
C:\Users\airforce\AppData\Local\Temp\ccqPXFte.s:1025   .text.HAL_FLASHEx_Erase:00000000 $t
C:\Users\airforce\AppData\Local\Temp\ccqPXFte.s:1031   .text.HAL_FLASHEx_Erase:00000000 HAL_FLASHEx_Erase
C:\Users\airforce\AppData\Local\Temp\ccqPXFte.s:1209   .text.HAL_FLASHEx_Erase:000000a0 $d
C:\Users\airforce\AppData\Local\Temp\ccqPXFte.s:1215   .text.HAL_FLASHEx_Erase_IT:00000000 $t
C:\Users\airforce\AppData\Local\Temp\ccqPXFte.s:1221   .text.HAL_FLASHEx_Erase_IT:00000000 HAL_FLASHEx_Erase_IT
C:\Users\airforce\AppData\Local\Temp\ccqPXFte.s:1315   .text.HAL_FLASHEx_Erase_IT:0000004c $d

UNDEFINED SYMBOLS
FLASH_WaitForLastOperation
pFlash
