ARM GAS  C:\Users\airforce\AppData\Local\Temp\ccVTBrFk.s 			page 1


   1              		.cpu cortex-m3
   2              		.arch armv7-m
   3              		.fpu softvfp
   4              		.eabi_attribute 20, 1
   5              		.eabi_attribute 21, 1
   6              		.eabi_attribute 23, 3
   7              		.eabi_attribute 24, 1
   8              		.eabi_attribute 25, 1
   9              		.eabi_attribute 26, 1
  10              		.eabi_attribute 30, 4
  11              		.eabi_attribute 34, 1
  12              		.eabi_attribute 18, 4
  13              		.file	"stm32f1xx_hal_tim_ex.c"
  14              		.text
  15              	.Ltext0:
  16              		.cfi_sections	.debug_frame
  17              		.file 1 "Drivers/STM32F1xx_HAL_Driver/Src/stm32f1xx_hal_tim_ex.c"
  18              		.section	.text.TIM_CCxNChannelCmd,"ax",%progbits
  19              		.align	1
  20              		.syntax unified
  21              		.thumb
  22              		.thumb_func
  24              	TIM_CCxNChannelCmd:
  25              	.LVL0:
  26              	.LFB106:
   1:Drivers/STM32F1xx_HAL_Driver/Src/stm32f1xx_hal_tim_ex.c **** /**
   2:Drivers/STM32F1xx_HAL_Driver/Src/stm32f1xx_hal_tim_ex.c ****   ******************************************************************************
   3:Drivers/STM32F1xx_HAL_Driver/Src/stm32f1xx_hal_tim_ex.c ****   * @file    stm32f1xx_hal_tim_ex.c
   4:Drivers/STM32F1xx_HAL_Driver/Src/stm32f1xx_hal_tim_ex.c ****   * @author  MCD Application Team
   5:Drivers/STM32F1xx_HAL_Driver/Src/stm32f1xx_hal_tim_ex.c ****   * @brief   TIM HAL module driver.
   6:Drivers/STM32F1xx_HAL_Driver/Src/stm32f1xx_hal_tim_ex.c ****   *          This file provides firmware functions to manage the following
   7:Drivers/STM32F1xx_HAL_Driver/Src/stm32f1xx_hal_tim_ex.c ****   *          functionalities of the Timer Extended peripheral:
   8:Drivers/STM32F1xx_HAL_Driver/Src/stm32f1xx_hal_tim_ex.c ****   *           + Time Hall Sensor Interface Initialization
   9:Drivers/STM32F1xx_HAL_Driver/Src/stm32f1xx_hal_tim_ex.c ****   *           + Time Hall Sensor Interface Start
  10:Drivers/STM32F1xx_HAL_Driver/Src/stm32f1xx_hal_tim_ex.c ****   *           + Time Complementary signal break and dead time configuration
  11:Drivers/STM32F1xx_HAL_Driver/Src/stm32f1xx_hal_tim_ex.c ****   *           + Time Master and Slave synchronization configuration
  12:Drivers/STM32F1xx_HAL_Driver/Src/stm32f1xx_hal_tim_ex.c ****   *           + Timer remapping capabilities configuration
  13:Drivers/STM32F1xx_HAL_Driver/Src/stm32f1xx_hal_tim_ex.c ****   ******************************************************************************
  14:Drivers/STM32F1xx_HAL_Driver/Src/stm32f1xx_hal_tim_ex.c ****   * @attention
  15:Drivers/STM32F1xx_HAL_Driver/Src/stm32f1xx_hal_tim_ex.c ****   *
  16:Drivers/STM32F1xx_HAL_Driver/Src/stm32f1xx_hal_tim_ex.c ****   * Copyright (c) 2016 STMicroelectronics.
  17:Drivers/STM32F1xx_HAL_Driver/Src/stm32f1xx_hal_tim_ex.c ****   * All rights reserved.
  18:Drivers/STM32F1xx_HAL_Driver/Src/stm32f1xx_hal_tim_ex.c ****   *
  19:Drivers/STM32F1xx_HAL_Driver/Src/stm32f1xx_hal_tim_ex.c ****   * This software is licensed under terms that can be found in the LICENSE file
  20:Drivers/STM32F1xx_HAL_Driver/Src/stm32f1xx_hal_tim_ex.c ****   * in the root directory of this software component.
  21:Drivers/STM32F1xx_HAL_Driver/Src/stm32f1xx_hal_tim_ex.c ****   * If no LICENSE file comes with this software, it is provided AS-IS.
  22:Drivers/STM32F1xx_HAL_Driver/Src/stm32f1xx_hal_tim_ex.c ****   *
  23:Drivers/STM32F1xx_HAL_Driver/Src/stm32f1xx_hal_tim_ex.c ****   ******************************************************************************
  24:Drivers/STM32F1xx_HAL_Driver/Src/stm32f1xx_hal_tim_ex.c ****   @verbatim
  25:Drivers/STM32F1xx_HAL_Driver/Src/stm32f1xx_hal_tim_ex.c ****   ==============================================================================
  26:Drivers/STM32F1xx_HAL_Driver/Src/stm32f1xx_hal_tim_ex.c ****                       ##### TIMER Extended features #####
  27:Drivers/STM32F1xx_HAL_Driver/Src/stm32f1xx_hal_tim_ex.c ****   ==============================================================================
  28:Drivers/STM32F1xx_HAL_Driver/Src/stm32f1xx_hal_tim_ex.c ****   [..]
  29:Drivers/STM32F1xx_HAL_Driver/Src/stm32f1xx_hal_tim_ex.c ****     The Timer Extended features include:
  30:Drivers/STM32F1xx_HAL_Driver/Src/stm32f1xx_hal_tim_ex.c ****     (#) Complementary outputs with programmable dead-time for :
  31:Drivers/STM32F1xx_HAL_Driver/Src/stm32f1xx_hal_tim_ex.c ****         (++) Output Compare
  32:Drivers/STM32F1xx_HAL_Driver/Src/stm32f1xx_hal_tim_ex.c ****         (++) PWM generation (Edge and Center-aligned Mode)
ARM GAS  C:\Users\airforce\AppData\Local\Temp\ccVTBrFk.s 			page 2


  33:Drivers/STM32F1xx_HAL_Driver/Src/stm32f1xx_hal_tim_ex.c ****         (++) One-pulse mode output
  34:Drivers/STM32F1xx_HAL_Driver/Src/stm32f1xx_hal_tim_ex.c ****     (#) Synchronization circuit to control the timer with external signals and to
  35:Drivers/STM32F1xx_HAL_Driver/Src/stm32f1xx_hal_tim_ex.c ****         interconnect several timers together.
  36:Drivers/STM32F1xx_HAL_Driver/Src/stm32f1xx_hal_tim_ex.c ****     (#) Break input to put the timer output signals in reset state or in a known state.
  37:Drivers/STM32F1xx_HAL_Driver/Src/stm32f1xx_hal_tim_ex.c ****     (#) Supports incremental (quadrature) encoder and hall-sensor circuitry for
  38:Drivers/STM32F1xx_HAL_Driver/Src/stm32f1xx_hal_tim_ex.c ****         positioning purposes
  39:Drivers/STM32F1xx_HAL_Driver/Src/stm32f1xx_hal_tim_ex.c **** 
  40:Drivers/STM32F1xx_HAL_Driver/Src/stm32f1xx_hal_tim_ex.c ****             ##### How to use this driver #####
  41:Drivers/STM32F1xx_HAL_Driver/Src/stm32f1xx_hal_tim_ex.c ****   ==============================================================================
  42:Drivers/STM32F1xx_HAL_Driver/Src/stm32f1xx_hal_tim_ex.c ****     [..]
  43:Drivers/STM32F1xx_HAL_Driver/Src/stm32f1xx_hal_tim_ex.c ****      (#) Initialize the TIM low level resources by implementing the following functions
  44:Drivers/STM32F1xx_HAL_Driver/Src/stm32f1xx_hal_tim_ex.c ****          depending on the selected feature:
  45:Drivers/STM32F1xx_HAL_Driver/Src/stm32f1xx_hal_tim_ex.c ****            (++) Hall Sensor output : HAL_TIMEx_HallSensor_MspInit()
  46:Drivers/STM32F1xx_HAL_Driver/Src/stm32f1xx_hal_tim_ex.c **** 
  47:Drivers/STM32F1xx_HAL_Driver/Src/stm32f1xx_hal_tim_ex.c ****      (#) Initialize the TIM low level resources :
  48:Drivers/STM32F1xx_HAL_Driver/Src/stm32f1xx_hal_tim_ex.c ****         (##) Enable the TIM interface clock using __HAL_RCC_TIMx_CLK_ENABLE();
  49:Drivers/STM32F1xx_HAL_Driver/Src/stm32f1xx_hal_tim_ex.c ****         (##) TIM pins configuration
  50:Drivers/STM32F1xx_HAL_Driver/Src/stm32f1xx_hal_tim_ex.c ****             (+++) Enable the clock for the TIM GPIOs using the following function:
  51:Drivers/STM32F1xx_HAL_Driver/Src/stm32f1xx_hal_tim_ex.c ****               __HAL_RCC_GPIOx_CLK_ENABLE();
  52:Drivers/STM32F1xx_HAL_Driver/Src/stm32f1xx_hal_tim_ex.c ****             (+++) Configure these TIM pins in Alternate function mode using HAL_GPIO_Init();
  53:Drivers/STM32F1xx_HAL_Driver/Src/stm32f1xx_hal_tim_ex.c **** 
  54:Drivers/STM32F1xx_HAL_Driver/Src/stm32f1xx_hal_tim_ex.c ****      (#) The external Clock can be configured, if needed (the default clock is the
  55:Drivers/STM32F1xx_HAL_Driver/Src/stm32f1xx_hal_tim_ex.c ****          internal clock from the APBx), using the following function:
  56:Drivers/STM32F1xx_HAL_Driver/Src/stm32f1xx_hal_tim_ex.c ****          HAL_TIM_ConfigClockSource, the clock configuration should be done before
  57:Drivers/STM32F1xx_HAL_Driver/Src/stm32f1xx_hal_tim_ex.c ****          any start function.
  58:Drivers/STM32F1xx_HAL_Driver/Src/stm32f1xx_hal_tim_ex.c **** 
  59:Drivers/STM32F1xx_HAL_Driver/Src/stm32f1xx_hal_tim_ex.c ****      (#) Configure the TIM in the desired functioning mode using one of the
  60:Drivers/STM32F1xx_HAL_Driver/Src/stm32f1xx_hal_tim_ex.c ****          initialization function of this driver:
  61:Drivers/STM32F1xx_HAL_Driver/Src/stm32f1xx_hal_tim_ex.c ****           (++) HAL_TIMEx_HallSensor_Init() and HAL_TIMEx_ConfigCommutEvent(): to use the
  62:Drivers/STM32F1xx_HAL_Driver/Src/stm32f1xx_hal_tim_ex.c ****                Timer Hall Sensor Interface and the commutation event with the corresponding
  63:Drivers/STM32F1xx_HAL_Driver/Src/stm32f1xx_hal_tim_ex.c ****                Interrupt and DMA request if needed (Note that One Timer is used to interface
  64:Drivers/STM32F1xx_HAL_Driver/Src/stm32f1xx_hal_tim_ex.c ****                with the Hall sensor Interface and another Timer should be used to use
  65:Drivers/STM32F1xx_HAL_Driver/Src/stm32f1xx_hal_tim_ex.c ****                the commutation event).
  66:Drivers/STM32F1xx_HAL_Driver/Src/stm32f1xx_hal_tim_ex.c **** 
  67:Drivers/STM32F1xx_HAL_Driver/Src/stm32f1xx_hal_tim_ex.c ****      (#) Activate the TIM peripheral using one of the start functions:
  68:Drivers/STM32F1xx_HAL_Driver/Src/stm32f1xx_hal_tim_ex.c ****            (++) Complementary Output Compare : HAL_TIMEx_OCN_Start(), HAL_TIMEx_OCN_Start_DMA(),
  69:Drivers/STM32F1xx_HAL_Driver/Src/stm32f1xx_hal_tim_ex.c ****                 HAL_TIMEx_OCN_Start_IT()
  70:Drivers/STM32F1xx_HAL_Driver/Src/stm32f1xx_hal_tim_ex.c ****            (++) Complementary PWM generation : HAL_TIMEx_PWMN_Start(), HAL_TIMEx_PWMN_Start_DMA(),
  71:Drivers/STM32F1xx_HAL_Driver/Src/stm32f1xx_hal_tim_ex.c ****                 HAL_TIMEx_PWMN_Start_IT()
  72:Drivers/STM32F1xx_HAL_Driver/Src/stm32f1xx_hal_tim_ex.c ****            (++) Complementary One-pulse mode output : HAL_TIMEx_OnePulseN_Start(), HAL_TIMEx_OnePul
  73:Drivers/STM32F1xx_HAL_Driver/Src/stm32f1xx_hal_tim_ex.c ****            (++) Hall Sensor output : HAL_TIMEx_HallSensor_Start(), HAL_TIMEx_HallSensor_Start_DMA()
  74:Drivers/STM32F1xx_HAL_Driver/Src/stm32f1xx_hal_tim_ex.c ****                 HAL_TIMEx_HallSensor_Start_IT().
  75:Drivers/STM32F1xx_HAL_Driver/Src/stm32f1xx_hal_tim_ex.c **** 
  76:Drivers/STM32F1xx_HAL_Driver/Src/stm32f1xx_hal_tim_ex.c ****   @endverbatim
  77:Drivers/STM32F1xx_HAL_Driver/Src/stm32f1xx_hal_tim_ex.c ****   ******************************************************************************
  78:Drivers/STM32F1xx_HAL_Driver/Src/stm32f1xx_hal_tim_ex.c ****   */
  79:Drivers/STM32F1xx_HAL_Driver/Src/stm32f1xx_hal_tim_ex.c **** 
  80:Drivers/STM32F1xx_HAL_Driver/Src/stm32f1xx_hal_tim_ex.c **** /* Includes ------------------------------------------------------------------*/
  81:Drivers/STM32F1xx_HAL_Driver/Src/stm32f1xx_hal_tim_ex.c **** #include "stm32f1xx_hal.h"
  82:Drivers/STM32F1xx_HAL_Driver/Src/stm32f1xx_hal_tim_ex.c **** 
  83:Drivers/STM32F1xx_HAL_Driver/Src/stm32f1xx_hal_tim_ex.c **** /** @addtogroup STM32F1xx_HAL_Driver
  84:Drivers/STM32F1xx_HAL_Driver/Src/stm32f1xx_hal_tim_ex.c ****   * @{
  85:Drivers/STM32F1xx_HAL_Driver/Src/stm32f1xx_hal_tim_ex.c ****   */
  86:Drivers/STM32F1xx_HAL_Driver/Src/stm32f1xx_hal_tim_ex.c **** 
  87:Drivers/STM32F1xx_HAL_Driver/Src/stm32f1xx_hal_tim_ex.c **** /** @defgroup TIMEx TIMEx
  88:Drivers/STM32F1xx_HAL_Driver/Src/stm32f1xx_hal_tim_ex.c ****   * @brief TIM Extended HAL module driver
  89:Drivers/STM32F1xx_HAL_Driver/Src/stm32f1xx_hal_tim_ex.c ****   * @{
ARM GAS  C:\Users\airforce\AppData\Local\Temp\ccVTBrFk.s 			page 3


  90:Drivers/STM32F1xx_HAL_Driver/Src/stm32f1xx_hal_tim_ex.c ****   */
  91:Drivers/STM32F1xx_HAL_Driver/Src/stm32f1xx_hal_tim_ex.c **** 
  92:Drivers/STM32F1xx_HAL_Driver/Src/stm32f1xx_hal_tim_ex.c **** #ifdef HAL_TIM_MODULE_ENABLED
  93:Drivers/STM32F1xx_HAL_Driver/Src/stm32f1xx_hal_tim_ex.c **** 
  94:Drivers/STM32F1xx_HAL_Driver/Src/stm32f1xx_hal_tim_ex.c **** /* Private typedef -----------------------------------------------------------*/
  95:Drivers/STM32F1xx_HAL_Driver/Src/stm32f1xx_hal_tim_ex.c **** /* Private define ------------------------------------------------------------*/
  96:Drivers/STM32F1xx_HAL_Driver/Src/stm32f1xx_hal_tim_ex.c **** /* Private macros ------------------------------------------------------------*/
  97:Drivers/STM32F1xx_HAL_Driver/Src/stm32f1xx_hal_tim_ex.c **** /* Private variables ---------------------------------------------------------*/
  98:Drivers/STM32F1xx_HAL_Driver/Src/stm32f1xx_hal_tim_ex.c **** /* Private function prototypes -----------------------------------------------*/
  99:Drivers/STM32F1xx_HAL_Driver/Src/stm32f1xx_hal_tim_ex.c **** static void TIM_DMADelayPulseNCplt(DMA_HandleTypeDef *hdma);
 100:Drivers/STM32F1xx_HAL_Driver/Src/stm32f1xx_hal_tim_ex.c **** static void TIM_DMAErrorCCxN(DMA_HandleTypeDef *hdma);
 101:Drivers/STM32F1xx_HAL_Driver/Src/stm32f1xx_hal_tim_ex.c **** static void TIM_CCxNChannelCmd(TIM_TypeDef *TIMx, uint32_t Channel, uint32_t ChannelNState);
 102:Drivers/STM32F1xx_HAL_Driver/Src/stm32f1xx_hal_tim_ex.c **** 
 103:Drivers/STM32F1xx_HAL_Driver/Src/stm32f1xx_hal_tim_ex.c **** /* Exported functions --------------------------------------------------------*/
 104:Drivers/STM32F1xx_HAL_Driver/Src/stm32f1xx_hal_tim_ex.c **** /** @defgroup TIMEx_Exported_Functions TIM Extended Exported Functions
 105:Drivers/STM32F1xx_HAL_Driver/Src/stm32f1xx_hal_tim_ex.c ****   * @{
 106:Drivers/STM32F1xx_HAL_Driver/Src/stm32f1xx_hal_tim_ex.c ****   */
 107:Drivers/STM32F1xx_HAL_Driver/Src/stm32f1xx_hal_tim_ex.c **** 
 108:Drivers/STM32F1xx_HAL_Driver/Src/stm32f1xx_hal_tim_ex.c **** /** @defgroup TIMEx_Exported_Functions_Group1 Extended Timer Hall Sensor functions
 109:Drivers/STM32F1xx_HAL_Driver/Src/stm32f1xx_hal_tim_ex.c ****   * @brief    Timer Hall Sensor functions
 110:Drivers/STM32F1xx_HAL_Driver/Src/stm32f1xx_hal_tim_ex.c ****   *
 111:Drivers/STM32F1xx_HAL_Driver/Src/stm32f1xx_hal_tim_ex.c **** @verbatim
 112:Drivers/STM32F1xx_HAL_Driver/Src/stm32f1xx_hal_tim_ex.c ****   ==============================================================================
 113:Drivers/STM32F1xx_HAL_Driver/Src/stm32f1xx_hal_tim_ex.c ****                       ##### Timer Hall Sensor functions #####
 114:Drivers/STM32F1xx_HAL_Driver/Src/stm32f1xx_hal_tim_ex.c ****   ==============================================================================
 115:Drivers/STM32F1xx_HAL_Driver/Src/stm32f1xx_hal_tim_ex.c ****   [..]
 116:Drivers/STM32F1xx_HAL_Driver/Src/stm32f1xx_hal_tim_ex.c ****     This section provides functions allowing to:
 117:Drivers/STM32F1xx_HAL_Driver/Src/stm32f1xx_hal_tim_ex.c ****     (+) Initialize and configure TIM HAL Sensor.
 118:Drivers/STM32F1xx_HAL_Driver/Src/stm32f1xx_hal_tim_ex.c ****     (+) De-initialize TIM HAL Sensor.
 119:Drivers/STM32F1xx_HAL_Driver/Src/stm32f1xx_hal_tim_ex.c ****     (+) Start the Hall Sensor Interface.
 120:Drivers/STM32F1xx_HAL_Driver/Src/stm32f1xx_hal_tim_ex.c ****     (+) Stop the Hall Sensor Interface.
 121:Drivers/STM32F1xx_HAL_Driver/Src/stm32f1xx_hal_tim_ex.c ****     (+) Start the Hall Sensor Interface and enable interrupts.
 122:Drivers/STM32F1xx_HAL_Driver/Src/stm32f1xx_hal_tim_ex.c ****     (+) Stop the Hall Sensor Interface and disable interrupts.
 123:Drivers/STM32F1xx_HAL_Driver/Src/stm32f1xx_hal_tim_ex.c ****     (+) Start the Hall Sensor Interface and enable DMA transfers.
 124:Drivers/STM32F1xx_HAL_Driver/Src/stm32f1xx_hal_tim_ex.c ****     (+) Stop the Hall Sensor Interface and disable DMA transfers.
 125:Drivers/STM32F1xx_HAL_Driver/Src/stm32f1xx_hal_tim_ex.c **** 
 126:Drivers/STM32F1xx_HAL_Driver/Src/stm32f1xx_hal_tim_ex.c **** @endverbatim
 127:Drivers/STM32F1xx_HAL_Driver/Src/stm32f1xx_hal_tim_ex.c ****   * @{
 128:Drivers/STM32F1xx_HAL_Driver/Src/stm32f1xx_hal_tim_ex.c ****   */
 129:Drivers/STM32F1xx_HAL_Driver/Src/stm32f1xx_hal_tim_ex.c **** /**
 130:Drivers/STM32F1xx_HAL_Driver/Src/stm32f1xx_hal_tim_ex.c ****   * @brief  Initializes the TIM Hall Sensor Interface and initialize the associated handle.
 131:Drivers/STM32F1xx_HAL_Driver/Src/stm32f1xx_hal_tim_ex.c ****   * @note   When the timer instance is initialized in Hall Sensor Interface mode,
 132:Drivers/STM32F1xx_HAL_Driver/Src/stm32f1xx_hal_tim_ex.c ****   *         timer channels 1 and channel 2 are reserved and cannot be used for
 133:Drivers/STM32F1xx_HAL_Driver/Src/stm32f1xx_hal_tim_ex.c ****   *         other purpose.
 134:Drivers/STM32F1xx_HAL_Driver/Src/stm32f1xx_hal_tim_ex.c ****   * @param  htim TIM Hall Sensor Interface handle
 135:Drivers/STM32F1xx_HAL_Driver/Src/stm32f1xx_hal_tim_ex.c ****   * @param  sConfig TIM Hall Sensor configuration structure
 136:Drivers/STM32F1xx_HAL_Driver/Src/stm32f1xx_hal_tim_ex.c ****   * @retval HAL status
 137:Drivers/STM32F1xx_HAL_Driver/Src/stm32f1xx_hal_tim_ex.c ****   */
 138:Drivers/STM32F1xx_HAL_Driver/Src/stm32f1xx_hal_tim_ex.c **** HAL_StatusTypeDef HAL_TIMEx_HallSensor_Init(TIM_HandleTypeDef *htim, const TIM_HallSensor_InitTypeD
 139:Drivers/STM32F1xx_HAL_Driver/Src/stm32f1xx_hal_tim_ex.c **** {
 140:Drivers/STM32F1xx_HAL_Driver/Src/stm32f1xx_hal_tim_ex.c ****   TIM_OC_InitTypeDef OC_Config;
 141:Drivers/STM32F1xx_HAL_Driver/Src/stm32f1xx_hal_tim_ex.c **** 
 142:Drivers/STM32F1xx_HAL_Driver/Src/stm32f1xx_hal_tim_ex.c ****   /* Check the TIM handle allocation */
 143:Drivers/STM32F1xx_HAL_Driver/Src/stm32f1xx_hal_tim_ex.c ****   if (htim == NULL)
 144:Drivers/STM32F1xx_HAL_Driver/Src/stm32f1xx_hal_tim_ex.c ****   {
 145:Drivers/STM32F1xx_HAL_Driver/Src/stm32f1xx_hal_tim_ex.c ****     return HAL_ERROR;
 146:Drivers/STM32F1xx_HAL_Driver/Src/stm32f1xx_hal_tim_ex.c ****   }
ARM GAS  C:\Users\airforce\AppData\Local\Temp\ccVTBrFk.s 			page 4


 147:Drivers/STM32F1xx_HAL_Driver/Src/stm32f1xx_hal_tim_ex.c **** 
 148:Drivers/STM32F1xx_HAL_Driver/Src/stm32f1xx_hal_tim_ex.c ****   /* Check the parameters */
 149:Drivers/STM32F1xx_HAL_Driver/Src/stm32f1xx_hal_tim_ex.c ****   assert_param(IS_TIM_HALL_SENSOR_INTERFACE_INSTANCE(htim->Instance));
 150:Drivers/STM32F1xx_HAL_Driver/Src/stm32f1xx_hal_tim_ex.c ****   assert_param(IS_TIM_COUNTER_MODE(htim->Init.CounterMode));
 151:Drivers/STM32F1xx_HAL_Driver/Src/stm32f1xx_hal_tim_ex.c ****   assert_param(IS_TIM_CLOCKDIVISION_DIV(htim->Init.ClockDivision));
 152:Drivers/STM32F1xx_HAL_Driver/Src/stm32f1xx_hal_tim_ex.c ****   assert_param(IS_TIM_AUTORELOAD_PRELOAD(htim->Init.AutoReloadPreload));
 153:Drivers/STM32F1xx_HAL_Driver/Src/stm32f1xx_hal_tim_ex.c ****   assert_param(IS_TIM_IC_POLARITY(sConfig->IC1Polarity));
 154:Drivers/STM32F1xx_HAL_Driver/Src/stm32f1xx_hal_tim_ex.c ****   assert_param(IS_TIM_PERIOD(htim->Init.Period));
 155:Drivers/STM32F1xx_HAL_Driver/Src/stm32f1xx_hal_tim_ex.c ****   assert_param(IS_TIM_IC_PRESCALER(sConfig->IC1Prescaler));
 156:Drivers/STM32F1xx_HAL_Driver/Src/stm32f1xx_hal_tim_ex.c ****   assert_param(IS_TIM_IC_FILTER(sConfig->IC1Filter));
 157:Drivers/STM32F1xx_HAL_Driver/Src/stm32f1xx_hal_tim_ex.c **** 
 158:Drivers/STM32F1xx_HAL_Driver/Src/stm32f1xx_hal_tim_ex.c ****   if (htim->State == HAL_TIM_STATE_RESET)
 159:Drivers/STM32F1xx_HAL_Driver/Src/stm32f1xx_hal_tim_ex.c ****   {
 160:Drivers/STM32F1xx_HAL_Driver/Src/stm32f1xx_hal_tim_ex.c ****     /* Allocate lock resource and initialize it */
 161:Drivers/STM32F1xx_HAL_Driver/Src/stm32f1xx_hal_tim_ex.c ****     htim->Lock = HAL_UNLOCKED;
 162:Drivers/STM32F1xx_HAL_Driver/Src/stm32f1xx_hal_tim_ex.c **** 
 163:Drivers/STM32F1xx_HAL_Driver/Src/stm32f1xx_hal_tim_ex.c **** #if (USE_HAL_TIM_REGISTER_CALLBACKS == 1)
 164:Drivers/STM32F1xx_HAL_Driver/Src/stm32f1xx_hal_tim_ex.c ****     /* Reset interrupt callbacks to legacy week callbacks */
 165:Drivers/STM32F1xx_HAL_Driver/Src/stm32f1xx_hal_tim_ex.c ****     TIM_ResetCallback(htim);
 166:Drivers/STM32F1xx_HAL_Driver/Src/stm32f1xx_hal_tim_ex.c **** 
 167:Drivers/STM32F1xx_HAL_Driver/Src/stm32f1xx_hal_tim_ex.c ****     if (htim->HallSensor_MspInitCallback == NULL)
 168:Drivers/STM32F1xx_HAL_Driver/Src/stm32f1xx_hal_tim_ex.c ****     {
 169:Drivers/STM32F1xx_HAL_Driver/Src/stm32f1xx_hal_tim_ex.c ****       htim->HallSensor_MspInitCallback = HAL_TIMEx_HallSensor_MspInit;
 170:Drivers/STM32F1xx_HAL_Driver/Src/stm32f1xx_hal_tim_ex.c ****     }
 171:Drivers/STM32F1xx_HAL_Driver/Src/stm32f1xx_hal_tim_ex.c ****     /* Init the low level hardware : GPIO, CLOCK, NVIC */
 172:Drivers/STM32F1xx_HAL_Driver/Src/stm32f1xx_hal_tim_ex.c ****     htim->HallSensor_MspInitCallback(htim);
 173:Drivers/STM32F1xx_HAL_Driver/Src/stm32f1xx_hal_tim_ex.c **** #else
 174:Drivers/STM32F1xx_HAL_Driver/Src/stm32f1xx_hal_tim_ex.c ****     /* Init the low level hardware : GPIO, CLOCK, NVIC and DMA */
 175:Drivers/STM32F1xx_HAL_Driver/Src/stm32f1xx_hal_tim_ex.c ****     HAL_TIMEx_HallSensor_MspInit(htim);
 176:Drivers/STM32F1xx_HAL_Driver/Src/stm32f1xx_hal_tim_ex.c **** #endif /* USE_HAL_TIM_REGISTER_CALLBACKS */
 177:Drivers/STM32F1xx_HAL_Driver/Src/stm32f1xx_hal_tim_ex.c ****   }
 178:Drivers/STM32F1xx_HAL_Driver/Src/stm32f1xx_hal_tim_ex.c **** 
 179:Drivers/STM32F1xx_HAL_Driver/Src/stm32f1xx_hal_tim_ex.c ****   /* Set the TIM state */
 180:Drivers/STM32F1xx_HAL_Driver/Src/stm32f1xx_hal_tim_ex.c ****   htim->State = HAL_TIM_STATE_BUSY;
 181:Drivers/STM32F1xx_HAL_Driver/Src/stm32f1xx_hal_tim_ex.c **** 
 182:Drivers/STM32F1xx_HAL_Driver/Src/stm32f1xx_hal_tim_ex.c ****   /* Configure the Time base in the Encoder Mode */
 183:Drivers/STM32F1xx_HAL_Driver/Src/stm32f1xx_hal_tim_ex.c ****   TIM_Base_SetConfig(htim->Instance, &htim->Init);
 184:Drivers/STM32F1xx_HAL_Driver/Src/stm32f1xx_hal_tim_ex.c **** 
 185:Drivers/STM32F1xx_HAL_Driver/Src/stm32f1xx_hal_tim_ex.c ****   /* Configure the Channel 1 as Input Channel to interface with the three Outputs of the  Hall sens
 186:Drivers/STM32F1xx_HAL_Driver/Src/stm32f1xx_hal_tim_ex.c ****   TIM_TI1_SetConfig(htim->Instance, sConfig->IC1Polarity, TIM_ICSELECTION_TRC, sConfig->IC1Filter);
 187:Drivers/STM32F1xx_HAL_Driver/Src/stm32f1xx_hal_tim_ex.c **** 
 188:Drivers/STM32F1xx_HAL_Driver/Src/stm32f1xx_hal_tim_ex.c ****   /* Reset the IC1PSC Bits */
 189:Drivers/STM32F1xx_HAL_Driver/Src/stm32f1xx_hal_tim_ex.c ****   htim->Instance->CCMR1 &= ~TIM_CCMR1_IC1PSC;
 190:Drivers/STM32F1xx_HAL_Driver/Src/stm32f1xx_hal_tim_ex.c ****   /* Set the IC1PSC value */
 191:Drivers/STM32F1xx_HAL_Driver/Src/stm32f1xx_hal_tim_ex.c ****   htim->Instance->CCMR1 |= sConfig->IC1Prescaler;
 192:Drivers/STM32F1xx_HAL_Driver/Src/stm32f1xx_hal_tim_ex.c **** 
 193:Drivers/STM32F1xx_HAL_Driver/Src/stm32f1xx_hal_tim_ex.c ****   /* Enable the Hall sensor interface (XOR function of the three inputs) */
 194:Drivers/STM32F1xx_HAL_Driver/Src/stm32f1xx_hal_tim_ex.c ****   htim->Instance->CR2 |= TIM_CR2_TI1S;
 195:Drivers/STM32F1xx_HAL_Driver/Src/stm32f1xx_hal_tim_ex.c **** 
 196:Drivers/STM32F1xx_HAL_Driver/Src/stm32f1xx_hal_tim_ex.c ****   /* Select the TIM_TS_TI1F_ED signal as Input trigger for the TIM */
 197:Drivers/STM32F1xx_HAL_Driver/Src/stm32f1xx_hal_tim_ex.c ****   htim->Instance->SMCR &= ~TIM_SMCR_TS;
 198:Drivers/STM32F1xx_HAL_Driver/Src/stm32f1xx_hal_tim_ex.c ****   htim->Instance->SMCR |= TIM_TS_TI1F_ED;
 199:Drivers/STM32F1xx_HAL_Driver/Src/stm32f1xx_hal_tim_ex.c **** 
 200:Drivers/STM32F1xx_HAL_Driver/Src/stm32f1xx_hal_tim_ex.c ****   /* Use the TIM_TS_TI1F_ED signal to reset the TIM counter each edge detection */
 201:Drivers/STM32F1xx_HAL_Driver/Src/stm32f1xx_hal_tim_ex.c ****   htim->Instance->SMCR &= ~TIM_SMCR_SMS;
 202:Drivers/STM32F1xx_HAL_Driver/Src/stm32f1xx_hal_tim_ex.c ****   htim->Instance->SMCR |= TIM_SLAVEMODE_RESET;
 203:Drivers/STM32F1xx_HAL_Driver/Src/stm32f1xx_hal_tim_ex.c **** 
ARM GAS  C:\Users\airforce\AppData\Local\Temp\ccVTBrFk.s 			page 5


 204:Drivers/STM32F1xx_HAL_Driver/Src/stm32f1xx_hal_tim_ex.c ****   /* Program channel 2 in PWM 2 mode with the desired Commutation_Delay*/
 205:Drivers/STM32F1xx_HAL_Driver/Src/stm32f1xx_hal_tim_ex.c ****   OC_Config.OCFastMode = TIM_OCFAST_DISABLE;
 206:Drivers/STM32F1xx_HAL_Driver/Src/stm32f1xx_hal_tim_ex.c ****   OC_Config.OCIdleState = TIM_OCIDLESTATE_RESET;
 207:Drivers/STM32F1xx_HAL_Driver/Src/stm32f1xx_hal_tim_ex.c ****   OC_Config.OCMode = TIM_OCMODE_PWM2;
 208:Drivers/STM32F1xx_HAL_Driver/Src/stm32f1xx_hal_tim_ex.c ****   OC_Config.OCNIdleState = TIM_OCNIDLESTATE_RESET;
 209:Drivers/STM32F1xx_HAL_Driver/Src/stm32f1xx_hal_tim_ex.c ****   OC_Config.OCNPolarity = TIM_OCNPOLARITY_HIGH;
 210:Drivers/STM32F1xx_HAL_Driver/Src/stm32f1xx_hal_tim_ex.c ****   OC_Config.OCPolarity = TIM_OCPOLARITY_HIGH;
 211:Drivers/STM32F1xx_HAL_Driver/Src/stm32f1xx_hal_tim_ex.c ****   OC_Config.Pulse = sConfig->Commutation_Delay;
 212:Drivers/STM32F1xx_HAL_Driver/Src/stm32f1xx_hal_tim_ex.c **** 
 213:Drivers/STM32F1xx_HAL_Driver/Src/stm32f1xx_hal_tim_ex.c ****   TIM_OC2_SetConfig(htim->Instance, &OC_Config);
 214:Drivers/STM32F1xx_HAL_Driver/Src/stm32f1xx_hal_tim_ex.c **** 
 215:Drivers/STM32F1xx_HAL_Driver/Src/stm32f1xx_hal_tim_ex.c ****   /* Select OC2REF as trigger output on TRGO: write the MMS bits in the TIMx_CR2
 216:Drivers/STM32F1xx_HAL_Driver/Src/stm32f1xx_hal_tim_ex.c ****     register to 101 */
 217:Drivers/STM32F1xx_HAL_Driver/Src/stm32f1xx_hal_tim_ex.c ****   htim->Instance->CR2 &= ~TIM_CR2_MMS;
 218:Drivers/STM32F1xx_HAL_Driver/Src/stm32f1xx_hal_tim_ex.c ****   htim->Instance->CR2 |= TIM_TRGO_OC2REF;
 219:Drivers/STM32F1xx_HAL_Driver/Src/stm32f1xx_hal_tim_ex.c **** 
 220:Drivers/STM32F1xx_HAL_Driver/Src/stm32f1xx_hal_tim_ex.c ****   /* Initialize the DMA burst operation state */
 221:Drivers/STM32F1xx_HAL_Driver/Src/stm32f1xx_hal_tim_ex.c ****   htim->DMABurstState = HAL_DMA_BURST_STATE_READY;
 222:Drivers/STM32F1xx_HAL_Driver/Src/stm32f1xx_hal_tim_ex.c **** 
 223:Drivers/STM32F1xx_HAL_Driver/Src/stm32f1xx_hal_tim_ex.c ****   /* Initialize the TIM channels state */
 224:Drivers/STM32F1xx_HAL_Driver/Src/stm32f1xx_hal_tim_ex.c ****   TIM_CHANNEL_STATE_SET(htim, TIM_CHANNEL_1, HAL_TIM_CHANNEL_STATE_READY);
 225:Drivers/STM32F1xx_HAL_Driver/Src/stm32f1xx_hal_tim_ex.c ****   TIM_CHANNEL_STATE_SET(htim, TIM_CHANNEL_2, HAL_TIM_CHANNEL_STATE_READY);
 226:Drivers/STM32F1xx_HAL_Driver/Src/stm32f1xx_hal_tim_ex.c ****   TIM_CHANNEL_N_STATE_SET(htim, TIM_CHANNEL_1, HAL_TIM_CHANNEL_STATE_READY);
 227:Drivers/STM32F1xx_HAL_Driver/Src/stm32f1xx_hal_tim_ex.c ****   TIM_CHANNEL_N_STATE_SET(htim, TIM_CHANNEL_2, HAL_TIM_CHANNEL_STATE_READY);
 228:Drivers/STM32F1xx_HAL_Driver/Src/stm32f1xx_hal_tim_ex.c **** 
 229:Drivers/STM32F1xx_HAL_Driver/Src/stm32f1xx_hal_tim_ex.c ****   /* Initialize the TIM state*/
 230:Drivers/STM32F1xx_HAL_Driver/Src/stm32f1xx_hal_tim_ex.c ****   htim->State = HAL_TIM_STATE_READY;
 231:Drivers/STM32F1xx_HAL_Driver/Src/stm32f1xx_hal_tim_ex.c **** 
 232:Drivers/STM32F1xx_HAL_Driver/Src/stm32f1xx_hal_tim_ex.c ****   return HAL_OK;
 233:Drivers/STM32F1xx_HAL_Driver/Src/stm32f1xx_hal_tim_ex.c **** }
 234:Drivers/STM32F1xx_HAL_Driver/Src/stm32f1xx_hal_tim_ex.c **** 
 235:Drivers/STM32F1xx_HAL_Driver/Src/stm32f1xx_hal_tim_ex.c **** /**
 236:Drivers/STM32F1xx_HAL_Driver/Src/stm32f1xx_hal_tim_ex.c ****   * @brief  DeInitializes the TIM Hall Sensor interface
 237:Drivers/STM32F1xx_HAL_Driver/Src/stm32f1xx_hal_tim_ex.c ****   * @param  htim TIM Hall Sensor Interface handle
 238:Drivers/STM32F1xx_HAL_Driver/Src/stm32f1xx_hal_tim_ex.c ****   * @retval HAL status
 239:Drivers/STM32F1xx_HAL_Driver/Src/stm32f1xx_hal_tim_ex.c ****   */
 240:Drivers/STM32F1xx_HAL_Driver/Src/stm32f1xx_hal_tim_ex.c **** HAL_StatusTypeDef HAL_TIMEx_HallSensor_DeInit(TIM_HandleTypeDef *htim)
 241:Drivers/STM32F1xx_HAL_Driver/Src/stm32f1xx_hal_tim_ex.c **** {
 242:Drivers/STM32F1xx_HAL_Driver/Src/stm32f1xx_hal_tim_ex.c ****   /* Check the parameters */
 243:Drivers/STM32F1xx_HAL_Driver/Src/stm32f1xx_hal_tim_ex.c ****   assert_param(IS_TIM_INSTANCE(htim->Instance));
 244:Drivers/STM32F1xx_HAL_Driver/Src/stm32f1xx_hal_tim_ex.c **** 
 245:Drivers/STM32F1xx_HAL_Driver/Src/stm32f1xx_hal_tim_ex.c ****   htim->State = HAL_TIM_STATE_BUSY;
 246:Drivers/STM32F1xx_HAL_Driver/Src/stm32f1xx_hal_tim_ex.c **** 
 247:Drivers/STM32F1xx_HAL_Driver/Src/stm32f1xx_hal_tim_ex.c ****   /* Disable the TIM Peripheral Clock */
 248:Drivers/STM32F1xx_HAL_Driver/Src/stm32f1xx_hal_tim_ex.c ****   __HAL_TIM_DISABLE(htim);
 249:Drivers/STM32F1xx_HAL_Driver/Src/stm32f1xx_hal_tim_ex.c **** 
 250:Drivers/STM32F1xx_HAL_Driver/Src/stm32f1xx_hal_tim_ex.c **** #if (USE_HAL_TIM_REGISTER_CALLBACKS == 1)
 251:Drivers/STM32F1xx_HAL_Driver/Src/stm32f1xx_hal_tim_ex.c ****   if (htim->HallSensor_MspDeInitCallback == NULL)
 252:Drivers/STM32F1xx_HAL_Driver/Src/stm32f1xx_hal_tim_ex.c ****   {
 253:Drivers/STM32F1xx_HAL_Driver/Src/stm32f1xx_hal_tim_ex.c ****     htim->HallSensor_MspDeInitCallback = HAL_TIMEx_HallSensor_MspDeInit;
 254:Drivers/STM32F1xx_HAL_Driver/Src/stm32f1xx_hal_tim_ex.c ****   }
 255:Drivers/STM32F1xx_HAL_Driver/Src/stm32f1xx_hal_tim_ex.c ****   /* DeInit the low level hardware */
 256:Drivers/STM32F1xx_HAL_Driver/Src/stm32f1xx_hal_tim_ex.c ****   htim->HallSensor_MspDeInitCallback(htim);
 257:Drivers/STM32F1xx_HAL_Driver/Src/stm32f1xx_hal_tim_ex.c **** #else
 258:Drivers/STM32F1xx_HAL_Driver/Src/stm32f1xx_hal_tim_ex.c ****   /* DeInit the low level hardware: GPIO, CLOCK, NVIC */
 259:Drivers/STM32F1xx_HAL_Driver/Src/stm32f1xx_hal_tim_ex.c ****   HAL_TIMEx_HallSensor_MspDeInit(htim);
 260:Drivers/STM32F1xx_HAL_Driver/Src/stm32f1xx_hal_tim_ex.c **** #endif /* USE_HAL_TIM_REGISTER_CALLBACKS */
ARM GAS  C:\Users\airforce\AppData\Local\Temp\ccVTBrFk.s 			page 6


 261:Drivers/STM32F1xx_HAL_Driver/Src/stm32f1xx_hal_tim_ex.c **** 
 262:Drivers/STM32F1xx_HAL_Driver/Src/stm32f1xx_hal_tim_ex.c ****   /* Change the DMA burst operation state */
 263:Drivers/STM32F1xx_HAL_Driver/Src/stm32f1xx_hal_tim_ex.c ****   htim->DMABurstState = HAL_DMA_BURST_STATE_RESET;
 264:Drivers/STM32F1xx_HAL_Driver/Src/stm32f1xx_hal_tim_ex.c **** 
 265:Drivers/STM32F1xx_HAL_Driver/Src/stm32f1xx_hal_tim_ex.c ****   /* Change the TIM channels state */
 266:Drivers/STM32F1xx_HAL_Driver/Src/stm32f1xx_hal_tim_ex.c ****   TIM_CHANNEL_STATE_SET(htim, TIM_CHANNEL_1, HAL_TIM_CHANNEL_STATE_RESET);
 267:Drivers/STM32F1xx_HAL_Driver/Src/stm32f1xx_hal_tim_ex.c ****   TIM_CHANNEL_STATE_SET(htim, TIM_CHANNEL_2, HAL_TIM_CHANNEL_STATE_RESET);
 268:Drivers/STM32F1xx_HAL_Driver/Src/stm32f1xx_hal_tim_ex.c ****   TIM_CHANNEL_N_STATE_SET(htim, TIM_CHANNEL_1, HAL_TIM_CHANNEL_STATE_RESET);
 269:Drivers/STM32F1xx_HAL_Driver/Src/stm32f1xx_hal_tim_ex.c ****   TIM_CHANNEL_N_STATE_SET(htim, TIM_CHANNEL_2, HAL_TIM_CHANNEL_STATE_RESET);
 270:Drivers/STM32F1xx_HAL_Driver/Src/stm32f1xx_hal_tim_ex.c **** 
 271:Drivers/STM32F1xx_HAL_Driver/Src/stm32f1xx_hal_tim_ex.c ****   /* Change TIM state */
 272:Drivers/STM32F1xx_HAL_Driver/Src/stm32f1xx_hal_tim_ex.c ****   htim->State = HAL_TIM_STATE_RESET;
 273:Drivers/STM32F1xx_HAL_Driver/Src/stm32f1xx_hal_tim_ex.c **** 
 274:Drivers/STM32F1xx_HAL_Driver/Src/stm32f1xx_hal_tim_ex.c ****   /* Release Lock */
 275:Drivers/STM32F1xx_HAL_Driver/Src/stm32f1xx_hal_tim_ex.c ****   __HAL_UNLOCK(htim);
 276:Drivers/STM32F1xx_HAL_Driver/Src/stm32f1xx_hal_tim_ex.c **** 
 277:Drivers/STM32F1xx_HAL_Driver/Src/stm32f1xx_hal_tim_ex.c ****   return HAL_OK;
 278:Drivers/STM32F1xx_HAL_Driver/Src/stm32f1xx_hal_tim_ex.c **** }
 279:Drivers/STM32F1xx_HAL_Driver/Src/stm32f1xx_hal_tim_ex.c **** 
 280:Drivers/STM32F1xx_HAL_Driver/Src/stm32f1xx_hal_tim_ex.c **** /**
 281:Drivers/STM32F1xx_HAL_Driver/Src/stm32f1xx_hal_tim_ex.c ****   * @brief  Initializes the TIM Hall Sensor MSP.
 282:Drivers/STM32F1xx_HAL_Driver/Src/stm32f1xx_hal_tim_ex.c ****   * @param  htim TIM Hall Sensor Interface handle
 283:Drivers/STM32F1xx_HAL_Driver/Src/stm32f1xx_hal_tim_ex.c ****   * @retval None
 284:Drivers/STM32F1xx_HAL_Driver/Src/stm32f1xx_hal_tim_ex.c ****   */
 285:Drivers/STM32F1xx_HAL_Driver/Src/stm32f1xx_hal_tim_ex.c **** __weak void HAL_TIMEx_HallSensor_MspInit(TIM_HandleTypeDef *htim)
 286:Drivers/STM32F1xx_HAL_Driver/Src/stm32f1xx_hal_tim_ex.c **** {
 287:Drivers/STM32F1xx_HAL_Driver/Src/stm32f1xx_hal_tim_ex.c ****   /* Prevent unused argument(s) compilation warning */
 288:Drivers/STM32F1xx_HAL_Driver/Src/stm32f1xx_hal_tim_ex.c ****   UNUSED(htim);
 289:Drivers/STM32F1xx_HAL_Driver/Src/stm32f1xx_hal_tim_ex.c **** 
 290:Drivers/STM32F1xx_HAL_Driver/Src/stm32f1xx_hal_tim_ex.c ****   /* NOTE : This function should not be modified, when the callback is needed,
 291:Drivers/STM32F1xx_HAL_Driver/Src/stm32f1xx_hal_tim_ex.c ****             the HAL_TIMEx_HallSensor_MspInit could be implemented in the user file
 292:Drivers/STM32F1xx_HAL_Driver/Src/stm32f1xx_hal_tim_ex.c ****    */
 293:Drivers/STM32F1xx_HAL_Driver/Src/stm32f1xx_hal_tim_ex.c **** }
 294:Drivers/STM32F1xx_HAL_Driver/Src/stm32f1xx_hal_tim_ex.c **** 
 295:Drivers/STM32F1xx_HAL_Driver/Src/stm32f1xx_hal_tim_ex.c **** /**
 296:Drivers/STM32F1xx_HAL_Driver/Src/stm32f1xx_hal_tim_ex.c ****   * @brief  DeInitializes TIM Hall Sensor MSP.
 297:Drivers/STM32F1xx_HAL_Driver/Src/stm32f1xx_hal_tim_ex.c ****   * @param  htim TIM Hall Sensor Interface handle
 298:Drivers/STM32F1xx_HAL_Driver/Src/stm32f1xx_hal_tim_ex.c ****   * @retval None
 299:Drivers/STM32F1xx_HAL_Driver/Src/stm32f1xx_hal_tim_ex.c ****   */
 300:Drivers/STM32F1xx_HAL_Driver/Src/stm32f1xx_hal_tim_ex.c **** __weak void HAL_TIMEx_HallSensor_MspDeInit(TIM_HandleTypeDef *htim)
 301:Drivers/STM32F1xx_HAL_Driver/Src/stm32f1xx_hal_tim_ex.c **** {
 302:Drivers/STM32F1xx_HAL_Driver/Src/stm32f1xx_hal_tim_ex.c ****   /* Prevent unused argument(s) compilation warning */
 303:Drivers/STM32F1xx_HAL_Driver/Src/stm32f1xx_hal_tim_ex.c ****   UNUSED(htim);
 304:Drivers/STM32F1xx_HAL_Driver/Src/stm32f1xx_hal_tim_ex.c **** 
 305:Drivers/STM32F1xx_HAL_Driver/Src/stm32f1xx_hal_tim_ex.c ****   /* NOTE : This function should not be modified, when the callback is needed,
 306:Drivers/STM32F1xx_HAL_Driver/Src/stm32f1xx_hal_tim_ex.c ****             the HAL_TIMEx_HallSensor_MspDeInit could be implemented in the user file
 307:Drivers/STM32F1xx_HAL_Driver/Src/stm32f1xx_hal_tim_ex.c ****    */
 308:Drivers/STM32F1xx_HAL_Driver/Src/stm32f1xx_hal_tim_ex.c **** }
 309:Drivers/STM32F1xx_HAL_Driver/Src/stm32f1xx_hal_tim_ex.c **** 
 310:Drivers/STM32F1xx_HAL_Driver/Src/stm32f1xx_hal_tim_ex.c **** /**
 311:Drivers/STM32F1xx_HAL_Driver/Src/stm32f1xx_hal_tim_ex.c ****   * @brief  Starts the TIM Hall Sensor Interface.
 312:Drivers/STM32F1xx_HAL_Driver/Src/stm32f1xx_hal_tim_ex.c ****   * @param  htim TIM Hall Sensor Interface handle
 313:Drivers/STM32F1xx_HAL_Driver/Src/stm32f1xx_hal_tim_ex.c ****   * @retval HAL status
 314:Drivers/STM32F1xx_HAL_Driver/Src/stm32f1xx_hal_tim_ex.c ****   */
 315:Drivers/STM32F1xx_HAL_Driver/Src/stm32f1xx_hal_tim_ex.c **** HAL_StatusTypeDef HAL_TIMEx_HallSensor_Start(TIM_HandleTypeDef *htim)
 316:Drivers/STM32F1xx_HAL_Driver/Src/stm32f1xx_hal_tim_ex.c **** {
 317:Drivers/STM32F1xx_HAL_Driver/Src/stm32f1xx_hal_tim_ex.c ****   uint32_t tmpsmcr;
ARM GAS  C:\Users\airforce\AppData\Local\Temp\ccVTBrFk.s 			page 7


 318:Drivers/STM32F1xx_HAL_Driver/Src/stm32f1xx_hal_tim_ex.c ****   HAL_TIM_ChannelStateTypeDef channel_1_state = TIM_CHANNEL_STATE_GET(htim, TIM_CHANNEL_1);
 319:Drivers/STM32F1xx_HAL_Driver/Src/stm32f1xx_hal_tim_ex.c ****   HAL_TIM_ChannelStateTypeDef channel_2_state = TIM_CHANNEL_STATE_GET(htim, TIM_CHANNEL_2);
 320:Drivers/STM32F1xx_HAL_Driver/Src/stm32f1xx_hal_tim_ex.c ****   HAL_TIM_ChannelStateTypeDef complementary_channel_1_state = TIM_CHANNEL_N_STATE_GET(htim, TIM_CHA
 321:Drivers/STM32F1xx_HAL_Driver/Src/stm32f1xx_hal_tim_ex.c ****   HAL_TIM_ChannelStateTypeDef complementary_channel_2_state = TIM_CHANNEL_N_STATE_GET(htim, TIM_CHA
 322:Drivers/STM32F1xx_HAL_Driver/Src/stm32f1xx_hal_tim_ex.c **** 
 323:Drivers/STM32F1xx_HAL_Driver/Src/stm32f1xx_hal_tim_ex.c ****   /* Check the parameters */
 324:Drivers/STM32F1xx_HAL_Driver/Src/stm32f1xx_hal_tim_ex.c ****   assert_param(IS_TIM_HALL_SENSOR_INTERFACE_INSTANCE(htim->Instance));
 325:Drivers/STM32F1xx_HAL_Driver/Src/stm32f1xx_hal_tim_ex.c **** 
 326:Drivers/STM32F1xx_HAL_Driver/Src/stm32f1xx_hal_tim_ex.c ****   /* Check the TIM channels state */
 327:Drivers/STM32F1xx_HAL_Driver/Src/stm32f1xx_hal_tim_ex.c ****   if ((channel_1_state != HAL_TIM_CHANNEL_STATE_READY)
 328:Drivers/STM32F1xx_HAL_Driver/Src/stm32f1xx_hal_tim_ex.c ****       || (channel_2_state != HAL_TIM_CHANNEL_STATE_READY)
 329:Drivers/STM32F1xx_HAL_Driver/Src/stm32f1xx_hal_tim_ex.c ****       || (complementary_channel_1_state != HAL_TIM_CHANNEL_STATE_READY)
 330:Drivers/STM32F1xx_HAL_Driver/Src/stm32f1xx_hal_tim_ex.c ****       || (complementary_channel_2_state != HAL_TIM_CHANNEL_STATE_READY))
 331:Drivers/STM32F1xx_HAL_Driver/Src/stm32f1xx_hal_tim_ex.c ****   {
 332:Drivers/STM32F1xx_HAL_Driver/Src/stm32f1xx_hal_tim_ex.c ****     return HAL_ERROR;
 333:Drivers/STM32F1xx_HAL_Driver/Src/stm32f1xx_hal_tim_ex.c ****   }
 334:Drivers/STM32F1xx_HAL_Driver/Src/stm32f1xx_hal_tim_ex.c **** 
 335:Drivers/STM32F1xx_HAL_Driver/Src/stm32f1xx_hal_tim_ex.c ****   /* Set the TIM channels state */
 336:Drivers/STM32F1xx_HAL_Driver/Src/stm32f1xx_hal_tim_ex.c ****   TIM_CHANNEL_STATE_SET(htim, TIM_CHANNEL_1, HAL_TIM_CHANNEL_STATE_BUSY);
 337:Drivers/STM32F1xx_HAL_Driver/Src/stm32f1xx_hal_tim_ex.c ****   TIM_CHANNEL_STATE_SET(htim, TIM_CHANNEL_2, HAL_TIM_CHANNEL_STATE_BUSY);
 338:Drivers/STM32F1xx_HAL_Driver/Src/stm32f1xx_hal_tim_ex.c ****   TIM_CHANNEL_N_STATE_SET(htim, TIM_CHANNEL_1, HAL_TIM_CHANNEL_STATE_BUSY);
 339:Drivers/STM32F1xx_HAL_Driver/Src/stm32f1xx_hal_tim_ex.c ****   TIM_CHANNEL_N_STATE_SET(htim, TIM_CHANNEL_2, HAL_TIM_CHANNEL_STATE_BUSY);
 340:Drivers/STM32F1xx_HAL_Driver/Src/stm32f1xx_hal_tim_ex.c **** 
 341:Drivers/STM32F1xx_HAL_Driver/Src/stm32f1xx_hal_tim_ex.c ****   /* Enable the Input Capture channel 1
 342:Drivers/STM32F1xx_HAL_Driver/Src/stm32f1xx_hal_tim_ex.c ****   (in the Hall Sensor Interface the three possible channels that can be used are TIM_CHANNEL_1,
 343:Drivers/STM32F1xx_HAL_Driver/Src/stm32f1xx_hal_tim_ex.c ****   TIM_CHANNEL_2 and TIM_CHANNEL_3) */
 344:Drivers/STM32F1xx_HAL_Driver/Src/stm32f1xx_hal_tim_ex.c ****   TIM_CCxChannelCmd(htim->Instance, TIM_CHANNEL_1, TIM_CCx_ENABLE);
 345:Drivers/STM32F1xx_HAL_Driver/Src/stm32f1xx_hal_tim_ex.c **** 
 346:Drivers/STM32F1xx_HAL_Driver/Src/stm32f1xx_hal_tim_ex.c ****   /* Enable the Peripheral, except in trigger mode where enable is automatically done with trigger 
 347:Drivers/STM32F1xx_HAL_Driver/Src/stm32f1xx_hal_tim_ex.c ****   if (IS_TIM_SLAVE_INSTANCE(htim->Instance))
 348:Drivers/STM32F1xx_HAL_Driver/Src/stm32f1xx_hal_tim_ex.c ****   {
 349:Drivers/STM32F1xx_HAL_Driver/Src/stm32f1xx_hal_tim_ex.c ****     tmpsmcr = htim->Instance->SMCR & TIM_SMCR_SMS;
 350:Drivers/STM32F1xx_HAL_Driver/Src/stm32f1xx_hal_tim_ex.c ****     if (!IS_TIM_SLAVEMODE_TRIGGER_ENABLED(tmpsmcr))
 351:Drivers/STM32F1xx_HAL_Driver/Src/stm32f1xx_hal_tim_ex.c ****     {
 352:Drivers/STM32F1xx_HAL_Driver/Src/stm32f1xx_hal_tim_ex.c ****       __HAL_TIM_ENABLE(htim);
 353:Drivers/STM32F1xx_HAL_Driver/Src/stm32f1xx_hal_tim_ex.c ****     }
 354:Drivers/STM32F1xx_HAL_Driver/Src/stm32f1xx_hal_tim_ex.c ****   }
 355:Drivers/STM32F1xx_HAL_Driver/Src/stm32f1xx_hal_tim_ex.c ****   else
 356:Drivers/STM32F1xx_HAL_Driver/Src/stm32f1xx_hal_tim_ex.c ****   {
 357:Drivers/STM32F1xx_HAL_Driver/Src/stm32f1xx_hal_tim_ex.c ****     __HAL_TIM_ENABLE(htim);
 358:Drivers/STM32F1xx_HAL_Driver/Src/stm32f1xx_hal_tim_ex.c ****   }
 359:Drivers/STM32F1xx_HAL_Driver/Src/stm32f1xx_hal_tim_ex.c **** 
 360:Drivers/STM32F1xx_HAL_Driver/Src/stm32f1xx_hal_tim_ex.c ****   /* Return function status */
 361:Drivers/STM32F1xx_HAL_Driver/Src/stm32f1xx_hal_tim_ex.c ****   return HAL_OK;
 362:Drivers/STM32F1xx_HAL_Driver/Src/stm32f1xx_hal_tim_ex.c **** }
 363:Drivers/STM32F1xx_HAL_Driver/Src/stm32f1xx_hal_tim_ex.c **** 
 364:Drivers/STM32F1xx_HAL_Driver/Src/stm32f1xx_hal_tim_ex.c **** /**
 365:Drivers/STM32F1xx_HAL_Driver/Src/stm32f1xx_hal_tim_ex.c ****   * @brief  Stops the TIM Hall sensor Interface.
 366:Drivers/STM32F1xx_HAL_Driver/Src/stm32f1xx_hal_tim_ex.c ****   * @param  htim TIM Hall Sensor Interface handle
 367:Drivers/STM32F1xx_HAL_Driver/Src/stm32f1xx_hal_tim_ex.c ****   * @retval HAL status
 368:Drivers/STM32F1xx_HAL_Driver/Src/stm32f1xx_hal_tim_ex.c ****   */
 369:Drivers/STM32F1xx_HAL_Driver/Src/stm32f1xx_hal_tim_ex.c **** HAL_StatusTypeDef HAL_TIMEx_HallSensor_Stop(TIM_HandleTypeDef *htim)
 370:Drivers/STM32F1xx_HAL_Driver/Src/stm32f1xx_hal_tim_ex.c **** {
 371:Drivers/STM32F1xx_HAL_Driver/Src/stm32f1xx_hal_tim_ex.c ****   /* Check the parameters */
 372:Drivers/STM32F1xx_HAL_Driver/Src/stm32f1xx_hal_tim_ex.c ****   assert_param(IS_TIM_HALL_SENSOR_INTERFACE_INSTANCE(htim->Instance));
 373:Drivers/STM32F1xx_HAL_Driver/Src/stm32f1xx_hal_tim_ex.c **** 
 374:Drivers/STM32F1xx_HAL_Driver/Src/stm32f1xx_hal_tim_ex.c ****   /* Disable the Input Capture channels 1, 2 and 3
ARM GAS  C:\Users\airforce\AppData\Local\Temp\ccVTBrFk.s 			page 8


 375:Drivers/STM32F1xx_HAL_Driver/Src/stm32f1xx_hal_tim_ex.c ****   (in the Hall Sensor Interface the three possible channels that can be used are TIM_CHANNEL_1,
 376:Drivers/STM32F1xx_HAL_Driver/Src/stm32f1xx_hal_tim_ex.c ****   TIM_CHANNEL_2 and TIM_CHANNEL_3) */
 377:Drivers/STM32F1xx_HAL_Driver/Src/stm32f1xx_hal_tim_ex.c ****   TIM_CCxChannelCmd(htim->Instance, TIM_CHANNEL_1, TIM_CCx_DISABLE);
 378:Drivers/STM32F1xx_HAL_Driver/Src/stm32f1xx_hal_tim_ex.c **** 
 379:Drivers/STM32F1xx_HAL_Driver/Src/stm32f1xx_hal_tim_ex.c ****   /* Disable the Peripheral */
 380:Drivers/STM32F1xx_HAL_Driver/Src/stm32f1xx_hal_tim_ex.c ****   __HAL_TIM_DISABLE(htim);
 381:Drivers/STM32F1xx_HAL_Driver/Src/stm32f1xx_hal_tim_ex.c **** 
 382:Drivers/STM32F1xx_HAL_Driver/Src/stm32f1xx_hal_tim_ex.c ****   /* Set the TIM channels state */
 383:Drivers/STM32F1xx_HAL_Driver/Src/stm32f1xx_hal_tim_ex.c ****   TIM_CHANNEL_STATE_SET(htim, TIM_CHANNEL_1, HAL_TIM_CHANNEL_STATE_READY);
 384:Drivers/STM32F1xx_HAL_Driver/Src/stm32f1xx_hal_tim_ex.c ****   TIM_CHANNEL_STATE_SET(htim, TIM_CHANNEL_2, HAL_TIM_CHANNEL_STATE_READY);
 385:Drivers/STM32F1xx_HAL_Driver/Src/stm32f1xx_hal_tim_ex.c ****   TIM_CHANNEL_N_STATE_SET(htim, TIM_CHANNEL_1, HAL_TIM_CHANNEL_STATE_READY);
 386:Drivers/STM32F1xx_HAL_Driver/Src/stm32f1xx_hal_tim_ex.c ****   TIM_CHANNEL_N_STATE_SET(htim, TIM_CHANNEL_2, HAL_TIM_CHANNEL_STATE_READY);
 387:Drivers/STM32F1xx_HAL_Driver/Src/stm32f1xx_hal_tim_ex.c **** 
 388:Drivers/STM32F1xx_HAL_Driver/Src/stm32f1xx_hal_tim_ex.c ****   /* Return function status */
 389:Drivers/STM32F1xx_HAL_Driver/Src/stm32f1xx_hal_tim_ex.c ****   return HAL_OK;
 390:Drivers/STM32F1xx_HAL_Driver/Src/stm32f1xx_hal_tim_ex.c **** }
 391:Drivers/STM32F1xx_HAL_Driver/Src/stm32f1xx_hal_tim_ex.c **** 
 392:Drivers/STM32F1xx_HAL_Driver/Src/stm32f1xx_hal_tim_ex.c **** /**
 393:Drivers/STM32F1xx_HAL_Driver/Src/stm32f1xx_hal_tim_ex.c ****   * @brief  Starts the TIM Hall Sensor Interface in interrupt mode.
 394:Drivers/STM32F1xx_HAL_Driver/Src/stm32f1xx_hal_tim_ex.c ****   * @param  htim TIM Hall Sensor Interface handle
 395:Drivers/STM32F1xx_HAL_Driver/Src/stm32f1xx_hal_tim_ex.c ****   * @retval HAL status
 396:Drivers/STM32F1xx_HAL_Driver/Src/stm32f1xx_hal_tim_ex.c ****   */
 397:Drivers/STM32F1xx_HAL_Driver/Src/stm32f1xx_hal_tim_ex.c **** HAL_StatusTypeDef HAL_TIMEx_HallSensor_Start_IT(TIM_HandleTypeDef *htim)
 398:Drivers/STM32F1xx_HAL_Driver/Src/stm32f1xx_hal_tim_ex.c **** {
 399:Drivers/STM32F1xx_HAL_Driver/Src/stm32f1xx_hal_tim_ex.c ****   uint32_t tmpsmcr;
 400:Drivers/STM32F1xx_HAL_Driver/Src/stm32f1xx_hal_tim_ex.c ****   HAL_TIM_ChannelStateTypeDef channel_1_state = TIM_CHANNEL_STATE_GET(htim, TIM_CHANNEL_1);
 401:Drivers/STM32F1xx_HAL_Driver/Src/stm32f1xx_hal_tim_ex.c ****   HAL_TIM_ChannelStateTypeDef channel_2_state = TIM_CHANNEL_STATE_GET(htim, TIM_CHANNEL_2);
 402:Drivers/STM32F1xx_HAL_Driver/Src/stm32f1xx_hal_tim_ex.c ****   HAL_TIM_ChannelStateTypeDef complementary_channel_1_state = TIM_CHANNEL_N_STATE_GET(htim, TIM_CHA
 403:Drivers/STM32F1xx_HAL_Driver/Src/stm32f1xx_hal_tim_ex.c ****   HAL_TIM_ChannelStateTypeDef complementary_channel_2_state = TIM_CHANNEL_N_STATE_GET(htim, TIM_CHA
 404:Drivers/STM32F1xx_HAL_Driver/Src/stm32f1xx_hal_tim_ex.c **** 
 405:Drivers/STM32F1xx_HAL_Driver/Src/stm32f1xx_hal_tim_ex.c ****   /* Check the parameters */
 406:Drivers/STM32F1xx_HAL_Driver/Src/stm32f1xx_hal_tim_ex.c ****   assert_param(IS_TIM_HALL_SENSOR_INTERFACE_INSTANCE(htim->Instance));
 407:Drivers/STM32F1xx_HAL_Driver/Src/stm32f1xx_hal_tim_ex.c **** 
 408:Drivers/STM32F1xx_HAL_Driver/Src/stm32f1xx_hal_tim_ex.c ****   /* Check the TIM channels state */
 409:Drivers/STM32F1xx_HAL_Driver/Src/stm32f1xx_hal_tim_ex.c ****   if ((channel_1_state != HAL_TIM_CHANNEL_STATE_READY)
 410:Drivers/STM32F1xx_HAL_Driver/Src/stm32f1xx_hal_tim_ex.c ****       || (channel_2_state != HAL_TIM_CHANNEL_STATE_READY)
 411:Drivers/STM32F1xx_HAL_Driver/Src/stm32f1xx_hal_tim_ex.c ****       || (complementary_channel_1_state != HAL_TIM_CHANNEL_STATE_READY)
 412:Drivers/STM32F1xx_HAL_Driver/Src/stm32f1xx_hal_tim_ex.c ****       || (complementary_channel_2_state != HAL_TIM_CHANNEL_STATE_READY))
 413:Drivers/STM32F1xx_HAL_Driver/Src/stm32f1xx_hal_tim_ex.c ****   {
 414:Drivers/STM32F1xx_HAL_Driver/Src/stm32f1xx_hal_tim_ex.c ****     return HAL_ERROR;
 415:Drivers/STM32F1xx_HAL_Driver/Src/stm32f1xx_hal_tim_ex.c ****   }
 416:Drivers/STM32F1xx_HAL_Driver/Src/stm32f1xx_hal_tim_ex.c **** 
 417:Drivers/STM32F1xx_HAL_Driver/Src/stm32f1xx_hal_tim_ex.c ****   /* Set the TIM channels state */
 418:Drivers/STM32F1xx_HAL_Driver/Src/stm32f1xx_hal_tim_ex.c ****   TIM_CHANNEL_STATE_SET(htim, TIM_CHANNEL_1, HAL_TIM_CHANNEL_STATE_BUSY);
 419:Drivers/STM32F1xx_HAL_Driver/Src/stm32f1xx_hal_tim_ex.c ****   TIM_CHANNEL_STATE_SET(htim, TIM_CHANNEL_2, HAL_TIM_CHANNEL_STATE_BUSY);
 420:Drivers/STM32F1xx_HAL_Driver/Src/stm32f1xx_hal_tim_ex.c ****   TIM_CHANNEL_N_STATE_SET(htim, TIM_CHANNEL_1, HAL_TIM_CHANNEL_STATE_BUSY);
 421:Drivers/STM32F1xx_HAL_Driver/Src/stm32f1xx_hal_tim_ex.c ****   TIM_CHANNEL_N_STATE_SET(htim, TIM_CHANNEL_2, HAL_TIM_CHANNEL_STATE_BUSY);
 422:Drivers/STM32F1xx_HAL_Driver/Src/stm32f1xx_hal_tim_ex.c **** 
 423:Drivers/STM32F1xx_HAL_Driver/Src/stm32f1xx_hal_tim_ex.c ****   /* Enable the capture compare Interrupts 1 event */
 424:Drivers/STM32F1xx_HAL_Driver/Src/stm32f1xx_hal_tim_ex.c ****   __HAL_TIM_ENABLE_IT(htim, TIM_IT_CC1);
 425:Drivers/STM32F1xx_HAL_Driver/Src/stm32f1xx_hal_tim_ex.c **** 
 426:Drivers/STM32F1xx_HAL_Driver/Src/stm32f1xx_hal_tim_ex.c ****   /* Enable the Input Capture channel 1
 427:Drivers/STM32F1xx_HAL_Driver/Src/stm32f1xx_hal_tim_ex.c ****   (in the Hall Sensor Interface the three possible channels that can be used are TIM_CHANNEL_1,
 428:Drivers/STM32F1xx_HAL_Driver/Src/stm32f1xx_hal_tim_ex.c ****   TIM_CHANNEL_2 and TIM_CHANNEL_3) */
 429:Drivers/STM32F1xx_HAL_Driver/Src/stm32f1xx_hal_tim_ex.c ****   TIM_CCxChannelCmd(htim->Instance, TIM_CHANNEL_1, TIM_CCx_ENABLE);
 430:Drivers/STM32F1xx_HAL_Driver/Src/stm32f1xx_hal_tim_ex.c **** 
 431:Drivers/STM32F1xx_HAL_Driver/Src/stm32f1xx_hal_tim_ex.c ****   /* Enable the Peripheral, except in trigger mode where enable is automatically done with trigger 
ARM GAS  C:\Users\airforce\AppData\Local\Temp\ccVTBrFk.s 			page 9


 432:Drivers/STM32F1xx_HAL_Driver/Src/stm32f1xx_hal_tim_ex.c ****   if (IS_TIM_SLAVE_INSTANCE(htim->Instance))
 433:Drivers/STM32F1xx_HAL_Driver/Src/stm32f1xx_hal_tim_ex.c ****   {
 434:Drivers/STM32F1xx_HAL_Driver/Src/stm32f1xx_hal_tim_ex.c ****     tmpsmcr = htim->Instance->SMCR & TIM_SMCR_SMS;
 435:Drivers/STM32F1xx_HAL_Driver/Src/stm32f1xx_hal_tim_ex.c ****     if (!IS_TIM_SLAVEMODE_TRIGGER_ENABLED(tmpsmcr))
 436:Drivers/STM32F1xx_HAL_Driver/Src/stm32f1xx_hal_tim_ex.c ****     {
 437:Drivers/STM32F1xx_HAL_Driver/Src/stm32f1xx_hal_tim_ex.c ****       __HAL_TIM_ENABLE(htim);
 438:Drivers/STM32F1xx_HAL_Driver/Src/stm32f1xx_hal_tim_ex.c ****     }
 439:Drivers/STM32F1xx_HAL_Driver/Src/stm32f1xx_hal_tim_ex.c ****   }
 440:Drivers/STM32F1xx_HAL_Driver/Src/stm32f1xx_hal_tim_ex.c ****   else
 441:Drivers/STM32F1xx_HAL_Driver/Src/stm32f1xx_hal_tim_ex.c ****   {
 442:Drivers/STM32F1xx_HAL_Driver/Src/stm32f1xx_hal_tim_ex.c ****     __HAL_TIM_ENABLE(htim);
 443:Drivers/STM32F1xx_HAL_Driver/Src/stm32f1xx_hal_tim_ex.c ****   }
 444:Drivers/STM32F1xx_HAL_Driver/Src/stm32f1xx_hal_tim_ex.c **** 
 445:Drivers/STM32F1xx_HAL_Driver/Src/stm32f1xx_hal_tim_ex.c ****   /* Return function status */
 446:Drivers/STM32F1xx_HAL_Driver/Src/stm32f1xx_hal_tim_ex.c ****   return HAL_OK;
 447:Drivers/STM32F1xx_HAL_Driver/Src/stm32f1xx_hal_tim_ex.c **** }
 448:Drivers/STM32F1xx_HAL_Driver/Src/stm32f1xx_hal_tim_ex.c **** 
 449:Drivers/STM32F1xx_HAL_Driver/Src/stm32f1xx_hal_tim_ex.c **** /**
 450:Drivers/STM32F1xx_HAL_Driver/Src/stm32f1xx_hal_tim_ex.c ****   * @brief  Stops the TIM Hall Sensor Interface in interrupt mode.
 451:Drivers/STM32F1xx_HAL_Driver/Src/stm32f1xx_hal_tim_ex.c ****   * @param  htim TIM Hall Sensor Interface handle
 452:Drivers/STM32F1xx_HAL_Driver/Src/stm32f1xx_hal_tim_ex.c ****   * @retval HAL status
 453:Drivers/STM32F1xx_HAL_Driver/Src/stm32f1xx_hal_tim_ex.c ****   */
 454:Drivers/STM32F1xx_HAL_Driver/Src/stm32f1xx_hal_tim_ex.c **** HAL_StatusTypeDef HAL_TIMEx_HallSensor_Stop_IT(TIM_HandleTypeDef *htim)
 455:Drivers/STM32F1xx_HAL_Driver/Src/stm32f1xx_hal_tim_ex.c **** {
 456:Drivers/STM32F1xx_HAL_Driver/Src/stm32f1xx_hal_tim_ex.c ****   /* Check the parameters */
 457:Drivers/STM32F1xx_HAL_Driver/Src/stm32f1xx_hal_tim_ex.c ****   assert_param(IS_TIM_HALL_SENSOR_INTERFACE_INSTANCE(htim->Instance));
 458:Drivers/STM32F1xx_HAL_Driver/Src/stm32f1xx_hal_tim_ex.c **** 
 459:Drivers/STM32F1xx_HAL_Driver/Src/stm32f1xx_hal_tim_ex.c ****   /* Disable the Input Capture channel 1
 460:Drivers/STM32F1xx_HAL_Driver/Src/stm32f1xx_hal_tim_ex.c ****   (in the Hall Sensor Interface the three possible channels that can be used are TIM_CHANNEL_1,
 461:Drivers/STM32F1xx_HAL_Driver/Src/stm32f1xx_hal_tim_ex.c ****   TIM_CHANNEL_2 and TIM_CHANNEL_3) */
 462:Drivers/STM32F1xx_HAL_Driver/Src/stm32f1xx_hal_tim_ex.c ****   TIM_CCxChannelCmd(htim->Instance, TIM_CHANNEL_1, TIM_CCx_DISABLE);
 463:Drivers/STM32F1xx_HAL_Driver/Src/stm32f1xx_hal_tim_ex.c **** 
 464:Drivers/STM32F1xx_HAL_Driver/Src/stm32f1xx_hal_tim_ex.c ****   /* Disable the capture compare Interrupts event */
 465:Drivers/STM32F1xx_HAL_Driver/Src/stm32f1xx_hal_tim_ex.c ****   __HAL_TIM_DISABLE_IT(htim, TIM_IT_CC1);
 466:Drivers/STM32F1xx_HAL_Driver/Src/stm32f1xx_hal_tim_ex.c **** 
 467:Drivers/STM32F1xx_HAL_Driver/Src/stm32f1xx_hal_tim_ex.c ****   /* Disable the Peripheral */
 468:Drivers/STM32F1xx_HAL_Driver/Src/stm32f1xx_hal_tim_ex.c ****   __HAL_TIM_DISABLE(htim);
 469:Drivers/STM32F1xx_HAL_Driver/Src/stm32f1xx_hal_tim_ex.c **** 
 470:Drivers/STM32F1xx_HAL_Driver/Src/stm32f1xx_hal_tim_ex.c ****   /* Set the TIM channels state */
 471:Drivers/STM32F1xx_HAL_Driver/Src/stm32f1xx_hal_tim_ex.c ****   TIM_CHANNEL_STATE_SET(htim, TIM_CHANNEL_1, HAL_TIM_CHANNEL_STATE_READY);
 472:Drivers/STM32F1xx_HAL_Driver/Src/stm32f1xx_hal_tim_ex.c ****   TIM_CHANNEL_STATE_SET(htim, TIM_CHANNEL_2, HAL_TIM_CHANNEL_STATE_READY);
 473:Drivers/STM32F1xx_HAL_Driver/Src/stm32f1xx_hal_tim_ex.c ****   TIM_CHANNEL_N_STATE_SET(htim, TIM_CHANNEL_1, HAL_TIM_CHANNEL_STATE_READY);
 474:Drivers/STM32F1xx_HAL_Driver/Src/stm32f1xx_hal_tim_ex.c ****   TIM_CHANNEL_N_STATE_SET(htim, TIM_CHANNEL_2, HAL_TIM_CHANNEL_STATE_READY);
 475:Drivers/STM32F1xx_HAL_Driver/Src/stm32f1xx_hal_tim_ex.c **** 
 476:Drivers/STM32F1xx_HAL_Driver/Src/stm32f1xx_hal_tim_ex.c ****   /* Return function status */
 477:Drivers/STM32F1xx_HAL_Driver/Src/stm32f1xx_hal_tim_ex.c ****   return HAL_OK;
 478:Drivers/STM32F1xx_HAL_Driver/Src/stm32f1xx_hal_tim_ex.c **** }
 479:Drivers/STM32F1xx_HAL_Driver/Src/stm32f1xx_hal_tim_ex.c **** 
 480:Drivers/STM32F1xx_HAL_Driver/Src/stm32f1xx_hal_tim_ex.c **** /**
 481:Drivers/STM32F1xx_HAL_Driver/Src/stm32f1xx_hal_tim_ex.c ****   * @brief  Starts the TIM Hall Sensor Interface in DMA mode.
 482:Drivers/STM32F1xx_HAL_Driver/Src/stm32f1xx_hal_tim_ex.c ****   * @param  htim TIM Hall Sensor Interface handle
 483:Drivers/STM32F1xx_HAL_Driver/Src/stm32f1xx_hal_tim_ex.c ****   * @param  pData The destination Buffer address.
 484:Drivers/STM32F1xx_HAL_Driver/Src/stm32f1xx_hal_tim_ex.c ****   * @param  Length The length of data to be transferred from TIM peripheral to memory.
 485:Drivers/STM32F1xx_HAL_Driver/Src/stm32f1xx_hal_tim_ex.c ****   * @retval HAL status
 486:Drivers/STM32F1xx_HAL_Driver/Src/stm32f1xx_hal_tim_ex.c ****   */
 487:Drivers/STM32F1xx_HAL_Driver/Src/stm32f1xx_hal_tim_ex.c **** HAL_StatusTypeDef HAL_TIMEx_HallSensor_Start_DMA(TIM_HandleTypeDef *htim, uint32_t *pData, uint16_t
 488:Drivers/STM32F1xx_HAL_Driver/Src/stm32f1xx_hal_tim_ex.c **** {
ARM GAS  C:\Users\airforce\AppData\Local\Temp\ccVTBrFk.s 			page 10


 489:Drivers/STM32F1xx_HAL_Driver/Src/stm32f1xx_hal_tim_ex.c ****   uint32_t tmpsmcr;
 490:Drivers/STM32F1xx_HAL_Driver/Src/stm32f1xx_hal_tim_ex.c ****   HAL_TIM_ChannelStateTypeDef channel_1_state = TIM_CHANNEL_STATE_GET(htim, TIM_CHANNEL_1);
 491:Drivers/STM32F1xx_HAL_Driver/Src/stm32f1xx_hal_tim_ex.c ****   HAL_TIM_ChannelStateTypeDef complementary_channel_1_state = TIM_CHANNEL_N_STATE_GET(htim, TIM_CHA
 492:Drivers/STM32F1xx_HAL_Driver/Src/stm32f1xx_hal_tim_ex.c **** 
 493:Drivers/STM32F1xx_HAL_Driver/Src/stm32f1xx_hal_tim_ex.c ****   /* Check the parameters */
 494:Drivers/STM32F1xx_HAL_Driver/Src/stm32f1xx_hal_tim_ex.c ****   assert_param(IS_TIM_HALL_SENSOR_INTERFACE_INSTANCE(htim->Instance));
 495:Drivers/STM32F1xx_HAL_Driver/Src/stm32f1xx_hal_tim_ex.c **** 
 496:Drivers/STM32F1xx_HAL_Driver/Src/stm32f1xx_hal_tim_ex.c ****   /* Set the TIM channel state */
 497:Drivers/STM32F1xx_HAL_Driver/Src/stm32f1xx_hal_tim_ex.c ****   if ((channel_1_state == HAL_TIM_CHANNEL_STATE_BUSY)
 498:Drivers/STM32F1xx_HAL_Driver/Src/stm32f1xx_hal_tim_ex.c ****       || (complementary_channel_1_state == HAL_TIM_CHANNEL_STATE_BUSY))
 499:Drivers/STM32F1xx_HAL_Driver/Src/stm32f1xx_hal_tim_ex.c ****   {
 500:Drivers/STM32F1xx_HAL_Driver/Src/stm32f1xx_hal_tim_ex.c ****     return HAL_BUSY;
 501:Drivers/STM32F1xx_HAL_Driver/Src/stm32f1xx_hal_tim_ex.c ****   }
 502:Drivers/STM32F1xx_HAL_Driver/Src/stm32f1xx_hal_tim_ex.c ****   else if ((channel_1_state == HAL_TIM_CHANNEL_STATE_READY)
 503:Drivers/STM32F1xx_HAL_Driver/Src/stm32f1xx_hal_tim_ex.c ****            && (complementary_channel_1_state == HAL_TIM_CHANNEL_STATE_READY))
 504:Drivers/STM32F1xx_HAL_Driver/Src/stm32f1xx_hal_tim_ex.c ****   {
 505:Drivers/STM32F1xx_HAL_Driver/Src/stm32f1xx_hal_tim_ex.c ****     if ((pData == NULL) || (Length == 0U))
 506:Drivers/STM32F1xx_HAL_Driver/Src/stm32f1xx_hal_tim_ex.c ****     {
 507:Drivers/STM32F1xx_HAL_Driver/Src/stm32f1xx_hal_tim_ex.c ****       return HAL_ERROR;
 508:Drivers/STM32F1xx_HAL_Driver/Src/stm32f1xx_hal_tim_ex.c ****     }
 509:Drivers/STM32F1xx_HAL_Driver/Src/stm32f1xx_hal_tim_ex.c ****     else
 510:Drivers/STM32F1xx_HAL_Driver/Src/stm32f1xx_hal_tim_ex.c ****     {
 511:Drivers/STM32F1xx_HAL_Driver/Src/stm32f1xx_hal_tim_ex.c ****       TIM_CHANNEL_STATE_SET(htim, TIM_CHANNEL_1, HAL_TIM_CHANNEL_STATE_BUSY);
 512:Drivers/STM32F1xx_HAL_Driver/Src/stm32f1xx_hal_tim_ex.c ****       TIM_CHANNEL_N_STATE_SET(htim, TIM_CHANNEL_1, HAL_TIM_CHANNEL_STATE_BUSY);
 513:Drivers/STM32F1xx_HAL_Driver/Src/stm32f1xx_hal_tim_ex.c ****     }
 514:Drivers/STM32F1xx_HAL_Driver/Src/stm32f1xx_hal_tim_ex.c ****   }
 515:Drivers/STM32F1xx_HAL_Driver/Src/stm32f1xx_hal_tim_ex.c ****   else
 516:Drivers/STM32F1xx_HAL_Driver/Src/stm32f1xx_hal_tim_ex.c ****   {
 517:Drivers/STM32F1xx_HAL_Driver/Src/stm32f1xx_hal_tim_ex.c ****     return HAL_ERROR;
 518:Drivers/STM32F1xx_HAL_Driver/Src/stm32f1xx_hal_tim_ex.c ****   }
 519:Drivers/STM32F1xx_HAL_Driver/Src/stm32f1xx_hal_tim_ex.c **** 
 520:Drivers/STM32F1xx_HAL_Driver/Src/stm32f1xx_hal_tim_ex.c ****   /* Enable the Input Capture channel 1
 521:Drivers/STM32F1xx_HAL_Driver/Src/stm32f1xx_hal_tim_ex.c ****   (in the Hall Sensor Interface the three possible channels that can be used are TIM_CHANNEL_1,
 522:Drivers/STM32F1xx_HAL_Driver/Src/stm32f1xx_hal_tim_ex.c ****   TIM_CHANNEL_2 and TIM_CHANNEL_3) */
 523:Drivers/STM32F1xx_HAL_Driver/Src/stm32f1xx_hal_tim_ex.c ****   TIM_CCxChannelCmd(htim->Instance, TIM_CHANNEL_1, TIM_CCx_ENABLE);
 524:Drivers/STM32F1xx_HAL_Driver/Src/stm32f1xx_hal_tim_ex.c **** 
 525:Drivers/STM32F1xx_HAL_Driver/Src/stm32f1xx_hal_tim_ex.c ****   /* Set the DMA Input Capture 1 Callbacks */
 526:Drivers/STM32F1xx_HAL_Driver/Src/stm32f1xx_hal_tim_ex.c ****   htim->hdma[TIM_DMA_ID_CC1]->XferCpltCallback = TIM_DMACaptureCplt;
 527:Drivers/STM32F1xx_HAL_Driver/Src/stm32f1xx_hal_tim_ex.c ****   htim->hdma[TIM_DMA_ID_CC1]->XferHalfCpltCallback = TIM_DMACaptureHalfCplt;
 528:Drivers/STM32F1xx_HAL_Driver/Src/stm32f1xx_hal_tim_ex.c ****   /* Set the DMA error callback */
 529:Drivers/STM32F1xx_HAL_Driver/Src/stm32f1xx_hal_tim_ex.c ****   htim->hdma[TIM_DMA_ID_CC1]->XferErrorCallback = TIM_DMAError ;
 530:Drivers/STM32F1xx_HAL_Driver/Src/stm32f1xx_hal_tim_ex.c **** 
 531:Drivers/STM32F1xx_HAL_Driver/Src/stm32f1xx_hal_tim_ex.c ****   /* Enable the DMA channel for Capture 1*/
 532:Drivers/STM32F1xx_HAL_Driver/Src/stm32f1xx_hal_tim_ex.c ****   if (HAL_DMA_Start_IT(htim->hdma[TIM_DMA_ID_CC1], (uint32_t)&htim->Instance->CCR1, (uint32_t)pData
 533:Drivers/STM32F1xx_HAL_Driver/Src/stm32f1xx_hal_tim_ex.c ****   {
 534:Drivers/STM32F1xx_HAL_Driver/Src/stm32f1xx_hal_tim_ex.c ****     /* Return error status */
 535:Drivers/STM32F1xx_HAL_Driver/Src/stm32f1xx_hal_tim_ex.c ****     return HAL_ERROR;
 536:Drivers/STM32F1xx_HAL_Driver/Src/stm32f1xx_hal_tim_ex.c ****   }
 537:Drivers/STM32F1xx_HAL_Driver/Src/stm32f1xx_hal_tim_ex.c ****   /* Enable the capture compare 1 Interrupt */
 538:Drivers/STM32F1xx_HAL_Driver/Src/stm32f1xx_hal_tim_ex.c ****   __HAL_TIM_ENABLE_DMA(htim, TIM_DMA_CC1);
 539:Drivers/STM32F1xx_HAL_Driver/Src/stm32f1xx_hal_tim_ex.c **** 
 540:Drivers/STM32F1xx_HAL_Driver/Src/stm32f1xx_hal_tim_ex.c ****   /* Enable the Peripheral, except in trigger mode where enable is automatically done with trigger 
 541:Drivers/STM32F1xx_HAL_Driver/Src/stm32f1xx_hal_tim_ex.c ****   if (IS_TIM_SLAVE_INSTANCE(htim->Instance))
 542:Drivers/STM32F1xx_HAL_Driver/Src/stm32f1xx_hal_tim_ex.c ****   {
 543:Drivers/STM32F1xx_HAL_Driver/Src/stm32f1xx_hal_tim_ex.c ****     tmpsmcr = htim->Instance->SMCR & TIM_SMCR_SMS;
 544:Drivers/STM32F1xx_HAL_Driver/Src/stm32f1xx_hal_tim_ex.c ****     if (!IS_TIM_SLAVEMODE_TRIGGER_ENABLED(tmpsmcr))
 545:Drivers/STM32F1xx_HAL_Driver/Src/stm32f1xx_hal_tim_ex.c ****     {
ARM GAS  C:\Users\airforce\AppData\Local\Temp\ccVTBrFk.s 			page 11


 546:Drivers/STM32F1xx_HAL_Driver/Src/stm32f1xx_hal_tim_ex.c ****       __HAL_TIM_ENABLE(htim);
 547:Drivers/STM32F1xx_HAL_Driver/Src/stm32f1xx_hal_tim_ex.c ****     }
 548:Drivers/STM32F1xx_HAL_Driver/Src/stm32f1xx_hal_tim_ex.c ****   }
 549:Drivers/STM32F1xx_HAL_Driver/Src/stm32f1xx_hal_tim_ex.c ****   else
 550:Drivers/STM32F1xx_HAL_Driver/Src/stm32f1xx_hal_tim_ex.c ****   {
 551:Drivers/STM32F1xx_HAL_Driver/Src/stm32f1xx_hal_tim_ex.c ****     __HAL_TIM_ENABLE(htim);
 552:Drivers/STM32F1xx_HAL_Driver/Src/stm32f1xx_hal_tim_ex.c ****   }
 553:Drivers/STM32F1xx_HAL_Driver/Src/stm32f1xx_hal_tim_ex.c **** 
 554:Drivers/STM32F1xx_HAL_Driver/Src/stm32f1xx_hal_tim_ex.c ****   /* Return function status */
 555:Drivers/STM32F1xx_HAL_Driver/Src/stm32f1xx_hal_tim_ex.c ****   return HAL_OK;
 556:Drivers/STM32F1xx_HAL_Driver/Src/stm32f1xx_hal_tim_ex.c **** }
 557:Drivers/STM32F1xx_HAL_Driver/Src/stm32f1xx_hal_tim_ex.c **** 
 558:Drivers/STM32F1xx_HAL_Driver/Src/stm32f1xx_hal_tim_ex.c **** /**
 559:Drivers/STM32F1xx_HAL_Driver/Src/stm32f1xx_hal_tim_ex.c ****   * @brief  Stops the TIM Hall Sensor Interface in DMA mode.
 560:Drivers/STM32F1xx_HAL_Driver/Src/stm32f1xx_hal_tim_ex.c ****   * @param  htim TIM Hall Sensor Interface handle
 561:Drivers/STM32F1xx_HAL_Driver/Src/stm32f1xx_hal_tim_ex.c ****   * @retval HAL status
 562:Drivers/STM32F1xx_HAL_Driver/Src/stm32f1xx_hal_tim_ex.c ****   */
 563:Drivers/STM32F1xx_HAL_Driver/Src/stm32f1xx_hal_tim_ex.c **** HAL_StatusTypeDef HAL_TIMEx_HallSensor_Stop_DMA(TIM_HandleTypeDef *htim)
 564:Drivers/STM32F1xx_HAL_Driver/Src/stm32f1xx_hal_tim_ex.c **** {
 565:Drivers/STM32F1xx_HAL_Driver/Src/stm32f1xx_hal_tim_ex.c ****   /* Check the parameters */
 566:Drivers/STM32F1xx_HAL_Driver/Src/stm32f1xx_hal_tim_ex.c ****   assert_param(IS_TIM_HALL_SENSOR_INTERFACE_INSTANCE(htim->Instance));
 567:Drivers/STM32F1xx_HAL_Driver/Src/stm32f1xx_hal_tim_ex.c **** 
 568:Drivers/STM32F1xx_HAL_Driver/Src/stm32f1xx_hal_tim_ex.c ****   /* Disable the Input Capture channel 1
 569:Drivers/STM32F1xx_HAL_Driver/Src/stm32f1xx_hal_tim_ex.c ****   (in the Hall Sensor Interface the three possible channels that can be used are TIM_CHANNEL_1,
 570:Drivers/STM32F1xx_HAL_Driver/Src/stm32f1xx_hal_tim_ex.c ****   TIM_CHANNEL_2 and TIM_CHANNEL_3) */
 571:Drivers/STM32F1xx_HAL_Driver/Src/stm32f1xx_hal_tim_ex.c ****   TIM_CCxChannelCmd(htim->Instance, TIM_CHANNEL_1, TIM_CCx_DISABLE);
 572:Drivers/STM32F1xx_HAL_Driver/Src/stm32f1xx_hal_tim_ex.c **** 
 573:Drivers/STM32F1xx_HAL_Driver/Src/stm32f1xx_hal_tim_ex.c **** 
 574:Drivers/STM32F1xx_HAL_Driver/Src/stm32f1xx_hal_tim_ex.c ****   /* Disable the capture compare Interrupts 1 event */
 575:Drivers/STM32F1xx_HAL_Driver/Src/stm32f1xx_hal_tim_ex.c ****   __HAL_TIM_DISABLE_DMA(htim, TIM_DMA_CC1);
 576:Drivers/STM32F1xx_HAL_Driver/Src/stm32f1xx_hal_tim_ex.c **** 
 577:Drivers/STM32F1xx_HAL_Driver/Src/stm32f1xx_hal_tim_ex.c ****   (void)HAL_DMA_Abort_IT(htim->hdma[TIM_DMA_ID_CC1]);
 578:Drivers/STM32F1xx_HAL_Driver/Src/stm32f1xx_hal_tim_ex.c **** 
 579:Drivers/STM32F1xx_HAL_Driver/Src/stm32f1xx_hal_tim_ex.c ****   /* Disable the Peripheral */
 580:Drivers/STM32F1xx_HAL_Driver/Src/stm32f1xx_hal_tim_ex.c ****   __HAL_TIM_DISABLE(htim);
 581:Drivers/STM32F1xx_HAL_Driver/Src/stm32f1xx_hal_tim_ex.c **** 
 582:Drivers/STM32F1xx_HAL_Driver/Src/stm32f1xx_hal_tim_ex.c ****   /* Set the TIM channel state */
 583:Drivers/STM32F1xx_HAL_Driver/Src/stm32f1xx_hal_tim_ex.c ****   TIM_CHANNEL_STATE_SET(htim, TIM_CHANNEL_1, HAL_TIM_CHANNEL_STATE_READY);
 584:Drivers/STM32F1xx_HAL_Driver/Src/stm32f1xx_hal_tim_ex.c ****   TIM_CHANNEL_N_STATE_SET(htim, TIM_CHANNEL_1, HAL_TIM_CHANNEL_STATE_READY);
 585:Drivers/STM32F1xx_HAL_Driver/Src/stm32f1xx_hal_tim_ex.c **** 
 586:Drivers/STM32F1xx_HAL_Driver/Src/stm32f1xx_hal_tim_ex.c ****   /* Return function status */
 587:Drivers/STM32F1xx_HAL_Driver/Src/stm32f1xx_hal_tim_ex.c ****   return HAL_OK;
 588:Drivers/STM32F1xx_HAL_Driver/Src/stm32f1xx_hal_tim_ex.c **** }
 589:Drivers/STM32F1xx_HAL_Driver/Src/stm32f1xx_hal_tim_ex.c **** 
 590:Drivers/STM32F1xx_HAL_Driver/Src/stm32f1xx_hal_tim_ex.c **** /**
 591:Drivers/STM32F1xx_HAL_Driver/Src/stm32f1xx_hal_tim_ex.c ****   * @}
 592:Drivers/STM32F1xx_HAL_Driver/Src/stm32f1xx_hal_tim_ex.c ****   */
 593:Drivers/STM32F1xx_HAL_Driver/Src/stm32f1xx_hal_tim_ex.c **** 
 594:Drivers/STM32F1xx_HAL_Driver/Src/stm32f1xx_hal_tim_ex.c **** /** @defgroup TIMEx_Exported_Functions_Group2 Extended Timer Complementary Output Compare functions
 595:Drivers/STM32F1xx_HAL_Driver/Src/stm32f1xx_hal_tim_ex.c ****   *  @brief   Timer Complementary Output Compare functions
 596:Drivers/STM32F1xx_HAL_Driver/Src/stm32f1xx_hal_tim_ex.c ****   *
 597:Drivers/STM32F1xx_HAL_Driver/Src/stm32f1xx_hal_tim_ex.c **** @verbatim
 598:Drivers/STM32F1xx_HAL_Driver/Src/stm32f1xx_hal_tim_ex.c ****   ==============================================================================
 599:Drivers/STM32F1xx_HAL_Driver/Src/stm32f1xx_hal_tim_ex.c ****               ##### Timer Complementary Output Compare functions #####
 600:Drivers/STM32F1xx_HAL_Driver/Src/stm32f1xx_hal_tim_ex.c ****   ==============================================================================
 601:Drivers/STM32F1xx_HAL_Driver/Src/stm32f1xx_hal_tim_ex.c ****   [..]
 602:Drivers/STM32F1xx_HAL_Driver/Src/stm32f1xx_hal_tim_ex.c ****     This section provides functions allowing to:
ARM GAS  C:\Users\airforce\AppData\Local\Temp\ccVTBrFk.s 			page 12


 603:Drivers/STM32F1xx_HAL_Driver/Src/stm32f1xx_hal_tim_ex.c ****     (+) Start the Complementary Output Compare/PWM.
 604:Drivers/STM32F1xx_HAL_Driver/Src/stm32f1xx_hal_tim_ex.c ****     (+) Stop the Complementary Output Compare/PWM.
 605:Drivers/STM32F1xx_HAL_Driver/Src/stm32f1xx_hal_tim_ex.c ****     (+) Start the Complementary Output Compare/PWM and enable interrupts.
 606:Drivers/STM32F1xx_HAL_Driver/Src/stm32f1xx_hal_tim_ex.c ****     (+) Stop the Complementary Output Compare/PWM and disable interrupts.
 607:Drivers/STM32F1xx_HAL_Driver/Src/stm32f1xx_hal_tim_ex.c ****     (+) Start the Complementary Output Compare/PWM and enable DMA transfers.
 608:Drivers/STM32F1xx_HAL_Driver/Src/stm32f1xx_hal_tim_ex.c ****     (+) Stop the Complementary Output Compare/PWM and disable DMA transfers.
 609:Drivers/STM32F1xx_HAL_Driver/Src/stm32f1xx_hal_tim_ex.c **** 
 610:Drivers/STM32F1xx_HAL_Driver/Src/stm32f1xx_hal_tim_ex.c **** @endverbatim
 611:Drivers/STM32F1xx_HAL_Driver/Src/stm32f1xx_hal_tim_ex.c ****   * @{
 612:Drivers/STM32F1xx_HAL_Driver/Src/stm32f1xx_hal_tim_ex.c ****   */
 613:Drivers/STM32F1xx_HAL_Driver/Src/stm32f1xx_hal_tim_ex.c **** 
 614:Drivers/STM32F1xx_HAL_Driver/Src/stm32f1xx_hal_tim_ex.c **** /**
 615:Drivers/STM32F1xx_HAL_Driver/Src/stm32f1xx_hal_tim_ex.c ****   * @brief  Starts the TIM Output Compare signal generation on the complementary
 616:Drivers/STM32F1xx_HAL_Driver/Src/stm32f1xx_hal_tim_ex.c ****   *         output.
 617:Drivers/STM32F1xx_HAL_Driver/Src/stm32f1xx_hal_tim_ex.c ****   * @param  htim TIM Output Compare handle
 618:Drivers/STM32F1xx_HAL_Driver/Src/stm32f1xx_hal_tim_ex.c ****   * @param  Channel TIM Channel to be enabled
 619:Drivers/STM32F1xx_HAL_Driver/Src/stm32f1xx_hal_tim_ex.c ****   *          This parameter can be one of the following values:
 620:Drivers/STM32F1xx_HAL_Driver/Src/stm32f1xx_hal_tim_ex.c ****   *            @arg TIM_CHANNEL_1: TIM Channel 1 selected
 621:Drivers/STM32F1xx_HAL_Driver/Src/stm32f1xx_hal_tim_ex.c ****   *            @arg TIM_CHANNEL_2: TIM Channel 2 selected
 622:Drivers/STM32F1xx_HAL_Driver/Src/stm32f1xx_hal_tim_ex.c ****   *            @arg TIM_CHANNEL_3: TIM Channel 3 selected
 623:Drivers/STM32F1xx_HAL_Driver/Src/stm32f1xx_hal_tim_ex.c ****   * @retval HAL status
 624:Drivers/STM32F1xx_HAL_Driver/Src/stm32f1xx_hal_tim_ex.c ****   */
 625:Drivers/STM32F1xx_HAL_Driver/Src/stm32f1xx_hal_tim_ex.c **** HAL_StatusTypeDef HAL_TIMEx_OCN_Start(TIM_HandleTypeDef *htim, uint32_t Channel)
 626:Drivers/STM32F1xx_HAL_Driver/Src/stm32f1xx_hal_tim_ex.c **** {
 627:Drivers/STM32F1xx_HAL_Driver/Src/stm32f1xx_hal_tim_ex.c ****   uint32_t tmpsmcr;
 628:Drivers/STM32F1xx_HAL_Driver/Src/stm32f1xx_hal_tim_ex.c **** 
 629:Drivers/STM32F1xx_HAL_Driver/Src/stm32f1xx_hal_tim_ex.c ****   /* Check the parameters */
 630:Drivers/STM32F1xx_HAL_Driver/Src/stm32f1xx_hal_tim_ex.c ****   assert_param(IS_TIM_CCXN_INSTANCE(htim->Instance, Channel));
 631:Drivers/STM32F1xx_HAL_Driver/Src/stm32f1xx_hal_tim_ex.c **** 
 632:Drivers/STM32F1xx_HAL_Driver/Src/stm32f1xx_hal_tim_ex.c ****   /* Check the TIM complementary channel state */
 633:Drivers/STM32F1xx_HAL_Driver/Src/stm32f1xx_hal_tim_ex.c ****   if (TIM_CHANNEL_N_STATE_GET(htim, Channel) != HAL_TIM_CHANNEL_STATE_READY)
 634:Drivers/STM32F1xx_HAL_Driver/Src/stm32f1xx_hal_tim_ex.c ****   {
 635:Drivers/STM32F1xx_HAL_Driver/Src/stm32f1xx_hal_tim_ex.c ****     return HAL_ERROR;
 636:Drivers/STM32F1xx_HAL_Driver/Src/stm32f1xx_hal_tim_ex.c ****   }
 637:Drivers/STM32F1xx_HAL_Driver/Src/stm32f1xx_hal_tim_ex.c **** 
 638:Drivers/STM32F1xx_HAL_Driver/Src/stm32f1xx_hal_tim_ex.c ****   /* Set the TIM complementary channel state */
 639:Drivers/STM32F1xx_HAL_Driver/Src/stm32f1xx_hal_tim_ex.c ****   TIM_CHANNEL_N_STATE_SET(htim, Channel, HAL_TIM_CHANNEL_STATE_BUSY);
 640:Drivers/STM32F1xx_HAL_Driver/Src/stm32f1xx_hal_tim_ex.c **** 
 641:Drivers/STM32F1xx_HAL_Driver/Src/stm32f1xx_hal_tim_ex.c ****   /* Enable the Capture compare channel N */
 642:Drivers/STM32F1xx_HAL_Driver/Src/stm32f1xx_hal_tim_ex.c ****   TIM_CCxNChannelCmd(htim->Instance, Channel, TIM_CCxN_ENABLE);
 643:Drivers/STM32F1xx_HAL_Driver/Src/stm32f1xx_hal_tim_ex.c **** 
 644:Drivers/STM32F1xx_HAL_Driver/Src/stm32f1xx_hal_tim_ex.c ****   /* Enable the Main Output */
 645:Drivers/STM32F1xx_HAL_Driver/Src/stm32f1xx_hal_tim_ex.c ****   __HAL_TIM_MOE_ENABLE(htim);
 646:Drivers/STM32F1xx_HAL_Driver/Src/stm32f1xx_hal_tim_ex.c **** 
 647:Drivers/STM32F1xx_HAL_Driver/Src/stm32f1xx_hal_tim_ex.c ****   /* Enable the Peripheral, except in trigger mode where enable is automatically done with trigger 
 648:Drivers/STM32F1xx_HAL_Driver/Src/stm32f1xx_hal_tim_ex.c ****   if (IS_TIM_SLAVE_INSTANCE(htim->Instance))
 649:Drivers/STM32F1xx_HAL_Driver/Src/stm32f1xx_hal_tim_ex.c ****   {
 650:Drivers/STM32F1xx_HAL_Driver/Src/stm32f1xx_hal_tim_ex.c ****     tmpsmcr = htim->Instance->SMCR & TIM_SMCR_SMS;
 651:Drivers/STM32F1xx_HAL_Driver/Src/stm32f1xx_hal_tim_ex.c ****     if (!IS_TIM_SLAVEMODE_TRIGGER_ENABLED(tmpsmcr))
 652:Drivers/STM32F1xx_HAL_Driver/Src/stm32f1xx_hal_tim_ex.c ****     {
 653:Drivers/STM32F1xx_HAL_Driver/Src/stm32f1xx_hal_tim_ex.c ****       __HAL_TIM_ENABLE(htim);
 654:Drivers/STM32F1xx_HAL_Driver/Src/stm32f1xx_hal_tim_ex.c ****     }
 655:Drivers/STM32F1xx_HAL_Driver/Src/stm32f1xx_hal_tim_ex.c ****   }
 656:Drivers/STM32F1xx_HAL_Driver/Src/stm32f1xx_hal_tim_ex.c ****   else
 657:Drivers/STM32F1xx_HAL_Driver/Src/stm32f1xx_hal_tim_ex.c ****   {
 658:Drivers/STM32F1xx_HAL_Driver/Src/stm32f1xx_hal_tim_ex.c ****     __HAL_TIM_ENABLE(htim);
 659:Drivers/STM32F1xx_HAL_Driver/Src/stm32f1xx_hal_tim_ex.c ****   }
ARM GAS  C:\Users\airforce\AppData\Local\Temp\ccVTBrFk.s 			page 13


 660:Drivers/STM32F1xx_HAL_Driver/Src/stm32f1xx_hal_tim_ex.c **** 
 661:Drivers/STM32F1xx_HAL_Driver/Src/stm32f1xx_hal_tim_ex.c ****   /* Return function status */
 662:Drivers/STM32F1xx_HAL_Driver/Src/stm32f1xx_hal_tim_ex.c ****   return HAL_OK;
 663:Drivers/STM32F1xx_HAL_Driver/Src/stm32f1xx_hal_tim_ex.c **** }
 664:Drivers/STM32F1xx_HAL_Driver/Src/stm32f1xx_hal_tim_ex.c **** 
 665:Drivers/STM32F1xx_HAL_Driver/Src/stm32f1xx_hal_tim_ex.c **** /**
 666:Drivers/STM32F1xx_HAL_Driver/Src/stm32f1xx_hal_tim_ex.c ****   * @brief  Stops the TIM Output Compare signal generation on the complementary
 667:Drivers/STM32F1xx_HAL_Driver/Src/stm32f1xx_hal_tim_ex.c ****   *         output.
 668:Drivers/STM32F1xx_HAL_Driver/Src/stm32f1xx_hal_tim_ex.c ****   * @param  htim TIM handle
 669:Drivers/STM32F1xx_HAL_Driver/Src/stm32f1xx_hal_tim_ex.c ****   * @param  Channel TIM Channel to be disabled
 670:Drivers/STM32F1xx_HAL_Driver/Src/stm32f1xx_hal_tim_ex.c ****   *          This parameter can be one of the following values:
 671:Drivers/STM32F1xx_HAL_Driver/Src/stm32f1xx_hal_tim_ex.c ****   *            @arg TIM_CHANNEL_1: TIM Channel 1 selected
 672:Drivers/STM32F1xx_HAL_Driver/Src/stm32f1xx_hal_tim_ex.c ****   *            @arg TIM_CHANNEL_2: TIM Channel 2 selected
 673:Drivers/STM32F1xx_HAL_Driver/Src/stm32f1xx_hal_tim_ex.c ****   *            @arg TIM_CHANNEL_3: TIM Channel 3 selected
 674:Drivers/STM32F1xx_HAL_Driver/Src/stm32f1xx_hal_tim_ex.c ****   * @retval HAL status
 675:Drivers/STM32F1xx_HAL_Driver/Src/stm32f1xx_hal_tim_ex.c ****   */
 676:Drivers/STM32F1xx_HAL_Driver/Src/stm32f1xx_hal_tim_ex.c **** HAL_StatusTypeDef HAL_TIMEx_OCN_Stop(TIM_HandleTypeDef *htim, uint32_t Channel)
 677:Drivers/STM32F1xx_HAL_Driver/Src/stm32f1xx_hal_tim_ex.c **** {
 678:Drivers/STM32F1xx_HAL_Driver/Src/stm32f1xx_hal_tim_ex.c ****   /* Check the parameters */
 679:Drivers/STM32F1xx_HAL_Driver/Src/stm32f1xx_hal_tim_ex.c ****   assert_param(IS_TIM_CCXN_INSTANCE(htim->Instance, Channel));
 680:Drivers/STM32F1xx_HAL_Driver/Src/stm32f1xx_hal_tim_ex.c **** 
 681:Drivers/STM32F1xx_HAL_Driver/Src/stm32f1xx_hal_tim_ex.c ****   /* Disable the Capture compare channel N */
 682:Drivers/STM32F1xx_HAL_Driver/Src/stm32f1xx_hal_tim_ex.c ****   TIM_CCxNChannelCmd(htim->Instance, Channel, TIM_CCxN_DISABLE);
 683:Drivers/STM32F1xx_HAL_Driver/Src/stm32f1xx_hal_tim_ex.c **** 
 684:Drivers/STM32F1xx_HAL_Driver/Src/stm32f1xx_hal_tim_ex.c ****   /* Disable the Main Output */
 685:Drivers/STM32F1xx_HAL_Driver/Src/stm32f1xx_hal_tim_ex.c ****   __HAL_TIM_MOE_DISABLE(htim);
 686:Drivers/STM32F1xx_HAL_Driver/Src/stm32f1xx_hal_tim_ex.c **** 
 687:Drivers/STM32F1xx_HAL_Driver/Src/stm32f1xx_hal_tim_ex.c ****   /* Disable the Peripheral */
 688:Drivers/STM32F1xx_HAL_Driver/Src/stm32f1xx_hal_tim_ex.c ****   __HAL_TIM_DISABLE(htim);
 689:Drivers/STM32F1xx_HAL_Driver/Src/stm32f1xx_hal_tim_ex.c **** 
 690:Drivers/STM32F1xx_HAL_Driver/Src/stm32f1xx_hal_tim_ex.c ****   /* Set the TIM complementary channel state */
 691:Drivers/STM32F1xx_HAL_Driver/Src/stm32f1xx_hal_tim_ex.c ****   TIM_CHANNEL_N_STATE_SET(htim, Channel, HAL_TIM_CHANNEL_STATE_READY);
 692:Drivers/STM32F1xx_HAL_Driver/Src/stm32f1xx_hal_tim_ex.c **** 
 693:Drivers/STM32F1xx_HAL_Driver/Src/stm32f1xx_hal_tim_ex.c ****   /* Return function status */
 694:Drivers/STM32F1xx_HAL_Driver/Src/stm32f1xx_hal_tim_ex.c ****   return HAL_OK;
 695:Drivers/STM32F1xx_HAL_Driver/Src/stm32f1xx_hal_tim_ex.c **** }
 696:Drivers/STM32F1xx_HAL_Driver/Src/stm32f1xx_hal_tim_ex.c **** 
 697:Drivers/STM32F1xx_HAL_Driver/Src/stm32f1xx_hal_tim_ex.c **** /**
 698:Drivers/STM32F1xx_HAL_Driver/Src/stm32f1xx_hal_tim_ex.c ****   * @brief  Starts the TIM Output Compare signal generation in interrupt mode
 699:Drivers/STM32F1xx_HAL_Driver/Src/stm32f1xx_hal_tim_ex.c ****   *         on the complementary output.
 700:Drivers/STM32F1xx_HAL_Driver/Src/stm32f1xx_hal_tim_ex.c ****   * @param  htim TIM OC handle
 701:Drivers/STM32F1xx_HAL_Driver/Src/stm32f1xx_hal_tim_ex.c ****   * @param  Channel TIM Channel to be enabled
 702:Drivers/STM32F1xx_HAL_Driver/Src/stm32f1xx_hal_tim_ex.c ****   *          This parameter can be one of the following values:
 703:Drivers/STM32F1xx_HAL_Driver/Src/stm32f1xx_hal_tim_ex.c ****   *            @arg TIM_CHANNEL_1: TIM Channel 1 selected
 704:Drivers/STM32F1xx_HAL_Driver/Src/stm32f1xx_hal_tim_ex.c ****   *            @arg TIM_CHANNEL_2: TIM Channel 2 selected
 705:Drivers/STM32F1xx_HAL_Driver/Src/stm32f1xx_hal_tim_ex.c ****   *            @arg TIM_CHANNEL_3: TIM Channel 3 selected
 706:Drivers/STM32F1xx_HAL_Driver/Src/stm32f1xx_hal_tim_ex.c ****   * @retval HAL status
 707:Drivers/STM32F1xx_HAL_Driver/Src/stm32f1xx_hal_tim_ex.c ****   */
 708:Drivers/STM32F1xx_HAL_Driver/Src/stm32f1xx_hal_tim_ex.c **** HAL_StatusTypeDef HAL_TIMEx_OCN_Start_IT(TIM_HandleTypeDef *htim, uint32_t Channel)
 709:Drivers/STM32F1xx_HAL_Driver/Src/stm32f1xx_hal_tim_ex.c **** {
 710:Drivers/STM32F1xx_HAL_Driver/Src/stm32f1xx_hal_tim_ex.c ****   HAL_StatusTypeDef status = HAL_OK;
 711:Drivers/STM32F1xx_HAL_Driver/Src/stm32f1xx_hal_tim_ex.c ****   uint32_t tmpsmcr;
 712:Drivers/STM32F1xx_HAL_Driver/Src/stm32f1xx_hal_tim_ex.c **** 
 713:Drivers/STM32F1xx_HAL_Driver/Src/stm32f1xx_hal_tim_ex.c ****   /* Check the parameters */
 714:Drivers/STM32F1xx_HAL_Driver/Src/stm32f1xx_hal_tim_ex.c ****   assert_param(IS_TIM_CCXN_INSTANCE(htim->Instance, Channel));
 715:Drivers/STM32F1xx_HAL_Driver/Src/stm32f1xx_hal_tim_ex.c **** 
 716:Drivers/STM32F1xx_HAL_Driver/Src/stm32f1xx_hal_tim_ex.c ****   /* Check the TIM complementary channel state */
ARM GAS  C:\Users\airforce\AppData\Local\Temp\ccVTBrFk.s 			page 14


 717:Drivers/STM32F1xx_HAL_Driver/Src/stm32f1xx_hal_tim_ex.c ****   if (TIM_CHANNEL_N_STATE_GET(htim, Channel) != HAL_TIM_CHANNEL_STATE_READY)
 718:Drivers/STM32F1xx_HAL_Driver/Src/stm32f1xx_hal_tim_ex.c ****   {
 719:Drivers/STM32F1xx_HAL_Driver/Src/stm32f1xx_hal_tim_ex.c ****     return HAL_ERROR;
 720:Drivers/STM32F1xx_HAL_Driver/Src/stm32f1xx_hal_tim_ex.c ****   }
 721:Drivers/STM32F1xx_HAL_Driver/Src/stm32f1xx_hal_tim_ex.c **** 
 722:Drivers/STM32F1xx_HAL_Driver/Src/stm32f1xx_hal_tim_ex.c ****   /* Set the TIM complementary channel state */
 723:Drivers/STM32F1xx_HAL_Driver/Src/stm32f1xx_hal_tim_ex.c ****   TIM_CHANNEL_N_STATE_SET(htim, Channel, HAL_TIM_CHANNEL_STATE_BUSY);
 724:Drivers/STM32F1xx_HAL_Driver/Src/stm32f1xx_hal_tim_ex.c **** 
 725:Drivers/STM32F1xx_HAL_Driver/Src/stm32f1xx_hal_tim_ex.c ****   switch (Channel)
 726:Drivers/STM32F1xx_HAL_Driver/Src/stm32f1xx_hal_tim_ex.c ****   {
 727:Drivers/STM32F1xx_HAL_Driver/Src/stm32f1xx_hal_tim_ex.c ****     case TIM_CHANNEL_1:
 728:Drivers/STM32F1xx_HAL_Driver/Src/stm32f1xx_hal_tim_ex.c ****     {
 729:Drivers/STM32F1xx_HAL_Driver/Src/stm32f1xx_hal_tim_ex.c ****       /* Enable the TIM Output Compare interrupt */
 730:Drivers/STM32F1xx_HAL_Driver/Src/stm32f1xx_hal_tim_ex.c ****       __HAL_TIM_ENABLE_IT(htim, TIM_IT_CC1);
 731:Drivers/STM32F1xx_HAL_Driver/Src/stm32f1xx_hal_tim_ex.c ****       break;
 732:Drivers/STM32F1xx_HAL_Driver/Src/stm32f1xx_hal_tim_ex.c ****     }
 733:Drivers/STM32F1xx_HAL_Driver/Src/stm32f1xx_hal_tim_ex.c **** 
 734:Drivers/STM32F1xx_HAL_Driver/Src/stm32f1xx_hal_tim_ex.c ****     case TIM_CHANNEL_2:
 735:Drivers/STM32F1xx_HAL_Driver/Src/stm32f1xx_hal_tim_ex.c ****     {
 736:Drivers/STM32F1xx_HAL_Driver/Src/stm32f1xx_hal_tim_ex.c ****       /* Enable the TIM Output Compare interrupt */
 737:Drivers/STM32F1xx_HAL_Driver/Src/stm32f1xx_hal_tim_ex.c ****       __HAL_TIM_ENABLE_IT(htim, TIM_IT_CC2);
 738:Drivers/STM32F1xx_HAL_Driver/Src/stm32f1xx_hal_tim_ex.c ****       break;
 739:Drivers/STM32F1xx_HAL_Driver/Src/stm32f1xx_hal_tim_ex.c ****     }
 740:Drivers/STM32F1xx_HAL_Driver/Src/stm32f1xx_hal_tim_ex.c **** 
 741:Drivers/STM32F1xx_HAL_Driver/Src/stm32f1xx_hal_tim_ex.c ****     case TIM_CHANNEL_3:
 742:Drivers/STM32F1xx_HAL_Driver/Src/stm32f1xx_hal_tim_ex.c ****     {
 743:Drivers/STM32F1xx_HAL_Driver/Src/stm32f1xx_hal_tim_ex.c ****       /* Enable the TIM Output Compare interrupt */
 744:Drivers/STM32F1xx_HAL_Driver/Src/stm32f1xx_hal_tim_ex.c ****       __HAL_TIM_ENABLE_IT(htim, TIM_IT_CC3);
 745:Drivers/STM32F1xx_HAL_Driver/Src/stm32f1xx_hal_tim_ex.c ****       break;
 746:Drivers/STM32F1xx_HAL_Driver/Src/stm32f1xx_hal_tim_ex.c ****     }
 747:Drivers/STM32F1xx_HAL_Driver/Src/stm32f1xx_hal_tim_ex.c **** 
 748:Drivers/STM32F1xx_HAL_Driver/Src/stm32f1xx_hal_tim_ex.c **** 
 749:Drivers/STM32F1xx_HAL_Driver/Src/stm32f1xx_hal_tim_ex.c ****     default:
 750:Drivers/STM32F1xx_HAL_Driver/Src/stm32f1xx_hal_tim_ex.c ****       status = HAL_ERROR;
 751:Drivers/STM32F1xx_HAL_Driver/Src/stm32f1xx_hal_tim_ex.c ****       break;
 752:Drivers/STM32F1xx_HAL_Driver/Src/stm32f1xx_hal_tim_ex.c ****   }
 753:Drivers/STM32F1xx_HAL_Driver/Src/stm32f1xx_hal_tim_ex.c **** 
 754:Drivers/STM32F1xx_HAL_Driver/Src/stm32f1xx_hal_tim_ex.c ****   if (status == HAL_OK)
 755:Drivers/STM32F1xx_HAL_Driver/Src/stm32f1xx_hal_tim_ex.c ****   {
 756:Drivers/STM32F1xx_HAL_Driver/Src/stm32f1xx_hal_tim_ex.c ****     /* Enable the TIM Break interrupt */
 757:Drivers/STM32F1xx_HAL_Driver/Src/stm32f1xx_hal_tim_ex.c ****     __HAL_TIM_ENABLE_IT(htim, TIM_IT_BREAK);
 758:Drivers/STM32F1xx_HAL_Driver/Src/stm32f1xx_hal_tim_ex.c **** 
 759:Drivers/STM32F1xx_HAL_Driver/Src/stm32f1xx_hal_tim_ex.c ****     /* Enable the Capture compare channel N */
 760:Drivers/STM32F1xx_HAL_Driver/Src/stm32f1xx_hal_tim_ex.c ****     TIM_CCxNChannelCmd(htim->Instance, Channel, TIM_CCxN_ENABLE);
 761:Drivers/STM32F1xx_HAL_Driver/Src/stm32f1xx_hal_tim_ex.c **** 
 762:Drivers/STM32F1xx_HAL_Driver/Src/stm32f1xx_hal_tim_ex.c ****     /* Enable the Main Output */
 763:Drivers/STM32F1xx_HAL_Driver/Src/stm32f1xx_hal_tim_ex.c ****     __HAL_TIM_MOE_ENABLE(htim);
 764:Drivers/STM32F1xx_HAL_Driver/Src/stm32f1xx_hal_tim_ex.c **** 
 765:Drivers/STM32F1xx_HAL_Driver/Src/stm32f1xx_hal_tim_ex.c ****     /* Enable the Peripheral, except in trigger mode where enable is automatically done with trigge
 766:Drivers/STM32F1xx_HAL_Driver/Src/stm32f1xx_hal_tim_ex.c ****     if (IS_TIM_SLAVE_INSTANCE(htim->Instance))
 767:Drivers/STM32F1xx_HAL_Driver/Src/stm32f1xx_hal_tim_ex.c ****     {
 768:Drivers/STM32F1xx_HAL_Driver/Src/stm32f1xx_hal_tim_ex.c ****       tmpsmcr = htim->Instance->SMCR & TIM_SMCR_SMS;
 769:Drivers/STM32F1xx_HAL_Driver/Src/stm32f1xx_hal_tim_ex.c ****       if (!IS_TIM_SLAVEMODE_TRIGGER_ENABLED(tmpsmcr))
 770:Drivers/STM32F1xx_HAL_Driver/Src/stm32f1xx_hal_tim_ex.c ****       {
 771:Drivers/STM32F1xx_HAL_Driver/Src/stm32f1xx_hal_tim_ex.c ****         __HAL_TIM_ENABLE(htim);
 772:Drivers/STM32F1xx_HAL_Driver/Src/stm32f1xx_hal_tim_ex.c ****       }
 773:Drivers/STM32F1xx_HAL_Driver/Src/stm32f1xx_hal_tim_ex.c ****     }
ARM GAS  C:\Users\airforce\AppData\Local\Temp\ccVTBrFk.s 			page 15


 774:Drivers/STM32F1xx_HAL_Driver/Src/stm32f1xx_hal_tim_ex.c ****     else
 775:Drivers/STM32F1xx_HAL_Driver/Src/stm32f1xx_hal_tim_ex.c ****     {
 776:Drivers/STM32F1xx_HAL_Driver/Src/stm32f1xx_hal_tim_ex.c ****       __HAL_TIM_ENABLE(htim);
 777:Drivers/STM32F1xx_HAL_Driver/Src/stm32f1xx_hal_tim_ex.c ****     }
 778:Drivers/STM32F1xx_HAL_Driver/Src/stm32f1xx_hal_tim_ex.c ****   }
 779:Drivers/STM32F1xx_HAL_Driver/Src/stm32f1xx_hal_tim_ex.c **** 
 780:Drivers/STM32F1xx_HAL_Driver/Src/stm32f1xx_hal_tim_ex.c ****   /* Return function status */
 781:Drivers/STM32F1xx_HAL_Driver/Src/stm32f1xx_hal_tim_ex.c ****   return status;
 782:Drivers/STM32F1xx_HAL_Driver/Src/stm32f1xx_hal_tim_ex.c **** }
 783:Drivers/STM32F1xx_HAL_Driver/Src/stm32f1xx_hal_tim_ex.c **** 
 784:Drivers/STM32F1xx_HAL_Driver/Src/stm32f1xx_hal_tim_ex.c **** /**
 785:Drivers/STM32F1xx_HAL_Driver/Src/stm32f1xx_hal_tim_ex.c ****   * @brief  Stops the TIM Output Compare signal generation in interrupt mode
 786:Drivers/STM32F1xx_HAL_Driver/Src/stm32f1xx_hal_tim_ex.c ****   *         on the complementary output.
 787:Drivers/STM32F1xx_HAL_Driver/Src/stm32f1xx_hal_tim_ex.c ****   * @param  htim TIM Output Compare handle
 788:Drivers/STM32F1xx_HAL_Driver/Src/stm32f1xx_hal_tim_ex.c ****   * @param  Channel TIM Channel to be disabled
 789:Drivers/STM32F1xx_HAL_Driver/Src/stm32f1xx_hal_tim_ex.c ****   *          This parameter can be one of the following values:
 790:Drivers/STM32F1xx_HAL_Driver/Src/stm32f1xx_hal_tim_ex.c ****   *            @arg TIM_CHANNEL_1: TIM Channel 1 selected
 791:Drivers/STM32F1xx_HAL_Driver/Src/stm32f1xx_hal_tim_ex.c ****   *            @arg TIM_CHANNEL_2: TIM Channel 2 selected
 792:Drivers/STM32F1xx_HAL_Driver/Src/stm32f1xx_hal_tim_ex.c ****   *            @arg TIM_CHANNEL_3: TIM Channel 3 selected
 793:Drivers/STM32F1xx_HAL_Driver/Src/stm32f1xx_hal_tim_ex.c ****   * @retval HAL status
 794:Drivers/STM32F1xx_HAL_Driver/Src/stm32f1xx_hal_tim_ex.c ****   */
 795:Drivers/STM32F1xx_HAL_Driver/Src/stm32f1xx_hal_tim_ex.c **** HAL_StatusTypeDef HAL_TIMEx_OCN_Stop_IT(TIM_HandleTypeDef *htim, uint32_t Channel)
 796:Drivers/STM32F1xx_HAL_Driver/Src/stm32f1xx_hal_tim_ex.c **** {
 797:Drivers/STM32F1xx_HAL_Driver/Src/stm32f1xx_hal_tim_ex.c ****   HAL_StatusTypeDef status = HAL_OK;
 798:Drivers/STM32F1xx_HAL_Driver/Src/stm32f1xx_hal_tim_ex.c ****   uint32_t tmpccer;
 799:Drivers/STM32F1xx_HAL_Driver/Src/stm32f1xx_hal_tim_ex.c **** 
 800:Drivers/STM32F1xx_HAL_Driver/Src/stm32f1xx_hal_tim_ex.c ****   /* Check the parameters */
 801:Drivers/STM32F1xx_HAL_Driver/Src/stm32f1xx_hal_tim_ex.c ****   assert_param(IS_TIM_CCXN_INSTANCE(htim->Instance, Channel));
 802:Drivers/STM32F1xx_HAL_Driver/Src/stm32f1xx_hal_tim_ex.c **** 
 803:Drivers/STM32F1xx_HAL_Driver/Src/stm32f1xx_hal_tim_ex.c ****   switch (Channel)
 804:Drivers/STM32F1xx_HAL_Driver/Src/stm32f1xx_hal_tim_ex.c ****   {
 805:Drivers/STM32F1xx_HAL_Driver/Src/stm32f1xx_hal_tim_ex.c ****     case TIM_CHANNEL_1:
 806:Drivers/STM32F1xx_HAL_Driver/Src/stm32f1xx_hal_tim_ex.c ****     {
 807:Drivers/STM32F1xx_HAL_Driver/Src/stm32f1xx_hal_tim_ex.c ****       /* Disable the TIM Output Compare interrupt */
 808:Drivers/STM32F1xx_HAL_Driver/Src/stm32f1xx_hal_tim_ex.c ****       __HAL_TIM_DISABLE_IT(htim, TIM_IT_CC1);
 809:Drivers/STM32F1xx_HAL_Driver/Src/stm32f1xx_hal_tim_ex.c ****       break;
 810:Drivers/STM32F1xx_HAL_Driver/Src/stm32f1xx_hal_tim_ex.c ****     }
 811:Drivers/STM32F1xx_HAL_Driver/Src/stm32f1xx_hal_tim_ex.c **** 
 812:Drivers/STM32F1xx_HAL_Driver/Src/stm32f1xx_hal_tim_ex.c ****     case TIM_CHANNEL_2:
 813:Drivers/STM32F1xx_HAL_Driver/Src/stm32f1xx_hal_tim_ex.c ****     {
 814:Drivers/STM32F1xx_HAL_Driver/Src/stm32f1xx_hal_tim_ex.c ****       /* Disable the TIM Output Compare interrupt */
 815:Drivers/STM32F1xx_HAL_Driver/Src/stm32f1xx_hal_tim_ex.c ****       __HAL_TIM_DISABLE_IT(htim, TIM_IT_CC2);
 816:Drivers/STM32F1xx_HAL_Driver/Src/stm32f1xx_hal_tim_ex.c ****       break;
 817:Drivers/STM32F1xx_HAL_Driver/Src/stm32f1xx_hal_tim_ex.c ****     }
 818:Drivers/STM32F1xx_HAL_Driver/Src/stm32f1xx_hal_tim_ex.c **** 
 819:Drivers/STM32F1xx_HAL_Driver/Src/stm32f1xx_hal_tim_ex.c ****     case TIM_CHANNEL_3:
 820:Drivers/STM32F1xx_HAL_Driver/Src/stm32f1xx_hal_tim_ex.c ****     {
 821:Drivers/STM32F1xx_HAL_Driver/Src/stm32f1xx_hal_tim_ex.c ****       /* Disable the TIM Output Compare interrupt */
 822:Drivers/STM32F1xx_HAL_Driver/Src/stm32f1xx_hal_tim_ex.c ****       __HAL_TIM_DISABLE_IT(htim, TIM_IT_CC3);
 823:Drivers/STM32F1xx_HAL_Driver/Src/stm32f1xx_hal_tim_ex.c ****       break;
 824:Drivers/STM32F1xx_HAL_Driver/Src/stm32f1xx_hal_tim_ex.c ****     }
 825:Drivers/STM32F1xx_HAL_Driver/Src/stm32f1xx_hal_tim_ex.c **** 
 826:Drivers/STM32F1xx_HAL_Driver/Src/stm32f1xx_hal_tim_ex.c ****     default:
 827:Drivers/STM32F1xx_HAL_Driver/Src/stm32f1xx_hal_tim_ex.c ****       status = HAL_ERROR;
 828:Drivers/STM32F1xx_HAL_Driver/Src/stm32f1xx_hal_tim_ex.c ****       break;
 829:Drivers/STM32F1xx_HAL_Driver/Src/stm32f1xx_hal_tim_ex.c ****   }
 830:Drivers/STM32F1xx_HAL_Driver/Src/stm32f1xx_hal_tim_ex.c **** 
ARM GAS  C:\Users\airforce\AppData\Local\Temp\ccVTBrFk.s 			page 16


 831:Drivers/STM32F1xx_HAL_Driver/Src/stm32f1xx_hal_tim_ex.c ****   if (status == HAL_OK)
 832:Drivers/STM32F1xx_HAL_Driver/Src/stm32f1xx_hal_tim_ex.c ****   {
 833:Drivers/STM32F1xx_HAL_Driver/Src/stm32f1xx_hal_tim_ex.c ****     /* Disable the Capture compare channel N */
 834:Drivers/STM32F1xx_HAL_Driver/Src/stm32f1xx_hal_tim_ex.c ****     TIM_CCxNChannelCmd(htim->Instance, Channel, TIM_CCxN_DISABLE);
 835:Drivers/STM32F1xx_HAL_Driver/Src/stm32f1xx_hal_tim_ex.c **** 
 836:Drivers/STM32F1xx_HAL_Driver/Src/stm32f1xx_hal_tim_ex.c ****     /* Disable the TIM Break interrupt (only if no more channel is active) */
 837:Drivers/STM32F1xx_HAL_Driver/Src/stm32f1xx_hal_tim_ex.c ****     tmpccer = htim->Instance->CCER;
 838:Drivers/STM32F1xx_HAL_Driver/Src/stm32f1xx_hal_tim_ex.c ****     if ((tmpccer & TIM_CCER_CCxNE_MASK) == (uint32_t)RESET)
 839:Drivers/STM32F1xx_HAL_Driver/Src/stm32f1xx_hal_tim_ex.c ****     {
 840:Drivers/STM32F1xx_HAL_Driver/Src/stm32f1xx_hal_tim_ex.c ****       __HAL_TIM_DISABLE_IT(htim, TIM_IT_BREAK);
 841:Drivers/STM32F1xx_HAL_Driver/Src/stm32f1xx_hal_tim_ex.c ****     }
 842:Drivers/STM32F1xx_HAL_Driver/Src/stm32f1xx_hal_tim_ex.c **** 
 843:Drivers/STM32F1xx_HAL_Driver/Src/stm32f1xx_hal_tim_ex.c ****     /* Disable the Main Output */
 844:Drivers/STM32F1xx_HAL_Driver/Src/stm32f1xx_hal_tim_ex.c ****     __HAL_TIM_MOE_DISABLE(htim);
 845:Drivers/STM32F1xx_HAL_Driver/Src/stm32f1xx_hal_tim_ex.c **** 
 846:Drivers/STM32F1xx_HAL_Driver/Src/stm32f1xx_hal_tim_ex.c ****     /* Disable the Peripheral */
 847:Drivers/STM32F1xx_HAL_Driver/Src/stm32f1xx_hal_tim_ex.c ****     __HAL_TIM_DISABLE(htim);
 848:Drivers/STM32F1xx_HAL_Driver/Src/stm32f1xx_hal_tim_ex.c **** 
 849:Drivers/STM32F1xx_HAL_Driver/Src/stm32f1xx_hal_tim_ex.c ****     /* Set the TIM complementary channel state */
 850:Drivers/STM32F1xx_HAL_Driver/Src/stm32f1xx_hal_tim_ex.c ****     TIM_CHANNEL_N_STATE_SET(htim, Channel, HAL_TIM_CHANNEL_STATE_READY);
 851:Drivers/STM32F1xx_HAL_Driver/Src/stm32f1xx_hal_tim_ex.c ****   }
 852:Drivers/STM32F1xx_HAL_Driver/Src/stm32f1xx_hal_tim_ex.c **** 
 853:Drivers/STM32F1xx_HAL_Driver/Src/stm32f1xx_hal_tim_ex.c ****   /* Return function status */
 854:Drivers/STM32F1xx_HAL_Driver/Src/stm32f1xx_hal_tim_ex.c ****   return status;
 855:Drivers/STM32F1xx_HAL_Driver/Src/stm32f1xx_hal_tim_ex.c **** }
 856:Drivers/STM32F1xx_HAL_Driver/Src/stm32f1xx_hal_tim_ex.c **** 
 857:Drivers/STM32F1xx_HAL_Driver/Src/stm32f1xx_hal_tim_ex.c **** /**
 858:Drivers/STM32F1xx_HAL_Driver/Src/stm32f1xx_hal_tim_ex.c ****   * @brief  Starts the TIM Output Compare signal generation in DMA mode
 859:Drivers/STM32F1xx_HAL_Driver/Src/stm32f1xx_hal_tim_ex.c ****   *         on the complementary output.
 860:Drivers/STM32F1xx_HAL_Driver/Src/stm32f1xx_hal_tim_ex.c ****   * @param  htim TIM Output Compare handle
 861:Drivers/STM32F1xx_HAL_Driver/Src/stm32f1xx_hal_tim_ex.c ****   * @param  Channel TIM Channel to be enabled
 862:Drivers/STM32F1xx_HAL_Driver/Src/stm32f1xx_hal_tim_ex.c ****   *          This parameter can be one of the following values:
 863:Drivers/STM32F1xx_HAL_Driver/Src/stm32f1xx_hal_tim_ex.c ****   *            @arg TIM_CHANNEL_1: TIM Channel 1 selected
 864:Drivers/STM32F1xx_HAL_Driver/Src/stm32f1xx_hal_tim_ex.c ****   *            @arg TIM_CHANNEL_2: TIM Channel 2 selected
 865:Drivers/STM32F1xx_HAL_Driver/Src/stm32f1xx_hal_tim_ex.c ****   *            @arg TIM_CHANNEL_3: TIM Channel 3 selected
 866:Drivers/STM32F1xx_HAL_Driver/Src/stm32f1xx_hal_tim_ex.c ****   * @param  pData The source Buffer address.
 867:Drivers/STM32F1xx_HAL_Driver/Src/stm32f1xx_hal_tim_ex.c ****   * @param  Length The length of data to be transferred from memory to TIM peripheral
 868:Drivers/STM32F1xx_HAL_Driver/Src/stm32f1xx_hal_tim_ex.c ****   * @retval HAL status
 869:Drivers/STM32F1xx_HAL_Driver/Src/stm32f1xx_hal_tim_ex.c ****   */
 870:Drivers/STM32F1xx_HAL_Driver/Src/stm32f1xx_hal_tim_ex.c **** HAL_StatusTypeDef HAL_TIMEx_OCN_Start_DMA(TIM_HandleTypeDef *htim, uint32_t Channel, const uint32_t
 871:Drivers/STM32F1xx_HAL_Driver/Src/stm32f1xx_hal_tim_ex.c ****                                           uint16_t Length)
 872:Drivers/STM32F1xx_HAL_Driver/Src/stm32f1xx_hal_tim_ex.c **** {
 873:Drivers/STM32F1xx_HAL_Driver/Src/stm32f1xx_hal_tim_ex.c ****   HAL_StatusTypeDef status = HAL_OK;
 874:Drivers/STM32F1xx_HAL_Driver/Src/stm32f1xx_hal_tim_ex.c ****   uint32_t tmpsmcr;
 875:Drivers/STM32F1xx_HAL_Driver/Src/stm32f1xx_hal_tim_ex.c **** 
 876:Drivers/STM32F1xx_HAL_Driver/Src/stm32f1xx_hal_tim_ex.c ****   /* Check the parameters */
 877:Drivers/STM32F1xx_HAL_Driver/Src/stm32f1xx_hal_tim_ex.c ****   assert_param(IS_TIM_CCXN_INSTANCE(htim->Instance, Channel));
 878:Drivers/STM32F1xx_HAL_Driver/Src/stm32f1xx_hal_tim_ex.c **** 
 879:Drivers/STM32F1xx_HAL_Driver/Src/stm32f1xx_hal_tim_ex.c ****   /* Set the TIM complementary channel state */
 880:Drivers/STM32F1xx_HAL_Driver/Src/stm32f1xx_hal_tim_ex.c ****   if (TIM_CHANNEL_N_STATE_GET(htim, Channel) == HAL_TIM_CHANNEL_STATE_BUSY)
 881:Drivers/STM32F1xx_HAL_Driver/Src/stm32f1xx_hal_tim_ex.c ****   {
 882:Drivers/STM32F1xx_HAL_Driver/Src/stm32f1xx_hal_tim_ex.c ****     return HAL_BUSY;
 883:Drivers/STM32F1xx_HAL_Driver/Src/stm32f1xx_hal_tim_ex.c ****   }
 884:Drivers/STM32F1xx_HAL_Driver/Src/stm32f1xx_hal_tim_ex.c ****   else if (TIM_CHANNEL_N_STATE_GET(htim, Channel) == HAL_TIM_CHANNEL_STATE_READY)
 885:Drivers/STM32F1xx_HAL_Driver/Src/stm32f1xx_hal_tim_ex.c ****   {
 886:Drivers/STM32F1xx_HAL_Driver/Src/stm32f1xx_hal_tim_ex.c ****     if ((pData == NULL) || (Length == 0U))
 887:Drivers/STM32F1xx_HAL_Driver/Src/stm32f1xx_hal_tim_ex.c ****     {
ARM GAS  C:\Users\airforce\AppData\Local\Temp\ccVTBrFk.s 			page 17


 888:Drivers/STM32F1xx_HAL_Driver/Src/stm32f1xx_hal_tim_ex.c ****       return HAL_ERROR;
 889:Drivers/STM32F1xx_HAL_Driver/Src/stm32f1xx_hal_tim_ex.c ****     }
 890:Drivers/STM32F1xx_HAL_Driver/Src/stm32f1xx_hal_tim_ex.c ****     else
 891:Drivers/STM32F1xx_HAL_Driver/Src/stm32f1xx_hal_tim_ex.c ****     {
 892:Drivers/STM32F1xx_HAL_Driver/Src/stm32f1xx_hal_tim_ex.c ****       TIM_CHANNEL_N_STATE_SET(htim, Channel, HAL_TIM_CHANNEL_STATE_BUSY);
 893:Drivers/STM32F1xx_HAL_Driver/Src/stm32f1xx_hal_tim_ex.c ****     }
 894:Drivers/STM32F1xx_HAL_Driver/Src/stm32f1xx_hal_tim_ex.c ****   }
 895:Drivers/STM32F1xx_HAL_Driver/Src/stm32f1xx_hal_tim_ex.c ****   else
 896:Drivers/STM32F1xx_HAL_Driver/Src/stm32f1xx_hal_tim_ex.c ****   {
 897:Drivers/STM32F1xx_HAL_Driver/Src/stm32f1xx_hal_tim_ex.c ****     return HAL_ERROR;
 898:Drivers/STM32F1xx_HAL_Driver/Src/stm32f1xx_hal_tim_ex.c ****   }
 899:Drivers/STM32F1xx_HAL_Driver/Src/stm32f1xx_hal_tim_ex.c **** 
 900:Drivers/STM32F1xx_HAL_Driver/Src/stm32f1xx_hal_tim_ex.c ****   switch (Channel)
 901:Drivers/STM32F1xx_HAL_Driver/Src/stm32f1xx_hal_tim_ex.c ****   {
 902:Drivers/STM32F1xx_HAL_Driver/Src/stm32f1xx_hal_tim_ex.c ****     case TIM_CHANNEL_1:
 903:Drivers/STM32F1xx_HAL_Driver/Src/stm32f1xx_hal_tim_ex.c ****     {
 904:Drivers/STM32F1xx_HAL_Driver/Src/stm32f1xx_hal_tim_ex.c ****       /* Set the DMA compare callbacks */
 905:Drivers/STM32F1xx_HAL_Driver/Src/stm32f1xx_hal_tim_ex.c ****       htim->hdma[TIM_DMA_ID_CC1]->XferCpltCallback = TIM_DMADelayPulseNCplt;
 906:Drivers/STM32F1xx_HAL_Driver/Src/stm32f1xx_hal_tim_ex.c ****       htim->hdma[TIM_DMA_ID_CC1]->XferHalfCpltCallback = TIM_DMADelayPulseHalfCplt;
 907:Drivers/STM32F1xx_HAL_Driver/Src/stm32f1xx_hal_tim_ex.c **** 
 908:Drivers/STM32F1xx_HAL_Driver/Src/stm32f1xx_hal_tim_ex.c ****       /* Set the DMA error callback */
 909:Drivers/STM32F1xx_HAL_Driver/Src/stm32f1xx_hal_tim_ex.c ****       htim->hdma[TIM_DMA_ID_CC1]->XferErrorCallback = TIM_DMAErrorCCxN ;
 910:Drivers/STM32F1xx_HAL_Driver/Src/stm32f1xx_hal_tim_ex.c **** 
 911:Drivers/STM32F1xx_HAL_Driver/Src/stm32f1xx_hal_tim_ex.c ****       /* Enable the DMA channel */
 912:Drivers/STM32F1xx_HAL_Driver/Src/stm32f1xx_hal_tim_ex.c ****       if (HAL_DMA_Start_IT(htim->hdma[TIM_DMA_ID_CC1], (uint32_t)pData, (uint32_t)&htim->Instance->
 913:Drivers/STM32F1xx_HAL_Driver/Src/stm32f1xx_hal_tim_ex.c ****                            Length) != HAL_OK)
 914:Drivers/STM32F1xx_HAL_Driver/Src/stm32f1xx_hal_tim_ex.c ****       {
 915:Drivers/STM32F1xx_HAL_Driver/Src/stm32f1xx_hal_tim_ex.c ****         /* Return error status */
 916:Drivers/STM32F1xx_HAL_Driver/Src/stm32f1xx_hal_tim_ex.c ****         return HAL_ERROR;
 917:Drivers/STM32F1xx_HAL_Driver/Src/stm32f1xx_hal_tim_ex.c ****       }
 918:Drivers/STM32F1xx_HAL_Driver/Src/stm32f1xx_hal_tim_ex.c ****       /* Enable the TIM Output Compare DMA request */
 919:Drivers/STM32F1xx_HAL_Driver/Src/stm32f1xx_hal_tim_ex.c ****       __HAL_TIM_ENABLE_DMA(htim, TIM_DMA_CC1);
 920:Drivers/STM32F1xx_HAL_Driver/Src/stm32f1xx_hal_tim_ex.c ****       break;
 921:Drivers/STM32F1xx_HAL_Driver/Src/stm32f1xx_hal_tim_ex.c ****     }
 922:Drivers/STM32F1xx_HAL_Driver/Src/stm32f1xx_hal_tim_ex.c **** 
 923:Drivers/STM32F1xx_HAL_Driver/Src/stm32f1xx_hal_tim_ex.c ****     case TIM_CHANNEL_2:
 924:Drivers/STM32F1xx_HAL_Driver/Src/stm32f1xx_hal_tim_ex.c ****     {
 925:Drivers/STM32F1xx_HAL_Driver/Src/stm32f1xx_hal_tim_ex.c ****       /* Set the DMA compare callbacks */
 926:Drivers/STM32F1xx_HAL_Driver/Src/stm32f1xx_hal_tim_ex.c ****       htim->hdma[TIM_DMA_ID_CC2]->XferCpltCallback = TIM_DMADelayPulseNCplt;
 927:Drivers/STM32F1xx_HAL_Driver/Src/stm32f1xx_hal_tim_ex.c ****       htim->hdma[TIM_DMA_ID_CC2]->XferHalfCpltCallback = TIM_DMADelayPulseHalfCplt;
 928:Drivers/STM32F1xx_HAL_Driver/Src/stm32f1xx_hal_tim_ex.c **** 
 929:Drivers/STM32F1xx_HAL_Driver/Src/stm32f1xx_hal_tim_ex.c ****       /* Set the DMA error callback */
 930:Drivers/STM32F1xx_HAL_Driver/Src/stm32f1xx_hal_tim_ex.c ****       htim->hdma[TIM_DMA_ID_CC2]->XferErrorCallback = TIM_DMAErrorCCxN ;
 931:Drivers/STM32F1xx_HAL_Driver/Src/stm32f1xx_hal_tim_ex.c **** 
 932:Drivers/STM32F1xx_HAL_Driver/Src/stm32f1xx_hal_tim_ex.c ****       /* Enable the DMA channel */
 933:Drivers/STM32F1xx_HAL_Driver/Src/stm32f1xx_hal_tim_ex.c ****       if (HAL_DMA_Start_IT(htim->hdma[TIM_DMA_ID_CC2], (uint32_t)pData, (uint32_t)&htim->Instance->
 934:Drivers/STM32F1xx_HAL_Driver/Src/stm32f1xx_hal_tim_ex.c ****                            Length) != HAL_OK)
 935:Drivers/STM32F1xx_HAL_Driver/Src/stm32f1xx_hal_tim_ex.c ****       {
 936:Drivers/STM32F1xx_HAL_Driver/Src/stm32f1xx_hal_tim_ex.c ****         /* Return error status */
 937:Drivers/STM32F1xx_HAL_Driver/Src/stm32f1xx_hal_tim_ex.c ****         return HAL_ERROR;
 938:Drivers/STM32F1xx_HAL_Driver/Src/stm32f1xx_hal_tim_ex.c ****       }
 939:Drivers/STM32F1xx_HAL_Driver/Src/stm32f1xx_hal_tim_ex.c ****       /* Enable the TIM Output Compare DMA request */
 940:Drivers/STM32F1xx_HAL_Driver/Src/stm32f1xx_hal_tim_ex.c ****       __HAL_TIM_ENABLE_DMA(htim, TIM_DMA_CC2);
 941:Drivers/STM32F1xx_HAL_Driver/Src/stm32f1xx_hal_tim_ex.c ****       break;
 942:Drivers/STM32F1xx_HAL_Driver/Src/stm32f1xx_hal_tim_ex.c ****     }
 943:Drivers/STM32F1xx_HAL_Driver/Src/stm32f1xx_hal_tim_ex.c **** 
 944:Drivers/STM32F1xx_HAL_Driver/Src/stm32f1xx_hal_tim_ex.c ****     case TIM_CHANNEL_3:
ARM GAS  C:\Users\airforce\AppData\Local\Temp\ccVTBrFk.s 			page 18


 945:Drivers/STM32F1xx_HAL_Driver/Src/stm32f1xx_hal_tim_ex.c ****     {
 946:Drivers/STM32F1xx_HAL_Driver/Src/stm32f1xx_hal_tim_ex.c ****       /* Set the DMA compare callbacks */
 947:Drivers/STM32F1xx_HAL_Driver/Src/stm32f1xx_hal_tim_ex.c ****       htim->hdma[TIM_DMA_ID_CC3]->XferCpltCallback = TIM_DMADelayPulseNCplt;
 948:Drivers/STM32F1xx_HAL_Driver/Src/stm32f1xx_hal_tim_ex.c ****       htim->hdma[TIM_DMA_ID_CC3]->XferHalfCpltCallback = TIM_DMADelayPulseHalfCplt;
 949:Drivers/STM32F1xx_HAL_Driver/Src/stm32f1xx_hal_tim_ex.c **** 
 950:Drivers/STM32F1xx_HAL_Driver/Src/stm32f1xx_hal_tim_ex.c ****       /* Set the DMA error callback */
 951:Drivers/STM32F1xx_HAL_Driver/Src/stm32f1xx_hal_tim_ex.c ****       htim->hdma[TIM_DMA_ID_CC3]->XferErrorCallback = TIM_DMAErrorCCxN ;
 952:Drivers/STM32F1xx_HAL_Driver/Src/stm32f1xx_hal_tim_ex.c **** 
 953:Drivers/STM32F1xx_HAL_Driver/Src/stm32f1xx_hal_tim_ex.c ****       /* Enable the DMA channel */
 954:Drivers/STM32F1xx_HAL_Driver/Src/stm32f1xx_hal_tim_ex.c ****       if (HAL_DMA_Start_IT(htim->hdma[TIM_DMA_ID_CC3], (uint32_t)pData, (uint32_t)&htim->Instance->
 955:Drivers/STM32F1xx_HAL_Driver/Src/stm32f1xx_hal_tim_ex.c ****                            Length) != HAL_OK)
 956:Drivers/STM32F1xx_HAL_Driver/Src/stm32f1xx_hal_tim_ex.c ****       {
 957:Drivers/STM32F1xx_HAL_Driver/Src/stm32f1xx_hal_tim_ex.c ****         /* Return error status */
 958:Drivers/STM32F1xx_HAL_Driver/Src/stm32f1xx_hal_tim_ex.c ****         return HAL_ERROR;
 959:Drivers/STM32F1xx_HAL_Driver/Src/stm32f1xx_hal_tim_ex.c ****       }
 960:Drivers/STM32F1xx_HAL_Driver/Src/stm32f1xx_hal_tim_ex.c ****       /* Enable the TIM Output Compare DMA request */
 961:Drivers/STM32F1xx_HAL_Driver/Src/stm32f1xx_hal_tim_ex.c ****       __HAL_TIM_ENABLE_DMA(htim, TIM_DMA_CC3);
 962:Drivers/STM32F1xx_HAL_Driver/Src/stm32f1xx_hal_tim_ex.c ****       break;
 963:Drivers/STM32F1xx_HAL_Driver/Src/stm32f1xx_hal_tim_ex.c ****     }
 964:Drivers/STM32F1xx_HAL_Driver/Src/stm32f1xx_hal_tim_ex.c **** 
 965:Drivers/STM32F1xx_HAL_Driver/Src/stm32f1xx_hal_tim_ex.c ****     default:
 966:Drivers/STM32F1xx_HAL_Driver/Src/stm32f1xx_hal_tim_ex.c ****       status = HAL_ERROR;
 967:Drivers/STM32F1xx_HAL_Driver/Src/stm32f1xx_hal_tim_ex.c ****       break;
 968:Drivers/STM32F1xx_HAL_Driver/Src/stm32f1xx_hal_tim_ex.c ****   }
 969:Drivers/STM32F1xx_HAL_Driver/Src/stm32f1xx_hal_tim_ex.c **** 
 970:Drivers/STM32F1xx_HAL_Driver/Src/stm32f1xx_hal_tim_ex.c ****   if (status == HAL_OK)
 971:Drivers/STM32F1xx_HAL_Driver/Src/stm32f1xx_hal_tim_ex.c ****   {
 972:Drivers/STM32F1xx_HAL_Driver/Src/stm32f1xx_hal_tim_ex.c ****     /* Enable the Capture compare channel N */
 973:Drivers/STM32F1xx_HAL_Driver/Src/stm32f1xx_hal_tim_ex.c ****     TIM_CCxNChannelCmd(htim->Instance, Channel, TIM_CCxN_ENABLE);
 974:Drivers/STM32F1xx_HAL_Driver/Src/stm32f1xx_hal_tim_ex.c **** 
 975:Drivers/STM32F1xx_HAL_Driver/Src/stm32f1xx_hal_tim_ex.c ****     /* Enable the Main Output */
 976:Drivers/STM32F1xx_HAL_Driver/Src/stm32f1xx_hal_tim_ex.c ****     __HAL_TIM_MOE_ENABLE(htim);
 977:Drivers/STM32F1xx_HAL_Driver/Src/stm32f1xx_hal_tim_ex.c **** 
 978:Drivers/STM32F1xx_HAL_Driver/Src/stm32f1xx_hal_tim_ex.c ****     /* Enable the Peripheral, except in trigger mode where enable is automatically done with trigge
 979:Drivers/STM32F1xx_HAL_Driver/Src/stm32f1xx_hal_tim_ex.c ****     if (IS_TIM_SLAVE_INSTANCE(htim->Instance))
 980:Drivers/STM32F1xx_HAL_Driver/Src/stm32f1xx_hal_tim_ex.c ****     {
 981:Drivers/STM32F1xx_HAL_Driver/Src/stm32f1xx_hal_tim_ex.c ****       tmpsmcr = htim->Instance->SMCR & TIM_SMCR_SMS;
 982:Drivers/STM32F1xx_HAL_Driver/Src/stm32f1xx_hal_tim_ex.c ****       if (!IS_TIM_SLAVEMODE_TRIGGER_ENABLED(tmpsmcr))
 983:Drivers/STM32F1xx_HAL_Driver/Src/stm32f1xx_hal_tim_ex.c ****       {
 984:Drivers/STM32F1xx_HAL_Driver/Src/stm32f1xx_hal_tim_ex.c ****         __HAL_TIM_ENABLE(htim);
 985:Drivers/STM32F1xx_HAL_Driver/Src/stm32f1xx_hal_tim_ex.c ****       }
 986:Drivers/STM32F1xx_HAL_Driver/Src/stm32f1xx_hal_tim_ex.c ****     }
 987:Drivers/STM32F1xx_HAL_Driver/Src/stm32f1xx_hal_tim_ex.c ****     else
 988:Drivers/STM32F1xx_HAL_Driver/Src/stm32f1xx_hal_tim_ex.c ****     {
 989:Drivers/STM32F1xx_HAL_Driver/Src/stm32f1xx_hal_tim_ex.c ****       __HAL_TIM_ENABLE(htim);
 990:Drivers/STM32F1xx_HAL_Driver/Src/stm32f1xx_hal_tim_ex.c ****     }
 991:Drivers/STM32F1xx_HAL_Driver/Src/stm32f1xx_hal_tim_ex.c ****   }
 992:Drivers/STM32F1xx_HAL_Driver/Src/stm32f1xx_hal_tim_ex.c **** 
 993:Drivers/STM32F1xx_HAL_Driver/Src/stm32f1xx_hal_tim_ex.c ****   /* Return function status */
 994:Drivers/STM32F1xx_HAL_Driver/Src/stm32f1xx_hal_tim_ex.c ****   return status;
 995:Drivers/STM32F1xx_HAL_Driver/Src/stm32f1xx_hal_tim_ex.c **** }
 996:Drivers/STM32F1xx_HAL_Driver/Src/stm32f1xx_hal_tim_ex.c **** 
 997:Drivers/STM32F1xx_HAL_Driver/Src/stm32f1xx_hal_tim_ex.c **** /**
 998:Drivers/STM32F1xx_HAL_Driver/Src/stm32f1xx_hal_tim_ex.c ****   * @brief  Stops the TIM Output Compare signal generation in DMA mode
 999:Drivers/STM32F1xx_HAL_Driver/Src/stm32f1xx_hal_tim_ex.c ****   *         on the complementary output.
1000:Drivers/STM32F1xx_HAL_Driver/Src/stm32f1xx_hal_tim_ex.c ****   * @param  htim TIM Output Compare handle
1001:Drivers/STM32F1xx_HAL_Driver/Src/stm32f1xx_hal_tim_ex.c ****   * @param  Channel TIM Channel to be disabled
ARM GAS  C:\Users\airforce\AppData\Local\Temp\ccVTBrFk.s 			page 19


1002:Drivers/STM32F1xx_HAL_Driver/Src/stm32f1xx_hal_tim_ex.c ****   *          This parameter can be one of the following values:
1003:Drivers/STM32F1xx_HAL_Driver/Src/stm32f1xx_hal_tim_ex.c ****   *            @arg TIM_CHANNEL_1: TIM Channel 1 selected
1004:Drivers/STM32F1xx_HAL_Driver/Src/stm32f1xx_hal_tim_ex.c ****   *            @arg TIM_CHANNEL_2: TIM Channel 2 selected
1005:Drivers/STM32F1xx_HAL_Driver/Src/stm32f1xx_hal_tim_ex.c ****   *            @arg TIM_CHANNEL_3: TIM Channel 3 selected
1006:Drivers/STM32F1xx_HAL_Driver/Src/stm32f1xx_hal_tim_ex.c ****   * @retval HAL status
1007:Drivers/STM32F1xx_HAL_Driver/Src/stm32f1xx_hal_tim_ex.c ****   */
1008:Drivers/STM32F1xx_HAL_Driver/Src/stm32f1xx_hal_tim_ex.c **** HAL_StatusTypeDef HAL_TIMEx_OCN_Stop_DMA(TIM_HandleTypeDef *htim, uint32_t Channel)
1009:Drivers/STM32F1xx_HAL_Driver/Src/stm32f1xx_hal_tim_ex.c **** {
1010:Drivers/STM32F1xx_HAL_Driver/Src/stm32f1xx_hal_tim_ex.c ****   HAL_StatusTypeDef status = HAL_OK;
1011:Drivers/STM32F1xx_HAL_Driver/Src/stm32f1xx_hal_tim_ex.c **** 
1012:Drivers/STM32F1xx_HAL_Driver/Src/stm32f1xx_hal_tim_ex.c ****   /* Check the parameters */
1013:Drivers/STM32F1xx_HAL_Driver/Src/stm32f1xx_hal_tim_ex.c ****   assert_param(IS_TIM_CCXN_INSTANCE(htim->Instance, Channel));
1014:Drivers/STM32F1xx_HAL_Driver/Src/stm32f1xx_hal_tim_ex.c **** 
1015:Drivers/STM32F1xx_HAL_Driver/Src/stm32f1xx_hal_tim_ex.c ****   switch (Channel)
1016:Drivers/STM32F1xx_HAL_Driver/Src/stm32f1xx_hal_tim_ex.c ****   {
1017:Drivers/STM32F1xx_HAL_Driver/Src/stm32f1xx_hal_tim_ex.c ****     case TIM_CHANNEL_1:
1018:Drivers/STM32F1xx_HAL_Driver/Src/stm32f1xx_hal_tim_ex.c ****     {
1019:Drivers/STM32F1xx_HAL_Driver/Src/stm32f1xx_hal_tim_ex.c ****       /* Disable the TIM Output Compare DMA request */
1020:Drivers/STM32F1xx_HAL_Driver/Src/stm32f1xx_hal_tim_ex.c ****       __HAL_TIM_DISABLE_DMA(htim, TIM_DMA_CC1);
1021:Drivers/STM32F1xx_HAL_Driver/Src/stm32f1xx_hal_tim_ex.c ****       (void)HAL_DMA_Abort_IT(htim->hdma[TIM_DMA_ID_CC1]);
1022:Drivers/STM32F1xx_HAL_Driver/Src/stm32f1xx_hal_tim_ex.c ****       break;
1023:Drivers/STM32F1xx_HAL_Driver/Src/stm32f1xx_hal_tim_ex.c ****     }
1024:Drivers/STM32F1xx_HAL_Driver/Src/stm32f1xx_hal_tim_ex.c **** 
1025:Drivers/STM32F1xx_HAL_Driver/Src/stm32f1xx_hal_tim_ex.c ****     case TIM_CHANNEL_2:
1026:Drivers/STM32F1xx_HAL_Driver/Src/stm32f1xx_hal_tim_ex.c ****     {
1027:Drivers/STM32F1xx_HAL_Driver/Src/stm32f1xx_hal_tim_ex.c ****       /* Disable the TIM Output Compare DMA request */
1028:Drivers/STM32F1xx_HAL_Driver/Src/stm32f1xx_hal_tim_ex.c ****       __HAL_TIM_DISABLE_DMA(htim, TIM_DMA_CC2);
1029:Drivers/STM32F1xx_HAL_Driver/Src/stm32f1xx_hal_tim_ex.c ****       (void)HAL_DMA_Abort_IT(htim->hdma[TIM_DMA_ID_CC2]);
1030:Drivers/STM32F1xx_HAL_Driver/Src/stm32f1xx_hal_tim_ex.c ****       break;
1031:Drivers/STM32F1xx_HAL_Driver/Src/stm32f1xx_hal_tim_ex.c ****     }
1032:Drivers/STM32F1xx_HAL_Driver/Src/stm32f1xx_hal_tim_ex.c **** 
1033:Drivers/STM32F1xx_HAL_Driver/Src/stm32f1xx_hal_tim_ex.c ****     case TIM_CHANNEL_3:
1034:Drivers/STM32F1xx_HAL_Driver/Src/stm32f1xx_hal_tim_ex.c ****     {
1035:Drivers/STM32F1xx_HAL_Driver/Src/stm32f1xx_hal_tim_ex.c ****       /* Disable the TIM Output Compare DMA request */
1036:Drivers/STM32F1xx_HAL_Driver/Src/stm32f1xx_hal_tim_ex.c ****       __HAL_TIM_DISABLE_DMA(htim, TIM_DMA_CC3);
1037:Drivers/STM32F1xx_HAL_Driver/Src/stm32f1xx_hal_tim_ex.c ****       (void)HAL_DMA_Abort_IT(htim->hdma[TIM_DMA_ID_CC3]);
1038:Drivers/STM32F1xx_HAL_Driver/Src/stm32f1xx_hal_tim_ex.c ****       break;
1039:Drivers/STM32F1xx_HAL_Driver/Src/stm32f1xx_hal_tim_ex.c ****     }
1040:Drivers/STM32F1xx_HAL_Driver/Src/stm32f1xx_hal_tim_ex.c **** 
1041:Drivers/STM32F1xx_HAL_Driver/Src/stm32f1xx_hal_tim_ex.c ****     default:
1042:Drivers/STM32F1xx_HAL_Driver/Src/stm32f1xx_hal_tim_ex.c ****       status = HAL_ERROR;
1043:Drivers/STM32F1xx_HAL_Driver/Src/stm32f1xx_hal_tim_ex.c ****       break;
1044:Drivers/STM32F1xx_HAL_Driver/Src/stm32f1xx_hal_tim_ex.c ****   }
1045:Drivers/STM32F1xx_HAL_Driver/Src/stm32f1xx_hal_tim_ex.c **** 
1046:Drivers/STM32F1xx_HAL_Driver/Src/stm32f1xx_hal_tim_ex.c ****   if (status == HAL_OK)
1047:Drivers/STM32F1xx_HAL_Driver/Src/stm32f1xx_hal_tim_ex.c ****   {
1048:Drivers/STM32F1xx_HAL_Driver/Src/stm32f1xx_hal_tim_ex.c ****     /* Disable the Capture compare channel N */
1049:Drivers/STM32F1xx_HAL_Driver/Src/stm32f1xx_hal_tim_ex.c ****     TIM_CCxNChannelCmd(htim->Instance, Channel, TIM_CCxN_DISABLE);
1050:Drivers/STM32F1xx_HAL_Driver/Src/stm32f1xx_hal_tim_ex.c **** 
1051:Drivers/STM32F1xx_HAL_Driver/Src/stm32f1xx_hal_tim_ex.c ****     /* Disable the Main Output */
1052:Drivers/STM32F1xx_HAL_Driver/Src/stm32f1xx_hal_tim_ex.c ****     __HAL_TIM_MOE_DISABLE(htim);
1053:Drivers/STM32F1xx_HAL_Driver/Src/stm32f1xx_hal_tim_ex.c **** 
1054:Drivers/STM32F1xx_HAL_Driver/Src/stm32f1xx_hal_tim_ex.c ****     /* Disable the Peripheral */
1055:Drivers/STM32F1xx_HAL_Driver/Src/stm32f1xx_hal_tim_ex.c ****     __HAL_TIM_DISABLE(htim);
1056:Drivers/STM32F1xx_HAL_Driver/Src/stm32f1xx_hal_tim_ex.c **** 
1057:Drivers/STM32F1xx_HAL_Driver/Src/stm32f1xx_hal_tim_ex.c ****     /* Set the TIM complementary channel state */
1058:Drivers/STM32F1xx_HAL_Driver/Src/stm32f1xx_hal_tim_ex.c ****     TIM_CHANNEL_N_STATE_SET(htim, Channel, HAL_TIM_CHANNEL_STATE_READY);
ARM GAS  C:\Users\airforce\AppData\Local\Temp\ccVTBrFk.s 			page 20


1059:Drivers/STM32F1xx_HAL_Driver/Src/stm32f1xx_hal_tim_ex.c ****   }
1060:Drivers/STM32F1xx_HAL_Driver/Src/stm32f1xx_hal_tim_ex.c **** 
1061:Drivers/STM32F1xx_HAL_Driver/Src/stm32f1xx_hal_tim_ex.c ****   /* Return function status */
1062:Drivers/STM32F1xx_HAL_Driver/Src/stm32f1xx_hal_tim_ex.c ****   return status;
1063:Drivers/STM32F1xx_HAL_Driver/Src/stm32f1xx_hal_tim_ex.c **** }
1064:Drivers/STM32F1xx_HAL_Driver/Src/stm32f1xx_hal_tim_ex.c **** 
1065:Drivers/STM32F1xx_HAL_Driver/Src/stm32f1xx_hal_tim_ex.c **** /**
1066:Drivers/STM32F1xx_HAL_Driver/Src/stm32f1xx_hal_tim_ex.c ****   * @}
1067:Drivers/STM32F1xx_HAL_Driver/Src/stm32f1xx_hal_tim_ex.c ****   */
1068:Drivers/STM32F1xx_HAL_Driver/Src/stm32f1xx_hal_tim_ex.c **** 
1069:Drivers/STM32F1xx_HAL_Driver/Src/stm32f1xx_hal_tim_ex.c **** /** @defgroup TIMEx_Exported_Functions_Group3 Extended Timer Complementary PWM functions
1070:Drivers/STM32F1xx_HAL_Driver/Src/stm32f1xx_hal_tim_ex.c ****   * @brief    Timer Complementary PWM functions
1071:Drivers/STM32F1xx_HAL_Driver/Src/stm32f1xx_hal_tim_ex.c ****   *
1072:Drivers/STM32F1xx_HAL_Driver/Src/stm32f1xx_hal_tim_ex.c **** @verbatim
1073:Drivers/STM32F1xx_HAL_Driver/Src/stm32f1xx_hal_tim_ex.c ****   ==============================================================================
1074:Drivers/STM32F1xx_HAL_Driver/Src/stm32f1xx_hal_tim_ex.c ****                  ##### Timer Complementary PWM functions #####
1075:Drivers/STM32F1xx_HAL_Driver/Src/stm32f1xx_hal_tim_ex.c ****   ==============================================================================
1076:Drivers/STM32F1xx_HAL_Driver/Src/stm32f1xx_hal_tim_ex.c ****   [..]
1077:Drivers/STM32F1xx_HAL_Driver/Src/stm32f1xx_hal_tim_ex.c ****     This section provides functions allowing to:
1078:Drivers/STM32F1xx_HAL_Driver/Src/stm32f1xx_hal_tim_ex.c ****     (+) Start the Complementary PWM.
1079:Drivers/STM32F1xx_HAL_Driver/Src/stm32f1xx_hal_tim_ex.c ****     (+) Stop the Complementary PWM.
1080:Drivers/STM32F1xx_HAL_Driver/Src/stm32f1xx_hal_tim_ex.c ****     (+) Start the Complementary PWM and enable interrupts.
1081:Drivers/STM32F1xx_HAL_Driver/Src/stm32f1xx_hal_tim_ex.c ****     (+) Stop the Complementary PWM and disable interrupts.
1082:Drivers/STM32F1xx_HAL_Driver/Src/stm32f1xx_hal_tim_ex.c ****     (+) Start the Complementary PWM and enable DMA transfers.
1083:Drivers/STM32F1xx_HAL_Driver/Src/stm32f1xx_hal_tim_ex.c ****     (+) Stop the Complementary PWM and disable DMA transfers.
1084:Drivers/STM32F1xx_HAL_Driver/Src/stm32f1xx_hal_tim_ex.c **** @endverbatim
1085:Drivers/STM32F1xx_HAL_Driver/Src/stm32f1xx_hal_tim_ex.c ****   * @{
1086:Drivers/STM32F1xx_HAL_Driver/Src/stm32f1xx_hal_tim_ex.c ****   */
1087:Drivers/STM32F1xx_HAL_Driver/Src/stm32f1xx_hal_tim_ex.c **** 
1088:Drivers/STM32F1xx_HAL_Driver/Src/stm32f1xx_hal_tim_ex.c **** /**
1089:Drivers/STM32F1xx_HAL_Driver/Src/stm32f1xx_hal_tim_ex.c ****   * @brief  Starts the PWM signal generation on the complementary output.
1090:Drivers/STM32F1xx_HAL_Driver/Src/stm32f1xx_hal_tim_ex.c ****   * @param  htim TIM handle
1091:Drivers/STM32F1xx_HAL_Driver/Src/stm32f1xx_hal_tim_ex.c ****   * @param  Channel TIM Channel to be enabled
1092:Drivers/STM32F1xx_HAL_Driver/Src/stm32f1xx_hal_tim_ex.c ****   *          This parameter can be one of the following values:
1093:Drivers/STM32F1xx_HAL_Driver/Src/stm32f1xx_hal_tim_ex.c ****   *            @arg TIM_CHANNEL_1: TIM Channel 1 selected
1094:Drivers/STM32F1xx_HAL_Driver/Src/stm32f1xx_hal_tim_ex.c ****   *            @arg TIM_CHANNEL_2: TIM Channel 2 selected
1095:Drivers/STM32F1xx_HAL_Driver/Src/stm32f1xx_hal_tim_ex.c ****   *            @arg TIM_CHANNEL_3: TIM Channel 3 selected
1096:Drivers/STM32F1xx_HAL_Driver/Src/stm32f1xx_hal_tim_ex.c ****   * @retval HAL status
1097:Drivers/STM32F1xx_HAL_Driver/Src/stm32f1xx_hal_tim_ex.c ****   */
1098:Drivers/STM32F1xx_HAL_Driver/Src/stm32f1xx_hal_tim_ex.c **** HAL_StatusTypeDef HAL_TIMEx_PWMN_Start(TIM_HandleTypeDef *htim, uint32_t Channel)
1099:Drivers/STM32F1xx_HAL_Driver/Src/stm32f1xx_hal_tim_ex.c **** {
1100:Drivers/STM32F1xx_HAL_Driver/Src/stm32f1xx_hal_tim_ex.c ****   uint32_t tmpsmcr;
1101:Drivers/STM32F1xx_HAL_Driver/Src/stm32f1xx_hal_tim_ex.c **** 
1102:Drivers/STM32F1xx_HAL_Driver/Src/stm32f1xx_hal_tim_ex.c ****   /* Check the parameters */
1103:Drivers/STM32F1xx_HAL_Driver/Src/stm32f1xx_hal_tim_ex.c ****   assert_param(IS_TIM_CCXN_INSTANCE(htim->Instance, Channel));
1104:Drivers/STM32F1xx_HAL_Driver/Src/stm32f1xx_hal_tim_ex.c **** 
1105:Drivers/STM32F1xx_HAL_Driver/Src/stm32f1xx_hal_tim_ex.c ****   /* Check the TIM complementary channel state */
1106:Drivers/STM32F1xx_HAL_Driver/Src/stm32f1xx_hal_tim_ex.c ****   if (TIM_CHANNEL_N_STATE_GET(htim, Channel) != HAL_TIM_CHANNEL_STATE_READY)
1107:Drivers/STM32F1xx_HAL_Driver/Src/stm32f1xx_hal_tim_ex.c ****   {
1108:Drivers/STM32F1xx_HAL_Driver/Src/stm32f1xx_hal_tim_ex.c ****     return HAL_ERROR;
1109:Drivers/STM32F1xx_HAL_Driver/Src/stm32f1xx_hal_tim_ex.c ****   }
1110:Drivers/STM32F1xx_HAL_Driver/Src/stm32f1xx_hal_tim_ex.c **** 
1111:Drivers/STM32F1xx_HAL_Driver/Src/stm32f1xx_hal_tim_ex.c ****   /* Set the TIM complementary channel state */
1112:Drivers/STM32F1xx_HAL_Driver/Src/stm32f1xx_hal_tim_ex.c ****   TIM_CHANNEL_N_STATE_SET(htim, Channel, HAL_TIM_CHANNEL_STATE_BUSY);
1113:Drivers/STM32F1xx_HAL_Driver/Src/stm32f1xx_hal_tim_ex.c **** 
1114:Drivers/STM32F1xx_HAL_Driver/Src/stm32f1xx_hal_tim_ex.c ****   /* Enable the complementary PWM output  */
1115:Drivers/STM32F1xx_HAL_Driver/Src/stm32f1xx_hal_tim_ex.c ****   TIM_CCxNChannelCmd(htim->Instance, Channel, TIM_CCxN_ENABLE);
ARM GAS  C:\Users\airforce\AppData\Local\Temp\ccVTBrFk.s 			page 21


1116:Drivers/STM32F1xx_HAL_Driver/Src/stm32f1xx_hal_tim_ex.c **** 
1117:Drivers/STM32F1xx_HAL_Driver/Src/stm32f1xx_hal_tim_ex.c ****   /* Enable the Main Output */
1118:Drivers/STM32F1xx_HAL_Driver/Src/stm32f1xx_hal_tim_ex.c ****   __HAL_TIM_MOE_ENABLE(htim);
1119:Drivers/STM32F1xx_HAL_Driver/Src/stm32f1xx_hal_tim_ex.c **** 
1120:Drivers/STM32F1xx_HAL_Driver/Src/stm32f1xx_hal_tim_ex.c ****   /* Enable the Peripheral, except in trigger mode where enable is automatically done with trigger 
1121:Drivers/STM32F1xx_HAL_Driver/Src/stm32f1xx_hal_tim_ex.c ****   if (IS_TIM_SLAVE_INSTANCE(htim->Instance))
1122:Drivers/STM32F1xx_HAL_Driver/Src/stm32f1xx_hal_tim_ex.c ****   {
1123:Drivers/STM32F1xx_HAL_Driver/Src/stm32f1xx_hal_tim_ex.c ****     tmpsmcr = htim->Instance->SMCR & TIM_SMCR_SMS;
1124:Drivers/STM32F1xx_HAL_Driver/Src/stm32f1xx_hal_tim_ex.c ****     if (!IS_TIM_SLAVEMODE_TRIGGER_ENABLED(tmpsmcr))
1125:Drivers/STM32F1xx_HAL_Driver/Src/stm32f1xx_hal_tim_ex.c ****     {
1126:Drivers/STM32F1xx_HAL_Driver/Src/stm32f1xx_hal_tim_ex.c ****       __HAL_TIM_ENABLE(htim);
1127:Drivers/STM32F1xx_HAL_Driver/Src/stm32f1xx_hal_tim_ex.c ****     }
1128:Drivers/STM32F1xx_HAL_Driver/Src/stm32f1xx_hal_tim_ex.c ****   }
1129:Drivers/STM32F1xx_HAL_Driver/Src/stm32f1xx_hal_tim_ex.c ****   else
1130:Drivers/STM32F1xx_HAL_Driver/Src/stm32f1xx_hal_tim_ex.c ****   {
1131:Drivers/STM32F1xx_HAL_Driver/Src/stm32f1xx_hal_tim_ex.c ****     __HAL_TIM_ENABLE(htim);
1132:Drivers/STM32F1xx_HAL_Driver/Src/stm32f1xx_hal_tim_ex.c ****   }
1133:Drivers/STM32F1xx_HAL_Driver/Src/stm32f1xx_hal_tim_ex.c **** 
1134:Drivers/STM32F1xx_HAL_Driver/Src/stm32f1xx_hal_tim_ex.c ****   /* Return function status */
1135:Drivers/STM32F1xx_HAL_Driver/Src/stm32f1xx_hal_tim_ex.c ****   return HAL_OK;
1136:Drivers/STM32F1xx_HAL_Driver/Src/stm32f1xx_hal_tim_ex.c **** }
1137:Drivers/STM32F1xx_HAL_Driver/Src/stm32f1xx_hal_tim_ex.c **** 
1138:Drivers/STM32F1xx_HAL_Driver/Src/stm32f1xx_hal_tim_ex.c **** /**
1139:Drivers/STM32F1xx_HAL_Driver/Src/stm32f1xx_hal_tim_ex.c ****   * @brief  Stops the PWM signal generation on the complementary output.
1140:Drivers/STM32F1xx_HAL_Driver/Src/stm32f1xx_hal_tim_ex.c ****   * @param  htim TIM handle
1141:Drivers/STM32F1xx_HAL_Driver/Src/stm32f1xx_hal_tim_ex.c ****   * @param  Channel TIM Channel to be disabled
1142:Drivers/STM32F1xx_HAL_Driver/Src/stm32f1xx_hal_tim_ex.c ****   *          This parameter can be one of the following values:
1143:Drivers/STM32F1xx_HAL_Driver/Src/stm32f1xx_hal_tim_ex.c ****   *            @arg TIM_CHANNEL_1: TIM Channel 1 selected
1144:Drivers/STM32F1xx_HAL_Driver/Src/stm32f1xx_hal_tim_ex.c ****   *            @arg TIM_CHANNEL_2: TIM Channel 2 selected
1145:Drivers/STM32F1xx_HAL_Driver/Src/stm32f1xx_hal_tim_ex.c ****   *            @arg TIM_CHANNEL_3: TIM Channel 3 selected
1146:Drivers/STM32F1xx_HAL_Driver/Src/stm32f1xx_hal_tim_ex.c ****   * @retval HAL status
1147:Drivers/STM32F1xx_HAL_Driver/Src/stm32f1xx_hal_tim_ex.c ****   */
1148:Drivers/STM32F1xx_HAL_Driver/Src/stm32f1xx_hal_tim_ex.c **** HAL_StatusTypeDef HAL_TIMEx_PWMN_Stop(TIM_HandleTypeDef *htim, uint32_t Channel)
1149:Drivers/STM32F1xx_HAL_Driver/Src/stm32f1xx_hal_tim_ex.c **** {
1150:Drivers/STM32F1xx_HAL_Driver/Src/stm32f1xx_hal_tim_ex.c ****   /* Check the parameters */
1151:Drivers/STM32F1xx_HAL_Driver/Src/stm32f1xx_hal_tim_ex.c ****   assert_param(IS_TIM_CCXN_INSTANCE(htim->Instance, Channel));
1152:Drivers/STM32F1xx_HAL_Driver/Src/stm32f1xx_hal_tim_ex.c **** 
1153:Drivers/STM32F1xx_HAL_Driver/Src/stm32f1xx_hal_tim_ex.c ****   /* Disable the complementary PWM output  */
1154:Drivers/STM32F1xx_HAL_Driver/Src/stm32f1xx_hal_tim_ex.c ****   TIM_CCxNChannelCmd(htim->Instance, Channel, TIM_CCxN_DISABLE);
1155:Drivers/STM32F1xx_HAL_Driver/Src/stm32f1xx_hal_tim_ex.c **** 
1156:Drivers/STM32F1xx_HAL_Driver/Src/stm32f1xx_hal_tim_ex.c ****   /* Disable the Main Output */
1157:Drivers/STM32F1xx_HAL_Driver/Src/stm32f1xx_hal_tim_ex.c ****   __HAL_TIM_MOE_DISABLE(htim);
1158:Drivers/STM32F1xx_HAL_Driver/Src/stm32f1xx_hal_tim_ex.c **** 
1159:Drivers/STM32F1xx_HAL_Driver/Src/stm32f1xx_hal_tim_ex.c ****   /* Disable the Peripheral */
1160:Drivers/STM32F1xx_HAL_Driver/Src/stm32f1xx_hal_tim_ex.c ****   __HAL_TIM_DISABLE(htim);
1161:Drivers/STM32F1xx_HAL_Driver/Src/stm32f1xx_hal_tim_ex.c **** 
1162:Drivers/STM32F1xx_HAL_Driver/Src/stm32f1xx_hal_tim_ex.c ****   /* Set the TIM complementary channel state */
1163:Drivers/STM32F1xx_HAL_Driver/Src/stm32f1xx_hal_tim_ex.c ****   TIM_CHANNEL_N_STATE_SET(htim, Channel, HAL_TIM_CHANNEL_STATE_READY);
1164:Drivers/STM32F1xx_HAL_Driver/Src/stm32f1xx_hal_tim_ex.c **** 
1165:Drivers/STM32F1xx_HAL_Driver/Src/stm32f1xx_hal_tim_ex.c ****   /* Return function status */
1166:Drivers/STM32F1xx_HAL_Driver/Src/stm32f1xx_hal_tim_ex.c ****   return HAL_OK;
1167:Drivers/STM32F1xx_HAL_Driver/Src/stm32f1xx_hal_tim_ex.c **** }
1168:Drivers/STM32F1xx_HAL_Driver/Src/stm32f1xx_hal_tim_ex.c **** 
1169:Drivers/STM32F1xx_HAL_Driver/Src/stm32f1xx_hal_tim_ex.c **** /**
1170:Drivers/STM32F1xx_HAL_Driver/Src/stm32f1xx_hal_tim_ex.c ****   * @brief  Starts the PWM signal generation in interrupt mode on the
1171:Drivers/STM32F1xx_HAL_Driver/Src/stm32f1xx_hal_tim_ex.c ****   *         complementary output.
1172:Drivers/STM32F1xx_HAL_Driver/Src/stm32f1xx_hal_tim_ex.c ****   * @param  htim TIM handle
ARM GAS  C:\Users\airforce\AppData\Local\Temp\ccVTBrFk.s 			page 22


1173:Drivers/STM32F1xx_HAL_Driver/Src/stm32f1xx_hal_tim_ex.c ****   * @param  Channel TIM Channel to be disabled
1174:Drivers/STM32F1xx_HAL_Driver/Src/stm32f1xx_hal_tim_ex.c ****   *          This parameter can be one of the following values:
1175:Drivers/STM32F1xx_HAL_Driver/Src/stm32f1xx_hal_tim_ex.c ****   *            @arg TIM_CHANNEL_1: TIM Channel 1 selected
1176:Drivers/STM32F1xx_HAL_Driver/Src/stm32f1xx_hal_tim_ex.c ****   *            @arg TIM_CHANNEL_2: TIM Channel 2 selected
1177:Drivers/STM32F1xx_HAL_Driver/Src/stm32f1xx_hal_tim_ex.c ****   *            @arg TIM_CHANNEL_3: TIM Channel 3 selected
1178:Drivers/STM32F1xx_HAL_Driver/Src/stm32f1xx_hal_tim_ex.c ****   * @retval HAL status
1179:Drivers/STM32F1xx_HAL_Driver/Src/stm32f1xx_hal_tim_ex.c ****   */
1180:Drivers/STM32F1xx_HAL_Driver/Src/stm32f1xx_hal_tim_ex.c **** HAL_StatusTypeDef HAL_TIMEx_PWMN_Start_IT(TIM_HandleTypeDef *htim, uint32_t Channel)
1181:Drivers/STM32F1xx_HAL_Driver/Src/stm32f1xx_hal_tim_ex.c **** {
1182:Drivers/STM32F1xx_HAL_Driver/Src/stm32f1xx_hal_tim_ex.c ****   HAL_StatusTypeDef status = HAL_OK;
1183:Drivers/STM32F1xx_HAL_Driver/Src/stm32f1xx_hal_tim_ex.c ****   uint32_t tmpsmcr;
1184:Drivers/STM32F1xx_HAL_Driver/Src/stm32f1xx_hal_tim_ex.c **** 
1185:Drivers/STM32F1xx_HAL_Driver/Src/stm32f1xx_hal_tim_ex.c ****   /* Check the parameters */
1186:Drivers/STM32F1xx_HAL_Driver/Src/stm32f1xx_hal_tim_ex.c ****   assert_param(IS_TIM_CCXN_INSTANCE(htim->Instance, Channel));
1187:Drivers/STM32F1xx_HAL_Driver/Src/stm32f1xx_hal_tim_ex.c **** 
1188:Drivers/STM32F1xx_HAL_Driver/Src/stm32f1xx_hal_tim_ex.c ****   /* Check the TIM complementary channel state */
1189:Drivers/STM32F1xx_HAL_Driver/Src/stm32f1xx_hal_tim_ex.c ****   if (TIM_CHANNEL_N_STATE_GET(htim, Channel) != HAL_TIM_CHANNEL_STATE_READY)
1190:Drivers/STM32F1xx_HAL_Driver/Src/stm32f1xx_hal_tim_ex.c ****   {
1191:Drivers/STM32F1xx_HAL_Driver/Src/stm32f1xx_hal_tim_ex.c ****     return HAL_ERROR;
1192:Drivers/STM32F1xx_HAL_Driver/Src/stm32f1xx_hal_tim_ex.c ****   }
1193:Drivers/STM32F1xx_HAL_Driver/Src/stm32f1xx_hal_tim_ex.c **** 
1194:Drivers/STM32F1xx_HAL_Driver/Src/stm32f1xx_hal_tim_ex.c ****   /* Set the TIM complementary channel state */
1195:Drivers/STM32F1xx_HAL_Driver/Src/stm32f1xx_hal_tim_ex.c ****   TIM_CHANNEL_N_STATE_SET(htim, Channel, HAL_TIM_CHANNEL_STATE_BUSY);
1196:Drivers/STM32F1xx_HAL_Driver/Src/stm32f1xx_hal_tim_ex.c **** 
1197:Drivers/STM32F1xx_HAL_Driver/Src/stm32f1xx_hal_tim_ex.c ****   switch (Channel)
1198:Drivers/STM32F1xx_HAL_Driver/Src/stm32f1xx_hal_tim_ex.c ****   {
1199:Drivers/STM32F1xx_HAL_Driver/Src/stm32f1xx_hal_tim_ex.c ****     case TIM_CHANNEL_1:
1200:Drivers/STM32F1xx_HAL_Driver/Src/stm32f1xx_hal_tim_ex.c ****     {
1201:Drivers/STM32F1xx_HAL_Driver/Src/stm32f1xx_hal_tim_ex.c ****       /* Enable the TIM Capture/Compare 1 interrupt */
1202:Drivers/STM32F1xx_HAL_Driver/Src/stm32f1xx_hal_tim_ex.c ****       __HAL_TIM_ENABLE_IT(htim, TIM_IT_CC1);
1203:Drivers/STM32F1xx_HAL_Driver/Src/stm32f1xx_hal_tim_ex.c ****       break;
1204:Drivers/STM32F1xx_HAL_Driver/Src/stm32f1xx_hal_tim_ex.c ****     }
1205:Drivers/STM32F1xx_HAL_Driver/Src/stm32f1xx_hal_tim_ex.c **** 
1206:Drivers/STM32F1xx_HAL_Driver/Src/stm32f1xx_hal_tim_ex.c ****     case TIM_CHANNEL_2:
1207:Drivers/STM32F1xx_HAL_Driver/Src/stm32f1xx_hal_tim_ex.c ****     {
1208:Drivers/STM32F1xx_HAL_Driver/Src/stm32f1xx_hal_tim_ex.c ****       /* Enable the TIM Capture/Compare 2 interrupt */
1209:Drivers/STM32F1xx_HAL_Driver/Src/stm32f1xx_hal_tim_ex.c ****       __HAL_TIM_ENABLE_IT(htim, TIM_IT_CC2);
1210:Drivers/STM32F1xx_HAL_Driver/Src/stm32f1xx_hal_tim_ex.c ****       break;
1211:Drivers/STM32F1xx_HAL_Driver/Src/stm32f1xx_hal_tim_ex.c ****     }
1212:Drivers/STM32F1xx_HAL_Driver/Src/stm32f1xx_hal_tim_ex.c **** 
1213:Drivers/STM32F1xx_HAL_Driver/Src/stm32f1xx_hal_tim_ex.c ****     case TIM_CHANNEL_3:
1214:Drivers/STM32F1xx_HAL_Driver/Src/stm32f1xx_hal_tim_ex.c ****     {
1215:Drivers/STM32F1xx_HAL_Driver/Src/stm32f1xx_hal_tim_ex.c ****       /* Enable the TIM Capture/Compare 3 interrupt */
1216:Drivers/STM32F1xx_HAL_Driver/Src/stm32f1xx_hal_tim_ex.c ****       __HAL_TIM_ENABLE_IT(htim, TIM_IT_CC3);
1217:Drivers/STM32F1xx_HAL_Driver/Src/stm32f1xx_hal_tim_ex.c ****       break;
1218:Drivers/STM32F1xx_HAL_Driver/Src/stm32f1xx_hal_tim_ex.c ****     }
1219:Drivers/STM32F1xx_HAL_Driver/Src/stm32f1xx_hal_tim_ex.c **** 
1220:Drivers/STM32F1xx_HAL_Driver/Src/stm32f1xx_hal_tim_ex.c ****     default:
1221:Drivers/STM32F1xx_HAL_Driver/Src/stm32f1xx_hal_tim_ex.c ****       status = HAL_ERROR;
1222:Drivers/STM32F1xx_HAL_Driver/Src/stm32f1xx_hal_tim_ex.c ****       break;
1223:Drivers/STM32F1xx_HAL_Driver/Src/stm32f1xx_hal_tim_ex.c ****   }
1224:Drivers/STM32F1xx_HAL_Driver/Src/stm32f1xx_hal_tim_ex.c **** 
1225:Drivers/STM32F1xx_HAL_Driver/Src/stm32f1xx_hal_tim_ex.c ****   if (status == HAL_OK)
1226:Drivers/STM32F1xx_HAL_Driver/Src/stm32f1xx_hal_tim_ex.c ****   {
1227:Drivers/STM32F1xx_HAL_Driver/Src/stm32f1xx_hal_tim_ex.c ****     /* Enable the TIM Break interrupt */
1228:Drivers/STM32F1xx_HAL_Driver/Src/stm32f1xx_hal_tim_ex.c ****     __HAL_TIM_ENABLE_IT(htim, TIM_IT_BREAK);
1229:Drivers/STM32F1xx_HAL_Driver/Src/stm32f1xx_hal_tim_ex.c **** 
ARM GAS  C:\Users\airforce\AppData\Local\Temp\ccVTBrFk.s 			page 23


1230:Drivers/STM32F1xx_HAL_Driver/Src/stm32f1xx_hal_tim_ex.c ****     /* Enable the complementary PWM output  */
1231:Drivers/STM32F1xx_HAL_Driver/Src/stm32f1xx_hal_tim_ex.c ****     TIM_CCxNChannelCmd(htim->Instance, Channel, TIM_CCxN_ENABLE);
1232:Drivers/STM32F1xx_HAL_Driver/Src/stm32f1xx_hal_tim_ex.c **** 
1233:Drivers/STM32F1xx_HAL_Driver/Src/stm32f1xx_hal_tim_ex.c ****     /* Enable the Main Output */
1234:Drivers/STM32F1xx_HAL_Driver/Src/stm32f1xx_hal_tim_ex.c ****     __HAL_TIM_MOE_ENABLE(htim);
1235:Drivers/STM32F1xx_HAL_Driver/Src/stm32f1xx_hal_tim_ex.c **** 
1236:Drivers/STM32F1xx_HAL_Driver/Src/stm32f1xx_hal_tim_ex.c ****     /* Enable the Peripheral, except in trigger mode where enable is automatically done with trigge
1237:Drivers/STM32F1xx_HAL_Driver/Src/stm32f1xx_hal_tim_ex.c ****     if (IS_TIM_SLAVE_INSTANCE(htim->Instance))
1238:Drivers/STM32F1xx_HAL_Driver/Src/stm32f1xx_hal_tim_ex.c ****     {
1239:Drivers/STM32F1xx_HAL_Driver/Src/stm32f1xx_hal_tim_ex.c ****       tmpsmcr = htim->Instance->SMCR & TIM_SMCR_SMS;
1240:Drivers/STM32F1xx_HAL_Driver/Src/stm32f1xx_hal_tim_ex.c ****       if (!IS_TIM_SLAVEMODE_TRIGGER_ENABLED(tmpsmcr))
1241:Drivers/STM32F1xx_HAL_Driver/Src/stm32f1xx_hal_tim_ex.c ****       {
1242:Drivers/STM32F1xx_HAL_Driver/Src/stm32f1xx_hal_tim_ex.c ****         __HAL_TIM_ENABLE(htim);
1243:Drivers/STM32F1xx_HAL_Driver/Src/stm32f1xx_hal_tim_ex.c ****       }
1244:Drivers/STM32F1xx_HAL_Driver/Src/stm32f1xx_hal_tim_ex.c ****     }
1245:Drivers/STM32F1xx_HAL_Driver/Src/stm32f1xx_hal_tim_ex.c ****     else
1246:Drivers/STM32F1xx_HAL_Driver/Src/stm32f1xx_hal_tim_ex.c ****     {
1247:Drivers/STM32F1xx_HAL_Driver/Src/stm32f1xx_hal_tim_ex.c ****       __HAL_TIM_ENABLE(htim);
1248:Drivers/STM32F1xx_HAL_Driver/Src/stm32f1xx_hal_tim_ex.c ****     }
1249:Drivers/STM32F1xx_HAL_Driver/Src/stm32f1xx_hal_tim_ex.c ****   }
1250:Drivers/STM32F1xx_HAL_Driver/Src/stm32f1xx_hal_tim_ex.c **** 
1251:Drivers/STM32F1xx_HAL_Driver/Src/stm32f1xx_hal_tim_ex.c ****   /* Return function status */
1252:Drivers/STM32F1xx_HAL_Driver/Src/stm32f1xx_hal_tim_ex.c ****   return status;
1253:Drivers/STM32F1xx_HAL_Driver/Src/stm32f1xx_hal_tim_ex.c **** }
1254:Drivers/STM32F1xx_HAL_Driver/Src/stm32f1xx_hal_tim_ex.c **** 
1255:Drivers/STM32F1xx_HAL_Driver/Src/stm32f1xx_hal_tim_ex.c **** /**
1256:Drivers/STM32F1xx_HAL_Driver/Src/stm32f1xx_hal_tim_ex.c ****   * @brief  Stops the PWM signal generation in interrupt mode on the
1257:Drivers/STM32F1xx_HAL_Driver/Src/stm32f1xx_hal_tim_ex.c ****   *         complementary output.
1258:Drivers/STM32F1xx_HAL_Driver/Src/stm32f1xx_hal_tim_ex.c ****   * @param  htim TIM handle
1259:Drivers/STM32F1xx_HAL_Driver/Src/stm32f1xx_hal_tim_ex.c ****   * @param  Channel TIM Channel to be disabled
1260:Drivers/STM32F1xx_HAL_Driver/Src/stm32f1xx_hal_tim_ex.c ****   *          This parameter can be one of the following values:
1261:Drivers/STM32F1xx_HAL_Driver/Src/stm32f1xx_hal_tim_ex.c ****   *            @arg TIM_CHANNEL_1: TIM Channel 1 selected
1262:Drivers/STM32F1xx_HAL_Driver/Src/stm32f1xx_hal_tim_ex.c ****   *            @arg TIM_CHANNEL_2: TIM Channel 2 selected
1263:Drivers/STM32F1xx_HAL_Driver/Src/stm32f1xx_hal_tim_ex.c ****   *            @arg TIM_CHANNEL_3: TIM Channel 3 selected
1264:Drivers/STM32F1xx_HAL_Driver/Src/stm32f1xx_hal_tim_ex.c ****   * @retval HAL status
1265:Drivers/STM32F1xx_HAL_Driver/Src/stm32f1xx_hal_tim_ex.c ****   */
1266:Drivers/STM32F1xx_HAL_Driver/Src/stm32f1xx_hal_tim_ex.c **** HAL_StatusTypeDef HAL_TIMEx_PWMN_Stop_IT(TIM_HandleTypeDef *htim, uint32_t Channel)
1267:Drivers/STM32F1xx_HAL_Driver/Src/stm32f1xx_hal_tim_ex.c **** {
1268:Drivers/STM32F1xx_HAL_Driver/Src/stm32f1xx_hal_tim_ex.c ****   HAL_StatusTypeDef status = HAL_OK;
1269:Drivers/STM32F1xx_HAL_Driver/Src/stm32f1xx_hal_tim_ex.c ****   uint32_t tmpccer;
1270:Drivers/STM32F1xx_HAL_Driver/Src/stm32f1xx_hal_tim_ex.c **** 
1271:Drivers/STM32F1xx_HAL_Driver/Src/stm32f1xx_hal_tim_ex.c ****   /* Check the parameters */
1272:Drivers/STM32F1xx_HAL_Driver/Src/stm32f1xx_hal_tim_ex.c ****   assert_param(IS_TIM_CCXN_INSTANCE(htim->Instance, Channel));
1273:Drivers/STM32F1xx_HAL_Driver/Src/stm32f1xx_hal_tim_ex.c **** 
1274:Drivers/STM32F1xx_HAL_Driver/Src/stm32f1xx_hal_tim_ex.c ****   switch (Channel)
1275:Drivers/STM32F1xx_HAL_Driver/Src/stm32f1xx_hal_tim_ex.c ****   {
1276:Drivers/STM32F1xx_HAL_Driver/Src/stm32f1xx_hal_tim_ex.c ****     case TIM_CHANNEL_1:
1277:Drivers/STM32F1xx_HAL_Driver/Src/stm32f1xx_hal_tim_ex.c ****     {
1278:Drivers/STM32F1xx_HAL_Driver/Src/stm32f1xx_hal_tim_ex.c ****       /* Disable the TIM Capture/Compare 1 interrupt */
1279:Drivers/STM32F1xx_HAL_Driver/Src/stm32f1xx_hal_tim_ex.c ****       __HAL_TIM_DISABLE_IT(htim, TIM_IT_CC1);
1280:Drivers/STM32F1xx_HAL_Driver/Src/stm32f1xx_hal_tim_ex.c ****       break;
1281:Drivers/STM32F1xx_HAL_Driver/Src/stm32f1xx_hal_tim_ex.c ****     }
1282:Drivers/STM32F1xx_HAL_Driver/Src/stm32f1xx_hal_tim_ex.c **** 
1283:Drivers/STM32F1xx_HAL_Driver/Src/stm32f1xx_hal_tim_ex.c ****     case TIM_CHANNEL_2:
1284:Drivers/STM32F1xx_HAL_Driver/Src/stm32f1xx_hal_tim_ex.c ****     {
1285:Drivers/STM32F1xx_HAL_Driver/Src/stm32f1xx_hal_tim_ex.c ****       /* Disable the TIM Capture/Compare 2 interrupt */
1286:Drivers/STM32F1xx_HAL_Driver/Src/stm32f1xx_hal_tim_ex.c ****       __HAL_TIM_DISABLE_IT(htim, TIM_IT_CC2);
ARM GAS  C:\Users\airforce\AppData\Local\Temp\ccVTBrFk.s 			page 24


1287:Drivers/STM32F1xx_HAL_Driver/Src/stm32f1xx_hal_tim_ex.c ****       break;
1288:Drivers/STM32F1xx_HAL_Driver/Src/stm32f1xx_hal_tim_ex.c ****     }
1289:Drivers/STM32F1xx_HAL_Driver/Src/stm32f1xx_hal_tim_ex.c **** 
1290:Drivers/STM32F1xx_HAL_Driver/Src/stm32f1xx_hal_tim_ex.c ****     case TIM_CHANNEL_3:
1291:Drivers/STM32F1xx_HAL_Driver/Src/stm32f1xx_hal_tim_ex.c ****     {
1292:Drivers/STM32F1xx_HAL_Driver/Src/stm32f1xx_hal_tim_ex.c ****       /* Disable the TIM Capture/Compare 3 interrupt */
1293:Drivers/STM32F1xx_HAL_Driver/Src/stm32f1xx_hal_tim_ex.c ****       __HAL_TIM_DISABLE_IT(htim, TIM_IT_CC3);
1294:Drivers/STM32F1xx_HAL_Driver/Src/stm32f1xx_hal_tim_ex.c ****       break;
1295:Drivers/STM32F1xx_HAL_Driver/Src/stm32f1xx_hal_tim_ex.c ****     }
1296:Drivers/STM32F1xx_HAL_Driver/Src/stm32f1xx_hal_tim_ex.c **** 
1297:Drivers/STM32F1xx_HAL_Driver/Src/stm32f1xx_hal_tim_ex.c ****     default:
1298:Drivers/STM32F1xx_HAL_Driver/Src/stm32f1xx_hal_tim_ex.c ****       status = HAL_ERROR;
1299:Drivers/STM32F1xx_HAL_Driver/Src/stm32f1xx_hal_tim_ex.c ****       break;
1300:Drivers/STM32F1xx_HAL_Driver/Src/stm32f1xx_hal_tim_ex.c ****   }
1301:Drivers/STM32F1xx_HAL_Driver/Src/stm32f1xx_hal_tim_ex.c **** 
1302:Drivers/STM32F1xx_HAL_Driver/Src/stm32f1xx_hal_tim_ex.c ****   if (status == HAL_OK)
1303:Drivers/STM32F1xx_HAL_Driver/Src/stm32f1xx_hal_tim_ex.c ****   {
1304:Drivers/STM32F1xx_HAL_Driver/Src/stm32f1xx_hal_tim_ex.c ****     /* Disable the complementary PWM output  */
1305:Drivers/STM32F1xx_HAL_Driver/Src/stm32f1xx_hal_tim_ex.c ****     TIM_CCxNChannelCmd(htim->Instance, Channel, TIM_CCxN_DISABLE);
1306:Drivers/STM32F1xx_HAL_Driver/Src/stm32f1xx_hal_tim_ex.c **** 
1307:Drivers/STM32F1xx_HAL_Driver/Src/stm32f1xx_hal_tim_ex.c ****     /* Disable the TIM Break interrupt (only if no more channel is active) */
1308:Drivers/STM32F1xx_HAL_Driver/Src/stm32f1xx_hal_tim_ex.c ****     tmpccer = htim->Instance->CCER;
1309:Drivers/STM32F1xx_HAL_Driver/Src/stm32f1xx_hal_tim_ex.c ****     if ((tmpccer & TIM_CCER_CCxNE_MASK) == (uint32_t)RESET)
1310:Drivers/STM32F1xx_HAL_Driver/Src/stm32f1xx_hal_tim_ex.c ****     {
1311:Drivers/STM32F1xx_HAL_Driver/Src/stm32f1xx_hal_tim_ex.c ****       __HAL_TIM_DISABLE_IT(htim, TIM_IT_BREAK);
1312:Drivers/STM32F1xx_HAL_Driver/Src/stm32f1xx_hal_tim_ex.c ****     }
1313:Drivers/STM32F1xx_HAL_Driver/Src/stm32f1xx_hal_tim_ex.c **** 
1314:Drivers/STM32F1xx_HAL_Driver/Src/stm32f1xx_hal_tim_ex.c ****     /* Disable the Main Output */
1315:Drivers/STM32F1xx_HAL_Driver/Src/stm32f1xx_hal_tim_ex.c ****     __HAL_TIM_MOE_DISABLE(htim);
1316:Drivers/STM32F1xx_HAL_Driver/Src/stm32f1xx_hal_tim_ex.c **** 
1317:Drivers/STM32F1xx_HAL_Driver/Src/stm32f1xx_hal_tim_ex.c ****     /* Disable the Peripheral */
1318:Drivers/STM32F1xx_HAL_Driver/Src/stm32f1xx_hal_tim_ex.c ****     __HAL_TIM_DISABLE(htim);
1319:Drivers/STM32F1xx_HAL_Driver/Src/stm32f1xx_hal_tim_ex.c **** 
1320:Drivers/STM32F1xx_HAL_Driver/Src/stm32f1xx_hal_tim_ex.c ****     /* Set the TIM complementary channel state */
1321:Drivers/STM32F1xx_HAL_Driver/Src/stm32f1xx_hal_tim_ex.c ****     TIM_CHANNEL_N_STATE_SET(htim, Channel, HAL_TIM_CHANNEL_STATE_READY);
1322:Drivers/STM32F1xx_HAL_Driver/Src/stm32f1xx_hal_tim_ex.c ****   }
1323:Drivers/STM32F1xx_HAL_Driver/Src/stm32f1xx_hal_tim_ex.c **** 
1324:Drivers/STM32F1xx_HAL_Driver/Src/stm32f1xx_hal_tim_ex.c ****   /* Return function status */
1325:Drivers/STM32F1xx_HAL_Driver/Src/stm32f1xx_hal_tim_ex.c ****   return status;
1326:Drivers/STM32F1xx_HAL_Driver/Src/stm32f1xx_hal_tim_ex.c **** }
1327:Drivers/STM32F1xx_HAL_Driver/Src/stm32f1xx_hal_tim_ex.c **** 
1328:Drivers/STM32F1xx_HAL_Driver/Src/stm32f1xx_hal_tim_ex.c **** /**
1329:Drivers/STM32F1xx_HAL_Driver/Src/stm32f1xx_hal_tim_ex.c ****   * @brief  Starts the TIM PWM signal generation in DMA mode on the
1330:Drivers/STM32F1xx_HAL_Driver/Src/stm32f1xx_hal_tim_ex.c ****   *         complementary output
1331:Drivers/STM32F1xx_HAL_Driver/Src/stm32f1xx_hal_tim_ex.c ****   * @param  htim TIM handle
1332:Drivers/STM32F1xx_HAL_Driver/Src/stm32f1xx_hal_tim_ex.c ****   * @param  Channel TIM Channel to be enabled
1333:Drivers/STM32F1xx_HAL_Driver/Src/stm32f1xx_hal_tim_ex.c ****   *          This parameter can be one of the following values:
1334:Drivers/STM32F1xx_HAL_Driver/Src/stm32f1xx_hal_tim_ex.c ****   *            @arg TIM_CHANNEL_1: TIM Channel 1 selected
1335:Drivers/STM32F1xx_HAL_Driver/Src/stm32f1xx_hal_tim_ex.c ****   *            @arg TIM_CHANNEL_2: TIM Channel 2 selected
1336:Drivers/STM32F1xx_HAL_Driver/Src/stm32f1xx_hal_tim_ex.c ****   *            @arg TIM_CHANNEL_3: TIM Channel 3 selected
1337:Drivers/STM32F1xx_HAL_Driver/Src/stm32f1xx_hal_tim_ex.c ****   * @param  pData The source Buffer address.
1338:Drivers/STM32F1xx_HAL_Driver/Src/stm32f1xx_hal_tim_ex.c ****   * @param  Length The length of data to be transferred from memory to TIM peripheral
1339:Drivers/STM32F1xx_HAL_Driver/Src/stm32f1xx_hal_tim_ex.c ****   * @retval HAL status
1340:Drivers/STM32F1xx_HAL_Driver/Src/stm32f1xx_hal_tim_ex.c ****   */
1341:Drivers/STM32F1xx_HAL_Driver/Src/stm32f1xx_hal_tim_ex.c **** HAL_StatusTypeDef HAL_TIMEx_PWMN_Start_DMA(TIM_HandleTypeDef *htim, uint32_t Channel, const uint32_
1342:Drivers/STM32F1xx_HAL_Driver/Src/stm32f1xx_hal_tim_ex.c ****                                            uint16_t Length)
1343:Drivers/STM32F1xx_HAL_Driver/Src/stm32f1xx_hal_tim_ex.c **** {
ARM GAS  C:\Users\airforce\AppData\Local\Temp\ccVTBrFk.s 			page 25


1344:Drivers/STM32F1xx_HAL_Driver/Src/stm32f1xx_hal_tim_ex.c ****   HAL_StatusTypeDef status = HAL_OK;
1345:Drivers/STM32F1xx_HAL_Driver/Src/stm32f1xx_hal_tim_ex.c ****   uint32_t tmpsmcr;
1346:Drivers/STM32F1xx_HAL_Driver/Src/stm32f1xx_hal_tim_ex.c **** 
1347:Drivers/STM32F1xx_HAL_Driver/Src/stm32f1xx_hal_tim_ex.c ****   /* Check the parameters */
1348:Drivers/STM32F1xx_HAL_Driver/Src/stm32f1xx_hal_tim_ex.c ****   assert_param(IS_TIM_CCXN_INSTANCE(htim->Instance, Channel));
1349:Drivers/STM32F1xx_HAL_Driver/Src/stm32f1xx_hal_tim_ex.c **** 
1350:Drivers/STM32F1xx_HAL_Driver/Src/stm32f1xx_hal_tim_ex.c ****   /* Set the TIM complementary channel state */
1351:Drivers/STM32F1xx_HAL_Driver/Src/stm32f1xx_hal_tim_ex.c ****   if (TIM_CHANNEL_N_STATE_GET(htim, Channel) == HAL_TIM_CHANNEL_STATE_BUSY)
1352:Drivers/STM32F1xx_HAL_Driver/Src/stm32f1xx_hal_tim_ex.c ****   {
1353:Drivers/STM32F1xx_HAL_Driver/Src/stm32f1xx_hal_tim_ex.c ****     return HAL_BUSY;
1354:Drivers/STM32F1xx_HAL_Driver/Src/stm32f1xx_hal_tim_ex.c ****   }
1355:Drivers/STM32F1xx_HAL_Driver/Src/stm32f1xx_hal_tim_ex.c ****   else if (TIM_CHANNEL_N_STATE_GET(htim, Channel) == HAL_TIM_CHANNEL_STATE_READY)
1356:Drivers/STM32F1xx_HAL_Driver/Src/stm32f1xx_hal_tim_ex.c ****   {
1357:Drivers/STM32F1xx_HAL_Driver/Src/stm32f1xx_hal_tim_ex.c ****     if ((pData == NULL) || (Length == 0U))
1358:Drivers/STM32F1xx_HAL_Driver/Src/stm32f1xx_hal_tim_ex.c ****     {
1359:Drivers/STM32F1xx_HAL_Driver/Src/stm32f1xx_hal_tim_ex.c ****       return HAL_ERROR;
1360:Drivers/STM32F1xx_HAL_Driver/Src/stm32f1xx_hal_tim_ex.c ****     }
1361:Drivers/STM32F1xx_HAL_Driver/Src/stm32f1xx_hal_tim_ex.c ****     else
1362:Drivers/STM32F1xx_HAL_Driver/Src/stm32f1xx_hal_tim_ex.c ****     {
1363:Drivers/STM32F1xx_HAL_Driver/Src/stm32f1xx_hal_tim_ex.c ****       TIM_CHANNEL_N_STATE_SET(htim, Channel, HAL_TIM_CHANNEL_STATE_BUSY);
1364:Drivers/STM32F1xx_HAL_Driver/Src/stm32f1xx_hal_tim_ex.c ****     }
1365:Drivers/STM32F1xx_HAL_Driver/Src/stm32f1xx_hal_tim_ex.c ****   }
1366:Drivers/STM32F1xx_HAL_Driver/Src/stm32f1xx_hal_tim_ex.c ****   else
1367:Drivers/STM32F1xx_HAL_Driver/Src/stm32f1xx_hal_tim_ex.c ****   {
1368:Drivers/STM32F1xx_HAL_Driver/Src/stm32f1xx_hal_tim_ex.c ****     return HAL_ERROR;
1369:Drivers/STM32F1xx_HAL_Driver/Src/stm32f1xx_hal_tim_ex.c ****   }
1370:Drivers/STM32F1xx_HAL_Driver/Src/stm32f1xx_hal_tim_ex.c **** 
1371:Drivers/STM32F1xx_HAL_Driver/Src/stm32f1xx_hal_tim_ex.c ****   switch (Channel)
1372:Drivers/STM32F1xx_HAL_Driver/Src/stm32f1xx_hal_tim_ex.c ****   {
1373:Drivers/STM32F1xx_HAL_Driver/Src/stm32f1xx_hal_tim_ex.c ****     case TIM_CHANNEL_1:
1374:Drivers/STM32F1xx_HAL_Driver/Src/stm32f1xx_hal_tim_ex.c ****     {
1375:Drivers/STM32F1xx_HAL_Driver/Src/stm32f1xx_hal_tim_ex.c ****       /* Set the DMA compare callbacks */
1376:Drivers/STM32F1xx_HAL_Driver/Src/stm32f1xx_hal_tim_ex.c ****       htim->hdma[TIM_DMA_ID_CC1]->XferCpltCallback = TIM_DMADelayPulseNCplt;
1377:Drivers/STM32F1xx_HAL_Driver/Src/stm32f1xx_hal_tim_ex.c ****       htim->hdma[TIM_DMA_ID_CC1]->XferHalfCpltCallback = TIM_DMADelayPulseHalfCplt;
1378:Drivers/STM32F1xx_HAL_Driver/Src/stm32f1xx_hal_tim_ex.c **** 
1379:Drivers/STM32F1xx_HAL_Driver/Src/stm32f1xx_hal_tim_ex.c ****       /* Set the DMA error callback */
1380:Drivers/STM32F1xx_HAL_Driver/Src/stm32f1xx_hal_tim_ex.c ****       htim->hdma[TIM_DMA_ID_CC1]->XferErrorCallback = TIM_DMAErrorCCxN ;
1381:Drivers/STM32F1xx_HAL_Driver/Src/stm32f1xx_hal_tim_ex.c **** 
1382:Drivers/STM32F1xx_HAL_Driver/Src/stm32f1xx_hal_tim_ex.c ****       /* Enable the DMA channel */
1383:Drivers/STM32F1xx_HAL_Driver/Src/stm32f1xx_hal_tim_ex.c ****       if (HAL_DMA_Start_IT(htim->hdma[TIM_DMA_ID_CC1], (uint32_t)pData, (uint32_t)&htim->Instance->
1384:Drivers/STM32F1xx_HAL_Driver/Src/stm32f1xx_hal_tim_ex.c ****                            Length) != HAL_OK)
1385:Drivers/STM32F1xx_HAL_Driver/Src/stm32f1xx_hal_tim_ex.c ****       {
1386:Drivers/STM32F1xx_HAL_Driver/Src/stm32f1xx_hal_tim_ex.c ****         /* Return error status */
1387:Drivers/STM32F1xx_HAL_Driver/Src/stm32f1xx_hal_tim_ex.c ****         return HAL_ERROR;
1388:Drivers/STM32F1xx_HAL_Driver/Src/stm32f1xx_hal_tim_ex.c ****       }
1389:Drivers/STM32F1xx_HAL_Driver/Src/stm32f1xx_hal_tim_ex.c ****       /* Enable the TIM Capture/Compare 1 DMA request */
1390:Drivers/STM32F1xx_HAL_Driver/Src/stm32f1xx_hal_tim_ex.c ****       __HAL_TIM_ENABLE_DMA(htim, TIM_DMA_CC1);
1391:Drivers/STM32F1xx_HAL_Driver/Src/stm32f1xx_hal_tim_ex.c ****       break;
1392:Drivers/STM32F1xx_HAL_Driver/Src/stm32f1xx_hal_tim_ex.c ****     }
1393:Drivers/STM32F1xx_HAL_Driver/Src/stm32f1xx_hal_tim_ex.c **** 
1394:Drivers/STM32F1xx_HAL_Driver/Src/stm32f1xx_hal_tim_ex.c ****     case TIM_CHANNEL_2:
1395:Drivers/STM32F1xx_HAL_Driver/Src/stm32f1xx_hal_tim_ex.c ****     {
1396:Drivers/STM32F1xx_HAL_Driver/Src/stm32f1xx_hal_tim_ex.c ****       /* Set the DMA compare callbacks */
1397:Drivers/STM32F1xx_HAL_Driver/Src/stm32f1xx_hal_tim_ex.c ****       htim->hdma[TIM_DMA_ID_CC2]->XferCpltCallback = TIM_DMADelayPulseNCplt;
1398:Drivers/STM32F1xx_HAL_Driver/Src/stm32f1xx_hal_tim_ex.c ****       htim->hdma[TIM_DMA_ID_CC2]->XferHalfCpltCallback = TIM_DMADelayPulseHalfCplt;
1399:Drivers/STM32F1xx_HAL_Driver/Src/stm32f1xx_hal_tim_ex.c **** 
1400:Drivers/STM32F1xx_HAL_Driver/Src/stm32f1xx_hal_tim_ex.c ****       /* Set the DMA error callback */
ARM GAS  C:\Users\airforce\AppData\Local\Temp\ccVTBrFk.s 			page 26


1401:Drivers/STM32F1xx_HAL_Driver/Src/stm32f1xx_hal_tim_ex.c ****       htim->hdma[TIM_DMA_ID_CC2]->XferErrorCallback = TIM_DMAErrorCCxN ;
1402:Drivers/STM32F1xx_HAL_Driver/Src/stm32f1xx_hal_tim_ex.c **** 
1403:Drivers/STM32F1xx_HAL_Driver/Src/stm32f1xx_hal_tim_ex.c ****       /* Enable the DMA channel */
1404:Drivers/STM32F1xx_HAL_Driver/Src/stm32f1xx_hal_tim_ex.c ****       if (HAL_DMA_Start_IT(htim->hdma[TIM_DMA_ID_CC2], (uint32_t)pData, (uint32_t)&htim->Instance->
1405:Drivers/STM32F1xx_HAL_Driver/Src/stm32f1xx_hal_tim_ex.c ****                            Length) != HAL_OK)
1406:Drivers/STM32F1xx_HAL_Driver/Src/stm32f1xx_hal_tim_ex.c ****       {
1407:Drivers/STM32F1xx_HAL_Driver/Src/stm32f1xx_hal_tim_ex.c ****         /* Return error status */
1408:Drivers/STM32F1xx_HAL_Driver/Src/stm32f1xx_hal_tim_ex.c ****         return HAL_ERROR;
1409:Drivers/STM32F1xx_HAL_Driver/Src/stm32f1xx_hal_tim_ex.c ****       }
1410:Drivers/STM32F1xx_HAL_Driver/Src/stm32f1xx_hal_tim_ex.c ****       /* Enable the TIM Capture/Compare 2 DMA request */
1411:Drivers/STM32F1xx_HAL_Driver/Src/stm32f1xx_hal_tim_ex.c ****       __HAL_TIM_ENABLE_DMA(htim, TIM_DMA_CC2);
1412:Drivers/STM32F1xx_HAL_Driver/Src/stm32f1xx_hal_tim_ex.c ****       break;
1413:Drivers/STM32F1xx_HAL_Driver/Src/stm32f1xx_hal_tim_ex.c ****     }
1414:Drivers/STM32F1xx_HAL_Driver/Src/stm32f1xx_hal_tim_ex.c **** 
1415:Drivers/STM32F1xx_HAL_Driver/Src/stm32f1xx_hal_tim_ex.c ****     case TIM_CHANNEL_3:
1416:Drivers/STM32F1xx_HAL_Driver/Src/stm32f1xx_hal_tim_ex.c ****     {
1417:Drivers/STM32F1xx_HAL_Driver/Src/stm32f1xx_hal_tim_ex.c ****       /* Set the DMA compare callbacks */
1418:Drivers/STM32F1xx_HAL_Driver/Src/stm32f1xx_hal_tim_ex.c ****       htim->hdma[TIM_DMA_ID_CC3]->XferCpltCallback = TIM_DMADelayPulseNCplt;
1419:Drivers/STM32F1xx_HAL_Driver/Src/stm32f1xx_hal_tim_ex.c ****       htim->hdma[TIM_DMA_ID_CC3]->XferHalfCpltCallback = TIM_DMADelayPulseHalfCplt;
1420:Drivers/STM32F1xx_HAL_Driver/Src/stm32f1xx_hal_tim_ex.c **** 
1421:Drivers/STM32F1xx_HAL_Driver/Src/stm32f1xx_hal_tim_ex.c ****       /* Set the DMA error callback */
1422:Drivers/STM32F1xx_HAL_Driver/Src/stm32f1xx_hal_tim_ex.c ****       htim->hdma[TIM_DMA_ID_CC3]->XferErrorCallback = TIM_DMAErrorCCxN ;
1423:Drivers/STM32F1xx_HAL_Driver/Src/stm32f1xx_hal_tim_ex.c **** 
1424:Drivers/STM32F1xx_HAL_Driver/Src/stm32f1xx_hal_tim_ex.c ****       /* Enable the DMA channel */
1425:Drivers/STM32F1xx_HAL_Driver/Src/stm32f1xx_hal_tim_ex.c ****       if (HAL_DMA_Start_IT(htim->hdma[TIM_DMA_ID_CC3], (uint32_t)pData, (uint32_t)&htim->Instance->
1426:Drivers/STM32F1xx_HAL_Driver/Src/stm32f1xx_hal_tim_ex.c ****                            Length) != HAL_OK)
1427:Drivers/STM32F1xx_HAL_Driver/Src/stm32f1xx_hal_tim_ex.c ****       {
1428:Drivers/STM32F1xx_HAL_Driver/Src/stm32f1xx_hal_tim_ex.c ****         /* Return error status */
1429:Drivers/STM32F1xx_HAL_Driver/Src/stm32f1xx_hal_tim_ex.c ****         return HAL_ERROR;
1430:Drivers/STM32F1xx_HAL_Driver/Src/stm32f1xx_hal_tim_ex.c ****       }
1431:Drivers/STM32F1xx_HAL_Driver/Src/stm32f1xx_hal_tim_ex.c ****       /* Enable the TIM Capture/Compare 3 DMA request */
1432:Drivers/STM32F1xx_HAL_Driver/Src/stm32f1xx_hal_tim_ex.c ****       __HAL_TIM_ENABLE_DMA(htim, TIM_DMA_CC3);
1433:Drivers/STM32F1xx_HAL_Driver/Src/stm32f1xx_hal_tim_ex.c ****       break;
1434:Drivers/STM32F1xx_HAL_Driver/Src/stm32f1xx_hal_tim_ex.c ****     }
1435:Drivers/STM32F1xx_HAL_Driver/Src/stm32f1xx_hal_tim_ex.c **** 
1436:Drivers/STM32F1xx_HAL_Driver/Src/stm32f1xx_hal_tim_ex.c ****     default:
1437:Drivers/STM32F1xx_HAL_Driver/Src/stm32f1xx_hal_tim_ex.c ****       status = HAL_ERROR;
1438:Drivers/STM32F1xx_HAL_Driver/Src/stm32f1xx_hal_tim_ex.c ****       break;
1439:Drivers/STM32F1xx_HAL_Driver/Src/stm32f1xx_hal_tim_ex.c ****   }
1440:Drivers/STM32F1xx_HAL_Driver/Src/stm32f1xx_hal_tim_ex.c **** 
1441:Drivers/STM32F1xx_HAL_Driver/Src/stm32f1xx_hal_tim_ex.c ****   if (status == HAL_OK)
1442:Drivers/STM32F1xx_HAL_Driver/Src/stm32f1xx_hal_tim_ex.c ****   {
1443:Drivers/STM32F1xx_HAL_Driver/Src/stm32f1xx_hal_tim_ex.c ****     /* Enable the complementary PWM output  */
1444:Drivers/STM32F1xx_HAL_Driver/Src/stm32f1xx_hal_tim_ex.c ****     TIM_CCxNChannelCmd(htim->Instance, Channel, TIM_CCxN_ENABLE);
1445:Drivers/STM32F1xx_HAL_Driver/Src/stm32f1xx_hal_tim_ex.c **** 
1446:Drivers/STM32F1xx_HAL_Driver/Src/stm32f1xx_hal_tim_ex.c ****     /* Enable the Main Output */
1447:Drivers/STM32F1xx_HAL_Driver/Src/stm32f1xx_hal_tim_ex.c ****     __HAL_TIM_MOE_ENABLE(htim);
1448:Drivers/STM32F1xx_HAL_Driver/Src/stm32f1xx_hal_tim_ex.c **** 
1449:Drivers/STM32F1xx_HAL_Driver/Src/stm32f1xx_hal_tim_ex.c ****     /* Enable the Peripheral, except in trigger mode where enable is automatically done with trigge
1450:Drivers/STM32F1xx_HAL_Driver/Src/stm32f1xx_hal_tim_ex.c ****     if (IS_TIM_SLAVE_INSTANCE(htim->Instance))
1451:Drivers/STM32F1xx_HAL_Driver/Src/stm32f1xx_hal_tim_ex.c ****     {
1452:Drivers/STM32F1xx_HAL_Driver/Src/stm32f1xx_hal_tim_ex.c ****       tmpsmcr = htim->Instance->SMCR & TIM_SMCR_SMS;
1453:Drivers/STM32F1xx_HAL_Driver/Src/stm32f1xx_hal_tim_ex.c ****       if (!IS_TIM_SLAVEMODE_TRIGGER_ENABLED(tmpsmcr))
1454:Drivers/STM32F1xx_HAL_Driver/Src/stm32f1xx_hal_tim_ex.c ****       {
1455:Drivers/STM32F1xx_HAL_Driver/Src/stm32f1xx_hal_tim_ex.c ****         __HAL_TIM_ENABLE(htim);
1456:Drivers/STM32F1xx_HAL_Driver/Src/stm32f1xx_hal_tim_ex.c ****       }
1457:Drivers/STM32F1xx_HAL_Driver/Src/stm32f1xx_hal_tim_ex.c ****     }
ARM GAS  C:\Users\airforce\AppData\Local\Temp\ccVTBrFk.s 			page 27


1458:Drivers/STM32F1xx_HAL_Driver/Src/stm32f1xx_hal_tim_ex.c ****     else
1459:Drivers/STM32F1xx_HAL_Driver/Src/stm32f1xx_hal_tim_ex.c ****     {
1460:Drivers/STM32F1xx_HAL_Driver/Src/stm32f1xx_hal_tim_ex.c ****       __HAL_TIM_ENABLE(htim);
1461:Drivers/STM32F1xx_HAL_Driver/Src/stm32f1xx_hal_tim_ex.c ****     }
1462:Drivers/STM32F1xx_HAL_Driver/Src/stm32f1xx_hal_tim_ex.c ****   }
1463:Drivers/STM32F1xx_HAL_Driver/Src/stm32f1xx_hal_tim_ex.c **** 
1464:Drivers/STM32F1xx_HAL_Driver/Src/stm32f1xx_hal_tim_ex.c ****   /* Return function status */
1465:Drivers/STM32F1xx_HAL_Driver/Src/stm32f1xx_hal_tim_ex.c ****   return status;
1466:Drivers/STM32F1xx_HAL_Driver/Src/stm32f1xx_hal_tim_ex.c **** }
1467:Drivers/STM32F1xx_HAL_Driver/Src/stm32f1xx_hal_tim_ex.c **** 
1468:Drivers/STM32F1xx_HAL_Driver/Src/stm32f1xx_hal_tim_ex.c **** /**
1469:Drivers/STM32F1xx_HAL_Driver/Src/stm32f1xx_hal_tim_ex.c ****   * @brief  Stops the TIM PWM signal generation in DMA mode on the complementary
1470:Drivers/STM32F1xx_HAL_Driver/Src/stm32f1xx_hal_tim_ex.c ****   *         output
1471:Drivers/STM32F1xx_HAL_Driver/Src/stm32f1xx_hal_tim_ex.c ****   * @param  htim TIM handle
1472:Drivers/STM32F1xx_HAL_Driver/Src/stm32f1xx_hal_tim_ex.c ****   * @param  Channel TIM Channel to be disabled
1473:Drivers/STM32F1xx_HAL_Driver/Src/stm32f1xx_hal_tim_ex.c ****   *          This parameter can be one of the following values:
1474:Drivers/STM32F1xx_HAL_Driver/Src/stm32f1xx_hal_tim_ex.c ****   *            @arg TIM_CHANNEL_1: TIM Channel 1 selected
1475:Drivers/STM32F1xx_HAL_Driver/Src/stm32f1xx_hal_tim_ex.c ****   *            @arg TIM_CHANNEL_2: TIM Channel 2 selected
1476:Drivers/STM32F1xx_HAL_Driver/Src/stm32f1xx_hal_tim_ex.c ****   *            @arg TIM_CHANNEL_3: TIM Channel 3 selected
1477:Drivers/STM32F1xx_HAL_Driver/Src/stm32f1xx_hal_tim_ex.c ****   * @retval HAL status
1478:Drivers/STM32F1xx_HAL_Driver/Src/stm32f1xx_hal_tim_ex.c ****   */
1479:Drivers/STM32F1xx_HAL_Driver/Src/stm32f1xx_hal_tim_ex.c **** HAL_StatusTypeDef HAL_TIMEx_PWMN_Stop_DMA(TIM_HandleTypeDef *htim, uint32_t Channel)
1480:Drivers/STM32F1xx_HAL_Driver/Src/stm32f1xx_hal_tim_ex.c **** {
1481:Drivers/STM32F1xx_HAL_Driver/Src/stm32f1xx_hal_tim_ex.c ****   HAL_StatusTypeDef status = HAL_OK;
1482:Drivers/STM32F1xx_HAL_Driver/Src/stm32f1xx_hal_tim_ex.c **** 
1483:Drivers/STM32F1xx_HAL_Driver/Src/stm32f1xx_hal_tim_ex.c ****   /* Check the parameters */
1484:Drivers/STM32F1xx_HAL_Driver/Src/stm32f1xx_hal_tim_ex.c ****   assert_param(IS_TIM_CCXN_INSTANCE(htim->Instance, Channel));
1485:Drivers/STM32F1xx_HAL_Driver/Src/stm32f1xx_hal_tim_ex.c **** 
1486:Drivers/STM32F1xx_HAL_Driver/Src/stm32f1xx_hal_tim_ex.c ****   switch (Channel)
1487:Drivers/STM32F1xx_HAL_Driver/Src/stm32f1xx_hal_tim_ex.c ****   {
1488:Drivers/STM32F1xx_HAL_Driver/Src/stm32f1xx_hal_tim_ex.c ****     case TIM_CHANNEL_1:
1489:Drivers/STM32F1xx_HAL_Driver/Src/stm32f1xx_hal_tim_ex.c ****     {
1490:Drivers/STM32F1xx_HAL_Driver/Src/stm32f1xx_hal_tim_ex.c ****       /* Disable the TIM Capture/Compare 1 DMA request */
1491:Drivers/STM32F1xx_HAL_Driver/Src/stm32f1xx_hal_tim_ex.c ****       __HAL_TIM_DISABLE_DMA(htim, TIM_DMA_CC1);
1492:Drivers/STM32F1xx_HAL_Driver/Src/stm32f1xx_hal_tim_ex.c ****       (void)HAL_DMA_Abort_IT(htim->hdma[TIM_DMA_ID_CC1]);
1493:Drivers/STM32F1xx_HAL_Driver/Src/stm32f1xx_hal_tim_ex.c ****       break;
1494:Drivers/STM32F1xx_HAL_Driver/Src/stm32f1xx_hal_tim_ex.c ****     }
1495:Drivers/STM32F1xx_HAL_Driver/Src/stm32f1xx_hal_tim_ex.c **** 
1496:Drivers/STM32F1xx_HAL_Driver/Src/stm32f1xx_hal_tim_ex.c ****     case TIM_CHANNEL_2:
1497:Drivers/STM32F1xx_HAL_Driver/Src/stm32f1xx_hal_tim_ex.c ****     {
1498:Drivers/STM32F1xx_HAL_Driver/Src/stm32f1xx_hal_tim_ex.c ****       /* Disable the TIM Capture/Compare 2 DMA request */
1499:Drivers/STM32F1xx_HAL_Driver/Src/stm32f1xx_hal_tim_ex.c ****       __HAL_TIM_DISABLE_DMA(htim, TIM_DMA_CC2);
1500:Drivers/STM32F1xx_HAL_Driver/Src/stm32f1xx_hal_tim_ex.c ****       (void)HAL_DMA_Abort_IT(htim->hdma[TIM_DMA_ID_CC2]);
1501:Drivers/STM32F1xx_HAL_Driver/Src/stm32f1xx_hal_tim_ex.c ****       break;
1502:Drivers/STM32F1xx_HAL_Driver/Src/stm32f1xx_hal_tim_ex.c ****     }
1503:Drivers/STM32F1xx_HAL_Driver/Src/stm32f1xx_hal_tim_ex.c **** 
1504:Drivers/STM32F1xx_HAL_Driver/Src/stm32f1xx_hal_tim_ex.c ****     case TIM_CHANNEL_3:
1505:Drivers/STM32F1xx_HAL_Driver/Src/stm32f1xx_hal_tim_ex.c ****     {
1506:Drivers/STM32F1xx_HAL_Driver/Src/stm32f1xx_hal_tim_ex.c ****       /* Disable the TIM Capture/Compare 3 DMA request */
1507:Drivers/STM32F1xx_HAL_Driver/Src/stm32f1xx_hal_tim_ex.c ****       __HAL_TIM_DISABLE_DMA(htim, TIM_DMA_CC3);
1508:Drivers/STM32F1xx_HAL_Driver/Src/stm32f1xx_hal_tim_ex.c ****       (void)HAL_DMA_Abort_IT(htim->hdma[TIM_DMA_ID_CC3]);
1509:Drivers/STM32F1xx_HAL_Driver/Src/stm32f1xx_hal_tim_ex.c ****       break;
1510:Drivers/STM32F1xx_HAL_Driver/Src/stm32f1xx_hal_tim_ex.c ****     }
1511:Drivers/STM32F1xx_HAL_Driver/Src/stm32f1xx_hal_tim_ex.c **** 
1512:Drivers/STM32F1xx_HAL_Driver/Src/stm32f1xx_hal_tim_ex.c ****     default:
1513:Drivers/STM32F1xx_HAL_Driver/Src/stm32f1xx_hal_tim_ex.c ****       status = HAL_ERROR;
1514:Drivers/STM32F1xx_HAL_Driver/Src/stm32f1xx_hal_tim_ex.c ****       break;
ARM GAS  C:\Users\airforce\AppData\Local\Temp\ccVTBrFk.s 			page 28


1515:Drivers/STM32F1xx_HAL_Driver/Src/stm32f1xx_hal_tim_ex.c ****   }
1516:Drivers/STM32F1xx_HAL_Driver/Src/stm32f1xx_hal_tim_ex.c **** 
1517:Drivers/STM32F1xx_HAL_Driver/Src/stm32f1xx_hal_tim_ex.c ****   if (status == HAL_OK)
1518:Drivers/STM32F1xx_HAL_Driver/Src/stm32f1xx_hal_tim_ex.c ****   {
1519:Drivers/STM32F1xx_HAL_Driver/Src/stm32f1xx_hal_tim_ex.c ****     /* Disable the complementary PWM output */
1520:Drivers/STM32F1xx_HAL_Driver/Src/stm32f1xx_hal_tim_ex.c ****     TIM_CCxNChannelCmd(htim->Instance, Channel, TIM_CCxN_DISABLE);
1521:Drivers/STM32F1xx_HAL_Driver/Src/stm32f1xx_hal_tim_ex.c **** 
1522:Drivers/STM32F1xx_HAL_Driver/Src/stm32f1xx_hal_tim_ex.c ****     /* Disable the Main Output */
1523:Drivers/STM32F1xx_HAL_Driver/Src/stm32f1xx_hal_tim_ex.c ****     __HAL_TIM_MOE_DISABLE(htim);
1524:Drivers/STM32F1xx_HAL_Driver/Src/stm32f1xx_hal_tim_ex.c **** 
1525:Drivers/STM32F1xx_HAL_Driver/Src/stm32f1xx_hal_tim_ex.c ****     /* Disable the Peripheral */
1526:Drivers/STM32F1xx_HAL_Driver/Src/stm32f1xx_hal_tim_ex.c ****     __HAL_TIM_DISABLE(htim);
1527:Drivers/STM32F1xx_HAL_Driver/Src/stm32f1xx_hal_tim_ex.c **** 
1528:Drivers/STM32F1xx_HAL_Driver/Src/stm32f1xx_hal_tim_ex.c ****     /* Set the TIM complementary channel state */
1529:Drivers/STM32F1xx_HAL_Driver/Src/stm32f1xx_hal_tim_ex.c ****     TIM_CHANNEL_N_STATE_SET(htim, Channel, HAL_TIM_CHANNEL_STATE_READY);
1530:Drivers/STM32F1xx_HAL_Driver/Src/stm32f1xx_hal_tim_ex.c ****   }
1531:Drivers/STM32F1xx_HAL_Driver/Src/stm32f1xx_hal_tim_ex.c **** 
1532:Drivers/STM32F1xx_HAL_Driver/Src/stm32f1xx_hal_tim_ex.c ****   /* Return function status */
1533:Drivers/STM32F1xx_HAL_Driver/Src/stm32f1xx_hal_tim_ex.c ****   return status;
1534:Drivers/STM32F1xx_HAL_Driver/Src/stm32f1xx_hal_tim_ex.c **** }
1535:Drivers/STM32F1xx_HAL_Driver/Src/stm32f1xx_hal_tim_ex.c **** 
1536:Drivers/STM32F1xx_HAL_Driver/Src/stm32f1xx_hal_tim_ex.c **** /**
1537:Drivers/STM32F1xx_HAL_Driver/Src/stm32f1xx_hal_tim_ex.c ****   * @}
1538:Drivers/STM32F1xx_HAL_Driver/Src/stm32f1xx_hal_tim_ex.c ****   */
1539:Drivers/STM32F1xx_HAL_Driver/Src/stm32f1xx_hal_tim_ex.c **** 
1540:Drivers/STM32F1xx_HAL_Driver/Src/stm32f1xx_hal_tim_ex.c **** /** @defgroup TIMEx_Exported_Functions_Group4 Extended Timer Complementary One Pulse functions
1541:Drivers/STM32F1xx_HAL_Driver/Src/stm32f1xx_hal_tim_ex.c ****   * @brief    Timer Complementary One Pulse functions
1542:Drivers/STM32F1xx_HAL_Driver/Src/stm32f1xx_hal_tim_ex.c ****   *
1543:Drivers/STM32F1xx_HAL_Driver/Src/stm32f1xx_hal_tim_ex.c **** @verbatim
1544:Drivers/STM32F1xx_HAL_Driver/Src/stm32f1xx_hal_tim_ex.c ****   ==============================================================================
1545:Drivers/STM32F1xx_HAL_Driver/Src/stm32f1xx_hal_tim_ex.c ****                 ##### Timer Complementary One Pulse functions #####
1546:Drivers/STM32F1xx_HAL_Driver/Src/stm32f1xx_hal_tim_ex.c ****   ==============================================================================
1547:Drivers/STM32F1xx_HAL_Driver/Src/stm32f1xx_hal_tim_ex.c ****   [..]
1548:Drivers/STM32F1xx_HAL_Driver/Src/stm32f1xx_hal_tim_ex.c ****     This section provides functions allowing to:
1549:Drivers/STM32F1xx_HAL_Driver/Src/stm32f1xx_hal_tim_ex.c ****     (+) Start the Complementary One Pulse generation.
1550:Drivers/STM32F1xx_HAL_Driver/Src/stm32f1xx_hal_tim_ex.c ****     (+) Stop the Complementary One Pulse.
1551:Drivers/STM32F1xx_HAL_Driver/Src/stm32f1xx_hal_tim_ex.c ****     (+) Start the Complementary One Pulse and enable interrupts.
1552:Drivers/STM32F1xx_HAL_Driver/Src/stm32f1xx_hal_tim_ex.c ****     (+) Stop the Complementary One Pulse and disable interrupts.
1553:Drivers/STM32F1xx_HAL_Driver/Src/stm32f1xx_hal_tim_ex.c **** 
1554:Drivers/STM32F1xx_HAL_Driver/Src/stm32f1xx_hal_tim_ex.c **** @endverbatim
1555:Drivers/STM32F1xx_HAL_Driver/Src/stm32f1xx_hal_tim_ex.c ****   * @{
1556:Drivers/STM32F1xx_HAL_Driver/Src/stm32f1xx_hal_tim_ex.c ****   */
1557:Drivers/STM32F1xx_HAL_Driver/Src/stm32f1xx_hal_tim_ex.c **** 
1558:Drivers/STM32F1xx_HAL_Driver/Src/stm32f1xx_hal_tim_ex.c **** /**
1559:Drivers/STM32F1xx_HAL_Driver/Src/stm32f1xx_hal_tim_ex.c ****   * @brief  Starts the TIM One Pulse signal generation on the complementary
1560:Drivers/STM32F1xx_HAL_Driver/Src/stm32f1xx_hal_tim_ex.c ****   *         output.
1561:Drivers/STM32F1xx_HAL_Driver/Src/stm32f1xx_hal_tim_ex.c ****   * @note OutputChannel must match the pulse output channel chosen when calling
1562:Drivers/STM32F1xx_HAL_Driver/Src/stm32f1xx_hal_tim_ex.c ****   *       @ref HAL_TIM_OnePulse_ConfigChannel().
1563:Drivers/STM32F1xx_HAL_Driver/Src/stm32f1xx_hal_tim_ex.c ****   * @param  htim TIM One Pulse handle
1564:Drivers/STM32F1xx_HAL_Driver/Src/stm32f1xx_hal_tim_ex.c ****   * @param  OutputChannel pulse output channel to enable
1565:Drivers/STM32F1xx_HAL_Driver/Src/stm32f1xx_hal_tim_ex.c ****   *          This parameter can be one of the following values:
1566:Drivers/STM32F1xx_HAL_Driver/Src/stm32f1xx_hal_tim_ex.c ****   *            @arg TIM_CHANNEL_1: TIM Channel 1 selected
1567:Drivers/STM32F1xx_HAL_Driver/Src/stm32f1xx_hal_tim_ex.c ****   *            @arg TIM_CHANNEL_2: TIM Channel 2 selected
1568:Drivers/STM32F1xx_HAL_Driver/Src/stm32f1xx_hal_tim_ex.c ****   * @retval HAL status
1569:Drivers/STM32F1xx_HAL_Driver/Src/stm32f1xx_hal_tim_ex.c ****   */
1570:Drivers/STM32F1xx_HAL_Driver/Src/stm32f1xx_hal_tim_ex.c **** HAL_StatusTypeDef HAL_TIMEx_OnePulseN_Start(TIM_HandleTypeDef *htim, uint32_t OutputChannel)
1571:Drivers/STM32F1xx_HAL_Driver/Src/stm32f1xx_hal_tim_ex.c **** {
ARM GAS  C:\Users\airforce\AppData\Local\Temp\ccVTBrFk.s 			page 29


1572:Drivers/STM32F1xx_HAL_Driver/Src/stm32f1xx_hal_tim_ex.c ****   uint32_t input_channel = (OutputChannel == TIM_CHANNEL_1) ? TIM_CHANNEL_2 : TIM_CHANNEL_1;
1573:Drivers/STM32F1xx_HAL_Driver/Src/stm32f1xx_hal_tim_ex.c ****   HAL_TIM_ChannelStateTypeDef channel_1_state = TIM_CHANNEL_STATE_GET(htim, TIM_CHANNEL_1);
1574:Drivers/STM32F1xx_HAL_Driver/Src/stm32f1xx_hal_tim_ex.c ****   HAL_TIM_ChannelStateTypeDef channel_2_state = TIM_CHANNEL_STATE_GET(htim, TIM_CHANNEL_2);
1575:Drivers/STM32F1xx_HAL_Driver/Src/stm32f1xx_hal_tim_ex.c ****   HAL_TIM_ChannelStateTypeDef complementary_channel_1_state = TIM_CHANNEL_N_STATE_GET(htim, TIM_CHA
1576:Drivers/STM32F1xx_HAL_Driver/Src/stm32f1xx_hal_tim_ex.c ****   HAL_TIM_ChannelStateTypeDef complementary_channel_2_state = TIM_CHANNEL_N_STATE_GET(htim, TIM_CHA
1577:Drivers/STM32F1xx_HAL_Driver/Src/stm32f1xx_hal_tim_ex.c **** 
1578:Drivers/STM32F1xx_HAL_Driver/Src/stm32f1xx_hal_tim_ex.c ****   /* Check the parameters */
1579:Drivers/STM32F1xx_HAL_Driver/Src/stm32f1xx_hal_tim_ex.c ****   assert_param(IS_TIM_CCXN_INSTANCE(htim->Instance, OutputChannel));
1580:Drivers/STM32F1xx_HAL_Driver/Src/stm32f1xx_hal_tim_ex.c **** 
1581:Drivers/STM32F1xx_HAL_Driver/Src/stm32f1xx_hal_tim_ex.c ****   /* Check the TIM channels state */
1582:Drivers/STM32F1xx_HAL_Driver/Src/stm32f1xx_hal_tim_ex.c ****   if ((channel_1_state != HAL_TIM_CHANNEL_STATE_READY)
1583:Drivers/STM32F1xx_HAL_Driver/Src/stm32f1xx_hal_tim_ex.c ****       || (channel_2_state != HAL_TIM_CHANNEL_STATE_READY)
1584:Drivers/STM32F1xx_HAL_Driver/Src/stm32f1xx_hal_tim_ex.c ****       || (complementary_channel_1_state != HAL_TIM_CHANNEL_STATE_READY)
1585:Drivers/STM32F1xx_HAL_Driver/Src/stm32f1xx_hal_tim_ex.c ****       || (complementary_channel_2_state != HAL_TIM_CHANNEL_STATE_READY))
1586:Drivers/STM32F1xx_HAL_Driver/Src/stm32f1xx_hal_tim_ex.c ****   {
1587:Drivers/STM32F1xx_HAL_Driver/Src/stm32f1xx_hal_tim_ex.c ****     return HAL_ERROR;
1588:Drivers/STM32F1xx_HAL_Driver/Src/stm32f1xx_hal_tim_ex.c ****   }
1589:Drivers/STM32F1xx_HAL_Driver/Src/stm32f1xx_hal_tim_ex.c **** 
1590:Drivers/STM32F1xx_HAL_Driver/Src/stm32f1xx_hal_tim_ex.c ****   /* Set the TIM channels state */
1591:Drivers/STM32F1xx_HAL_Driver/Src/stm32f1xx_hal_tim_ex.c ****   TIM_CHANNEL_STATE_SET(htim, TIM_CHANNEL_1, HAL_TIM_CHANNEL_STATE_BUSY);
1592:Drivers/STM32F1xx_HAL_Driver/Src/stm32f1xx_hal_tim_ex.c ****   TIM_CHANNEL_STATE_SET(htim, TIM_CHANNEL_2, HAL_TIM_CHANNEL_STATE_BUSY);
1593:Drivers/STM32F1xx_HAL_Driver/Src/stm32f1xx_hal_tim_ex.c ****   TIM_CHANNEL_N_STATE_SET(htim, TIM_CHANNEL_1, HAL_TIM_CHANNEL_STATE_BUSY);
1594:Drivers/STM32F1xx_HAL_Driver/Src/stm32f1xx_hal_tim_ex.c ****   TIM_CHANNEL_N_STATE_SET(htim, TIM_CHANNEL_2, HAL_TIM_CHANNEL_STATE_BUSY);
1595:Drivers/STM32F1xx_HAL_Driver/Src/stm32f1xx_hal_tim_ex.c **** 
1596:Drivers/STM32F1xx_HAL_Driver/Src/stm32f1xx_hal_tim_ex.c ****   /* Enable the complementary One Pulse output channel and the Input Capture channel */
1597:Drivers/STM32F1xx_HAL_Driver/Src/stm32f1xx_hal_tim_ex.c ****   TIM_CCxNChannelCmd(htim->Instance, OutputChannel, TIM_CCxN_ENABLE);
1598:Drivers/STM32F1xx_HAL_Driver/Src/stm32f1xx_hal_tim_ex.c ****   TIM_CCxChannelCmd(htim->Instance, input_channel, TIM_CCx_ENABLE);
1599:Drivers/STM32F1xx_HAL_Driver/Src/stm32f1xx_hal_tim_ex.c **** 
1600:Drivers/STM32F1xx_HAL_Driver/Src/stm32f1xx_hal_tim_ex.c ****   /* Enable the Main Output */
1601:Drivers/STM32F1xx_HAL_Driver/Src/stm32f1xx_hal_tim_ex.c ****   __HAL_TIM_MOE_ENABLE(htim);
1602:Drivers/STM32F1xx_HAL_Driver/Src/stm32f1xx_hal_tim_ex.c **** 
1603:Drivers/STM32F1xx_HAL_Driver/Src/stm32f1xx_hal_tim_ex.c ****   /* Return function status */
1604:Drivers/STM32F1xx_HAL_Driver/Src/stm32f1xx_hal_tim_ex.c ****   return HAL_OK;
1605:Drivers/STM32F1xx_HAL_Driver/Src/stm32f1xx_hal_tim_ex.c **** }
1606:Drivers/STM32F1xx_HAL_Driver/Src/stm32f1xx_hal_tim_ex.c **** 
1607:Drivers/STM32F1xx_HAL_Driver/Src/stm32f1xx_hal_tim_ex.c **** /**
1608:Drivers/STM32F1xx_HAL_Driver/Src/stm32f1xx_hal_tim_ex.c ****   * @brief  Stops the TIM One Pulse signal generation on the complementary
1609:Drivers/STM32F1xx_HAL_Driver/Src/stm32f1xx_hal_tim_ex.c ****   *         output.
1610:Drivers/STM32F1xx_HAL_Driver/Src/stm32f1xx_hal_tim_ex.c ****   * @note OutputChannel must match the pulse output channel chosen when calling
1611:Drivers/STM32F1xx_HAL_Driver/Src/stm32f1xx_hal_tim_ex.c ****   *       @ref HAL_TIM_OnePulse_ConfigChannel().
1612:Drivers/STM32F1xx_HAL_Driver/Src/stm32f1xx_hal_tim_ex.c ****   * @param  htim TIM One Pulse handle
1613:Drivers/STM32F1xx_HAL_Driver/Src/stm32f1xx_hal_tim_ex.c ****   * @param  OutputChannel pulse output channel to disable
1614:Drivers/STM32F1xx_HAL_Driver/Src/stm32f1xx_hal_tim_ex.c ****   *          This parameter can be one of the following values:
1615:Drivers/STM32F1xx_HAL_Driver/Src/stm32f1xx_hal_tim_ex.c ****   *            @arg TIM_CHANNEL_1: TIM Channel 1 selected
1616:Drivers/STM32F1xx_HAL_Driver/Src/stm32f1xx_hal_tim_ex.c ****   *            @arg TIM_CHANNEL_2: TIM Channel 2 selected
1617:Drivers/STM32F1xx_HAL_Driver/Src/stm32f1xx_hal_tim_ex.c ****   * @retval HAL status
1618:Drivers/STM32F1xx_HAL_Driver/Src/stm32f1xx_hal_tim_ex.c ****   */
1619:Drivers/STM32F1xx_HAL_Driver/Src/stm32f1xx_hal_tim_ex.c **** HAL_StatusTypeDef HAL_TIMEx_OnePulseN_Stop(TIM_HandleTypeDef *htim, uint32_t OutputChannel)
1620:Drivers/STM32F1xx_HAL_Driver/Src/stm32f1xx_hal_tim_ex.c **** {
1621:Drivers/STM32F1xx_HAL_Driver/Src/stm32f1xx_hal_tim_ex.c ****   uint32_t input_channel = (OutputChannel == TIM_CHANNEL_1) ? TIM_CHANNEL_2 : TIM_CHANNEL_1;
1622:Drivers/STM32F1xx_HAL_Driver/Src/stm32f1xx_hal_tim_ex.c **** 
1623:Drivers/STM32F1xx_HAL_Driver/Src/stm32f1xx_hal_tim_ex.c ****   /* Check the parameters */
1624:Drivers/STM32F1xx_HAL_Driver/Src/stm32f1xx_hal_tim_ex.c ****   assert_param(IS_TIM_CCXN_INSTANCE(htim->Instance, OutputChannel));
1625:Drivers/STM32F1xx_HAL_Driver/Src/stm32f1xx_hal_tim_ex.c **** 
1626:Drivers/STM32F1xx_HAL_Driver/Src/stm32f1xx_hal_tim_ex.c ****   /* Disable the complementary One Pulse output channel and the Input Capture channel */
1627:Drivers/STM32F1xx_HAL_Driver/Src/stm32f1xx_hal_tim_ex.c ****   TIM_CCxNChannelCmd(htim->Instance, OutputChannel, TIM_CCxN_DISABLE);
1628:Drivers/STM32F1xx_HAL_Driver/Src/stm32f1xx_hal_tim_ex.c ****   TIM_CCxChannelCmd(htim->Instance, input_channel, TIM_CCx_DISABLE);
ARM GAS  C:\Users\airforce\AppData\Local\Temp\ccVTBrFk.s 			page 30


1629:Drivers/STM32F1xx_HAL_Driver/Src/stm32f1xx_hal_tim_ex.c **** 
1630:Drivers/STM32F1xx_HAL_Driver/Src/stm32f1xx_hal_tim_ex.c ****   /* Disable the Main Output */
1631:Drivers/STM32F1xx_HAL_Driver/Src/stm32f1xx_hal_tim_ex.c ****   __HAL_TIM_MOE_DISABLE(htim);
1632:Drivers/STM32F1xx_HAL_Driver/Src/stm32f1xx_hal_tim_ex.c **** 
1633:Drivers/STM32F1xx_HAL_Driver/Src/stm32f1xx_hal_tim_ex.c ****   /* Disable the Peripheral */
1634:Drivers/STM32F1xx_HAL_Driver/Src/stm32f1xx_hal_tim_ex.c ****   __HAL_TIM_DISABLE(htim);
1635:Drivers/STM32F1xx_HAL_Driver/Src/stm32f1xx_hal_tim_ex.c **** 
1636:Drivers/STM32F1xx_HAL_Driver/Src/stm32f1xx_hal_tim_ex.c ****   /* Set the TIM  channels state */
1637:Drivers/STM32F1xx_HAL_Driver/Src/stm32f1xx_hal_tim_ex.c ****   TIM_CHANNEL_STATE_SET(htim, TIM_CHANNEL_1, HAL_TIM_CHANNEL_STATE_READY);
1638:Drivers/STM32F1xx_HAL_Driver/Src/stm32f1xx_hal_tim_ex.c ****   TIM_CHANNEL_STATE_SET(htim, TIM_CHANNEL_2, HAL_TIM_CHANNEL_STATE_READY);
1639:Drivers/STM32F1xx_HAL_Driver/Src/stm32f1xx_hal_tim_ex.c ****   TIM_CHANNEL_N_STATE_SET(htim, TIM_CHANNEL_1, HAL_TIM_CHANNEL_STATE_READY);
1640:Drivers/STM32F1xx_HAL_Driver/Src/stm32f1xx_hal_tim_ex.c ****   TIM_CHANNEL_N_STATE_SET(htim, TIM_CHANNEL_2, HAL_TIM_CHANNEL_STATE_READY);
1641:Drivers/STM32F1xx_HAL_Driver/Src/stm32f1xx_hal_tim_ex.c **** 
1642:Drivers/STM32F1xx_HAL_Driver/Src/stm32f1xx_hal_tim_ex.c ****   /* Return function status */
1643:Drivers/STM32F1xx_HAL_Driver/Src/stm32f1xx_hal_tim_ex.c ****   return HAL_OK;
1644:Drivers/STM32F1xx_HAL_Driver/Src/stm32f1xx_hal_tim_ex.c **** }
1645:Drivers/STM32F1xx_HAL_Driver/Src/stm32f1xx_hal_tim_ex.c **** 
1646:Drivers/STM32F1xx_HAL_Driver/Src/stm32f1xx_hal_tim_ex.c **** /**
1647:Drivers/STM32F1xx_HAL_Driver/Src/stm32f1xx_hal_tim_ex.c ****   * @brief  Starts the TIM One Pulse signal generation in interrupt mode on the
1648:Drivers/STM32F1xx_HAL_Driver/Src/stm32f1xx_hal_tim_ex.c ****   *         complementary channel.
1649:Drivers/STM32F1xx_HAL_Driver/Src/stm32f1xx_hal_tim_ex.c ****   * @note OutputChannel must match the pulse output channel chosen when calling
1650:Drivers/STM32F1xx_HAL_Driver/Src/stm32f1xx_hal_tim_ex.c ****   *       @ref HAL_TIM_OnePulse_ConfigChannel().
1651:Drivers/STM32F1xx_HAL_Driver/Src/stm32f1xx_hal_tim_ex.c ****   * @param  htim TIM One Pulse handle
1652:Drivers/STM32F1xx_HAL_Driver/Src/stm32f1xx_hal_tim_ex.c ****   * @param  OutputChannel pulse output channel to enable
1653:Drivers/STM32F1xx_HAL_Driver/Src/stm32f1xx_hal_tim_ex.c ****   *          This parameter can be one of the following values:
1654:Drivers/STM32F1xx_HAL_Driver/Src/stm32f1xx_hal_tim_ex.c ****   *            @arg TIM_CHANNEL_1: TIM Channel 1 selected
1655:Drivers/STM32F1xx_HAL_Driver/Src/stm32f1xx_hal_tim_ex.c ****   *            @arg TIM_CHANNEL_2: TIM Channel 2 selected
1656:Drivers/STM32F1xx_HAL_Driver/Src/stm32f1xx_hal_tim_ex.c ****   * @retval HAL status
1657:Drivers/STM32F1xx_HAL_Driver/Src/stm32f1xx_hal_tim_ex.c ****   */
1658:Drivers/STM32F1xx_HAL_Driver/Src/stm32f1xx_hal_tim_ex.c **** HAL_StatusTypeDef HAL_TIMEx_OnePulseN_Start_IT(TIM_HandleTypeDef *htim, uint32_t OutputChannel)
1659:Drivers/STM32F1xx_HAL_Driver/Src/stm32f1xx_hal_tim_ex.c **** {
1660:Drivers/STM32F1xx_HAL_Driver/Src/stm32f1xx_hal_tim_ex.c ****   uint32_t input_channel = (OutputChannel == TIM_CHANNEL_1) ? TIM_CHANNEL_2 : TIM_CHANNEL_1;
1661:Drivers/STM32F1xx_HAL_Driver/Src/stm32f1xx_hal_tim_ex.c ****   HAL_TIM_ChannelStateTypeDef channel_1_state = TIM_CHANNEL_STATE_GET(htim, TIM_CHANNEL_1);
1662:Drivers/STM32F1xx_HAL_Driver/Src/stm32f1xx_hal_tim_ex.c ****   HAL_TIM_ChannelStateTypeDef channel_2_state = TIM_CHANNEL_STATE_GET(htim, TIM_CHANNEL_2);
1663:Drivers/STM32F1xx_HAL_Driver/Src/stm32f1xx_hal_tim_ex.c ****   HAL_TIM_ChannelStateTypeDef complementary_channel_1_state = TIM_CHANNEL_N_STATE_GET(htim, TIM_CHA
1664:Drivers/STM32F1xx_HAL_Driver/Src/stm32f1xx_hal_tim_ex.c ****   HAL_TIM_ChannelStateTypeDef complementary_channel_2_state = TIM_CHANNEL_N_STATE_GET(htim, TIM_CHA
1665:Drivers/STM32F1xx_HAL_Driver/Src/stm32f1xx_hal_tim_ex.c **** 
1666:Drivers/STM32F1xx_HAL_Driver/Src/stm32f1xx_hal_tim_ex.c ****   /* Check the parameters */
1667:Drivers/STM32F1xx_HAL_Driver/Src/stm32f1xx_hal_tim_ex.c ****   assert_param(IS_TIM_CCXN_INSTANCE(htim->Instance, OutputChannel));
1668:Drivers/STM32F1xx_HAL_Driver/Src/stm32f1xx_hal_tim_ex.c **** 
1669:Drivers/STM32F1xx_HAL_Driver/Src/stm32f1xx_hal_tim_ex.c ****   /* Check the TIM channels state */
1670:Drivers/STM32F1xx_HAL_Driver/Src/stm32f1xx_hal_tim_ex.c ****   if ((channel_1_state != HAL_TIM_CHANNEL_STATE_READY)
1671:Drivers/STM32F1xx_HAL_Driver/Src/stm32f1xx_hal_tim_ex.c ****       || (channel_2_state != HAL_TIM_CHANNEL_STATE_READY)
1672:Drivers/STM32F1xx_HAL_Driver/Src/stm32f1xx_hal_tim_ex.c ****       || (complementary_channel_1_state != HAL_TIM_CHANNEL_STATE_READY)
1673:Drivers/STM32F1xx_HAL_Driver/Src/stm32f1xx_hal_tim_ex.c ****       || (complementary_channel_2_state != HAL_TIM_CHANNEL_STATE_READY))
1674:Drivers/STM32F1xx_HAL_Driver/Src/stm32f1xx_hal_tim_ex.c ****   {
1675:Drivers/STM32F1xx_HAL_Driver/Src/stm32f1xx_hal_tim_ex.c ****     return HAL_ERROR;
1676:Drivers/STM32F1xx_HAL_Driver/Src/stm32f1xx_hal_tim_ex.c ****   }
1677:Drivers/STM32F1xx_HAL_Driver/Src/stm32f1xx_hal_tim_ex.c **** 
1678:Drivers/STM32F1xx_HAL_Driver/Src/stm32f1xx_hal_tim_ex.c ****   /* Set the TIM channels state */
1679:Drivers/STM32F1xx_HAL_Driver/Src/stm32f1xx_hal_tim_ex.c ****   TIM_CHANNEL_STATE_SET(htim, TIM_CHANNEL_1, HAL_TIM_CHANNEL_STATE_BUSY);
1680:Drivers/STM32F1xx_HAL_Driver/Src/stm32f1xx_hal_tim_ex.c ****   TIM_CHANNEL_STATE_SET(htim, TIM_CHANNEL_2, HAL_TIM_CHANNEL_STATE_BUSY);
1681:Drivers/STM32F1xx_HAL_Driver/Src/stm32f1xx_hal_tim_ex.c ****   TIM_CHANNEL_N_STATE_SET(htim, TIM_CHANNEL_1, HAL_TIM_CHANNEL_STATE_BUSY);
1682:Drivers/STM32F1xx_HAL_Driver/Src/stm32f1xx_hal_tim_ex.c ****   TIM_CHANNEL_N_STATE_SET(htim, TIM_CHANNEL_2, HAL_TIM_CHANNEL_STATE_BUSY);
1683:Drivers/STM32F1xx_HAL_Driver/Src/stm32f1xx_hal_tim_ex.c **** 
1684:Drivers/STM32F1xx_HAL_Driver/Src/stm32f1xx_hal_tim_ex.c ****   /* Enable the TIM Capture/Compare 1 interrupt */
1685:Drivers/STM32F1xx_HAL_Driver/Src/stm32f1xx_hal_tim_ex.c ****   __HAL_TIM_ENABLE_IT(htim, TIM_IT_CC1);
ARM GAS  C:\Users\airforce\AppData\Local\Temp\ccVTBrFk.s 			page 31


1686:Drivers/STM32F1xx_HAL_Driver/Src/stm32f1xx_hal_tim_ex.c **** 
1687:Drivers/STM32F1xx_HAL_Driver/Src/stm32f1xx_hal_tim_ex.c ****   /* Enable the TIM Capture/Compare 2 interrupt */
1688:Drivers/STM32F1xx_HAL_Driver/Src/stm32f1xx_hal_tim_ex.c ****   __HAL_TIM_ENABLE_IT(htim, TIM_IT_CC2);
1689:Drivers/STM32F1xx_HAL_Driver/Src/stm32f1xx_hal_tim_ex.c **** 
1690:Drivers/STM32F1xx_HAL_Driver/Src/stm32f1xx_hal_tim_ex.c ****   /* Enable the complementary One Pulse output channel and the Input Capture channel */
1691:Drivers/STM32F1xx_HAL_Driver/Src/stm32f1xx_hal_tim_ex.c ****   TIM_CCxNChannelCmd(htim->Instance, OutputChannel, TIM_CCxN_ENABLE);
1692:Drivers/STM32F1xx_HAL_Driver/Src/stm32f1xx_hal_tim_ex.c ****   TIM_CCxChannelCmd(htim->Instance, input_channel, TIM_CCx_ENABLE);
1693:Drivers/STM32F1xx_HAL_Driver/Src/stm32f1xx_hal_tim_ex.c **** 
1694:Drivers/STM32F1xx_HAL_Driver/Src/stm32f1xx_hal_tim_ex.c ****   /* Enable the Main Output */
1695:Drivers/STM32F1xx_HAL_Driver/Src/stm32f1xx_hal_tim_ex.c ****   __HAL_TIM_MOE_ENABLE(htim);
1696:Drivers/STM32F1xx_HAL_Driver/Src/stm32f1xx_hal_tim_ex.c **** 
1697:Drivers/STM32F1xx_HAL_Driver/Src/stm32f1xx_hal_tim_ex.c ****   /* Return function status */
1698:Drivers/STM32F1xx_HAL_Driver/Src/stm32f1xx_hal_tim_ex.c ****   return HAL_OK;
1699:Drivers/STM32F1xx_HAL_Driver/Src/stm32f1xx_hal_tim_ex.c **** }
1700:Drivers/STM32F1xx_HAL_Driver/Src/stm32f1xx_hal_tim_ex.c **** 
1701:Drivers/STM32F1xx_HAL_Driver/Src/stm32f1xx_hal_tim_ex.c **** /**
1702:Drivers/STM32F1xx_HAL_Driver/Src/stm32f1xx_hal_tim_ex.c ****   * @brief  Stops the TIM One Pulse signal generation in interrupt mode on the
1703:Drivers/STM32F1xx_HAL_Driver/Src/stm32f1xx_hal_tim_ex.c ****   *         complementary channel.
1704:Drivers/STM32F1xx_HAL_Driver/Src/stm32f1xx_hal_tim_ex.c ****   * @note OutputChannel must match the pulse output channel chosen when calling
1705:Drivers/STM32F1xx_HAL_Driver/Src/stm32f1xx_hal_tim_ex.c ****   *       @ref HAL_TIM_OnePulse_ConfigChannel().
1706:Drivers/STM32F1xx_HAL_Driver/Src/stm32f1xx_hal_tim_ex.c ****   * @param  htim TIM One Pulse handle
1707:Drivers/STM32F1xx_HAL_Driver/Src/stm32f1xx_hal_tim_ex.c ****   * @param  OutputChannel pulse output channel to disable
1708:Drivers/STM32F1xx_HAL_Driver/Src/stm32f1xx_hal_tim_ex.c ****   *          This parameter can be one of the following values:
1709:Drivers/STM32F1xx_HAL_Driver/Src/stm32f1xx_hal_tim_ex.c ****   *            @arg TIM_CHANNEL_1: TIM Channel 1 selected
1710:Drivers/STM32F1xx_HAL_Driver/Src/stm32f1xx_hal_tim_ex.c ****   *            @arg TIM_CHANNEL_2: TIM Channel 2 selected
1711:Drivers/STM32F1xx_HAL_Driver/Src/stm32f1xx_hal_tim_ex.c ****   * @retval HAL status
1712:Drivers/STM32F1xx_HAL_Driver/Src/stm32f1xx_hal_tim_ex.c ****   */
1713:Drivers/STM32F1xx_HAL_Driver/Src/stm32f1xx_hal_tim_ex.c **** HAL_StatusTypeDef HAL_TIMEx_OnePulseN_Stop_IT(TIM_HandleTypeDef *htim, uint32_t OutputChannel)
1714:Drivers/STM32F1xx_HAL_Driver/Src/stm32f1xx_hal_tim_ex.c **** {
1715:Drivers/STM32F1xx_HAL_Driver/Src/stm32f1xx_hal_tim_ex.c ****   uint32_t input_channel = (OutputChannel == TIM_CHANNEL_1) ? TIM_CHANNEL_2 : TIM_CHANNEL_1;
1716:Drivers/STM32F1xx_HAL_Driver/Src/stm32f1xx_hal_tim_ex.c **** 
1717:Drivers/STM32F1xx_HAL_Driver/Src/stm32f1xx_hal_tim_ex.c ****   /* Check the parameters */
1718:Drivers/STM32F1xx_HAL_Driver/Src/stm32f1xx_hal_tim_ex.c ****   assert_param(IS_TIM_CCXN_INSTANCE(htim->Instance, OutputChannel));
1719:Drivers/STM32F1xx_HAL_Driver/Src/stm32f1xx_hal_tim_ex.c **** 
1720:Drivers/STM32F1xx_HAL_Driver/Src/stm32f1xx_hal_tim_ex.c ****   /* Disable the TIM Capture/Compare 1 interrupt */
1721:Drivers/STM32F1xx_HAL_Driver/Src/stm32f1xx_hal_tim_ex.c ****   __HAL_TIM_DISABLE_IT(htim, TIM_IT_CC1);
1722:Drivers/STM32F1xx_HAL_Driver/Src/stm32f1xx_hal_tim_ex.c **** 
1723:Drivers/STM32F1xx_HAL_Driver/Src/stm32f1xx_hal_tim_ex.c ****   /* Disable the TIM Capture/Compare 2 interrupt */
1724:Drivers/STM32F1xx_HAL_Driver/Src/stm32f1xx_hal_tim_ex.c ****   __HAL_TIM_DISABLE_IT(htim, TIM_IT_CC2);
1725:Drivers/STM32F1xx_HAL_Driver/Src/stm32f1xx_hal_tim_ex.c **** 
1726:Drivers/STM32F1xx_HAL_Driver/Src/stm32f1xx_hal_tim_ex.c ****   /* Disable the complementary One Pulse output channel and the Input Capture channel */
1727:Drivers/STM32F1xx_HAL_Driver/Src/stm32f1xx_hal_tim_ex.c ****   TIM_CCxNChannelCmd(htim->Instance, OutputChannel, TIM_CCxN_DISABLE);
1728:Drivers/STM32F1xx_HAL_Driver/Src/stm32f1xx_hal_tim_ex.c ****   TIM_CCxChannelCmd(htim->Instance, input_channel, TIM_CCx_DISABLE);
1729:Drivers/STM32F1xx_HAL_Driver/Src/stm32f1xx_hal_tim_ex.c **** 
1730:Drivers/STM32F1xx_HAL_Driver/Src/stm32f1xx_hal_tim_ex.c ****   /* Disable the Main Output */
1731:Drivers/STM32F1xx_HAL_Driver/Src/stm32f1xx_hal_tim_ex.c ****   __HAL_TIM_MOE_DISABLE(htim);
1732:Drivers/STM32F1xx_HAL_Driver/Src/stm32f1xx_hal_tim_ex.c **** 
1733:Drivers/STM32F1xx_HAL_Driver/Src/stm32f1xx_hal_tim_ex.c ****   /* Disable the Peripheral */
1734:Drivers/STM32F1xx_HAL_Driver/Src/stm32f1xx_hal_tim_ex.c ****   __HAL_TIM_DISABLE(htim);
1735:Drivers/STM32F1xx_HAL_Driver/Src/stm32f1xx_hal_tim_ex.c **** 
1736:Drivers/STM32F1xx_HAL_Driver/Src/stm32f1xx_hal_tim_ex.c ****   /* Set the TIM  channels state */
1737:Drivers/STM32F1xx_HAL_Driver/Src/stm32f1xx_hal_tim_ex.c ****   TIM_CHANNEL_STATE_SET(htim, TIM_CHANNEL_1, HAL_TIM_CHANNEL_STATE_READY);
1738:Drivers/STM32F1xx_HAL_Driver/Src/stm32f1xx_hal_tim_ex.c ****   TIM_CHANNEL_STATE_SET(htim, TIM_CHANNEL_2, HAL_TIM_CHANNEL_STATE_READY);
1739:Drivers/STM32F1xx_HAL_Driver/Src/stm32f1xx_hal_tim_ex.c ****   TIM_CHANNEL_N_STATE_SET(htim, TIM_CHANNEL_1, HAL_TIM_CHANNEL_STATE_READY);
1740:Drivers/STM32F1xx_HAL_Driver/Src/stm32f1xx_hal_tim_ex.c ****   TIM_CHANNEL_N_STATE_SET(htim, TIM_CHANNEL_2, HAL_TIM_CHANNEL_STATE_READY);
1741:Drivers/STM32F1xx_HAL_Driver/Src/stm32f1xx_hal_tim_ex.c **** 
1742:Drivers/STM32F1xx_HAL_Driver/Src/stm32f1xx_hal_tim_ex.c ****   /* Return function status */
ARM GAS  C:\Users\airforce\AppData\Local\Temp\ccVTBrFk.s 			page 32


1743:Drivers/STM32F1xx_HAL_Driver/Src/stm32f1xx_hal_tim_ex.c ****   return HAL_OK;
1744:Drivers/STM32F1xx_HAL_Driver/Src/stm32f1xx_hal_tim_ex.c **** }
1745:Drivers/STM32F1xx_HAL_Driver/Src/stm32f1xx_hal_tim_ex.c **** 
1746:Drivers/STM32F1xx_HAL_Driver/Src/stm32f1xx_hal_tim_ex.c **** /**
1747:Drivers/STM32F1xx_HAL_Driver/Src/stm32f1xx_hal_tim_ex.c ****   * @}
1748:Drivers/STM32F1xx_HAL_Driver/Src/stm32f1xx_hal_tim_ex.c ****   */
1749:Drivers/STM32F1xx_HAL_Driver/Src/stm32f1xx_hal_tim_ex.c **** 
1750:Drivers/STM32F1xx_HAL_Driver/Src/stm32f1xx_hal_tim_ex.c **** /** @defgroup TIMEx_Exported_Functions_Group5 Extended Peripheral Control functions
1751:Drivers/STM32F1xx_HAL_Driver/Src/stm32f1xx_hal_tim_ex.c ****   * @brief    Peripheral Control functions
1752:Drivers/STM32F1xx_HAL_Driver/Src/stm32f1xx_hal_tim_ex.c ****   *
1753:Drivers/STM32F1xx_HAL_Driver/Src/stm32f1xx_hal_tim_ex.c **** @verbatim
1754:Drivers/STM32F1xx_HAL_Driver/Src/stm32f1xx_hal_tim_ex.c ****   ==============================================================================
1755:Drivers/STM32F1xx_HAL_Driver/Src/stm32f1xx_hal_tim_ex.c ****                     ##### Peripheral Control functions #####
1756:Drivers/STM32F1xx_HAL_Driver/Src/stm32f1xx_hal_tim_ex.c ****   ==============================================================================
1757:Drivers/STM32F1xx_HAL_Driver/Src/stm32f1xx_hal_tim_ex.c ****   [..]
1758:Drivers/STM32F1xx_HAL_Driver/Src/stm32f1xx_hal_tim_ex.c ****     This section provides functions allowing to:
1759:Drivers/STM32F1xx_HAL_Driver/Src/stm32f1xx_hal_tim_ex.c ****       (+) Configure the commutation event in case of use of the Hall sensor interface.
1760:Drivers/STM32F1xx_HAL_Driver/Src/stm32f1xx_hal_tim_ex.c ****       (+) Configure Output channels for OC and PWM mode.
1761:Drivers/STM32F1xx_HAL_Driver/Src/stm32f1xx_hal_tim_ex.c **** 
1762:Drivers/STM32F1xx_HAL_Driver/Src/stm32f1xx_hal_tim_ex.c ****       (+) Configure Complementary channels, break features and dead time.
1763:Drivers/STM32F1xx_HAL_Driver/Src/stm32f1xx_hal_tim_ex.c ****       (+) Configure Master synchronization.
1764:Drivers/STM32F1xx_HAL_Driver/Src/stm32f1xx_hal_tim_ex.c ****       (+) Configure timer remapping capabilities.
1765:Drivers/STM32F1xx_HAL_Driver/Src/stm32f1xx_hal_tim_ex.c **** 
1766:Drivers/STM32F1xx_HAL_Driver/Src/stm32f1xx_hal_tim_ex.c **** @endverbatim
1767:Drivers/STM32F1xx_HAL_Driver/Src/stm32f1xx_hal_tim_ex.c ****   * @{
1768:Drivers/STM32F1xx_HAL_Driver/Src/stm32f1xx_hal_tim_ex.c ****   */
1769:Drivers/STM32F1xx_HAL_Driver/Src/stm32f1xx_hal_tim_ex.c **** 
1770:Drivers/STM32F1xx_HAL_Driver/Src/stm32f1xx_hal_tim_ex.c **** /**
1771:Drivers/STM32F1xx_HAL_Driver/Src/stm32f1xx_hal_tim_ex.c ****   * @brief  Configure the TIM commutation event sequence.
1772:Drivers/STM32F1xx_HAL_Driver/Src/stm32f1xx_hal_tim_ex.c ****   * @note  This function is mandatory to use the commutation event in order to
1773:Drivers/STM32F1xx_HAL_Driver/Src/stm32f1xx_hal_tim_ex.c ****   *        update the configuration at each commutation detection on the TRGI input of the Timer,
1774:Drivers/STM32F1xx_HAL_Driver/Src/stm32f1xx_hal_tim_ex.c ****   *        the typical use of this feature is with the use of another Timer(interface Timer)
1775:Drivers/STM32F1xx_HAL_Driver/Src/stm32f1xx_hal_tim_ex.c ****   *        configured in Hall sensor interface, this interface Timer will generate the
1776:Drivers/STM32F1xx_HAL_Driver/Src/stm32f1xx_hal_tim_ex.c ****   *        commutation at its TRGO output (connected to Timer used in this function) each time
1777:Drivers/STM32F1xx_HAL_Driver/Src/stm32f1xx_hal_tim_ex.c ****   *        the TI1 of the Interface Timer detect a commutation at its input TI1.
1778:Drivers/STM32F1xx_HAL_Driver/Src/stm32f1xx_hal_tim_ex.c ****   * @param  htim TIM handle
1779:Drivers/STM32F1xx_HAL_Driver/Src/stm32f1xx_hal_tim_ex.c ****   * @param  InputTrigger the Internal trigger corresponding to the Timer Interfacing with the Hall 
1780:Drivers/STM32F1xx_HAL_Driver/Src/stm32f1xx_hal_tim_ex.c ****   *          This parameter can be one of the following values:
1781:Drivers/STM32F1xx_HAL_Driver/Src/stm32f1xx_hal_tim_ex.c ****   *            @arg TIM_TS_ITR0: Internal trigger 0 selected
1782:Drivers/STM32F1xx_HAL_Driver/Src/stm32f1xx_hal_tim_ex.c ****   *            @arg TIM_TS_ITR1: Internal trigger 1 selected
1783:Drivers/STM32F1xx_HAL_Driver/Src/stm32f1xx_hal_tim_ex.c ****   *            @arg TIM_TS_ITR2: Internal trigger 2 selected
1784:Drivers/STM32F1xx_HAL_Driver/Src/stm32f1xx_hal_tim_ex.c ****   *            @arg TIM_TS_ITR3: Internal trigger 3 selected
1785:Drivers/STM32F1xx_HAL_Driver/Src/stm32f1xx_hal_tim_ex.c ****   *            @arg TIM_TS_NONE: No trigger is needed
1786:Drivers/STM32F1xx_HAL_Driver/Src/stm32f1xx_hal_tim_ex.c ****   * @param  CommutationSource the Commutation Event source
1787:Drivers/STM32F1xx_HAL_Driver/Src/stm32f1xx_hal_tim_ex.c ****   *          This parameter can be one of the following values:
1788:Drivers/STM32F1xx_HAL_Driver/Src/stm32f1xx_hal_tim_ex.c ****   *            @arg TIM_COMMUTATION_TRGI: Commutation source is the TRGI of the Interface Timer
1789:Drivers/STM32F1xx_HAL_Driver/Src/stm32f1xx_hal_tim_ex.c ****   *            @arg TIM_COMMUTATION_SOFTWARE:  Commutation source is set by software using the COMG
1790:Drivers/STM32F1xx_HAL_Driver/Src/stm32f1xx_hal_tim_ex.c ****   * @retval HAL status
1791:Drivers/STM32F1xx_HAL_Driver/Src/stm32f1xx_hal_tim_ex.c ****   */
1792:Drivers/STM32F1xx_HAL_Driver/Src/stm32f1xx_hal_tim_ex.c **** HAL_StatusTypeDef HAL_TIMEx_ConfigCommutEvent(TIM_HandleTypeDef *htim, uint32_t  InputTrigger,
1793:Drivers/STM32F1xx_HAL_Driver/Src/stm32f1xx_hal_tim_ex.c ****                                               uint32_t  CommutationSource)
1794:Drivers/STM32F1xx_HAL_Driver/Src/stm32f1xx_hal_tim_ex.c **** {
1795:Drivers/STM32F1xx_HAL_Driver/Src/stm32f1xx_hal_tim_ex.c ****   /* Check the parameters */
1796:Drivers/STM32F1xx_HAL_Driver/Src/stm32f1xx_hal_tim_ex.c ****   assert_param(IS_TIM_COMMUTATION_EVENT_INSTANCE(htim->Instance));
1797:Drivers/STM32F1xx_HAL_Driver/Src/stm32f1xx_hal_tim_ex.c ****   assert_param(IS_TIM_INTERNAL_TRIGGEREVENT_SELECTION(InputTrigger));
1798:Drivers/STM32F1xx_HAL_Driver/Src/stm32f1xx_hal_tim_ex.c **** 
1799:Drivers/STM32F1xx_HAL_Driver/Src/stm32f1xx_hal_tim_ex.c ****   __HAL_LOCK(htim);
ARM GAS  C:\Users\airforce\AppData\Local\Temp\ccVTBrFk.s 			page 33


1800:Drivers/STM32F1xx_HAL_Driver/Src/stm32f1xx_hal_tim_ex.c **** 
1801:Drivers/STM32F1xx_HAL_Driver/Src/stm32f1xx_hal_tim_ex.c ****   if ((InputTrigger == TIM_TS_ITR0) || (InputTrigger == TIM_TS_ITR1) ||
1802:Drivers/STM32F1xx_HAL_Driver/Src/stm32f1xx_hal_tim_ex.c ****       (InputTrigger == TIM_TS_ITR2) || (InputTrigger == TIM_TS_ITR3))
1803:Drivers/STM32F1xx_HAL_Driver/Src/stm32f1xx_hal_tim_ex.c ****   {
1804:Drivers/STM32F1xx_HAL_Driver/Src/stm32f1xx_hal_tim_ex.c ****     /* Select the Input trigger */
1805:Drivers/STM32F1xx_HAL_Driver/Src/stm32f1xx_hal_tim_ex.c ****     htim->Instance->SMCR &= ~TIM_SMCR_TS;
1806:Drivers/STM32F1xx_HAL_Driver/Src/stm32f1xx_hal_tim_ex.c ****     htim->Instance->SMCR |= InputTrigger;
1807:Drivers/STM32F1xx_HAL_Driver/Src/stm32f1xx_hal_tim_ex.c ****   }
1808:Drivers/STM32F1xx_HAL_Driver/Src/stm32f1xx_hal_tim_ex.c **** 
1809:Drivers/STM32F1xx_HAL_Driver/Src/stm32f1xx_hal_tim_ex.c ****   /* Select the Capture Compare preload feature */
1810:Drivers/STM32F1xx_HAL_Driver/Src/stm32f1xx_hal_tim_ex.c ****   htim->Instance->CR2 |= TIM_CR2_CCPC;
1811:Drivers/STM32F1xx_HAL_Driver/Src/stm32f1xx_hal_tim_ex.c ****   /* Select the Commutation event source */
1812:Drivers/STM32F1xx_HAL_Driver/Src/stm32f1xx_hal_tim_ex.c ****   htim->Instance->CR2 &= ~TIM_CR2_CCUS;
1813:Drivers/STM32F1xx_HAL_Driver/Src/stm32f1xx_hal_tim_ex.c ****   htim->Instance->CR2 |= CommutationSource;
1814:Drivers/STM32F1xx_HAL_Driver/Src/stm32f1xx_hal_tim_ex.c **** 
1815:Drivers/STM32F1xx_HAL_Driver/Src/stm32f1xx_hal_tim_ex.c ****   /* Disable Commutation Interrupt */
1816:Drivers/STM32F1xx_HAL_Driver/Src/stm32f1xx_hal_tim_ex.c ****   __HAL_TIM_DISABLE_IT(htim, TIM_IT_COM);
1817:Drivers/STM32F1xx_HAL_Driver/Src/stm32f1xx_hal_tim_ex.c **** 
1818:Drivers/STM32F1xx_HAL_Driver/Src/stm32f1xx_hal_tim_ex.c ****   /* Disable Commutation DMA request */
1819:Drivers/STM32F1xx_HAL_Driver/Src/stm32f1xx_hal_tim_ex.c ****   __HAL_TIM_DISABLE_DMA(htim, TIM_DMA_COM);
1820:Drivers/STM32F1xx_HAL_Driver/Src/stm32f1xx_hal_tim_ex.c **** 
1821:Drivers/STM32F1xx_HAL_Driver/Src/stm32f1xx_hal_tim_ex.c ****   __HAL_UNLOCK(htim);
1822:Drivers/STM32F1xx_HAL_Driver/Src/stm32f1xx_hal_tim_ex.c **** 
1823:Drivers/STM32F1xx_HAL_Driver/Src/stm32f1xx_hal_tim_ex.c ****   return HAL_OK;
1824:Drivers/STM32F1xx_HAL_Driver/Src/stm32f1xx_hal_tim_ex.c **** }
1825:Drivers/STM32F1xx_HAL_Driver/Src/stm32f1xx_hal_tim_ex.c **** 
1826:Drivers/STM32F1xx_HAL_Driver/Src/stm32f1xx_hal_tim_ex.c **** /**
1827:Drivers/STM32F1xx_HAL_Driver/Src/stm32f1xx_hal_tim_ex.c ****   * @brief  Configure the TIM commutation event sequence with interrupt.
1828:Drivers/STM32F1xx_HAL_Driver/Src/stm32f1xx_hal_tim_ex.c ****   * @note  This function is mandatory to use the commutation event in order to
1829:Drivers/STM32F1xx_HAL_Driver/Src/stm32f1xx_hal_tim_ex.c ****   *        update the configuration at each commutation detection on the TRGI input of the Timer,
1830:Drivers/STM32F1xx_HAL_Driver/Src/stm32f1xx_hal_tim_ex.c ****   *        the typical use of this feature is with the use of another Timer(interface Timer)
1831:Drivers/STM32F1xx_HAL_Driver/Src/stm32f1xx_hal_tim_ex.c ****   *        configured in Hall sensor interface, this interface Timer will generate the
1832:Drivers/STM32F1xx_HAL_Driver/Src/stm32f1xx_hal_tim_ex.c ****   *        commutation at its TRGO output (connected to Timer used in this function) each time
1833:Drivers/STM32F1xx_HAL_Driver/Src/stm32f1xx_hal_tim_ex.c ****   *        the TI1 of the Interface Timer detect a commutation at its input TI1.
1834:Drivers/STM32F1xx_HAL_Driver/Src/stm32f1xx_hal_tim_ex.c ****   * @param  htim TIM handle
1835:Drivers/STM32F1xx_HAL_Driver/Src/stm32f1xx_hal_tim_ex.c ****   * @param  InputTrigger the Internal trigger corresponding to the Timer Interfacing with the Hall 
1836:Drivers/STM32F1xx_HAL_Driver/Src/stm32f1xx_hal_tim_ex.c ****   *          This parameter can be one of the following values:
1837:Drivers/STM32F1xx_HAL_Driver/Src/stm32f1xx_hal_tim_ex.c ****   *            @arg TIM_TS_ITR0: Internal trigger 0 selected
1838:Drivers/STM32F1xx_HAL_Driver/Src/stm32f1xx_hal_tim_ex.c ****   *            @arg TIM_TS_ITR1: Internal trigger 1 selected
1839:Drivers/STM32F1xx_HAL_Driver/Src/stm32f1xx_hal_tim_ex.c ****   *            @arg TIM_TS_ITR2: Internal trigger 2 selected
1840:Drivers/STM32F1xx_HAL_Driver/Src/stm32f1xx_hal_tim_ex.c ****   *            @arg TIM_TS_ITR3: Internal trigger 3 selected
1841:Drivers/STM32F1xx_HAL_Driver/Src/stm32f1xx_hal_tim_ex.c ****   *            @arg TIM_TS_NONE: No trigger is needed
1842:Drivers/STM32F1xx_HAL_Driver/Src/stm32f1xx_hal_tim_ex.c ****   * @param  CommutationSource the Commutation Event source
1843:Drivers/STM32F1xx_HAL_Driver/Src/stm32f1xx_hal_tim_ex.c ****   *          This parameter can be one of the following values:
1844:Drivers/STM32F1xx_HAL_Driver/Src/stm32f1xx_hal_tim_ex.c ****   *            @arg TIM_COMMUTATION_TRGI: Commutation source is the TRGI of the Interface Timer
1845:Drivers/STM32F1xx_HAL_Driver/Src/stm32f1xx_hal_tim_ex.c ****   *            @arg TIM_COMMUTATION_SOFTWARE:  Commutation source is set by software using the COMG
1846:Drivers/STM32F1xx_HAL_Driver/Src/stm32f1xx_hal_tim_ex.c ****   * @retval HAL status
1847:Drivers/STM32F1xx_HAL_Driver/Src/stm32f1xx_hal_tim_ex.c ****   */
1848:Drivers/STM32F1xx_HAL_Driver/Src/stm32f1xx_hal_tim_ex.c **** HAL_StatusTypeDef HAL_TIMEx_ConfigCommutEvent_IT(TIM_HandleTypeDef *htim, uint32_t  InputTrigger,
1849:Drivers/STM32F1xx_HAL_Driver/Src/stm32f1xx_hal_tim_ex.c ****                                                  uint32_t  CommutationSource)
1850:Drivers/STM32F1xx_HAL_Driver/Src/stm32f1xx_hal_tim_ex.c **** {
1851:Drivers/STM32F1xx_HAL_Driver/Src/stm32f1xx_hal_tim_ex.c ****   /* Check the parameters */
1852:Drivers/STM32F1xx_HAL_Driver/Src/stm32f1xx_hal_tim_ex.c ****   assert_param(IS_TIM_COMMUTATION_EVENT_INSTANCE(htim->Instance));
1853:Drivers/STM32F1xx_HAL_Driver/Src/stm32f1xx_hal_tim_ex.c ****   assert_param(IS_TIM_INTERNAL_TRIGGEREVENT_SELECTION(InputTrigger));
1854:Drivers/STM32F1xx_HAL_Driver/Src/stm32f1xx_hal_tim_ex.c **** 
1855:Drivers/STM32F1xx_HAL_Driver/Src/stm32f1xx_hal_tim_ex.c ****   __HAL_LOCK(htim);
1856:Drivers/STM32F1xx_HAL_Driver/Src/stm32f1xx_hal_tim_ex.c **** 
ARM GAS  C:\Users\airforce\AppData\Local\Temp\ccVTBrFk.s 			page 34


1857:Drivers/STM32F1xx_HAL_Driver/Src/stm32f1xx_hal_tim_ex.c ****   if ((InputTrigger == TIM_TS_ITR0) || (InputTrigger == TIM_TS_ITR1) ||
1858:Drivers/STM32F1xx_HAL_Driver/Src/stm32f1xx_hal_tim_ex.c ****       (InputTrigger == TIM_TS_ITR2) || (InputTrigger == TIM_TS_ITR3))
1859:Drivers/STM32F1xx_HAL_Driver/Src/stm32f1xx_hal_tim_ex.c ****   {
1860:Drivers/STM32F1xx_HAL_Driver/Src/stm32f1xx_hal_tim_ex.c ****     /* Select the Input trigger */
1861:Drivers/STM32F1xx_HAL_Driver/Src/stm32f1xx_hal_tim_ex.c ****     htim->Instance->SMCR &= ~TIM_SMCR_TS;
1862:Drivers/STM32F1xx_HAL_Driver/Src/stm32f1xx_hal_tim_ex.c ****     htim->Instance->SMCR |= InputTrigger;
1863:Drivers/STM32F1xx_HAL_Driver/Src/stm32f1xx_hal_tim_ex.c ****   }
1864:Drivers/STM32F1xx_HAL_Driver/Src/stm32f1xx_hal_tim_ex.c **** 
1865:Drivers/STM32F1xx_HAL_Driver/Src/stm32f1xx_hal_tim_ex.c ****   /* Select the Capture Compare preload feature */
1866:Drivers/STM32F1xx_HAL_Driver/Src/stm32f1xx_hal_tim_ex.c ****   htim->Instance->CR2 |= TIM_CR2_CCPC;
1867:Drivers/STM32F1xx_HAL_Driver/Src/stm32f1xx_hal_tim_ex.c ****   /* Select the Commutation event source */
1868:Drivers/STM32F1xx_HAL_Driver/Src/stm32f1xx_hal_tim_ex.c ****   htim->Instance->CR2 &= ~TIM_CR2_CCUS;
1869:Drivers/STM32F1xx_HAL_Driver/Src/stm32f1xx_hal_tim_ex.c ****   htim->Instance->CR2 |= CommutationSource;
1870:Drivers/STM32F1xx_HAL_Driver/Src/stm32f1xx_hal_tim_ex.c **** 
1871:Drivers/STM32F1xx_HAL_Driver/Src/stm32f1xx_hal_tim_ex.c ****   /* Disable Commutation DMA request */
1872:Drivers/STM32F1xx_HAL_Driver/Src/stm32f1xx_hal_tim_ex.c ****   __HAL_TIM_DISABLE_DMA(htim, TIM_DMA_COM);
1873:Drivers/STM32F1xx_HAL_Driver/Src/stm32f1xx_hal_tim_ex.c **** 
1874:Drivers/STM32F1xx_HAL_Driver/Src/stm32f1xx_hal_tim_ex.c ****   /* Enable the Commutation Interrupt */
1875:Drivers/STM32F1xx_HAL_Driver/Src/stm32f1xx_hal_tim_ex.c ****   __HAL_TIM_ENABLE_IT(htim, TIM_IT_COM);
1876:Drivers/STM32F1xx_HAL_Driver/Src/stm32f1xx_hal_tim_ex.c **** 
1877:Drivers/STM32F1xx_HAL_Driver/Src/stm32f1xx_hal_tim_ex.c ****   __HAL_UNLOCK(htim);
1878:Drivers/STM32F1xx_HAL_Driver/Src/stm32f1xx_hal_tim_ex.c **** 
1879:Drivers/STM32F1xx_HAL_Driver/Src/stm32f1xx_hal_tim_ex.c ****   return HAL_OK;
1880:Drivers/STM32F1xx_HAL_Driver/Src/stm32f1xx_hal_tim_ex.c **** }
1881:Drivers/STM32F1xx_HAL_Driver/Src/stm32f1xx_hal_tim_ex.c **** 
1882:Drivers/STM32F1xx_HAL_Driver/Src/stm32f1xx_hal_tim_ex.c **** /**
1883:Drivers/STM32F1xx_HAL_Driver/Src/stm32f1xx_hal_tim_ex.c ****   * @brief  Configure the TIM commutation event sequence with DMA.
1884:Drivers/STM32F1xx_HAL_Driver/Src/stm32f1xx_hal_tim_ex.c ****   * @note  This function is mandatory to use the commutation event in order to
1885:Drivers/STM32F1xx_HAL_Driver/Src/stm32f1xx_hal_tim_ex.c ****   *        update the configuration at each commutation detection on the TRGI input of the Timer,
1886:Drivers/STM32F1xx_HAL_Driver/Src/stm32f1xx_hal_tim_ex.c ****   *        the typical use of this feature is with the use of another Timer(interface Timer)
1887:Drivers/STM32F1xx_HAL_Driver/Src/stm32f1xx_hal_tim_ex.c ****   *        configured in Hall sensor interface, this interface Timer will generate the
1888:Drivers/STM32F1xx_HAL_Driver/Src/stm32f1xx_hal_tim_ex.c ****   *        commutation at its TRGO output (connected to Timer used in this function) each time
1889:Drivers/STM32F1xx_HAL_Driver/Src/stm32f1xx_hal_tim_ex.c ****   *        the TI1 of the Interface Timer detect a commutation at its input TI1.
1890:Drivers/STM32F1xx_HAL_Driver/Src/stm32f1xx_hal_tim_ex.c ****   * @note  The user should configure the DMA in his own software, in This function only the COMDE b
1891:Drivers/STM32F1xx_HAL_Driver/Src/stm32f1xx_hal_tim_ex.c ****   * @param  htim TIM handle
1892:Drivers/STM32F1xx_HAL_Driver/Src/stm32f1xx_hal_tim_ex.c ****   * @param  InputTrigger the Internal trigger corresponding to the Timer Interfacing with the Hall 
1893:Drivers/STM32F1xx_HAL_Driver/Src/stm32f1xx_hal_tim_ex.c ****   *          This parameter can be one of the following values:
1894:Drivers/STM32F1xx_HAL_Driver/Src/stm32f1xx_hal_tim_ex.c ****   *            @arg TIM_TS_ITR0: Internal trigger 0 selected
1895:Drivers/STM32F1xx_HAL_Driver/Src/stm32f1xx_hal_tim_ex.c ****   *            @arg TIM_TS_ITR1: Internal trigger 1 selected
1896:Drivers/STM32F1xx_HAL_Driver/Src/stm32f1xx_hal_tim_ex.c ****   *            @arg TIM_TS_ITR2: Internal trigger 2 selected
1897:Drivers/STM32F1xx_HAL_Driver/Src/stm32f1xx_hal_tim_ex.c ****   *            @arg TIM_TS_ITR3: Internal trigger 3 selected
1898:Drivers/STM32F1xx_HAL_Driver/Src/stm32f1xx_hal_tim_ex.c ****   *            @arg TIM_TS_NONE: No trigger is needed
1899:Drivers/STM32F1xx_HAL_Driver/Src/stm32f1xx_hal_tim_ex.c ****   * @param  CommutationSource the Commutation Event source
1900:Drivers/STM32F1xx_HAL_Driver/Src/stm32f1xx_hal_tim_ex.c ****   *          This parameter can be one of the following values:
1901:Drivers/STM32F1xx_HAL_Driver/Src/stm32f1xx_hal_tim_ex.c ****   *            @arg TIM_COMMUTATION_TRGI: Commutation source is the TRGI of the Interface Timer
1902:Drivers/STM32F1xx_HAL_Driver/Src/stm32f1xx_hal_tim_ex.c ****   *            @arg TIM_COMMUTATION_SOFTWARE:  Commutation source is set by software using the COMG
1903:Drivers/STM32F1xx_HAL_Driver/Src/stm32f1xx_hal_tim_ex.c ****   * @retval HAL status
1904:Drivers/STM32F1xx_HAL_Driver/Src/stm32f1xx_hal_tim_ex.c ****   */
1905:Drivers/STM32F1xx_HAL_Driver/Src/stm32f1xx_hal_tim_ex.c **** HAL_StatusTypeDef HAL_TIMEx_ConfigCommutEvent_DMA(TIM_HandleTypeDef *htim, uint32_t  InputTrigger,
1906:Drivers/STM32F1xx_HAL_Driver/Src/stm32f1xx_hal_tim_ex.c ****                                                   uint32_t  CommutationSource)
1907:Drivers/STM32F1xx_HAL_Driver/Src/stm32f1xx_hal_tim_ex.c **** {
1908:Drivers/STM32F1xx_HAL_Driver/Src/stm32f1xx_hal_tim_ex.c ****   /* Check the parameters */
1909:Drivers/STM32F1xx_HAL_Driver/Src/stm32f1xx_hal_tim_ex.c ****   assert_param(IS_TIM_COMMUTATION_EVENT_INSTANCE(htim->Instance));
1910:Drivers/STM32F1xx_HAL_Driver/Src/stm32f1xx_hal_tim_ex.c ****   assert_param(IS_TIM_INTERNAL_TRIGGEREVENT_SELECTION(InputTrigger));
1911:Drivers/STM32F1xx_HAL_Driver/Src/stm32f1xx_hal_tim_ex.c **** 
1912:Drivers/STM32F1xx_HAL_Driver/Src/stm32f1xx_hal_tim_ex.c ****   __HAL_LOCK(htim);
1913:Drivers/STM32F1xx_HAL_Driver/Src/stm32f1xx_hal_tim_ex.c **** 
ARM GAS  C:\Users\airforce\AppData\Local\Temp\ccVTBrFk.s 			page 35


1914:Drivers/STM32F1xx_HAL_Driver/Src/stm32f1xx_hal_tim_ex.c ****   if ((InputTrigger == TIM_TS_ITR0) || (InputTrigger == TIM_TS_ITR1) ||
1915:Drivers/STM32F1xx_HAL_Driver/Src/stm32f1xx_hal_tim_ex.c ****       (InputTrigger == TIM_TS_ITR2) || (InputTrigger == TIM_TS_ITR3))
1916:Drivers/STM32F1xx_HAL_Driver/Src/stm32f1xx_hal_tim_ex.c ****   {
1917:Drivers/STM32F1xx_HAL_Driver/Src/stm32f1xx_hal_tim_ex.c ****     /* Select the Input trigger */
1918:Drivers/STM32F1xx_HAL_Driver/Src/stm32f1xx_hal_tim_ex.c ****     htim->Instance->SMCR &= ~TIM_SMCR_TS;
1919:Drivers/STM32F1xx_HAL_Driver/Src/stm32f1xx_hal_tim_ex.c ****     htim->Instance->SMCR |= InputTrigger;
1920:Drivers/STM32F1xx_HAL_Driver/Src/stm32f1xx_hal_tim_ex.c ****   }
1921:Drivers/STM32F1xx_HAL_Driver/Src/stm32f1xx_hal_tim_ex.c **** 
1922:Drivers/STM32F1xx_HAL_Driver/Src/stm32f1xx_hal_tim_ex.c ****   /* Select the Capture Compare preload feature */
1923:Drivers/STM32F1xx_HAL_Driver/Src/stm32f1xx_hal_tim_ex.c ****   htim->Instance->CR2 |= TIM_CR2_CCPC;
1924:Drivers/STM32F1xx_HAL_Driver/Src/stm32f1xx_hal_tim_ex.c ****   /* Select the Commutation event source */
1925:Drivers/STM32F1xx_HAL_Driver/Src/stm32f1xx_hal_tim_ex.c ****   htim->Instance->CR2 &= ~TIM_CR2_CCUS;
1926:Drivers/STM32F1xx_HAL_Driver/Src/stm32f1xx_hal_tim_ex.c ****   htim->Instance->CR2 |= CommutationSource;
1927:Drivers/STM32F1xx_HAL_Driver/Src/stm32f1xx_hal_tim_ex.c **** 
1928:Drivers/STM32F1xx_HAL_Driver/Src/stm32f1xx_hal_tim_ex.c ****   /* Enable the Commutation DMA Request */
1929:Drivers/STM32F1xx_HAL_Driver/Src/stm32f1xx_hal_tim_ex.c ****   /* Set the DMA Commutation Callback */
1930:Drivers/STM32F1xx_HAL_Driver/Src/stm32f1xx_hal_tim_ex.c ****   htim->hdma[TIM_DMA_ID_COMMUTATION]->XferCpltCallback = TIMEx_DMACommutationCplt;
1931:Drivers/STM32F1xx_HAL_Driver/Src/stm32f1xx_hal_tim_ex.c ****   htim->hdma[TIM_DMA_ID_COMMUTATION]->XferHalfCpltCallback = TIMEx_DMACommutationHalfCplt;
1932:Drivers/STM32F1xx_HAL_Driver/Src/stm32f1xx_hal_tim_ex.c ****   /* Set the DMA error callback */
1933:Drivers/STM32F1xx_HAL_Driver/Src/stm32f1xx_hal_tim_ex.c ****   htim->hdma[TIM_DMA_ID_COMMUTATION]->XferErrorCallback = TIM_DMAError;
1934:Drivers/STM32F1xx_HAL_Driver/Src/stm32f1xx_hal_tim_ex.c **** 
1935:Drivers/STM32F1xx_HAL_Driver/Src/stm32f1xx_hal_tim_ex.c ****   /* Disable Commutation Interrupt */
1936:Drivers/STM32F1xx_HAL_Driver/Src/stm32f1xx_hal_tim_ex.c ****   __HAL_TIM_DISABLE_IT(htim, TIM_IT_COM);
1937:Drivers/STM32F1xx_HAL_Driver/Src/stm32f1xx_hal_tim_ex.c **** 
1938:Drivers/STM32F1xx_HAL_Driver/Src/stm32f1xx_hal_tim_ex.c ****   /* Enable the Commutation DMA Request */
1939:Drivers/STM32F1xx_HAL_Driver/Src/stm32f1xx_hal_tim_ex.c ****   __HAL_TIM_ENABLE_DMA(htim, TIM_DMA_COM);
1940:Drivers/STM32F1xx_HAL_Driver/Src/stm32f1xx_hal_tim_ex.c **** 
1941:Drivers/STM32F1xx_HAL_Driver/Src/stm32f1xx_hal_tim_ex.c ****   __HAL_UNLOCK(htim);
1942:Drivers/STM32F1xx_HAL_Driver/Src/stm32f1xx_hal_tim_ex.c **** 
1943:Drivers/STM32F1xx_HAL_Driver/Src/stm32f1xx_hal_tim_ex.c ****   return HAL_OK;
1944:Drivers/STM32F1xx_HAL_Driver/Src/stm32f1xx_hal_tim_ex.c **** }
1945:Drivers/STM32F1xx_HAL_Driver/Src/stm32f1xx_hal_tim_ex.c **** 
1946:Drivers/STM32F1xx_HAL_Driver/Src/stm32f1xx_hal_tim_ex.c **** /**
1947:Drivers/STM32F1xx_HAL_Driver/Src/stm32f1xx_hal_tim_ex.c ****   * @brief  Configures the TIM in master mode.
1948:Drivers/STM32F1xx_HAL_Driver/Src/stm32f1xx_hal_tim_ex.c ****   * @param  htim TIM handle.
1949:Drivers/STM32F1xx_HAL_Driver/Src/stm32f1xx_hal_tim_ex.c ****   * @param  sMasterConfig pointer to a TIM_MasterConfigTypeDef structure that
1950:Drivers/STM32F1xx_HAL_Driver/Src/stm32f1xx_hal_tim_ex.c ****   *         contains the selected trigger output (TRGO) and the Master/Slave
1951:Drivers/STM32F1xx_HAL_Driver/Src/stm32f1xx_hal_tim_ex.c ****   *         mode.
1952:Drivers/STM32F1xx_HAL_Driver/Src/stm32f1xx_hal_tim_ex.c ****   * @retval HAL status
1953:Drivers/STM32F1xx_HAL_Driver/Src/stm32f1xx_hal_tim_ex.c ****   */
1954:Drivers/STM32F1xx_HAL_Driver/Src/stm32f1xx_hal_tim_ex.c **** HAL_StatusTypeDef HAL_TIMEx_MasterConfigSynchronization(TIM_HandleTypeDef *htim,
1955:Drivers/STM32F1xx_HAL_Driver/Src/stm32f1xx_hal_tim_ex.c ****                                                         const TIM_MasterConfigTypeDef *sMasterConfi
1956:Drivers/STM32F1xx_HAL_Driver/Src/stm32f1xx_hal_tim_ex.c **** {
1957:Drivers/STM32F1xx_HAL_Driver/Src/stm32f1xx_hal_tim_ex.c ****   uint32_t tmpcr2;
1958:Drivers/STM32F1xx_HAL_Driver/Src/stm32f1xx_hal_tim_ex.c ****   uint32_t tmpsmcr;
1959:Drivers/STM32F1xx_HAL_Driver/Src/stm32f1xx_hal_tim_ex.c **** 
1960:Drivers/STM32F1xx_HAL_Driver/Src/stm32f1xx_hal_tim_ex.c ****   /* Check the parameters */
1961:Drivers/STM32F1xx_HAL_Driver/Src/stm32f1xx_hal_tim_ex.c ****   assert_param(IS_TIM_MASTER_INSTANCE(htim->Instance));
1962:Drivers/STM32F1xx_HAL_Driver/Src/stm32f1xx_hal_tim_ex.c ****   assert_param(IS_TIM_TRGO_SOURCE(sMasterConfig->MasterOutputTrigger));
1963:Drivers/STM32F1xx_HAL_Driver/Src/stm32f1xx_hal_tim_ex.c ****   assert_param(IS_TIM_MSM_STATE(sMasterConfig->MasterSlaveMode));
1964:Drivers/STM32F1xx_HAL_Driver/Src/stm32f1xx_hal_tim_ex.c **** 
1965:Drivers/STM32F1xx_HAL_Driver/Src/stm32f1xx_hal_tim_ex.c ****   /* Check input state */
1966:Drivers/STM32F1xx_HAL_Driver/Src/stm32f1xx_hal_tim_ex.c ****   __HAL_LOCK(htim);
1967:Drivers/STM32F1xx_HAL_Driver/Src/stm32f1xx_hal_tim_ex.c **** 
1968:Drivers/STM32F1xx_HAL_Driver/Src/stm32f1xx_hal_tim_ex.c ****   /* Change the handler state */
1969:Drivers/STM32F1xx_HAL_Driver/Src/stm32f1xx_hal_tim_ex.c ****   htim->State = HAL_TIM_STATE_BUSY;
1970:Drivers/STM32F1xx_HAL_Driver/Src/stm32f1xx_hal_tim_ex.c **** 
ARM GAS  C:\Users\airforce\AppData\Local\Temp\ccVTBrFk.s 			page 36


1971:Drivers/STM32F1xx_HAL_Driver/Src/stm32f1xx_hal_tim_ex.c ****   /* Get the TIMx CR2 register value */
1972:Drivers/STM32F1xx_HAL_Driver/Src/stm32f1xx_hal_tim_ex.c ****   tmpcr2 = htim->Instance->CR2;
1973:Drivers/STM32F1xx_HAL_Driver/Src/stm32f1xx_hal_tim_ex.c **** 
1974:Drivers/STM32F1xx_HAL_Driver/Src/stm32f1xx_hal_tim_ex.c ****   /* Get the TIMx SMCR register value */
1975:Drivers/STM32F1xx_HAL_Driver/Src/stm32f1xx_hal_tim_ex.c ****   tmpsmcr = htim->Instance->SMCR;
1976:Drivers/STM32F1xx_HAL_Driver/Src/stm32f1xx_hal_tim_ex.c **** 
1977:Drivers/STM32F1xx_HAL_Driver/Src/stm32f1xx_hal_tim_ex.c ****   /* Reset the MMS Bits */
1978:Drivers/STM32F1xx_HAL_Driver/Src/stm32f1xx_hal_tim_ex.c ****   tmpcr2 &= ~TIM_CR2_MMS;
1979:Drivers/STM32F1xx_HAL_Driver/Src/stm32f1xx_hal_tim_ex.c ****   /* Select the TRGO source */
1980:Drivers/STM32F1xx_HAL_Driver/Src/stm32f1xx_hal_tim_ex.c ****   tmpcr2 |=  sMasterConfig->MasterOutputTrigger;
1981:Drivers/STM32F1xx_HAL_Driver/Src/stm32f1xx_hal_tim_ex.c **** 
1982:Drivers/STM32F1xx_HAL_Driver/Src/stm32f1xx_hal_tim_ex.c ****   /* Update TIMx CR2 */
1983:Drivers/STM32F1xx_HAL_Driver/Src/stm32f1xx_hal_tim_ex.c ****   htim->Instance->CR2 = tmpcr2;
1984:Drivers/STM32F1xx_HAL_Driver/Src/stm32f1xx_hal_tim_ex.c **** 
1985:Drivers/STM32F1xx_HAL_Driver/Src/stm32f1xx_hal_tim_ex.c ****   if (IS_TIM_SLAVE_INSTANCE(htim->Instance))
1986:Drivers/STM32F1xx_HAL_Driver/Src/stm32f1xx_hal_tim_ex.c ****   {
1987:Drivers/STM32F1xx_HAL_Driver/Src/stm32f1xx_hal_tim_ex.c ****     /* Reset the MSM Bit */
1988:Drivers/STM32F1xx_HAL_Driver/Src/stm32f1xx_hal_tim_ex.c ****     tmpsmcr &= ~TIM_SMCR_MSM;
1989:Drivers/STM32F1xx_HAL_Driver/Src/stm32f1xx_hal_tim_ex.c ****     /* Set master mode */
1990:Drivers/STM32F1xx_HAL_Driver/Src/stm32f1xx_hal_tim_ex.c ****     tmpsmcr |= sMasterConfig->MasterSlaveMode;
1991:Drivers/STM32F1xx_HAL_Driver/Src/stm32f1xx_hal_tim_ex.c **** 
1992:Drivers/STM32F1xx_HAL_Driver/Src/stm32f1xx_hal_tim_ex.c ****     /* Update TIMx SMCR */
1993:Drivers/STM32F1xx_HAL_Driver/Src/stm32f1xx_hal_tim_ex.c ****     htim->Instance->SMCR = tmpsmcr;
1994:Drivers/STM32F1xx_HAL_Driver/Src/stm32f1xx_hal_tim_ex.c ****   }
1995:Drivers/STM32F1xx_HAL_Driver/Src/stm32f1xx_hal_tim_ex.c **** 
1996:Drivers/STM32F1xx_HAL_Driver/Src/stm32f1xx_hal_tim_ex.c ****   /* Change the htim state */
1997:Drivers/STM32F1xx_HAL_Driver/Src/stm32f1xx_hal_tim_ex.c ****   htim->State = HAL_TIM_STATE_READY;
1998:Drivers/STM32F1xx_HAL_Driver/Src/stm32f1xx_hal_tim_ex.c **** 
1999:Drivers/STM32F1xx_HAL_Driver/Src/stm32f1xx_hal_tim_ex.c ****   __HAL_UNLOCK(htim);
2000:Drivers/STM32F1xx_HAL_Driver/Src/stm32f1xx_hal_tim_ex.c **** 
2001:Drivers/STM32F1xx_HAL_Driver/Src/stm32f1xx_hal_tim_ex.c ****   return HAL_OK;
2002:Drivers/STM32F1xx_HAL_Driver/Src/stm32f1xx_hal_tim_ex.c **** }
2003:Drivers/STM32F1xx_HAL_Driver/Src/stm32f1xx_hal_tim_ex.c **** 
2004:Drivers/STM32F1xx_HAL_Driver/Src/stm32f1xx_hal_tim_ex.c **** /**
2005:Drivers/STM32F1xx_HAL_Driver/Src/stm32f1xx_hal_tim_ex.c ****   * @brief  Configures the Break feature, dead time, Lock level, OSSI/OSSR State
2006:Drivers/STM32F1xx_HAL_Driver/Src/stm32f1xx_hal_tim_ex.c ****   *         and the AOE(automatic output enable).
2007:Drivers/STM32F1xx_HAL_Driver/Src/stm32f1xx_hal_tim_ex.c ****   * @param  htim TIM handle
2008:Drivers/STM32F1xx_HAL_Driver/Src/stm32f1xx_hal_tim_ex.c ****   * @param  sBreakDeadTimeConfig pointer to a TIM_ConfigBreakDeadConfigTypeDef structure that
2009:Drivers/STM32F1xx_HAL_Driver/Src/stm32f1xx_hal_tim_ex.c ****   *         contains the BDTR Register configuration  information for the TIM peripheral.
2010:Drivers/STM32F1xx_HAL_Driver/Src/stm32f1xx_hal_tim_ex.c ****   * @note   Interrupts can be generated when an active level is detected on the
2011:Drivers/STM32F1xx_HAL_Driver/Src/stm32f1xx_hal_tim_ex.c ****   *         break input, the break 2 input or the system break input. Break
2012:Drivers/STM32F1xx_HAL_Driver/Src/stm32f1xx_hal_tim_ex.c ****   *         interrupt can be enabled by calling the @ref __HAL_TIM_ENABLE_IT macro.
2013:Drivers/STM32F1xx_HAL_Driver/Src/stm32f1xx_hal_tim_ex.c ****   * @retval HAL status
2014:Drivers/STM32F1xx_HAL_Driver/Src/stm32f1xx_hal_tim_ex.c ****   */
2015:Drivers/STM32F1xx_HAL_Driver/Src/stm32f1xx_hal_tim_ex.c **** HAL_StatusTypeDef HAL_TIMEx_ConfigBreakDeadTime(TIM_HandleTypeDef *htim,
2016:Drivers/STM32F1xx_HAL_Driver/Src/stm32f1xx_hal_tim_ex.c ****                                                 const TIM_BreakDeadTimeConfigTypeDef *sBreakDeadTim
2017:Drivers/STM32F1xx_HAL_Driver/Src/stm32f1xx_hal_tim_ex.c **** {
2018:Drivers/STM32F1xx_HAL_Driver/Src/stm32f1xx_hal_tim_ex.c ****   /* Keep this variable initialized to 0 as it is used to configure BDTR register */
2019:Drivers/STM32F1xx_HAL_Driver/Src/stm32f1xx_hal_tim_ex.c ****   uint32_t tmpbdtr = 0U;
2020:Drivers/STM32F1xx_HAL_Driver/Src/stm32f1xx_hal_tim_ex.c **** 
2021:Drivers/STM32F1xx_HAL_Driver/Src/stm32f1xx_hal_tim_ex.c ****   /* Check the parameters */
2022:Drivers/STM32F1xx_HAL_Driver/Src/stm32f1xx_hal_tim_ex.c ****   assert_param(IS_TIM_BREAK_INSTANCE(htim->Instance));
2023:Drivers/STM32F1xx_HAL_Driver/Src/stm32f1xx_hal_tim_ex.c ****   assert_param(IS_TIM_OSSR_STATE(sBreakDeadTimeConfig->OffStateRunMode));
2024:Drivers/STM32F1xx_HAL_Driver/Src/stm32f1xx_hal_tim_ex.c ****   assert_param(IS_TIM_OSSI_STATE(sBreakDeadTimeConfig->OffStateIDLEMode));
2025:Drivers/STM32F1xx_HAL_Driver/Src/stm32f1xx_hal_tim_ex.c ****   assert_param(IS_TIM_LOCK_LEVEL(sBreakDeadTimeConfig->LockLevel));
2026:Drivers/STM32F1xx_HAL_Driver/Src/stm32f1xx_hal_tim_ex.c ****   assert_param(IS_TIM_DEADTIME(sBreakDeadTimeConfig->DeadTime));
2027:Drivers/STM32F1xx_HAL_Driver/Src/stm32f1xx_hal_tim_ex.c ****   assert_param(IS_TIM_BREAK_STATE(sBreakDeadTimeConfig->BreakState));
ARM GAS  C:\Users\airforce\AppData\Local\Temp\ccVTBrFk.s 			page 37


2028:Drivers/STM32F1xx_HAL_Driver/Src/stm32f1xx_hal_tim_ex.c ****   assert_param(IS_TIM_BREAK_POLARITY(sBreakDeadTimeConfig->BreakPolarity));
2029:Drivers/STM32F1xx_HAL_Driver/Src/stm32f1xx_hal_tim_ex.c ****   assert_param(IS_TIM_AUTOMATIC_OUTPUT_STATE(sBreakDeadTimeConfig->AutomaticOutput));
2030:Drivers/STM32F1xx_HAL_Driver/Src/stm32f1xx_hal_tim_ex.c **** 
2031:Drivers/STM32F1xx_HAL_Driver/Src/stm32f1xx_hal_tim_ex.c ****   /* Check input state */
2032:Drivers/STM32F1xx_HAL_Driver/Src/stm32f1xx_hal_tim_ex.c ****   __HAL_LOCK(htim);
2033:Drivers/STM32F1xx_HAL_Driver/Src/stm32f1xx_hal_tim_ex.c **** 
2034:Drivers/STM32F1xx_HAL_Driver/Src/stm32f1xx_hal_tim_ex.c ****   /* Set the Lock level, the Break enable Bit and the Polarity, the OSSR State,
2035:Drivers/STM32F1xx_HAL_Driver/Src/stm32f1xx_hal_tim_ex.c ****      the OSSI State, the dead time value and the Automatic Output Enable Bit */
2036:Drivers/STM32F1xx_HAL_Driver/Src/stm32f1xx_hal_tim_ex.c **** 
2037:Drivers/STM32F1xx_HAL_Driver/Src/stm32f1xx_hal_tim_ex.c ****   /* Set the BDTR bits */
2038:Drivers/STM32F1xx_HAL_Driver/Src/stm32f1xx_hal_tim_ex.c ****   MODIFY_REG(tmpbdtr, TIM_BDTR_DTG, sBreakDeadTimeConfig->DeadTime);
2039:Drivers/STM32F1xx_HAL_Driver/Src/stm32f1xx_hal_tim_ex.c ****   MODIFY_REG(tmpbdtr, TIM_BDTR_LOCK, sBreakDeadTimeConfig->LockLevel);
2040:Drivers/STM32F1xx_HAL_Driver/Src/stm32f1xx_hal_tim_ex.c ****   MODIFY_REG(tmpbdtr, TIM_BDTR_OSSI, sBreakDeadTimeConfig->OffStateIDLEMode);
2041:Drivers/STM32F1xx_HAL_Driver/Src/stm32f1xx_hal_tim_ex.c ****   MODIFY_REG(tmpbdtr, TIM_BDTR_OSSR, sBreakDeadTimeConfig->OffStateRunMode);
2042:Drivers/STM32F1xx_HAL_Driver/Src/stm32f1xx_hal_tim_ex.c ****   MODIFY_REG(tmpbdtr, TIM_BDTR_BKE, sBreakDeadTimeConfig->BreakState);
2043:Drivers/STM32F1xx_HAL_Driver/Src/stm32f1xx_hal_tim_ex.c ****   MODIFY_REG(tmpbdtr, TIM_BDTR_BKP, sBreakDeadTimeConfig->BreakPolarity);
2044:Drivers/STM32F1xx_HAL_Driver/Src/stm32f1xx_hal_tim_ex.c ****   MODIFY_REG(tmpbdtr, TIM_BDTR_AOE, sBreakDeadTimeConfig->AutomaticOutput);
2045:Drivers/STM32F1xx_HAL_Driver/Src/stm32f1xx_hal_tim_ex.c **** 
2046:Drivers/STM32F1xx_HAL_Driver/Src/stm32f1xx_hal_tim_ex.c **** 
2047:Drivers/STM32F1xx_HAL_Driver/Src/stm32f1xx_hal_tim_ex.c ****   /* Set TIMx_BDTR */
2048:Drivers/STM32F1xx_HAL_Driver/Src/stm32f1xx_hal_tim_ex.c ****   htim->Instance->BDTR = tmpbdtr;
2049:Drivers/STM32F1xx_HAL_Driver/Src/stm32f1xx_hal_tim_ex.c **** 
2050:Drivers/STM32F1xx_HAL_Driver/Src/stm32f1xx_hal_tim_ex.c ****   __HAL_UNLOCK(htim);
2051:Drivers/STM32F1xx_HAL_Driver/Src/stm32f1xx_hal_tim_ex.c **** 
2052:Drivers/STM32F1xx_HAL_Driver/Src/stm32f1xx_hal_tim_ex.c ****   return HAL_OK;
2053:Drivers/STM32F1xx_HAL_Driver/Src/stm32f1xx_hal_tim_ex.c **** }
2054:Drivers/STM32F1xx_HAL_Driver/Src/stm32f1xx_hal_tim_ex.c **** 
2055:Drivers/STM32F1xx_HAL_Driver/Src/stm32f1xx_hal_tim_ex.c **** /**
2056:Drivers/STM32F1xx_HAL_Driver/Src/stm32f1xx_hal_tim_ex.c ****   * @brief  Configures the TIMx Remapping input capabilities.
2057:Drivers/STM32F1xx_HAL_Driver/Src/stm32f1xx_hal_tim_ex.c ****   * @param  htim TIM handle.
2058:Drivers/STM32F1xx_HAL_Driver/Src/stm32f1xx_hal_tim_ex.c ****   * @param  Remap specifies the TIM remapping source.
2059:Drivers/STM32F1xx_HAL_Driver/Src/stm32f1xx_hal_tim_ex.c ****   *
2060:Drivers/STM32F1xx_HAL_Driver/Src/stm32f1xx_hal_tim_ex.c ****   * @retval HAL status
2061:Drivers/STM32F1xx_HAL_Driver/Src/stm32f1xx_hal_tim_ex.c ****   */
2062:Drivers/STM32F1xx_HAL_Driver/Src/stm32f1xx_hal_tim_ex.c **** HAL_StatusTypeDef HAL_TIMEx_RemapConfig(TIM_HandleTypeDef *htim, uint32_t Remap)
2063:Drivers/STM32F1xx_HAL_Driver/Src/stm32f1xx_hal_tim_ex.c **** {
2064:Drivers/STM32F1xx_HAL_Driver/Src/stm32f1xx_hal_tim_ex.c ****   /* Prevent unused argument(s) compilation warning */
2065:Drivers/STM32F1xx_HAL_Driver/Src/stm32f1xx_hal_tim_ex.c ****   UNUSED(htim);
2066:Drivers/STM32F1xx_HAL_Driver/Src/stm32f1xx_hal_tim_ex.c ****   UNUSED(Remap);
2067:Drivers/STM32F1xx_HAL_Driver/Src/stm32f1xx_hal_tim_ex.c **** 
2068:Drivers/STM32F1xx_HAL_Driver/Src/stm32f1xx_hal_tim_ex.c ****   return HAL_OK;
2069:Drivers/STM32F1xx_HAL_Driver/Src/stm32f1xx_hal_tim_ex.c **** }
2070:Drivers/STM32F1xx_HAL_Driver/Src/stm32f1xx_hal_tim_ex.c **** 
2071:Drivers/STM32F1xx_HAL_Driver/Src/stm32f1xx_hal_tim_ex.c **** /**
2072:Drivers/STM32F1xx_HAL_Driver/Src/stm32f1xx_hal_tim_ex.c ****   * @}
2073:Drivers/STM32F1xx_HAL_Driver/Src/stm32f1xx_hal_tim_ex.c ****   */
2074:Drivers/STM32F1xx_HAL_Driver/Src/stm32f1xx_hal_tim_ex.c **** 
2075:Drivers/STM32F1xx_HAL_Driver/Src/stm32f1xx_hal_tim_ex.c **** /** @defgroup TIMEx_Exported_Functions_Group6 Extended Callbacks functions
2076:Drivers/STM32F1xx_HAL_Driver/Src/stm32f1xx_hal_tim_ex.c ****   * @brief    Extended Callbacks functions
2077:Drivers/STM32F1xx_HAL_Driver/Src/stm32f1xx_hal_tim_ex.c ****   *
2078:Drivers/STM32F1xx_HAL_Driver/Src/stm32f1xx_hal_tim_ex.c **** @verbatim
2079:Drivers/STM32F1xx_HAL_Driver/Src/stm32f1xx_hal_tim_ex.c ****   ==============================================================================
2080:Drivers/STM32F1xx_HAL_Driver/Src/stm32f1xx_hal_tim_ex.c ****                     ##### Extended Callbacks functions #####
2081:Drivers/STM32F1xx_HAL_Driver/Src/stm32f1xx_hal_tim_ex.c ****   ==============================================================================
2082:Drivers/STM32F1xx_HAL_Driver/Src/stm32f1xx_hal_tim_ex.c ****   [..]
2083:Drivers/STM32F1xx_HAL_Driver/Src/stm32f1xx_hal_tim_ex.c ****     This section provides Extended TIM callback functions:
2084:Drivers/STM32F1xx_HAL_Driver/Src/stm32f1xx_hal_tim_ex.c ****     (+) Timer Commutation callback
ARM GAS  C:\Users\airforce\AppData\Local\Temp\ccVTBrFk.s 			page 38


2085:Drivers/STM32F1xx_HAL_Driver/Src/stm32f1xx_hal_tim_ex.c ****     (+) Timer Break callback
2086:Drivers/STM32F1xx_HAL_Driver/Src/stm32f1xx_hal_tim_ex.c **** 
2087:Drivers/STM32F1xx_HAL_Driver/Src/stm32f1xx_hal_tim_ex.c **** @endverbatim
2088:Drivers/STM32F1xx_HAL_Driver/Src/stm32f1xx_hal_tim_ex.c ****   * @{
2089:Drivers/STM32F1xx_HAL_Driver/Src/stm32f1xx_hal_tim_ex.c ****   */
2090:Drivers/STM32F1xx_HAL_Driver/Src/stm32f1xx_hal_tim_ex.c **** 
2091:Drivers/STM32F1xx_HAL_Driver/Src/stm32f1xx_hal_tim_ex.c **** /**
2092:Drivers/STM32F1xx_HAL_Driver/Src/stm32f1xx_hal_tim_ex.c ****   * @brief  Commutation callback in non-blocking mode
2093:Drivers/STM32F1xx_HAL_Driver/Src/stm32f1xx_hal_tim_ex.c ****   * @param  htim TIM handle
2094:Drivers/STM32F1xx_HAL_Driver/Src/stm32f1xx_hal_tim_ex.c ****   * @retval None
2095:Drivers/STM32F1xx_HAL_Driver/Src/stm32f1xx_hal_tim_ex.c ****   */
2096:Drivers/STM32F1xx_HAL_Driver/Src/stm32f1xx_hal_tim_ex.c **** __weak void HAL_TIMEx_CommutCallback(TIM_HandleTypeDef *htim)
2097:Drivers/STM32F1xx_HAL_Driver/Src/stm32f1xx_hal_tim_ex.c **** {
2098:Drivers/STM32F1xx_HAL_Driver/Src/stm32f1xx_hal_tim_ex.c ****   /* Prevent unused argument(s) compilation warning */
2099:Drivers/STM32F1xx_HAL_Driver/Src/stm32f1xx_hal_tim_ex.c ****   UNUSED(htim);
2100:Drivers/STM32F1xx_HAL_Driver/Src/stm32f1xx_hal_tim_ex.c **** 
2101:Drivers/STM32F1xx_HAL_Driver/Src/stm32f1xx_hal_tim_ex.c ****   /* NOTE : This function should not be modified, when the callback is needed,
2102:Drivers/STM32F1xx_HAL_Driver/Src/stm32f1xx_hal_tim_ex.c ****             the HAL_TIMEx_CommutCallback could be implemented in the user file
2103:Drivers/STM32F1xx_HAL_Driver/Src/stm32f1xx_hal_tim_ex.c ****    */
2104:Drivers/STM32F1xx_HAL_Driver/Src/stm32f1xx_hal_tim_ex.c **** }
2105:Drivers/STM32F1xx_HAL_Driver/Src/stm32f1xx_hal_tim_ex.c **** /**
2106:Drivers/STM32F1xx_HAL_Driver/Src/stm32f1xx_hal_tim_ex.c ****   * @brief  Commutation half complete callback in non-blocking mode
2107:Drivers/STM32F1xx_HAL_Driver/Src/stm32f1xx_hal_tim_ex.c ****   * @param  htim TIM handle
2108:Drivers/STM32F1xx_HAL_Driver/Src/stm32f1xx_hal_tim_ex.c ****   * @retval None
2109:Drivers/STM32F1xx_HAL_Driver/Src/stm32f1xx_hal_tim_ex.c ****   */
2110:Drivers/STM32F1xx_HAL_Driver/Src/stm32f1xx_hal_tim_ex.c **** __weak void HAL_TIMEx_CommutHalfCpltCallback(TIM_HandleTypeDef *htim)
2111:Drivers/STM32F1xx_HAL_Driver/Src/stm32f1xx_hal_tim_ex.c **** {
2112:Drivers/STM32F1xx_HAL_Driver/Src/stm32f1xx_hal_tim_ex.c ****   /* Prevent unused argument(s) compilation warning */
2113:Drivers/STM32F1xx_HAL_Driver/Src/stm32f1xx_hal_tim_ex.c ****   UNUSED(htim);
2114:Drivers/STM32F1xx_HAL_Driver/Src/stm32f1xx_hal_tim_ex.c **** 
2115:Drivers/STM32F1xx_HAL_Driver/Src/stm32f1xx_hal_tim_ex.c ****   /* NOTE : This function should not be modified, when the callback is needed,
2116:Drivers/STM32F1xx_HAL_Driver/Src/stm32f1xx_hal_tim_ex.c ****             the HAL_TIMEx_CommutHalfCpltCallback could be implemented in the user file
2117:Drivers/STM32F1xx_HAL_Driver/Src/stm32f1xx_hal_tim_ex.c ****    */
2118:Drivers/STM32F1xx_HAL_Driver/Src/stm32f1xx_hal_tim_ex.c **** }
2119:Drivers/STM32F1xx_HAL_Driver/Src/stm32f1xx_hal_tim_ex.c **** 
2120:Drivers/STM32F1xx_HAL_Driver/Src/stm32f1xx_hal_tim_ex.c **** /**
2121:Drivers/STM32F1xx_HAL_Driver/Src/stm32f1xx_hal_tim_ex.c ****   * @brief  Break detection callback in non-blocking mode
2122:Drivers/STM32F1xx_HAL_Driver/Src/stm32f1xx_hal_tim_ex.c ****   * @param  htim TIM handle
2123:Drivers/STM32F1xx_HAL_Driver/Src/stm32f1xx_hal_tim_ex.c ****   * @retval None
2124:Drivers/STM32F1xx_HAL_Driver/Src/stm32f1xx_hal_tim_ex.c ****   */
2125:Drivers/STM32F1xx_HAL_Driver/Src/stm32f1xx_hal_tim_ex.c **** __weak void HAL_TIMEx_BreakCallback(TIM_HandleTypeDef *htim)
2126:Drivers/STM32F1xx_HAL_Driver/Src/stm32f1xx_hal_tim_ex.c **** {
2127:Drivers/STM32F1xx_HAL_Driver/Src/stm32f1xx_hal_tim_ex.c ****   /* Prevent unused argument(s) compilation warning */
2128:Drivers/STM32F1xx_HAL_Driver/Src/stm32f1xx_hal_tim_ex.c ****   UNUSED(htim);
2129:Drivers/STM32F1xx_HAL_Driver/Src/stm32f1xx_hal_tim_ex.c **** 
2130:Drivers/STM32F1xx_HAL_Driver/Src/stm32f1xx_hal_tim_ex.c ****   /* NOTE : This function should not be modified, when the callback is needed,
2131:Drivers/STM32F1xx_HAL_Driver/Src/stm32f1xx_hal_tim_ex.c ****             the HAL_TIMEx_BreakCallback could be implemented in the user file
2132:Drivers/STM32F1xx_HAL_Driver/Src/stm32f1xx_hal_tim_ex.c ****    */
2133:Drivers/STM32F1xx_HAL_Driver/Src/stm32f1xx_hal_tim_ex.c **** }
2134:Drivers/STM32F1xx_HAL_Driver/Src/stm32f1xx_hal_tim_ex.c **** /**
2135:Drivers/STM32F1xx_HAL_Driver/Src/stm32f1xx_hal_tim_ex.c ****   * @}
2136:Drivers/STM32F1xx_HAL_Driver/Src/stm32f1xx_hal_tim_ex.c ****   */
2137:Drivers/STM32F1xx_HAL_Driver/Src/stm32f1xx_hal_tim_ex.c **** 
2138:Drivers/STM32F1xx_HAL_Driver/Src/stm32f1xx_hal_tim_ex.c **** /** @defgroup TIMEx_Exported_Functions_Group7 Extended Peripheral State functions
2139:Drivers/STM32F1xx_HAL_Driver/Src/stm32f1xx_hal_tim_ex.c ****   * @brief    Extended Peripheral State functions
2140:Drivers/STM32F1xx_HAL_Driver/Src/stm32f1xx_hal_tim_ex.c ****   *
2141:Drivers/STM32F1xx_HAL_Driver/Src/stm32f1xx_hal_tim_ex.c **** @verbatim
ARM GAS  C:\Users\airforce\AppData\Local\Temp\ccVTBrFk.s 			page 39


2142:Drivers/STM32F1xx_HAL_Driver/Src/stm32f1xx_hal_tim_ex.c ****   ==============================================================================
2143:Drivers/STM32F1xx_HAL_Driver/Src/stm32f1xx_hal_tim_ex.c ****                 ##### Extended Peripheral State functions #####
2144:Drivers/STM32F1xx_HAL_Driver/Src/stm32f1xx_hal_tim_ex.c ****   ==============================================================================
2145:Drivers/STM32F1xx_HAL_Driver/Src/stm32f1xx_hal_tim_ex.c ****   [..]
2146:Drivers/STM32F1xx_HAL_Driver/Src/stm32f1xx_hal_tim_ex.c ****     This subsection permits to get in run-time the status of the peripheral
2147:Drivers/STM32F1xx_HAL_Driver/Src/stm32f1xx_hal_tim_ex.c ****     and the data flow.
2148:Drivers/STM32F1xx_HAL_Driver/Src/stm32f1xx_hal_tim_ex.c **** 
2149:Drivers/STM32F1xx_HAL_Driver/Src/stm32f1xx_hal_tim_ex.c **** @endverbatim
2150:Drivers/STM32F1xx_HAL_Driver/Src/stm32f1xx_hal_tim_ex.c ****   * @{
2151:Drivers/STM32F1xx_HAL_Driver/Src/stm32f1xx_hal_tim_ex.c ****   */
2152:Drivers/STM32F1xx_HAL_Driver/Src/stm32f1xx_hal_tim_ex.c **** 
2153:Drivers/STM32F1xx_HAL_Driver/Src/stm32f1xx_hal_tim_ex.c **** /**
2154:Drivers/STM32F1xx_HAL_Driver/Src/stm32f1xx_hal_tim_ex.c ****   * @brief  Return the TIM Hall Sensor interface handle state.
2155:Drivers/STM32F1xx_HAL_Driver/Src/stm32f1xx_hal_tim_ex.c ****   * @param  htim TIM Hall Sensor handle
2156:Drivers/STM32F1xx_HAL_Driver/Src/stm32f1xx_hal_tim_ex.c ****   * @retval HAL state
2157:Drivers/STM32F1xx_HAL_Driver/Src/stm32f1xx_hal_tim_ex.c ****   */
2158:Drivers/STM32F1xx_HAL_Driver/Src/stm32f1xx_hal_tim_ex.c **** HAL_TIM_StateTypeDef HAL_TIMEx_HallSensor_GetState(const TIM_HandleTypeDef *htim)
2159:Drivers/STM32F1xx_HAL_Driver/Src/stm32f1xx_hal_tim_ex.c **** {
2160:Drivers/STM32F1xx_HAL_Driver/Src/stm32f1xx_hal_tim_ex.c ****   return htim->State;
2161:Drivers/STM32F1xx_HAL_Driver/Src/stm32f1xx_hal_tim_ex.c **** }
2162:Drivers/STM32F1xx_HAL_Driver/Src/stm32f1xx_hal_tim_ex.c **** 
2163:Drivers/STM32F1xx_HAL_Driver/Src/stm32f1xx_hal_tim_ex.c **** /**
2164:Drivers/STM32F1xx_HAL_Driver/Src/stm32f1xx_hal_tim_ex.c ****   * @brief  Return actual state of the TIM complementary channel.
2165:Drivers/STM32F1xx_HAL_Driver/Src/stm32f1xx_hal_tim_ex.c ****   * @param  htim TIM handle
2166:Drivers/STM32F1xx_HAL_Driver/Src/stm32f1xx_hal_tim_ex.c ****   * @param  ChannelN TIM Complementary channel
2167:Drivers/STM32F1xx_HAL_Driver/Src/stm32f1xx_hal_tim_ex.c ****   *          This parameter can be one of the following values:
2168:Drivers/STM32F1xx_HAL_Driver/Src/stm32f1xx_hal_tim_ex.c ****   *            @arg TIM_CHANNEL_1: TIM Channel 1
2169:Drivers/STM32F1xx_HAL_Driver/Src/stm32f1xx_hal_tim_ex.c ****   *            @arg TIM_CHANNEL_2: TIM Channel 2
2170:Drivers/STM32F1xx_HAL_Driver/Src/stm32f1xx_hal_tim_ex.c ****   *            @arg TIM_CHANNEL_3: TIM Channel 3
2171:Drivers/STM32F1xx_HAL_Driver/Src/stm32f1xx_hal_tim_ex.c ****   * @retval TIM Complementary channel state
2172:Drivers/STM32F1xx_HAL_Driver/Src/stm32f1xx_hal_tim_ex.c ****   */
2173:Drivers/STM32F1xx_HAL_Driver/Src/stm32f1xx_hal_tim_ex.c **** HAL_TIM_ChannelStateTypeDef HAL_TIMEx_GetChannelNState(const TIM_HandleTypeDef *htim,  uint32_t Cha
2174:Drivers/STM32F1xx_HAL_Driver/Src/stm32f1xx_hal_tim_ex.c **** {
2175:Drivers/STM32F1xx_HAL_Driver/Src/stm32f1xx_hal_tim_ex.c ****   HAL_TIM_ChannelStateTypeDef channel_state;
2176:Drivers/STM32F1xx_HAL_Driver/Src/stm32f1xx_hal_tim_ex.c **** 
2177:Drivers/STM32F1xx_HAL_Driver/Src/stm32f1xx_hal_tim_ex.c ****   /* Check the parameters */
2178:Drivers/STM32F1xx_HAL_Driver/Src/stm32f1xx_hal_tim_ex.c ****   assert_param(IS_TIM_CCXN_INSTANCE(htim->Instance, ChannelN));
2179:Drivers/STM32F1xx_HAL_Driver/Src/stm32f1xx_hal_tim_ex.c **** 
2180:Drivers/STM32F1xx_HAL_Driver/Src/stm32f1xx_hal_tim_ex.c ****   channel_state = TIM_CHANNEL_N_STATE_GET(htim, ChannelN);
2181:Drivers/STM32F1xx_HAL_Driver/Src/stm32f1xx_hal_tim_ex.c **** 
2182:Drivers/STM32F1xx_HAL_Driver/Src/stm32f1xx_hal_tim_ex.c ****   return channel_state;
2183:Drivers/STM32F1xx_HAL_Driver/Src/stm32f1xx_hal_tim_ex.c **** }
2184:Drivers/STM32F1xx_HAL_Driver/Src/stm32f1xx_hal_tim_ex.c **** /**
2185:Drivers/STM32F1xx_HAL_Driver/Src/stm32f1xx_hal_tim_ex.c ****   * @}
2186:Drivers/STM32F1xx_HAL_Driver/Src/stm32f1xx_hal_tim_ex.c ****   */
2187:Drivers/STM32F1xx_HAL_Driver/Src/stm32f1xx_hal_tim_ex.c **** 
2188:Drivers/STM32F1xx_HAL_Driver/Src/stm32f1xx_hal_tim_ex.c **** /**
2189:Drivers/STM32F1xx_HAL_Driver/Src/stm32f1xx_hal_tim_ex.c ****   * @}
2190:Drivers/STM32F1xx_HAL_Driver/Src/stm32f1xx_hal_tim_ex.c ****   */
2191:Drivers/STM32F1xx_HAL_Driver/Src/stm32f1xx_hal_tim_ex.c **** 
2192:Drivers/STM32F1xx_HAL_Driver/Src/stm32f1xx_hal_tim_ex.c **** /* Private functions ---------------------------------------------------------*/
2193:Drivers/STM32F1xx_HAL_Driver/Src/stm32f1xx_hal_tim_ex.c **** /** @defgroup TIMEx_Private_Functions TIM Extended Private Functions
2194:Drivers/STM32F1xx_HAL_Driver/Src/stm32f1xx_hal_tim_ex.c ****   * @{
2195:Drivers/STM32F1xx_HAL_Driver/Src/stm32f1xx_hal_tim_ex.c ****   */
2196:Drivers/STM32F1xx_HAL_Driver/Src/stm32f1xx_hal_tim_ex.c **** 
2197:Drivers/STM32F1xx_HAL_Driver/Src/stm32f1xx_hal_tim_ex.c **** /**
2198:Drivers/STM32F1xx_HAL_Driver/Src/stm32f1xx_hal_tim_ex.c ****   * @brief  TIM DMA Commutation callback.
ARM GAS  C:\Users\airforce\AppData\Local\Temp\ccVTBrFk.s 			page 40


2199:Drivers/STM32F1xx_HAL_Driver/Src/stm32f1xx_hal_tim_ex.c ****   * @param  hdma pointer to DMA handle.
2200:Drivers/STM32F1xx_HAL_Driver/Src/stm32f1xx_hal_tim_ex.c ****   * @retval None
2201:Drivers/STM32F1xx_HAL_Driver/Src/stm32f1xx_hal_tim_ex.c ****   */
2202:Drivers/STM32F1xx_HAL_Driver/Src/stm32f1xx_hal_tim_ex.c **** void TIMEx_DMACommutationCplt(DMA_HandleTypeDef *hdma)
2203:Drivers/STM32F1xx_HAL_Driver/Src/stm32f1xx_hal_tim_ex.c **** {
2204:Drivers/STM32F1xx_HAL_Driver/Src/stm32f1xx_hal_tim_ex.c ****   TIM_HandleTypeDef *htim = (TIM_HandleTypeDef *)((DMA_HandleTypeDef *)hdma)->Parent;
2205:Drivers/STM32F1xx_HAL_Driver/Src/stm32f1xx_hal_tim_ex.c **** 
2206:Drivers/STM32F1xx_HAL_Driver/Src/stm32f1xx_hal_tim_ex.c ****   /* Change the htim state */
2207:Drivers/STM32F1xx_HAL_Driver/Src/stm32f1xx_hal_tim_ex.c ****   htim->State = HAL_TIM_STATE_READY;
2208:Drivers/STM32F1xx_HAL_Driver/Src/stm32f1xx_hal_tim_ex.c **** 
2209:Drivers/STM32F1xx_HAL_Driver/Src/stm32f1xx_hal_tim_ex.c **** #if (USE_HAL_TIM_REGISTER_CALLBACKS == 1)
2210:Drivers/STM32F1xx_HAL_Driver/Src/stm32f1xx_hal_tim_ex.c ****   htim->CommutationCallback(htim);
2211:Drivers/STM32F1xx_HAL_Driver/Src/stm32f1xx_hal_tim_ex.c **** #else
2212:Drivers/STM32F1xx_HAL_Driver/Src/stm32f1xx_hal_tim_ex.c ****   HAL_TIMEx_CommutCallback(htim);
2213:Drivers/STM32F1xx_HAL_Driver/Src/stm32f1xx_hal_tim_ex.c **** #endif /* USE_HAL_TIM_REGISTER_CALLBACKS */
2214:Drivers/STM32F1xx_HAL_Driver/Src/stm32f1xx_hal_tim_ex.c **** }
2215:Drivers/STM32F1xx_HAL_Driver/Src/stm32f1xx_hal_tim_ex.c **** 
2216:Drivers/STM32F1xx_HAL_Driver/Src/stm32f1xx_hal_tim_ex.c **** /**
2217:Drivers/STM32F1xx_HAL_Driver/Src/stm32f1xx_hal_tim_ex.c ****   * @brief  TIM DMA Commutation half complete callback.
2218:Drivers/STM32F1xx_HAL_Driver/Src/stm32f1xx_hal_tim_ex.c ****   * @param  hdma pointer to DMA handle.
2219:Drivers/STM32F1xx_HAL_Driver/Src/stm32f1xx_hal_tim_ex.c ****   * @retval None
2220:Drivers/STM32F1xx_HAL_Driver/Src/stm32f1xx_hal_tim_ex.c ****   */
2221:Drivers/STM32F1xx_HAL_Driver/Src/stm32f1xx_hal_tim_ex.c **** void TIMEx_DMACommutationHalfCplt(DMA_HandleTypeDef *hdma)
2222:Drivers/STM32F1xx_HAL_Driver/Src/stm32f1xx_hal_tim_ex.c **** {
2223:Drivers/STM32F1xx_HAL_Driver/Src/stm32f1xx_hal_tim_ex.c ****   TIM_HandleTypeDef *htim = (TIM_HandleTypeDef *)((DMA_HandleTypeDef *)hdma)->Parent;
2224:Drivers/STM32F1xx_HAL_Driver/Src/stm32f1xx_hal_tim_ex.c **** 
2225:Drivers/STM32F1xx_HAL_Driver/Src/stm32f1xx_hal_tim_ex.c ****   /* Change the htim state */
2226:Drivers/STM32F1xx_HAL_Driver/Src/stm32f1xx_hal_tim_ex.c ****   htim->State = HAL_TIM_STATE_READY;
2227:Drivers/STM32F1xx_HAL_Driver/Src/stm32f1xx_hal_tim_ex.c **** 
2228:Drivers/STM32F1xx_HAL_Driver/Src/stm32f1xx_hal_tim_ex.c **** #if (USE_HAL_TIM_REGISTER_CALLBACKS == 1)
2229:Drivers/STM32F1xx_HAL_Driver/Src/stm32f1xx_hal_tim_ex.c ****   htim->CommutationHalfCpltCallback(htim);
2230:Drivers/STM32F1xx_HAL_Driver/Src/stm32f1xx_hal_tim_ex.c **** #else
2231:Drivers/STM32F1xx_HAL_Driver/Src/stm32f1xx_hal_tim_ex.c ****   HAL_TIMEx_CommutHalfCpltCallback(htim);
2232:Drivers/STM32F1xx_HAL_Driver/Src/stm32f1xx_hal_tim_ex.c **** #endif /* USE_HAL_TIM_REGISTER_CALLBACKS */
2233:Drivers/STM32F1xx_HAL_Driver/Src/stm32f1xx_hal_tim_ex.c **** }
2234:Drivers/STM32F1xx_HAL_Driver/Src/stm32f1xx_hal_tim_ex.c **** 
2235:Drivers/STM32F1xx_HAL_Driver/Src/stm32f1xx_hal_tim_ex.c **** 
2236:Drivers/STM32F1xx_HAL_Driver/Src/stm32f1xx_hal_tim_ex.c **** /**
2237:Drivers/STM32F1xx_HAL_Driver/Src/stm32f1xx_hal_tim_ex.c ****   * @brief  TIM DMA Delay Pulse complete callback (complementary channel).
2238:Drivers/STM32F1xx_HAL_Driver/Src/stm32f1xx_hal_tim_ex.c ****   * @param  hdma pointer to DMA handle.
2239:Drivers/STM32F1xx_HAL_Driver/Src/stm32f1xx_hal_tim_ex.c ****   * @retval None
2240:Drivers/STM32F1xx_HAL_Driver/Src/stm32f1xx_hal_tim_ex.c ****   */
2241:Drivers/STM32F1xx_HAL_Driver/Src/stm32f1xx_hal_tim_ex.c **** static void TIM_DMADelayPulseNCplt(DMA_HandleTypeDef *hdma)
2242:Drivers/STM32F1xx_HAL_Driver/Src/stm32f1xx_hal_tim_ex.c **** {
2243:Drivers/STM32F1xx_HAL_Driver/Src/stm32f1xx_hal_tim_ex.c ****   TIM_HandleTypeDef *htim = (TIM_HandleTypeDef *)((DMA_HandleTypeDef *)hdma)->Parent;
2244:Drivers/STM32F1xx_HAL_Driver/Src/stm32f1xx_hal_tim_ex.c **** 
2245:Drivers/STM32F1xx_HAL_Driver/Src/stm32f1xx_hal_tim_ex.c ****   if (hdma == htim->hdma[TIM_DMA_ID_CC1])
2246:Drivers/STM32F1xx_HAL_Driver/Src/stm32f1xx_hal_tim_ex.c ****   {
2247:Drivers/STM32F1xx_HAL_Driver/Src/stm32f1xx_hal_tim_ex.c ****     htim->Channel = HAL_TIM_ACTIVE_CHANNEL_1;
2248:Drivers/STM32F1xx_HAL_Driver/Src/stm32f1xx_hal_tim_ex.c **** 
2249:Drivers/STM32F1xx_HAL_Driver/Src/stm32f1xx_hal_tim_ex.c ****     if (hdma->Init.Mode == DMA_NORMAL)
2250:Drivers/STM32F1xx_HAL_Driver/Src/stm32f1xx_hal_tim_ex.c ****     {
2251:Drivers/STM32F1xx_HAL_Driver/Src/stm32f1xx_hal_tim_ex.c ****       TIM_CHANNEL_N_STATE_SET(htim, TIM_CHANNEL_1, HAL_TIM_CHANNEL_STATE_READY);
2252:Drivers/STM32F1xx_HAL_Driver/Src/stm32f1xx_hal_tim_ex.c ****     }
2253:Drivers/STM32F1xx_HAL_Driver/Src/stm32f1xx_hal_tim_ex.c ****   }
2254:Drivers/STM32F1xx_HAL_Driver/Src/stm32f1xx_hal_tim_ex.c ****   else if (hdma == htim->hdma[TIM_DMA_ID_CC2])
2255:Drivers/STM32F1xx_HAL_Driver/Src/stm32f1xx_hal_tim_ex.c ****   {
ARM GAS  C:\Users\airforce\AppData\Local\Temp\ccVTBrFk.s 			page 41


2256:Drivers/STM32F1xx_HAL_Driver/Src/stm32f1xx_hal_tim_ex.c ****     htim->Channel = HAL_TIM_ACTIVE_CHANNEL_2;
2257:Drivers/STM32F1xx_HAL_Driver/Src/stm32f1xx_hal_tim_ex.c **** 
2258:Drivers/STM32F1xx_HAL_Driver/Src/stm32f1xx_hal_tim_ex.c ****     if (hdma->Init.Mode == DMA_NORMAL)
2259:Drivers/STM32F1xx_HAL_Driver/Src/stm32f1xx_hal_tim_ex.c ****     {
2260:Drivers/STM32F1xx_HAL_Driver/Src/stm32f1xx_hal_tim_ex.c ****       TIM_CHANNEL_N_STATE_SET(htim, TIM_CHANNEL_2, HAL_TIM_CHANNEL_STATE_READY);
2261:Drivers/STM32F1xx_HAL_Driver/Src/stm32f1xx_hal_tim_ex.c ****     }
2262:Drivers/STM32F1xx_HAL_Driver/Src/stm32f1xx_hal_tim_ex.c ****   }
2263:Drivers/STM32F1xx_HAL_Driver/Src/stm32f1xx_hal_tim_ex.c ****   else if (hdma == htim->hdma[TIM_DMA_ID_CC3])
2264:Drivers/STM32F1xx_HAL_Driver/Src/stm32f1xx_hal_tim_ex.c ****   {
2265:Drivers/STM32F1xx_HAL_Driver/Src/stm32f1xx_hal_tim_ex.c ****     htim->Channel = HAL_TIM_ACTIVE_CHANNEL_3;
2266:Drivers/STM32F1xx_HAL_Driver/Src/stm32f1xx_hal_tim_ex.c **** 
2267:Drivers/STM32F1xx_HAL_Driver/Src/stm32f1xx_hal_tim_ex.c ****     if (hdma->Init.Mode == DMA_NORMAL)
2268:Drivers/STM32F1xx_HAL_Driver/Src/stm32f1xx_hal_tim_ex.c ****     {
2269:Drivers/STM32F1xx_HAL_Driver/Src/stm32f1xx_hal_tim_ex.c ****       TIM_CHANNEL_N_STATE_SET(htim, TIM_CHANNEL_3, HAL_TIM_CHANNEL_STATE_READY);
2270:Drivers/STM32F1xx_HAL_Driver/Src/stm32f1xx_hal_tim_ex.c ****     }
2271:Drivers/STM32F1xx_HAL_Driver/Src/stm32f1xx_hal_tim_ex.c ****   }
2272:Drivers/STM32F1xx_HAL_Driver/Src/stm32f1xx_hal_tim_ex.c ****   else
2273:Drivers/STM32F1xx_HAL_Driver/Src/stm32f1xx_hal_tim_ex.c ****   {
2274:Drivers/STM32F1xx_HAL_Driver/Src/stm32f1xx_hal_tim_ex.c ****     /* nothing to do */
2275:Drivers/STM32F1xx_HAL_Driver/Src/stm32f1xx_hal_tim_ex.c ****   }
2276:Drivers/STM32F1xx_HAL_Driver/Src/stm32f1xx_hal_tim_ex.c **** 
2277:Drivers/STM32F1xx_HAL_Driver/Src/stm32f1xx_hal_tim_ex.c **** #if (USE_HAL_TIM_REGISTER_CALLBACKS == 1)
2278:Drivers/STM32F1xx_HAL_Driver/Src/stm32f1xx_hal_tim_ex.c ****   htim->PWM_PulseFinishedCallback(htim);
2279:Drivers/STM32F1xx_HAL_Driver/Src/stm32f1xx_hal_tim_ex.c **** #else
2280:Drivers/STM32F1xx_HAL_Driver/Src/stm32f1xx_hal_tim_ex.c ****   HAL_TIM_PWM_PulseFinishedCallback(htim);
2281:Drivers/STM32F1xx_HAL_Driver/Src/stm32f1xx_hal_tim_ex.c **** #endif /* USE_HAL_TIM_REGISTER_CALLBACKS */
2282:Drivers/STM32F1xx_HAL_Driver/Src/stm32f1xx_hal_tim_ex.c **** 
2283:Drivers/STM32F1xx_HAL_Driver/Src/stm32f1xx_hal_tim_ex.c ****   htim->Channel = HAL_TIM_ACTIVE_CHANNEL_CLEARED;
2284:Drivers/STM32F1xx_HAL_Driver/Src/stm32f1xx_hal_tim_ex.c **** }
2285:Drivers/STM32F1xx_HAL_Driver/Src/stm32f1xx_hal_tim_ex.c **** 
2286:Drivers/STM32F1xx_HAL_Driver/Src/stm32f1xx_hal_tim_ex.c **** /**
2287:Drivers/STM32F1xx_HAL_Driver/Src/stm32f1xx_hal_tim_ex.c ****   * @brief  TIM DMA error callback (complementary channel)
2288:Drivers/STM32F1xx_HAL_Driver/Src/stm32f1xx_hal_tim_ex.c ****   * @param  hdma pointer to DMA handle.
2289:Drivers/STM32F1xx_HAL_Driver/Src/stm32f1xx_hal_tim_ex.c ****   * @retval None
2290:Drivers/STM32F1xx_HAL_Driver/Src/stm32f1xx_hal_tim_ex.c ****   */
2291:Drivers/STM32F1xx_HAL_Driver/Src/stm32f1xx_hal_tim_ex.c **** static void TIM_DMAErrorCCxN(DMA_HandleTypeDef *hdma)
2292:Drivers/STM32F1xx_HAL_Driver/Src/stm32f1xx_hal_tim_ex.c **** {
2293:Drivers/STM32F1xx_HAL_Driver/Src/stm32f1xx_hal_tim_ex.c ****   TIM_HandleTypeDef *htim = (TIM_HandleTypeDef *)((DMA_HandleTypeDef *)hdma)->Parent;
2294:Drivers/STM32F1xx_HAL_Driver/Src/stm32f1xx_hal_tim_ex.c **** 
2295:Drivers/STM32F1xx_HAL_Driver/Src/stm32f1xx_hal_tim_ex.c ****   if (hdma == htim->hdma[TIM_DMA_ID_CC1])
2296:Drivers/STM32F1xx_HAL_Driver/Src/stm32f1xx_hal_tim_ex.c ****   {
2297:Drivers/STM32F1xx_HAL_Driver/Src/stm32f1xx_hal_tim_ex.c ****     htim->Channel = HAL_TIM_ACTIVE_CHANNEL_1;
2298:Drivers/STM32F1xx_HAL_Driver/Src/stm32f1xx_hal_tim_ex.c ****     TIM_CHANNEL_N_STATE_SET(htim, TIM_CHANNEL_1, HAL_TIM_CHANNEL_STATE_READY);
2299:Drivers/STM32F1xx_HAL_Driver/Src/stm32f1xx_hal_tim_ex.c ****   }
2300:Drivers/STM32F1xx_HAL_Driver/Src/stm32f1xx_hal_tim_ex.c ****   else if (hdma == htim->hdma[TIM_DMA_ID_CC2])
2301:Drivers/STM32F1xx_HAL_Driver/Src/stm32f1xx_hal_tim_ex.c ****   {
2302:Drivers/STM32F1xx_HAL_Driver/Src/stm32f1xx_hal_tim_ex.c ****     htim->Channel = HAL_TIM_ACTIVE_CHANNEL_2;
2303:Drivers/STM32F1xx_HAL_Driver/Src/stm32f1xx_hal_tim_ex.c ****     TIM_CHANNEL_N_STATE_SET(htim, TIM_CHANNEL_2, HAL_TIM_CHANNEL_STATE_READY);
2304:Drivers/STM32F1xx_HAL_Driver/Src/stm32f1xx_hal_tim_ex.c ****   }
2305:Drivers/STM32F1xx_HAL_Driver/Src/stm32f1xx_hal_tim_ex.c ****   else if (hdma == htim->hdma[TIM_DMA_ID_CC3])
2306:Drivers/STM32F1xx_HAL_Driver/Src/stm32f1xx_hal_tim_ex.c ****   {
2307:Drivers/STM32F1xx_HAL_Driver/Src/stm32f1xx_hal_tim_ex.c ****     htim->Channel = HAL_TIM_ACTIVE_CHANNEL_3;
2308:Drivers/STM32F1xx_HAL_Driver/Src/stm32f1xx_hal_tim_ex.c ****     TIM_CHANNEL_N_STATE_SET(htim, TIM_CHANNEL_3, HAL_TIM_CHANNEL_STATE_READY);
2309:Drivers/STM32F1xx_HAL_Driver/Src/stm32f1xx_hal_tim_ex.c ****   }
2310:Drivers/STM32F1xx_HAL_Driver/Src/stm32f1xx_hal_tim_ex.c ****   else
2311:Drivers/STM32F1xx_HAL_Driver/Src/stm32f1xx_hal_tim_ex.c ****   {
2312:Drivers/STM32F1xx_HAL_Driver/Src/stm32f1xx_hal_tim_ex.c ****     /* nothing to do */
ARM GAS  C:\Users\airforce\AppData\Local\Temp\ccVTBrFk.s 			page 42


2313:Drivers/STM32F1xx_HAL_Driver/Src/stm32f1xx_hal_tim_ex.c ****   }
2314:Drivers/STM32F1xx_HAL_Driver/Src/stm32f1xx_hal_tim_ex.c **** 
2315:Drivers/STM32F1xx_HAL_Driver/Src/stm32f1xx_hal_tim_ex.c **** #if (USE_HAL_TIM_REGISTER_CALLBACKS == 1)
2316:Drivers/STM32F1xx_HAL_Driver/Src/stm32f1xx_hal_tim_ex.c ****   htim->ErrorCallback(htim);
2317:Drivers/STM32F1xx_HAL_Driver/Src/stm32f1xx_hal_tim_ex.c **** #else
2318:Drivers/STM32F1xx_HAL_Driver/Src/stm32f1xx_hal_tim_ex.c ****   HAL_TIM_ErrorCallback(htim);
2319:Drivers/STM32F1xx_HAL_Driver/Src/stm32f1xx_hal_tim_ex.c **** #endif /* USE_HAL_TIM_REGISTER_CALLBACKS */
2320:Drivers/STM32F1xx_HAL_Driver/Src/stm32f1xx_hal_tim_ex.c **** 
2321:Drivers/STM32F1xx_HAL_Driver/Src/stm32f1xx_hal_tim_ex.c ****   htim->Channel = HAL_TIM_ACTIVE_CHANNEL_CLEARED;
2322:Drivers/STM32F1xx_HAL_Driver/Src/stm32f1xx_hal_tim_ex.c **** }
2323:Drivers/STM32F1xx_HAL_Driver/Src/stm32f1xx_hal_tim_ex.c **** 
2324:Drivers/STM32F1xx_HAL_Driver/Src/stm32f1xx_hal_tim_ex.c **** /**
2325:Drivers/STM32F1xx_HAL_Driver/Src/stm32f1xx_hal_tim_ex.c ****   * @brief  Enables or disables the TIM Capture Compare Channel xN.
2326:Drivers/STM32F1xx_HAL_Driver/Src/stm32f1xx_hal_tim_ex.c ****   * @param  TIMx to select the TIM peripheral
2327:Drivers/STM32F1xx_HAL_Driver/Src/stm32f1xx_hal_tim_ex.c ****   * @param  Channel specifies the TIM Channel
2328:Drivers/STM32F1xx_HAL_Driver/Src/stm32f1xx_hal_tim_ex.c ****   *          This parameter can be one of the following values:
2329:Drivers/STM32F1xx_HAL_Driver/Src/stm32f1xx_hal_tim_ex.c ****   *            @arg TIM_CHANNEL_1: TIM Channel 1
2330:Drivers/STM32F1xx_HAL_Driver/Src/stm32f1xx_hal_tim_ex.c ****   *            @arg TIM_CHANNEL_2: TIM Channel 2
2331:Drivers/STM32F1xx_HAL_Driver/Src/stm32f1xx_hal_tim_ex.c ****   *            @arg TIM_CHANNEL_3: TIM Channel 3
2332:Drivers/STM32F1xx_HAL_Driver/Src/stm32f1xx_hal_tim_ex.c ****   * @param  ChannelNState specifies the TIM Channel CCxNE bit new state.
2333:Drivers/STM32F1xx_HAL_Driver/Src/stm32f1xx_hal_tim_ex.c ****   *          This parameter can be: TIM_CCxN_ENABLE or TIM_CCxN_Disable.
2334:Drivers/STM32F1xx_HAL_Driver/Src/stm32f1xx_hal_tim_ex.c ****   * @retval None
2335:Drivers/STM32F1xx_HAL_Driver/Src/stm32f1xx_hal_tim_ex.c ****   */
2336:Drivers/STM32F1xx_HAL_Driver/Src/stm32f1xx_hal_tim_ex.c **** static void TIM_CCxNChannelCmd(TIM_TypeDef *TIMx, uint32_t Channel, uint32_t ChannelNState)
2337:Drivers/STM32F1xx_HAL_Driver/Src/stm32f1xx_hal_tim_ex.c **** {
  27              		.loc 1 2337 1 view -0
  28              		.cfi_startproc
  29              		@ args = 0, pretend = 0, frame = 0
  30              		@ frame_needed = 0, uses_anonymous_args = 0
2338:Drivers/STM32F1xx_HAL_Driver/Src/stm32f1xx_hal_tim_ex.c ****   uint32_t tmp;
  31              		.loc 1 2338 3 view .LVU1
2339:Drivers/STM32F1xx_HAL_Driver/Src/stm32f1xx_hal_tim_ex.c **** 
2340:Drivers/STM32F1xx_HAL_Driver/Src/stm32f1xx_hal_tim_ex.c ****   tmp = TIM_CCER_CC1NE << (Channel & 0xFU); /* 0xFU = 15 bits max shift */
  32              		.loc 1 2340 3 view .LVU2
2337:Drivers/STM32F1xx_HAL_Driver/Src/stm32f1xx_hal_tim_ex.c ****   uint32_t tmp;
  33              		.loc 1 2337 1 is_stmt 0 view .LVU3
  34 0000 10B5     		push	{r4, lr}
  35              	.LCFI0:
  36              		.cfi_def_cfa_offset 8
  37              		.cfi_offset 4, -8
  38              		.cfi_offset 14, -4
  39              		.loc 1 2340 7 view .LVU4
  40 0002 0424     		movs	r4, #4
2341:Drivers/STM32F1xx_HAL_Driver/Src/stm32f1xx_hal_tim_ex.c **** 
2342:Drivers/STM32F1xx_HAL_Driver/Src/stm32f1xx_hal_tim_ex.c ****   /* Reset the CCxNE Bit */
2343:Drivers/STM32F1xx_HAL_Driver/Src/stm32f1xx_hal_tim_ex.c ****   TIMx->CCER &=  ~tmp;
  41              		.loc 1 2343 7 view .LVU5
  42 0004 036A     		ldr	r3, [r0, #32]
2340:Drivers/STM32F1xx_HAL_Driver/Src/stm32f1xx_hal_tim_ex.c **** 
  43              		.loc 1 2340 36 view .LVU6
  44 0006 01F00F01 		and	r1, r1, #15
  45              	.LVL1:
  46              		.loc 1 2343 3 is_stmt 1 view .LVU7
2340:Drivers/STM32F1xx_HAL_Driver/Src/stm32f1xx_hal_tim_ex.c **** 
  47              		.loc 1 2340 7 is_stmt 0 view .LVU8
  48 000a 8C40     		lsls	r4, r4, r1
  49              	.LVL2:
ARM GAS  C:\Users\airforce\AppData\Local\Temp\ccVTBrFk.s 			page 43


  50              		.loc 1 2343 14 view .LVU9
  51 000c 23EA0403 		bic	r3, r3, r4
  52 0010 0362     		str	r3, [r0, #32]
2344:Drivers/STM32F1xx_HAL_Driver/Src/stm32f1xx_hal_tim_ex.c **** 
2345:Drivers/STM32F1xx_HAL_Driver/Src/stm32f1xx_hal_tim_ex.c ****   /* Set or reset the CCxNE Bit */
2346:Drivers/STM32F1xx_HAL_Driver/Src/stm32f1xx_hal_tim_ex.c ****   TIMx->CCER |= (uint32_t)(ChannelNState << (Channel & 0xFU)); /* 0xFU = 15 bits max shift */
  53              		.loc 1 2346 3 is_stmt 1 view .LVU10
  54              		.loc 1 2346 7 is_stmt 0 view .LVU11
  55 0012 036A     		ldr	r3, [r0, #32]
  56              		.loc 1 2346 42 view .LVU12
  57 0014 8A40     		lsls	r2, r2, r1
  58              	.LVL3:
  59              		.loc 1 2346 14 view .LVU13
  60 0016 1A43     		orrs	r2, r2, r3
  61 0018 0262     		str	r2, [r0, #32]
2347:Drivers/STM32F1xx_HAL_Driver/Src/stm32f1xx_hal_tim_ex.c **** }
  62              		.loc 1 2347 1 view .LVU14
  63 001a 10BD     		pop	{r4, pc}
  64              		.loc 1 2347 1 view .LVU15
  65              		.cfi_endproc
  66              	.LFE106:
  68              		.section	.text.TIM_DMAErrorCCxN,"ax",%progbits
  69              		.align	1
  70              		.syntax unified
  71              		.thumb
  72              		.thumb_func
  74              	TIM_DMAErrorCCxN:
  75              	.LVL4:
  76              	.LFB105:
2292:Drivers/STM32F1xx_HAL_Driver/Src/stm32f1xx_hal_tim_ex.c ****   TIM_HandleTypeDef *htim = (TIM_HandleTypeDef *)((DMA_HandleTypeDef *)hdma)->Parent;
  77              		.loc 1 2292 1 is_stmt 1 view -0
  78              		.cfi_startproc
  79              		@ args = 0, pretend = 0, frame = 0
  80              		@ frame_needed = 0, uses_anonymous_args = 0
2293:Drivers/STM32F1xx_HAL_Driver/Src/stm32f1xx_hal_tim_ex.c **** 
  81              		.loc 1 2293 3 view .LVU17
2292:Drivers/STM32F1xx_HAL_Driver/Src/stm32f1xx_hal_tim_ex.c ****   TIM_HandleTypeDef *htim = (TIM_HandleTypeDef *)((DMA_HandleTypeDef *)hdma)->Parent;
  82              		.loc 1 2292 1 is_stmt 0 view .LVU18
  83 0000 10B5     		push	{r4, lr}
  84              	.LCFI1:
  85              		.cfi_def_cfa_offset 8
  86              		.cfi_offset 4, -8
  87              		.cfi_offset 14, -4
2293:Drivers/STM32F1xx_HAL_Driver/Src/stm32f1xx_hal_tim_ex.c **** 
  88              		.loc 1 2293 22 view .LVU19
  89 0002 446A     		ldr	r4, [r0, #36]
  90              	.LVL5:
2295:Drivers/STM32F1xx_HAL_Driver/Src/stm32f1xx_hal_tim_ex.c ****   {
  91              		.loc 1 2295 3 is_stmt 1 view .LVU20
2295:Drivers/STM32F1xx_HAL_Driver/Src/stm32f1xx_hal_tim_ex.c ****   {
  92              		.loc 1 2295 6 is_stmt 0 view .LVU21
  93 0004 636A     		ldr	r3, [r4, #36]
  94 0006 8342     		cmp	r3, r0
  95 0008 09D1     		bne	.L3
2297:Drivers/STM32F1xx_HAL_Driver/Src/stm32f1xx_hal_tim_ex.c ****     TIM_CHANNEL_N_STATE_SET(htim, TIM_CHANNEL_1, HAL_TIM_CHANNEL_STATE_READY);
  96              		.loc 1 2297 5 is_stmt 1 view .LVU22
2297:Drivers/STM32F1xx_HAL_Driver/Src/stm32f1xx_hal_tim_ex.c ****     TIM_CHANNEL_N_STATE_SET(htim, TIM_CHANNEL_1, HAL_TIM_CHANNEL_STATE_READY);
ARM GAS  C:\Users\airforce\AppData\Local\Temp\ccVTBrFk.s 			page 44


  97              		.loc 1 2297 19 is_stmt 0 view .LVU23
  98 000a 0123     		movs	r3, #1
  99 000c 2377     		strb	r3, [r4, #28]
2298:Drivers/STM32F1xx_HAL_Driver/Src/stm32f1xx_hal_tim_ex.c ****   }
 100              		.loc 1 2298 5 is_stmt 1 view .LVU24
 101 000e 84F84230 		strb	r3, [r4, #66]
 102              	.L4:
2313:Drivers/STM32F1xx_HAL_Driver/Src/stm32f1xx_hal_tim_ex.c **** 
 103              		.loc 1 2313 3 view .LVU25
2318:Drivers/STM32F1xx_HAL_Driver/Src/stm32f1xx_hal_tim_ex.c **** #endif /* USE_HAL_TIM_REGISTER_CALLBACKS */
 104              		.loc 1 2318 3 view .LVU26
 105 0012 2046     		mov	r0, r4
 106              	.LVL6:
2318:Drivers/STM32F1xx_HAL_Driver/Src/stm32f1xx_hal_tim_ex.c **** #endif /* USE_HAL_TIM_REGISTER_CALLBACKS */
 107              		.loc 1 2318 3 is_stmt 0 view .LVU27
 108 0014 FFF7FEFF 		bl	HAL_TIM_ErrorCallback
 109              	.LVL7:
2321:Drivers/STM32F1xx_HAL_Driver/Src/stm32f1xx_hal_tim_ex.c **** }
 110              		.loc 1 2321 3 is_stmt 1 view .LVU28
2321:Drivers/STM32F1xx_HAL_Driver/Src/stm32f1xx_hal_tim_ex.c **** }
 111              		.loc 1 2321 17 is_stmt 0 view .LVU29
 112 0018 0023     		movs	r3, #0
 113 001a 2377     		strb	r3, [r4, #28]
2322:Drivers/STM32F1xx_HAL_Driver/Src/stm32f1xx_hal_tim_ex.c **** 
 114              		.loc 1 2322 1 view .LVU30
 115 001c 10BD     		pop	{r4, pc}
 116              	.LVL8:
 117              	.L3:
2300:Drivers/STM32F1xx_HAL_Driver/Src/stm32f1xx_hal_tim_ex.c ****   {
 118              		.loc 1 2300 8 is_stmt 1 view .LVU31
2300:Drivers/STM32F1xx_HAL_Driver/Src/stm32f1xx_hal_tim_ex.c ****   {
 119              		.loc 1 2300 11 is_stmt 0 view .LVU32
 120 001e A36A     		ldr	r3, [r4, #40]
 121 0020 8342     		cmp	r3, r0
 122 0022 05D1     		bne	.L5
2302:Drivers/STM32F1xx_HAL_Driver/Src/stm32f1xx_hal_tim_ex.c ****     TIM_CHANNEL_N_STATE_SET(htim, TIM_CHANNEL_2, HAL_TIM_CHANNEL_STATE_READY);
 123              		.loc 1 2302 5 is_stmt 1 view .LVU33
2302:Drivers/STM32F1xx_HAL_Driver/Src/stm32f1xx_hal_tim_ex.c ****     TIM_CHANNEL_N_STATE_SET(htim, TIM_CHANNEL_2, HAL_TIM_CHANNEL_STATE_READY);
 124              		.loc 1 2302 19 is_stmt 0 view .LVU34
 125 0024 0223     		movs	r3, #2
 126 0026 2377     		strb	r3, [r4, #28]
2303:Drivers/STM32F1xx_HAL_Driver/Src/stm32f1xx_hal_tim_ex.c ****   }
 127              		.loc 1 2303 5 is_stmt 1 view .LVU35
 128 0028 0123     		movs	r3, #1
 129 002a 84F84330 		strb	r3, [r4, #67]
 130 002e F0E7     		b	.L4
 131              	.L5:
2305:Drivers/STM32F1xx_HAL_Driver/Src/stm32f1xx_hal_tim_ex.c ****   {
 132              		.loc 1 2305 8 view .LVU36
2305:Drivers/STM32F1xx_HAL_Driver/Src/stm32f1xx_hal_tim_ex.c ****   {
 133              		.loc 1 2305 11 is_stmt 0 view .LVU37
 134 0030 E36A     		ldr	r3, [r4, #44]
 135 0032 8342     		cmp	r3, r0
2307:Drivers/STM32F1xx_HAL_Driver/Src/stm32f1xx_hal_tim_ex.c ****     TIM_CHANNEL_N_STATE_SET(htim, TIM_CHANNEL_3, HAL_TIM_CHANNEL_STATE_READY);
 136              		.loc 1 2307 5 is_stmt 1 view .LVU38
2307:Drivers/STM32F1xx_HAL_Driver/Src/stm32f1xx_hal_tim_ex.c ****     TIM_CHANNEL_N_STATE_SET(htim, TIM_CHANNEL_3, HAL_TIM_CHANNEL_STATE_READY);
 137              		.loc 1 2307 19 is_stmt 0 view .LVU39
ARM GAS  C:\Users\airforce\AppData\Local\Temp\ccVTBrFk.s 			page 45


 138 0034 01BF     		itttt	eq
 139 0036 0423     		moveq	r3, #4
 140 0038 2377     		strbeq	r3, [r4, #28]
2308:Drivers/STM32F1xx_HAL_Driver/Src/stm32f1xx_hal_tim_ex.c ****   }
 141              		.loc 1 2308 5 is_stmt 1 view .LVU40
 142 003a 0123     		moveq	r3, #1
 143 003c 84F84430 		strbeq	r3, [r4, #68]
 144 0040 E7E7     		b	.L4
 145              		.cfi_endproc
 146              	.LFE105:
 148              		.section	.text.TIM_DMADelayPulseNCplt,"ax",%progbits
 149              		.align	1
 150              		.syntax unified
 151              		.thumb
 152              		.thumb_func
 154              	TIM_DMADelayPulseNCplt:
 155              	.LVL9:
 156              	.LFB104:
2242:Drivers/STM32F1xx_HAL_Driver/Src/stm32f1xx_hal_tim_ex.c ****   TIM_HandleTypeDef *htim = (TIM_HandleTypeDef *)((DMA_HandleTypeDef *)hdma)->Parent;
 157              		.loc 1 2242 1 view -0
 158              		.cfi_startproc
 159              		@ args = 0, pretend = 0, frame = 0
 160              		@ frame_needed = 0, uses_anonymous_args = 0
2243:Drivers/STM32F1xx_HAL_Driver/Src/stm32f1xx_hal_tim_ex.c **** 
 161              		.loc 1 2243 3 view .LVU42
2242:Drivers/STM32F1xx_HAL_Driver/Src/stm32f1xx_hal_tim_ex.c ****   TIM_HandleTypeDef *htim = (TIM_HandleTypeDef *)((DMA_HandleTypeDef *)hdma)->Parent;
 162              		.loc 1 2242 1 is_stmt 0 view .LVU43
 163 0000 10B5     		push	{r4, lr}
 164              	.LCFI2:
 165              		.cfi_def_cfa_offset 8
 166              		.cfi_offset 4, -8
 167              		.cfi_offset 14, -4
2243:Drivers/STM32F1xx_HAL_Driver/Src/stm32f1xx_hal_tim_ex.c **** 
 168              		.loc 1 2243 22 view .LVU44
 169 0002 446A     		ldr	r4, [r0, #36]
 170              	.LVL10:
2245:Drivers/STM32F1xx_HAL_Driver/Src/stm32f1xx_hal_tim_ex.c ****   {
 171              		.loc 1 2245 3 is_stmt 1 view .LVU45
2245:Drivers/STM32F1xx_HAL_Driver/Src/stm32f1xx_hal_tim_ex.c ****   {
 172              		.loc 1 2245 6 is_stmt 0 view .LVU46
 173 0004 626A     		ldr	r2, [r4, #36]
 174 0006 8242     		cmp	r2, r0
 175 0008 0BD1     		bne	.L7
2247:Drivers/STM32F1xx_HAL_Driver/Src/stm32f1xx_hal_tim_ex.c **** 
 176              		.loc 1 2247 5 is_stmt 1 view .LVU47
2247:Drivers/STM32F1xx_HAL_Driver/Src/stm32f1xx_hal_tim_ex.c **** 
 177              		.loc 1 2247 19 is_stmt 0 view .LVU48
 178 000a 0123     		movs	r3, #1
 179 000c 2377     		strb	r3, [r4, #28]
2249:Drivers/STM32F1xx_HAL_Driver/Src/stm32f1xx_hal_tim_ex.c ****     {
 180              		.loc 1 2249 5 is_stmt 1 view .LVU49
2249:Drivers/STM32F1xx_HAL_Driver/Src/stm32f1xx_hal_tim_ex.c ****     {
 181              		.loc 1 2249 8 is_stmt 0 view .LVU50
 182 000e 9269     		ldr	r2, [r2, #24]
 183 0010 0AB9     		cbnz	r2, .L9
2251:Drivers/STM32F1xx_HAL_Driver/Src/stm32f1xx_hal_tim_ex.c ****     }
 184              		.loc 1 2251 7 is_stmt 1 view .LVU51
ARM GAS  C:\Users\airforce\AppData\Local\Temp\ccVTBrFk.s 			page 46


 185 0012 84F84230 		strb	r3, [r4, #66]
 186              	.L9:
2275:Drivers/STM32F1xx_HAL_Driver/Src/stm32f1xx_hal_tim_ex.c **** 
 187              		.loc 1 2275 3 view .LVU52
2280:Drivers/STM32F1xx_HAL_Driver/Src/stm32f1xx_hal_tim_ex.c **** #endif /* USE_HAL_TIM_REGISTER_CALLBACKS */
 188              		.loc 1 2280 3 view .LVU53
 189 0016 2046     		mov	r0, r4
 190              	.LVL11:
2280:Drivers/STM32F1xx_HAL_Driver/Src/stm32f1xx_hal_tim_ex.c **** #endif /* USE_HAL_TIM_REGISTER_CALLBACKS */
 191              		.loc 1 2280 3 is_stmt 0 view .LVU54
 192 0018 FFF7FEFF 		bl	HAL_TIM_PWM_PulseFinishedCallback
 193              	.LVL12:
2283:Drivers/STM32F1xx_HAL_Driver/Src/stm32f1xx_hal_tim_ex.c **** }
 194              		.loc 1 2283 3 is_stmt 1 view .LVU55
2283:Drivers/STM32F1xx_HAL_Driver/Src/stm32f1xx_hal_tim_ex.c **** }
 195              		.loc 1 2283 17 is_stmt 0 view .LVU56
 196 001c 0023     		movs	r3, #0
 197 001e 2377     		strb	r3, [r4, #28]
2284:Drivers/STM32F1xx_HAL_Driver/Src/stm32f1xx_hal_tim_ex.c **** 
 198              		.loc 1 2284 1 view .LVU57
 199 0020 10BD     		pop	{r4, pc}
 200              	.LVL13:
 201              	.L7:
2254:Drivers/STM32F1xx_HAL_Driver/Src/stm32f1xx_hal_tim_ex.c ****   {
 202              		.loc 1 2254 8 is_stmt 1 view .LVU58
2254:Drivers/STM32F1xx_HAL_Driver/Src/stm32f1xx_hal_tim_ex.c ****   {
 203              		.loc 1 2254 11 is_stmt 0 view .LVU59
 204 0022 A36A     		ldr	r3, [r4, #40]
 205 0024 8342     		cmp	r3, r0
 206 0026 08D1     		bne	.L10
2256:Drivers/STM32F1xx_HAL_Driver/Src/stm32f1xx_hal_tim_ex.c **** 
 207              		.loc 1 2256 5 is_stmt 1 view .LVU60
2256:Drivers/STM32F1xx_HAL_Driver/Src/stm32f1xx_hal_tim_ex.c **** 
 208              		.loc 1 2256 19 is_stmt 0 view .LVU61
 209 0028 0222     		movs	r2, #2
 210 002a 2277     		strb	r2, [r4, #28]
2258:Drivers/STM32F1xx_HAL_Driver/Src/stm32f1xx_hal_tim_ex.c ****     {
 211              		.loc 1 2258 5 is_stmt 1 view .LVU62
2258:Drivers/STM32F1xx_HAL_Driver/Src/stm32f1xx_hal_tim_ex.c ****     {
 212              		.loc 1 2258 8 is_stmt 0 view .LVU63
 213 002c 9B69     		ldr	r3, [r3, #24]
 214 002e 002B     		cmp	r3, #0
 215 0030 F1D1     		bne	.L9
2260:Drivers/STM32F1xx_HAL_Driver/Src/stm32f1xx_hal_tim_ex.c ****     }
 216              		.loc 1 2260 7 is_stmt 1 view .LVU64
 217 0032 0123     		movs	r3, #1
 218 0034 84F84330 		strb	r3, [r4, #67]
 219 0038 EDE7     		b	.L9
 220              	.L10:
2263:Drivers/STM32F1xx_HAL_Driver/Src/stm32f1xx_hal_tim_ex.c ****   {
 221              		.loc 1 2263 8 view .LVU65
2263:Drivers/STM32F1xx_HAL_Driver/Src/stm32f1xx_hal_tim_ex.c ****   {
 222              		.loc 1 2263 11 is_stmt 0 view .LVU66
 223 003a E36A     		ldr	r3, [r4, #44]
 224 003c 8342     		cmp	r3, r0
 225 003e EAD1     		bne	.L9
2265:Drivers/STM32F1xx_HAL_Driver/Src/stm32f1xx_hal_tim_ex.c **** 
ARM GAS  C:\Users\airforce\AppData\Local\Temp\ccVTBrFk.s 			page 47


 226              		.loc 1 2265 5 is_stmt 1 view .LVU67
2265:Drivers/STM32F1xx_HAL_Driver/Src/stm32f1xx_hal_tim_ex.c **** 
 227              		.loc 1 2265 19 is_stmt 0 view .LVU68
 228 0040 0422     		movs	r2, #4
 229 0042 2277     		strb	r2, [r4, #28]
2267:Drivers/STM32F1xx_HAL_Driver/Src/stm32f1xx_hal_tim_ex.c ****     {
 230              		.loc 1 2267 5 is_stmt 1 view .LVU69
2267:Drivers/STM32F1xx_HAL_Driver/Src/stm32f1xx_hal_tim_ex.c ****     {
 231              		.loc 1 2267 8 is_stmt 0 view .LVU70
 232 0044 9B69     		ldr	r3, [r3, #24]
 233 0046 002B     		cmp	r3, #0
 234 0048 E5D1     		bne	.L9
2269:Drivers/STM32F1xx_HAL_Driver/Src/stm32f1xx_hal_tim_ex.c ****     }
 235              		.loc 1 2269 7 is_stmt 1 view .LVU71
 236 004a 0123     		movs	r3, #1
 237 004c 84F84430 		strb	r3, [r4, #68]
 238 0050 E1E7     		b	.L9
 239              		.cfi_endproc
 240              	.LFE104:
 242              		.section	.text.HAL_TIMEx_HallSensor_MspInit,"ax",%progbits
 243              		.align	1
 244              		.weak	HAL_TIMEx_HallSensor_MspInit
 245              		.syntax unified
 246              		.thumb
 247              		.thumb_func
 249              	HAL_TIMEx_HallSensor_MspInit:
 250              	.LVL14:
 251              	.LFB67:
 286:Drivers/STM32F1xx_HAL_Driver/Src/stm32f1xx_hal_tim_ex.c ****   /* Prevent unused argument(s) compilation warning */
 252              		.loc 1 286 1 view -0
 253              		.cfi_startproc
 254              		@ args = 0, pretend = 0, frame = 0
 255              		@ frame_needed = 0, uses_anonymous_args = 0
 256              		@ link register save eliminated.
 288:Drivers/STM32F1xx_HAL_Driver/Src/stm32f1xx_hal_tim_ex.c **** 
 257              		.loc 1 288 3 view .LVU73
 293:Drivers/STM32F1xx_HAL_Driver/Src/stm32f1xx_hal_tim_ex.c **** 
 258              		.loc 1 293 1 is_stmt 0 view .LVU74
 259 0000 7047     		bx	lr
 260              		.cfi_endproc
 261              	.LFE67:
 263              		.section	.text.HAL_TIMEx_HallSensor_Init,"ax",%progbits
 264              		.align	1
 265              		.global	HAL_TIMEx_HallSensor_Init
 266              		.syntax unified
 267              		.thumb
 268              		.thumb_func
 270              	HAL_TIMEx_HallSensor_Init:
 271              	.LVL15:
 272              	.LFB65:
 139:Drivers/STM32F1xx_HAL_Driver/Src/stm32f1xx_hal_tim_ex.c ****   TIM_OC_InitTypeDef OC_Config;
 273              		.loc 1 139 1 is_stmt 1 view -0
 274              		.cfi_startproc
 275              		@ args = 0, pretend = 0, frame = 32
 276              		@ frame_needed = 0, uses_anonymous_args = 0
 140:Drivers/STM32F1xx_HAL_Driver/Src/stm32f1xx_hal_tim_ex.c **** 
 277              		.loc 1 140 3 view .LVU76
ARM GAS  C:\Users\airforce\AppData\Local\Temp\ccVTBrFk.s 			page 48


 143:Drivers/STM32F1xx_HAL_Driver/Src/stm32f1xx_hal_tim_ex.c ****   {
 278              		.loc 1 143 3 view .LVU77
 139:Drivers/STM32F1xx_HAL_Driver/Src/stm32f1xx_hal_tim_ex.c ****   TIM_OC_InitTypeDef OC_Config;
 279              		.loc 1 139 1 is_stmt 0 view .LVU78
 280 0000 70B5     		push	{r4, r5, r6, lr}
 281              	.LCFI3:
 282              		.cfi_def_cfa_offset 16
 283              		.cfi_offset 4, -16
 284              		.cfi_offset 5, -12
 285              		.cfi_offset 6, -8
 286              		.cfi_offset 14, -4
 287 0002 0E46     		mov	r6, r1
 143:Drivers/STM32F1xx_HAL_Driver/Src/stm32f1xx_hal_tim_ex.c ****   {
 288              		.loc 1 143 6 view .LVU79
 289 0004 0446     		mov	r4, r0
 139:Drivers/STM32F1xx_HAL_Driver/Src/stm32f1xx_hal_tim_ex.c ****   TIM_OC_InitTypeDef OC_Config;
 290              		.loc 1 139 1 view .LVU80
 291 0006 88B0     		sub	sp, sp, #32
 292              	.LCFI4:
 293              		.cfi_def_cfa_offset 48
 143:Drivers/STM32F1xx_HAL_Driver/Src/stm32f1xx_hal_tim_ex.c ****   {
 294              		.loc 1 143 6 view .LVU81
 295 0008 0028     		cmp	r0, #0
 296 000a 58D0     		beq	.L16
 149:Drivers/STM32F1xx_HAL_Driver/Src/stm32f1xx_hal_tim_ex.c ****   assert_param(IS_TIM_COUNTER_MODE(htim->Init.CounterMode));
 297              		.loc 1 149 3 is_stmt 1 view .LVU82
 150:Drivers/STM32F1xx_HAL_Driver/Src/stm32f1xx_hal_tim_ex.c ****   assert_param(IS_TIM_CLOCKDIVISION_DIV(htim->Init.ClockDivision));
 298              		.loc 1 150 3 view .LVU83
 151:Drivers/STM32F1xx_HAL_Driver/Src/stm32f1xx_hal_tim_ex.c ****   assert_param(IS_TIM_AUTORELOAD_PRELOAD(htim->Init.AutoReloadPreload));
 299              		.loc 1 151 3 view .LVU84
 152:Drivers/STM32F1xx_HAL_Driver/Src/stm32f1xx_hal_tim_ex.c ****   assert_param(IS_TIM_IC_POLARITY(sConfig->IC1Polarity));
 300              		.loc 1 152 3 view .LVU85
 153:Drivers/STM32F1xx_HAL_Driver/Src/stm32f1xx_hal_tim_ex.c ****   assert_param(IS_TIM_PERIOD(htim->Init.Period));
 301              		.loc 1 153 3 view .LVU86
 154:Drivers/STM32F1xx_HAL_Driver/Src/stm32f1xx_hal_tim_ex.c ****   assert_param(IS_TIM_IC_PRESCALER(sConfig->IC1Prescaler));
 302              		.loc 1 154 3 view .LVU87
 155:Drivers/STM32F1xx_HAL_Driver/Src/stm32f1xx_hal_tim_ex.c ****   assert_param(IS_TIM_IC_FILTER(sConfig->IC1Filter));
 303              		.loc 1 155 3 view .LVU88
 156:Drivers/STM32F1xx_HAL_Driver/Src/stm32f1xx_hal_tim_ex.c **** 
 304              		.loc 1 156 3 view .LVU89
 158:Drivers/STM32F1xx_HAL_Driver/Src/stm32f1xx_hal_tim_ex.c ****   {
 305              		.loc 1 158 3 view .LVU90
 158:Drivers/STM32F1xx_HAL_Driver/Src/stm32f1xx_hal_tim_ex.c ****   {
 306              		.loc 1 158 11 is_stmt 0 view .LVU91
 307 000c 90F83D30 		ldrb	r3, [r0, #61]	@ zero_extendqisi2
 158:Drivers/STM32F1xx_HAL_Driver/Src/stm32f1xx_hal_tim_ex.c ****   {
 308              		.loc 1 158 6 view .LVU92
 309 0010 03F0FF02 		and	r2, r3, #255
 310 0014 1BB9     		cbnz	r3, .L15
 161:Drivers/STM32F1xx_HAL_Driver/Src/stm32f1xx_hal_tim_ex.c **** 
 311              		.loc 1 161 5 is_stmt 1 view .LVU93
 161:Drivers/STM32F1xx_HAL_Driver/Src/stm32f1xx_hal_tim_ex.c **** 
 312              		.loc 1 161 16 is_stmt 0 view .LVU94
 313 0016 80F83C20 		strb	r2, [r0, #60]
 175:Drivers/STM32F1xx_HAL_Driver/Src/stm32f1xx_hal_tim_ex.c **** #endif /* USE_HAL_TIM_REGISTER_CALLBACKS */
 314              		.loc 1 175 5 is_stmt 1 view .LVU95
 315 001a FFF7FEFF 		bl	HAL_TIMEx_HallSensor_MspInit
ARM GAS  C:\Users\airforce\AppData\Local\Temp\ccVTBrFk.s 			page 49


 316              	.LVL16:
 317              	.L15:
 180:Drivers/STM32F1xx_HAL_Driver/Src/stm32f1xx_hal_tim_ex.c **** 
 318              		.loc 1 180 3 view .LVU96
 180:Drivers/STM32F1xx_HAL_Driver/Src/stm32f1xx_hal_tim_ex.c **** 
 319              		.loc 1 180 15 is_stmt 0 view .LVU97
 320 001e 0223     		movs	r3, #2
 183:Drivers/STM32F1xx_HAL_Driver/Src/stm32f1xx_hal_tim_ex.c **** 
 321              		.loc 1 183 3 view .LVU98
 322 0020 2068     		ldr	r0, [r4]
 180:Drivers/STM32F1xx_HAL_Driver/Src/stm32f1xx_hal_tim_ex.c **** 
 323              		.loc 1 180 15 view .LVU99
 324 0022 84F83D30 		strb	r3, [r4, #61]
 183:Drivers/STM32F1xx_HAL_Driver/Src/stm32f1xx_hal_tim_ex.c **** 
 325              		.loc 1 183 3 is_stmt 1 view .LVU100
 326 0026 211D     		adds	r1, r4, #4
 327 0028 FFF7FEFF 		bl	TIM_Base_SetConfig
 328              	.LVL17:
 186:Drivers/STM32F1xx_HAL_Driver/Src/stm32f1xx_hal_tim_ex.c **** 
 329              		.loc 1 186 3 view .LVU101
 330 002c 0322     		movs	r2, #3
 331 002e B368     		ldr	r3, [r6, #8]
 332 0030 3168     		ldr	r1, [r6]
 333 0032 2068     		ldr	r0, [r4]
 334 0034 FFF7FEFF 		bl	TIM_TI1_SetConfig
 335              	.LVL18:
 189:Drivers/STM32F1xx_HAL_Driver/Src/stm32f1xx_hal_tim_ex.c ****   /* Set the IC1PSC value */
 336              		.loc 1 189 3 view .LVU102
 189:Drivers/STM32F1xx_HAL_Driver/Src/stm32f1xx_hal_tim_ex.c ****   /* Set the IC1PSC value */
 337              		.loc 1 189 7 is_stmt 0 view .LVU103
 338 0038 2068     		ldr	r0, [r4]
 191:Drivers/STM32F1xx_HAL_Driver/Src/stm32f1xx_hal_tim_ex.c **** 
 339              		.loc 1 191 25 view .LVU104
 340 003a 7268     		ldr	r2, [r6, #4]
 189:Drivers/STM32F1xx_HAL_Driver/Src/stm32f1xx_hal_tim_ex.c ****   /* Set the IC1PSC value */
 341              		.loc 1 189 17 view .LVU105
 342 003c 8369     		ldr	r3, [r0, #24]
 205:Drivers/STM32F1xx_HAL_Driver/Src/stm32f1xx_hal_tim_ex.c ****   OC_Config.OCIdleState = TIM_OCIDLESTATE_RESET;
 343              		.loc 1 205 24 view .LVU106
 344 003e 0025     		movs	r5, #0
 189:Drivers/STM32F1xx_HAL_Driver/Src/stm32f1xx_hal_tim_ex.c ****   /* Set the IC1PSC value */
 345              		.loc 1 189 25 view .LVU107
 346 0040 23F00C03 		bic	r3, r3, #12
 347 0044 8361     		str	r3, [r0, #24]
 191:Drivers/STM32F1xx_HAL_Driver/Src/stm32f1xx_hal_tim_ex.c **** 
 348              		.loc 1 191 3 is_stmt 1 view .LVU108
 191:Drivers/STM32F1xx_HAL_Driver/Src/stm32f1xx_hal_tim_ex.c **** 
 349              		.loc 1 191 17 is_stmt 0 view .LVU109
 350 0046 8369     		ldr	r3, [r0, #24]
 213:Drivers/STM32F1xx_HAL_Driver/Src/stm32f1xx_hal_tim_ex.c **** 
 351              		.loc 1 213 3 view .LVU110
 352 0048 01A9     		add	r1, sp, #4
 191:Drivers/STM32F1xx_HAL_Driver/Src/stm32f1xx_hal_tim_ex.c **** 
 353              		.loc 1 191 25 view .LVU111
 354 004a 1343     		orrs	r3, r3, r2
 355 004c 8361     		str	r3, [r0, #24]
 194:Drivers/STM32F1xx_HAL_Driver/Src/stm32f1xx_hal_tim_ex.c **** 
ARM GAS  C:\Users\airforce\AppData\Local\Temp\ccVTBrFk.s 			page 50


 356              		.loc 1 194 3 is_stmt 1 view .LVU112
 194:Drivers/STM32F1xx_HAL_Driver/Src/stm32f1xx_hal_tim_ex.c **** 
 357              		.loc 1 194 17 is_stmt 0 view .LVU113
 358 004e 4368     		ldr	r3, [r0, #4]
 194:Drivers/STM32F1xx_HAL_Driver/Src/stm32f1xx_hal_tim_ex.c **** 
 359              		.loc 1 194 23 view .LVU114
 360 0050 43F08003 		orr	r3, r3, #128
 361 0054 4360     		str	r3, [r0, #4]
 197:Drivers/STM32F1xx_HAL_Driver/Src/stm32f1xx_hal_tim_ex.c ****   htim->Instance->SMCR |= TIM_TS_TI1F_ED;
 362              		.loc 1 197 3 is_stmt 1 view .LVU115
 197:Drivers/STM32F1xx_HAL_Driver/Src/stm32f1xx_hal_tim_ex.c ****   htim->Instance->SMCR |= TIM_TS_TI1F_ED;
 363              		.loc 1 197 17 is_stmt 0 view .LVU116
 364 0056 8368     		ldr	r3, [r0, #8]
 197:Drivers/STM32F1xx_HAL_Driver/Src/stm32f1xx_hal_tim_ex.c ****   htim->Instance->SMCR |= TIM_TS_TI1F_ED;
 365              		.loc 1 197 24 view .LVU117
 366 0058 23F07003 		bic	r3, r3, #112
 367 005c 8360     		str	r3, [r0, #8]
 198:Drivers/STM32F1xx_HAL_Driver/Src/stm32f1xx_hal_tim_ex.c **** 
 368              		.loc 1 198 3 is_stmt 1 view .LVU118
 198:Drivers/STM32F1xx_HAL_Driver/Src/stm32f1xx_hal_tim_ex.c **** 
 369              		.loc 1 198 17 is_stmt 0 view .LVU119
 370 005e 8368     		ldr	r3, [r0, #8]
 198:Drivers/STM32F1xx_HAL_Driver/Src/stm32f1xx_hal_tim_ex.c **** 
 371              		.loc 1 198 24 view .LVU120
 372 0060 43F04003 		orr	r3, r3, #64
 373 0064 8360     		str	r3, [r0, #8]
 201:Drivers/STM32F1xx_HAL_Driver/Src/stm32f1xx_hal_tim_ex.c ****   htim->Instance->SMCR |= TIM_SLAVEMODE_RESET;
 374              		.loc 1 201 3 is_stmt 1 view .LVU121
 201:Drivers/STM32F1xx_HAL_Driver/Src/stm32f1xx_hal_tim_ex.c ****   htim->Instance->SMCR |= TIM_SLAVEMODE_RESET;
 375              		.loc 1 201 17 is_stmt 0 view .LVU122
 376 0066 8368     		ldr	r3, [r0, #8]
 201:Drivers/STM32F1xx_HAL_Driver/Src/stm32f1xx_hal_tim_ex.c ****   htim->Instance->SMCR |= TIM_SLAVEMODE_RESET;
 377              		.loc 1 201 24 view .LVU123
 378 0068 23F00703 		bic	r3, r3, #7
 379 006c 8360     		str	r3, [r0, #8]
 202:Drivers/STM32F1xx_HAL_Driver/Src/stm32f1xx_hal_tim_ex.c **** 
 380              		.loc 1 202 3 is_stmt 1 view .LVU124
 202:Drivers/STM32F1xx_HAL_Driver/Src/stm32f1xx_hal_tim_ex.c **** 
 381              		.loc 1 202 17 is_stmt 0 view .LVU125
 382 006e 8368     		ldr	r3, [r0, #8]
 202:Drivers/STM32F1xx_HAL_Driver/Src/stm32f1xx_hal_tim_ex.c **** 
 383              		.loc 1 202 24 view .LVU126
 384 0070 43F00403 		orr	r3, r3, #4
 385 0074 8360     		str	r3, [r0, #8]
 205:Drivers/STM32F1xx_HAL_Driver/Src/stm32f1xx_hal_tim_ex.c ****   OC_Config.OCIdleState = TIM_OCIDLESTATE_RESET;
 386              		.loc 1 205 3 is_stmt 1 view .LVU127
 207:Drivers/STM32F1xx_HAL_Driver/Src/stm32f1xx_hal_tim_ex.c ****   OC_Config.OCNIdleState = TIM_OCNIDLESTATE_RESET;
 387              		.loc 1 207 20 is_stmt 0 view .LVU128
 388 0076 7023     		movs	r3, #112
 389 0078 0193     		str	r3, [sp, #4]
 211:Drivers/STM32F1xx_HAL_Driver/Src/stm32f1xx_hal_tim_ex.c **** 
 390              		.loc 1 211 19 view .LVU129
 391 007a F368     		ldr	r3, [r6, #12]
 206:Drivers/STM32F1xx_HAL_Driver/Src/stm32f1xx_hal_tim_ex.c ****   OC_Config.OCMode = TIM_OCMODE_PWM2;
 392              		.loc 1 206 25 view .LVU130
 393 007c CDE90555 		strd	r5, r5, [sp, #20]
 207:Drivers/STM32F1xx_HAL_Driver/Src/stm32f1xx_hal_tim_ex.c ****   OC_Config.OCNIdleState = TIM_OCNIDLESTATE_RESET;
ARM GAS  C:\Users\airforce\AppData\Local\Temp\ccVTBrFk.s 			page 51


 394              		.loc 1 207 3 is_stmt 1 view .LVU131
 208:Drivers/STM32F1xx_HAL_Driver/Src/stm32f1xx_hal_tim_ex.c ****   OC_Config.OCNPolarity = TIM_OCNPOLARITY_HIGH;
 395              		.loc 1 208 3 view .LVU132
 211:Drivers/STM32F1xx_HAL_Driver/Src/stm32f1xx_hal_tim_ex.c **** 
 396              		.loc 1 211 19 is_stmt 0 view .LVU133
 397 0080 0293     		str	r3, [sp, #8]
 210:Drivers/STM32F1xx_HAL_Driver/Src/stm32f1xx_hal_tim_ex.c ****   OC_Config.Pulse = sConfig->Commutation_Delay;
 398              		.loc 1 210 24 view .LVU134
 399 0082 CDE90355 		strd	r5, r5, [sp, #12]
 208:Drivers/STM32F1xx_HAL_Driver/Src/stm32f1xx_hal_tim_ex.c ****   OC_Config.OCNPolarity = TIM_OCNPOLARITY_HIGH;
 400              		.loc 1 208 26 view .LVU135
 401 0086 0795     		str	r5, [sp, #28]
 209:Drivers/STM32F1xx_HAL_Driver/Src/stm32f1xx_hal_tim_ex.c ****   OC_Config.OCPolarity = TIM_OCPOLARITY_HIGH;
 402              		.loc 1 209 3 is_stmt 1 view .LVU136
 211:Drivers/STM32F1xx_HAL_Driver/Src/stm32f1xx_hal_tim_ex.c **** 
 403              		.loc 1 211 3 view .LVU137
 213:Drivers/STM32F1xx_HAL_Driver/Src/stm32f1xx_hal_tim_ex.c **** 
 404              		.loc 1 213 3 view .LVU138
 405 0088 FFF7FEFF 		bl	TIM_OC2_SetConfig
 406              	.LVL19:
 217:Drivers/STM32F1xx_HAL_Driver/Src/stm32f1xx_hal_tim_ex.c ****   htim->Instance->CR2 |= TIM_TRGO_OC2REF;
 407              		.loc 1 217 3 view .LVU139
 217:Drivers/STM32F1xx_HAL_Driver/Src/stm32f1xx_hal_tim_ex.c ****   htim->Instance->CR2 |= TIM_TRGO_OC2REF;
 408              		.loc 1 217 7 is_stmt 0 view .LVU140
 409 008c 2368     		ldr	r3, [r4]
 232:Drivers/STM32F1xx_HAL_Driver/Src/stm32f1xx_hal_tim_ex.c **** }
 410              		.loc 1 232 10 view .LVU141
 411 008e 2846     		mov	r0, r5
 217:Drivers/STM32F1xx_HAL_Driver/Src/stm32f1xx_hal_tim_ex.c ****   htim->Instance->CR2 |= TIM_TRGO_OC2REF;
 412              		.loc 1 217 17 view .LVU142
 413 0090 5A68     		ldr	r2, [r3, #4]
 217:Drivers/STM32F1xx_HAL_Driver/Src/stm32f1xx_hal_tim_ex.c ****   htim->Instance->CR2 |= TIM_TRGO_OC2REF;
 414              		.loc 1 217 23 view .LVU143
 415 0092 22F07002 		bic	r2, r2, #112
 416 0096 5A60     		str	r2, [r3, #4]
 218:Drivers/STM32F1xx_HAL_Driver/Src/stm32f1xx_hal_tim_ex.c **** 
 417              		.loc 1 218 3 is_stmt 1 view .LVU144
 218:Drivers/STM32F1xx_HAL_Driver/Src/stm32f1xx_hal_tim_ex.c **** 
 418              		.loc 1 218 17 is_stmt 0 view .LVU145
 419 0098 5A68     		ldr	r2, [r3, #4]
 218:Drivers/STM32F1xx_HAL_Driver/Src/stm32f1xx_hal_tim_ex.c **** 
 420              		.loc 1 218 23 view .LVU146
 421 009a 42F05002 		orr	r2, r2, #80
 422 009e 5A60     		str	r2, [r3, #4]
 221:Drivers/STM32F1xx_HAL_Driver/Src/stm32f1xx_hal_tim_ex.c **** 
 423              		.loc 1 221 3 is_stmt 1 view .LVU147
 221:Drivers/STM32F1xx_HAL_Driver/Src/stm32f1xx_hal_tim_ex.c **** 
 424              		.loc 1 221 23 is_stmt 0 view .LVU148
 425 00a0 0123     		movs	r3, #1
 426 00a2 84F84630 		strb	r3, [r4, #70]
 224:Drivers/STM32F1xx_HAL_Driver/Src/stm32f1xx_hal_tim_ex.c ****   TIM_CHANNEL_STATE_SET(htim, TIM_CHANNEL_2, HAL_TIM_CHANNEL_STATE_READY);
 427              		.loc 1 224 3 is_stmt 1 view .LVU149
 428 00a6 84F83E30 		strb	r3, [r4, #62]
 225:Drivers/STM32F1xx_HAL_Driver/Src/stm32f1xx_hal_tim_ex.c ****   TIM_CHANNEL_N_STATE_SET(htim, TIM_CHANNEL_1, HAL_TIM_CHANNEL_STATE_READY);
 429              		.loc 1 225 3 view .LVU150
 430 00aa 84F83F30 		strb	r3, [r4, #63]
 226:Drivers/STM32F1xx_HAL_Driver/Src/stm32f1xx_hal_tim_ex.c ****   TIM_CHANNEL_N_STATE_SET(htim, TIM_CHANNEL_2, HAL_TIM_CHANNEL_STATE_READY);
ARM GAS  C:\Users\airforce\AppData\Local\Temp\ccVTBrFk.s 			page 52


 431              		.loc 1 226 3 view .LVU151
 432 00ae 84F84230 		strb	r3, [r4, #66]
 227:Drivers/STM32F1xx_HAL_Driver/Src/stm32f1xx_hal_tim_ex.c **** 
 433              		.loc 1 227 3 view .LVU152
 434 00b2 84F84330 		strb	r3, [r4, #67]
 230:Drivers/STM32F1xx_HAL_Driver/Src/stm32f1xx_hal_tim_ex.c **** 
 435              		.loc 1 230 3 view .LVU153
 230:Drivers/STM32F1xx_HAL_Driver/Src/stm32f1xx_hal_tim_ex.c **** 
 436              		.loc 1 230 15 is_stmt 0 view .LVU154
 437 00b6 84F83D30 		strb	r3, [r4, #61]
 232:Drivers/STM32F1xx_HAL_Driver/Src/stm32f1xx_hal_tim_ex.c **** }
 438              		.loc 1 232 3 is_stmt 1 view .LVU155
 439              	.L14:
 233:Drivers/STM32F1xx_HAL_Driver/Src/stm32f1xx_hal_tim_ex.c **** 
 440              		.loc 1 233 1 is_stmt 0 view .LVU156
 441 00ba 08B0     		add	sp, sp, #32
 442              	.LCFI5:
 443              		.cfi_remember_state
 444              		.cfi_def_cfa_offset 16
 445              		@ sp needed
 446 00bc 70BD     		pop	{r4, r5, r6, pc}
 447              	.LVL20:
 448              	.L16:
 449              	.LCFI6:
 450              		.cfi_restore_state
 145:Drivers/STM32F1xx_HAL_Driver/Src/stm32f1xx_hal_tim_ex.c ****   }
 451              		.loc 1 145 12 view .LVU157
 452 00be 0120     		movs	r0, #1
 453              	.LVL21:
 145:Drivers/STM32F1xx_HAL_Driver/Src/stm32f1xx_hal_tim_ex.c ****   }
 454              		.loc 1 145 12 view .LVU158
 455 00c0 FBE7     		b	.L14
 456              		.cfi_endproc
 457              	.LFE65:
 459              		.section	.text.HAL_TIMEx_HallSensor_MspDeInit,"ax",%progbits
 460              		.align	1
 461              		.weak	HAL_TIMEx_HallSensor_MspDeInit
 462              		.syntax unified
 463              		.thumb
 464              		.thumb_func
 466              	HAL_TIMEx_HallSensor_MspDeInit:
 467              	.LFB108:
 468              		.cfi_startproc
 300:Drivers/STM32F1xx_HAL_Driver/Src/stm32f1xx_hal_tim_ex.c **** {
 469              		.loc 1 300 13 is_stmt 1 view -0
 470              		@ args = 0, pretend = 0, frame = 0
 471              		@ frame_needed = 0, uses_anonymous_args = 0
 472              		@ link register save eliminated.
 473 0000 7047     		bx	lr
 474              		.cfi_endproc
 475              	.LFE108:
 477              		.section	.text.HAL_TIMEx_HallSensor_DeInit,"ax",%progbits
 478              		.align	1
 479              		.global	HAL_TIMEx_HallSensor_DeInit
 480              		.syntax unified
 481              		.thumb
 482              		.thumb_func
ARM GAS  C:\Users\airforce\AppData\Local\Temp\ccVTBrFk.s 			page 53


 484              	HAL_TIMEx_HallSensor_DeInit:
 485              	.LVL22:
 486              	.LFB66:
 241:Drivers/STM32F1xx_HAL_Driver/Src/stm32f1xx_hal_tim_ex.c ****   /* Check the parameters */
 487              		.loc 1 241 1 view -0
 488              		.cfi_startproc
 489              		@ args = 0, pretend = 0, frame = 0
 490              		@ frame_needed = 0, uses_anonymous_args = 0
 243:Drivers/STM32F1xx_HAL_Driver/Src/stm32f1xx_hal_tim_ex.c **** 
 491              		.loc 1 243 3 view .LVU161
 245:Drivers/STM32F1xx_HAL_Driver/Src/stm32f1xx_hal_tim_ex.c **** 
 492              		.loc 1 245 3 view .LVU162
 245:Drivers/STM32F1xx_HAL_Driver/Src/stm32f1xx_hal_tim_ex.c **** 
 493              		.loc 1 245 15 is_stmt 0 view .LVU163
 494 0000 0223     		movs	r3, #2
 248:Drivers/STM32F1xx_HAL_Driver/Src/stm32f1xx_hal_tim_ex.c **** 
 495              		.loc 1 248 3 view .LVU164
 496 0002 41F21112 		movw	r2, #4369
 241:Drivers/STM32F1xx_HAL_Driver/Src/stm32f1xx_hal_tim_ex.c ****   /* Check the parameters */
 497              		.loc 1 241 1 view .LVU165
 498 0006 10B5     		push	{r4, lr}
 499              	.LCFI7:
 500              		.cfi_def_cfa_offset 8
 501              		.cfi_offset 4, -8
 502              		.cfi_offset 14, -4
 245:Drivers/STM32F1xx_HAL_Driver/Src/stm32f1xx_hal_tim_ex.c **** 
 503              		.loc 1 245 15 view .LVU166
 504 0008 80F83D30 		strb	r3, [r0, #61]
 248:Drivers/STM32F1xx_HAL_Driver/Src/stm32f1xx_hal_tim_ex.c **** 
 505              		.loc 1 248 3 is_stmt 1 view .LVU167
 248:Drivers/STM32F1xx_HAL_Driver/Src/stm32f1xx_hal_tim_ex.c **** 
 506              		.loc 1 248 3 view .LVU168
 507 000c 0368     		ldr	r3, [r0]
 241:Drivers/STM32F1xx_HAL_Driver/Src/stm32f1xx_hal_tim_ex.c ****   /* Check the parameters */
 508              		.loc 1 241 1 is_stmt 0 view .LVU169
 509 000e 0446     		mov	r4, r0
 248:Drivers/STM32F1xx_HAL_Driver/Src/stm32f1xx_hal_tim_ex.c **** 
 510              		.loc 1 248 3 view .LVU170
 511 0010 196A     		ldr	r1, [r3, #32]
 512 0012 1142     		tst	r1, r2
 513 0014 08D1     		bne	.L19
 248:Drivers/STM32F1xx_HAL_Driver/Src/stm32f1xx_hal_tim_ex.c **** 
 514              		.loc 1 248 3 is_stmt 1 discriminator 1 view .LVU171
 515 0016 40F24442 		movw	r2, #1092
 516 001a 196A     		ldr	r1, [r3, #32]
 517 001c 1142     		tst	r1, r2
 248:Drivers/STM32F1xx_HAL_Driver/Src/stm32f1xx_hal_tim_ex.c **** 
 518              		.loc 1 248 3 discriminator 3 view .LVU172
 519 001e 02BF     		ittt	eq
 520 0020 1A68     		ldreq	r2, [r3]
 521 0022 22F00102 		biceq	r2, r2, #1
 522 0026 1A60     		streq	r2, [r3]
 523              	.L19:
 248:Drivers/STM32F1xx_HAL_Driver/Src/stm32f1xx_hal_tim_ex.c **** 
 524              		.loc 1 248 3 discriminator 5 view .LVU173
 259:Drivers/STM32F1xx_HAL_Driver/Src/stm32f1xx_hal_tim_ex.c **** #endif /* USE_HAL_TIM_REGISTER_CALLBACKS */
 525              		.loc 1 259 3 view .LVU174
ARM GAS  C:\Users\airforce\AppData\Local\Temp\ccVTBrFk.s 			page 54


 526 0028 2046     		mov	r0, r4
 527              	.LVL23:
 259:Drivers/STM32F1xx_HAL_Driver/Src/stm32f1xx_hal_tim_ex.c **** #endif /* USE_HAL_TIM_REGISTER_CALLBACKS */
 528              		.loc 1 259 3 is_stmt 0 view .LVU175
 529 002a FFF7FEFF 		bl	HAL_TIMEx_HallSensor_MspDeInit
 530              	.LVL24:
 263:Drivers/STM32F1xx_HAL_Driver/Src/stm32f1xx_hal_tim_ex.c **** 
 531              		.loc 1 263 3 is_stmt 1 view .LVU176
 263:Drivers/STM32F1xx_HAL_Driver/Src/stm32f1xx_hal_tim_ex.c **** 
 532              		.loc 1 263 23 is_stmt 0 view .LVU177
 533 002e 0020     		movs	r0, #0
 534 0030 84F84600 		strb	r0, [r4, #70]
 266:Drivers/STM32F1xx_HAL_Driver/Src/stm32f1xx_hal_tim_ex.c ****   TIM_CHANNEL_STATE_SET(htim, TIM_CHANNEL_2, HAL_TIM_CHANNEL_STATE_RESET);
 535              		.loc 1 266 3 is_stmt 1 view .LVU178
 275:Drivers/STM32F1xx_HAL_Driver/Src/stm32f1xx_hal_tim_ex.c **** 
 536              		.loc 1 275 3 is_stmt 0 view .LVU179
 537 0034 84F83C00 		strb	r0, [r4, #60]
 266:Drivers/STM32F1xx_HAL_Driver/Src/stm32f1xx_hal_tim_ex.c ****   TIM_CHANNEL_STATE_SET(htim, TIM_CHANNEL_2, HAL_TIM_CHANNEL_STATE_RESET);
 538              		.loc 1 266 3 view .LVU180
 539 0038 84F83E00 		strb	r0, [r4, #62]
 267:Drivers/STM32F1xx_HAL_Driver/Src/stm32f1xx_hal_tim_ex.c ****   TIM_CHANNEL_N_STATE_SET(htim, TIM_CHANNEL_1, HAL_TIM_CHANNEL_STATE_RESET);
 540              		.loc 1 267 3 is_stmt 1 view .LVU181
 541 003c 84F83F00 		strb	r0, [r4, #63]
 268:Drivers/STM32F1xx_HAL_Driver/Src/stm32f1xx_hal_tim_ex.c ****   TIM_CHANNEL_N_STATE_SET(htim, TIM_CHANNEL_2, HAL_TIM_CHANNEL_STATE_RESET);
 542              		.loc 1 268 3 view .LVU182
 543 0040 84F84200 		strb	r0, [r4, #66]
 269:Drivers/STM32F1xx_HAL_Driver/Src/stm32f1xx_hal_tim_ex.c **** 
 544              		.loc 1 269 3 view .LVU183
 545 0044 84F84300 		strb	r0, [r4, #67]
 272:Drivers/STM32F1xx_HAL_Driver/Src/stm32f1xx_hal_tim_ex.c **** 
 546              		.loc 1 272 3 view .LVU184
 272:Drivers/STM32F1xx_HAL_Driver/Src/stm32f1xx_hal_tim_ex.c **** 
 547              		.loc 1 272 15 is_stmt 0 view .LVU185
 548 0048 84F83D00 		strb	r0, [r4, #61]
 275:Drivers/STM32F1xx_HAL_Driver/Src/stm32f1xx_hal_tim_ex.c **** 
 549              		.loc 1 275 3 is_stmt 1 view .LVU186
 275:Drivers/STM32F1xx_HAL_Driver/Src/stm32f1xx_hal_tim_ex.c **** 
 550              		.loc 1 275 3 view .LVU187
 275:Drivers/STM32F1xx_HAL_Driver/Src/stm32f1xx_hal_tim_ex.c **** 
 551              		.loc 1 275 3 view .LVU188
 277:Drivers/STM32F1xx_HAL_Driver/Src/stm32f1xx_hal_tim_ex.c **** }
 552              		.loc 1 277 3 view .LVU189
 278:Drivers/STM32F1xx_HAL_Driver/Src/stm32f1xx_hal_tim_ex.c **** 
 553              		.loc 1 278 1 is_stmt 0 view .LVU190
 554 004c 10BD     		pop	{r4, pc}
 278:Drivers/STM32F1xx_HAL_Driver/Src/stm32f1xx_hal_tim_ex.c **** 
 555              		.loc 1 278 1 view .LVU191
 556              		.cfi_endproc
 557              	.LFE66:
 559              		.section	.text.HAL_TIMEx_HallSensor_Start,"ax",%progbits
 560              		.align	1
 561              		.global	HAL_TIMEx_HallSensor_Start
 562              		.syntax unified
 563              		.thumb
 564              		.thumb_func
 566              	HAL_TIMEx_HallSensor_Start:
 567              	.LVL25:
ARM GAS  C:\Users\airforce\AppData\Local\Temp\ccVTBrFk.s 			page 55


 568              	.LFB69:
 316:Drivers/STM32F1xx_HAL_Driver/Src/stm32f1xx_hal_tim_ex.c ****   uint32_t tmpsmcr;
 569              		.loc 1 316 1 is_stmt 1 view -0
 570              		.cfi_startproc
 571              		@ args = 0, pretend = 0, frame = 0
 572              		@ frame_needed = 0, uses_anonymous_args = 0
 317:Drivers/STM32F1xx_HAL_Driver/Src/stm32f1xx_hal_tim_ex.c ****   HAL_TIM_ChannelStateTypeDef channel_1_state = TIM_CHANNEL_STATE_GET(htim, TIM_CHANNEL_1);
 573              		.loc 1 317 3 view .LVU193
 318:Drivers/STM32F1xx_HAL_Driver/Src/stm32f1xx_hal_tim_ex.c ****   HAL_TIM_ChannelStateTypeDef channel_2_state = TIM_CHANNEL_STATE_GET(htim, TIM_CHANNEL_2);
 574              		.loc 1 318 3 view .LVU194
 316:Drivers/STM32F1xx_HAL_Driver/Src/stm32f1xx_hal_tim_ex.c ****   uint32_t tmpsmcr;
 575              		.loc 1 316 1 is_stmt 0 view .LVU195
 576 0000 38B5     		push	{r3, r4, r5, lr}
 577              	.LCFI8:
 578              		.cfi_def_cfa_offset 16
 579              		.cfi_offset 3, -16
 580              		.cfi_offset 4, -12
 581              		.cfi_offset 5, -8
 582              		.cfi_offset 14, -4
 316:Drivers/STM32F1xx_HAL_Driver/Src/stm32f1xx_hal_tim_ex.c ****   uint32_t tmpsmcr;
 583              		.loc 1 316 1 view .LVU196
 584 0002 0446     		mov	r4, r0
 318:Drivers/STM32F1xx_HAL_Driver/Src/stm32f1xx_hal_tim_ex.c ****   HAL_TIM_ChannelStateTypeDef channel_2_state = TIM_CHANNEL_STATE_GET(htim, TIM_CHANNEL_2);
 585              		.loc 1 318 31 view .LVU197
 586 0004 90F83E50 		ldrb	r5, [r0, #62]	@ zero_extendqisi2
 319:Drivers/STM32F1xx_HAL_Driver/Src/stm32f1xx_hal_tim_ex.c ****   HAL_TIM_ChannelStateTypeDef complementary_channel_1_state = TIM_CHANNEL_N_STATE_GET(htim, TIM_CHA
 587              		.loc 1 319 31 view .LVU198
 588 0008 94F83F10 		ldrb	r1, [r4, #63]	@ zero_extendqisi2
 320:Drivers/STM32F1xx_HAL_Driver/Src/stm32f1xx_hal_tim_ex.c ****   HAL_TIM_ChannelStateTypeDef complementary_channel_2_state = TIM_CHANNEL_N_STATE_GET(htim, TIM_CHA
 589              		.loc 1 320 31 view .LVU199
 590 000c 94F84230 		ldrb	r3, [r4, #66]	@ zero_extendqisi2
 321:Drivers/STM32F1xx_HAL_Driver/Src/stm32f1xx_hal_tim_ex.c **** 
 591              		.loc 1 321 31 view .LVU200
 592 0010 94F84320 		ldrb	r2, [r4, #67]	@ zero_extendqisi2
 327:Drivers/STM32F1xx_HAL_Driver/Src/stm32f1xx_hal_tim_ex.c ****       || (channel_2_state != HAL_TIM_CHANNEL_STATE_READY)
 593              		.loc 1 327 6 view .LVU201
 594 0014 012D     		cmp	r5, #1
 318:Drivers/STM32F1xx_HAL_Driver/Src/stm32f1xx_hal_tim_ex.c ****   HAL_TIM_ChannelStateTypeDef channel_2_state = TIM_CHANNEL_STATE_GET(htim, TIM_CHANNEL_2);
 595              		.loc 1 318 31 view .LVU202
 596 0016 E8B2     		uxtb	r0, r5
 597              	.LVL26:
 319:Drivers/STM32F1xx_HAL_Driver/Src/stm32f1xx_hal_tim_ex.c ****   HAL_TIM_ChannelStateTypeDef complementary_channel_1_state = TIM_CHANNEL_N_STATE_GET(htim, TIM_CHA
 598              		.loc 1 319 3 is_stmt 1 view .LVU203
 319:Drivers/STM32F1xx_HAL_Driver/Src/stm32f1xx_hal_tim_ex.c ****   HAL_TIM_ChannelStateTypeDef complementary_channel_1_state = TIM_CHANNEL_N_STATE_GET(htim, TIM_CHA
 599              		.loc 1 319 31 is_stmt 0 view .LVU204
 600 0018 C9B2     		uxtb	r1, r1
 601              	.LVL27:
 320:Drivers/STM32F1xx_HAL_Driver/Src/stm32f1xx_hal_tim_ex.c ****   HAL_TIM_ChannelStateTypeDef complementary_channel_2_state = TIM_CHANNEL_N_STATE_GET(htim, TIM_CHA
 602              		.loc 1 320 3 is_stmt 1 view .LVU205
 320:Drivers/STM32F1xx_HAL_Driver/Src/stm32f1xx_hal_tim_ex.c ****   HAL_TIM_ChannelStateTypeDef complementary_channel_2_state = TIM_CHANNEL_N_STATE_GET(htim, TIM_CHA
 603              		.loc 1 320 31 is_stmt 0 view .LVU206
 604 001a DBB2     		uxtb	r3, r3
 605              	.LVL28:
 321:Drivers/STM32F1xx_HAL_Driver/Src/stm32f1xx_hal_tim_ex.c **** 
 606              		.loc 1 321 3 is_stmt 1 view .LVU207
 321:Drivers/STM32F1xx_HAL_Driver/Src/stm32f1xx_hal_tim_ex.c **** 
 607              		.loc 1 321 31 is_stmt 0 view .LVU208
ARM GAS  C:\Users\airforce\AppData\Local\Temp\ccVTBrFk.s 			page 56


 608 001c D2B2     		uxtb	r2, r2
 609              	.LVL29:
 324:Drivers/STM32F1xx_HAL_Driver/Src/stm32f1xx_hal_tim_ex.c **** 
 610              		.loc 1 324 3 is_stmt 1 view .LVU209
 327:Drivers/STM32F1xx_HAL_Driver/Src/stm32f1xx_hal_tim_ex.c ****       || (channel_2_state != HAL_TIM_CHANNEL_STATE_READY)
 611              		.loc 1 327 3 view .LVU210
 327:Drivers/STM32F1xx_HAL_Driver/Src/stm32f1xx_hal_tim_ex.c ****       || (channel_2_state != HAL_TIM_CHANNEL_STATE_READY)
 612              		.loc 1 327 6 is_stmt 0 view .LVU211
 613 001e 2DD1     		bne	.L26
 328:Drivers/STM32F1xx_HAL_Driver/Src/stm32f1xx_hal_tim_ex.c ****       || (complementary_channel_1_state != HAL_TIM_CHANNEL_STATE_READY)
 614              		.loc 1 328 7 view .LVU212
 615 0020 0129     		cmp	r1, #1
 616 0022 25D1     		bne	.L21
 329:Drivers/STM32F1xx_HAL_Driver/Src/stm32f1xx_hal_tim_ex.c ****       || (complementary_channel_2_state != HAL_TIM_CHANNEL_STATE_READY))
 617              		.loc 1 329 7 view .LVU213
 618 0024 012B     		cmp	r3, #1
 619 0026 23D1     		bne	.L21
 330:Drivers/STM32F1xx_HAL_Driver/Src/stm32f1xx_hal_tim_ex.c ****   {
 620              		.loc 1 330 7 view .LVU214
 621 0028 012A     		cmp	r2, #1
 622 002a 21D1     		bne	.L21
 336:Drivers/STM32F1xx_HAL_Driver/Src/stm32f1xx_hal_tim_ex.c ****   TIM_CHANNEL_STATE_SET(htim, TIM_CHANNEL_2, HAL_TIM_CHANNEL_STATE_BUSY);
 623              		.loc 1 336 3 is_stmt 1 view .LVU215
 624 002c 0223     		movs	r3, #2
 625              	.LVL30:
 344:Drivers/STM32F1xx_HAL_Driver/Src/stm32f1xx_hal_tim_ex.c **** 
 626              		.loc 1 344 3 is_stmt 0 view .LVU216
 627 002e 0021     		movs	r1, #0
 628              	.LVL31:
 336:Drivers/STM32F1xx_HAL_Driver/Src/stm32f1xx_hal_tim_ex.c ****   TIM_CHANNEL_STATE_SET(htim, TIM_CHANNEL_2, HAL_TIM_CHANNEL_STATE_BUSY);
 629              		.loc 1 336 3 view .LVU217
 630 0030 84F83E30 		strb	r3, [r4, #62]
 337:Drivers/STM32F1xx_HAL_Driver/Src/stm32f1xx_hal_tim_ex.c ****   TIM_CHANNEL_N_STATE_SET(htim, TIM_CHANNEL_1, HAL_TIM_CHANNEL_STATE_BUSY);
 631              		.loc 1 337 3 is_stmt 1 view .LVU218
 344:Drivers/STM32F1xx_HAL_Driver/Src/stm32f1xx_hal_tim_ex.c **** 
 632              		.loc 1 344 3 is_stmt 0 view .LVU219
 633 0034 2068     		ldr	r0, [r4]
 634              	.LVL32:
 337:Drivers/STM32F1xx_HAL_Driver/Src/stm32f1xx_hal_tim_ex.c ****   TIM_CHANNEL_N_STATE_SET(htim, TIM_CHANNEL_1, HAL_TIM_CHANNEL_STATE_BUSY);
 635              		.loc 1 337 3 view .LVU220
 636 0036 84F83F30 		strb	r3, [r4, #63]
 338:Drivers/STM32F1xx_HAL_Driver/Src/stm32f1xx_hal_tim_ex.c ****   TIM_CHANNEL_N_STATE_SET(htim, TIM_CHANNEL_2, HAL_TIM_CHANNEL_STATE_BUSY);
 637              		.loc 1 338 3 is_stmt 1 view .LVU221
 638 003a 84F84230 		strb	r3, [r4, #66]
 339:Drivers/STM32F1xx_HAL_Driver/Src/stm32f1xx_hal_tim_ex.c **** 
 639              		.loc 1 339 3 view .LVU222
 640 003e 84F84330 		strb	r3, [r4, #67]
 344:Drivers/STM32F1xx_HAL_Driver/Src/stm32f1xx_hal_tim_ex.c **** 
 641              		.loc 1 344 3 view .LVU223
 642 0042 FFF7FEFF 		bl	TIM_CCxChannelCmd
 643              	.LVL33:
 347:Drivers/STM32F1xx_HAL_Driver/Src/stm32f1xx_hal_tim_ex.c ****   {
 644              		.loc 1 347 3 view .LVU224
 347:Drivers/STM32F1xx_HAL_Driver/Src/stm32f1xx_hal_tim_ex.c ****   {
 645              		.loc 1 347 7 is_stmt 0 view .LVU225
 646 0046 2368     		ldr	r3, [r4]
 347:Drivers/STM32F1xx_HAL_Driver/Src/stm32f1xx_hal_tim_ex.c ****   {
ARM GAS  C:\Users\airforce\AppData\Local\Temp\ccVTBrFk.s 			page 57


 647              		.loc 1 347 6 view .LVU226
 648 0048 0D4A     		ldr	r2, .L32
 649 004a 9342     		cmp	r3, r2
 650 004c 0AD0     		beq	.L22
 347:Drivers/STM32F1xx_HAL_Driver/Src/stm32f1xx_hal_tim_ex.c ****   {
 651              		.loc 1 347 7 discriminator 1 view .LVU227
 652 004e B3F1804F 		cmp	r3, #1073741824
 653 0052 07D0     		beq	.L22
 347:Drivers/STM32F1xx_HAL_Driver/Src/stm32f1xx_hal_tim_ex.c ****   {
 654              		.loc 1 347 7 discriminator 2 view .LVU228
 655 0054 A2F59432 		sub	r2, r2, #75776
 656 0058 9342     		cmp	r3, r2
 657 005a 03D0     		beq	.L22
 347:Drivers/STM32F1xx_HAL_Driver/Src/stm32f1xx_hal_tim_ex.c ****   {
 658              		.loc 1 347 7 discriminator 3 view .LVU229
 659 005c 02F58062 		add	r2, r2, #1024
 660 0060 9342     		cmp	r3, r2
 661 0062 06D1     		bne	.L23
 662              	.L22:
 349:Drivers/STM32F1xx_HAL_Driver/Src/stm32f1xx_hal_tim_ex.c ****     if (!IS_TIM_SLAVEMODE_TRIGGER_ENABLED(tmpsmcr))
 663              		.loc 1 349 5 is_stmt 1 view .LVU230
 349:Drivers/STM32F1xx_HAL_Driver/Src/stm32f1xx_hal_tim_ex.c ****     if (!IS_TIM_SLAVEMODE_TRIGGER_ENABLED(tmpsmcr))
 664              		.loc 1 349 29 is_stmt 0 view .LVU231
 665 0064 9A68     		ldr	r2, [r3, #8]
 666              	.LVL34:
 350:Drivers/STM32F1xx_HAL_Driver/Src/stm32f1xx_hal_tim_ex.c ****     {
 667              		.loc 1 350 5 is_stmt 1 view .LVU232
 349:Drivers/STM32F1xx_HAL_Driver/Src/stm32f1xx_hal_tim_ex.c ****     if (!IS_TIM_SLAVEMODE_TRIGGER_ENABLED(tmpsmcr))
 668              		.loc 1 349 13 is_stmt 0 view .LVU233
 669 0066 02F00702 		and	r2, r2, #7
 670              	.LVL35:
 350:Drivers/STM32F1xx_HAL_Driver/Src/stm32f1xx_hal_tim_ex.c ****     {
 671              		.loc 1 350 8 view .LVU234
 672 006a 062A     		cmp	r2, #6
 673 006c 01D1     		bne	.L23
 674              	.LVL36:
 675              	.L25:
 361:Drivers/STM32F1xx_HAL_Driver/Src/stm32f1xx_hal_tim_ex.c **** }
 676              		.loc 1 361 10 view .LVU235
 677 006e 0020     		movs	r0, #0
 678              	.L21:
 362:Drivers/STM32F1xx_HAL_Driver/Src/stm32f1xx_hal_tim_ex.c **** 
 679              		.loc 1 362 1 view .LVU236
 680 0070 38BD     		pop	{r3, r4, r5, pc}
 681              	.LVL37:
 682              	.L23:
 357:Drivers/STM32F1xx_HAL_Driver/Src/stm32f1xx_hal_tim_ex.c ****   }
 683              		.loc 1 357 5 is_stmt 1 view .LVU237
 684 0072 1A68     		ldr	r2, [r3]
 685 0074 42F00102 		orr	r2, r2, #1
 686 0078 1A60     		str	r2, [r3]
 687 007a F8E7     		b	.L25
 688              	.LVL38:
 689              	.L26:
 332:Drivers/STM32F1xx_HAL_Driver/Src/stm32f1xx_hal_tim_ex.c ****   }
 690              		.loc 1 332 12 is_stmt 0 view .LVU238
 691 007c 0120     		movs	r0, #1
ARM GAS  C:\Users\airforce\AppData\Local\Temp\ccVTBrFk.s 			page 58


 692              	.LVL39:
 332:Drivers/STM32F1xx_HAL_Driver/Src/stm32f1xx_hal_tim_ex.c ****   }
 693              		.loc 1 332 12 view .LVU239
 694 007e F7E7     		b	.L21
 695              	.L33:
 696              		.align	2
 697              	.L32:
 698 0080 002C0140 		.word	1073818624
 699              		.cfi_endproc
 700              	.LFE69:
 702              		.section	.text.HAL_TIMEx_HallSensor_Stop,"ax",%progbits
 703              		.align	1
 704              		.global	HAL_TIMEx_HallSensor_Stop
 705              		.syntax unified
 706              		.thumb
 707              		.thumb_func
 709              	HAL_TIMEx_HallSensor_Stop:
 710              	.LVL40:
 711              	.LFB70:
 370:Drivers/STM32F1xx_HAL_Driver/Src/stm32f1xx_hal_tim_ex.c ****   /* Check the parameters */
 712              		.loc 1 370 1 is_stmt 1 view -0
 713              		.cfi_startproc
 714              		@ args = 0, pretend = 0, frame = 0
 715              		@ frame_needed = 0, uses_anonymous_args = 0
 372:Drivers/STM32F1xx_HAL_Driver/Src/stm32f1xx_hal_tim_ex.c **** 
 716              		.loc 1 372 3 view .LVU241
 377:Drivers/STM32F1xx_HAL_Driver/Src/stm32f1xx_hal_tim_ex.c **** 
 717              		.loc 1 377 3 view .LVU242
 718 0000 0022     		movs	r2, #0
 370:Drivers/STM32F1xx_HAL_Driver/Src/stm32f1xx_hal_tim_ex.c ****   /* Check the parameters */
 719              		.loc 1 370 1 is_stmt 0 view .LVU243
 720 0002 10B5     		push	{r4, lr}
 721              	.LCFI9:
 722              		.cfi_def_cfa_offset 8
 723              		.cfi_offset 4, -8
 724              		.cfi_offset 14, -4
 370:Drivers/STM32F1xx_HAL_Driver/Src/stm32f1xx_hal_tim_ex.c ****   /* Check the parameters */
 725              		.loc 1 370 1 view .LVU244
 726 0004 0446     		mov	r4, r0
 377:Drivers/STM32F1xx_HAL_Driver/Src/stm32f1xx_hal_tim_ex.c **** 
 727              		.loc 1 377 3 view .LVU245
 728 0006 1146     		mov	r1, r2
 729 0008 0068     		ldr	r0, [r0]
 730              	.LVL41:
 377:Drivers/STM32F1xx_HAL_Driver/Src/stm32f1xx_hal_tim_ex.c **** 
 731              		.loc 1 377 3 view .LVU246
 732 000a FFF7FEFF 		bl	TIM_CCxChannelCmd
 733              	.LVL42:
 380:Drivers/STM32F1xx_HAL_Driver/Src/stm32f1xx_hal_tim_ex.c **** 
 734              		.loc 1 380 3 is_stmt 1 view .LVU247
 380:Drivers/STM32F1xx_HAL_Driver/Src/stm32f1xx_hal_tim_ex.c **** 
 735              		.loc 1 380 3 view .LVU248
 736 000e 41F21112 		movw	r2, #4369
 737 0012 2368     		ldr	r3, [r4]
 738 0014 196A     		ldr	r1, [r3, #32]
 739 0016 1142     		tst	r1, r2
 740 0018 08D1     		bne	.L35
ARM GAS  C:\Users\airforce\AppData\Local\Temp\ccVTBrFk.s 			page 59


 380:Drivers/STM32F1xx_HAL_Driver/Src/stm32f1xx_hal_tim_ex.c **** 
 741              		.loc 1 380 3 discriminator 1 view .LVU249
 742 001a 40F24442 		movw	r2, #1092
 743 001e 196A     		ldr	r1, [r3, #32]
 744 0020 1142     		tst	r1, r2
 380:Drivers/STM32F1xx_HAL_Driver/Src/stm32f1xx_hal_tim_ex.c **** 
 745              		.loc 1 380 3 discriminator 3 view .LVU250
 746 0022 02BF     		ittt	eq
 747 0024 1A68     		ldreq	r2, [r3]
 748 0026 22F00102 		biceq	r2, r2, #1
 749 002a 1A60     		streq	r2, [r3]
 750              	.L35:
 380:Drivers/STM32F1xx_HAL_Driver/Src/stm32f1xx_hal_tim_ex.c **** 
 751              		.loc 1 380 3 discriminator 5 view .LVU251
 383:Drivers/STM32F1xx_HAL_Driver/Src/stm32f1xx_hal_tim_ex.c ****   TIM_CHANNEL_STATE_SET(htim, TIM_CHANNEL_2, HAL_TIM_CHANNEL_STATE_READY);
 752              		.loc 1 383 3 view .LVU252
 753 002c 0123     		movs	r3, #1
 754 002e 84F83E30 		strb	r3, [r4, #62]
 384:Drivers/STM32F1xx_HAL_Driver/Src/stm32f1xx_hal_tim_ex.c ****   TIM_CHANNEL_N_STATE_SET(htim, TIM_CHANNEL_1, HAL_TIM_CHANNEL_STATE_READY);
 755              		.loc 1 384 3 view .LVU253
 756 0032 84F83F30 		strb	r3, [r4, #63]
 385:Drivers/STM32F1xx_HAL_Driver/Src/stm32f1xx_hal_tim_ex.c ****   TIM_CHANNEL_N_STATE_SET(htim, TIM_CHANNEL_2, HAL_TIM_CHANNEL_STATE_READY);
 757              		.loc 1 385 3 view .LVU254
 758 0036 84F84230 		strb	r3, [r4, #66]
 386:Drivers/STM32F1xx_HAL_Driver/Src/stm32f1xx_hal_tim_ex.c **** 
 759              		.loc 1 386 3 view .LVU255
 760 003a 84F84330 		strb	r3, [r4, #67]
 389:Drivers/STM32F1xx_HAL_Driver/Src/stm32f1xx_hal_tim_ex.c **** }
 761              		.loc 1 389 3 view .LVU256
 390:Drivers/STM32F1xx_HAL_Driver/Src/stm32f1xx_hal_tim_ex.c **** 
 762              		.loc 1 390 1 is_stmt 0 view .LVU257
 763 003e 0020     		movs	r0, #0
 764 0040 10BD     		pop	{r4, pc}
 390:Drivers/STM32F1xx_HAL_Driver/Src/stm32f1xx_hal_tim_ex.c **** 
 765              		.loc 1 390 1 view .LVU258
 766              		.cfi_endproc
 767              	.LFE70:
 769              		.section	.text.HAL_TIMEx_HallSensor_Start_IT,"ax",%progbits
 770              		.align	1
 771              		.global	HAL_TIMEx_HallSensor_Start_IT
 772              		.syntax unified
 773              		.thumb
 774              		.thumb_func
 776              	HAL_TIMEx_HallSensor_Start_IT:
 777              	.LVL43:
 778              	.LFB71:
 398:Drivers/STM32F1xx_HAL_Driver/Src/stm32f1xx_hal_tim_ex.c ****   uint32_t tmpsmcr;
 779              		.loc 1 398 1 is_stmt 1 view -0
 780              		.cfi_startproc
 781              		@ args = 0, pretend = 0, frame = 0
 782              		@ frame_needed = 0, uses_anonymous_args = 0
 399:Drivers/STM32F1xx_HAL_Driver/Src/stm32f1xx_hal_tim_ex.c ****   HAL_TIM_ChannelStateTypeDef channel_1_state = TIM_CHANNEL_STATE_GET(htim, TIM_CHANNEL_1);
 783              		.loc 1 399 3 view .LVU260
 400:Drivers/STM32F1xx_HAL_Driver/Src/stm32f1xx_hal_tim_ex.c ****   HAL_TIM_ChannelStateTypeDef channel_2_state = TIM_CHANNEL_STATE_GET(htim, TIM_CHANNEL_2);
 784              		.loc 1 400 3 view .LVU261
 398:Drivers/STM32F1xx_HAL_Driver/Src/stm32f1xx_hal_tim_ex.c ****   uint32_t tmpsmcr;
 785              		.loc 1 398 1 is_stmt 0 view .LVU262
ARM GAS  C:\Users\airforce\AppData\Local\Temp\ccVTBrFk.s 			page 60


 786 0000 38B5     		push	{r3, r4, r5, lr}
 787              	.LCFI10:
 788              		.cfi_def_cfa_offset 16
 789              		.cfi_offset 3, -16
 790              		.cfi_offset 4, -12
 791              		.cfi_offset 5, -8
 792              		.cfi_offset 14, -4
 398:Drivers/STM32F1xx_HAL_Driver/Src/stm32f1xx_hal_tim_ex.c ****   uint32_t tmpsmcr;
 793              		.loc 1 398 1 view .LVU263
 794 0002 0446     		mov	r4, r0
 400:Drivers/STM32F1xx_HAL_Driver/Src/stm32f1xx_hal_tim_ex.c ****   HAL_TIM_ChannelStateTypeDef channel_2_state = TIM_CHANNEL_STATE_GET(htim, TIM_CHANNEL_2);
 795              		.loc 1 400 31 view .LVU264
 796 0004 90F83E50 		ldrb	r5, [r0, #62]	@ zero_extendqisi2
 401:Drivers/STM32F1xx_HAL_Driver/Src/stm32f1xx_hal_tim_ex.c ****   HAL_TIM_ChannelStateTypeDef complementary_channel_1_state = TIM_CHANNEL_N_STATE_GET(htim, TIM_CHA
 797              		.loc 1 401 31 view .LVU265
 798 0008 94F83F10 		ldrb	r1, [r4, #63]	@ zero_extendqisi2
 402:Drivers/STM32F1xx_HAL_Driver/Src/stm32f1xx_hal_tim_ex.c ****   HAL_TIM_ChannelStateTypeDef complementary_channel_2_state = TIM_CHANNEL_N_STATE_GET(htim, TIM_CHA
 799              		.loc 1 402 31 view .LVU266
 800 000c 94F84230 		ldrb	r3, [r4, #66]	@ zero_extendqisi2
 403:Drivers/STM32F1xx_HAL_Driver/Src/stm32f1xx_hal_tim_ex.c **** 
 801              		.loc 1 403 31 view .LVU267
 802 0010 94F84320 		ldrb	r2, [r4, #67]	@ zero_extendqisi2
 409:Drivers/STM32F1xx_HAL_Driver/Src/stm32f1xx_hal_tim_ex.c ****       || (channel_2_state != HAL_TIM_CHANNEL_STATE_READY)
 803              		.loc 1 409 6 view .LVU268
 804 0014 012D     		cmp	r5, #1
 400:Drivers/STM32F1xx_HAL_Driver/Src/stm32f1xx_hal_tim_ex.c ****   HAL_TIM_ChannelStateTypeDef channel_2_state = TIM_CHANNEL_STATE_GET(htim, TIM_CHANNEL_2);
 805              		.loc 1 400 31 view .LVU269
 806 0016 E8B2     		uxtb	r0, r5
 807              	.LVL44:
 401:Drivers/STM32F1xx_HAL_Driver/Src/stm32f1xx_hal_tim_ex.c ****   HAL_TIM_ChannelStateTypeDef complementary_channel_1_state = TIM_CHANNEL_N_STATE_GET(htim, TIM_CHA
 808              		.loc 1 401 3 is_stmt 1 view .LVU270
 401:Drivers/STM32F1xx_HAL_Driver/Src/stm32f1xx_hal_tim_ex.c ****   HAL_TIM_ChannelStateTypeDef complementary_channel_1_state = TIM_CHANNEL_N_STATE_GET(htim, TIM_CHA
 809              		.loc 1 401 31 is_stmt 0 view .LVU271
 810 0018 C9B2     		uxtb	r1, r1
 811              	.LVL45:
 402:Drivers/STM32F1xx_HAL_Driver/Src/stm32f1xx_hal_tim_ex.c ****   HAL_TIM_ChannelStateTypeDef complementary_channel_2_state = TIM_CHANNEL_N_STATE_GET(htim, TIM_CHA
 812              		.loc 1 402 3 is_stmt 1 view .LVU272
 402:Drivers/STM32F1xx_HAL_Driver/Src/stm32f1xx_hal_tim_ex.c ****   HAL_TIM_ChannelStateTypeDef complementary_channel_2_state = TIM_CHANNEL_N_STATE_GET(htim, TIM_CHA
 813              		.loc 1 402 31 is_stmt 0 view .LVU273
 814 001a DBB2     		uxtb	r3, r3
 815              	.LVL46:
 403:Drivers/STM32F1xx_HAL_Driver/Src/stm32f1xx_hal_tim_ex.c **** 
 816              		.loc 1 403 3 is_stmt 1 view .LVU274
 403:Drivers/STM32F1xx_HAL_Driver/Src/stm32f1xx_hal_tim_ex.c **** 
 817              		.loc 1 403 31 is_stmt 0 view .LVU275
 818 001c D2B2     		uxtb	r2, r2
 819              	.LVL47:
 406:Drivers/STM32F1xx_HAL_Driver/Src/stm32f1xx_hal_tim_ex.c **** 
 820              		.loc 1 406 3 is_stmt 1 view .LVU276
 409:Drivers/STM32F1xx_HAL_Driver/Src/stm32f1xx_hal_tim_ex.c ****       || (channel_2_state != HAL_TIM_CHANNEL_STATE_READY)
 821              		.loc 1 409 3 view .LVU277
 409:Drivers/STM32F1xx_HAL_Driver/Src/stm32f1xx_hal_tim_ex.c ****       || (channel_2_state != HAL_TIM_CHANNEL_STATE_READY)
 822              		.loc 1 409 6 is_stmt 0 view .LVU278
 823 001e 31D1     		bne	.L42
 410:Drivers/STM32F1xx_HAL_Driver/Src/stm32f1xx_hal_tim_ex.c ****       || (complementary_channel_1_state != HAL_TIM_CHANNEL_STATE_READY)
 824              		.loc 1 410 7 view .LVU279
 825 0020 0129     		cmp	r1, #1
ARM GAS  C:\Users\airforce\AppData\Local\Temp\ccVTBrFk.s 			page 61


 826 0022 29D1     		bne	.L37
 411:Drivers/STM32F1xx_HAL_Driver/Src/stm32f1xx_hal_tim_ex.c ****       || (complementary_channel_2_state != HAL_TIM_CHANNEL_STATE_READY))
 827              		.loc 1 411 7 view .LVU280
 828 0024 012B     		cmp	r3, #1
 829 0026 27D1     		bne	.L37
 412:Drivers/STM32F1xx_HAL_Driver/Src/stm32f1xx_hal_tim_ex.c ****   {
 830              		.loc 1 412 7 view .LVU281
 831 0028 012A     		cmp	r2, #1
 832 002a 25D1     		bne	.L37
 418:Drivers/STM32F1xx_HAL_Driver/Src/stm32f1xx_hal_tim_ex.c ****   TIM_CHANNEL_STATE_SET(htim, TIM_CHANNEL_2, HAL_TIM_CHANNEL_STATE_BUSY);
 833              		.loc 1 418 3 is_stmt 1 view .LVU282
 834 002c 0223     		movs	r3, #2
 835              	.LVL48:
 424:Drivers/STM32F1xx_HAL_Driver/Src/stm32f1xx_hal_tim_ex.c **** 
 836              		.loc 1 424 3 is_stmt 0 view .LVU283
 837 002e 2068     		ldr	r0, [r4]
 838              	.LVL49:
 418:Drivers/STM32F1xx_HAL_Driver/Src/stm32f1xx_hal_tim_ex.c ****   TIM_CHANNEL_STATE_SET(htim, TIM_CHANNEL_2, HAL_TIM_CHANNEL_STATE_BUSY);
 839              		.loc 1 418 3 view .LVU284
 840 0030 84F83E30 		strb	r3, [r4, #62]
 419:Drivers/STM32F1xx_HAL_Driver/Src/stm32f1xx_hal_tim_ex.c ****   TIM_CHANNEL_N_STATE_SET(htim, TIM_CHANNEL_1, HAL_TIM_CHANNEL_STATE_BUSY);
 841              		.loc 1 419 3 is_stmt 1 view .LVU285
 842 0034 84F83F30 		strb	r3, [r4, #63]
 420:Drivers/STM32F1xx_HAL_Driver/Src/stm32f1xx_hal_tim_ex.c ****   TIM_CHANNEL_N_STATE_SET(htim, TIM_CHANNEL_2, HAL_TIM_CHANNEL_STATE_BUSY);
 843              		.loc 1 420 3 view .LVU286
 844 0038 84F84230 		strb	r3, [r4, #66]
 421:Drivers/STM32F1xx_HAL_Driver/Src/stm32f1xx_hal_tim_ex.c **** 
 845              		.loc 1 421 3 view .LVU287
 846 003c 84F84330 		strb	r3, [r4, #67]
 424:Drivers/STM32F1xx_HAL_Driver/Src/stm32f1xx_hal_tim_ex.c **** 
 847              		.loc 1 424 3 view .LVU288
 848 0040 C368     		ldr	r3, [r0, #12]
 429:Drivers/STM32F1xx_HAL_Driver/Src/stm32f1xx_hal_tim_ex.c **** 
 849              		.loc 1 429 3 is_stmt 0 view .LVU289
 850 0042 0021     		movs	r1, #0
 851              	.LVL50:
 424:Drivers/STM32F1xx_HAL_Driver/Src/stm32f1xx_hal_tim_ex.c **** 
 852              		.loc 1 424 3 view .LVU290
 853 0044 43F00203 		orr	r3, r3, #2
 854 0048 C360     		str	r3, [r0, #12]
 429:Drivers/STM32F1xx_HAL_Driver/Src/stm32f1xx_hal_tim_ex.c **** 
 855              		.loc 1 429 3 is_stmt 1 view .LVU291
 856 004a FFF7FEFF 		bl	TIM_CCxChannelCmd
 857              	.LVL51:
 432:Drivers/STM32F1xx_HAL_Driver/Src/stm32f1xx_hal_tim_ex.c ****   {
 858              		.loc 1 432 3 view .LVU292
 432:Drivers/STM32F1xx_HAL_Driver/Src/stm32f1xx_hal_tim_ex.c ****   {
 859              		.loc 1 432 7 is_stmt 0 view .LVU293
 860 004e 2368     		ldr	r3, [r4]
 432:Drivers/STM32F1xx_HAL_Driver/Src/stm32f1xx_hal_tim_ex.c ****   {
 861              		.loc 1 432 6 view .LVU294
 862 0050 0D4A     		ldr	r2, .L48
 863 0052 9342     		cmp	r3, r2
 864 0054 0AD0     		beq	.L38
 432:Drivers/STM32F1xx_HAL_Driver/Src/stm32f1xx_hal_tim_ex.c ****   {
 865              		.loc 1 432 7 discriminator 1 view .LVU295
 866 0056 B3F1804F 		cmp	r3, #1073741824
ARM GAS  C:\Users\airforce\AppData\Local\Temp\ccVTBrFk.s 			page 62


 867 005a 07D0     		beq	.L38
 432:Drivers/STM32F1xx_HAL_Driver/Src/stm32f1xx_hal_tim_ex.c ****   {
 868              		.loc 1 432 7 discriminator 2 view .LVU296
 869 005c A2F59432 		sub	r2, r2, #75776
 870 0060 9342     		cmp	r3, r2
 871 0062 03D0     		beq	.L38
 432:Drivers/STM32F1xx_HAL_Driver/Src/stm32f1xx_hal_tim_ex.c ****   {
 872              		.loc 1 432 7 discriminator 3 view .LVU297
 873 0064 02F58062 		add	r2, r2, #1024
 874 0068 9342     		cmp	r3, r2
 875 006a 06D1     		bne	.L39
 876              	.L38:
 434:Drivers/STM32F1xx_HAL_Driver/Src/stm32f1xx_hal_tim_ex.c ****     if (!IS_TIM_SLAVEMODE_TRIGGER_ENABLED(tmpsmcr))
 877              		.loc 1 434 5 is_stmt 1 view .LVU298
 434:Drivers/STM32F1xx_HAL_Driver/Src/stm32f1xx_hal_tim_ex.c ****     if (!IS_TIM_SLAVEMODE_TRIGGER_ENABLED(tmpsmcr))
 878              		.loc 1 434 29 is_stmt 0 view .LVU299
 879 006c 9A68     		ldr	r2, [r3, #8]
 880              	.LVL52:
 435:Drivers/STM32F1xx_HAL_Driver/Src/stm32f1xx_hal_tim_ex.c ****     {
 881              		.loc 1 435 5 is_stmt 1 view .LVU300
 434:Drivers/STM32F1xx_HAL_Driver/Src/stm32f1xx_hal_tim_ex.c ****     if (!IS_TIM_SLAVEMODE_TRIGGER_ENABLED(tmpsmcr))
 882              		.loc 1 434 13 is_stmt 0 view .LVU301
 883 006e 02F00702 		and	r2, r2, #7
 884              	.LVL53:
 435:Drivers/STM32F1xx_HAL_Driver/Src/stm32f1xx_hal_tim_ex.c ****     {
 885              		.loc 1 435 8 view .LVU302
 886 0072 062A     		cmp	r2, #6
 887 0074 01D1     		bne	.L39
 888              	.LVL54:
 889              	.L41:
 446:Drivers/STM32F1xx_HAL_Driver/Src/stm32f1xx_hal_tim_ex.c **** }
 890              		.loc 1 446 10 view .LVU303
 891 0076 0020     		movs	r0, #0
 892              	.L37:
 447:Drivers/STM32F1xx_HAL_Driver/Src/stm32f1xx_hal_tim_ex.c **** 
 893              		.loc 1 447 1 view .LVU304
 894 0078 38BD     		pop	{r3, r4, r5, pc}
 895              	.LVL55:
 896              	.L39:
 442:Drivers/STM32F1xx_HAL_Driver/Src/stm32f1xx_hal_tim_ex.c ****   }
 897              		.loc 1 442 5 is_stmt 1 view .LVU305
 898 007a 1A68     		ldr	r2, [r3]
 899 007c 42F00102 		orr	r2, r2, #1
 900 0080 1A60     		str	r2, [r3]
 901 0082 F8E7     		b	.L41
 902              	.LVL56:
 903              	.L42:
 414:Drivers/STM32F1xx_HAL_Driver/Src/stm32f1xx_hal_tim_ex.c ****   }
 904              		.loc 1 414 12 is_stmt 0 view .LVU306
 905 0084 0120     		movs	r0, #1
 906              	.LVL57:
 414:Drivers/STM32F1xx_HAL_Driver/Src/stm32f1xx_hal_tim_ex.c ****   }
 907              		.loc 1 414 12 view .LVU307
 908 0086 F7E7     		b	.L37
 909              	.L49:
 910              		.align	2
 911              	.L48:
ARM GAS  C:\Users\airforce\AppData\Local\Temp\ccVTBrFk.s 			page 63


 912 0088 002C0140 		.word	1073818624
 913              		.cfi_endproc
 914              	.LFE71:
 916              		.section	.text.HAL_TIMEx_HallSensor_Stop_IT,"ax",%progbits
 917              		.align	1
 918              		.global	HAL_TIMEx_HallSensor_Stop_IT
 919              		.syntax unified
 920              		.thumb
 921              		.thumb_func
 923              	HAL_TIMEx_HallSensor_Stop_IT:
 924              	.LVL58:
 925              	.LFB72:
 455:Drivers/STM32F1xx_HAL_Driver/Src/stm32f1xx_hal_tim_ex.c ****   /* Check the parameters */
 926              		.loc 1 455 1 is_stmt 1 view -0
 927              		.cfi_startproc
 928              		@ args = 0, pretend = 0, frame = 0
 929              		@ frame_needed = 0, uses_anonymous_args = 0
 457:Drivers/STM32F1xx_HAL_Driver/Src/stm32f1xx_hal_tim_ex.c **** 
 930              		.loc 1 457 3 view .LVU309
 462:Drivers/STM32F1xx_HAL_Driver/Src/stm32f1xx_hal_tim_ex.c **** 
 931              		.loc 1 462 3 view .LVU310
 932 0000 0022     		movs	r2, #0
 455:Drivers/STM32F1xx_HAL_Driver/Src/stm32f1xx_hal_tim_ex.c ****   /* Check the parameters */
 933              		.loc 1 455 1 is_stmt 0 view .LVU311
 934 0002 10B5     		push	{r4, lr}
 935              	.LCFI11:
 936              		.cfi_def_cfa_offset 8
 937              		.cfi_offset 4, -8
 938              		.cfi_offset 14, -4
 455:Drivers/STM32F1xx_HAL_Driver/Src/stm32f1xx_hal_tim_ex.c ****   /* Check the parameters */
 939              		.loc 1 455 1 view .LVU312
 940 0004 0446     		mov	r4, r0
 462:Drivers/STM32F1xx_HAL_Driver/Src/stm32f1xx_hal_tim_ex.c **** 
 941              		.loc 1 462 3 view .LVU313
 942 0006 1146     		mov	r1, r2
 943 0008 0068     		ldr	r0, [r0]
 944              	.LVL59:
 462:Drivers/STM32F1xx_HAL_Driver/Src/stm32f1xx_hal_tim_ex.c **** 
 945              		.loc 1 462 3 view .LVU314
 946 000a FFF7FEFF 		bl	TIM_CCxChannelCmd
 947              	.LVL60:
 465:Drivers/STM32F1xx_HAL_Driver/Src/stm32f1xx_hal_tim_ex.c **** 
 948              		.loc 1 465 3 is_stmt 1 view .LVU315
 949 000e 2368     		ldr	r3, [r4]
 950 0010 DA68     		ldr	r2, [r3, #12]
 951 0012 22F00202 		bic	r2, r2, #2
 952 0016 DA60     		str	r2, [r3, #12]
 468:Drivers/STM32F1xx_HAL_Driver/Src/stm32f1xx_hal_tim_ex.c **** 
 953              		.loc 1 468 3 view .LVU316
 468:Drivers/STM32F1xx_HAL_Driver/Src/stm32f1xx_hal_tim_ex.c **** 
 954              		.loc 1 468 3 view .LVU317
 955 0018 41F21112 		movw	r2, #4369
 956 001c 196A     		ldr	r1, [r3, #32]
 957 001e 1142     		tst	r1, r2
 958 0020 08D1     		bne	.L51
 468:Drivers/STM32F1xx_HAL_Driver/Src/stm32f1xx_hal_tim_ex.c **** 
 959              		.loc 1 468 3 discriminator 1 view .LVU318
ARM GAS  C:\Users\airforce\AppData\Local\Temp\ccVTBrFk.s 			page 64


 960 0022 40F24442 		movw	r2, #1092
 961 0026 196A     		ldr	r1, [r3, #32]
 962 0028 1142     		tst	r1, r2
 468:Drivers/STM32F1xx_HAL_Driver/Src/stm32f1xx_hal_tim_ex.c **** 
 963              		.loc 1 468 3 discriminator 3 view .LVU319
 964 002a 02BF     		ittt	eq
 965 002c 1A68     		ldreq	r2, [r3]
 966 002e 22F00102 		biceq	r2, r2, #1
 967 0032 1A60     		streq	r2, [r3]
 968              	.L51:
 468:Drivers/STM32F1xx_HAL_Driver/Src/stm32f1xx_hal_tim_ex.c **** 
 969              		.loc 1 468 3 discriminator 5 view .LVU320
 471:Drivers/STM32F1xx_HAL_Driver/Src/stm32f1xx_hal_tim_ex.c ****   TIM_CHANNEL_STATE_SET(htim, TIM_CHANNEL_2, HAL_TIM_CHANNEL_STATE_READY);
 970              		.loc 1 471 3 view .LVU321
 971 0034 0123     		movs	r3, #1
 972 0036 84F83E30 		strb	r3, [r4, #62]
 472:Drivers/STM32F1xx_HAL_Driver/Src/stm32f1xx_hal_tim_ex.c ****   TIM_CHANNEL_N_STATE_SET(htim, TIM_CHANNEL_1, HAL_TIM_CHANNEL_STATE_READY);
 973              		.loc 1 472 3 view .LVU322
 974 003a 84F83F30 		strb	r3, [r4, #63]
 473:Drivers/STM32F1xx_HAL_Driver/Src/stm32f1xx_hal_tim_ex.c ****   TIM_CHANNEL_N_STATE_SET(htim, TIM_CHANNEL_2, HAL_TIM_CHANNEL_STATE_READY);
 975              		.loc 1 473 3 view .LVU323
 976 003e 84F84230 		strb	r3, [r4, #66]
 474:Drivers/STM32F1xx_HAL_Driver/Src/stm32f1xx_hal_tim_ex.c **** 
 977              		.loc 1 474 3 view .LVU324
 978 0042 84F84330 		strb	r3, [r4, #67]
 477:Drivers/STM32F1xx_HAL_Driver/Src/stm32f1xx_hal_tim_ex.c **** }
 979              		.loc 1 477 3 view .LVU325
 478:Drivers/STM32F1xx_HAL_Driver/Src/stm32f1xx_hal_tim_ex.c **** 
 980              		.loc 1 478 1 is_stmt 0 view .LVU326
 981 0046 0020     		movs	r0, #0
 982 0048 10BD     		pop	{r4, pc}
 478:Drivers/STM32F1xx_HAL_Driver/Src/stm32f1xx_hal_tim_ex.c **** 
 983              		.loc 1 478 1 view .LVU327
 984              		.cfi_endproc
 985              	.LFE72:
 987              		.section	.text.HAL_TIMEx_HallSensor_Start_DMA,"ax",%progbits
 988              		.align	1
 989              		.global	HAL_TIMEx_HallSensor_Start_DMA
 990              		.syntax unified
 991              		.thumb
 992              		.thumb_func
 994              	HAL_TIMEx_HallSensor_Start_DMA:
 995              	.LVL61:
 996              	.LFB73:
 488:Drivers/STM32F1xx_HAL_Driver/Src/stm32f1xx_hal_tim_ex.c ****   uint32_t tmpsmcr;
 997              		.loc 1 488 1 is_stmt 1 view -0
 998              		.cfi_startproc
 999              		@ args = 0, pretend = 0, frame = 0
 1000              		@ frame_needed = 0, uses_anonymous_args = 0
 489:Drivers/STM32F1xx_HAL_Driver/Src/stm32f1xx_hal_tim_ex.c ****   HAL_TIM_ChannelStateTypeDef channel_1_state = TIM_CHANNEL_STATE_GET(htim, TIM_CHANNEL_1);
 1001              		.loc 1 489 3 view .LVU329
 490:Drivers/STM32F1xx_HAL_Driver/Src/stm32f1xx_hal_tim_ex.c ****   HAL_TIM_ChannelStateTypeDef complementary_channel_1_state = TIM_CHANNEL_N_STATE_GET(htim, TIM_CHA
 1002              		.loc 1 490 3 view .LVU330
 488:Drivers/STM32F1xx_HAL_Driver/Src/stm32f1xx_hal_tim_ex.c ****   uint32_t tmpsmcr;
 1003              		.loc 1 488 1 is_stmt 0 view .LVU331
 1004 0000 F8B5     		push	{r3, r4, r5, r6, r7, lr}
 1005              	.LCFI12:
ARM GAS  C:\Users\airforce\AppData\Local\Temp\ccVTBrFk.s 			page 65


 1006              		.cfi_def_cfa_offset 24
 1007              		.cfi_offset 3, -24
 1008              		.cfi_offset 4, -20
 1009              		.cfi_offset 5, -16
 1010              		.cfi_offset 6, -12
 1011              		.cfi_offset 7, -8
 1012              		.cfi_offset 14, -4
 488:Drivers/STM32F1xx_HAL_Driver/Src/stm32f1xx_hal_tim_ex.c ****   uint32_t tmpsmcr;
 1013              		.loc 1 488 1 view .LVU332
 1014 0002 0446     		mov	r4, r0
 490:Drivers/STM32F1xx_HAL_Driver/Src/stm32f1xx_hal_tim_ex.c ****   HAL_TIM_ChannelStateTypeDef complementary_channel_1_state = TIM_CHANNEL_N_STATE_GET(htim, TIM_CHA
 1015              		.loc 1 490 31 view .LVU333
 1016 0004 90F83E30 		ldrb	r3, [r0, #62]	@ zero_extendqisi2
 491:Drivers/STM32F1xx_HAL_Driver/Src/stm32f1xx_hal_tim_ex.c **** 
 1017              		.loc 1 491 31 view .LVU334
 1018 0008 94F84250 		ldrb	r5, [r4, #66]	@ zero_extendqisi2
 497:Drivers/STM32F1xx_HAL_Driver/Src/stm32f1xx_hal_tim_ex.c ****       || (complementary_channel_1_state == HAL_TIM_CHANNEL_STATE_BUSY))
 1019              		.loc 1 497 6 view .LVU335
 1020 000c 022B     		cmp	r3, #2
 488:Drivers/STM32F1xx_HAL_Driver/Src/stm32f1xx_hal_tim_ex.c ****   uint32_t tmpsmcr;
 1021              		.loc 1 488 1 view .LVU336
 1022 000e 0E46     		mov	r6, r1
 1023 0010 1746     		mov	r7, r2
 490:Drivers/STM32F1xx_HAL_Driver/Src/stm32f1xx_hal_tim_ex.c ****   HAL_TIM_ChannelStateTypeDef complementary_channel_1_state = TIM_CHANNEL_N_STATE_GET(htim, TIM_CHA
 1024              		.loc 1 490 31 view .LVU337
 1025 0012 D8B2     		uxtb	r0, r3
 1026              	.LVL62:
 491:Drivers/STM32F1xx_HAL_Driver/Src/stm32f1xx_hal_tim_ex.c **** 
 1027              		.loc 1 491 3 is_stmt 1 view .LVU338
 491:Drivers/STM32F1xx_HAL_Driver/Src/stm32f1xx_hal_tim_ex.c **** 
 1028              		.loc 1 491 31 is_stmt 0 view .LVU339
 1029 0014 EDB2     		uxtb	r5, r5
 1030              	.LVL63:
 494:Drivers/STM32F1xx_HAL_Driver/Src/stm32f1xx_hal_tim_ex.c **** 
 1031              		.loc 1 494 3 is_stmt 1 view .LVU340
 497:Drivers/STM32F1xx_HAL_Driver/Src/stm32f1xx_hal_tim_ex.c ****       || (complementary_channel_1_state == HAL_TIM_CHANNEL_STATE_BUSY))
 1032              		.loc 1 497 3 view .LVU341
 497:Drivers/STM32F1xx_HAL_Driver/Src/stm32f1xx_hal_tim_ex.c ****       || (complementary_channel_1_state == HAL_TIM_CHANNEL_STATE_BUSY))
 1033              		.loc 1 497 6 is_stmt 0 view .LVU342
 1034 0016 04D0     		beq	.L53
 498:Drivers/STM32F1xx_HAL_Driver/Src/stm32f1xx_hal_tim_ex.c ****   {
 1035              		.loc 1 498 7 view .LVU343
 1036 0018 022D     		cmp	r5, #2
 1037 001a 3FD0     		beq	.L60
 502:Drivers/STM32F1xx_HAL_Driver/Src/stm32f1xx_hal_tim_ex.c ****            && (complementary_channel_1_state == HAL_TIM_CHANNEL_STATE_READY))
 1038              		.loc 1 502 8 is_stmt 1 view .LVU344
 502:Drivers/STM32F1xx_HAL_Driver/Src/stm32f1xx_hal_tim_ex.c ****            && (complementary_channel_1_state == HAL_TIM_CHANNEL_STATE_READY))
 1039              		.loc 1 502 11 is_stmt 0 view .LVU345
 1040 001c 0128     		cmp	r0, #1
 1041 001e 01D0     		beq	.L54
 1042              	.LVL64:
 1043              	.L55:
 507:Drivers/STM32F1xx_HAL_Driver/Src/stm32f1xx_hal_tim_ex.c ****     }
 1044              		.loc 1 507 14 view .LVU346
 1045 0020 0120     		movs	r0, #1
 1046              	.L53:
 556:Drivers/STM32F1xx_HAL_Driver/Src/stm32f1xx_hal_tim_ex.c **** 
ARM GAS  C:\Users\airforce\AppData\Local\Temp\ccVTBrFk.s 			page 66


 1047              		.loc 1 556 1 view .LVU347
 1048 0022 F8BD     		pop	{r3, r4, r5, r6, r7, pc}
 1049              	.LVL65:
 1050              	.L54:
 503:Drivers/STM32F1xx_HAL_Driver/Src/stm32f1xx_hal_tim_ex.c ****   {
 1051              		.loc 1 503 12 view .LVU348
 1052 0024 012D     		cmp	r5, #1
 1053 0026 FBD1     		bne	.L55
 505:Drivers/STM32F1xx_HAL_Driver/Src/stm32f1xx_hal_tim_ex.c ****     {
 1054              		.loc 1 505 5 is_stmt 1 view .LVU349
 505:Drivers/STM32F1xx_HAL_Driver/Src/stm32f1xx_hal_tim_ex.c ****     {
 1055              		.loc 1 505 8 is_stmt 0 view .LVU350
 1056 0028 0029     		cmp	r1, #0
 1057 002a F9D0     		beq	.L55
 505:Drivers/STM32F1xx_HAL_Driver/Src/stm32f1xx_hal_tim_ex.c ****     {
 1058              		.loc 1 505 25 discriminator 1 view .LVU351
 1059 002c 002A     		cmp	r2, #0
 1060 002e F7D0     		beq	.L55
 511:Drivers/STM32F1xx_HAL_Driver/Src/stm32f1xx_hal_tim_ex.c ****       TIM_CHANNEL_N_STATE_SET(htim, TIM_CHANNEL_1, HAL_TIM_CHANNEL_STATE_BUSY);
 1061              		.loc 1 511 7 is_stmt 1 view .LVU352
 1062 0030 0223     		movs	r3, #2
 523:Drivers/STM32F1xx_HAL_Driver/Src/stm32f1xx_hal_tim_ex.c **** 
 1063              		.loc 1 523 3 is_stmt 0 view .LVU353
 1064 0032 0246     		mov	r2, r0
 1065              	.LVL66:
 511:Drivers/STM32F1xx_HAL_Driver/Src/stm32f1xx_hal_tim_ex.c ****       TIM_CHANNEL_N_STATE_SET(htim, TIM_CHANNEL_1, HAL_TIM_CHANNEL_STATE_BUSY);
 1066              		.loc 1 511 7 view .LVU354
 1067 0034 84F83E30 		strb	r3, [r4, #62]
 512:Drivers/STM32F1xx_HAL_Driver/Src/stm32f1xx_hal_tim_ex.c ****     }
 1068              		.loc 1 512 7 is_stmt 1 view .LVU355
 523:Drivers/STM32F1xx_HAL_Driver/Src/stm32f1xx_hal_tim_ex.c **** 
 1069              		.loc 1 523 3 is_stmt 0 view .LVU356
 1070 0038 0021     		movs	r1, #0
 1071              	.LVL67:
 523:Drivers/STM32F1xx_HAL_Driver/Src/stm32f1xx_hal_tim_ex.c **** 
 1072              		.loc 1 523 3 view .LVU357
 1073 003a 2068     		ldr	r0, [r4]
 1074              	.LVL68:
 512:Drivers/STM32F1xx_HAL_Driver/Src/stm32f1xx_hal_tim_ex.c ****     }
 1075              		.loc 1 512 7 view .LVU358
 1076 003c 84F84230 		strb	r3, [r4, #66]
 523:Drivers/STM32F1xx_HAL_Driver/Src/stm32f1xx_hal_tim_ex.c **** 
 1077              		.loc 1 523 3 is_stmt 1 view .LVU359
 1078 0040 FFF7FEFF 		bl	TIM_CCxChannelCmd
 1079              	.LVL69:
 526:Drivers/STM32F1xx_HAL_Driver/Src/stm32f1xx_hal_tim_ex.c ****   htim->hdma[TIM_DMA_ID_CC1]->XferHalfCpltCallback = TIM_DMACaptureHalfCplt;
 1080              		.loc 1 526 3 view .LVU360
 526:Drivers/STM32F1xx_HAL_Driver/Src/stm32f1xx_hal_tim_ex.c ****   htim->hdma[TIM_DMA_ID_CC1]->XferHalfCpltCallback = TIM_DMACaptureHalfCplt;
 1081              		.loc 1 526 13 is_stmt 0 view .LVU361
 1082 0044 606A     		ldr	r0, [r4, #36]
 526:Drivers/STM32F1xx_HAL_Driver/Src/stm32f1xx_hal_tim_ex.c ****   htim->hdma[TIM_DMA_ID_CC1]->XferHalfCpltCallback = TIM_DMACaptureHalfCplt;
 1083              		.loc 1 526 48 view .LVU362
 1084 0046 164B     		ldr	r3, .L73
 532:Drivers/STM32F1xx_HAL_Driver/Src/stm32f1xx_hal_tim_ex.c ****   {
 1085              		.loc 1 532 62 view .LVU363
 1086 0048 2168     		ldr	r1, [r4]
 526:Drivers/STM32F1xx_HAL_Driver/Src/stm32f1xx_hal_tim_ex.c ****   htim->hdma[TIM_DMA_ID_CC1]->XferHalfCpltCallback = TIM_DMACaptureHalfCplt;
ARM GAS  C:\Users\airforce\AppData\Local\Temp\ccVTBrFk.s 			page 67


 1087              		.loc 1 526 48 view .LVU364
 1088 004a 8362     		str	r3, [r0, #40]
 527:Drivers/STM32F1xx_HAL_Driver/Src/stm32f1xx_hal_tim_ex.c ****   /* Set the DMA error callback */
 1089              		.loc 1 527 3 is_stmt 1 view .LVU365
 527:Drivers/STM32F1xx_HAL_Driver/Src/stm32f1xx_hal_tim_ex.c ****   /* Set the DMA error callback */
 1090              		.loc 1 527 52 is_stmt 0 view .LVU366
 1091 004c 154B     		ldr	r3, .L73+4
 532:Drivers/STM32F1xx_HAL_Driver/Src/stm32f1xx_hal_tim_ex.c ****   {
 1092              		.loc 1 532 7 view .LVU367
 1093 004e 3246     		mov	r2, r6
 527:Drivers/STM32F1xx_HAL_Driver/Src/stm32f1xx_hal_tim_ex.c ****   /* Set the DMA error callback */
 1094              		.loc 1 527 52 view .LVU368
 1095 0050 C362     		str	r3, [r0, #44]
 529:Drivers/STM32F1xx_HAL_Driver/Src/stm32f1xx_hal_tim_ex.c **** 
 1096              		.loc 1 529 3 is_stmt 1 view .LVU369
 529:Drivers/STM32F1xx_HAL_Driver/Src/stm32f1xx_hal_tim_ex.c **** 
 1097              		.loc 1 529 49 is_stmt 0 view .LVU370
 1098 0052 154B     		ldr	r3, .L73+8
 532:Drivers/STM32F1xx_HAL_Driver/Src/stm32f1xx_hal_tim_ex.c ****   {
 1099              		.loc 1 532 7 view .LVU371
 1100 0054 3431     		adds	r1, r1, #52
 529:Drivers/STM32F1xx_HAL_Driver/Src/stm32f1xx_hal_tim_ex.c **** 
 1101              		.loc 1 529 49 view .LVU372
 1102 0056 0363     		str	r3, [r0, #48]
 532:Drivers/STM32F1xx_HAL_Driver/Src/stm32f1xx_hal_tim_ex.c ****   {
 1103              		.loc 1 532 3 is_stmt 1 view .LVU373
 532:Drivers/STM32F1xx_HAL_Driver/Src/stm32f1xx_hal_tim_ex.c ****   {
 1104              		.loc 1 532 7 is_stmt 0 view .LVU374
 1105 0058 3B46     		mov	r3, r7
 1106 005a FFF7FEFF 		bl	HAL_DMA_Start_IT
 1107              	.LVL70:
 532:Drivers/STM32F1xx_HAL_Driver/Src/stm32f1xx_hal_tim_ex.c ****   {
 1108              		.loc 1 532 6 discriminator 1 view .LVU375
 1109 005e 0028     		cmp	r0, #0
 1110 0060 DED1     		bne	.L55
 538:Drivers/STM32F1xx_HAL_Driver/Src/stm32f1xx_hal_tim_ex.c **** 
 1111              		.loc 1 538 3 is_stmt 1 view .LVU376
 1112 0062 2368     		ldr	r3, [r4]
 1113 0064 DA68     		ldr	r2, [r3, #12]
 1114 0066 42F40072 		orr	r2, r2, #512
 1115 006a DA60     		str	r2, [r3, #12]
 541:Drivers/STM32F1xx_HAL_Driver/Src/stm32f1xx_hal_tim_ex.c ****   {
 1116              		.loc 1 541 3 view .LVU377
 541:Drivers/STM32F1xx_HAL_Driver/Src/stm32f1xx_hal_tim_ex.c ****   {
 1117              		.loc 1 541 6 is_stmt 0 view .LVU378
 1118 006c 0F4A     		ldr	r2, .L73+12
 1119 006e 9342     		cmp	r3, r2
 1120 0070 0AD0     		beq	.L56
 541:Drivers/STM32F1xx_HAL_Driver/Src/stm32f1xx_hal_tim_ex.c ****   {
 1121              		.loc 1 541 7 discriminator 1 view .LVU379
 1122 0072 B3F1804F 		cmp	r3, #1073741824
 1123 0076 07D0     		beq	.L56
 541:Drivers/STM32F1xx_HAL_Driver/Src/stm32f1xx_hal_tim_ex.c ****   {
 1124              		.loc 1 541 7 discriminator 2 view .LVU380
 1125 0078 A2F59432 		sub	r2, r2, #75776
 1126 007c 9342     		cmp	r3, r2
 1127 007e 03D0     		beq	.L56
ARM GAS  C:\Users\airforce\AppData\Local\Temp\ccVTBrFk.s 			page 68


 541:Drivers/STM32F1xx_HAL_Driver/Src/stm32f1xx_hal_tim_ex.c ****   {
 1128              		.loc 1 541 7 discriminator 3 view .LVU381
 1129 0080 02F58062 		add	r2, r2, #1024
 1130 0084 9342     		cmp	r3, r2
 1131 0086 04D1     		bne	.L57
 1132              	.L56:
 543:Drivers/STM32F1xx_HAL_Driver/Src/stm32f1xx_hal_tim_ex.c ****     if (!IS_TIM_SLAVEMODE_TRIGGER_ENABLED(tmpsmcr))
 1133              		.loc 1 543 5 is_stmt 1 view .LVU382
 543:Drivers/STM32F1xx_HAL_Driver/Src/stm32f1xx_hal_tim_ex.c ****     if (!IS_TIM_SLAVEMODE_TRIGGER_ENABLED(tmpsmcr))
 1134              		.loc 1 543 29 is_stmt 0 view .LVU383
 1135 0088 9A68     		ldr	r2, [r3, #8]
 1136              	.LVL71:
 544:Drivers/STM32F1xx_HAL_Driver/Src/stm32f1xx_hal_tim_ex.c ****     {
 1137              		.loc 1 544 5 is_stmt 1 view .LVU384
 543:Drivers/STM32F1xx_HAL_Driver/Src/stm32f1xx_hal_tim_ex.c ****     if (!IS_TIM_SLAVEMODE_TRIGGER_ENABLED(tmpsmcr))
 1138              		.loc 1 543 13 is_stmt 0 view .LVU385
 1139 008a 02F00702 		and	r2, r2, #7
 1140              	.LVL72:
 544:Drivers/STM32F1xx_HAL_Driver/Src/stm32f1xx_hal_tim_ex.c ****     {
 1141              		.loc 1 544 8 view .LVU386
 1142 008e 062A     		cmp	r2, #6
 1143 0090 C7D0     		beq	.L53
 1144              	.LVL73:
 1145              	.L57:
 551:Drivers/STM32F1xx_HAL_Driver/Src/stm32f1xx_hal_tim_ex.c ****   }
 1146              		.loc 1 551 5 is_stmt 1 view .LVU387
 1147 0092 1A68     		ldr	r2, [r3]
 1148 0094 42F00102 		orr	r2, r2, #1
 1149 0098 1A60     		str	r2, [r3]
 1150 009a C2E7     		b	.L53
 1151              	.LVL74:
 1152              	.L60:
 500:Drivers/STM32F1xx_HAL_Driver/Src/stm32f1xx_hal_tim_ex.c ****   }
 1153              		.loc 1 500 12 is_stmt 0 view .LVU388
 1154 009c 2846     		mov	r0, r5
 1155              	.LVL75:
 500:Drivers/STM32F1xx_HAL_Driver/Src/stm32f1xx_hal_tim_ex.c ****   }
 1156              		.loc 1 500 12 view .LVU389
 1157 009e C0E7     		b	.L53
 1158              	.L74:
 1159              		.align	2
 1160              	.L73:
 1161 00a0 00000000 		.word	TIM_DMACaptureCplt
 1162 00a4 00000000 		.word	TIM_DMACaptureHalfCplt
 1163 00a8 00000000 		.word	TIM_DMAError
 1164 00ac 002C0140 		.word	1073818624
 1165              		.cfi_endproc
 1166              	.LFE73:
 1168              		.section	.text.HAL_TIMEx_HallSensor_Stop_DMA,"ax",%progbits
 1169              		.align	1
 1170              		.global	HAL_TIMEx_HallSensor_Stop_DMA
 1171              		.syntax unified
 1172              		.thumb
 1173              		.thumb_func
 1175              	HAL_TIMEx_HallSensor_Stop_DMA:
 1176              	.LVL76:
 1177              	.LFB74:
ARM GAS  C:\Users\airforce\AppData\Local\Temp\ccVTBrFk.s 			page 69


 564:Drivers/STM32F1xx_HAL_Driver/Src/stm32f1xx_hal_tim_ex.c ****   /* Check the parameters */
 1178              		.loc 1 564 1 is_stmt 1 view -0
 1179              		.cfi_startproc
 1180              		@ args = 0, pretend = 0, frame = 0
 1181              		@ frame_needed = 0, uses_anonymous_args = 0
 566:Drivers/STM32F1xx_HAL_Driver/Src/stm32f1xx_hal_tim_ex.c **** 
 1182              		.loc 1 566 3 view .LVU391
 571:Drivers/STM32F1xx_HAL_Driver/Src/stm32f1xx_hal_tim_ex.c **** 
 1183              		.loc 1 571 3 view .LVU392
 1184 0000 0022     		movs	r2, #0
 564:Drivers/STM32F1xx_HAL_Driver/Src/stm32f1xx_hal_tim_ex.c ****   /* Check the parameters */
 1185              		.loc 1 564 1 is_stmt 0 view .LVU393
 1186 0002 10B5     		push	{r4, lr}
 1187              	.LCFI13:
 1188              		.cfi_def_cfa_offset 8
 1189              		.cfi_offset 4, -8
 1190              		.cfi_offset 14, -4
 564:Drivers/STM32F1xx_HAL_Driver/Src/stm32f1xx_hal_tim_ex.c ****   /* Check the parameters */
 1191              		.loc 1 564 1 view .LVU394
 1192 0004 0446     		mov	r4, r0
 571:Drivers/STM32F1xx_HAL_Driver/Src/stm32f1xx_hal_tim_ex.c **** 
 1193              		.loc 1 571 3 view .LVU395
 1194 0006 1146     		mov	r1, r2
 1195 0008 0068     		ldr	r0, [r0]
 1196              	.LVL77:
 571:Drivers/STM32F1xx_HAL_Driver/Src/stm32f1xx_hal_tim_ex.c **** 
 1197              		.loc 1 571 3 view .LVU396
 1198 000a FFF7FEFF 		bl	TIM_CCxChannelCmd
 1199              	.LVL78:
 575:Drivers/STM32F1xx_HAL_Driver/Src/stm32f1xx_hal_tim_ex.c **** 
 1200              		.loc 1 575 3 is_stmt 1 view .LVU397
 1201 000e 2268     		ldr	r2, [r4]
 577:Drivers/STM32F1xx_HAL_Driver/Src/stm32f1xx_hal_tim_ex.c **** 
 1202              		.loc 1 577 9 is_stmt 0 view .LVU398
 1203 0010 606A     		ldr	r0, [r4, #36]
 575:Drivers/STM32F1xx_HAL_Driver/Src/stm32f1xx_hal_tim_ex.c **** 
 1204              		.loc 1 575 3 view .LVU399
 1205 0012 D368     		ldr	r3, [r2, #12]
 1206 0014 23F40073 		bic	r3, r3, #512
 1207 0018 D360     		str	r3, [r2, #12]
 577:Drivers/STM32F1xx_HAL_Driver/Src/stm32f1xx_hal_tim_ex.c **** 
 1208              		.loc 1 577 3 is_stmt 1 view .LVU400
 577:Drivers/STM32F1xx_HAL_Driver/Src/stm32f1xx_hal_tim_ex.c **** 
 1209              		.loc 1 577 9 is_stmt 0 view .LVU401
 1210 001a FFF7FEFF 		bl	HAL_DMA_Abort_IT
 1211              	.LVL79:
 580:Drivers/STM32F1xx_HAL_Driver/Src/stm32f1xx_hal_tim_ex.c **** 
 1212              		.loc 1 580 3 is_stmt 1 view .LVU402
 580:Drivers/STM32F1xx_HAL_Driver/Src/stm32f1xx_hal_tim_ex.c **** 
 1213              		.loc 1 580 3 view .LVU403
 1214 001e 41F21112 		movw	r2, #4369
 1215 0022 2368     		ldr	r3, [r4]
 1216 0024 196A     		ldr	r1, [r3, #32]
 1217 0026 1142     		tst	r1, r2
 1218 0028 08D1     		bne	.L76
 580:Drivers/STM32F1xx_HAL_Driver/Src/stm32f1xx_hal_tim_ex.c **** 
 1219              		.loc 1 580 3 discriminator 1 view .LVU404
ARM GAS  C:\Users\airforce\AppData\Local\Temp\ccVTBrFk.s 			page 70


 1220 002a 40F24442 		movw	r2, #1092
 1221 002e 196A     		ldr	r1, [r3, #32]
 1222 0030 1142     		tst	r1, r2
 580:Drivers/STM32F1xx_HAL_Driver/Src/stm32f1xx_hal_tim_ex.c **** 
 1223              		.loc 1 580 3 discriminator 3 view .LVU405
 1224 0032 02BF     		ittt	eq
 1225 0034 1A68     		ldreq	r2, [r3]
 1226 0036 22F00102 		biceq	r2, r2, #1
 1227 003a 1A60     		streq	r2, [r3]
 1228              	.L76:
 580:Drivers/STM32F1xx_HAL_Driver/Src/stm32f1xx_hal_tim_ex.c **** 
 1229              		.loc 1 580 3 discriminator 5 view .LVU406
 583:Drivers/STM32F1xx_HAL_Driver/Src/stm32f1xx_hal_tim_ex.c ****   TIM_CHANNEL_N_STATE_SET(htim, TIM_CHANNEL_1, HAL_TIM_CHANNEL_STATE_READY);
 1230              		.loc 1 583 3 view .LVU407
 1231 003c 0123     		movs	r3, #1
 1232 003e 84F83E30 		strb	r3, [r4, #62]
 584:Drivers/STM32F1xx_HAL_Driver/Src/stm32f1xx_hal_tim_ex.c **** 
 1233              		.loc 1 584 3 view .LVU408
 1234 0042 84F84230 		strb	r3, [r4, #66]
 587:Drivers/STM32F1xx_HAL_Driver/Src/stm32f1xx_hal_tim_ex.c **** }
 1235              		.loc 1 587 3 view .LVU409
 588:Drivers/STM32F1xx_HAL_Driver/Src/stm32f1xx_hal_tim_ex.c **** 
 1236              		.loc 1 588 1 is_stmt 0 view .LVU410
 1237 0046 0020     		movs	r0, #0
 1238 0048 10BD     		pop	{r4, pc}
 588:Drivers/STM32F1xx_HAL_Driver/Src/stm32f1xx_hal_tim_ex.c **** 
 1239              		.loc 1 588 1 view .LVU411
 1240              		.cfi_endproc
 1241              	.LFE74:
 1243              		.section	.text.HAL_TIMEx_OCN_Start,"ax",%progbits
 1244              		.align	1
 1245              		.global	HAL_TIMEx_OCN_Start
 1246              		.syntax unified
 1247              		.thumb
 1248              		.thumb_func
 1250              	HAL_TIMEx_OCN_Start:
 1251              	.LVL80:
 1252              	.LFB75:
 626:Drivers/STM32F1xx_HAL_Driver/Src/stm32f1xx_hal_tim_ex.c ****   uint32_t tmpsmcr;
 1253              		.loc 1 626 1 is_stmt 1 view -0
 1254              		.cfi_startproc
 1255              		@ args = 0, pretend = 0, frame = 0
 1256              		@ frame_needed = 0, uses_anonymous_args = 0
 627:Drivers/STM32F1xx_HAL_Driver/Src/stm32f1xx_hal_tim_ex.c **** 
 1257              		.loc 1 627 3 view .LVU413
 630:Drivers/STM32F1xx_HAL_Driver/Src/stm32f1xx_hal_tim_ex.c **** 
 1258              		.loc 1 630 3 view .LVU414
 633:Drivers/STM32F1xx_HAL_Driver/Src/stm32f1xx_hal_tim_ex.c ****   {
 1259              		.loc 1 633 3 view .LVU415
 626:Drivers/STM32F1xx_HAL_Driver/Src/stm32f1xx_hal_tim_ex.c ****   uint32_t tmpsmcr;
 1260              		.loc 1 626 1 is_stmt 0 view .LVU416
 1261 0000 08B5     		push	{r3, lr}
 1262              	.LCFI14:
 1263              		.cfi_def_cfa_offset 8
 1264              		.cfi_offset 3, -8
 1265              		.cfi_offset 14, -4
 633:Drivers/STM32F1xx_HAL_Driver/Src/stm32f1xx_hal_tim_ex.c ****   {
ARM GAS  C:\Users\airforce\AppData\Local\Temp\ccVTBrFk.s 			page 71


 1266              		.loc 1 633 46 view .LVU417
 1267 0002 29B9     		cbnz	r1, .L78
 633:Drivers/STM32F1xx_HAL_Driver/Src/stm32f1xx_hal_tim_ex.c ****   {
 1268              		.loc 1 633 7 discriminator 1 view .LVU418
 1269 0004 90F84230 		ldrb	r3, [r0, #66]	@ zero_extendqisi2
 633:Drivers/STM32F1xx_HAL_Driver/Src/stm32f1xx_hal_tim_ex.c ****   {
 1270              		.loc 1 633 6 discriminator 12 view .LVU419
 1271 0008 012B     		cmp	r3, #1
 1272 000a 1DD0     		beq	.L100
 1273              	.L93:
 635:Drivers/STM32F1xx_HAL_Driver/Src/stm32f1xx_hal_tim_ex.c ****   }
 1274              		.loc 1 635 12 view .LVU420
 1275 000c 0120     		movs	r0, #1
 1276              	.LVL81:
 635:Drivers/STM32F1xx_HAL_Driver/Src/stm32f1xx_hal_tim_ex.c ****   }
 1277              		.loc 1 635 12 view .LVU421
 1278 000e 3EE0     		b	.L79
 1279              	.LVL82:
 1280              	.L78:
 633:Drivers/STM32F1xx_HAL_Driver/Src/stm32f1xx_hal_tim_ex.c ****   {
 1281              		.loc 1 633 46 discriminator 2 view .LVU422
 1282 0010 0429     		cmp	r1, #4
 1283 0012 07D1     		bne	.L81
 633:Drivers/STM32F1xx_HAL_Driver/Src/stm32f1xx_hal_tim_ex.c ****   {
 1284              		.loc 1 633 7 discriminator 4 view .LVU423
 1285 0014 90F84330 		ldrb	r3, [r0, #67]	@ zero_extendqisi2
 633:Drivers/STM32F1xx_HAL_Driver/Src/stm32f1xx_hal_tim_ex.c ****   {
 1286              		.loc 1 633 6 discriminator 12 view .LVU424
 1287 0018 012B     		cmp	r3, #1
 1288 001a F7D1     		bne	.L93
 639:Drivers/STM32F1xx_HAL_Driver/Src/stm32f1xx_hal_tim_ex.c **** 
 1289              		.loc 1 639 3 discriminator 3 view .LVU425
 1290 001c 0223     		movs	r3, #2
 1291 001e 80F84330 		strb	r3, [r0, #67]
 1292 0022 14E0     		b	.L86
 1293              	.L81:
 633:Drivers/STM32F1xx_HAL_Driver/Src/stm32f1xx_hal_tim_ex.c ****   {
 1294              		.loc 1 633 46 discriminator 5 view .LVU426
 1295 0024 0829     		cmp	r1, #8
 1296 0026 07D1     		bne	.L83
 633:Drivers/STM32F1xx_HAL_Driver/Src/stm32f1xx_hal_tim_ex.c ****   {
 1297              		.loc 1 633 7 discriminator 7 view .LVU427
 1298 0028 90F84430 		ldrb	r3, [r0, #68]	@ zero_extendqisi2
 633:Drivers/STM32F1xx_HAL_Driver/Src/stm32f1xx_hal_tim_ex.c ****   {
 1299              		.loc 1 633 6 discriminator 12 view .LVU428
 1300 002c 012B     		cmp	r3, #1
 1301 002e EDD1     		bne	.L93
 639:Drivers/STM32F1xx_HAL_Driver/Src/stm32f1xx_hal_tim_ex.c **** 
 1302              		.loc 1 639 3 discriminator 6 view .LVU429
 1303 0030 0223     		movs	r3, #2
 1304 0032 80F84430 		strb	r3, [r0, #68]
 1305 0036 0AE0     		b	.L86
 1306              	.L83:
 633:Drivers/STM32F1xx_HAL_Driver/Src/stm32f1xx_hal_tim_ex.c ****   {
 1307              		.loc 1 633 7 discriminator 8 view .LVU430
 1308 0038 90F84530 		ldrb	r3, [r0, #69]	@ zero_extendqisi2
 633:Drivers/STM32F1xx_HAL_Driver/Src/stm32f1xx_hal_tim_ex.c ****   {
ARM GAS  C:\Users\airforce\AppData\Local\Temp\ccVTBrFk.s 			page 72


 1309              		.loc 1 633 6 discriminator 12 view .LVU431
 1310 003c 012B     		cmp	r3, #1
 1311 003e E5D1     		bne	.L93
 639:Drivers/STM32F1xx_HAL_Driver/Src/stm32f1xx_hal_tim_ex.c **** 
 1312              		.loc 1 639 3 is_stmt 1 view .LVU432
 639:Drivers/STM32F1xx_HAL_Driver/Src/stm32f1xx_hal_tim_ex.c **** 
 1313              		.loc 1 639 3 is_stmt 0 discriminator 7 view .LVU433
 1314 0040 0223     		movs	r3, #2
 1315 0042 80F84530 		strb	r3, [r0, #69]
 1316 0046 02E0     		b	.L86
 1317              	.L100:
 639:Drivers/STM32F1xx_HAL_Driver/Src/stm32f1xx_hal_tim_ex.c **** 
 1318              		.loc 1 639 3 discriminator 1 view .LVU434
 1319 0048 0223     		movs	r3, #2
 1320 004a 80F84230 		strb	r3, [r0, #66]
 1321              	.L86:
 642:Drivers/STM32F1xx_HAL_Driver/Src/stm32f1xx_hal_tim_ex.c **** 
 1322              		.loc 1 642 3 is_stmt 1 view .LVU435
 1323 004e 0068     		ldr	r0, [r0]
 1324              	.LVL83:
 642:Drivers/STM32F1xx_HAL_Driver/Src/stm32f1xx_hal_tim_ex.c **** 
 1325              		.loc 1 642 3 is_stmt 0 view .LVU436
 1326 0050 0422     		movs	r2, #4
 1327 0052 FFF7FEFF 		bl	TIM_CCxNChannelCmd
 1328              	.LVL84:
 645:Drivers/STM32F1xx_HAL_Driver/Src/stm32f1xx_hal_tim_ex.c **** 
 1329              		.loc 1 645 3 is_stmt 1 view .LVU437
 1330 0056 436C     		ldr	r3, [r0, #68]
 1331 0058 43F40043 		orr	r3, r3, #32768
 1332 005c 4364     		str	r3, [r0, #68]
 648:Drivers/STM32F1xx_HAL_Driver/Src/stm32f1xx_hal_tim_ex.c ****   {
 1333              		.loc 1 648 3 view .LVU438
 648:Drivers/STM32F1xx_HAL_Driver/Src/stm32f1xx_hal_tim_ex.c ****   {
 1334              		.loc 1 648 6 is_stmt 0 view .LVU439
 1335 005e 0C4B     		ldr	r3, .L105
 1336 0060 9842     		cmp	r0, r3
 1337 0062 0AD0     		beq	.L87
 648:Drivers/STM32F1xx_HAL_Driver/Src/stm32f1xx_hal_tim_ex.c ****   {
 1338              		.loc 1 648 7 discriminator 1 view .LVU440
 1339 0064 B0F1804F 		cmp	r0, #1073741824
 1340 0068 07D0     		beq	.L87
 648:Drivers/STM32F1xx_HAL_Driver/Src/stm32f1xx_hal_tim_ex.c ****   {
 1341              		.loc 1 648 7 discriminator 2 view .LVU441
 1342 006a A3F59433 		sub	r3, r3, #75776
 1343 006e 9842     		cmp	r0, r3
 1344 0070 03D0     		beq	.L87
 648:Drivers/STM32F1xx_HAL_Driver/Src/stm32f1xx_hal_tim_ex.c ****   {
 1345              		.loc 1 648 7 discriminator 3 view .LVU442
 1346 0072 03F58063 		add	r3, r3, #1024
 1347 0076 9842     		cmp	r0, r3
 1348 0078 04D1     		bne	.L104
 1349              	.L87:
 650:Drivers/STM32F1xx_HAL_Driver/Src/stm32f1xx_hal_tim_ex.c ****     if (!IS_TIM_SLAVEMODE_TRIGGER_ENABLED(tmpsmcr))
 1350              		.loc 1 650 5 is_stmt 1 view .LVU443
 650:Drivers/STM32F1xx_HAL_Driver/Src/stm32f1xx_hal_tim_ex.c ****     if (!IS_TIM_SLAVEMODE_TRIGGER_ENABLED(tmpsmcr))
 1351              		.loc 1 650 29 is_stmt 0 view .LVU444
 1352 007a 8368     		ldr	r3, [r0, #8]
ARM GAS  C:\Users\airforce\AppData\Local\Temp\ccVTBrFk.s 			page 73


 1353              	.LVL85:
 651:Drivers/STM32F1xx_HAL_Driver/Src/stm32f1xx_hal_tim_ex.c ****     {
 1354              		.loc 1 651 5 is_stmt 1 view .LVU445
 650:Drivers/STM32F1xx_HAL_Driver/Src/stm32f1xx_hal_tim_ex.c ****     if (!IS_TIM_SLAVEMODE_TRIGGER_ENABLED(tmpsmcr))
 1355              		.loc 1 650 13 is_stmt 0 view .LVU446
 1356 007c 03F00703 		and	r3, r3, #7
 1357              	.LVL86:
 651:Drivers/STM32F1xx_HAL_Driver/Src/stm32f1xx_hal_tim_ex.c ****     {
 1358              		.loc 1 651 8 view .LVU447
 1359 0080 062B     		cmp	r3, #6
 1360 0082 03D0     		beq	.L89
 1361              	.LVL87:
 1362              	.L104:
 653:Drivers/STM32F1xx_HAL_Driver/Src/stm32f1xx_hal_tim_ex.c ****     }
 1363              		.loc 1 653 7 is_stmt 1 view .LVU448
 1364 0084 0368     		ldr	r3, [r0]
 1365 0086 43F00103 		orr	r3, r3, #1
 1366 008a 0360     		str	r3, [r0]
 1367              	.L89:
 662:Drivers/STM32F1xx_HAL_Driver/Src/stm32f1xx_hal_tim_ex.c **** }
 1368              		.loc 1 662 10 is_stmt 0 view .LVU449
 1369 008c 0020     		movs	r0, #0
 1370              	.L79:
 663:Drivers/STM32F1xx_HAL_Driver/Src/stm32f1xx_hal_tim_ex.c **** 
 1371              		.loc 1 663 1 view .LVU450
 1372 008e 08BD     		pop	{r3, pc}
 1373              	.L106:
 1374              		.align	2
 1375              	.L105:
 1376 0090 002C0140 		.word	1073818624
 1377              		.cfi_endproc
 1378              	.LFE75:
 1380              		.section	.text.HAL_TIMEx_OCN_Stop,"ax",%progbits
 1381              		.align	1
 1382              		.global	HAL_TIMEx_OCN_Stop
 1383              		.syntax unified
 1384              		.thumb
 1385              		.thumb_func
 1387              	HAL_TIMEx_OCN_Stop:
 1388              	.LVL88:
 1389              	.LFB76:
 677:Drivers/STM32F1xx_HAL_Driver/Src/stm32f1xx_hal_tim_ex.c ****   /* Check the parameters */
 1390              		.loc 1 677 1 is_stmt 1 view -0
 1391              		.cfi_startproc
 1392              		@ args = 0, pretend = 0, frame = 0
 1393              		@ frame_needed = 0, uses_anonymous_args = 0
 679:Drivers/STM32F1xx_HAL_Driver/Src/stm32f1xx_hal_tim_ex.c **** 
 1394              		.loc 1 679 3 view .LVU452
 682:Drivers/STM32F1xx_HAL_Driver/Src/stm32f1xx_hal_tim_ex.c **** 
 1395              		.loc 1 682 3 view .LVU453
 677:Drivers/STM32F1xx_HAL_Driver/Src/stm32f1xx_hal_tim_ex.c ****   /* Check the parameters */
 1396              		.loc 1 677 1 is_stmt 0 view .LVU454
 1397 0000 38B5     		push	{r3, r4, r5, lr}
 1398              	.LCFI15:
 1399              		.cfi_def_cfa_offset 16
 1400              		.cfi_offset 3, -16
 1401              		.cfi_offset 4, -12
ARM GAS  C:\Users\airforce\AppData\Local\Temp\ccVTBrFk.s 			page 74


 1402              		.cfi_offset 5, -8
 1403              		.cfi_offset 14, -4
 682:Drivers/STM32F1xx_HAL_Driver/Src/stm32f1xx_hal_tim_ex.c **** 
 1404              		.loc 1 682 3 view .LVU455
 1405 0002 0022     		movs	r2, #0
 677:Drivers/STM32F1xx_HAL_Driver/Src/stm32f1xx_hal_tim_ex.c ****   /* Check the parameters */
 1406              		.loc 1 677 1 view .LVU456
 1407 0004 0446     		mov	r4, r0
 682:Drivers/STM32F1xx_HAL_Driver/Src/stm32f1xx_hal_tim_ex.c **** 
 1408              		.loc 1 682 3 view .LVU457
 1409 0006 0068     		ldr	r0, [r0]
 1410              	.LVL89:
 677:Drivers/STM32F1xx_HAL_Driver/Src/stm32f1xx_hal_tim_ex.c ****   /* Check the parameters */
 1411              		.loc 1 677 1 view .LVU458
 1412 0008 0D46     		mov	r5, r1
 682:Drivers/STM32F1xx_HAL_Driver/Src/stm32f1xx_hal_tim_ex.c **** 
 1413              		.loc 1 682 3 view .LVU459
 1414 000a FFF7FEFF 		bl	TIM_CCxNChannelCmd
 1415              	.LVL90:
 685:Drivers/STM32F1xx_HAL_Driver/Src/stm32f1xx_hal_tim_ex.c **** 
 1416              		.loc 1 685 3 is_stmt 1 view .LVU460
 685:Drivers/STM32F1xx_HAL_Driver/Src/stm32f1xx_hal_tim_ex.c **** 
 1417              		.loc 1 685 3 view .LVU461
 1418 000e 41F21113 		movw	r3, #4369
 1419 0012 026A     		ldr	r2, [r0, #32]
 1420 0014 1A42     		tst	r2, r3
 1421 0016 08D1     		bne	.L108
 685:Drivers/STM32F1xx_HAL_Driver/Src/stm32f1xx_hal_tim_ex.c **** 
 1422              		.loc 1 685 3 discriminator 1 view .LVU462
 1423 0018 40F24443 		movw	r3, #1092
 1424 001c 026A     		ldr	r2, [r0, #32]
 1425 001e 1A42     		tst	r2, r3
 685:Drivers/STM32F1xx_HAL_Driver/Src/stm32f1xx_hal_tim_ex.c **** 
 1426              		.loc 1 685 3 discriminator 3 view .LVU463
 1427 0020 02BF     		ittt	eq
 1428 0022 436C     		ldreq	r3, [r0, #68]
 1429 0024 23F40043 		biceq	r3, r3, #32768
 1430 0028 4364     		streq	r3, [r0, #68]
 1431              	.L108:
 685:Drivers/STM32F1xx_HAL_Driver/Src/stm32f1xx_hal_tim_ex.c **** 
 1432              		.loc 1 685 3 discriminator 5 view .LVU464
 688:Drivers/STM32F1xx_HAL_Driver/Src/stm32f1xx_hal_tim_ex.c **** 
 1433              		.loc 1 688 3 view .LVU465
 688:Drivers/STM32F1xx_HAL_Driver/Src/stm32f1xx_hal_tim_ex.c **** 
 1434              		.loc 1 688 3 view .LVU466
 1435 002a 41F21113 		movw	r3, #4369
 1436 002e 026A     		ldr	r2, [r0, #32]
 1437 0030 1A42     		tst	r2, r3
 1438 0032 08D1     		bne	.L109
 688:Drivers/STM32F1xx_HAL_Driver/Src/stm32f1xx_hal_tim_ex.c **** 
 1439              		.loc 1 688 3 discriminator 1 view .LVU467
 1440 0034 40F24443 		movw	r3, #1092
 1441 0038 026A     		ldr	r2, [r0, #32]
 1442 003a 1A42     		tst	r2, r3
 688:Drivers/STM32F1xx_HAL_Driver/Src/stm32f1xx_hal_tim_ex.c **** 
 1443              		.loc 1 688 3 discriminator 3 view .LVU468
 1444 003c 02BF     		ittt	eq
ARM GAS  C:\Users\airforce\AppData\Local\Temp\ccVTBrFk.s 			page 75


 1445 003e 0368     		ldreq	r3, [r0]
 1446 0040 23F00103 		biceq	r3, r3, #1
 1447 0044 0360     		streq	r3, [r0]
 1448              	.L109:
 688:Drivers/STM32F1xx_HAL_Driver/Src/stm32f1xx_hal_tim_ex.c **** 
 1449              		.loc 1 688 3 discriminator 5 view .LVU469
 691:Drivers/STM32F1xx_HAL_Driver/Src/stm32f1xx_hal_tim_ex.c **** 
 1450              		.loc 1 691 3 view .LVU470
 1451 0046 0123     		movs	r3, #1
 1452 0048 1DB9     		cbnz	r5, .L110
 691:Drivers/STM32F1xx_HAL_Driver/Src/stm32f1xx_hal_tim_ex.c **** 
 1453              		.loc 1 691 3 is_stmt 0 discriminator 1 view .LVU471
 1454 004a 84F84230 		strb	r3, [r4, #66]
 1455              	.L111:
 694:Drivers/STM32F1xx_HAL_Driver/Src/stm32f1xx_hal_tim_ex.c **** }
 1456              		.loc 1 694 3 is_stmt 1 view .LVU472
 695:Drivers/STM32F1xx_HAL_Driver/Src/stm32f1xx_hal_tim_ex.c **** 
 1457              		.loc 1 695 1 is_stmt 0 view .LVU473
 1458 004e 0020     		movs	r0, #0
 1459 0050 38BD     		pop	{r3, r4, r5, pc}
 1460              	.LVL91:
 1461              	.L110:
 691:Drivers/STM32F1xx_HAL_Driver/Src/stm32f1xx_hal_tim_ex.c **** 
 1462              		.loc 1 691 3 discriminator 2 view .LVU474
 1463 0052 042D     		cmp	r5, #4
 1464 0054 02D1     		bne	.L112
 691:Drivers/STM32F1xx_HAL_Driver/Src/stm32f1xx_hal_tim_ex.c **** 
 1465              		.loc 1 691 3 discriminator 3 view .LVU475
 1466 0056 84F84330 		strb	r3, [r4, #67]
 1467 005a F8E7     		b	.L111
 1468              	.L112:
 691:Drivers/STM32F1xx_HAL_Driver/Src/stm32f1xx_hal_tim_ex.c **** 
 1469              		.loc 1 691 3 discriminator 4 view .LVU476
 1470 005c 082D     		cmp	r5, #8
 691:Drivers/STM32F1xx_HAL_Driver/Src/stm32f1xx_hal_tim_ex.c **** 
 1471              		.loc 1 691 3 discriminator 6 view .LVU477
 1472 005e 0CBF     		ite	eq
 1473 0060 84F84430 		strbeq	r3, [r4, #68]
 691:Drivers/STM32F1xx_HAL_Driver/Src/stm32f1xx_hal_tim_ex.c **** 
 1474              		.loc 1 691 3 discriminator 7 view .LVU478
 1475 0064 84F84530 		strbne	r3, [r4, #69]
 1476 0068 F1E7     		b	.L111
 1477              		.cfi_endproc
 1478              	.LFE76:
 1480              		.section	.text.HAL_TIMEx_OCN_Start_IT,"ax",%progbits
 1481              		.align	1
 1482              		.global	HAL_TIMEx_OCN_Start_IT
 1483              		.syntax unified
 1484              		.thumb
 1485              		.thumb_func
 1487              	HAL_TIMEx_OCN_Start_IT:
 1488              	.LVL92:
 1489              	.LFB77:
 709:Drivers/STM32F1xx_HAL_Driver/Src/stm32f1xx_hal_tim_ex.c ****   HAL_StatusTypeDef status = HAL_OK;
 1490              		.loc 1 709 1 is_stmt 1 view -0
 1491              		.cfi_startproc
 1492              		@ args = 0, pretend = 0, frame = 0
ARM GAS  C:\Users\airforce\AppData\Local\Temp\ccVTBrFk.s 			page 76


 1493              		@ frame_needed = 0, uses_anonymous_args = 0
 710:Drivers/STM32F1xx_HAL_Driver/Src/stm32f1xx_hal_tim_ex.c ****   uint32_t tmpsmcr;
 1494              		.loc 1 710 3 view .LVU480
 711:Drivers/STM32F1xx_HAL_Driver/Src/stm32f1xx_hal_tim_ex.c **** 
 1495              		.loc 1 711 3 view .LVU481
 714:Drivers/STM32F1xx_HAL_Driver/Src/stm32f1xx_hal_tim_ex.c **** 
 1496              		.loc 1 714 3 view .LVU482
 717:Drivers/STM32F1xx_HAL_Driver/Src/stm32f1xx_hal_tim_ex.c ****   {
 1497              		.loc 1 717 3 view .LVU483
 709:Drivers/STM32F1xx_HAL_Driver/Src/stm32f1xx_hal_tim_ex.c ****   HAL_StatusTypeDef status = HAL_OK;
 1498              		.loc 1 709 1 is_stmt 0 view .LVU484
 1499 0000 08B5     		push	{r3, lr}
 1500              	.LCFI16:
 1501              		.cfi_def_cfa_offset 8
 1502              		.cfi_offset 3, -8
 1503              		.cfi_offset 14, -4
 717:Drivers/STM32F1xx_HAL_Driver/Src/stm32f1xx_hal_tim_ex.c ****   {
 1504              		.loc 1 717 46 view .LVU485
 1505 0002 29B9     		cbnz	r1, .L115
 717:Drivers/STM32F1xx_HAL_Driver/Src/stm32f1xx_hal_tim_ex.c ****   {
 1506              		.loc 1 717 7 discriminator 1 view .LVU486
 1507 0004 90F84230 		ldrb	r3, [r0, #66]	@ zero_extendqisi2
 717:Drivers/STM32F1xx_HAL_Driver/Src/stm32f1xx_hal_tim_ex.c ****   {
 1508              		.loc 1 717 6 discriminator 12 view .LVU487
 1509 0008 012B     		cmp	r3, #1
 1510 000a 25D0     		beq	.L132
 1511              	.L116:
 709:Drivers/STM32F1xx_HAL_Driver/Src/stm32f1xx_hal_tim_ex.c ****   HAL_StatusTypeDef status = HAL_OK;
 1512              		.loc 1 709 1 view .LVU488
 1513 000c 0120     		movs	r0, #1
 1514              	.LVL93:
 709:Drivers/STM32F1xx_HAL_Driver/Src/stm32f1xx_hal_tim_ex.c ****   HAL_StatusTypeDef status = HAL_OK;
 1515              		.loc 1 709 1 view .LVU489
 1516 000e 4AE0     		b	.L127
 1517              	.LVL94:
 1518              	.L115:
 717:Drivers/STM32F1xx_HAL_Driver/Src/stm32f1xx_hal_tim_ex.c ****   {
 1519              		.loc 1 717 46 discriminator 2 view .LVU490
 1520 0010 0429     		cmp	r1, #4
 1521 0012 0BD1     		bne	.L118
 717:Drivers/STM32F1xx_HAL_Driver/Src/stm32f1xx_hal_tim_ex.c ****   {
 1522              		.loc 1 717 7 discriminator 4 view .LVU491
 1523 0014 90F84330 		ldrb	r3, [r0, #67]	@ zero_extendqisi2
 717:Drivers/STM32F1xx_HAL_Driver/Src/stm32f1xx_hal_tim_ex.c ****   {
 1524              		.loc 1 717 6 discriminator 12 view .LVU492
 1525 0018 012B     		cmp	r3, #1
 1526 001a F7D1     		bne	.L116
 723:Drivers/STM32F1xx_HAL_Driver/Src/stm32f1xx_hal_tim_ex.c **** 
 1527              		.loc 1 723 3 discriminator 3 view .LVU493
 1528 001c 0223     		movs	r3, #2
 1529 001e 80F84330 		strb	r3, [r0, #67]
 725:Drivers/STM32F1xx_HAL_Driver/Src/stm32f1xx_hal_tim_ex.c ****   {
 1530              		.loc 1 725 3 is_stmt 1 view .LVU494
 737:Drivers/STM32F1xx_HAL_Driver/Src/stm32f1xx_hal_tim_ex.c ****       break;
 1531              		.loc 1 737 7 view .LVU495
 1532 0022 0068     		ldr	r0, [r0]
 1533              	.LVL95:
ARM GAS  C:\Users\airforce\AppData\Local\Temp\ccVTBrFk.s 			page 77


 737:Drivers/STM32F1xx_HAL_Driver/Src/stm32f1xx_hal_tim_ex.c ****       break;
 1534              		.loc 1 737 7 is_stmt 0 view .LVU496
 1535 0024 C368     		ldr	r3, [r0, #12]
 1536 0026 43F00403 		orr	r3, r3, #4
 1537 002a 1CE0     		b	.L136
 1538              	.LVL96:
 1539              	.L118:
 717:Drivers/STM32F1xx_HAL_Driver/Src/stm32f1xx_hal_tim_ex.c ****   {
 1540              		.loc 1 717 46 discriminator 5 view .LVU497
 1541 002c 0829     		cmp	r1, #8
 1542 002e 0BD1     		bne	.L120
 717:Drivers/STM32F1xx_HAL_Driver/Src/stm32f1xx_hal_tim_ex.c ****   {
 1543              		.loc 1 717 7 discriminator 7 view .LVU498
 1544 0030 90F84430 		ldrb	r3, [r0, #68]	@ zero_extendqisi2
 717:Drivers/STM32F1xx_HAL_Driver/Src/stm32f1xx_hal_tim_ex.c ****   {
 1545              		.loc 1 717 6 discriminator 12 view .LVU499
 1546 0034 012B     		cmp	r3, #1
 1547 0036 E9D1     		bne	.L116
 723:Drivers/STM32F1xx_HAL_Driver/Src/stm32f1xx_hal_tim_ex.c **** 
 1548              		.loc 1 723 3 discriminator 6 view .LVU500
 1549 0038 0223     		movs	r3, #2
 1550 003a 80F84430 		strb	r3, [r0, #68]
 725:Drivers/STM32F1xx_HAL_Driver/Src/stm32f1xx_hal_tim_ex.c ****   {
 1551              		.loc 1 725 3 is_stmt 1 view .LVU501
 744:Drivers/STM32F1xx_HAL_Driver/Src/stm32f1xx_hal_tim_ex.c ****       break;
 1552              		.loc 1 744 7 view .LVU502
 1553 003e 0068     		ldr	r0, [r0]
 1554              	.LVL97:
 744:Drivers/STM32F1xx_HAL_Driver/Src/stm32f1xx_hal_tim_ex.c ****       break;
 1555              		.loc 1 744 7 is_stmt 0 view .LVU503
 1556 0040 C368     		ldr	r3, [r0, #12]
 1557 0042 43F00803 		orr	r3, r3, #8
 1558 0046 0EE0     		b	.L136
 1559              	.LVL98:
 1560              	.L120:
 717:Drivers/STM32F1xx_HAL_Driver/Src/stm32f1xx_hal_tim_ex.c ****   {
 1561              		.loc 1 717 7 discriminator 8 view .LVU504
 1562 0048 90F84530 		ldrb	r3, [r0, #69]	@ zero_extendqisi2
 717:Drivers/STM32F1xx_HAL_Driver/Src/stm32f1xx_hal_tim_ex.c ****   {
 1563              		.loc 1 717 6 discriminator 12 view .LVU505
 1564 004c 012B     		cmp	r3, #1
 1565 004e DDD1     		bne	.L116
 723:Drivers/STM32F1xx_HAL_Driver/Src/stm32f1xx_hal_tim_ex.c **** 
 1566              		.loc 1 723 3 is_stmt 1 view .LVU506
 723:Drivers/STM32F1xx_HAL_Driver/Src/stm32f1xx_hal_tim_ex.c **** 
 1567              		.loc 1 723 3 is_stmt 0 discriminator 7 view .LVU507
 1568 0050 0223     		movs	r3, #2
 1569 0052 80F84530 		strb	r3, [r0, #69]
 725:Drivers/STM32F1xx_HAL_Driver/Src/stm32f1xx_hal_tim_ex.c ****   {
 1570              		.loc 1 725 3 is_stmt 1 view .LVU508
 1571 0056 D9E7     		b	.L116
 1572              	.L132:
 723:Drivers/STM32F1xx_HAL_Driver/Src/stm32f1xx_hal_tim_ex.c **** 
 1573              		.loc 1 723 3 is_stmt 0 discriminator 1 view .LVU509
 1574 0058 0223     		movs	r3, #2
 1575 005a 80F84230 		strb	r3, [r0, #66]
 725:Drivers/STM32F1xx_HAL_Driver/Src/stm32f1xx_hal_tim_ex.c ****   {
ARM GAS  C:\Users\airforce\AppData\Local\Temp\ccVTBrFk.s 			page 78


 1576              		.loc 1 725 3 is_stmt 1 view .LVU510
 730:Drivers/STM32F1xx_HAL_Driver/Src/stm32f1xx_hal_tim_ex.c ****       break;
 1577              		.loc 1 730 7 view .LVU511
 1578 005e 0068     		ldr	r0, [r0]
 1579              	.LVL99:
 730:Drivers/STM32F1xx_HAL_Driver/Src/stm32f1xx_hal_tim_ex.c ****       break;
 1580              		.loc 1 730 7 is_stmt 0 view .LVU512
 1581 0060 C368     		ldr	r3, [r0, #12]
 1582 0062 43F00203 		orr	r3, r3, #2
 1583              	.L136:
 737:Drivers/STM32F1xx_HAL_Driver/Src/stm32f1xx_hal_tim_ex.c ****       break;
 1584              		.loc 1 737 7 view .LVU513
 1585 0066 C360     		str	r3, [r0, #12]
 738:Drivers/STM32F1xx_HAL_Driver/Src/stm32f1xx_hal_tim_ex.c ****     }
 1586              		.loc 1 738 7 is_stmt 1 view .LVU514
 754:Drivers/STM32F1xx_HAL_Driver/Src/stm32f1xx_hal_tim_ex.c ****   {
 1587              		.loc 1 754 3 view .LVU515
 757:Drivers/STM32F1xx_HAL_Driver/Src/stm32f1xx_hal_tim_ex.c **** 
 1588              		.loc 1 757 5 view .LVU516
 1589 0068 C368     		ldr	r3, [r0, #12]
 760:Drivers/STM32F1xx_HAL_Driver/Src/stm32f1xx_hal_tim_ex.c **** 
 1590              		.loc 1 760 5 is_stmt 0 view .LVU517
 1591 006a 0422     		movs	r2, #4
 757:Drivers/STM32F1xx_HAL_Driver/Src/stm32f1xx_hal_tim_ex.c **** 
 1592              		.loc 1 757 5 view .LVU518
 1593 006c 43F08003 		orr	r3, r3, #128
 1594 0070 C360     		str	r3, [r0, #12]
 760:Drivers/STM32F1xx_HAL_Driver/Src/stm32f1xx_hal_tim_ex.c **** 
 1595              		.loc 1 760 5 is_stmt 1 view .LVU519
 1596 0072 FFF7FEFF 		bl	TIM_CCxNChannelCmd
 1597              	.LVL100:
 763:Drivers/STM32F1xx_HAL_Driver/Src/stm32f1xx_hal_tim_ex.c **** 
 1598              		.loc 1 763 5 view .LVU520
 1599 0076 436C     		ldr	r3, [r0, #68]
 1600 0078 43F40043 		orr	r3, r3, #32768
 1601 007c 4364     		str	r3, [r0, #68]
 766:Drivers/STM32F1xx_HAL_Driver/Src/stm32f1xx_hal_tim_ex.c ****     {
 1602              		.loc 1 766 5 view .LVU521
 766:Drivers/STM32F1xx_HAL_Driver/Src/stm32f1xx_hal_tim_ex.c ****     {
 1603              		.loc 1 766 8 is_stmt 0 view .LVU522
 1604 007e 0D4B     		ldr	r3, .L137
 1605 0080 9842     		cmp	r0, r3
 1606 0082 0AD0     		beq	.L124
 766:Drivers/STM32F1xx_HAL_Driver/Src/stm32f1xx_hal_tim_ex.c ****     {
 1607              		.loc 1 766 9 discriminator 1 view .LVU523
 1608 0084 B0F1804F 		cmp	r0, #1073741824
 1609 0088 07D0     		beq	.L124
 766:Drivers/STM32F1xx_HAL_Driver/Src/stm32f1xx_hal_tim_ex.c ****     {
 1610              		.loc 1 766 9 discriminator 2 view .LVU524
 1611 008a A3F59433 		sub	r3, r3, #75776
 1612 008e 9842     		cmp	r0, r3
 1613 0090 03D0     		beq	.L124
 766:Drivers/STM32F1xx_HAL_Driver/Src/stm32f1xx_hal_tim_ex.c ****     {
 1614              		.loc 1 766 9 discriminator 3 view .LVU525
 1615 0092 03F58063 		add	r3, r3, #1024
 1616 0096 9842     		cmp	r0, r3
 1617 0098 06D1     		bne	.L125
ARM GAS  C:\Users\airforce\AppData\Local\Temp\ccVTBrFk.s 			page 79


 1618              	.L124:
 768:Drivers/STM32F1xx_HAL_Driver/Src/stm32f1xx_hal_tim_ex.c ****       if (!IS_TIM_SLAVEMODE_TRIGGER_ENABLED(tmpsmcr))
 1619              		.loc 1 768 7 is_stmt 1 view .LVU526
 768:Drivers/STM32F1xx_HAL_Driver/Src/stm32f1xx_hal_tim_ex.c ****       if (!IS_TIM_SLAVEMODE_TRIGGER_ENABLED(tmpsmcr))
 1620              		.loc 1 768 31 is_stmt 0 view .LVU527
 1621 009a 8368     		ldr	r3, [r0, #8]
 1622              	.LVL101:
 769:Drivers/STM32F1xx_HAL_Driver/Src/stm32f1xx_hal_tim_ex.c ****       {
 1623              		.loc 1 769 7 is_stmt 1 view .LVU528
 768:Drivers/STM32F1xx_HAL_Driver/Src/stm32f1xx_hal_tim_ex.c ****       if (!IS_TIM_SLAVEMODE_TRIGGER_ENABLED(tmpsmcr))
 1624              		.loc 1 768 15 is_stmt 0 view .LVU529
 1625 009c 03F00703 		and	r3, r3, #7
 1626              	.LVL102:
 769:Drivers/STM32F1xx_HAL_Driver/Src/stm32f1xx_hal_tim_ex.c ****       {
 1627              		.loc 1 769 10 view .LVU530
 1628 00a0 062B     		cmp	r3, #6
 1629 00a2 01D1     		bne	.L125
 1630              	.LVL103:
 1631              	.L128:
 709:Drivers/STM32F1xx_HAL_Driver/Src/stm32f1xx_hal_tim_ex.c ****   HAL_StatusTypeDef status = HAL_OK;
 1632              		.loc 1 709 1 view .LVU531
 1633 00a4 0020     		movs	r0, #0
 1634              	.L127:
 1635              	.LVL104:
 782:Drivers/STM32F1xx_HAL_Driver/Src/stm32f1xx_hal_tim_ex.c **** 
 1636              		.loc 1 782 1 view .LVU532
 1637 00a6 08BD     		pop	{r3, pc}
 1638              	.LVL105:
 1639              	.L125:
 776:Drivers/STM32F1xx_HAL_Driver/Src/stm32f1xx_hal_tim_ex.c ****     }
 1640              		.loc 1 776 7 is_stmt 1 view .LVU533
 1641 00a8 0368     		ldr	r3, [r0]
 1642 00aa 43F00103 		orr	r3, r3, #1
 1643 00ae 0360     		str	r3, [r0]
 1644 00b0 F8E7     		b	.L128
 1645              	.L138:
 1646 00b2 00BF     		.align	2
 1647              	.L137:
 1648 00b4 002C0140 		.word	1073818624
 1649              		.cfi_endproc
 1650              	.LFE77:
 1652              		.section	.text.HAL_TIMEx_OCN_Stop_IT,"ax",%progbits
 1653              		.align	1
 1654              		.global	HAL_TIMEx_OCN_Stop_IT
 1655              		.syntax unified
 1656              		.thumb
 1657              		.thumb_func
 1659              	HAL_TIMEx_OCN_Stop_IT:
 1660              	.LVL106:
 1661              	.LFB78:
 796:Drivers/STM32F1xx_HAL_Driver/Src/stm32f1xx_hal_tim_ex.c ****   HAL_StatusTypeDef status = HAL_OK;
 1662              		.loc 1 796 1 view -0
 1663              		.cfi_startproc
 1664              		@ args = 0, pretend = 0, frame = 0
 1665              		@ frame_needed = 0, uses_anonymous_args = 0
 797:Drivers/STM32F1xx_HAL_Driver/Src/stm32f1xx_hal_tim_ex.c ****   uint32_t tmpccer;
 1666              		.loc 1 797 3 view .LVU535
ARM GAS  C:\Users\airforce\AppData\Local\Temp\ccVTBrFk.s 			page 80


 798:Drivers/STM32F1xx_HAL_Driver/Src/stm32f1xx_hal_tim_ex.c **** 
 1667              		.loc 1 798 3 view .LVU536
 801:Drivers/STM32F1xx_HAL_Driver/Src/stm32f1xx_hal_tim_ex.c **** 
 1668              		.loc 1 801 3 view .LVU537
 803:Drivers/STM32F1xx_HAL_Driver/Src/stm32f1xx_hal_tim_ex.c ****   {
 1669              		.loc 1 803 3 view .LVU538
 1670 0000 0429     		cmp	r1, #4
 796:Drivers/STM32F1xx_HAL_Driver/Src/stm32f1xx_hal_tim_ex.c ****   HAL_StatusTypeDef status = HAL_OK;
 1671              		.loc 1 796 1 is_stmt 0 view .LVU539
 1672 0002 38B5     		push	{r3, r4, r5, lr}
 1673              	.LCFI17:
 1674              		.cfi_def_cfa_offset 16
 1675              		.cfi_offset 3, -16
 1676              		.cfi_offset 4, -12
 1677              		.cfi_offset 5, -8
 1678              		.cfi_offset 14, -4
 796:Drivers/STM32F1xx_HAL_Driver/Src/stm32f1xx_hal_tim_ex.c ****   HAL_StatusTypeDef status = HAL_OK;
 1679              		.loc 1 796 1 view .LVU540
 1680 0004 0446     		mov	r4, r0
 1681 0006 0D46     		mov	r5, r1
 803:Drivers/STM32F1xx_HAL_Driver/Src/stm32f1xx_hal_tim_ex.c ****   {
 1682              		.loc 1 803 3 view .LVU541
 1683 0008 37D0     		beq	.L140
 1684 000a 0829     		cmp	r1, #8
 1685 000c 3AD0     		beq	.L141
 1686 000e 0029     		cmp	r1, #0
 1687 0010 44D1     		bne	.L150
 808:Drivers/STM32F1xx_HAL_Driver/Src/stm32f1xx_hal_tim_ex.c ****       break;
 1688              		.loc 1 808 7 is_stmt 1 view .LVU542
 1689 0012 0068     		ldr	r0, [r0]
 1690              	.LVL107:
 808:Drivers/STM32F1xx_HAL_Driver/Src/stm32f1xx_hal_tim_ex.c ****       break;
 1691              		.loc 1 808 7 is_stmt 0 view .LVU543
 1692 0014 C368     		ldr	r3, [r0, #12]
 1693 0016 23F00203 		bic	r3, r3, #2
 1694              	.L151:
 834:Drivers/STM32F1xx_HAL_Driver/Src/stm32f1xx_hal_tim_ex.c **** 
 1695              		.loc 1 834 5 view .LVU544
 1696 001a 0022     		movs	r2, #0
 822:Drivers/STM32F1xx_HAL_Driver/Src/stm32f1xx_hal_tim_ex.c ****       break;
 1697              		.loc 1 822 7 view .LVU545
 1698 001c C360     		str	r3, [r0, #12]
 823:Drivers/STM32F1xx_HAL_Driver/Src/stm32f1xx_hal_tim_ex.c ****     }
 1699              		.loc 1 823 7 is_stmt 1 view .LVU546
 831:Drivers/STM32F1xx_HAL_Driver/Src/stm32f1xx_hal_tim_ex.c ****   {
 1700              		.loc 1 831 3 view .LVU547
 834:Drivers/STM32F1xx_HAL_Driver/Src/stm32f1xx_hal_tim_ex.c **** 
 1701              		.loc 1 834 5 view .LVU548
 1702 001e 2946     		mov	r1, r5
 1703              	.LVL108:
 834:Drivers/STM32F1xx_HAL_Driver/Src/stm32f1xx_hal_tim_ex.c **** 
 1704              		.loc 1 834 5 is_stmt 0 view .LVU549
 1705 0020 FFF7FEFF 		bl	TIM_CCxNChannelCmd
 1706              	.LVL109:
 837:Drivers/STM32F1xx_HAL_Driver/Src/stm32f1xx_hal_tim_ex.c ****     if ((tmpccer & TIM_CCER_CCxNE_MASK) == (uint32_t)RESET)
 1707              		.loc 1 837 5 is_stmt 1 view .LVU550
 838:Drivers/STM32F1xx_HAL_Driver/Src/stm32f1xx_hal_tim_ex.c ****     {
ARM GAS  C:\Users\airforce\AppData\Local\Temp\ccVTBrFk.s 			page 81


 1708              		.loc 1 838 8 is_stmt 0 view .LVU551
 1709 0024 40F24443 		movw	r3, #1092
 837:Drivers/STM32F1xx_HAL_Driver/Src/stm32f1xx_hal_tim_ex.c ****     if ((tmpccer & TIM_CCER_CCxNE_MASK) == (uint32_t)RESET)
 1710              		.loc 1 837 13 view .LVU552
 1711 0028 026A     		ldr	r2, [r0, #32]
 1712              	.LVL110:
 838:Drivers/STM32F1xx_HAL_Driver/Src/stm32f1xx_hal_tim_ex.c ****     {
 1713              		.loc 1 838 5 is_stmt 1 view .LVU553
 838:Drivers/STM32F1xx_HAL_Driver/Src/stm32f1xx_hal_tim_ex.c ****     {
 1714              		.loc 1 838 8 is_stmt 0 view .LVU554
 1715 002a 1A42     		tst	r2, r3
 840:Drivers/STM32F1xx_HAL_Driver/Src/stm32f1xx_hal_tim_ex.c ****     }
 1716              		.loc 1 840 7 is_stmt 1 view .LVU555
 1717 002c 02BF     		ittt	eq
 1718 002e C368     		ldreq	r3, [r0, #12]
 1719 0030 23F08003 		biceq	r3, r3, #128
 1720 0034 C360     		streq	r3, [r0, #12]
 844:Drivers/STM32F1xx_HAL_Driver/Src/stm32f1xx_hal_tim_ex.c **** 
 1721              		.loc 1 844 5 view .LVU556
 844:Drivers/STM32F1xx_HAL_Driver/Src/stm32f1xx_hal_tim_ex.c **** 
 1722              		.loc 1 844 5 view .LVU557
 1723 0036 41F21113 		movw	r3, #4369
 1724 003a 026A     		ldr	r2, [r0, #32]
 1725              	.LVL111:
 844:Drivers/STM32F1xx_HAL_Driver/Src/stm32f1xx_hal_tim_ex.c **** 
 1726              		.loc 1 844 5 is_stmt 0 view .LVU558
 1727 003c 1A42     		tst	r2, r3
 1728 003e 08D1     		bne	.L145
 844:Drivers/STM32F1xx_HAL_Driver/Src/stm32f1xx_hal_tim_ex.c **** 
 1729              		.loc 1 844 5 is_stmt 1 discriminator 1 view .LVU559
 1730 0040 40F24443 		movw	r3, #1092
 1731 0044 026A     		ldr	r2, [r0, #32]
 1732 0046 1A42     		tst	r2, r3
 844:Drivers/STM32F1xx_HAL_Driver/Src/stm32f1xx_hal_tim_ex.c **** 
 1733              		.loc 1 844 5 discriminator 3 view .LVU560
 1734 0048 02BF     		ittt	eq
 1735 004a 436C     		ldreq	r3, [r0, #68]
 1736 004c 23F40043 		biceq	r3, r3, #32768
 1737 0050 4364     		streq	r3, [r0, #68]
 1738              	.L145:
 844:Drivers/STM32F1xx_HAL_Driver/Src/stm32f1xx_hal_tim_ex.c **** 
 1739              		.loc 1 844 5 discriminator 5 view .LVU561
 847:Drivers/STM32F1xx_HAL_Driver/Src/stm32f1xx_hal_tim_ex.c **** 
 1740              		.loc 1 847 5 view .LVU562
 847:Drivers/STM32F1xx_HAL_Driver/Src/stm32f1xx_hal_tim_ex.c **** 
 1741              		.loc 1 847 5 view .LVU563
 1742 0052 41F21113 		movw	r3, #4369
 1743 0056 026A     		ldr	r2, [r0, #32]
 1744 0058 1A42     		tst	r2, r3
 1745 005a 08D1     		bne	.L146
 847:Drivers/STM32F1xx_HAL_Driver/Src/stm32f1xx_hal_tim_ex.c **** 
 1746              		.loc 1 847 5 discriminator 1 view .LVU564
 1747 005c 40F24443 		movw	r3, #1092
 1748 0060 026A     		ldr	r2, [r0, #32]
 1749 0062 1A42     		tst	r2, r3
 847:Drivers/STM32F1xx_HAL_Driver/Src/stm32f1xx_hal_tim_ex.c **** 
 1750              		.loc 1 847 5 discriminator 3 view .LVU565
ARM GAS  C:\Users\airforce\AppData\Local\Temp\ccVTBrFk.s 			page 82


 1751 0064 02BF     		ittt	eq
 1752 0066 0368     		ldreq	r3, [r0]
 1753 0068 23F00103 		biceq	r3, r3, #1
 1754 006c 0360     		streq	r3, [r0]
 1755              	.L146:
 847:Drivers/STM32F1xx_HAL_Driver/Src/stm32f1xx_hal_tim_ex.c **** 
 1756              		.loc 1 847 5 discriminator 5 view .LVU566
 850:Drivers/STM32F1xx_HAL_Driver/Src/stm32f1xx_hal_tim_ex.c ****   }
 1757              		.loc 1 850 5 view .LVU567
 1758 006e 0123     		movs	r3, #1
 1759 0070 6DB9     		cbnz	r5, .L147
 850:Drivers/STM32F1xx_HAL_Driver/Src/stm32f1xx_hal_tim_ex.c ****   }
 1760              		.loc 1 850 5 is_stmt 0 discriminator 1 view .LVU568
 1761 0072 84F84230 		strb	r3, [r4, #66]
 1762              	.L148:
 803:Drivers/STM32F1xx_HAL_Driver/Src/stm32f1xx_hal_tim_ex.c ****   {
 1763              		.loc 1 803 3 view .LVU569
 1764 0076 0020     		movs	r0, #0
 1765              	.LVL112:
 1766              	.L142:
 854:Drivers/STM32F1xx_HAL_Driver/Src/stm32f1xx_hal_tim_ex.c **** }
 1767              		.loc 1 854 3 is_stmt 1 view .LVU570
 855:Drivers/STM32F1xx_HAL_Driver/Src/stm32f1xx_hal_tim_ex.c **** 
 1768              		.loc 1 855 1 is_stmt 0 view .LVU571
 1769 0078 38BD     		pop	{r3, r4, r5, pc}
 1770              	.LVL113:
 1771              	.L140:
 815:Drivers/STM32F1xx_HAL_Driver/Src/stm32f1xx_hal_tim_ex.c ****       break;
 1772              		.loc 1 815 7 is_stmt 1 view .LVU572
 1773 007a 0068     		ldr	r0, [r0]
 1774              	.LVL114:
 815:Drivers/STM32F1xx_HAL_Driver/Src/stm32f1xx_hal_tim_ex.c ****       break;
 1775              		.loc 1 815 7 is_stmt 0 view .LVU573
 1776 007c C368     		ldr	r3, [r0, #12]
 1777 007e 23F00403 		bic	r3, r3, #4
 1778 0082 CAE7     		b	.L151
 1779              	.LVL115:
 1780              	.L141:
 822:Drivers/STM32F1xx_HAL_Driver/Src/stm32f1xx_hal_tim_ex.c ****       break;
 1781              		.loc 1 822 7 is_stmt 1 view .LVU574
 1782 0084 0068     		ldr	r0, [r0]
 1783              	.LVL116:
 822:Drivers/STM32F1xx_HAL_Driver/Src/stm32f1xx_hal_tim_ex.c ****       break;
 1784              		.loc 1 822 7 is_stmt 0 view .LVU575
 1785 0086 C368     		ldr	r3, [r0, #12]
 1786 0088 23F00803 		bic	r3, r3, #8
 1787 008c C5E7     		b	.L151
 1788              	.LVL117:
 1789              	.L147:
 850:Drivers/STM32F1xx_HAL_Driver/Src/stm32f1xx_hal_tim_ex.c ****   }
 1790              		.loc 1 850 5 discriminator 2 view .LVU576
 1791 008e 042D     		cmp	r5, #4
 850:Drivers/STM32F1xx_HAL_Driver/Src/stm32f1xx_hal_tim_ex.c ****   }
 1792              		.loc 1 850 5 discriminator 3 view .LVU577
 1793 0090 0CBF     		ite	eq
 1794 0092 84F84330 		strbeq	r3, [r4, #67]
 850:Drivers/STM32F1xx_HAL_Driver/Src/stm32f1xx_hal_tim_ex.c ****   }
ARM GAS  C:\Users\airforce\AppData\Local\Temp\ccVTBrFk.s 			page 83


 1795              		.loc 1 850 5 discriminator 6 view .LVU578
 1796 0096 84F84430 		strbne	r3, [r4, #68]
 1797 009a ECE7     		b	.L148
 1798              	.LVL118:
 1799              	.L150:
 803:Drivers/STM32F1xx_HAL_Driver/Src/stm32f1xx_hal_tim_ex.c ****   {
 1800              		.loc 1 803 3 view .LVU579
 1801 009c 0120     		movs	r0, #1
 1802              	.LVL119:
 803:Drivers/STM32F1xx_HAL_Driver/Src/stm32f1xx_hal_tim_ex.c ****   {
 1803              		.loc 1 803 3 view .LVU580
 1804 009e EBE7     		b	.L142
 1805              		.cfi_endproc
 1806              	.LFE78:
 1808              		.section	.text.HAL_TIMEx_OCN_Start_DMA,"ax",%progbits
 1809              		.align	1
 1810              		.global	HAL_TIMEx_OCN_Start_DMA
 1811              		.syntax unified
 1812              		.thumb
 1813              		.thumb_func
 1815              	HAL_TIMEx_OCN_Start_DMA:
 1816              	.LVL120:
 1817              	.LFB79:
 872:Drivers/STM32F1xx_HAL_Driver/Src/stm32f1xx_hal_tim_ex.c ****   HAL_StatusTypeDef status = HAL_OK;
 1818              		.loc 1 872 1 is_stmt 1 view -0
 1819              		.cfi_startproc
 1820              		@ args = 0, pretend = 0, frame = 0
 1821              		@ frame_needed = 0, uses_anonymous_args = 0
 873:Drivers/STM32F1xx_HAL_Driver/Src/stm32f1xx_hal_tim_ex.c ****   uint32_t tmpsmcr;
 1822              		.loc 1 873 3 view .LVU582
 874:Drivers/STM32F1xx_HAL_Driver/Src/stm32f1xx_hal_tim_ex.c **** 
 1823              		.loc 1 874 3 view .LVU583
 877:Drivers/STM32F1xx_HAL_Driver/Src/stm32f1xx_hal_tim_ex.c **** 
 1824              		.loc 1 877 3 view .LVU584
 880:Drivers/STM32F1xx_HAL_Driver/Src/stm32f1xx_hal_tim_ex.c ****   {
 1825              		.loc 1 880 3 view .LVU585
 872:Drivers/STM32F1xx_HAL_Driver/Src/stm32f1xx_hal_tim_ex.c ****   HAL_StatusTypeDef status = HAL_OK;
 1826              		.loc 1 872 1 is_stmt 0 view .LVU586
 1827 0000 38B5     		push	{r3, r4, r5, lr}
 1828              	.LCFI18:
 1829              		.cfi_def_cfa_offset 16
 1830              		.cfi_offset 3, -16
 1831              		.cfi_offset 4, -12
 1832              		.cfi_offset 5, -8
 1833              		.cfi_offset 14, -4
 872:Drivers/STM32F1xx_HAL_Driver/Src/stm32f1xx_hal_tim_ex.c ****   HAL_StatusTypeDef status = HAL_OK;
 1834              		.loc 1 872 1 view .LVU587
 1835 0002 0D46     		mov	r5, r1
 1836 0004 0446     		mov	r4, r0
 1837 0006 1146     		mov	r1, r2
 1838              	.LVL121:
 880:Drivers/STM32F1xx_HAL_Driver/Src/stm32f1xx_hal_tim_ex.c ****   {
 1839              		.loc 1 880 46 view .LVU588
 1840 0008 55B9     		cbnz	r5, .L153
 880:Drivers/STM32F1xx_HAL_Driver/Src/stm32f1xx_hal_tim_ex.c ****   {
 1841              		.loc 1 880 7 discriminator 1 view .LVU589
 1842 000a 90F84200 		ldrb	r0, [r0, #66]	@ zero_extendqisi2
ARM GAS  C:\Users\airforce\AppData\Local\Temp\ccVTBrFk.s 			page 84


 1843              	.LVL122:
 1844              	.L195:
 880:Drivers/STM32F1xx_HAL_Driver/Src/stm32f1xx_hal_tim_ex.c ****   {
 1845              		.loc 1 880 46 discriminator 7 view .LVU590
 1846 000e A0F1020C 		sub	ip, r0, #2
 1847 0012 DCF10000 		rsbs	r0, ip, #0
 1848 0016 40EB0C00 		adc	r0, r0, ip
 880:Drivers/STM32F1xx_HAL_Driver/Src/stm32f1xx_hal_tim_ex.c ****   {
 1849              		.loc 1 880 6 discriminator 12 view .LVU591
 1850 001a 70B1     		cbz	r0, .L191
 882:Drivers/STM32F1xx_HAL_Driver/Src/stm32f1xx_hal_tim_ex.c ****   }
 1851              		.loc 1 882 12 view .LVU592
 1852 001c 0220     		movs	r0, #2
 1853              	.LVL123:
 882:Drivers/STM32F1xx_HAL_Driver/Src/stm32f1xx_hal_tim_ex.c ****   }
 1854              		.loc 1 882 12 view .LVU593
 1855 001e 5DE0     		b	.L190
 1856              	.LVL124:
 1857              	.L153:
 880:Drivers/STM32F1xx_HAL_Driver/Src/stm32f1xx_hal_tim_ex.c ****   {
 1858              		.loc 1 880 46 discriminator 2 view .LVU594
 1859 0020 042D     		cmp	r5, #4
 1860 0022 02D1     		bne	.L155
 880:Drivers/STM32F1xx_HAL_Driver/Src/stm32f1xx_hal_tim_ex.c ****   {
 1861              		.loc 1 880 7 discriminator 4 view .LVU595
 1862 0024 90F84300 		ldrb	r0, [r0, #67]	@ zero_extendqisi2
 1863              	.LVL125:
 880:Drivers/STM32F1xx_HAL_Driver/Src/stm32f1xx_hal_tim_ex.c ****   {
 1864              		.loc 1 880 7 discriminator 4 view .LVU596
 1865 0028 F1E7     		b	.L195
 1866              	.LVL126:
 1867              	.L155:
 880:Drivers/STM32F1xx_HAL_Driver/Src/stm32f1xx_hal_tim_ex.c ****   {
 1868              		.loc 1 880 46 discriminator 5 view .LVU597
 1869 002a 082D     		cmp	r5, #8
 1870 002c 02D1     		bne	.L156
 880:Drivers/STM32F1xx_HAL_Driver/Src/stm32f1xx_hal_tim_ex.c ****   {
 1871              		.loc 1 880 7 discriminator 7 view .LVU598
 1872 002e 90F84400 		ldrb	r0, [r0, #68]	@ zero_extendqisi2
 1873              	.LVL127:
 880:Drivers/STM32F1xx_HAL_Driver/Src/stm32f1xx_hal_tim_ex.c ****   {
 1874              		.loc 1 880 7 discriminator 7 view .LVU599
 1875 0032 ECE7     		b	.L195
 1876              	.LVL128:
 1877              	.L156:
 880:Drivers/STM32F1xx_HAL_Driver/Src/stm32f1xx_hal_tim_ex.c ****   {
 1878              		.loc 1 880 7 discriminator 8 view .LVU600
 1879 0034 90F84500 		ldrb	r0, [r0, #69]	@ zero_extendqisi2
 1880              	.LVL129:
 880:Drivers/STM32F1xx_HAL_Driver/Src/stm32f1xx_hal_tim_ex.c ****   {
 1881              		.loc 1 880 7 discriminator 8 view .LVU601
 1882 0038 E9E7     		b	.L195
 1883              	.L191:
 884:Drivers/STM32F1xx_HAL_Driver/Src/stm32f1xx_hal_tim_ex.c ****   {
 1884              		.loc 1 884 8 is_stmt 1 view .LVU602
 884:Drivers/STM32F1xx_HAL_Driver/Src/stm32f1xx_hal_tim_ex.c ****   {
 1885              		.loc 1 884 51 is_stmt 0 view .LVU603
ARM GAS  C:\Users\airforce\AppData\Local\Temp\ccVTBrFk.s 			page 85


 1886 003a 3DB9     		cbnz	r5, .L157
 884:Drivers/STM32F1xx_HAL_Driver/Src/stm32f1xx_hal_tim_ex.c ****   {
 1887              		.loc 1 884 12 discriminator 1 view .LVU604
 1888 003c 94F84200 		ldrb	r0, [r4, #66]	@ zero_extendqisi2
 1889              	.L194:
 884:Drivers/STM32F1xx_HAL_Driver/Src/stm32f1xx_hal_tim_ex.c ****   {
 1890              		.loc 1 884 51 discriminator 7 view .LVU605
 1891 0040 421E     		subs	r2, r0, #1
 1892              	.LVL130:
 884:Drivers/STM32F1xx_HAL_Driver/Src/stm32f1xx_hal_tim_ex.c ****   {
 1893              		.loc 1 884 51 discriminator 7 view .LVU606
 1894 0042 5042     		rsbs	r0, r2, #0
 1895 0044 5041     		adcs	r0, r0, r2
 884:Drivers/STM32F1xx_HAL_Driver/Src/stm32f1xx_hal_tim_ex.c ****   {
 1896              		.loc 1 884 11 discriminator 12 view .LVU607
 1897 0046 70B9     		cbnz	r0, .L175
 1898              	.LVL131:
 1899              	.L162:
 888:Drivers/STM32F1xx_HAL_Driver/Src/stm32f1xx_hal_tim_ex.c ****     }
 1900              		.loc 1 888 14 view .LVU608
 1901 0048 0120     		movs	r0, #1
 1902 004a 47E0     		b	.L190
 1903              	.LVL132:
 1904              	.L157:
 884:Drivers/STM32F1xx_HAL_Driver/Src/stm32f1xx_hal_tim_ex.c ****   {
 1905              		.loc 1 884 51 discriminator 2 view .LVU609
 1906 004c 042D     		cmp	r5, #4
 1907 004e 02D1     		bne	.L159
 884:Drivers/STM32F1xx_HAL_Driver/Src/stm32f1xx_hal_tim_ex.c ****   {
 1908              		.loc 1 884 12 discriminator 4 view .LVU610
 1909 0050 94F84300 		ldrb	r0, [r4, #67]	@ zero_extendqisi2
 1910 0054 F4E7     		b	.L194
 1911              	.L159:
 884:Drivers/STM32F1xx_HAL_Driver/Src/stm32f1xx_hal_tim_ex.c ****   {
 1912              		.loc 1 884 51 discriminator 5 view .LVU611
 1913 0056 082D     		cmp	r5, #8
 1914 0058 02D1     		bne	.L160
 884:Drivers/STM32F1xx_HAL_Driver/Src/stm32f1xx_hal_tim_ex.c ****   {
 1915              		.loc 1 884 12 discriminator 7 view .LVU612
 1916 005a 94F84400 		ldrb	r0, [r4, #68]	@ zero_extendqisi2
 1917 005e EFE7     		b	.L194
 1918              	.L160:
 884:Drivers/STM32F1xx_HAL_Driver/Src/stm32f1xx_hal_tim_ex.c ****   {
 1919              		.loc 1 884 12 discriminator 8 view .LVU613
 1920 0060 94F84500 		ldrb	r0, [r4, #69]	@ zero_extendqisi2
 1921 0064 ECE7     		b	.L194
 1922              	.L175:
 886:Drivers/STM32F1xx_HAL_Driver/Src/stm32f1xx_hal_tim_ex.c ****     {
 1923              		.loc 1 886 5 is_stmt 1 view .LVU614
 886:Drivers/STM32F1xx_HAL_Driver/Src/stm32f1xx_hal_tim_ex.c ****     {
 1924              		.loc 1 886 8 is_stmt 0 view .LVU615
 1925 0066 0029     		cmp	r1, #0
 1926 0068 EED0     		beq	.L162
 886:Drivers/STM32F1xx_HAL_Driver/Src/stm32f1xx_hal_tim_ex.c ****     {
 1927              		.loc 1 886 25 discriminator 1 view .LVU616
 1928 006a 002B     		cmp	r3, #0
 1929 006c ECD0     		beq	.L162
ARM GAS  C:\Users\airforce\AppData\Local\Temp\ccVTBrFk.s 			page 86


 892:Drivers/STM32F1xx_HAL_Driver/Src/stm32f1xx_hal_tim_ex.c ****     }
 1930              		.loc 1 892 7 is_stmt 1 view .LVU617
 1931 006e 0222     		movs	r2, #2
 1932 0070 002D     		cmp	r5, #0
 1933 0072 34D1     		bne	.L164
 892:Drivers/STM32F1xx_HAL_Driver/Src/stm32f1xx_hal_tim_ex.c ****     }
 1934              		.loc 1 892 7 is_stmt 0 discriminator 1 view .LVU618
 1935 0074 84F84220 		strb	r2, [r4, #66]
 900:Drivers/STM32F1xx_HAL_Driver/Src/stm32f1xx_hal_tim_ex.c ****   {
 1936              		.loc 1 900 3 is_stmt 1 view .LVU619
 905:Drivers/STM32F1xx_HAL_Driver/Src/stm32f1xx_hal_tim_ex.c ****       htim->hdma[TIM_DMA_ID_CC1]->XferHalfCpltCallback = TIM_DMADelayPulseHalfCplt;
 1937              		.loc 1 905 7 view .LVU620
 905:Drivers/STM32F1xx_HAL_Driver/Src/stm32f1xx_hal_tim_ex.c ****       htim->hdma[TIM_DMA_ID_CC1]->XferHalfCpltCallback = TIM_DMADelayPulseHalfCplt;
 1938              		.loc 1 905 17 is_stmt 0 view .LVU621
 1939 0078 606A     		ldr	r0, [r4, #36]
 905:Drivers/STM32F1xx_HAL_Driver/Src/stm32f1xx_hal_tim_ex.c ****       htim->hdma[TIM_DMA_ID_CC1]->XferHalfCpltCallback = TIM_DMADelayPulseHalfCplt;
 1940              		.loc 1 905 52 view .LVU622
 1941 007a 304A     		ldr	r2, .L196
 1942 007c 8262     		str	r2, [r0, #40]
 906:Drivers/STM32F1xx_HAL_Driver/Src/stm32f1xx_hal_tim_ex.c **** 
 1943              		.loc 1 906 7 is_stmt 1 view .LVU623
 906:Drivers/STM32F1xx_HAL_Driver/Src/stm32f1xx_hal_tim_ex.c **** 
 1944              		.loc 1 906 56 is_stmt 0 view .LVU624
 1945 007e 304A     		ldr	r2, .L196+4
 1946 0080 C262     		str	r2, [r0, #44]
 909:Drivers/STM32F1xx_HAL_Driver/Src/stm32f1xx_hal_tim_ex.c **** 
 1947              		.loc 1 909 7 is_stmt 1 view .LVU625
 909:Drivers/STM32F1xx_HAL_Driver/Src/stm32f1xx_hal_tim_ex.c **** 
 1948              		.loc 1 909 53 is_stmt 0 view .LVU626
 1949 0082 304A     		ldr	r2, .L196+8
 1950 0084 0263     		str	r2, [r0, #48]
 912:Drivers/STM32F1xx_HAL_Driver/Src/stm32f1xx_hal_tim_ex.c ****                            Length) != HAL_OK)
 1951              		.loc 1 912 7 is_stmt 1 view .LVU627
 912:Drivers/STM32F1xx_HAL_Driver/Src/stm32f1xx_hal_tim_ex.c ****                            Length) != HAL_OK)
 1952              		.loc 1 912 83 is_stmt 0 view .LVU628
 1953 0086 2268     		ldr	r2, [r4]
 912:Drivers/STM32F1xx_HAL_Driver/Src/stm32f1xx_hal_tim_ex.c ****                            Length) != HAL_OK)
 1954              		.loc 1 912 11 view .LVU629
 1955 0088 3432     		adds	r2, r2, #52
 1956 008a FFF7FEFF 		bl	HAL_DMA_Start_IT
 1957              	.LVL133:
 912:Drivers/STM32F1xx_HAL_Driver/Src/stm32f1xx_hal_tim_ex.c ****                            Length) != HAL_OK)
 1958              		.loc 1 912 10 discriminator 1 view .LVU630
 1959 008e 0028     		cmp	r0, #0
 1960 0090 DAD1     		bne	.L162
 919:Drivers/STM32F1xx_HAL_Driver/Src/stm32f1xx_hal_tim_ex.c ****       break;
 1961              		.loc 1 919 7 is_stmt 1 view .LVU631
 1962 0092 2068     		ldr	r0, [r4]
 1963 0094 C368     		ldr	r3, [r0, #12]
 1964 0096 43F40073 		orr	r3, r3, #512
 1965              	.L192:
 961:Drivers/STM32F1xx_HAL_Driver/Src/stm32f1xx_hal_tim_ex.c ****       break;
 1966              		.loc 1 961 7 is_stmt 0 view .LVU632
 1967 009a C360     		str	r3, [r0, #12]
 962:Drivers/STM32F1xx_HAL_Driver/Src/stm32f1xx_hal_tim_ex.c ****     }
 1968              		.loc 1 962 7 is_stmt 1 view .LVU633
 970:Drivers/STM32F1xx_HAL_Driver/Src/stm32f1xx_hal_tim_ex.c ****   {
ARM GAS  C:\Users\airforce\AppData\Local\Temp\ccVTBrFk.s 			page 87


 1969              		.loc 1 970 3 view .LVU634
 973:Drivers/STM32F1xx_HAL_Driver/Src/stm32f1xx_hal_tim_ex.c **** 
 1970              		.loc 1 973 5 view .LVU635
 1971 009c 0422     		movs	r2, #4
 1972 009e 2946     		mov	r1, r5
 1973 00a0 FFF7FEFF 		bl	TIM_CCxNChannelCmd
 1974              	.LVL134:
 976:Drivers/STM32F1xx_HAL_Driver/Src/stm32f1xx_hal_tim_ex.c **** 
 1975              		.loc 1 976 5 view .LVU636
 1976 00a4 436C     		ldr	r3, [r0, #68]
 1977 00a6 43F40043 		orr	r3, r3, #32768
 1978 00aa 4364     		str	r3, [r0, #68]
 979:Drivers/STM32F1xx_HAL_Driver/Src/stm32f1xx_hal_tim_ex.c ****     {
 1979              		.loc 1 979 5 view .LVU637
 979:Drivers/STM32F1xx_HAL_Driver/Src/stm32f1xx_hal_tim_ex.c ****     {
 1980              		.loc 1 979 8 is_stmt 0 view .LVU638
 1981 00ac 264B     		ldr	r3, .L196+12
 1982 00ae 9842     		cmp	r0, r3
 1983 00b0 0AD0     		beq	.L171
 979:Drivers/STM32F1xx_HAL_Driver/Src/stm32f1xx_hal_tim_ex.c ****     {
 1984              		.loc 1 979 9 discriminator 1 view .LVU639
 1985 00b2 B0F1804F 		cmp	r0, #1073741824
 1986 00b6 07D0     		beq	.L171
 979:Drivers/STM32F1xx_HAL_Driver/Src/stm32f1xx_hal_tim_ex.c ****     {
 1987              		.loc 1 979 9 discriminator 2 view .LVU640
 1988 00b8 A3F59433 		sub	r3, r3, #75776
 1989 00bc 9842     		cmp	r0, r3
 1990 00be 03D0     		beq	.L171
 979:Drivers/STM32F1xx_HAL_Driver/Src/stm32f1xx_hal_tim_ex.c ****     {
 1991              		.loc 1 979 9 discriminator 3 view .LVU641
 1992 00c0 03F58063 		add	r3, r3, #1024
 1993 00c4 9842     		cmp	r0, r3
 1994 00c6 04D1     		bne	.L193
 1995              	.L171:
 981:Drivers/STM32F1xx_HAL_Driver/Src/stm32f1xx_hal_tim_ex.c ****       if (!IS_TIM_SLAVEMODE_TRIGGER_ENABLED(tmpsmcr))
 1996              		.loc 1 981 7 is_stmt 1 view .LVU642
 981:Drivers/STM32F1xx_HAL_Driver/Src/stm32f1xx_hal_tim_ex.c ****       if (!IS_TIM_SLAVEMODE_TRIGGER_ENABLED(tmpsmcr))
 1997              		.loc 1 981 31 is_stmt 0 view .LVU643
 1998 00c8 8368     		ldr	r3, [r0, #8]
 1999              	.LVL135:
 982:Drivers/STM32F1xx_HAL_Driver/Src/stm32f1xx_hal_tim_ex.c ****       {
 2000              		.loc 1 982 7 is_stmt 1 view .LVU644
 981:Drivers/STM32F1xx_HAL_Driver/Src/stm32f1xx_hal_tim_ex.c ****       if (!IS_TIM_SLAVEMODE_TRIGGER_ENABLED(tmpsmcr))
 2001              		.loc 1 981 15 is_stmt 0 view .LVU645
 2002 00ca 03F00703 		and	r3, r3, #7
 2003              	.LVL136:
 982:Drivers/STM32F1xx_HAL_Driver/Src/stm32f1xx_hal_tim_ex.c ****       {
 2004              		.loc 1 982 10 view .LVU646
 2005 00ce 062B     		cmp	r3, #6
 2006 00d0 03D0     		beq	.L173
 2007              	.LVL137:
 2008              	.L193:
 984:Drivers/STM32F1xx_HAL_Driver/Src/stm32f1xx_hal_tim_ex.c ****       }
 2009              		.loc 1 984 9 is_stmt 1 view .LVU647
 2010 00d2 0368     		ldr	r3, [r0]
 2011 00d4 43F00103 		orr	r3, r3, #1
 2012 00d8 0360     		str	r3, [r0]
ARM GAS  C:\Users\airforce\AppData\Local\Temp\ccVTBrFk.s 			page 88


 2013              	.L173:
 882:Drivers/STM32F1xx_HAL_Driver/Src/stm32f1xx_hal_tim_ex.c ****   }
 2014              		.loc 1 882 12 is_stmt 0 view .LVU648
 2015 00da 0020     		movs	r0, #0
 2016              	.LVL138:
 2017              	.L190:
 995:Drivers/STM32F1xx_HAL_Driver/Src/stm32f1xx_hal_tim_ex.c **** 
 2018              		.loc 1 995 1 view .LVU649
 2019 00dc 38BD     		pop	{r3, r4, r5, pc}
 2020              	.LVL139:
 2021              	.L164:
 892:Drivers/STM32F1xx_HAL_Driver/Src/stm32f1xx_hal_tim_ex.c ****     }
 2022              		.loc 1 892 7 discriminator 2 view .LVU650
 2023 00de 042D     		cmp	r5, #4
 2024 00e0 13D1     		bne	.L166
 892:Drivers/STM32F1xx_HAL_Driver/Src/stm32f1xx_hal_tim_ex.c ****     }
 2025              		.loc 1 892 7 discriminator 3 view .LVU651
 2026 00e2 84F84320 		strb	r2, [r4, #67]
 900:Drivers/STM32F1xx_HAL_Driver/Src/stm32f1xx_hal_tim_ex.c ****   {
 2027              		.loc 1 900 3 is_stmt 1 view .LVU652
 926:Drivers/STM32F1xx_HAL_Driver/Src/stm32f1xx_hal_tim_ex.c ****       htim->hdma[TIM_DMA_ID_CC2]->XferHalfCpltCallback = TIM_DMADelayPulseHalfCplt;
 2028              		.loc 1 926 7 view .LVU653
 926:Drivers/STM32F1xx_HAL_Driver/Src/stm32f1xx_hal_tim_ex.c ****       htim->hdma[TIM_DMA_ID_CC2]->XferHalfCpltCallback = TIM_DMADelayPulseHalfCplt;
 2029              		.loc 1 926 17 is_stmt 0 view .LVU654
 2030 00e6 A06A     		ldr	r0, [r4, #40]
 926:Drivers/STM32F1xx_HAL_Driver/Src/stm32f1xx_hal_tim_ex.c ****       htim->hdma[TIM_DMA_ID_CC2]->XferHalfCpltCallback = TIM_DMADelayPulseHalfCplt;
 2031              		.loc 1 926 52 view .LVU655
 2032 00e8 144A     		ldr	r2, .L196
 2033 00ea 8262     		str	r2, [r0, #40]
 927:Drivers/STM32F1xx_HAL_Driver/Src/stm32f1xx_hal_tim_ex.c **** 
 2034              		.loc 1 927 7 is_stmt 1 view .LVU656
 927:Drivers/STM32F1xx_HAL_Driver/Src/stm32f1xx_hal_tim_ex.c **** 
 2035              		.loc 1 927 56 is_stmt 0 view .LVU657
 2036 00ec 144A     		ldr	r2, .L196+4
 2037 00ee C262     		str	r2, [r0, #44]
 930:Drivers/STM32F1xx_HAL_Driver/Src/stm32f1xx_hal_tim_ex.c **** 
 2038              		.loc 1 930 7 is_stmt 1 view .LVU658
 930:Drivers/STM32F1xx_HAL_Driver/Src/stm32f1xx_hal_tim_ex.c **** 
 2039              		.loc 1 930 53 is_stmt 0 view .LVU659
 2040 00f0 144A     		ldr	r2, .L196+8
 2041 00f2 0263     		str	r2, [r0, #48]
 933:Drivers/STM32F1xx_HAL_Driver/Src/stm32f1xx_hal_tim_ex.c ****                            Length) != HAL_OK)
 2042              		.loc 1 933 7 is_stmt 1 view .LVU660
 933:Drivers/STM32F1xx_HAL_Driver/Src/stm32f1xx_hal_tim_ex.c ****                            Length) != HAL_OK)
 2043              		.loc 1 933 83 is_stmt 0 view .LVU661
 2044 00f4 2268     		ldr	r2, [r4]
 933:Drivers/STM32F1xx_HAL_Driver/Src/stm32f1xx_hal_tim_ex.c ****                            Length) != HAL_OK)
 2045              		.loc 1 933 11 view .LVU662
 2046 00f6 3832     		adds	r2, r2, #56
 2047 00f8 FFF7FEFF 		bl	HAL_DMA_Start_IT
 2048              	.LVL140:
 933:Drivers/STM32F1xx_HAL_Driver/Src/stm32f1xx_hal_tim_ex.c ****                            Length) != HAL_OK)
 2049              		.loc 1 933 10 discriminator 1 view .LVU663
 2050 00fc 0028     		cmp	r0, #0
 2051 00fe A3D1     		bne	.L162
 940:Drivers/STM32F1xx_HAL_Driver/Src/stm32f1xx_hal_tim_ex.c ****       break;
 2052              		.loc 1 940 7 is_stmt 1 view .LVU664
ARM GAS  C:\Users\airforce\AppData\Local\Temp\ccVTBrFk.s 			page 89


 2053 0100 2068     		ldr	r0, [r4]
 2054 0102 C368     		ldr	r3, [r0, #12]
 2055 0104 43F48063 		orr	r3, r3, #1024
 2056 0108 C7E7     		b	.L192
 2057              	.LVL141:
 2058              	.L166:
 892:Drivers/STM32F1xx_HAL_Driver/Src/stm32f1xx_hal_tim_ex.c ****     }
 2059              		.loc 1 892 7 is_stmt 0 discriminator 4 view .LVU665
 2060 010a 082D     		cmp	r5, #8
 2061 010c 13D1     		bne	.L168
 892:Drivers/STM32F1xx_HAL_Driver/Src/stm32f1xx_hal_tim_ex.c ****     }
 2062              		.loc 1 892 7 discriminator 6 view .LVU666
 2063 010e 84F84420 		strb	r2, [r4, #68]
 900:Drivers/STM32F1xx_HAL_Driver/Src/stm32f1xx_hal_tim_ex.c ****   {
 2064              		.loc 1 900 3 is_stmt 1 view .LVU667
 947:Drivers/STM32F1xx_HAL_Driver/Src/stm32f1xx_hal_tim_ex.c ****       htim->hdma[TIM_DMA_ID_CC3]->XferHalfCpltCallback = TIM_DMADelayPulseHalfCplt;
 2065              		.loc 1 947 7 view .LVU668
 947:Drivers/STM32F1xx_HAL_Driver/Src/stm32f1xx_hal_tim_ex.c ****       htim->hdma[TIM_DMA_ID_CC3]->XferHalfCpltCallback = TIM_DMADelayPulseHalfCplt;
 2066              		.loc 1 947 17 is_stmt 0 view .LVU669
 2067 0112 E06A     		ldr	r0, [r4, #44]
 947:Drivers/STM32F1xx_HAL_Driver/Src/stm32f1xx_hal_tim_ex.c ****       htim->hdma[TIM_DMA_ID_CC3]->XferHalfCpltCallback = TIM_DMADelayPulseHalfCplt;
 2068              		.loc 1 947 52 view .LVU670
 2069 0114 094A     		ldr	r2, .L196
 2070 0116 8262     		str	r2, [r0, #40]
 948:Drivers/STM32F1xx_HAL_Driver/Src/stm32f1xx_hal_tim_ex.c **** 
 2071              		.loc 1 948 7 is_stmt 1 view .LVU671
 948:Drivers/STM32F1xx_HAL_Driver/Src/stm32f1xx_hal_tim_ex.c **** 
 2072              		.loc 1 948 56 is_stmt 0 view .LVU672
 2073 0118 094A     		ldr	r2, .L196+4
 2074 011a C262     		str	r2, [r0, #44]
 951:Drivers/STM32F1xx_HAL_Driver/Src/stm32f1xx_hal_tim_ex.c **** 
 2075              		.loc 1 951 7 is_stmt 1 view .LVU673
 951:Drivers/STM32F1xx_HAL_Driver/Src/stm32f1xx_hal_tim_ex.c **** 
 2076              		.loc 1 951 53 is_stmt 0 view .LVU674
 2077 011c 094A     		ldr	r2, .L196+8
 2078 011e 0263     		str	r2, [r0, #48]
 954:Drivers/STM32F1xx_HAL_Driver/Src/stm32f1xx_hal_tim_ex.c ****                            Length) != HAL_OK)
 2079              		.loc 1 954 7 is_stmt 1 view .LVU675
 954:Drivers/STM32F1xx_HAL_Driver/Src/stm32f1xx_hal_tim_ex.c ****                            Length) != HAL_OK)
 2080              		.loc 1 954 83 is_stmt 0 view .LVU676
 2081 0120 2268     		ldr	r2, [r4]
 954:Drivers/STM32F1xx_HAL_Driver/Src/stm32f1xx_hal_tim_ex.c ****                            Length) != HAL_OK)
 2082              		.loc 1 954 11 view .LVU677
 2083 0122 3C32     		adds	r2, r2, #60
 2084 0124 FFF7FEFF 		bl	HAL_DMA_Start_IT
 2085              	.LVL142:
 954:Drivers/STM32F1xx_HAL_Driver/Src/stm32f1xx_hal_tim_ex.c ****                            Length) != HAL_OK)
 2086              		.loc 1 954 10 discriminator 1 view .LVU678
 2087 0128 0028     		cmp	r0, #0
 2088 012a 8DD1     		bne	.L162
 961:Drivers/STM32F1xx_HAL_Driver/Src/stm32f1xx_hal_tim_ex.c ****       break;
 2089              		.loc 1 961 7 is_stmt 1 view .LVU679
 2090 012c 2068     		ldr	r0, [r4]
 2091 012e C368     		ldr	r3, [r0, #12]
 2092 0130 43F40063 		orr	r3, r3, #2048
 2093 0134 B1E7     		b	.L192
 2094              	.LVL143:
ARM GAS  C:\Users\airforce\AppData\Local\Temp\ccVTBrFk.s 			page 90


 2095              	.L168:
 892:Drivers/STM32F1xx_HAL_Driver/Src/stm32f1xx_hal_tim_ex.c ****     }
 2096              		.loc 1 892 7 is_stmt 0 discriminator 7 view .LVU680
 2097 0136 84F84520 		strb	r2, [r4, #69]
 900:Drivers/STM32F1xx_HAL_Driver/Src/stm32f1xx_hal_tim_ex.c ****   {
 2098              		.loc 1 900 3 is_stmt 1 view .LVU681
 2099 013a 85E7     		b	.L162
 2100              	.L197:
 2101              		.align	2
 2102              	.L196:
 2103 013c 00000000 		.word	TIM_DMADelayPulseNCplt
 2104 0140 00000000 		.word	TIM_DMADelayPulseHalfCplt
 2105 0144 00000000 		.word	TIM_DMAErrorCCxN
 2106 0148 002C0140 		.word	1073818624
 2107              		.cfi_endproc
 2108              	.LFE79:
 2110              		.section	.text.HAL_TIMEx_OCN_Stop_DMA,"ax",%progbits
 2111              		.align	1
 2112              		.global	HAL_TIMEx_OCN_Stop_DMA
 2113              		.syntax unified
 2114              		.thumb
 2115              		.thumb_func
 2117              	HAL_TIMEx_OCN_Stop_DMA:
 2118              	.LVL144:
 2119              	.LFB80:
1009:Drivers/STM32F1xx_HAL_Driver/Src/stm32f1xx_hal_tim_ex.c ****   HAL_StatusTypeDef status = HAL_OK;
 2120              		.loc 1 1009 1 view -0
 2121              		.cfi_startproc
 2122              		@ args = 0, pretend = 0, frame = 0
 2123              		@ frame_needed = 0, uses_anonymous_args = 0
1010:Drivers/STM32F1xx_HAL_Driver/Src/stm32f1xx_hal_tim_ex.c **** 
 2124              		.loc 1 1010 3 view .LVU683
1013:Drivers/STM32F1xx_HAL_Driver/Src/stm32f1xx_hal_tim_ex.c **** 
 2125              		.loc 1 1013 3 view .LVU684
1015:Drivers/STM32F1xx_HAL_Driver/Src/stm32f1xx_hal_tim_ex.c ****   {
 2126              		.loc 1 1015 3 view .LVU685
 2127 0000 0429     		cmp	r1, #4
1009:Drivers/STM32F1xx_HAL_Driver/Src/stm32f1xx_hal_tim_ex.c ****   HAL_StatusTypeDef status = HAL_OK;
 2128              		.loc 1 1009 1 is_stmt 0 view .LVU686
 2129 0002 38B5     		push	{r3, r4, r5, lr}
 2130              	.LCFI19:
 2131              		.cfi_def_cfa_offset 16
 2132              		.cfi_offset 3, -16
 2133              		.cfi_offset 4, -12
 2134              		.cfi_offset 5, -8
 2135              		.cfi_offset 14, -4
1009:Drivers/STM32F1xx_HAL_Driver/Src/stm32f1xx_hal_tim_ex.c ****   HAL_StatusTypeDef status = HAL_OK;
 2136              		.loc 1 1009 1 view .LVU687
 2137 0004 0446     		mov	r4, r0
 2138 0006 0D46     		mov	r5, r1
1015:Drivers/STM32F1xx_HAL_Driver/Src/stm32f1xx_hal_tim_ex.c ****   {
 2139              		.loc 1 1015 3 view .LVU688
 2140 0008 32D0     		beq	.L199
 2141 000a 0829     		cmp	r1, #8
 2142 000c 37D0     		beq	.L200
 2143 000e 0029     		cmp	r1, #0
 2144 0010 43D1     		bne	.L208
ARM GAS  C:\Users\airforce\AppData\Local\Temp\ccVTBrFk.s 			page 91


1020:Drivers/STM32F1xx_HAL_Driver/Src/stm32f1xx_hal_tim_ex.c ****       (void)HAL_DMA_Abort_IT(htim->hdma[TIM_DMA_ID_CC1]);
 2145              		.loc 1 1020 7 is_stmt 1 view .LVU689
 2146 0012 0268     		ldr	r2, [r0]
1021:Drivers/STM32F1xx_HAL_Driver/Src/stm32f1xx_hal_tim_ex.c ****       break;
 2147              		.loc 1 1021 13 is_stmt 0 view .LVU690
 2148 0014 406A     		ldr	r0, [r0, #36]
 2149              	.LVL145:
1020:Drivers/STM32F1xx_HAL_Driver/Src/stm32f1xx_hal_tim_ex.c ****       (void)HAL_DMA_Abort_IT(htim->hdma[TIM_DMA_ID_CC1]);
 2150              		.loc 1 1020 7 view .LVU691
 2151 0016 D368     		ldr	r3, [r2, #12]
 2152 0018 23F40073 		bic	r3, r3, #512
 2153 001c D360     		str	r3, [r2, #12]
1021:Drivers/STM32F1xx_HAL_Driver/Src/stm32f1xx_hal_tim_ex.c ****       break;
 2154              		.loc 1 1021 7 is_stmt 1 view .LVU692
 2155              	.L209:
1037:Drivers/STM32F1xx_HAL_Driver/Src/stm32f1xx_hal_tim_ex.c ****       break;
 2156              		.loc 1 1037 13 is_stmt 0 view .LVU693
 2157 001e FFF7FEFF 		bl	HAL_DMA_Abort_IT
 2158              	.LVL146:
1038:Drivers/STM32F1xx_HAL_Driver/Src/stm32f1xx_hal_tim_ex.c ****     }
 2159              		.loc 1 1038 7 is_stmt 1 view .LVU694
1046:Drivers/STM32F1xx_HAL_Driver/Src/stm32f1xx_hal_tim_ex.c ****   {
 2160              		.loc 1 1046 3 view .LVU695
1049:Drivers/STM32F1xx_HAL_Driver/Src/stm32f1xx_hal_tim_ex.c **** 
 2161              		.loc 1 1049 5 view .LVU696
 2162 0022 0022     		movs	r2, #0
 2163 0024 2068     		ldr	r0, [r4]
 2164 0026 2946     		mov	r1, r5
 2165 0028 FFF7FEFF 		bl	TIM_CCxNChannelCmd
 2166              	.LVL147:
1052:Drivers/STM32F1xx_HAL_Driver/Src/stm32f1xx_hal_tim_ex.c **** 
 2167              		.loc 1 1052 5 view .LVU697
1052:Drivers/STM32F1xx_HAL_Driver/Src/stm32f1xx_hal_tim_ex.c **** 
 2168              		.loc 1 1052 5 view .LVU698
 2169 002c 41F21113 		movw	r3, #4369
 2170 0030 026A     		ldr	r2, [r0, #32]
 2171 0032 1A42     		tst	r2, r3
 2172 0034 08D1     		bne	.L203
1052:Drivers/STM32F1xx_HAL_Driver/Src/stm32f1xx_hal_tim_ex.c **** 
 2173              		.loc 1 1052 5 discriminator 1 view .LVU699
 2174 0036 40F24443 		movw	r3, #1092
 2175 003a 026A     		ldr	r2, [r0, #32]
 2176 003c 1A42     		tst	r2, r3
1052:Drivers/STM32F1xx_HAL_Driver/Src/stm32f1xx_hal_tim_ex.c **** 
 2177              		.loc 1 1052 5 discriminator 3 view .LVU700
 2178 003e 02BF     		ittt	eq
 2179 0040 436C     		ldreq	r3, [r0, #68]
 2180 0042 23F40043 		biceq	r3, r3, #32768
 2181 0046 4364     		streq	r3, [r0, #68]
 2182              	.L203:
1052:Drivers/STM32F1xx_HAL_Driver/Src/stm32f1xx_hal_tim_ex.c **** 
 2183              		.loc 1 1052 5 discriminator 5 view .LVU701
1055:Drivers/STM32F1xx_HAL_Driver/Src/stm32f1xx_hal_tim_ex.c **** 
 2184              		.loc 1 1055 5 view .LVU702
1055:Drivers/STM32F1xx_HAL_Driver/Src/stm32f1xx_hal_tim_ex.c **** 
 2185              		.loc 1 1055 5 view .LVU703
 2186 0048 41F21113 		movw	r3, #4369
ARM GAS  C:\Users\airforce\AppData\Local\Temp\ccVTBrFk.s 			page 92


 2187 004c 026A     		ldr	r2, [r0, #32]
 2188 004e 1A42     		tst	r2, r3
 2189 0050 08D1     		bne	.L204
1055:Drivers/STM32F1xx_HAL_Driver/Src/stm32f1xx_hal_tim_ex.c **** 
 2190              		.loc 1 1055 5 discriminator 1 view .LVU704
 2191 0052 40F24443 		movw	r3, #1092
 2192 0056 026A     		ldr	r2, [r0, #32]
 2193 0058 1A42     		tst	r2, r3
1055:Drivers/STM32F1xx_HAL_Driver/Src/stm32f1xx_hal_tim_ex.c **** 
 2194              		.loc 1 1055 5 discriminator 3 view .LVU705
 2195 005a 02BF     		ittt	eq
 2196 005c 0368     		ldreq	r3, [r0]
 2197 005e 23F00103 		biceq	r3, r3, #1
 2198 0062 0360     		streq	r3, [r0]
 2199              	.L204:
1055:Drivers/STM32F1xx_HAL_Driver/Src/stm32f1xx_hal_tim_ex.c **** 
 2200              		.loc 1 1055 5 discriminator 5 view .LVU706
1058:Drivers/STM32F1xx_HAL_Driver/Src/stm32f1xx_hal_tim_ex.c ****   }
 2201              		.loc 1 1058 5 view .LVU707
 2202 0064 0123     		movs	r3, #1
 2203 0066 8DB9     		cbnz	r5, .L205
1058:Drivers/STM32F1xx_HAL_Driver/Src/stm32f1xx_hal_tim_ex.c ****   }
 2204              		.loc 1 1058 5 is_stmt 0 discriminator 1 view .LVU708
 2205 0068 84F84230 		strb	r3, [r4, #66]
 2206              	.L206:
1015:Drivers/STM32F1xx_HAL_Driver/Src/stm32f1xx_hal_tim_ex.c ****   {
 2207              		.loc 1 1015 3 view .LVU709
 2208 006c 0020     		movs	r0, #0
 2209              	.L201:
 2210              	.LVL148:
1062:Drivers/STM32F1xx_HAL_Driver/Src/stm32f1xx_hal_tim_ex.c **** }
 2211              		.loc 1 1062 3 is_stmt 1 view .LVU710
1063:Drivers/STM32F1xx_HAL_Driver/Src/stm32f1xx_hal_tim_ex.c **** 
 2212              		.loc 1 1063 1 is_stmt 0 view .LVU711
 2213 006e 38BD     		pop	{r3, r4, r5, pc}
 2214              	.LVL149:
 2215              	.L199:
1028:Drivers/STM32F1xx_HAL_Driver/Src/stm32f1xx_hal_tim_ex.c ****       (void)HAL_DMA_Abort_IT(htim->hdma[TIM_DMA_ID_CC2]);
 2216              		.loc 1 1028 7 is_stmt 1 view .LVU712
 2217 0070 0268     		ldr	r2, [r0]
1029:Drivers/STM32F1xx_HAL_Driver/Src/stm32f1xx_hal_tim_ex.c ****       break;
 2218              		.loc 1 1029 13 is_stmt 0 view .LVU713
 2219 0072 806A     		ldr	r0, [r0, #40]
 2220              	.LVL150:
1028:Drivers/STM32F1xx_HAL_Driver/Src/stm32f1xx_hal_tim_ex.c ****       (void)HAL_DMA_Abort_IT(htim->hdma[TIM_DMA_ID_CC2]);
 2221              		.loc 1 1028 7 view .LVU714
 2222 0074 D368     		ldr	r3, [r2, #12]
 2223 0076 23F48063 		bic	r3, r3, #1024
 2224 007a D360     		str	r3, [r2, #12]
1029:Drivers/STM32F1xx_HAL_Driver/Src/stm32f1xx_hal_tim_ex.c ****       break;
 2225              		.loc 1 1029 7 is_stmt 1 view .LVU715
 2226 007c CFE7     		b	.L209
 2227              	.LVL151:
 2228              	.L200:
1036:Drivers/STM32F1xx_HAL_Driver/Src/stm32f1xx_hal_tim_ex.c ****       (void)HAL_DMA_Abort_IT(htim->hdma[TIM_DMA_ID_CC3]);
 2229              		.loc 1 1036 7 view .LVU716
 2230 007e 0268     		ldr	r2, [r0]
ARM GAS  C:\Users\airforce\AppData\Local\Temp\ccVTBrFk.s 			page 93


1037:Drivers/STM32F1xx_HAL_Driver/Src/stm32f1xx_hal_tim_ex.c ****       break;
 2231              		.loc 1 1037 13 is_stmt 0 view .LVU717
 2232 0080 C06A     		ldr	r0, [r0, #44]
 2233              	.LVL152:
1036:Drivers/STM32F1xx_HAL_Driver/Src/stm32f1xx_hal_tim_ex.c ****       (void)HAL_DMA_Abort_IT(htim->hdma[TIM_DMA_ID_CC3]);
 2234              		.loc 1 1036 7 view .LVU718
 2235 0082 D368     		ldr	r3, [r2, #12]
 2236 0084 23F40063 		bic	r3, r3, #2048
 2237 0088 D360     		str	r3, [r2, #12]
1037:Drivers/STM32F1xx_HAL_Driver/Src/stm32f1xx_hal_tim_ex.c ****       break;
 2238              		.loc 1 1037 7 is_stmt 1 view .LVU719
 2239 008a C8E7     		b	.L209
 2240              	.LVL153:
 2241              	.L205:
1058:Drivers/STM32F1xx_HAL_Driver/Src/stm32f1xx_hal_tim_ex.c ****   }
 2242              		.loc 1 1058 5 is_stmt 0 discriminator 2 view .LVU720
 2243 008c 042D     		cmp	r5, #4
1058:Drivers/STM32F1xx_HAL_Driver/Src/stm32f1xx_hal_tim_ex.c ****   }
 2244              		.loc 1 1058 5 discriminator 3 view .LVU721
 2245 008e 0CBF     		ite	eq
 2246 0090 84F84330 		strbeq	r3, [r4, #67]
1058:Drivers/STM32F1xx_HAL_Driver/Src/stm32f1xx_hal_tim_ex.c ****   }
 2247              		.loc 1 1058 5 discriminator 6 view .LVU722
 2248 0094 84F84430 		strbne	r3, [r4, #68]
 2249 0098 E8E7     		b	.L206
 2250              	.LVL154:
 2251              	.L208:
1015:Drivers/STM32F1xx_HAL_Driver/Src/stm32f1xx_hal_tim_ex.c ****   {
 2252              		.loc 1 1015 3 view .LVU723
 2253 009a 0120     		movs	r0, #1
 2254              	.LVL155:
1015:Drivers/STM32F1xx_HAL_Driver/Src/stm32f1xx_hal_tim_ex.c ****   {
 2255              		.loc 1 1015 3 view .LVU724
 2256 009c E7E7     		b	.L201
 2257              		.cfi_endproc
 2258              	.LFE80:
 2260              		.section	.text.HAL_TIMEx_PWMN_Start,"ax",%progbits
 2261              		.align	1
 2262              		.global	HAL_TIMEx_PWMN_Start
 2263              		.syntax unified
 2264              		.thumb
 2265              		.thumb_func
 2267              	HAL_TIMEx_PWMN_Start:
 2268              	.LFB116:
 2269              		.cfi_startproc
1098:Drivers/STM32F1xx_HAL_Driver/Src/stm32f1xx_hal_tim_ex.c **** {
 2270              		.loc 1 1098 19 is_stmt 1 view -0
 2271              		@ args = 0, pretend = 0, frame = 0
 2272              		@ frame_needed = 0, uses_anonymous_args = 0
 2273              		@ link register save eliminated.
 2274 0000 FFF7FEBF 		b	HAL_TIMEx_OCN_Start
 2275              		.cfi_endproc
 2276              	.LFE116:
 2278              		.section	.text.HAL_TIMEx_PWMN_Stop,"ax",%progbits
 2279              		.align	1
 2280              		.global	HAL_TIMEx_PWMN_Stop
 2281              		.syntax unified
ARM GAS  C:\Users\airforce\AppData\Local\Temp\ccVTBrFk.s 			page 94


 2282              		.thumb
 2283              		.thumb_func
 2285              	HAL_TIMEx_PWMN_Stop:
 2286              	.LFB118:
 2287              		.cfi_startproc
1148:Drivers/STM32F1xx_HAL_Driver/Src/stm32f1xx_hal_tim_ex.c **** {
 2288              		.loc 1 1148 19 view -0
 2289              		@ args = 0, pretend = 0, frame = 0
 2290              		@ frame_needed = 0, uses_anonymous_args = 0
 2291              		@ link register save eliminated.
 2292 0000 FFF7FEBF 		b	HAL_TIMEx_OCN_Stop
 2293              		.cfi_endproc
 2294              	.LFE118:
 2296              		.section	.text.HAL_TIMEx_PWMN_Start_IT,"ax",%progbits
 2297              		.align	1
 2298              		.global	HAL_TIMEx_PWMN_Start_IT
 2299              		.syntax unified
 2300              		.thumb
 2301              		.thumb_func
 2303              	HAL_TIMEx_PWMN_Start_IT:
 2304              	.LFB120:
 2305              		.cfi_startproc
1180:Drivers/STM32F1xx_HAL_Driver/Src/stm32f1xx_hal_tim_ex.c **** {
 2306              		.loc 1 1180 19 view -0
 2307              		@ args = 0, pretend = 0, frame = 0
 2308              		@ frame_needed = 0, uses_anonymous_args = 0
 2309              		@ link register save eliminated.
 2310 0000 FFF7FEBF 		b	HAL_TIMEx_OCN_Start_IT
 2311              		.cfi_endproc
 2312              	.LFE120:
 2314              		.section	.text.HAL_TIMEx_PWMN_Stop_IT,"ax",%progbits
 2315              		.align	1
 2316              		.global	HAL_TIMEx_PWMN_Stop_IT
 2317              		.syntax unified
 2318              		.thumb
 2319              		.thumb_func
 2321              	HAL_TIMEx_PWMN_Stop_IT:
 2322              	.LFB122:
 2323              		.cfi_startproc
1266:Drivers/STM32F1xx_HAL_Driver/Src/stm32f1xx_hal_tim_ex.c **** {
 2324              		.loc 1 1266 19 view -0
 2325              		@ args = 0, pretend = 0, frame = 0
 2326              		@ frame_needed = 0, uses_anonymous_args = 0
 2327              		@ link register save eliminated.
 2328 0000 FFF7FEBF 		b	HAL_TIMEx_OCN_Stop_IT
 2329              		.cfi_endproc
 2330              	.LFE122:
 2332              		.section	.text.HAL_TIMEx_PWMN_Start_DMA,"ax",%progbits
 2333              		.align	1
 2334              		.global	HAL_TIMEx_PWMN_Start_DMA
 2335              		.syntax unified
 2336              		.thumb
 2337              		.thumb_func
 2339              	HAL_TIMEx_PWMN_Start_DMA:
 2340              	.LFB124:
 2341              		.cfi_startproc
1341:Drivers/STM32F1xx_HAL_Driver/Src/stm32f1xx_hal_tim_ex.c ****                                            uint16_t Length)
ARM GAS  C:\Users\airforce\AppData\Local\Temp\ccVTBrFk.s 			page 95


 2342              		.loc 1 1341 19 view -0
 2343              		@ args = 0, pretend = 0, frame = 0
 2344              		@ frame_needed = 0, uses_anonymous_args = 0
 2345              		@ link register save eliminated.
 2346 0000 FFF7FEBF 		b	HAL_TIMEx_OCN_Start_DMA
 2347              		.cfi_endproc
 2348              	.LFE124:
 2350              		.section	.text.HAL_TIMEx_PWMN_Stop_DMA,"ax",%progbits
 2351              		.align	1
 2352              		.global	HAL_TIMEx_PWMN_Stop_DMA
 2353              		.syntax unified
 2354              		.thumb
 2355              		.thumb_func
 2357              	HAL_TIMEx_PWMN_Stop_DMA:
 2358              	.LFB126:
 2359              		.cfi_startproc
1479:Drivers/STM32F1xx_HAL_Driver/Src/stm32f1xx_hal_tim_ex.c **** {
 2360              		.loc 1 1479 19 view -0
 2361              		@ args = 0, pretend = 0, frame = 0
 2362              		@ frame_needed = 0, uses_anonymous_args = 0
 2363              		@ link register save eliminated.
 2364 0000 FFF7FEBF 		b	HAL_TIMEx_OCN_Stop_DMA
 2365              		.cfi_endproc
 2366              	.LFE126:
 2368              		.section	.text.HAL_TIMEx_OnePulseN_Start,"ax",%progbits
 2369              		.align	1
 2370              		.global	HAL_TIMEx_OnePulseN_Start
 2371              		.syntax unified
 2372              		.thumb
 2373              		.thumb_func
 2375              	HAL_TIMEx_OnePulseN_Start:
 2376              	.LVL156:
 2377              	.LFB87:
1571:Drivers/STM32F1xx_HAL_Driver/Src/stm32f1xx_hal_tim_ex.c ****   uint32_t input_channel = (OutputChannel == TIM_CHANNEL_1) ? TIM_CHANNEL_2 : TIM_CHANNEL_1;
 2378              		.loc 1 1571 1 view -0
 2379              		.cfi_startproc
 2380              		@ args = 0, pretend = 0, frame = 0
 2381              		@ frame_needed = 0, uses_anonymous_args = 0
1572:Drivers/STM32F1xx_HAL_Driver/Src/stm32f1xx_hal_tim_ex.c ****   HAL_TIM_ChannelStateTypeDef channel_1_state = TIM_CHANNEL_STATE_GET(htim, TIM_CHANNEL_1);
 2382              		.loc 1 1572 3 view .LVU732
1573:Drivers/STM32F1xx_HAL_Driver/Src/stm32f1xx_hal_tim_ex.c ****   HAL_TIM_ChannelStateTypeDef channel_2_state = TIM_CHANNEL_STATE_GET(htim, TIM_CHANNEL_2);
 2383              		.loc 1 1573 3 view .LVU733
1571:Drivers/STM32F1xx_HAL_Driver/Src/stm32f1xx_hal_tim_ex.c ****   uint32_t input_channel = (OutputChannel == TIM_CHANNEL_1) ? TIM_CHANNEL_2 : TIM_CHANNEL_1;
 2384              		.loc 1 1571 1 is_stmt 0 view .LVU734
 2385 0000 F8B5     		push	{r3, r4, r5, r6, r7, lr}
 2386              	.LCFI20:
 2387              		.cfi_def_cfa_offset 24
 2388              		.cfi_offset 3, -24
 2389              		.cfi_offset 4, -20
 2390              		.cfi_offset 5, -16
 2391              		.cfi_offset 6, -12
 2392              		.cfi_offset 7, -8
 2393              		.cfi_offset 14, -4
1571:Drivers/STM32F1xx_HAL_Driver/Src/stm32f1xx_hal_tim_ex.c ****   uint32_t input_channel = (OutputChannel == TIM_CHANNEL_1) ? TIM_CHANNEL_2 : TIM_CHANNEL_1;
 2394              		.loc 1 1571 1 view .LVU735
 2395 0002 0446     		mov	r4, r0
1573:Drivers/STM32F1xx_HAL_Driver/Src/stm32f1xx_hal_tim_ex.c ****   HAL_TIM_ChannelStateTypeDef channel_2_state = TIM_CHANNEL_STATE_GET(htim, TIM_CHANNEL_2);
ARM GAS  C:\Users\airforce\AppData\Local\Temp\ccVTBrFk.s 			page 96


 2396              		.loc 1 1573 31 view .LVU736
 2397 0004 90F83E70 		ldrb	r7, [r0, #62]	@ zero_extendqisi2
1574:Drivers/STM32F1xx_HAL_Driver/Src/stm32f1xx_hal_tim_ex.c ****   HAL_TIM_ChannelStateTypeDef complementary_channel_1_state = TIM_CHANNEL_N_STATE_GET(htim, TIM_CHA
 2398              		.loc 1 1574 31 view .LVU737
 2399 0008 90F83F00 		ldrb	r0, [r0, #63]	@ zero_extendqisi2
 2400              	.LVL157:
1575:Drivers/STM32F1xx_HAL_Driver/Src/stm32f1xx_hal_tim_ex.c ****   HAL_TIM_ChannelStateTypeDef complementary_channel_2_state = TIM_CHANNEL_N_STATE_GET(htim, TIM_CHA
 2401              		.loc 1 1575 31 view .LVU738
 2402 000c 94F84220 		ldrb	r2, [r4, #66]	@ zero_extendqisi2
1576:Drivers/STM32F1xx_HAL_Driver/Src/stm32f1xx_hal_tim_ex.c **** 
 2403              		.loc 1 1576 31 view .LVU739
 2404 0010 94F84330 		ldrb	r3, [r4, #67]	@ zero_extendqisi2
1582:Drivers/STM32F1xx_HAL_Driver/Src/stm32f1xx_hal_tim_ex.c ****       || (channel_2_state != HAL_TIM_CHANNEL_STATE_READY)
 2405              		.loc 1 1582 6 view .LVU740
 2406 0014 012F     		cmp	r7, #1
1571:Drivers/STM32F1xx_HAL_Driver/Src/stm32f1xx_hal_tim_ex.c ****   uint32_t input_channel = (OutputChannel == TIM_CHANNEL_1) ? TIM_CHANNEL_2 : TIM_CHANNEL_1;
 2407              		.loc 1 1571 1 view .LVU741
 2408 0016 0D46     		mov	r5, r1
1573:Drivers/STM32F1xx_HAL_Driver/Src/stm32f1xx_hal_tim_ex.c ****   HAL_TIM_ChannelStateTypeDef channel_2_state = TIM_CHANNEL_STATE_GET(htim, TIM_CHANNEL_2);
 2409              		.loc 1 1573 31 view .LVU742
 2410 0018 FEB2     		uxtb	r6, r7
 2411              	.LVL158:
1574:Drivers/STM32F1xx_HAL_Driver/Src/stm32f1xx_hal_tim_ex.c ****   HAL_TIM_ChannelStateTypeDef complementary_channel_1_state = TIM_CHANNEL_N_STATE_GET(htim, TIM_CHA
 2412              		.loc 1 1574 3 is_stmt 1 view .LVU743
1574:Drivers/STM32F1xx_HAL_Driver/Src/stm32f1xx_hal_tim_ex.c ****   HAL_TIM_ChannelStateTypeDef complementary_channel_1_state = TIM_CHANNEL_N_STATE_GET(htim, TIM_CHA
 2413              		.loc 1 1574 31 is_stmt 0 view .LVU744
 2414 001a C0B2     		uxtb	r0, r0
 2415              	.LVL159:
1575:Drivers/STM32F1xx_HAL_Driver/Src/stm32f1xx_hal_tim_ex.c ****   HAL_TIM_ChannelStateTypeDef complementary_channel_2_state = TIM_CHANNEL_N_STATE_GET(htim, TIM_CHA
 2416              		.loc 1 1575 3 is_stmt 1 view .LVU745
1575:Drivers/STM32F1xx_HAL_Driver/Src/stm32f1xx_hal_tim_ex.c ****   HAL_TIM_ChannelStateTypeDef complementary_channel_2_state = TIM_CHANNEL_N_STATE_GET(htim, TIM_CHA
 2417              		.loc 1 1575 31 is_stmt 0 view .LVU746
 2418 001c D2B2     		uxtb	r2, r2
 2419              	.LVL160:
1576:Drivers/STM32F1xx_HAL_Driver/Src/stm32f1xx_hal_tim_ex.c **** 
 2420              		.loc 1 1576 3 is_stmt 1 view .LVU747
1576:Drivers/STM32F1xx_HAL_Driver/Src/stm32f1xx_hal_tim_ex.c **** 
 2421              		.loc 1 1576 31 is_stmt 0 view .LVU748
 2422 001e DBB2     		uxtb	r3, r3
 2423              	.LVL161:
1579:Drivers/STM32F1xx_HAL_Driver/Src/stm32f1xx_hal_tim_ex.c **** 
 2424              		.loc 1 1579 3 is_stmt 1 view .LVU749
1582:Drivers/STM32F1xx_HAL_Driver/Src/stm32f1xx_hal_tim_ex.c ****       || (channel_2_state != HAL_TIM_CHANNEL_STATE_READY)
 2425              		.loc 1 1582 3 view .LVU750
1582:Drivers/STM32F1xx_HAL_Driver/Src/stm32f1xx_hal_tim_ex.c ****       || (channel_2_state != HAL_TIM_CHANNEL_STATE_READY)
 2426              		.loc 1 1582 6 is_stmt 0 view .LVU751
 2427 0020 21D1     		bne	.L218
1583:Drivers/STM32F1xx_HAL_Driver/Src/stm32f1xx_hal_tim_ex.c ****       || (complementary_channel_1_state != HAL_TIM_CHANNEL_STATE_READY)
 2428              		.loc 1 1583 7 view .LVU752
 2429 0022 0128     		cmp	r0, #1
 2430 0024 1DD1     		bne	.L217
1584:Drivers/STM32F1xx_HAL_Driver/Src/stm32f1xx_hal_tim_ex.c ****       || (complementary_channel_2_state != HAL_TIM_CHANNEL_STATE_READY))
 2431              		.loc 1 1584 7 view .LVU753
 2432 0026 012A     		cmp	r2, #1
 2433 0028 1BD1     		bne	.L217
1585:Drivers/STM32F1xx_HAL_Driver/Src/stm32f1xx_hal_tim_ex.c ****   {
 2434              		.loc 1 1585 7 view .LVU754
ARM GAS  C:\Users\airforce\AppData\Local\Temp\ccVTBrFk.s 			page 97


 2435 002a 012B     		cmp	r3, #1
 2436 002c 19D1     		bne	.L217
1591:Drivers/STM32F1xx_HAL_Driver/Src/stm32f1xx_hal_tim_ex.c ****   TIM_CHANNEL_STATE_SET(htim, TIM_CHANNEL_2, HAL_TIM_CHANNEL_STATE_BUSY);
 2437              		.loc 1 1591 3 is_stmt 1 view .LVU755
 2438 002e 0223     		movs	r3, #2
 2439              	.LVL162:
1597:Drivers/STM32F1xx_HAL_Driver/Src/stm32f1xx_hal_tim_ex.c ****   TIM_CCxChannelCmd(htim->Instance, input_channel, TIM_CCx_ENABLE);
 2440              		.loc 1 1597 3 is_stmt 0 view .LVU756
 2441 0030 0422     		movs	r2, #4
 2442              	.LVL163:
1591:Drivers/STM32F1xx_HAL_Driver/Src/stm32f1xx_hal_tim_ex.c ****   TIM_CHANNEL_STATE_SET(htim, TIM_CHANNEL_2, HAL_TIM_CHANNEL_STATE_BUSY);
 2443              		.loc 1 1591 3 view .LVU757
 2444 0032 84F83E30 		strb	r3, [r4, #62]
1592:Drivers/STM32F1xx_HAL_Driver/Src/stm32f1xx_hal_tim_ex.c ****   TIM_CHANNEL_N_STATE_SET(htim, TIM_CHANNEL_1, HAL_TIM_CHANNEL_STATE_BUSY);
 2445              		.loc 1 1592 3 is_stmt 1 view .LVU758
1597:Drivers/STM32F1xx_HAL_Driver/Src/stm32f1xx_hal_tim_ex.c ****   TIM_CCxChannelCmd(htim->Instance, input_channel, TIM_CCx_ENABLE);
 2446              		.loc 1 1597 3 is_stmt 0 view .LVU759
 2447 0036 2068     		ldr	r0, [r4]
 2448              	.LVL164:
1592:Drivers/STM32F1xx_HAL_Driver/Src/stm32f1xx_hal_tim_ex.c ****   TIM_CHANNEL_N_STATE_SET(htim, TIM_CHANNEL_1, HAL_TIM_CHANNEL_STATE_BUSY);
 2449              		.loc 1 1592 3 view .LVU760
 2450 0038 84F83F30 		strb	r3, [r4, #63]
1593:Drivers/STM32F1xx_HAL_Driver/Src/stm32f1xx_hal_tim_ex.c ****   TIM_CHANNEL_N_STATE_SET(htim, TIM_CHANNEL_2, HAL_TIM_CHANNEL_STATE_BUSY);
 2451              		.loc 1 1593 3 is_stmt 1 view .LVU761
 2452 003c 84F84230 		strb	r3, [r4, #66]
1594:Drivers/STM32F1xx_HAL_Driver/Src/stm32f1xx_hal_tim_ex.c **** 
 2453              		.loc 1 1594 3 view .LVU762
 2454 0040 84F84330 		strb	r3, [r4, #67]
1597:Drivers/STM32F1xx_HAL_Driver/Src/stm32f1xx_hal_tim_ex.c ****   TIM_CCxChannelCmd(htim->Instance, input_channel, TIM_CCx_ENABLE);
 2455              		.loc 1 1597 3 view .LVU763
 2456 0044 FFF7FEFF 		bl	TIM_CCxNChannelCmd
 2457              	.LVL165:
1598:Drivers/STM32F1xx_HAL_Driver/Src/stm32f1xx_hal_tim_ex.c **** 
 2458              		.loc 1 1598 3 view .LVU764
1572:Drivers/STM32F1xx_HAL_Driver/Src/stm32f1xx_hal_tim_ex.c ****   HAL_TIM_ChannelStateTypeDef channel_1_state = TIM_CHANNEL_STATE_GET(htim, TIM_CHANNEL_1);
 2459              		.loc 1 1572 77 is_stmt 0 view .LVU765
 2460 0048 B5FA85F1 		clz	r1, r5
1598:Drivers/STM32F1xx_HAL_Driver/Src/stm32f1xx_hal_tim_ex.c **** 
 2461              		.loc 1 1598 3 view .LVU766
 2462 004c 3246     		mov	r2, r6
1604:Drivers/STM32F1xx_HAL_Driver/Src/stm32f1xx_hal_tim_ex.c **** }
 2463              		.loc 1 1604 10 view .LVU767
 2464 004e 0026     		movs	r6, #0
 2465              	.LVL166:
1572:Drivers/STM32F1xx_HAL_Driver/Src/stm32f1xx_hal_tim_ex.c ****   HAL_TIM_ChannelStateTypeDef channel_1_state = TIM_CHANNEL_STATE_GET(htim, TIM_CHANNEL_1);
 2466              		.loc 1 1572 77 view .LVU768
 2467 0050 4909     		lsrs	r1, r1, #5
1598:Drivers/STM32F1xx_HAL_Driver/Src/stm32f1xx_hal_tim_ex.c **** 
 2468              		.loc 1 1598 3 view .LVU769
 2469 0052 8900     		lsls	r1, r1, #2
 2470 0054 FFF7FEFF 		bl	TIM_CCxChannelCmd
 2471              	.LVL167:
1601:Drivers/STM32F1xx_HAL_Driver/Src/stm32f1xx_hal_tim_ex.c **** 
 2472              		.loc 1 1601 3 is_stmt 1 view .LVU770
 2473 0058 2268     		ldr	r2, [r4]
 2474 005a 536C     		ldr	r3, [r2, #68]
 2475 005c 43F40043 		orr	r3, r3, #32768
ARM GAS  C:\Users\airforce\AppData\Local\Temp\ccVTBrFk.s 			page 98


 2476 0060 5364     		str	r3, [r2, #68]
1604:Drivers/STM32F1xx_HAL_Driver/Src/stm32f1xx_hal_tim_ex.c **** }
 2477              		.loc 1 1604 3 view .LVU771
 2478              	.L217:
1605:Drivers/STM32F1xx_HAL_Driver/Src/stm32f1xx_hal_tim_ex.c **** 
 2479              		.loc 1 1605 1 is_stmt 0 view .LVU772
 2480 0062 3046     		mov	r0, r6
 2481 0064 F8BD     		pop	{r3, r4, r5, r6, r7, pc}
 2482              	.LVL168:
 2483              	.L218:
1587:Drivers/STM32F1xx_HAL_Driver/Src/stm32f1xx_hal_tim_ex.c ****   }
 2484              		.loc 1 1587 12 view .LVU773
 2485 0066 0126     		movs	r6, #1
 2486              	.LVL169:
1587:Drivers/STM32F1xx_HAL_Driver/Src/stm32f1xx_hal_tim_ex.c ****   }
 2487              		.loc 1 1587 12 view .LVU774
 2488 0068 FBE7     		b	.L217
 2489              		.cfi_endproc
 2490              	.LFE87:
 2492              		.section	.text.HAL_TIMEx_OnePulseN_Stop,"ax",%progbits
 2493              		.align	1
 2494              		.global	HAL_TIMEx_OnePulseN_Stop
 2495              		.syntax unified
 2496              		.thumb
 2497              		.thumb_func
 2499              	HAL_TIMEx_OnePulseN_Stop:
 2500              	.LVL170:
 2501              	.LFB88:
1620:Drivers/STM32F1xx_HAL_Driver/Src/stm32f1xx_hal_tim_ex.c ****   uint32_t input_channel = (OutputChannel == TIM_CHANNEL_1) ? TIM_CHANNEL_2 : TIM_CHANNEL_1;
 2502              		.loc 1 1620 1 is_stmt 1 view -0
 2503              		.cfi_startproc
 2504              		@ args = 0, pretend = 0, frame = 0
 2505              		@ frame_needed = 0, uses_anonymous_args = 0
1621:Drivers/STM32F1xx_HAL_Driver/Src/stm32f1xx_hal_tim_ex.c **** 
 2506              		.loc 1 1621 3 view .LVU776
1620:Drivers/STM32F1xx_HAL_Driver/Src/stm32f1xx_hal_tim_ex.c ****   uint32_t input_channel = (OutputChannel == TIM_CHANNEL_1) ? TIM_CHANNEL_2 : TIM_CHANNEL_1;
 2507              		.loc 1 1620 1 is_stmt 0 view .LVU777
 2508 0000 38B5     		push	{r3, r4, r5, lr}
 2509              	.LCFI21:
 2510              		.cfi_def_cfa_offset 16
 2511              		.cfi_offset 3, -16
 2512              		.cfi_offset 4, -12
 2513              		.cfi_offset 5, -8
 2514              		.cfi_offset 14, -4
1620:Drivers/STM32F1xx_HAL_Driver/Src/stm32f1xx_hal_tim_ex.c ****   uint32_t input_channel = (OutputChannel == TIM_CHANNEL_1) ? TIM_CHANNEL_2 : TIM_CHANNEL_1;
 2515              		.loc 1 1620 1 view .LVU778
 2516 0002 0D46     		mov	r5, r1
 2517              	.LVL171:
1624:Drivers/STM32F1xx_HAL_Driver/Src/stm32f1xx_hal_tim_ex.c **** 
 2518              		.loc 1 1624 3 is_stmt 1 view .LVU779
1627:Drivers/STM32F1xx_HAL_Driver/Src/stm32f1xx_hal_tim_ex.c ****   TIM_CCxChannelCmd(htim->Instance, input_channel, TIM_CCx_DISABLE);
 2519              		.loc 1 1627 3 view .LVU780
1620:Drivers/STM32F1xx_HAL_Driver/Src/stm32f1xx_hal_tim_ex.c ****   uint32_t input_channel = (OutputChannel == TIM_CHANNEL_1) ? TIM_CHANNEL_2 : TIM_CHANNEL_1;
 2520              		.loc 1 1620 1 is_stmt 0 view .LVU781
 2521 0004 0446     		mov	r4, r0
1627:Drivers/STM32F1xx_HAL_Driver/Src/stm32f1xx_hal_tim_ex.c ****   TIM_CCxChannelCmd(htim->Instance, input_channel, TIM_CCx_DISABLE);
 2522              		.loc 1 1627 3 view .LVU782
ARM GAS  C:\Users\airforce\AppData\Local\Temp\ccVTBrFk.s 			page 99


 2523 0006 0022     		movs	r2, #0
 2524 0008 0068     		ldr	r0, [r0]
 2525              	.LVL172:
1627:Drivers/STM32F1xx_HAL_Driver/Src/stm32f1xx_hal_tim_ex.c ****   TIM_CCxChannelCmd(htim->Instance, input_channel, TIM_CCx_DISABLE);
 2526              		.loc 1 1627 3 view .LVU783
 2527 000a FFF7FEFF 		bl	TIM_CCxNChannelCmd
 2528              	.LVL173:
1628:Drivers/STM32F1xx_HAL_Driver/Src/stm32f1xx_hal_tim_ex.c **** 
 2529              		.loc 1 1628 3 is_stmt 1 view .LVU784
1621:Drivers/STM32F1xx_HAL_Driver/Src/stm32f1xx_hal_tim_ex.c **** 
 2530              		.loc 1 1621 77 is_stmt 0 view .LVU785
 2531 000e B5FA85F1 		clz	r1, r5
 2532 0012 4909     		lsrs	r1, r1, #5
1628:Drivers/STM32F1xx_HAL_Driver/Src/stm32f1xx_hal_tim_ex.c **** 
 2533              		.loc 1 1628 3 view .LVU786
 2534 0014 0022     		movs	r2, #0
 2535 0016 8900     		lsls	r1, r1, #2
 2536 0018 FFF7FEFF 		bl	TIM_CCxChannelCmd
 2537              	.LVL174:
1631:Drivers/STM32F1xx_HAL_Driver/Src/stm32f1xx_hal_tim_ex.c **** 
 2538              		.loc 1 1631 3 is_stmt 1 view .LVU787
1631:Drivers/STM32F1xx_HAL_Driver/Src/stm32f1xx_hal_tim_ex.c **** 
 2539              		.loc 1 1631 3 view .LVU788
 2540 001c 41F21112 		movw	r2, #4369
 2541 0020 2368     		ldr	r3, [r4]
 2542 0022 196A     		ldr	r1, [r3, #32]
 2543 0024 1142     		tst	r1, r2
 2544 0026 08D1     		bne	.L222
1631:Drivers/STM32F1xx_HAL_Driver/Src/stm32f1xx_hal_tim_ex.c **** 
 2545              		.loc 1 1631 3 discriminator 1 view .LVU789
 2546 0028 40F24442 		movw	r2, #1092
 2547 002c 196A     		ldr	r1, [r3, #32]
 2548 002e 1142     		tst	r1, r2
1631:Drivers/STM32F1xx_HAL_Driver/Src/stm32f1xx_hal_tim_ex.c **** 
 2549              		.loc 1 1631 3 discriminator 3 view .LVU790
 2550 0030 02BF     		ittt	eq
 2551 0032 5A6C     		ldreq	r2, [r3, #68]
 2552 0034 22F40042 		biceq	r2, r2, #32768
 2553 0038 5A64     		streq	r2, [r3, #68]
 2554              	.L222:
1631:Drivers/STM32F1xx_HAL_Driver/Src/stm32f1xx_hal_tim_ex.c **** 
 2555              		.loc 1 1631 3 discriminator 5 view .LVU791
1634:Drivers/STM32F1xx_HAL_Driver/Src/stm32f1xx_hal_tim_ex.c **** 
 2556              		.loc 1 1634 3 view .LVU792
1634:Drivers/STM32F1xx_HAL_Driver/Src/stm32f1xx_hal_tim_ex.c **** 
 2557              		.loc 1 1634 3 view .LVU793
 2558 003a 41F21112 		movw	r2, #4369
 2559 003e 196A     		ldr	r1, [r3, #32]
 2560 0040 1142     		tst	r1, r2
 2561 0042 08D1     		bne	.L223
1634:Drivers/STM32F1xx_HAL_Driver/Src/stm32f1xx_hal_tim_ex.c **** 
 2562              		.loc 1 1634 3 discriminator 1 view .LVU794
 2563 0044 40F24442 		movw	r2, #1092
 2564 0048 196A     		ldr	r1, [r3, #32]
 2565 004a 1142     		tst	r1, r2
1634:Drivers/STM32F1xx_HAL_Driver/Src/stm32f1xx_hal_tim_ex.c **** 
 2566              		.loc 1 1634 3 discriminator 3 view .LVU795
ARM GAS  C:\Users\airforce\AppData\Local\Temp\ccVTBrFk.s 			page 100


 2567 004c 02BF     		ittt	eq
 2568 004e 1A68     		ldreq	r2, [r3]
 2569 0050 22F00102 		biceq	r2, r2, #1
 2570 0054 1A60     		streq	r2, [r3]
 2571              	.L223:
1634:Drivers/STM32F1xx_HAL_Driver/Src/stm32f1xx_hal_tim_ex.c **** 
 2572              		.loc 1 1634 3 discriminator 5 view .LVU796
1637:Drivers/STM32F1xx_HAL_Driver/Src/stm32f1xx_hal_tim_ex.c ****   TIM_CHANNEL_STATE_SET(htim, TIM_CHANNEL_2, HAL_TIM_CHANNEL_STATE_READY);
 2573              		.loc 1 1637 3 view .LVU797
 2574 0056 0123     		movs	r3, #1
 2575 0058 84F83E30 		strb	r3, [r4, #62]
1638:Drivers/STM32F1xx_HAL_Driver/Src/stm32f1xx_hal_tim_ex.c ****   TIM_CHANNEL_N_STATE_SET(htim, TIM_CHANNEL_1, HAL_TIM_CHANNEL_STATE_READY);
 2576              		.loc 1 1638 3 view .LVU798
 2577 005c 84F83F30 		strb	r3, [r4, #63]
1639:Drivers/STM32F1xx_HAL_Driver/Src/stm32f1xx_hal_tim_ex.c ****   TIM_CHANNEL_N_STATE_SET(htim, TIM_CHANNEL_2, HAL_TIM_CHANNEL_STATE_READY);
 2578              		.loc 1 1639 3 view .LVU799
 2579 0060 84F84230 		strb	r3, [r4, #66]
1640:Drivers/STM32F1xx_HAL_Driver/Src/stm32f1xx_hal_tim_ex.c **** 
 2580              		.loc 1 1640 3 view .LVU800
 2581 0064 84F84330 		strb	r3, [r4, #67]
1643:Drivers/STM32F1xx_HAL_Driver/Src/stm32f1xx_hal_tim_ex.c **** }
 2582              		.loc 1 1643 3 view .LVU801
1644:Drivers/STM32F1xx_HAL_Driver/Src/stm32f1xx_hal_tim_ex.c **** 
 2583              		.loc 1 1644 1 is_stmt 0 view .LVU802
 2584 0068 0020     		movs	r0, #0
 2585 006a 38BD     		pop	{r3, r4, r5, pc}
1644:Drivers/STM32F1xx_HAL_Driver/Src/stm32f1xx_hal_tim_ex.c **** 
 2586              		.loc 1 1644 1 view .LVU803
 2587              		.cfi_endproc
 2588              	.LFE88:
 2590              		.section	.text.HAL_TIMEx_OnePulseN_Start_IT,"ax",%progbits
 2591              		.align	1
 2592              		.global	HAL_TIMEx_OnePulseN_Start_IT
 2593              		.syntax unified
 2594              		.thumb
 2595              		.thumb_func
 2597              	HAL_TIMEx_OnePulseN_Start_IT:
 2598              	.LVL175:
 2599              	.LFB89:
1659:Drivers/STM32F1xx_HAL_Driver/Src/stm32f1xx_hal_tim_ex.c ****   uint32_t input_channel = (OutputChannel == TIM_CHANNEL_1) ? TIM_CHANNEL_2 : TIM_CHANNEL_1;
 2600              		.loc 1 1659 1 is_stmt 1 view -0
 2601              		.cfi_startproc
 2602              		@ args = 0, pretend = 0, frame = 0
 2603              		@ frame_needed = 0, uses_anonymous_args = 0
1660:Drivers/STM32F1xx_HAL_Driver/Src/stm32f1xx_hal_tim_ex.c ****   HAL_TIM_ChannelStateTypeDef channel_1_state = TIM_CHANNEL_STATE_GET(htim, TIM_CHANNEL_1);
 2604              		.loc 1 1660 3 view .LVU805
1661:Drivers/STM32F1xx_HAL_Driver/Src/stm32f1xx_hal_tim_ex.c ****   HAL_TIM_ChannelStateTypeDef channel_2_state = TIM_CHANNEL_STATE_GET(htim, TIM_CHANNEL_2);
 2605              		.loc 1 1661 3 view .LVU806
1659:Drivers/STM32F1xx_HAL_Driver/Src/stm32f1xx_hal_tim_ex.c ****   uint32_t input_channel = (OutputChannel == TIM_CHANNEL_1) ? TIM_CHANNEL_2 : TIM_CHANNEL_1;
 2606              		.loc 1 1659 1 is_stmt 0 view .LVU807
 2607 0000 F8B5     		push	{r3, r4, r5, r6, r7, lr}
 2608              	.LCFI22:
 2609              		.cfi_def_cfa_offset 24
 2610              		.cfi_offset 3, -24
 2611              		.cfi_offset 4, -20
 2612              		.cfi_offset 5, -16
 2613              		.cfi_offset 6, -12
ARM GAS  C:\Users\airforce\AppData\Local\Temp\ccVTBrFk.s 			page 101


 2614              		.cfi_offset 7, -8
 2615              		.cfi_offset 14, -4
1659:Drivers/STM32F1xx_HAL_Driver/Src/stm32f1xx_hal_tim_ex.c ****   uint32_t input_channel = (OutputChannel == TIM_CHANNEL_1) ? TIM_CHANNEL_2 : TIM_CHANNEL_1;
 2616              		.loc 1 1659 1 view .LVU808
 2617 0002 0446     		mov	r4, r0
1661:Drivers/STM32F1xx_HAL_Driver/Src/stm32f1xx_hal_tim_ex.c ****   HAL_TIM_ChannelStateTypeDef channel_2_state = TIM_CHANNEL_STATE_GET(htim, TIM_CHANNEL_2);
 2618              		.loc 1 1661 31 view .LVU809
 2619 0004 90F83E70 		ldrb	r7, [r0, #62]	@ zero_extendqisi2
1662:Drivers/STM32F1xx_HAL_Driver/Src/stm32f1xx_hal_tim_ex.c ****   HAL_TIM_ChannelStateTypeDef complementary_channel_1_state = TIM_CHANNEL_N_STATE_GET(htim, TIM_CHA
 2620              		.loc 1 1662 31 view .LVU810
 2621 0008 90F83F00 		ldrb	r0, [r0, #63]	@ zero_extendqisi2
 2622              	.LVL176:
1663:Drivers/STM32F1xx_HAL_Driver/Src/stm32f1xx_hal_tim_ex.c ****   HAL_TIM_ChannelStateTypeDef complementary_channel_2_state = TIM_CHANNEL_N_STATE_GET(htim, TIM_CHA
 2623              		.loc 1 1663 31 view .LVU811
 2624 000c 94F84220 		ldrb	r2, [r4, #66]	@ zero_extendqisi2
1664:Drivers/STM32F1xx_HAL_Driver/Src/stm32f1xx_hal_tim_ex.c **** 
 2625              		.loc 1 1664 31 view .LVU812
 2626 0010 94F84330 		ldrb	r3, [r4, #67]	@ zero_extendqisi2
1670:Drivers/STM32F1xx_HAL_Driver/Src/stm32f1xx_hal_tim_ex.c ****       || (channel_2_state != HAL_TIM_CHANNEL_STATE_READY)
 2627              		.loc 1 1670 6 view .LVU813
 2628 0014 012F     		cmp	r7, #1
1659:Drivers/STM32F1xx_HAL_Driver/Src/stm32f1xx_hal_tim_ex.c ****   uint32_t input_channel = (OutputChannel == TIM_CHANNEL_1) ? TIM_CHANNEL_2 : TIM_CHANNEL_1;
 2629              		.loc 1 1659 1 view .LVU814
 2630 0016 0D46     		mov	r5, r1
1661:Drivers/STM32F1xx_HAL_Driver/Src/stm32f1xx_hal_tim_ex.c ****   HAL_TIM_ChannelStateTypeDef channel_2_state = TIM_CHANNEL_STATE_GET(htim, TIM_CHANNEL_2);
 2631              		.loc 1 1661 31 view .LVU815
 2632 0018 FEB2     		uxtb	r6, r7
 2633              	.LVL177:
1662:Drivers/STM32F1xx_HAL_Driver/Src/stm32f1xx_hal_tim_ex.c ****   HAL_TIM_ChannelStateTypeDef complementary_channel_1_state = TIM_CHANNEL_N_STATE_GET(htim, TIM_CHA
 2634              		.loc 1 1662 3 is_stmt 1 view .LVU816
1662:Drivers/STM32F1xx_HAL_Driver/Src/stm32f1xx_hal_tim_ex.c ****   HAL_TIM_ChannelStateTypeDef complementary_channel_1_state = TIM_CHANNEL_N_STATE_GET(htim, TIM_CHA
 2635              		.loc 1 1662 31 is_stmt 0 view .LVU817
 2636 001a C0B2     		uxtb	r0, r0
 2637              	.LVL178:
1663:Drivers/STM32F1xx_HAL_Driver/Src/stm32f1xx_hal_tim_ex.c ****   HAL_TIM_ChannelStateTypeDef complementary_channel_2_state = TIM_CHANNEL_N_STATE_GET(htim, TIM_CHA
 2638              		.loc 1 1663 3 is_stmt 1 view .LVU818
1663:Drivers/STM32F1xx_HAL_Driver/Src/stm32f1xx_hal_tim_ex.c ****   HAL_TIM_ChannelStateTypeDef complementary_channel_2_state = TIM_CHANNEL_N_STATE_GET(htim, TIM_CHA
 2639              		.loc 1 1663 31 is_stmt 0 view .LVU819
 2640 001c D2B2     		uxtb	r2, r2
 2641              	.LVL179:
1664:Drivers/STM32F1xx_HAL_Driver/Src/stm32f1xx_hal_tim_ex.c **** 
 2642              		.loc 1 1664 3 is_stmt 1 view .LVU820
1664:Drivers/STM32F1xx_HAL_Driver/Src/stm32f1xx_hal_tim_ex.c **** 
 2643              		.loc 1 1664 31 is_stmt 0 view .LVU821
 2644 001e DBB2     		uxtb	r3, r3
 2645              	.LVL180:
1667:Drivers/STM32F1xx_HAL_Driver/Src/stm32f1xx_hal_tim_ex.c **** 
 2646              		.loc 1 1667 3 is_stmt 1 view .LVU822
1670:Drivers/STM32F1xx_HAL_Driver/Src/stm32f1xx_hal_tim_ex.c ****       || (channel_2_state != HAL_TIM_CHANNEL_STATE_READY)
 2647              		.loc 1 1670 3 view .LVU823
1670:Drivers/STM32F1xx_HAL_Driver/Src/stm32f1xx_hal_tim_ex.c ****       || (channel_2_state != HAL_TIM_CHANNEL_STATE_READY)
 2648              		.loc 1 1670 6 is_stmt 0 view .LVU824
 2649 0020 29D1     		bne	.L226
1671:Drivers/STM32F1xx_HAL_Driver/Src/stm32f1xx_hal_tim_ex.c ****       || (complementary_channel_1_state != HAL_TIM_CHANNEL_STATE_READY)
 2650              		.loc 1 1671 7 view .LVU825
 2651 0022 0128     		cmp	r0, #1
 2652 0024 25D1     		bne	.L225
ARM GAS  C:\Users\airforce\AppData\Local\Temp\ccVTBrFk.s 			page 102


1672:Drivers/STM32F1xx_HAL_Driver/Src/stm32f1xx_hal_tim_ex.c ****       || (complementary_channel_2_state != HAL_TIM_CHANNEL_STATE_READY))
 2653              		.loc 1 1672 7 view .LVU826
 2654 0026 012A     		cmp	r2, #1
 2655 0028 23D1     		bne	.L225
1673:Drivers/STM32F1xx_HAL_Driver/Src/stm32f1xx_hal_tim_ex.c ****   {
 2656              		.loc 1 1673 7 view .LVU827
 2657 002a 012B     		cmp	r3, #1
 2658 002c 21D1     		bne	.L225
1679:Drivers/STM32F1xx_HAL_Driver/Src/stm32f1xx_hal_tim_ex.c ****   TIM_CHANNEL_STATE_SET(htim, TIM_CHANNEL_2, HAL_TIM_CHANNEL_STATE_BUSY);
 2659              		.loc 1 1679 3 is_stmt 1 view .LVU828
 2660 002e 0223     		movs	r3, #2
 2661              	.LVL181:
1685:Drivers/STM32F1xx_HAL_Driver/Src/stm32f1xx_hal_tim_ex.c **** 
 2662              		.loc 1 1685 3 is_stmt 0 view .LVU829
 2663 0030 2068     		ldr	r0, [r4]
 2664              	.LVL182:
1679:Drivers/STM32F1xx_HAL_Driver/Src/stm32f1xx_hal_tim_ex.c ****   TIM_CHANNEL_STATE_SET(htim, TIM_CHANNEL_2, HAL_TIM_CHANNEL_STATE_BUSY);
 2665              		.loc 1 1679 3 view .LVU830
 2666 0032 84F83E30 		strb	r3, [r4, #62]
1680:Drivers/STM32F1xx_HAL_Driver/Src/stm32f1xx_hal_tim_ex.c ****   TIM_CHANNEL_N_STATE_SET(htim, TIM_CHANNEL_1, HAL_TIM_CHANNEL_STATE_BUSY);
 2667              		.loc 1 1680 3 is_stmt 1 view .LVU831
 2668 0036 84F83F30 		strb	r3, [r4, #63]
1681:Drivers/STM32F1xx_HAL_Driver/Src/stm32f1xx_hal_tim_ex.c ****   TIM_CHANNEL_N_STATE_SET(htim, TIM_CHANNEL_2, HAL_TIM_CHANNEL_STATE_BUSY);
 2669              		.loc 1 1681 3 view .LVU832
 2670 003a 84F84230 		strb	r3, [r4, #66]
1682:Drivers/STM32F1xx_HAL_Driver/Src/stm32f1xx_hal_tim_ex.c **** 
 2671              		.loc 1 1682 3 view .LVU833
 2672 003e 84F84330 		strb	r3, [r4, #67]
1685:Drivers/STM32F1xx_HAL_Driver/Src/stm32f1xx_hal_tim_ex.c **** 
 2673              		.loc 1 1685 3 view .LVU834
 2674 0042 C368     		ldr	r3, [r0, #12]
1691:Drivers/STM32F1xx_HAL_Driver/Src/stm32f1xx_hal_tim_ex.c ****   TIM_CCxChannelCmd(htim->Instance, input_channel, TIM_CCx_ENABLE);
 2675              		.loc 1 1691 3 is_stmt 0 view .LVU835
 2676 0044 0422     		movs	r2, #4
 2677              	.LVL183:
1685:Drivers/STM32F1xx_HAL_Driver/Src/stm32f1xx_hal_tim_ex.c **** 
 2678              		.loc 1 1685 3 view .LVU836
 2679 0046 43F00203 		orr	r3, r3, #2
 2680 004a C360     		str	r3, [r0, #12]
1688:Drivers/STM32F1xx_HAL_Driver/Src/stm32f1xx_hal_tim_ex.c **** 
 2681              		.loc 1 1688 3 is_stmt 1 view .LVU837
 2682 004c C368     		ldr	r3, [r0, #12]
 2683 004e 43F00403 		orr	r3, r3, #4
 2684 0052 C360     		str	r3, [r0, #12]
1691:Drivers/STM32F1xx_HAL_Driver/Src/stm32f1xx_hal_tim_ex.c ****   TIM_CCxChannelCmd(htim->Instance, input_channel, TIM_CCx_ENABLE);
 2685              		.loc 1 1691 3 view .LVU838
 2686 0054 FFF7FEFF 		bl	TIM_CCxNChannelCmd
 2687              	.LVL184:
1692:Drivers/STM32F1xx_HAL_Driver/Src/stm32f1xx_hal_tim_ex.c **** 
 2688              		.loc 1 1692 3 view .LVU839
1660:Drivers/STM32F1xx_HAL_Driver/Src/stm32f1xx_hal_tim_ex.c ****   HAL_TIM_ChannelStateTypeDef channel_1_state = TIM_CHANNEL_STATE_GET(htim, TIM_CHANNEL_1);
 2689              		.loc 1 1660 77 is_stmt 0 view .LVU840
 2690 0058 B5FA85F1 		clz	r1, r5
1692:Drivers/STM32F1xx_HAL_Driver/Src/stm32f1xx_hal_tim_ex.c **** 
 2691              		.loc 1 1692 3 view .LVU841
 2692 005c 3246     		mov	r2, r6
1698:Drivers/STM32F1xx_HAL_Driver/Src/stm32f1xx_hal_tim_ex.c **** }
ARM GAS  C:\Users\airforce\AppData\Local\Temp\ccVTBrFk.s 			page 103


 2693              		.loc 1 1698 10 view .LVU842
 2694 005e 0026     		movs	r6, #0
 2695              	.LVL185:
1660:Drivers/STM32F1xx_HAL_Driver/Src/stm32f1xx_hal_tim_ex.c ****   HAL_TIM_ChannelStateTypeDef channel_1_state = TIM_CHANNEL_STATE_GET(htim, TIM_CHANNEL_1);
 2696              		.loc 1 1660 77 view .LVU843
 2697 0060 4909     		lsrs	r1, r1, #5
1692:Drivers/STM32F1xx_HAL_Driver/Src/stm32f1xx_hal_tim_ex.c **** 
 2698              		.loc 1 1692 3 view .LVU844
 2699 0062 8900     		lsls	r1, r1, #2
 2700 0064 FFF7FEFF 		bl	TIM_CCxChannelCmd
 2701              	.LVL186:
1695:Drivers/STM32F1xx_HAL_Driver/Src/stm32f1xx_hal_tim_ex.c **** 
 2702              		.loc 1 1695 3 is_stmt 1 view .LVU845
 2703 0068 2268     		ldr	r2, [r4]
 2704 006a 536C     		ldr	r3, [r2, #68]
 2705 006c 43F40043 		orr	r3, r3, #32768
 2706 0070 5364     		str	r3, [r2, #68]
1698:Drivers/STM32F1xx_HAL_Driver/Src/stm32f1xx_hal_tim_ex.c **** }
 2707              		.loc 1 1698 3 view .LVU846
 2708              	.L225:
1699:Drivers/STM32F1xx_HAL_Driver/Src/stm32f1xx_hal_tim_ex.c **** 
 2709              		.loc 1 1699 1 is_stmt 0 view .LVU847
 2710 0072 3046     		mov	r0, r6
 2711 0074 F8BD     		pop	{r3, r4, r5, r6, r7, pc}
 2712              	.LVL187:
 2713              	.L226:
1675:Drivers/STM32F1xx_HAL_Driver/Src/stm32f1xx_hal_tim_ex.c ****   }
 2714              		.loc 1 1675 12 view .LVU848
 2715 0076 0126     		movs	r6, #1
 2716              	.LVL188:
1675:Drivers/STM32F1xx_HAL_Driver/Src/stm32f1xx_hal_tim_ex.c ****   }
 2717              		.loc 1 1675 12 view .LVU849
 2718 0078 FBE7     		b	.L225
 2719              		.cfi_endproc
 2720              	.LFE89:
 2722              		.section	.text.HAL_TIMEx_OnePulseN_Stop_IT,"ax",%progbits
 2723              		.align	1
 2724              		.global	HAL_TIMEx_OnePulseN_Stop_IT
 2725              		.syntax unified
 2726              		.thumb
 2727              		.thumb_func
 2729              	HAL_TIMEx_OnePulseN_Stop_IT:
 2730              	.LVL189:
 2731              	.LFB90:
1714:Drivers/STM32F1xx_HAL_Driver/Src/stm32f1xx_hal_tim_ex.c ****   uint32_t input_channel = (OutputChannel == TIM_CHANNEL_1) ? TIM_CHANNEL_2 : TIM_CHANNEL_1;
 2732              		.loc 1 1714 1 is_stmt 1 view -0
 2733              		.cfi_startproc
 2734              		@ args = 0, pretend = 0, frame = 0
 2735              		@ frame_needed = 0, uses_anonymous_args = 0
1715:Drivers/STM32F1xx_HAL_Driver/Src/stm32f1xx_hal_tim_ex.c **** 
 2736              		.loc 1 1715 3 view .LVU851
1714:Drivers/STM32F1xx_HAL_Driver/Src/stm32f1xx_hal_tim_ex.c ****   uint32_t input_channel = (OutputChannel == TIM_CHANNEL_1) ? TIM_CHANNEL_2 : TIM_CHANNEL_1;
 2737              		.loc 1 1714 1 is_stmt 0 view .LVU852
 2738 0000 38B5     		push	{r3, r4, r5, lr}
 2739              	.LCFI23:
 2740              		.cfi_def_cfa_offset 16
 2741              		.cfi_offset 3, -16
ARM GAS  C:\Users\airforce\AppData\Local\Temp\ccVTBrFk.s 			page 104


 2742              		.cfi_offset 4, -12
 2743              		.cfi_offset 5, -8
 2744              		.cfi_offset 14, -4
1714:Drivers/STM32F1xx_HAL_Driver/Src/stm32f1xx_hal_tim_ex.c ****   uint32_t input_channel = (OutputChannel == TIM_CHANNEL_1) ? TIM_CHANNEL_2 : TIM_CHANNEL_1;
 2745              		.loc 1 1714 1 view .LVU853
 2746 0002 0D46     		mov	r5, r1
 2747              	.LVL190:
1718:Drivers/STM32F1xx_HAL_Driver/Src/stm32f1xx_hal_tim_ex.c **** 
 2748              		.loc 1 1718 3 is_stmt 1 view .LVU854
1721:Drivers/STM32F1xx_HAL_Driver/Src/stm32f1xx_hal_tim_ex.c **** 
 2749              		.loc 1 1721 3 view .LVU855
1714:Drivers/STM32F1xx_HAL_Driver/Src/stm32f1xx_hal_tim_ex.c ****   uint32_t input_channel = (OutputChannel == TIM_CHANNEL_1) ? TIM_CHANNEL_2 : TIM_CHANNEL_1;
 2750              		.loc 1 1714 1 is_stmt 0 view .LVU856
 2751 0004 0446     		mov	r4, r0
1721:Drivers/STM32F1xx_HAL_Driver/Src/stm32f1xx_hal_tim_ex.c **** 
 2752              		.loc 1 1721 3 view .LVU857
 2753 0006 0068     		ldr	r0, [r0]
 2754              	.LVL191:
1727:Drivers/STM32F1xx_HAL_Driver/Src/stm32f1xx_hal_tim_ex.c ****   TIM_CCxChannelCmd(htim->Instance, input_channel, TIM_CCx_DISABLE);
 2755              		.loc 1 1727 3 view .LVU858
 2756 0008 0022     		movs	r2, #0
1721:Drivers/STM32F1xx_HAL_Driver/Src/stm32f1xx_hal_tim_ex.c **** 
 2757              		.loc 1 1721 3 view .LVU859
 2758 000a C368     		ldr	r3, [r0, #12]
 2759 000c 23F00203 		bic	r3, r3, #2
 2760 0010 C360     		str	r3, [r0, #12]
1724:Drivers/STM32F1xx_HAL_Driver/Src/stm32f1xx_hal_tim_ex.c **** 
 2761              		.loc 1 1724 3 is_stmt 1 view .LVU860
 2762 0012 C368     		ldr	r3, [r0, #12]
 2763 0014 23F00403 		bic	r3, r3, #4
 2764 0018 C360     		str	r3, [r0, #12]
1727:Drivers/STM32F1xx_HAL_Driver/Src/stm32f1xx_hal_tim_ex.c ****   TIM_CCxChannelCmd(htim->Instance, input_channel, TIM_CCx_DISABLE);
 2765              		.loc 1 1727 3 view .LVU861
 2766 001a FFF7FEFF 		bl	TIM_CCxNChannelCmd
 2767              	.LVL192:
1728:Drivers/STM32F1xx_HAL_Driver/Src/stm32f1xx_hal_tim_ex.c **** 
 2768              		.loc 1 1728 3 view .LVU862
1715:Drivers/STM32F1xx_HAL_Driver/Src/stm32f1xx_hal_tim_ex.c **** 
 2769              		.loc 1 1715 77 is_stmt 0 view .LVU863
 2770 001e B5FA85F1 		clz	r1, r5
 2771 0022 4909     		lsrs	r1, r1, #5
1728:Drivers/STM32F1xx_HAL_Driver/Src/stm32f1xx_hal_tim_ex.c **** 
 2772              		.loc 1 1728 3 view .LVU864
 2773 0024 0022     		movs	r2, #0
 2774 0026 8900     		lsls	r1, r1, #2
 2775 0028 FFF7FEFF 		bl	TIM_CCxChannelCmd
 2776              	.LVL193:
1731:Drivers/STM32F1xx_HAL_Driver/Src/stm32f1xx_hal_tim_ex.c **** 
 2777              		.loc 1 1731 3 is_stmt 1 view .LVU865
1731:Drivers/STM32F1xx_HAL_Driver/Src/stm32f1xx_hal_tim_ex.c **** 
 2778              		.loc 1 1731 3 view .LVU866
 2779 002c 41F21112 		movw	r2, #4369
 2780 0030 2368     		ldr	r3, [r4]
 2781 0032 196A     		ldr	r1, [r3, #32]
 2782 0034 1142     		tst	r1, r2
 2783 0036 08D1     		bne	.L230
1731:Drivers/STM32F1xx_HAL_Driver/Src/stm32f1xx_hal_tim_ex.c **** 
ARM GAS  C:\Users\airforce\AppData\Local\Temp\ccVTBrFk.s 			page 105


 2784              		.loc 1 1731 3 discriminator 1 view .LVU867
 2785 0038 40F24442 		movw	r2, #1092
 2786 003c 196A     		ldr	r1, [r3, #32]
 2787 003e 1142     		tst	r1, r2
1731:Drivers/STM32F1xx_HAL_Driver/Src/stm32f1xx_hal_tim_ex.c **** 
 2788              		.loc 1 1731 3 discriminator 3 view .LVU868
 2789 0040 02BF     		ittt	eq
 2790 0042 5A6C     		ldreq	r2, [r3, #68]
 2791 0044 22F40042 		biceq	r2, r2, #32768
 2792 0048 5A64     		streq	r2, [r3, #68]
 2793              	.L230:
1731:Drivers/STM32F1xx_HAL_Driver/Src/stm32f1xx_hal_tim_ex.c **** 
 2794              		.loc 1 1731 3 discriminator 5 view .LVU869
1734:Drivers/STM32F1xx_HAL_Driver/Src/stm32f1xx_hal_tim_ex.c **** 
 2795              		.loc 1 1734 3 view .LVU870
1734:Drivers/STM32F1xx_HAL_Driver/Src/stm32f1xx_hal_tim_ex.c **** 
 2796              		.loc 1 1734 3 view .LVU871
 2797 004a 41F21112 		movw	r2, #4369
 2798 004e 196A     		ldr	r1, [r3, #32]
 2799 0050 1142     		tst	r1, r2
 2800 0052 08D1     		bne	.L231
1734:Drivers/STM32F1xx_HAL_Driver/Src/stm32f1xx_hal_tim_ex.c **** 
 2801              		.loc 1 1734 3 discriminator 1 view .LVU872
 2802 0054 40F24442 		movw	r2, #1092
 2803 0058 196A     		ldr	r1, [r3, #32]
 2804 005a 1142     		tst	r1, r2
1734:Drivers/STM32F1xx_HAL_Driver/Src/stm32f1xx_hal_tim_ex.c **** 
 2805              		.loc 1 1734 3 discriminator 3 view .LVU873
 2806 005c 02BF     		ittt	eq
 2807 005e 1A68     		ldreq	r2, [r3]
 2808 0060 22F00102 		biceq	r2, r2, #1
 2809 0064 1A60     		streq	r2, [r3]
 2810              	.L231:
1734:Drivers/STM32F1xx_HAL_Driver/Src/stm32f1xx_hal_tim_ex.c **** 
 2811              		.loc 1 1734 3 discriminator 5 view .LVU874
1737:Drivers/STM32F1xx_HAL_Driver/Src/stm32f1xx_hal_tim_ex.c ****   TIM_CHANNEL_STATE_SET(htim, TIM_CHANNEL_2, HAL_TIM_CHANNEL_STATE_READY);
 2812              		.loc 1 1737 3 view .LVU875
 2813 0066 0123     		movs	r3, #1
 2814 0068 84F83E30 		strb	r3, [r4, #62]
1738:Drivers/STM32F1xx_HAL_Driver/Src/stm32f1xx_hal_tim_ex.c ****   TIM_CHANNEL_N_STATE_SET(htim, TIM_CHANNEL_1, HAL_TIM_CHANNEL_STATE_READY);
 2815              		.loc 1 1738 3 view .LVU876
 2816 006c 84F83F30 		strb	r3, [r4, #63]
1739:Drivers/STM32F1xx_HAL_Driver/Src/stm32f1xx_hal_tim_ex.c ****   TIM_CHANNEL_N_STATE_SET(htim, TIM_CHANNEL_2, HAL_TIM_CHANNEL_STATE_READY);
 2817              		.loc 1 1739 3 view .LVU877
 2818 0070 84F84230 		strb	r3, [r4, #66]
1740:Drivers/STM32F1xx_HAL_Driver/Src/stm32f1xx_hal_tim_ex.c **** 
 2819              		.loc 1 1740 3 view .LVU878
 2820 0074 84F84330 		strb	r3, [r4, #67]
1743:Drivers/STM32F1xx_HAL_Driver/Src/stm32f1xx_hal_tim_ex.c **** }
 2821              		.loc 1 1743 3 view .LVU879
1744:Drivers/STM32F1xx_HAL_Driver/Src/stm32f1xx_hal_tim_ex.c **** 
 2822              		.loc 1 1744 1 is_stmt 0 view .LVU880
 2823 0078 0020     		movs	r0, #0
 2824 007a 38BD     		pop	{r3, r4, r5, pc}
1744:Drivers/STM32F1xx_HAL_Driver/Src/stm32f1xx_hal_tim_ex.c **** 
 2825              		.loc 1 1744 1 view .LVU881
 2826              		.cfi_endproc
ARM GAS  C:\Users\airforce\AppData\Local\Temp\ccVTBrFk.s 			page 106


 2827              	.LFE90:
 2829              		.section	.text.HAL_TIMEx_ConfigCommutEvent,"ax",%progbits
 2830              		.align	1
 2831              		.global	HAL_TIMEx_ConfigCommutEvent
 2832              		.syntax unified
 2833              		.thumb
 2834              		.thumb_func
 2836              	HAL_TIMEx_ConfigCommutEvent:
 2837              	.LVL194:
 2838              	.LFB91:
1794:Drivers/STM32F1xx_HAL_Driver/Src/stm32f1xx_hal_tim_ex.c ****   /* Check the parameters */
 2839              		.loc 1 1794 1 is_stmt 1 view -0
 2840              		.cfi_startproc
 2841              		@ args = 0, pretend = 0, frame = 0
 2842              		@ frame_needed = 0, uses_anonymous_args = 0
1796:Drivers/STM32F1xx_HAL_Driver/Src/stm32f1xx_hal_tim_ex.c ****   assert_param(IS_TIM_INTERNAL_TRIGGEREVENT_SELECTION(InputTrigger));
 2843              		.loc 1 1796 3 view .LVU883
1797:Drivers/STM32F1xx_HAL_Driver/Src/stm32f1xx_hal_tim_ex.c **** 
 2844              		.loc 1 1797 3 view .LVU884
1799:Drivers/STM32F1xx_HAL_Driver/Src/stm32f1xx_hal_tim_ex.c **** 
 2845              		.loc 1 1799 3 view .LVU885
1799:Drivers/STM32F1xx_HAL_Driver/Src/stm32f1xx_hal_tim_ex.c **** 
 2846              		.loc 1 1799 3 view .LVU886
1794:Drivers/STM32F1xx_HAL_Driver/Src/stm32f1xx_hal_tim_ex.c ****   /* Check the parameters */
 2847              		.loc 1 1794 1 is_stmt 0 view .LVU887
 2848 0000 10B5     		push	{r4, lr}
 2849              	.LCFI24:
 2850              		.cfi_def_cfa_offset 8
 2851              		.cfi_offset 4, -8
 2852              		.cfi_offset 14, -4
1799:Drivers/STM32F1xx_HAL_Driver/Src/stm32f1xx_hal_tim_ex.c **** 
 2853              		.loc 1 1799 3 view .LVU888
 2854 0002 90F83C30 		ldrb	r3, [r0, #60]	@ zero_extendqisi2
1794:Drivers/STM32F1xx_HAL_Driver/Src/stm32f1xx_hal_tim_ex.c ****   /* Check the parameters */
 2855              		.loc 1 1794 1 view .LVU889
 2856 0006 0446     		mov	r4, r0
1799:Drivers/STM32F1xx_HAL_Driver/Src/stm32f1xx_hal_tim_ex.c **** 
 2857              		.loc 1 1799 3 view .LVU890
 2858 0008 012B     		cmp	r3, #1
 2859 000a 24D0     		beq	.L235
1799:Drivers/STM32F1xx_HAL_Driver/Src/stm32f1xx_hal_tim_ex.c **** 
 2860              		.loc 1 1799 3 is_stmt 1 discriminator 2 view .LVU891
 2861 000c 0123     		movs	r3, #1
 2862 000e 80F83C30 		strb	r3, [r0, #60]
1799:Drivers/STM32F1xx_HAL_Driver/Src/stm32f1xx_hal_tim_ex.c **** 
 2863              		.loc 1 1799 3 view .LVU892
1801:Drivers/STM32F1xx_HAL_Driver/Src/stm32f1xx_hal_tim_ex.c ****       (InputTrigger == TIM_TS_ITR2) || (InputTrigger == TIM_TS_ITR3))
 2864              		.loc 1 1801 3 view .LVU893
1801:Drivers/STM32F1xx_HAL_Driver/Src/stm32f1xx_hal_tim_ex.c ****       (InputTrigger == TIM_TS_ITR2) || (InputTrigger == TIM_TS_ITR3))
 2865              		.loc 1 1801 6 is_stmt 0 view .LVU894
 2866 0012 31F03003 		bics	r3, r1, #48
 2867 0016 0368     		ldr	r3, [r0]
 2868 0018 06D1     		bne	.L234
1805:Drivers/STM32F1xx_HAL_Driver/Src/stm32f1xx_hal_tim_ex.c ****     htim->Instance->SMCR |= InputTrigger;
 2869              		.loc 1 1805 5 is_stmt 1 view .LVU895
1805:Drivers/STM32F1xx_HAL_Driver/Src/stm32f1xx_hal_tim_ex.c ****     htim->Instance->SMCR |= InputTrigger;
 2870              		.loc 1 1805 19 is_stmt 0 view .LVU896
ARM GAS  C:\Users\airforce\AppData\Local\Temp\ccVTBrFk.s 			page 107


 2871 001a 9868     		ldr	r0, [r3, #8]
 2872              	.LVL195:
1805:Drivers/STM32F1xx_HAL_Driver/Src/stm32f1xx_hal_tim_ex.c ****     htim->Instance->SMCR |= InputTrigger;
 2873              		.loc 1 1805 26 view .LVU897
 2874 001c 20F07000 		bic	r0, r0, #112
 2875 0020 9860     		str	r0, [r3, #8]
1806:Drivers/STM32F1xx_HAL_Driver/Src/stm32f1xx_hal_tim_ex.c ****   }
 2876              		.loc 1 1806 5 is_stmt 1 view .LVU898
1806:Drivers/STM32F1xx_HAL_Driver/Src/stm32f1xx_hal_tim_ex.c ****   }
 2877              		.loc 1 1806 19 is_stmt 0 view .LVU899
 2878 0022 9868     		ldr	r0, [r3, #8]
1806:Drivers/STM32F1xx_HAL_Driver/Src/stm32f1xx_hal_tim_ex.c ****   }
 2879              		.loc 1 1806 26 view .LVU900
 2880 0024 0143     		orrs	r1, r1, r0
 2881              	.LVL196:
1806:Drivers/STM32F1xx_HAL_Driver/Src/stm32f1xx_hal_tim_ex.c ****   }
 2882              		.loc 1 1806 26 view .LVU901
 2883 0026 9960     		str	r1, [r3, #8]
 2884              	.L234:
1810:Drivers/STM32F1xx_HAL_Driver/Src/stm32f1xx_hal_tim_ex.c ****   /* Select the Commutation event source */
 2885              		.loc 1 1810 3 is_stmt 1 view .LVU902
1821:Drivers/STM32F1xx_HAL_Driver/Src/stm32f1xx_hal_tim_ex.c **** 
 2886              		.loc 1 1821 3 is_stmt 0 view .LVU903
 2887 0028 0020     		movs	r0, #0
1810:Drivers/STM32F1xx_HAL_Driver/Src/stm32f1xx_hal_tim_ex.c ****   /* Select the Commutation event source */
 2888              		.loc 1 1810 17 view .LVU904
 2889 002a 5968     		ldr	r1, [r3, #4]
1810:Drivers/STM32F1xx_HAL_Driver/Src/stm32f1xx_hal_tim_ex.c ****   /* Select the Commutation event source */
 2890              		.loc 1 1810 23 view .LVU905
 2891 002c 41F00101 		orr	r1, r1, #1
 2892 0030 5960     		str	r1, [r3, #4]
1812:Drivers/STM32F1xx_HAL_Driver/Src/stm32f1xx_hal_tim_ex.c ****   htim->Instance->CR2 |= CommutationSource;
 2893              		.loc 1 1812 3 is_stmt 1 view .LVU906
1812:Drivers/STM32F1xx_HAL_Driver/Src/stm32f1xx_hal_tim_ex.c ****   htim->Instance->CR2 |= CommutationSource;
 2894              		.loc 1 1812 17 is_stmt 0 view .LVU907
 2895 0032 5968     		ldr	r1, [r3, #4]
1812:Drivers/STM32F1xx_HAL_Driver/Src/stm32f1xx_hal_tim_ex.c ****   htim->Instance->CR2 |= CommutationSource;
 2896              		.loc 1 1812 23 view .LVU908
 2897 0034 21F00401 		bic	r1, r1, #4
 2898 0038 5960     		str	r1, [r3, #4]
1813:Drivers/STM32F1xx_HAL_Driver/Src/stm32f1xx_hal_tim_ex.c **** 
 2899              		.loc 1 1813 3 is_stmt 1 view .LVU909
1813:Drivers/STM32F1xx_HAL_Driver/Src/stm32f1xx_hal_tim_ex.c **** 
 2900              		.loc 1 1813 17 is_stmt 0 view .LVU910
 2901 003a 5968     		ldr	r1, [r3, #4]
1813:Drivers/STM32F1xx_HAL_Driver/Src/stm32f1xx_hal_tim_ex.c **** 
 2902              		.loc 1 1813 23 view .LVU911
 2903 003c 0A43     		orrs	r2, r2, r1
 2904              	.LVL197:
1813:Drivers/STM32F1xx_HAL_Driver/Src/stm32f1xx_hal_tim_ex.c **** 
 2905              		.loc 1 1813 23 view .LVU912
 2906 003e 5A60     		str	r2, [r3, #4]
1816:Drivers/STM32F1xx_HAL_Driver/Src/stm32f1xx_hal_tim_ex.c **** 
 2907              		.loc 1 1816 3 is_stmt 1 view .LVU913
 2908 0040 DA68     		ldr	r2, [r3, #12]
 2909 0042 22F02002 		bic	r2, r2, #32
 2910 0046 DA60     		str	r2, [r3, #12]
ARM GAS  C:\Users\airforce\AppData\Local\Temp\ccVTBrFk.s 			page 108


1819:Drivers/STM32F1xx_HAL_Driver/Src/stm32f1xx_hal_tim_ex.c **** 
 2911              		.loc 1 1819 3 view .LVU914
 2912 0048 DA68     		ldr	r2, [r3, #12]
 2913 004a 22F40052 		bic	r2, r2, #8192
 2914 004e DA60     		str	r2, [r3, #12]
1821:Drivers/STM32F1xx_HAL_Driver/Src/stm32f1xx_hal_tim_ex.c **** 
 2915              		.loc 1 1821 3 view .LVU915
1821:Drivers/STM32F1xx_HAL_Driver/Src/stm32f1xx_hal_tim_ex.c **** 
 2916              		.loc 1 1821 3 view .LVU916
 2917 0050 84F83C00 		strb	r0, [r4, #60]
1821:Drivers/STM32F1xx_HAL_Driver/Src/stm32f1xx_hal_tim_ex.c **** 
 2918              		.loc 1 1821 3 view .LVU917
1823:Drivers/STM32F1xx_HAL_Driver/Src/stm32f1xx_hal_tim_ex.c **** }
 2919              		.loc 1 1823 3 view .LVU918
 2920              	.L233:
1824:Drivers/STM32F1xx_HAL_Driver/Src/stm32f1xx_hal_tim_ex.c **** 
 2921              		.loc 1 1824 1 is_stmt 0 view .LVU919
 2922 0054 10BD     		pop	{r4, pc}
 2923              	.LVL198:
 2924              	.L235:
1799:Drivers/STM32F1xx_HAL_Driver/Src/stm32f1xx_hal_tim_ex.c **** 
 2925              		.loc 1 1799 3 discriminator 1 view .LVU920
 2926 0056 0220     		movs	r0, #2
 2927              	.LVL199:
1799:Drivers/STM32F1xx_HAL_Driver/Src/stm32f1xx_hal_tim_ex.c **** 
 2928              		.loc 1 1799 3 discriminator 1 view .LVU921
 2929 0058 FCE7     		b	.L233
 2930              		.cfi_endproc
 2931              	.LFE91:
 2933              		.section	.text.HAL_TIMEx_ConfigCommutEvent_IT,"ax",%progbits
 2934              		.align	1
 2935              		.global	HAL_TIMEx_ConfigCommutEvent_IT
 2936              		.syntax unified
 2937              		.thumb
 2938              		.thumb_func
 2940              	HAL_TIMEx_ConfigCommutEvent_IT:
 2941              	.LVL200:
 2942              	.LFB92:
1850:Drivers/STM32F1xx_HAL_Driver/Src/stm32f1xx_hal_tim_ex.c ****   /* Check the parameters */
 2943              		.loc 1 1850 1 is_stmt 1 view -0
 2944              		.cfi_startproc
 2945              		@ args = 0, pretend = 0, frame = 0
 2946              		@ frame_needed = 0, uses_anonymous_args = 0
1852:Drivers/STM32F1xx_HAL_Driver/Src/stm32f1xx_hal_tim_ex.c ****   assert_param(IS_TIM_INTERNAL_TRIGGEREVENT_SELECTION(InputTrigger));
 2947              		.loc 1 1852 3 view .LVU923
1853:Drivers/STM32F1xx_HAL_Driver/Src/stm32f1xx_hal_tim_ex.c **** 
 2948              		.loc 1 1853 3 view .LVU924
1855:Drivers/STM32F1xx_HAL_Driver/Src/stm32f1xx_hal_tim_ex.c **** 
 2949              		.loc 1 1855 3 view .LVU925
1855:Drivers/STM32F1xx_HAL_Driver/Src/stm32f1xx_hal_tim_ex.c **** 
 2950              		.loc 1 1855 3 view .LVU926
1850:Drivers/STM32F1xx_HAL_Driver/Src/stm32f1xx_hal_tim_ex.c ****   /* Check the parameters */
 2951              		.loc 1 1850 1 is_stmt 0 view .LVU927
 2952 0000 10B5     		push	{r4, lr}
 2953              	.LCFI25:
 2954              		.cfi_def_cfa_offset 8
 2955              		.cfi_offset 4, -8
ARM GAS  C:\Users\airforce\AppData\Local\Temp\ccVTBrFk.s 			page 109


 2956              		.cfi_offset 14, -4
1855:Drivers/STM32F1xx_HAL_Driver/Src/stm32f1xx_hal_tim_ex.c **** 
 2957              		.loc 1 1855 3 view .LVU928
 2958 0002 90F83C30 		ldrb	r3, [r0, #60]	@ zero_extendqisi2
1850:Drivers/STM32F1xx_HAL_Driver/Src/stm32f1xx_hal_tim_ex.c ****   /* Check the parameters */
 2959              		.loc 1 1850 1 view .LVU929
 2960 0006 0446     		mov	r4, r0
1855:Drivers/STM32F1xx_HAL_Driver/Src/stm32f1xx_hal_tim_ex.c **** 
 2961              		.loc 1 1855 3 view .LVU930
 2962 0008 012B     		cmp	r3, #1
 2963 000a 24D0     		beq	.L239
1855:Drivers/STM32F1xx_HAL_Driver/Src/stm32f1xx_hal_tim_ex.c **** 
 2964              		.loc 1 1855 3 is_stmt 1 discriminator 2 view .LVU931
 2965 000c 0123     		movs	r3, #1
 2966 000e 80F83C30 		strb	r3, [r0, #60]
1855:Drivers/STM32F1xx_HAL_Driver/Src/stm32f1xx_hal_tim_ex.c **** 
 2967              		.loc 1 1855 3 view .LVU932
1857:Drivers/STM32F1xx_HAL_Driver/Src/stm32f1xx_hal_tim_ex.c ****       (InputTrigger == TIM_TS_ITR2) || (InputTrigger == TIM_TS_ITR3))
 2968              		.loc 1 1857 3 view .LVU933
1857:Drivers/STM32F1xx_HAL_Driver/Src/stm32f1xx_hal_tim_ex.c ****       (InputTrigger == TIM_TS_ITR2) || (InputTrigger == TIM_TS_ITR3))
 2969              		.loc 1 1857 6 is_stmt 0 view .LVU934
 2970 0012 31F03003 		bics	r3, r1, #48
 2971 0016 0368     		ldr	r3, [r0]
 2972 0018 06D1     		bne	.L238
1861:Drivers/STM32F1xx_HAL_Driver/Src/stm32f1xx_hal_tim_ex.c ****     htim->Instance->SMCR |= InputTrigger;
 2973              		.loc 1 1861 5 is_stmt 1 view .LVU935
1861:Drivers/STM32F1xx_HAL_Driver/Src/stm32f1xx_hal_tim_ex.c ****     htim->Instance->SMCR |= InputTrigger;
 2974              		.loc 1 1861 19 is_stmt 0 view .LVU936
 2975 001a 9868     		ldr	r0, [r3, #8]
 2976              	.LVL201:
1861:Drivers/STM32F1xx_HAL_Driver/Src/stm32f1xx_hal_tim_ex.c ****     htim->Instance->SMCR |= InputTrigger;
 2977              		.loc 1 1861 26 view .LVU937
 2978 001c 20F07000 		bic	r0, r0, #112
 2979 0020 9860     		str	r0, [r3, #8]
1862:Drivers/STM32F1xx_HAL_Driver/Src/stm32f1xx_hal_tim_ex.c ****   }
 2980              		.loc 1 1862 5 is_stmt 1 view .LVU938
1862:Drivers/STM32F1xx_HAL_Driver/Src/stm32f1xx_hal_tim_ex.c ****   }
 2981              		.loc 1 1862 19 is_stmt 0 view .LVU939
 2982 0022 9868     		ldr	r0, [r3, #8]
1862:Drivers/STM32F1xx_HAL_Driver/Src/stm32f1xx_hal_tim_ex.c ****   }
 2983              		.loc 1 1862 26 view .LVU940
 2984 0024 0143     		orrs	r1, r1, r0
 2985              	.LVL202:
1862:Drivers/STM32F1xx_HAL_Driver/Src/stm32f1xx_hal_tim_ex.c ****   }
 2986              		.loc 1 1862 26 view .LVU941
 2987 0026 9960     		str	r1, [r3, #8]
 2988              	.L238:
1866:Drivers/STM32F1xx_HAL_Driver/Src/stm32f1xx_hal_tim_ex.c ****   /* Select the Commutation event source */
 2989              		.loc 1 1866 3 is_stmt 1 view .LVU942
1877:Drivers/STM32F1xx_HAL_Driver/Src/stm32f1xx_hal_tim_ex.c **** 
 2990              		.loc 1 1877 3 is_stmt 0 view .LVU943
 2991 0028 0020     		movs	r0, #0
1866:Drivers/STM32F1xx_HAL_Driver/Src/stm32f1xx_hal_tim_ex.c ****   /* Select the Commutation event source */
 2992              		.loc 1 1866 17 view .LVU944
 2993 002a 5968     		ldr	r1, [r3, #4]
1866:Drivers/STM32F1xx_HAL_Driver/Src/stm32f1xx_hal_tim_ex.c ****   /* Select the Commutation event source */
 2994              		.loc 1 1866 23 view .LVU945
ARM GAS  C:\Users\airforce\AppData\Local\Temp\ccVTBrFk.s 			page 110


 2995 002c 41F00101 		orr	r1, r1, #1
 2996 0030 5960     		str	r1, [r3, #4]
1868:Drivers/STM32F1xx_HAL_Driver/Src/stm32f1xx_hal_tim_ex.c ****   htim->Instance->CR2 |= CommutationSource;
 2997              		.loc 1 1868 3 is_stmt 1 view .LVU946
1868:Drivers/STM32F1xx_HAL_Driver/Src/stm32f1xx_hal_tim_ex.c ****   htim->Instance->CR2 |= CommutationSource;
 2998              		.loc 1 1868 17 is_stmt 0 view .LVU947
 2999 0032 5968     		ldr	r1, [r3, #4]
1868:Drivers/STM32F1xx_HAL_Driver/Src/stm32f1xx_hal_tim_ex.c ****   htim->Instance->CR2 |= CommutationSource;
 3000              		.loc 1 1868 23 view .LVU948
 3001 0034 21F00401 		bic	r1, r1, #4
 3002 0038 5960     		str	r1, [r3, #4]
1869:Drivers/STM32F1xx_HAL_Driver/Src/stm32f1xx_hal_tim_ex.c **** 
 3003              		.loc 1 1869 3 is_stmt 1 view .LVU949
1869:Drivers/STM32F1xx_HAL_Driver/Src/stm32f1xx_hal_tim_ex.c **** 
 3004              		.loc 1 1869 17 is_stmt 0 view .LVU950
 3005 003a 5968     		ldr	r1, [r3, #4]
1869:Drivers/STM32F1xx_HAL_Driver/Src/stm32f1xx_hal_tim_ex.c **** 
 3006              		.loc 1 1869 23 view .LVU951
 3007 003c 0A43     		orrs	r2, r2, r1
 3008              	.LVL203:
1869:Drivers/STM32F1xx_HAL_Driver/Src/stm32f1xx_hal_tim_ex.c **** 
 3009              		.loc 1 1869 23 view .LVU952
 3010 003e 5A60     		str	r2, [r3, #4]
1872:Drivers/STM32F1xx_HAL_Driver/Src/stm32f1xx_hal_tim_ex.c **** 
 3011              		.loc 1 1872 3 is_stmt 1 view .LVU953
 3012 0040 DA68     		ldr	r2, [r3, #12]
 3013 0042 22F40052 		bic	r2, r2, #8192
 3014 0046 DA60     		str	r2, [r3, #12]
1875:Drivers/STM32F1xx_HAL_Driver/Src/stm32f1xx_hal_tim_ex.c **** 
 3015              		.loc 1 1875 3 view .LVU954
 3016 0048 DA68     		ldr	r2, [r3, #12]
 3017 004a 42F02002 		orr	r2, r2, #32
 3018 004e DA60     		str	r2, [r3, #12]
1877:Drivers/STM32F1xx_HAL_Driver/Src/stm32f1xx_hal_tim_ex.c **** 
 3019              		.loc 1 1877 3 view .LVU955
1877:Drivers/STM32F1xx_HAL_Driver/Src/stm32f1xx_hal_tim_ex.c **** 
 3020              		.loc 1 1877 3 view .LVU956
 3021 0050 84F83C00 		strb	r0, [r4, #60]
1877:Drivers/STM32F1xx_HAL_Driver/Src/stm32f1xx_hal_tim_ex.c **** 
 3022              		.loc 1 1877 3 view .LVU957
1879:Drivers/STM32F1xx_HAL_Driver/Src/stm32f1xx_hal_tim_ex.c **** }
 3023              		.loc 1 1879 3 view .LVU958
 3024              	.L237:
1880:Drivers/STM32F1xx_HAL_Driver/Src/stm32f1xx_hal_tim_ex.c **** 
 3025              		.loc 1 1880 1 is_stmt 0 view .LVU959
 3026 0054 10BD     		pop	{r4, pc}
 3027              	.LVL204:
 3028              	.L239:
1855:Drivers/STM32F1xx_HAL_Driver/Src/stm32f1xx_hal_tim_ex.c **** 
 3029              		.loc 1 1855 3 discriminator 1 view .LVU960
 3030 0056 0220     		movs	r0, #2
 3031              	.LVL205:
1855:Drivers/STM32F1xx_HAL_Driver/Src/stm32f1xx_hal_tim_ex.c **** 
 3032              		.loc 1 1855 3 discriminator 1 view .LVU961
 3033 0058 FCE7     		b	.L237
 3034              		.cfi_endproc
 3035              	.LFE92:
ARM GAS  C:\Users\airforce\AppData\Local\Temp\ccVTBrFk.s 			page 111


 3037              		.section	.text.HAL_TIMEx_ConfigCommutEvent_DMA,"ax",%progbits
 3038              		.align	1
 3039              		.global	HAL_TIMEx_ConfigCommutEvent_DMA
 3040              		.syntax unified
 3041              		.thumb
 3042              		.thumb_func
 3044              	HAL_TIMEx_ConfigCommutEvent_DMA:
 3045              	.LVL206:
 3046              	.LFB93:
1907:Drivers/STM32F1xx_HAL_Driver/Src/stm32f1xx_hal_tim_ex.c ****   /* Check the parameters */
 3047              		.loc 1 1907 1 is_stmt 1 view -0
 3048              		.cfi_startproc
 3049              		@ args = 0, pretend = 0, frame = 0
 3050              		@ frame_needed = 0, uses_anonymous_args = 0
1909:Drivers/STM32F1xx_HAL_Driver/Src/stm32f1xx_hal_tim_ex.c ****   assert_param(IS_TIM_INTERNAL_TRIGGEREVENT_SELECTION(InputTrigger));
 3051              		.loc 1 1909 3 view .LVU963
1910:Drivers/STM32F1xx_HAL_Driver/Src/stm32f1xx_hal_tim_ex.c **** 
 3052              		.loc 1 1910 3 view .LVU964
1912:Drivers/STM32F1xx_HAL_Driver/Src/stm32f1xx_hal_tim_ex.c **** 
 3053              		.loc 1 1912 3 view .LVU965
1912:Drivers/STM32F1xx_HAL_Driver/Src/stm32f1xx_hal_tim_ex.c **** 
 3054              		.loc 1 1912 3 view .LVU966
1907:Drivers/STM32F1xx_HAL_Driver/Src/stm32f1xx_hal_tim_ex.c ****   /* Check the parameters */
 3055              		.loc 1 1907 1 is_stmt 0 view .LVU967
 3056 0000 10B5     		push	{r4, lr}
 3057              	.LCFI26:
 3058              		.cfi_def_cfa_offset 8
 3059              		.cfi_offset 4, -8
 3060              		.cfi_offset 14, -4
1912:Drivers/STM32F1xx_HAL_Driver/Src/stm32f1xx_hal_tim_ex.c **** 
 3061              		.loc 1 1912 3 view .LVU968
 3062 0002 90F83C30 		ldrb	r3, [r0, #60]	@ zero_extendqisi2
1907:Drivers/STM32F1xx_HAL_Driver/Src/stm32f1xx_hal_tim_ex.c ****   /* Check the parameters */
 3063              		.loc 1 1907 1 view .LVU969
 3064 0006 0446     		mov	r4, r0
1912:Drivers/STM32F1xx_HAL_Driver/Src/stm32f1xx_hal_tim_ex.c **** 
 3065              		.loc 1 1912 3 view .LVU970
 3066 0008 012B     		cmp	r3, #1
 3067 000a 2BD0     		beq	.L243
1912:Drivers/STM32F1xx_HAL_Driver/Src/stm32f1xx_hal_tim_ex.c **** 
 3068              		.loc 1 1912 3 is_stmt 1 discriminator 2 view .LVU971
 3069 000c 0123     		movs	r3, #1
 3070 000e 80F83C30 		strb	r3, [r0, #60]
1912:Drivers/STM32F1xx_HAL_Driver/Src/stm32f1xx_hal_tim_ex.c **** 
 3071              		.loc 1 1912 3 view .LVU972
1914:Drivers/STM32F1xx_HAL_Driver/Src/stm32f1xx_hal_tim_ex.c ****       (InputTrigger == TIM_TS_ITR2) || (InputTrigger == TIM_TS_ITR3))
 3072              		.loc 1 1914 3 view .LVU973
1914:Drivers/STM32F1xx_HAL_Driver/Src/stm32f1xx_hal_tim_ex.c ****       (InputTrigger == TIM_TS_ITR2) || (InputTrigger == TIM_TS_ITR3))
 3073              		.loc 1 1914 6 is_stmt 0 view .LVU974
 3074 0012 31F03003 		bics	r3, r1, #48
 3075 0016 0368     		ldr	r3, [r0]
 3076 0018 06D1     		bne	.L242
1918:Drivers/STM32F1xx_HAL_Driver/Src/stm32f1xx_hal_tim_ex.c ****     htim->Instance->SMCR |= InputTrigger;
 3077              		.loc 1 1918 5 is_stmt 1 view .LVU975
1918:Drivers/STM32F1xx_HAL_Driver/Src/stm32f1xx_hal_tim_ex.c ****     htim->Instance->SMCR |= InputTrigger;
 3078              		.loc 1 1918 19 is_stmt 0 view .LVU976
 3079 001a 9868     		ldr	r0, [r3, #8]
ARM GAS  C:\Users\airforce\AppData\Local\Temp\ccVTBrFk.s 			page 112


 3080              	.LVL207:
1918:Drivers/STM32F1xx_HAL_Driver/Src/stm32f1xx_hal_tim_ex.c ****     htim->Instance->SMCR |= InputTrigger;
 3081              		.loc 1 1918 26 view .LVU977
 3082 001c 20F07000 		bic	r0, r0, #112
 3083 0020 9860     		str	r0, [r3, #8]
1919:Drivers/STM32F1xx_HAL_Driver/Src/stm32f1xx_hal_tim_ex.c ****   }
 3084              		.loc 1 1919 5 is_stmt 1 view .LVU978
1919:Drivers/STM32F1xx_HAL_Driver/Src/stm32f1xx_hal_tim_ex.c ****   }
 3085              		.loc 1 1919 19 is_stmt 0 view .LVU979
 3086 0022 9868     		ldr	r0, [r3, #8]
1919:Drivers/STM32F1xx_HAL_Driver/Src/stm32f1xx_hal_tim_ex.c ****   }
 3087              		.loc 1 1919 26 view .LVU980
 3088 0024 0143     		orrs	r1, r1, r0
 3089              	.LVL208:
1919:Drivers/STM32F1xx_HAL_Driver/Src/stm32f1xx_hal_tim_ex.c ****   }
 3090              		.loc 1 1919 26 view .LVU981
 3091 0026 9960     		str	r1, [r3, #8]
 3092              	.L242:
1923:Drivers/STM32F1xx_HAL_Driver/Src/stm32f1xx_hal_tim_ex.c ****   /* Select the Commutation event source */
 3093              		.loc 1 1923 3 is_stmt 1 view .LVU982
1941:Drivers/STM32F1xx_HAL_Driver/Src/stm32f1xx_hal_tim_ex.c **** 
 3094              		.loc 1 1941 3 is_stmt 0 view .LVU983
 3095 0028 0020     		movs	r0, #0
1923:Drivers/STM32F1xx_HAL_Driver/Src/stm32f1xx_hal_tim_ex.c ****   /* Select the Commutation event source */
 3096              		.loc 1 1923 17 view .LVU984
 3097 002a 5968     		ldr	r1, [r3, #4]
1923:Drivers/STM32F1xx_HAL_Driver/Src/stm32f1xx_hal_tim_ex.c ****   /* Select the Commutation event source */
 3098              		.loc 1 1923 23 view .LVU985
 3099 002c 41F00101 		orr	r1, r1, #1
 3100 0030 5960     		str	r1, [r3, #4]
1925:Drivers/STM32F1xx_HAL_Driver/Src/stm32f1xx_hal_tim_ex.c ****   htim->Instance->CR2 |= CommutationSource;
 3101              		.loc 1 1925 3 is_stmt 1 view .LVU986
1925:Drivers/STM32F1xx_HAL_Driver/Src/stm32f1xx_hal_tim_ex.c ****   htim->Instance->CR2 |= CommutationSource;
 3102              		.loc 1 1925 17 is_stmt 0 view .LVU987
 3103 0032 5968     		ldr	r1, [r3, #4]
1925:Drivers/STM32F1xx_HAL_Driver/Src/stm32f1xx_hal_tim_ex.c ****   htim->Instance->CR2 |= CommutationSource;
 3104              		.loc 1 1925 23 view .LVU988
 3105 0034 21F00401 		bic	r1, r1, #4
 3106 0038 5960     		str	r1, [r3, #4]
1926:Drivers/STM32F1xx_HAL_Driver/Src/stm32f1xx_hal_tim_ex.c **** 
 3107              		.loc 1 1926 3 is_stmt 1 view .LVU989
1926:Drivers/STM32F1xx_HAL_Driver/Src/stm32f1xx_hal_tim_ex.c **** 
 3108              		.loc 1 1926 17 is_stmt 0 view .LVU990
 3109 003a 5968     		ldr	r1, [r3, #4]
1926:Drivers/STM32F1xx_HAL_Driver/Src/stm32f1xx_hal_tim_ex.c **** 
 3110              		.loc 1 1926 23 view .LVU991
 3111 003c 0A43     		orrs	r2, r2, r1
 3112              	.LVL209:
1926:Drivers/STM32F1xx_HAL_Driver/Src/stm32f1xx_hal_tim_ex.c **** 
 3113              		.loc 1 1926 23 view .LVU992
 3114 003e 5A60     		str	r2, [r3, #4]
1930:Drivers/STM32F1xx_HAL_Driver/Src/stm32f1xx_hal_tim_ex.c ****   htim->hdma[TIM_DMA_ID_COMMUTATION]->XferHalfCpltCallback = TIMEx_DMACommutationHalfCplt;
 3115              		.loc 1 1930 3 is_stmt 1 view .LVU993
1930:Drivers/STM32F1xx_HAL_Driver/Src/stm32f1xx_hal_tim_ex.c ****   htim->hdma[TIM_DMA_ID_COMMUTATION]->XferHalfCpltCallback = TIMEx_DMACommutationHalfCplt;
 3116              		.loc 1 1930 56 is_stmt 0 view .LVU994
 3117 0040 0949     		ldr	r1, .L244
1930:Drivers/STM32F1xx_HAL_Driver/Src/stm32f1xx_hal_tim_ex.c ****   htim->hdma[TIM_DMA_ID_COMMUTATION]->XferHalfCpltCallback = TIMEx_DMACommutationHalfCplt;
ARM GAS  C:\Users\airforce\AppData\Local\Temp\ccVTBrFk.s 			page 113


 3118              		.loc 1 1930 13 view .LVU995
 3119 0042 626B     		ldr	r2, [r4, #52]
1930:Drivers/STM32F1xx_HAL_Driver/Src/stm32f1xx_hal_tim_ex.c ****   htim->hdma[TIM_DMA_ID_COMMUTATION]->XferHalfCpltCallback = TIMEx_DMACommutationHalfCplt;
 3120              		.loc 1 1930 56 view .LVU996
 3121 0044 9162     		str	r1, [r2, #40]
1931:Drivers/STM32F1xx_HAL_Driver/Src/stm32f1xx_hal_tim_ex.c ****   /* Set the DMA error callback */
 3122              		.loc 1 1931 3 is_stmt 1 view .LVU997
1931:Drivers/STM32F1xx_HAL_Driver/Src/stm32f1xx_hal_tim_ex.c ****   /* Set the DMA error callback */
 3123              		.loc 1 1931 60 is_stmt 0 view .LVU998
 3124 0046 0949     		ldr	r1, .L244+4
 3125 0048 D162     		str	r1, [r2, #44]
1933:Drivers/STM32F1xx_HAL_Driver/Src/stm32f1xx_hal_tim_ex.c **** 
 3126              		.loc 1 1933 3 is_stmt 1 view .LVU999
1933:Drivers/STM32F1xx_HAL_Driver/Src/stm32f1xx_hal_tim_ex.c **** 
 3127              		.loc 1 1933 57 is_stmt 0 view .LVU1000
 3128 004a 0949     		ldr	r1, .L244+8
 3129 004c 1163     		str	r1, [r2, #48]
1936:Drivers/STM32F1xx_HAL_Driver/Src/stm32f1xx_hal_tim_ex.c **** 
 3130              		.loc 1 1936 3 is_stmt 1 view .LVU1001
 3131 004e DA68     		ldr	r2, [r3, #12]
 3132 0050 22F02002 		bic	r2, r2, #32
 3133 0054 DA60     		str	r2, [r3, #12]
1939:Drivers/STM32F1xx_HAL_Driver/Src/stm32f1xx_hal_tim_ex.c **** 
 3134              		.loc 1 1939 3 view .LVU1002
 3135 0056 DA68     		ldr	r2, [r3, #12]
 3136 0058 42F40052 		orr	r2, r2, #8192
 3137 005c DA60     		str	r2, [r3, #12]
1941:Drivers/STM32F1xx_HAL_Driver/Src/stm32f1xx_hal_tim_ex.c **** 
 3138              		.loc 1 1941 3 view .LVU1003
1941:Drivers/STM32F1xx_HAL_Driver/Src/stm32f1xx_hal_tim_ex.c **** 
 3139              		.loc 1 1941 3 view .LVU1004
 3140 005e 84F83C00 		strb	r0, [r4, #60]
1941:Drivers/STM32F1xx_HAL_Driver/Src/stm32f1xx_hal_tim_ex.c **** 
 3141              		.loc 1 1941 3 view .LVU1005
1943:Drivers/STM32F1xx_HAL_Driver/Src/stm32f1xx_hal_tim_ex.c **** }
 3142              		.loc 1 1943 3 view .LVU1006
 3143              	.L241:
1944:Drivers/STM32F1xx_HAL_Driver/Src/stm32f1xx_hal_tim_ex.c **** 
 3144              		.loc 1 1944 1 is_stmt 0 view .LVU1007
 3145 0062 10BD     		pop	{r4, pc}
 3146              	.LVL210:
 3147              	.L243:
1912:Drivers/STM32F1xx_HAL_Driver/Src/stm32f1xx_hal_tim_ex.c **** 
 3148              		.loc 1 1912 3 discriminator 1 view .LVU1008
 3149 0064 0220     		movs	r0, #2
 3150              	.LVL211:
1912:Drivers/STM32F1xx_HAL_Driver/Src/stm32f1xx_hal_tim_ex.c **** 
 3151              		.loc 1 1912 3 discriminator 1 view .LVU1009
 3152 0066 FCE7     		b	.L241
 3153              	.L245:
 3154              		.align	2
 3155              	.L244:
 3156 0068 00000000 		.word	TIMEx_DMACommutationCplt
 3157 006c 00000000 		.word	TIMEx_DMACommutationHalfCplt
 3158 0070 00000000 		.word	TIM_DMAError
 3159              		.cfi_endproc
 3160              	.LFE93:
ARM GAS  C:\Users\airforce\AppData\Local\Temp\ccVTBrFk.s 			page 114


 3162              		.section	.text.HAL_TIMEx_MasterConfigSynchronization,"ax",%progbits
 3163              		.align	1
 3164              		.global	HAL_TIMEx_MasterConfigSynchronization
 3165              		.syntax unified
 3166              		.thumb
 3167              		.thumb_func
 3169              	HAL_TIMEx_MasterConfigSynchronization:
 3170              	.LVL212:
 3171              	.LFB94:
1956:Drivers/STM32F1xx_HAL_Driver/Src/stm32f1xx_hal_tim_ex.c ****   uint32_t tmpcr2;
 3172              		.loc 1 1956 1 is_stmt 1 view -0
 3173              		.cfi_startproc
 3174              		@ args = 0, pretend = 0, frame = 0
 3175              		@ frame_needed = 0, uses_anonymous_args = 0
1957:Drivers/STM32F1xx_HAL_Driver/Src/stm32f1xx_hal_tim_ex.c ****   uint32_t tmpsmcr;
 3176              		.loc 1 1957 3 view .LVU1011
1958:Drivers/STM32F1xx_HAL_Driver/Src/stm32f1xx_hal_tim_ex.c **** 
 3177              		.loc 1 1958 3 view .LVU1012
1961:Drivers/STM32F1xx_HAL_Driver/Src/stm32f1xx_hal_tim_ex.c ****   assert_param(IS_TIM_TRGO_SOURCE(sMasterConfig->MasterOutputTrigger));
 3178              		.loc 1 1961 3 view .LVU1013
1962:Drivers/STM32F1xx_HAL_Driver/Src/stm32f1xx_hal_tim_ex.c ****   assert_param(IS_TIM_MSM_STATE(sMasterConfig->MasterSlaveMode));
 3179              		.loc 1 1962 3 view .LVU1014
1963:Drivers/STM32F1xx_HAL_Driver/Src/stm32f1xx_hal_tim_ex.c **** 
 3180              		.loc 1 1963 3 view .LVU1015
1966:Drivers/STM32F1xx_HAL_Driver/Src/stm32f1xx_hal_tim_ex.c **** 
 3181              		.loc 1 1966 3 view .LVU1016
1966:Drivers/STM32F1xx_HAL_Driver/Src/stm32f1xx_hal_tim_ex.c **** 
 3182              		.loc 1 1966 3 view .LVU1017
1956:Drivers/STM32F1xx_HAL_Driver/Src/stm32f1xx_hal_tim_ex.c ****   uint32_t tmpcr2;
 3183              		.loc 1 1956 1 is_stmt 0 view .LVU1018
 3184 0000 30B5     		push	{r4, r5, lr}
 3185              	.LCFI27:
 3186              		.cfi_def_cfa_offset 12
 3187              		.cfi_offset 4, -12
 3188              		.cfi_offset 5, -8
 3189              		.cfi_offset 14, -4
1966:Drivers/STM32F1xx_HAL_Driver/Src/stm32f1xx_hal_tim_ex.c **** 
 3190              		.loc 1 1966 3 view .LVU1019
 3191 0002 90F83C30 		ldrb	r3, [r0, #60]	@ zero_extendqisi2
1956:Drivers/STM32F1xx_HAL_Driver/Src/stm32f1xx_hal_tim_ex.c ****   uint32_t tmpcr2;
 3192              		.loc 1 1956 1 view .LVU1020
 3193 0006 0246     		mov	r2, r0
1966:Drivers/STM32F1xx_HAL_Driver/Src/stm32f1xx_hal_tim_ex.c **** 
 3194              		.loc 1 1966 3 view .LVU1021
 3195 0008 012B     		cmp	r3, #1
 3196 000a 4FF00200 		mov	r0, #2
 3197              	.LVL213:
1966:Drivers/STM32F1xx_HAL_Driver/Src/stm32f1xx_hal_tim_ex.c **** 
 3198              		.loc 1 1966 3 view .LVU1022
 3199 000e 22D0     		beq	.L247
1966:Drivers/STM32F1xx_HAL_Driver/Src/stm32f1xx_hal_tim_ex.c **** 
 3200              		.loc 1 1966 3 is_stmt 1 discriminator 2 view .LVU1023
1966:Drivers/STM32F1xx_HAL_Driver/Src/stm32f1xx_hal_tim_ex.c **** 
 3201              		.loc 1 1966 3 view .LVU1024
1969:Drivers/STM32F1xx_HAL_Driver/Src/stm32f1xx_hal_tim_ex.c **** 
 3202              		.loc 1 1969 3 view .LVU1025
1972:Drivers/STM32F1xx_HAL_Driver/Src/stm32f1xx_hal_tim_ex.c **** 
ARM GAS  C:\Users\airforce\AppData\Local\Temp\ccVTBrFk.s 			page 115


 3203              		.loc 1 1972 16 is_stmt 0 view .LVU1026
 3204 0010 1368     		ldr	r3, [r2]
1969:Drivers/STM32F1xx_HAL_Driver/Src/stm32f1xx_hal_tim_ex.c **** 
 3205              		.loc 1 1969 15 view .LVU1027
 3206 0012 82F83D00 		strb	r0, [r2, #61]
1972:Drivers/STM32F1xx_HAL_Driver/Src/stm32f1xx_hal_tim_ex.c **** 
 3207              		.loc 1 1972 3 is_stmt 1 view .LVU1028
1972:Drivers/STM32F1xx_HAL_Driver/Src/stm32f1xx_hal_tim_ex.c **** 
 3208              		.loc 1 1972 10 is_stmt 0 view .LVU1029
 3209 0016 5C68     		ldr	r4, [r3, #4]
 3210              	.LVL214:
1975:Drivers/STM32F1xx_HAL_Driver/Src/stm32f1xx_hal_tim_ex.c **** 
 3211              		.loc 1 1975 3 is_stmt 1 view .LVU1030
1980:Drivers/STM32F1xx_HAL_Driver/Src/stm32f1xx_hal_tim_ex.c **** 
 3212              		.loc 1 1980 10 is_stmt 0 view .LVU1031
 3213 0018 0D68     		ldr	r5, [r1]
1978:Drivers/STM32F1xx_HAL_Driver/Src/stm32f1xx_hal_tim_ex.c ****   /* Select the TRGO source */
 3214              		.loc 1 1978 10 view .LVU1032
 3215 001a 24F07004 		bic	r4, r4, #112
 3216              	.LVL215:
1980:Drivers/STM32F1xx_HAL_Driver/Src/stm32f1xx_hal_tim_ex.c **** 
 3217              		.loc 1 1980 10 view .LVU1033
 3218 001e 2C43     		orrs	r4, r4, r5
1975:Drivers/STM32F1xx_HAL_Driver/Src/stm32f1xx_hal_tim_ex.c **** 
 3219              		.loc 1 1975 11 view .LVU1034
 3220 0020 9868     		ldr	r0, [r3, #8]
 3221              	.LVL216:
1978:Drivers/STM32F1xx_HAL_Driver/Src/stm32f1xx_hal_tim_ex.c ****   /* Select the TRGO source */
 3222              		.loc 1 1978 3 is_stmt 1 view .LVU1035
1980:Drivers/STM32F1xx_HAL_Driver/Src/stm32f1xx_hal_tim_ex.c **** 
 3223              		.loc 1 1980 3 view .LVU1036
1983:Drivers/STM32F1xx_HAL_Driver/Src/stm32f1xx_hal_tim_ex.c **** 
 3224              		.loc 1 1983 3 view .LVU1037
1983:Drivers/STM32F1xx_HAL_Driver/Src/stm32f1xx_hal_tim_ex.c **** 
 3225              		.loc 1 1983 23 is_stmt 0 view .LVU1038
 3226 0022 5C60     		str	r4, [r3, #4]
1985:Drivers/STM32F1xx_HAL_Driver/Src/stm32f1xx_hal_tim_ex.c ****   {
 3227              		.loc 1 1985 3 is_stmt 1 view .LVU1039
1985:Drivers/STM32F1xx_HAL_Driver/Src/stm32f1xx_hal_tim_ex.c ****   {
 3228              		.loc 1 1985 6 is_stmt 0 view .LVU1040
 3229 0024 0C4C     		ldr	r4, .L254
 3230              	.LVL217:
1985:Drivers/STM32F1xx_HAL_Driver/Src/stm32f1xx_hal_tim_ex.c ****   {
 3231              		.loc 1 1985 6 view .LVU1041
 3232 0026 A342     		cmp	r3, r4
 3233 0028 0AD0     		beq	.L248
1985:Drivers/STM32F1xx_HAL_Driver/Src/stm32f1xx_hal_tim_ex.c ****   {
 3234              		.loc 1 1985 7 discriminator 1 view .LVU1042
 3235 002a B3F1804F 		cmp	r3, #1073741824
 3236 002e 07D0     		beq	.L248
1985:Drivers/STM32F1xx_HAL_Driver/Src/stm32f1xx_hal_tim_ex.c ****   {
 3237              		.loc 1 1985 7 discriminator 2 view .LVU1043
 3238 0030 A4F59434 		sub	r4, r4, #75776
 3239 0034 A342     		cmp	r3, r4
 3240 0036 03D0     		beq	.L248
1985:Drivers/STM32F1xx_HAL_Driver/Src/stm32f1xx_hal_tim_ex.c ****   {
 3241              		.loc 1 1985 7 discriminator 3 view .LVU1044
ARM GAS  C:\Users\airforce\AppData\Local\Temp\ccVTBrFk.s 			page 116


 3242 0038 04F58064 		add	r4, r4, #1024
 3243 003c A342     		cmp	r3, r4
 3244 003e 04D1     		bne	.L249
 3245              	.L248:
1988:Drivers/STM32F1xx_HAL_Driver/Src/stm32f1xx_hal_tim_ex.c ****     /* Set master mode */
 3246              		.loc 1 1988 5 is_stmt 1 view .LVU1045
1990:Drivers/STM32F1xx_HAL_Driver/Src/stm32f1xx_hal_tim_ex.c **** 
 3247              		.loc 1 1990 13 is_stmt 0 view .LVU1046
 3248 0040 4968     		ldr	r1, [r1, #4]
 3249              	.LVL218:
1988:Drivers/STM32F1xx_HAL_Driver/Src/stm32f1xx_hal_tim_ex.c ****     /* Set master mode */
 3250              		.loc 1 1988 13 view .LVU1047
 3251 0042 20F08000 		bic	r0, r0, #128
 3252              	.LVL219:
1990:Drivers/STM32F1xx_HAL_Driver/Src/stm32f1xx_hal_tim_ex.c **** 
 3253              		.loc 1 1990 5 is_stmt 1 view .LVU1048
1990:Drivers/STM32F1xx_HAL_Driver/Src/stm32f1xx_hal_tim_ex.c **** 
 3254              		.loc 1 1990 13 is_stmt 0 view .LVU1049
 3255 0046 0143     		orrs	r1, r1, r0
 3256              	.LVL220:
1993:Drivers/STM32F1xx_HAL_Driver/Src/stm32f1xx_hal_tim_ex.c ****   }
 3257              		.loc 1 1993 5 is_stmt 1 view .LVU1050
1993:Drivers/STM32F1xx_HAL_Driver/Src/stm32f1xx_hal_tim_ex.c ****   }
 3258              		.loc 1 1993 26 is_stmt 0 view .LVU1051
 3259 0048 9960     		str	r1, [r3, #8]
 3260              	.LVL221:
 3261              	.L249:
1997:Drivers/STM32F1xx_HAL_Driver/Src/stm32f1xx_hal_tim_ex.c **** 
 3262              		.loc 1 1997 3 is_stmt 1 view .LVU1052
1997:Drivers/STM32F1xx_HAL_Driver/Src/stm32f1xx_hal_tim_ex.c **** 
 3263              		.loc 1 1997 15 is_stmt 0 view .LVU1053
 3264 004a 0123     		movs	r3, #1
1999:Drivers/STM32F1xx_HAL_Driver/Src/stm32f1xx_hal_tim_ex.c **** 
 3265              		.loc 1 1999 3 view .LVU1054
 3266 004c 0020     		movs	r0, #0
1997:Drivers/STM32F1xx_HAL_Driver/Src/stm32f1xx_hal_tim_ex.c **** 
 3267              		.loc 1 1997 15 view .LVU1055
 3268 004e 82F83D30 		strb	r3, [r2, #61]
1999:Drivers/STM32F1xx_HAL_Driver/Src/stm32f1xx_hal_tim_ex.c **** 
 3269              		.loc 1 1999 3 is_stmt 1 view .LVU1056
1999:Drivers/STM32F1xx_HAL_Driver/Src/stm32f1xx_hal_tim_ex.c **** 
 3270              		.loc 1 1999 3 view .LVU1057
 3271 0052 82F83C00 		strb	r0, [r2, #60]
1999:Drivers/STM32F1xx_HAL_Driver/Src/stm32f1xx_hal_tim_ex.c **** 
 3272              		.loc 1 1999 3 view .LVU1058
2001:Drivers/STM32F1xx_HAL_Driver/Src/stm32f1xx_hal_tim_ex.c **** }
 3273              		.loc 1 2001 3 view .LVU1059
 3274              	.LVL222:
 3275              	.L247:
2002:Drivers/STM32F1xx_HAL_Driver/Src/stm32f1xx_hal_tim_ex.c **** 
 3276              		.loc 1 2002 1 is_stmt 0 view .LVU1060
 3277 0056 30BD     		pop	{r4, r5, pc}
 3278              	.L255:
 3279              		.align	2
 3280              	.L254:
 3281 0058 002C0140 		.word	1073818624
 3282              		.cfi_endproc
ARM GAS  C:\Users\airforce\AppData\Local\Temp\ccVTBrFk.s 			page 117


 3283              	.LFE94:
 3285              		.section	.text.HAL_TIMEx_ConfigBreakDeadTime,"ax",%progbits
 3286              		.align	1
 3287              		.global	HAL_TIMEx_ConfigBreakDeadTime
 3288              		.syntax unified
 3289              		.thumb
 3290              		.thumb_func
 3292              	HAL_TIMEx_ConfigBreakDeadTime:
 3293              	.LVL223:
 3294              	.LFB95:
2017:Drivers/STM32F1xx_HAL_Driver/Src/stm32f1xx_hal_tim_ex.c ****   /* Keep this variable initialized to 0 as it is used to configure BDTR register */
 3295              		.loc 1 2017 1 is_stmt 1 view -0
 3296              		.cfi_startproc
 3297              		@ args = 0, pretend = 0, frame = 0
 3298              		@ frame_needed = 0, uses_anonymous_args = 0
 3299              		@ link register save eliminated.
2019:Drivers/STM32F1xx_HAL_Driver/Src/stm32f1xx_hal_tim_ex.c **** 
 3300              		.loc 1 2019 3 view .LVU1062
2022:Drivers/STM32F1xx_HAL_Driver/Src/stm32f1xx_hal_tim_ex.c ****   assert_param(IS_TIM_OSSR_STATE(sBreakDeadTimeConfig->OffStateRunMode));
 3301              		.loc 1 2022 3 view .LVU1063
2023:Drivers/STM32F1xx_HAL_Driver/Src/stm32f1xx_hal_tim_ex.c ****   assert_param(IS_TIM_OSSI_STATE(sBreakDeadTimeConfig->OffStateIDLEMode));
 3302              		.loc 1 2023 3 view .LVU1064
2024:Drivers/STM32F1xx_HAL_Driver/Src/stm32f1xx_hal_tim_ex.c ****   assert_param(IS_TIM_LOCK_LEVEL(sBreakDeadTimeConfig->LockLevel));
 3303              		.loc 1 2024 3 view .LVU1065
2025:Drivers/STM32F1xx_HAL_Driver/Src/stm32f1xx_hal_tim_ex.c ****   assert_param(IS_TIM_DEADTIME(sBreakDeadTimeConfig->DeadTime));
 3304              		.loc 1 2025 3 view .LVU1066
2026:Drivers/STM32F1xx_HAL_Driver/Src/stm32f1xx_hal_tim_ex.c ****   assert_param(IS_TIM_BREAK_STATE(sBreakDeadTimeConfig->BreakState));
 3305              		.loc 1 2026 3 view .LVU1067
2027:Drivers/STM32F1xx_HAL_Driver/Src/stm32f1xx_hal_tim_ex.c ****   assert_param(IS_TIM_BREAK_POLARITY(sBreakDeadTimeConfig->BreakPolarity));
 3306              		.loc 1 2027 3 view .LVU1068
2028:Drivers/STM32F1xx_HAL_Driver/Src/stm32f1xx_hal_tim_ex.c ****   assert_param(IS_TIM_AUTOMATIC_OUTPUT_STATE(sBreakDeadTimeConfig->AutomaticOutput));
 3307              		.loc 1 2028 3 view .LVU1069
2029:Drivers/STM32F1xx_HAL_Driver/Src/stm32f1xx_hal_tim_ex.c **** 
 3308              		.loc 1 2029 3 view .LVU1070
2032:Drivers/STM32F1xx_HAL_Driver/Src/stm32f1xx_hal_tim_ex.c **** 
 3309              		.loc 1 2032 3 view .LVU1071
2032:Drivers/STM32F1xx_HAL_Driver/Src/stm32f1xx_hal_tim_ex.c **** 
 3310              		.loc 1 2032 3 view .LVU1072
 3311 0000 90F83C30 		ldrb	r3, [r0, #60]	@ zero_extendqisi2
2017:Drivers/STM32F1xx_HAL_Driver/Src/stm32f1xx_hal_tim_ex.c ****   /* Keep this variable initialized to 0 as it is used to configure BDTR register */
 3312              		.loc 1 2017 1 is_stmt 0 view .LVU1073
 3313 0004 0246     		mov	r2, r0
2032:Drivers/STM32F1xx_HAL_Driver/Src/stm32f1xx_hal_tim_ex.c **** 
 3314              		.loc 1 2032 3 view .LVU1074
 3315 0006 012B     		cmp	r3, #1
 3316 0008 1ED0     		beq	.L258
2032:Drivers/STM32F1xx_HAL_Driver/Src/stm32f1xx_hal_tim_ex.c **** 
 3317              		.loc 1 2032 3 is_stmt 1 discriminator 2 view .LVU1075
2032:Drivers/STM32F1xx_HAL_Driver/Src/stm32f1xx_hal_tim_ex.c **** 
 3318              		.loc 1 2032 3 view .LVU1076
2038:Drivers/STM32F1xx_HAL_Driver/Src/stm32f1xx_hal_tim_ex.c ****   MODIFY_REG(tmpbdtr, TIM_BDTR_LOCK, sBreakDeadTimeConfig->LockLevel);
 3319              		.loc 1 2038 3 view .LVU1077
 3320              	.LVL224:
2039:Drivers/STM32F1xx_HAL_Driver/Src/stm32f1xx_hal_tim_ex.c ****   MODIFY_REG(tmpbdtr, TIM_BDTR_OSSI, sBreakDeadTimeConfig->OffStateIDLEMode);
 3321              		.loc 1 2039 3 view .LVU1078
2040:Drivers/STM32F1xx_HAL_Driver/Src/stm32f1xx_hal_tim_ex.c ****   MODIFY_REG(tmpbdtr, TIM_BDTR_OSSR, sBreakDeadTimeConfig->OffStateRunMode);
 3322              		.loc 1 2040 3 view .LVU1079
ARM GAS  C:\Users\airforce\AppData\Local\Temp\ccVTBrFk.s 			page 118


2039:Drivers/STM32F1xx_HAL_Driver/Src/stm32f1xx_hal_tim_ex.c ****   MODIFY_REG(tmpbdtr, TIM_BDTR_OSSI, sBreakDeadTimeConfig->OffStateIDLEMode);
 3323              		.loc 1 2039 3 is_stmt 0 view .LVU1080
 3324 000a CB68     		ldr	r3, [r1, #12]
 3325 000c 8868     		ldr	r0, [r1, #8]
 3326              	.LVL225:
2039:Drivers/STM32F1xx_HAL_Driver/Src/stm32f1xx_hal_tim_ex.c ****   MODIFY_REG(tmpbdtr, TIM_BDTR_OSSI, sBreakDeadTimeConfig->OffStateIDLEMode);
 3327              		.loc 1 2039 3 view .LVU1081
 3328 000e 23F44073 		bic	r3, r3, #768
 3329 0012 0343     		orrs	r3, r3, r0
 3330              	.LVL226:
2040:Drivers/STM32F1xx_HAL_Driver/Src/stm32f1xx_hal_tim_ex.c ****   MODIFY_REG(tmpbdtr, TIM_BDTR_OSSR, sBreakDeadTimeConfig->OffStateRunMode);
 3331              		.loc 1 2040 3 view .LVU1082
 3332 0014 4868     		ldr	r0, [r1, #4]
 3333 0016 23F48063 		bic	r3, r3, #1024
 3334              	.LVL227:
2041:Drivers/STM32F1xx_HAL_Driver/Src/stm32f1xx_hal_tim_ex.c ****   MODIFY_REG(tmpbdtr, TIM_BDTR_BKE, sBreakDeadTimeConfig->BreakState);
 3335              		.loc 1 2041 3 is_stmt 1 view .LVU1083
2040:Drivers/STM32F1xx_HAL_Driver/Src/stm32f1xx_hal_tim_ex.c ****   MODIFY_REG(tmpbdtr, TIM_BDTR_OSSR, sBreakDeadTimeConfig->OffStateRunMode);
 3336              		.loc 1 2040 3 is_stmt 0 view .LVU1084
 3337 001a 0343     		orrs	r3, r3, r0
 3338              	.LVL228:
2041:Drivers/STM32F1xx_HAL_Driver/Src/stm32f1xx_hal_tim_ex.c ****   MODIFY_REG(tmpbdtr, TIM_BDTR_BKE, sBreakDeadTimeConfig->BreakState);
 3339              		.loc 1 2041 3 view .LVU1085
 3340 001c 0868     		ldr	r0, [r1]
 3341 001e 23F40063 		bic	r3, r3, #2048
 3342              	.LVL229:
2042:Drivers/STM32F1xx_HAL_Driver/Src/stm32f1xx_hal_tim_ex.c ****   MODIFY_REG(tmpbdtr, TIM_BDTR_BKP, sBreakDeadTimeConfig->BreakPolarity);
 3343              		.loc 1 2042 3 is_stmt 1 view .LVU1086
2041:Drivers/STM32F1xx_HAL_Driver/Src/stm32f1xx_hal_tim_ex.c ****   MODIFY_REG(tmpbdtr, TIM_BDTR_BKE, sBreakDeadTimeConfig->BreakState);
 3344              		.loc 1 2041 3 is_stmt 0 view .LVU1087
 3345 0022 0343     		orrs	r3, r3, r0
 3346              	.LVL230:
2042:Drivers/STM32F1xx_HAL_Driver/Src/stm32f1xx_hal_tim_ex.c ****   MODIFY_REG(tmpbdtr, TIM_BDTR_BKP, sBreakDeadTimeConfig->BreakPolarity);
 3347              		.loc 1 2042 3 view .LVU1088
 3348 0024 0869     		ldr	r0, [r1, #16]
 3349 0026 23F48053 		bic	r3, r3, #4096
 3350              	.LVL231:
2043:Drivers/STM32F1xx_HAL_Driver/Src/stm32f1xx_hal_tim_ex.c ****   MODIFY_REG(tmpbdtr, TIM_BDTR_AOE, sBreakDeadTimeConfig->AutomaticOutput);
 3351              		.loc 1 2043 3 is_stmt 1 view .LVU1089
2042:Drivers/STM32F1xx_HAL_Driver/Src/stm32f1xx_hal_tim_ex.c ****   MODIFY_REG(tmpbdtr, TIM_BDTR_BKP, sBreakDeadTimeConfig->BreakPolarity);
 3352              		.loc 1 2042 3 is_stmt 0 view .LVU1090
 3353 002a 0343     		orrs	r3, r3, r0
 3354              	.LVL232:
2043:Drivers/STM32F1xx_HAL_Driver/Src/stm32f1xx_hal_tim_ex.c ****   MODIFY_REG(tmpbdtr, TIM_BDTR_AOE, sBreakDeadTimeConfig->AutomaticOutput);
 3355              		.loc 1 2043 3 view .LVU1091
 3356 002c 4869     		ldr	r0, [r1, #20]
 3357 002e 23F40053 		bic	r3, r3, #8192
 3358              	.LVL233:
2044:Drivers/STM32F1xx_HAL_Driver/Src/stm32f1xx_hal_tim_ex.c **** 
 3359              		.loc 1 2044 3 is_stmt 1 view .LVU1092
2043:Drivers/STM32F1xx_HAL_Driver/Src/stm32f1xx_hal_tim_ex.c ****   MODIFY_REG(tmpbdtr, TIM_BDTR_AOE, sBreakDeadTimeConfig->AutomaticOutput);
 3360              		.loc 1 2043 3 is_stmt 0 view .LVU1093
 3361 0032 0343     		orrs	r3, r3, r0
 3362              	.LVL234:
2050:Drivers/STM32F1xx_HAL_Driver/Src/stm32f1xx_hal_tim_ex.c **** 
 3363              		.loc 1 2050 3 view .LVU1094
 3364 0034 0020     		movs	r0, #0
ARM GAS  C:\Users\airforce\AppData\Local\Temp\ccVTBrFk.s 			page 119


2044:Drivers/STM32F1xx_HAL_Driver/Src/stm32f1xx_hal_tim_ex.c **** 
 3365              		.loc 1 2044 3 view .LVU1095
 3366 0036 C969     		ldr	r1, [r1, #28]
 3367              	.LVL235:
2044:Drivers/STM32F1xx_HAL_Driver/Src/stm32f1xx_hal_tim_ex.c **** 
 3368              		.loc 1 2044 3 view .LVU1096
 3369 0038 23F48043 		bic	r3, r3, #16384
 3370              	.LVL236:
2044:Drivers/STM32F1xx_HAL_Driver/Src/stm32f1xx_hal_tim_ex.c **** 
 3371              		.loc 1 2044 3 view .LVU1097
 3372 003c 0B43     		orrs	r3, r3, r1
 3373              	.LVL237:
2048:Drivers/STM32F1xx_HAL_Driver/Src/stm32f1xx_hal_tim_ex.c **** 
 3374              		.loc 1 2048 3 is_stmt 1 view .LVU1098
2048:Drivers/STM32F1xx_HAL_Driver/Src/stm32f1xx_hal_tim_ex.c **** 
 3375              		.loc 1 2048 7 is_stmt 0 view .LVU1099
 3376 003e 1168     		ldr	r1, [r2]
2048:Drivers/STM32F1xx_HAL_Driver/Src/stm32f1xx_hal_tim_ex.c **** 
 3377              		.loc 1 2048 24 view .LVU1100
 3378 0040 4B64     		str	r3, [r1, #68]
2050:Drivers/STM32F1xx_HAL_Driver/Src/stm32f1xx_hal_tim_ex.c **** 
 3379              		.loc 1 2050 3 is_stmt 1 view .LVU1101
2050:Drivers/STM32F1xx_HAL_Driver/Src/stm32f1xx_hal_tim_ex.c **** 
 3380              		.loc 1 2050 3 view .LVU1102
 3381 0042 82F83C00 		strb	r0, [r2, #60]
2050:Drivers/STM32F1xx_HAL_Driver/Src/stm32f1xx_hal_tim_ex.c **** 
 3382              		.loc 1 2050 3 view .LVU1103
2052:Drivers/STM32F1xx_HAL_Driver/Src/stm32f1xx_hal_tim_ex.c **** }
 3383              		.loc 1 2052 3 view .LVU1104
2052:Drivers/STM32F1xx_HAL_Driver/Src/stm32f1xx_hal_tim_ex.c **** }
 3384              		.loc 1 2052 10 is_stmt 0 view .LVU1105
 3385 0046 7047     		bx	lr
 3386              	.LVL238:
 3387              	.L258:
2032:Drivers/STM32F1xx_HAL_Driver/Src/stm32f1xx_hal_tim_ex.c **** 
 3388              		.loc 1 2032 3 discriminator 1 view .LVU1106
 3389 0048 0220     		movs	r0, #2
 3390              	.LVL239:
2053:Drivers/STM32F1xx_HAL_Driver/Src/stm32f1xx_hal_tim_ex.c **** 
 3391              		.loc 1 2053 1 view .LVU1107
 3392 004a 7047     		bx	lr
 3393              		.cfi_endproc
 3394              	.LFE95:
 3396              		.section	.text.HAL_TIMEx_RemapConfig,"ax",%progbits
 3397              		.align	1
 3398              		.global	HAL_TIMEx_RemapConfig
 3399              		.syntax unified
 3400              		.thumb
 3401              		.thumb_func
 3403              	HAL_TIMEx_RemapConfig:
 3404              	.LVL240:
 3405              	.LFB96:
2063:Drivers/STM32F1xx_HAL_Driver/Src/stm32f1xx_hal_tim_ex.c ****   /* Prevent unused argument(s) compilation warning */
 3406              		.loc 1 2063 1 is_stmt 1 view -0
 3407              		.cfi_startproc
 3408              		@ args = 0, pretend = 0, frame = 0
 3409              		@ frame_needed = 0, uses_anonymous_args = 0
ARM GAS  C:\Users\airforce\AppData\Local\Temp\ccVTBrFk.s 			page 120


 3410              		@ link register save eliminated.
2065:Drivers/STM32F1xx_HAL_Driver/Src/stm32f1xx_hal_tim_ex.c ****   UNUSED(Remap);
 3411              		.loc 1 2065 3 view .LVU1109
2066:Drivers/STM32F1xx_HAL_Driver/Src/stm32f1xx_hal_tim_ex.c **** 
 3412              		.loc 1 2066 3 view .LVU1110
2068:Drivers/STM32F1xx_HAL_Driver/Src/stm32f1xx_hal_tim_ex.c **** }
 3413              		.loc 1 2068 3 view .LVU1111
2069:Drivers/STM32F1xx_HAL_Driver/Src/stm32f1xx_hal_tim_ex.c **** 
 3414              		.loc 1 2069 1 is_stmt 0 view .LVU1112
 3415 0000 0020     		movs	r0, #0
 3416              	.LVL241:
2069:Drivers/STM32F1xx_HAL_Driver/Src/stm32f1xx_hal_tim_ex.c **** 
 3417              		.loc 1 2069 1 view .LVU1113
 3418 0002 7047     		bx	lr
 3419              		.cfi_endproc
 3420              	.LFE96:
 3422              		.section	.text.HAL_TIMEx_CommutCallback,"ax",%progbits
 3423              		.align	1
 3424              		.weak	HAL_TIMEx_CommutCallback
 3425              		.syntax unified
 3426              		.thumb
 3427              		.thumb_func
 3429              	HAL_TIMEx_CommutCallback:
 3430              	.LFB110:
 3431              		.cfi_startproc
2096:Drivers/STM32F1xx_HAL_Driver/Src/stm32f1xx_hal_tim_ex.c **** {
 3432              		.loc 1 2096 13 is_stmt 1 view -0
 3433              		@ args = 0, pretend = 0, frame = 0
 3434              		@ frame_needed = 0, uses_anonymous_args = 0
 3435              		@ link register save eliminated.
 3436 0000 7047     		bx	lr
 3437              		.cfi_endproc
 3438              	.LFE110:
 3440              		.section	.text.TIMEx_DMACommutationCplt,"ax",%progbits
 3441              		.align	1
 3442              		.global	TIMEx_DMACommutationCplt
 3443              		.syntax unified
 3444              		.thumb
 3445              		.thumb_func
 3447              	TIMEx_DMACommutationCplt:
 3448              	.LVL242:
 3449              	.LFB102:
2203:Drivers/STM32F1xx_HAL_Driver/Src/stm32f1xx_hal_tim_ex.c ****   TIM_HandleTypeDef *htim = (TIM_HandleTypeDef *)((DMA_HandleTypeDef *)hdma)->Parent;
 3450              		.loc 1 2203 1 view -0
 3451              		.cfi_startproc
 3452              		@ args = 0, pretend = 0, frame = 0
 3453              		@ frame_needed = 0, uses_anonymous_args = 0
2204:Drivers/STM32F1xx_HAL_Driver/Src/stm32f1xx_hal_tim_ex.c **** 
 3454              		.loc 1 2204 3 view .LVU1116
2203:Drivers/STM32F1xx_HAL_Driver/Src/stm32f1xx_hal_tim_ex.c ****   TIM_HandleTypeDef *htim = (TIM_HandleTypeDef *)((DMA_HandleTypeDef *)hdma)->Parent;
 3455              		.loc 1 2203 1 is_stmt 0 view .LVU1117
 3456 0000 08B5     		push	{r3, lr}
 3457              	.LCFI28:
 3458              		.cfi_def_cfa_offset 8
 3459              		.cfi_offset 3, -8
 3460              		.cfi_offset 14, -4
2207:Drivers/STM32F1xx_HAL_Driver/Src/stm32f1xx_hal_tim_ex.c **** 
ARM GAS  C:\Users\airforce\AppData\Local\Temp\ccVTBrFk.s 			page 121


 3461              		.loc 1 2207 15 view .LVU1118
 3462 0002 0123     		movs	r3, #1
2204:Drivers/STM32F1xx_HAL_Driver/Src/stm32f1xx_hal_tim_ex.c **** 
 3463              		.loc 1 2204 22 view .LVU1119
 3464 0004 406A     		ldr	r0, [r0, #36]
 3465              	.LVL243:
2207:Drivers/STM32F1xx_HAL_Driver/Src/stm32f1xx_hal_tim_ex.c **** 
 3466              		.loc 1 2207 3 is_stmt 1 view .LVU1120
2207:Drivers/STM32F1xx_HAL_Driver/Src/stm32f1xx_hal_tim_ex.c **** 
 3467              		.loc 1 2207 15 is_stmt 0 view .LVU1121
 3468 0006 80F83D30 		strb	r3, [r0, #61]
2212:Drivers/STM32F1xx_HAL_Driver/Src/stm32f1xx_hal_tim_ex.c **** #endif /* USE_HAL_TIM_REGISTER_CALLBACKS */
 3469              		.loc 1 2212 3 is_stmt 1 view .LVU1122
 3470 000a FFF7FEFF 		bl	HAL_TIMEx_CommutCallback
 3471              	.LVL244:
2214:Drivers/STM32F1xx_HAL_Driver/Src/stm32f1xx_hal_tim_ex.c **** 
 3472              		.loc 1 2214 1 is_stmt 0 view .LVU1123
 3473 000e 08BD     		pop	{r3, pc}
 3474              		.cfi_endproc
 3475              	.LFE102:
 3477              		.section	.text.HAL_TIMEx_CommutHalfCpltCallback,"ax",%progbits
 3478              		.align	1
 3479              		.weak	HAL_TIMEx_CommutHalfCpltCallback
 3480              		.syntax unified
 3481              		.thumb
 3482              		.thumb_func
 3484              	HAL_TIMEx_CommutHalfCpltCallback:
 3485              	.LFB112:
 3486              		.cfi_startproc
2110:Drivers/STM32F1xx_HAL_Driver/Src/stm32f1xx_hal_tim_ex.c **** {
 3487              		.loc 1 2110 13 is_stmt 1 view -0
 3488              		@ args = 0, pretend = 0, frame = 0
 3489              		@ frame_needed = 0, uses_anonymous_args = 0
 3490              		@ link register save eliminated.
 3491 0000 7047     		bx	lr
 3492              		.cfi_endproc
 3493              	.LFE112:
 3495              		.section	.text.TIMEx_DMACommutationHalfCplt,"ax",%progbits
 3496              		.align	1
 3497              		.global	TIMEx_DMACommutationHalfCplt
 3498              		.syntax unified
 3499              		.thumb
 3500              		.thumb_func
 3502              	TIMEx_DMACommutationHalfCplt:
 3503              	.LVL245:
 3504              	.LFB103:
2222:Drivers/STM32F1xx_HAL_Driver/Src/stm32f1xx_hal_tim_ex.c ****   TIM_HandleTypeDef *htim = (TIM_HandleTypeDef *)((DMA_HandleTypeDef *)hdma)->Parent;
 3505              		.loc 1 2222 1 view -0
 3506              		.cfi_startproc
 3507              		@ args = 0, pretend = 0, frame = 0
 3508              		@ frame_needed = 0, uses_anonymous_args = 0
2223:Drivers/STM32F1xx_HAL_Driver/Src/stm32f1xx_hal_tim_ex.c **** 
 3509              		.loc 1 2223 3 view .LVU1126
2222:Drivers/STM32F1xx_HAL_Driver/Src/stm32f1xx_hal_tim_ex.c ****   TIM_HandleTypeDef *htim = (TIM_HandleTypeDef *)((DMA_HandleTypeDef *)hdma)->Parent;
 3510              		.loc 1 2222 1 is_stmt 0 view .LVU1127
 3511 0000 08B5     		push	{r3, lr}
 3512              	.LCFI29:
ARM GAS  C:\Users\airforce\AppData\Local\Temp\ccVTBrFk.s 			page 122


 3513              		.cfi_def_cfa_offset 8
 3514              		.cfi_offset 3, -8
 3515              		.cfi_offset 14, -4
2226:Drivers/STM32F1xx_HAL_Driver/Src/stm32f1xx_hal_tim_ex.c **** 
 3516              		.loc 1 2226 15 view .LVU1128
 3517 0002 0123     		movs	r3, #1
2223:Drivers/STM32F1xx_HAL_Driver/Src/stm32f1xx_hal_tim_ex.c **** 
 3518              		.loc 1 2223 22 view .LVU1129
 3519 0004 406A     		ldr	r0, [r0, #36]
 3520              	.LVL246:
2226:Drivers/STM32F1xx_HAL_Driver/Src/stm32f1xx_hal_tim_ex.c **** 
 3521              		.loc 1 2226 3 is_stmt 1 view .LVU1130
2226:Drivers/STM32F1xx_HAL_Driver/Src/stm32f1xx_hal_tim_ex.c **** 
 3522              		.loc 1 2226 15 is_stmt 0 view .LVU1131
 3523 0006 80F83D30 		strb	r3, [r0, #61]
2231:Drivers/STM32F1xx_HAL_Driver/Src/stm32f1xx_hal_tim_ex.c **** #endif /* USE_HAL_TIM_REGISTER_CALLBACKS */
 3524              		.loc 1 2231 3 is_stmt 1 view .LVU1132
 3525 000a FFF7FEFF 		bl	HAL_TIMEx_CommutHalfCpltCallback
 3526              	.LVL247:
2233:Drivers/STM32F1xx_HAL_Driver/Src/stm32f1xx_hal_tim_ex.c **** 
 3527              		.loc 1 2233 1 is_stmt 0 view .LVU1133
 3528 000e 08BD     		pop	{r3, pc}
 3529              		.cfi_endproc
 3530              	.LFE103:
 3532              		.section	.text.HAL_TIMEx_BreakCallback,"ax",%progbits
 3533              		.align	1
 3534              		.weak	HAL_TIMEx_BreakCallback
 3535              		.syntax unified
 3536              		.thumb
 3537              		.thumb_func
 3539              	HAL_TIMEx_BreakCallback:
 3540              	.LFB114:
 3541              		.cfi_startproc
2125:Drivers/STM32F1xx_HAL_Driver/Src/stm32f1xx_hal_tim_ex.c **** {
 3542              		.loc 1 2125 13 is_stmt 1 view -0
 3543              		@ args = 0, pretend = 0, frame = 0
 3544              		@ frame_needed = 0, uses_anonymous_args = 0
 3545              		@ link register save eliminated.
 3546 0000 7047     		bx	lr
 3547              		.cfi_endproc
 3548              	.LFE114:
 3550              		.section	.text.HAL_TIMEx_HallSensor_GetState,"ax",%progbits
 3551              		.align	1
 3552              		.global	HAL_TIMEx_HallSensor_GetState
 3553              		.syntax unified
 3554              		.thumb
 3555              		.thumb_func
 3557              	HAL_TIMEx_HallSensor_GetState:
 3558              	.LVL248:
 3559              	.LFB100:
2159:Drivers/STM32F1xx_HAL_Driver/Src/stm32f1xx_hal_tim_ex.c ****   return htim->State;
 3560              		.loc 1 2159 1 view -0
 3561              		.cfi_startproc
 3562              		@ args = 0, pretend = 0, frame = 0
 3563              		@ frame_needed = 0, uses_anonymous_args = 0
 3564              		@ link register save eliminated.
2160:Drivers/STM32F1xx_HAL_Driver/Src/stm32f1xx_hal_tim_ex.c **** }
ARM GAS  C:\Users\airforce\AppData\Local\Temp\ccVTBrFk.s 			page 123


 3565              		.loc 1 2160 3 view .LVU1136
2160:Drivers/STM32F1xx_HAL_Driver/Src/stm32f1xx_hal_tim_ex.c **** }
 3566              		.loc 1 2160 14 is_stmt 0 view .LVU1137
 3567 0000 90F83D00 		ldrb	r0, [r0, #61]	@ zero_extendqisi2
 3568              	.LVL249:
2161:Drivers/STM32F1xx_HAL_Driver/Src/stm32f1xx_hal_tim_ex.c **** 
 3569              		.loc 1 2161 1 view .LVU1138
 3570 0004 7047     		bx	lr
 3571              		.cfi_endproc
 3572              	.LFE100:
 3574              		.section	.text.HAL_TIMEx_GetChannelNState,"ax",%progbits
 3575              		.align	1
 3576              		.global	HAL_TIMEx_GetChannelNState
 3577              		.syntax unified
 3578              		.thumb
 3579              		.thumb_func
 3581              	HAL_TIMEx_GetChannelNState:
 3582              	.LVL250:
 3583              	.LFB101:
2174:Drivers/STM32F1xx_HAL_Driver/Src/stm32f1xx_hal_tim_ex.c ****   HAL_TIM_ChannelStateTypeDef channel_state;
 3584              		.loc 1 2174 1 is_stmt 1 view -0
 3585              		.cfi_startproc
 3586              		@ args = 0, pretend = 0, frame = 0
 3587              		@ frame_needed = 0, uses_anonymous_args = 0
 3588              		@ link register save eliminated.
2175:Drivers/STM32F1xx_HAL_Driver/Src/stm32f1xx_hal_tim_ex.c **** 
 3589              		.loc 1 2175 3 view .LVU1140
2178:Drivers/STM32F1xx_HAL_Driver/Src/stm32f1xx_hal_tim_ex.c **** 
 3590              		.loc 1 2178 3 view .LVU1141
2180:Drivers/STM32F1xx_HAL_Driver/Src/stm32f1xx_hal_tim_ex.c **** 
 3591              		.loc 1 2180 3 view .LVU1142
2180:Drivers/STM32F1xx_HAL_Driver/Src/stm32f1xx_hal_tim_ex.c **** 
 3592              		.loc 1 2180 19 is_stmt 0 view .LVU1143
 3593 0000 19B9     		cbnz	r1, .L267
2180:Drivers/STM32F1xx_HAL_Driver/Src/stm32f1xx_hal_tim_ex.c **** 
 3594              		.loc 1 2180 19 discriminator 1 view .LVU1144
 3595 0002 90F84200 		ldrb	r0, [r0, #66]	@ zero_extendqisi2
 3596              	.LVL251:
 3597              	.L271:
2180:Drivers/STM32F1xx_HAL_Driver/Src/stm32f1xx_hal_tim_ex.c **** 
 3598              		.loc 1 2180 19 discriminator 8 view .LVU1145
 3599 0006 C0B2     		uxtb	r0, r0
 3600              	.LVL252:
2182:Drivers/STM32F1xx_HAL_Driver/Src/stm32f1xx_hal_tim_ex.c **** }
 3601              		.loc 1 2182 3 is_stmt 1 view .LVU1146
2183:Drivers/STM32F1xx_HAL_Driver/Src/stm32f1xx_hal_tim_ex.c **** /**
 3602              		.loc 1 2183 1 is_stmt 0 view .LVU1147
 3603 0008 7047     		bx	lr
 3604              	.LVL253:
 3605              	.L267:
2180:Drivers/STM32F1xx_HAL_Driver/Src/stm32f1xx_hal_tim_ex.c **** 
 3606              		.loc 1 2180 19 discriminator 2 view .LVU1148
 3607 000a 0429     		cmp	r1, #4
 3608 000c 02D1     		bne	.L269
2180:Drivers/STM32F1xx_HAL_Driver/Src/stm32f1xx_hal_tim_ex.c **** 
 3609              		.loc 1 2180 19 discriminator 4 view .LVU1149
 3610 000e 90F84300 		ldrb	r0, [r0, #67]	@ zero_extendqisi2
ARM GAS  C:\Users\airforce\AppData\Local\Temp\ccVTBrFk.s 			page 124


 3611              	.LVL254:
2180:Drivers/STM32F1xx_HAL_Driver/Src/stm32f1xx_hal_tim_ex.c **** 
 3612              		.loc 1 2180 19 discriminator 4 view .LVU1150
 3613 0012 F8E7     		b	.L271
 3614              	.LVL255:
 3615              	.L269:
2180:Drivers/STM32F1xx_HAL_Driver/Src/stm32f1xx_hal_tim_ex.c **** 
 3616              		.loc 1 2180 19 discriminator 5 view .LVU1151
 3617 0014 0829     		cmp	r1, #8
2180:Drivers/STM32F1xx_HAL_Driver/Src/stm32f1xx_hal_tim_ex.c **** 
 3618              		.loc 1 2180 19 discriminator 7 view .LVU1152
 3619 0016 0CBF     		ite	eq
 3620 0018 90F84400 		ldrbeq	r0, [r0, #68]	@ zero_extendqisi2
 3621              	.LVL256:
2180:Drivers/STM32F1xx_HAL_Driver/Src/stm32f1xx_hal_tim_ex.c **** 
 3622              		.loc 1 2180 19 discriminator 8 view .LVU1153
 3623 001c 90F84500 		ldrbne	r0, [r0, #69]	@ zero_extendqisi2
 3624 0020 F1E7     		b	.L271
 3625              		.cfi_endproc
 3626              	.LFE101:
 3628              		.text
 3629              	.Letext0:
 3630              		.file 2 "D:/stm32tools/arm-none-eabi-gcc/14.2.1-1.1.1/.content/arm-none-eabi/include/machine/_defa
 3631              		.file 3 "D:/stm32tools/arm-none-eabi-gcc/14.2.1-1.1.1/.content/arm-none-eabi/include/sys/_stdint.h
 3632              		.file 4 "Drivers/CMSIS/Device/ST/STM32F1xx/Include/stm32f103xb.h"
 3633              		.file 5 "Drivers/CMSIS/Device/ST/STM32F1xx/Include/stm32f1xx.h"
 3634              		.file 6 "Drivers/STM32F1xx_HAL_Driver/Inc/stm32f1xx_hal_def.h"
 3635              		.file 7 "Drivers/STM32F1xx_HAL_Driver/Inc/stm32f1xx_hal_dma.h"
 3636              		.file 8 "Drivers/STM32F1xx_HAL_Driver/Inc/stm32f1xx_hal_tim.h"
 3637              		.file 9 "Drivers/STM32F1xx_HAL_Driver/Inc/stm32f1xx_hal_tim_ex.h"
ARM GAS  C:\Users\airforce\AppData\Local\Temp\ccVTBrFk.s 			page 125


DEFINED SYMBOLS
                            *ABS*:00000000 stm32f1xx_hal_tim_ex.c
C:\Users\airforce\AppData\Local\Temp\ccVTBrFk.s:19     .text.TIM_CCxNChannelCmd:00000000 $t
C:\Users\airforce\AppData\Local\Temp\ccVTBrFk.s:24     .text.TIM_CCxNChannelCmd:00000000 TIM_CCxNChannelCmd
C:\Users\airforce\AppData\Local\Temp\ccVTBrFk.s:69     .text.TIM_DMAErrorCCxN:00000000 $t
C:\Users\airforce\AppData\Local\Temp\ccVTBrFk.s:74     .text.TIM_DMAErrorCCxN:00000000 TIM_DMAErrorCCxN
C:\Users\airforce\AppData\Local\Temp\ccVTBrFk.s:149    .text.TIM_DMADelayPulseNCplt:00000000 $t
C:\Users\airforce\AppData\Local\Temp\ccVTBrFk.s:154    .text.TIM_DMADelayPulseNCplt:00000000 TIM_DMADelayPulseNCplt
C:\Users\airforce\AppData\Local\Temp\ccVTBrFk.s:243    .text.HAL_TIMEx_HallSensor_MspInit:00000000 $t
C:\Users\airforce\AppData\Local\Temp\ccVTBrFk.s:249    .text.HAL_TIMEx_HallSensor_MspInit:00000000 HAL_TIMEx_HallSensor_MspInit
C:\Users\airforce\AppData\Local\Temp\ccVTBrFk.s:264    .text.HAL_TIMEx_HallSensor_Init:00000000 $t
C:\Users\airforce\AppData\Local\Temp\ccVTBrFk.s:270    .text.HAL_TIMEx_HallSensor_Init:00000000 HAL_TIMEx_HallSensor_Init
C:\Users\airforce\AppData\Local\Temp\ccVTBrFk.s:460    .text.HAL_TIMEx_HallSensor_MspDeInit:00000000 $t
C:\Users\airforce\AppData\Local\Temp\ccVTBrFk.s:466    .text.HAL_TIMEx_HallSensor_MspDeInit:00000000 HAL_TIMEx_HallSensor_MspDeInit
C:\Users\airforce\AppData\Local\Temp\ccVTBrFk.s:478    .text.HAL_TIMEx_HallSensor_DeInit:00000000 $t
C:\Users\airforce\AppData\Local\Temp\ccVTBrFk.s:484    .text.HAL_TIMEx_HallSensor_DeInit:00000000 HAL_TIMEx_HallSensor_DeInit
C:\Users\airforce\AppData\Local\Temp\ccVTBrFk.s:560    .text.HAL_TIMEx_HallSensor_Start:00000000 $t
C:\Users\airforce\AppData\Local\Temp\ccVTBrFk.s:566    .text.HAL_TIMEx_HallSensor_Start:00000000 HAL_TIMEx_HallSensor_Start
C:\Users\airforce\AppData\Local\Temp\ccVTBrFk.s:698    .text.HAL_TIMEx_HallSensor_Start:00000080 $d
C:\Users\airforce\AppData\Local\Temp\ccVTBrFk.s:703    .text.HAL_TIMEx_HallSensor_Stop:00000000 $t
C:\Users\airforce\AppData\Local\Temp\ccVTBrFk.s:709    .text.HAL_TIMEx_HallSensor_Stop:00000000 HAL_TIMEx_HallSensor_Stop
C:\Users\airforce\AppData\Local\Temp\ccVTBrFk.s:770    .text.HAL_TIMEx_HallSensor_Start_IT:00000000 $t
C:\Users\airforce\AppData\Local\Temp\ccVTBrFk.s:776    .text.HAL_TIMEx_HallSensor_Start_IT:00000000 HAL_TIMEx_HallSensor_Start_IT
C:\Users\airforce\AppData\Local\Temp\ccVTBrFk.s:912    .text.HAL_TIMEx_HallSensor_Start_IT:00000088 $d
C:\Users\airforce\AppData\Local\Temp\ccVTBrFk.s:917    .text.HAL_TIMEx_HallSensor_Stop_IT:00000000 $t
C:\Users\airforce\AppData\Local\Temp\ccVTBrFk.s:923    .text.HAL_TIMEx_HallSensor_Stop_IT:00000000 HAL_TIMEx_HallSensor_Stop_IT
C:\Users\airforce\AppData\Local\Temp\ccVTBrFk.s:988    .text.HAL_TIMEx_HallSensor_Start_DMA:00000000 $t
C:\Users\airforce\AppData\Local\Temp\ccVTBrFk.s:994    .text.HAL_TIMEx_HallSensor_Start_DMA:00000000 HAL_TIMEx_HallSensor_Start_DMA
C:\Users\airforce\AppData\Local\Temp\ccVTBrFk.s:1161   .text.HAL_TIMEx_HallSensor_Start_DMA:000000a0 $d
C:\Users\airforce\AppData\Local\Temp\ccVTBrFk.s:1169   .text.HAL_TIMEx_HallSensor_Stop_DMA:00000000 $t
C:\Users\airforce\AppData\Local\Temp\ccVTBrFk.s:1175   .text.HAL_TIMEx_HallSensor_Stop_DMA:00000000 HAL_TIMEx_HallSensor_Stop_DMA
C:\Users\airforce\AppData\Local\Temp\ccVTBrFk.s:1244   .text.HAL_TIMEx_OCN_Start:00000000 $t
C:\Users\airforce\AppData\Local\Temp\ccVTBrFk.s:1250   .text.HAL_TIMEx_OCN_Start:00000000 HAL_TIMEx_OCN_Start
C:\Users\airforce\AppData\Local\Temp\ccVTBrFk.s:1376   .text.HAL_TIMEx_OCN_Start:00000090 $d
C:\Users\airforce\AppData\Local\Temp\ccVTBrFk.s:1381   .text.HAL_TIMEx_OCN_Stop:00000000 $t
C:\Users\airforce\AppData\Local\Temp\ccVTBrFk.s:1387   .text.HAL_TIMEx_OCN_Stop:00000000 HAL_TIMEx_OCN_Stop
C:\Users\airforce\AppData\Local\Temp\ccVTBrFk.s:1481   .text.HAL_TIMEx_OCN_Start_IT:00000000 $t
C:\Users\airforce\AppData\Local\Temp\ccVTBrFk.s:1487   .text.HAL_TIMEx_OCN_Start_IT:00000000 HAL_TIMEx_OCN_Start_IT
C:\Users\airforce\AppData\Local\Temp\ccVTBrFk.s:1648   .text.HAL_TIMEx_OCN_Start_IT:000000b4 $d
C:\Users\airforce\AppData\Local\Temp\ccVTBrFk.s:1653   .text.HAL_TIMEx_OCN_Stop_IT:00000000 $t
C:\Users\airforce\AppData\Local\Temp\ccVTBrFk.s:1659   .text.HAL_TIMEx_OCN_Stop_IT:00000000 HAL_TIMEx_OCN_Stop_IT
C:\Users\airforce\AppData\Local\Temp\ccVTBrFk.s:1809   .text.HAL_TIMEx_OCN_Start_DMA:00000000 $t
C:\Users\airforce\AppData\Local\Temp\ccVTBrFk.s:1815   .text.HAL_TIMEx_OCN_Start_DMA:00000000 HAL_TIMEx_OCN_Start_DMA
C:\Users\airforce\AppData\Local\Temp\ccVTBrFk.s:2103   .text.HAL_TIMEx_OCN_Start_DMA:0000013c $d
C:\Users\airforce\AppData\Local\Temp\ccVTBrFk.s:2111   .text.HAL_TIMEx_OCN_Stop_DMA:00000000 $t
C:\Users\airforce\AppData\Local\Temp\ccVTBrFk.s:2117   .text.HAL_TIMEx_OCN_Stop_DMA:00000000 HAL_TIMEx_OCN_Stop_DMA
C:\Users\airforce\AppData\Local\Temp\ccVTBrFk.s:2261   .text.HAL_TIMEx_PWMN_Start:00000000 $t
C:\Users\airforce\AppData\Local\Temp\ccVTBrFk.s:2267   .text.HAL_TIMEx_PWMN_Start:00000000 HAL_TIMEx_PWMN_Start
C:\Users\airforce\AppData\Local\Temp\ccVTBrFk.s:2279   .text.HAL_TIMEx_PWMN_Stop:00000000 $t
C:\Users\airforce\AppData\Local\Temp\ccVTBrFk.s:2285   .text.HAL_TIMEx_PWMN_Stop:00000000 HAL_TIMEx_PWMN_Stop
C:\Users\airforce\AppData\Local\Temp\ccVTBrFk.s:2297   .text.HAL_TIMEx_PWMN_Start_IT:00000000 $t
C:\Users\airforce\AppData\Local\Temp\ccVTBrFk.s:2303   .text.HAL_TIMEx_PWMN_Start_IT:00000000 HAL_TIMEx_PWMN_Start_IT
C:\Users\airforce\AppData\Local\Temp\ccVTBrFk.s:2315   .text.HAL_TIMEx_PWMN_Stop_IT:00000000 $t
C:\Users\airforce\AppData\Local\Temp\ccVTBrFk.s:2321   .text.HAL_TIMEx_PWMN_Stop_IT:00000000 HAL_TIMEx_PWMN_Stop_IT
C:\Users\airforce\AppData\Local\Temp\ccVTBrFk.s:2333   .text.HAL_TIMEx_PWMN_Start_DMA:00000000 $t
C:\Users\airforce\AppData\Local\Temp\ccVTBrFk.s:2339   .text.HAL_TIMEx_PWMN_Start_DMA:00000000 HAL_TIMEx_PWMN_Start_DMA
C:\Users\airforce\AppData\Local\Temp\ccVTBrFk.s:2351   .text.HAL_TIMEx_PWMN_Stop_DMA:00000000 $t
ARM GAS  C:\Users\airforce\AppData\Local\Temp\ccVTBrFk.s 			page 126


C:\Users\airforce\AppData\Local\Temp\ccVTBrFk.s:2357   .text.HAL_TIMEx_PWMN_Stop_DMA:00000000 HAL_TIMEx_PWMN_Stop_DMA
C:\Users\airforce\AppData\Local\Temp\ccVTBrFk.s:2369   .text.HAL_TIMEx_OnePulseN_Start:00000000 $t
C:\Users\airforce\AppData\Local\Temp\ccVTBrFk.s:2375   .text.HAL_TIMEx_OnePulseN_Start:00000000 HAL_TIMEx_OnePulseN_Start
C:\Users\airforce\AppData\Local\Temp\ccVTBrFk.s:2493   .text.HAL_TIMEx_OnePulseN_Stop:00000000 $t
C:\Users\airforce\AppData\Local\Temp\ccVTBrFk.s:2499   .text.HAL_TIMEx_OnePulseN_Stop:00000000 HAL_TIMEx_OnePulseN_Stop
C:\Users\airforce\AppData\Local\Temp\ccVTBrFk.s:2591   .text.HAL_TIMEx_OnePulseN_Start_IT:00000000 $t
C:\Users\airforce\AppData\Local\Temp\ccVTBrFk.s:2597   .text.HAL_TIMEx_OnePulseN_Start_IT:00000000 HAL_TIMEx_OnePulseN_Start_IT
C:\Users\airforce\AppData\Local\Temp\ccVTBrFk.s:2723   .text.HAL_TIMEx_OnePulseN_Stop_IT:00000000 $t
C:\Users\airforce\AppData\Local\Temp\ccVTBrFk.s:2729   .text.HAL_TIMEx_OnePulseN_Stop_IT:00000000 HAL_TIMEx_OnePulseN_Stop_IT
C:\Users\airforce\AppData\Local\Temp\ccVTBrFk.s:2830   .text.HAL_TIMEx_ConfigCommutEvent:00000000 $t
C:\Users\airforce\AppData\Local\Temp\ccVTBrFk.s:2836   .text.HAL_TIMEx_ConfigCommutEvent:00000000 HAL_TIMEx_ConfigCommutEvent
C:\Users\airforce\AppData\Local\Temp\ccVTBrFk.s:2934   .text.HAL_TIMEx_ConfigCommutEvent_IT:00000000 $t
C:\Users\airforce\AppData\Local\Temp\ccVTBrFk.s:2940   .text.HAL_TIMEx_ConfigCommutEvent_IT:00000000 HAL_TIMEx_ConfigCommutEvent_IT
C:\Users\airforce\AppData\Local\Temp\ccVTBrFk.s:3038   .text.HAL_TIMEx_ConfigCommutEvent_DMA:00000000 $t
C:\Users\airforce\AppData\Local\Temp\ccVTBrFk.s:3044   .text.HAL_TIMEx_ConfigCommutEvent_DMA:00000000 HAL_TIMEx_ConfigCommutEvent_DMA
C:\Users\airforce\AppData\Local\Temp\ccVTBrFk.s:3156   .text.HAL_TIMEx_ConfigCommutEvent_DMA:00000068 $d
C:\Users\airforce\AppData\Local\Temp\ccVTBrFk.s:3447   .text.TIMEx_DMACommutationCplt:00000000 TIMEx_DMACommutationCplt
C:\Users\airforce\AppData\Local\Temp\ccVTBrFk.s:3502   .text.TIMEx_DMACommutationHalfCplt:00000000 TIMEx_DMACommutationHalfCplt
C:\Users\airforce\AppData\Local\Temp\ccVTBrFk.s:3163   .text.HAL_TIMEx_MasterConfigSynchronization:00000000 $t
C:\Users\airforce\AppData\Local\Temp\ccVTBrFk.s:3169   .text.HAL_TIMEx_MasterConfigSynchronization:00000000 HAL_TIMEx_MasterConfigSynchronization
C:\Users\airforce\AppData\Local\Temp\ccVTBrFk.s:3281   .text.HAL_TIMEx_MasterConfigSynchronization:00000058 $d
C:\Users\airforce\AppData\Local\Temp\ccVTBrFk.s:3286   .text.HAL_TIMEx_ConfigBreakDeadTime:00000000 $t
C:\Users\airforce\AppData\Local\Temp\ccVTBrFk.s:3292   .text.HAL_TIMEx_ConfigBreakDeadTime:00000000 HAL_TIMEx_ConfigBreakDeadTime
C:\Users\airforce\AppData\Local\Temp\ccVTBrFk.s:3397   .text.HAL_TIMEx_RemapConfig:00000000 $t
C:\Users\airforce\AppData\Local\Temp\ccVTBrFk.s:3403   .text.HAL_TIMEx_RemapConfig:00000000 HAL_TIMEx_RemapConfig
C:\Users\airforce\AppData\Local\Temp\ccVTBrFk.s:3423   .text.HAL_TIMEx_CommutCallback:00000000 $t
C:\Users\airforce\AppData\Local\Temp\ccVTBrFk.s:3429   .text.HAL_TIMEx_CommutCallback:00000000 HAL_TIMEx_CommutCallback
C:\Users\airforce\AppData\Local\Temp\ccVTBrFk.s:3441   .text.TIMEx_DMACommutationCplt:00000000 $t
C:\Users\airforce\AppData\Local\Temp\ccVTBrFk.s:3478   .text.HAL_TIMEx_CommutHalfCpltCallback:00000000 $t
C:\Users\airforce\AppData\Local\Temp\ccVTBrFk.s:3484   .text.HAL_TIMEx_CommutHalfCpltCallback:00000000 HAL_TIMEx_CommutHalfCpltCallback
C:\Users\airforce\AppData\Local\Temp\ccVTBrFk.s:3496   .text.TIMEx_DMACommutationHalfCplt:00000000 $t
C:\Users\airforce\AppData\Local\Temp\ccVTBrFk.s:3533   .text.HAL_TIMEx_BreakCallback:00000000 $t
C:\Users\airforce\AppData\Local\Temp\ccVTBrFk.s:3539   .text.HAL_TIMEx_BreakCallback:00000000 HAL_TIMEx_BreakCallback
C:\Users\airforce\AppData\Local\Temp\ccVTBrFk.s:3551   .text.HAL_TIMEx_HallSensor_GetState:00000000 $t
C:\Users\airforce\AppData\Local\Temp\ccVTBrFk.s:3557   .text.HAL_TIMEx_HallSensor_GetState:00000000 HAL_TIMEx_HallSensor_GetState
C:\Users\airforce\AppData\Local\Temp\ccVTBrFk.s:3575   .text.HAL_TIMEx_GetChannelNState:00000000 $t
C:\Users\airforce\AppData\Local\Temp\ccVTBrFk.s:3581   .text.HAL_TIMEx_GetChannelNState:00000000 HAL_TIMEx_GetChannelNState

UNDEFINED SYMBOLS
HAL_TIM_ErrorCallback
HAL_TIM_PWM_PulseFinishedCallback
TIM_Base_SetConfig
TIM_TI1_SetConfig
TIM_OC2_SetConfig
TIM_CCxChannelCmd
HAL_DMA_Start_IT
TIM_DMACaptureCplt
TIM_DMACaptureHalfCplt
TIM_DMAError
HAL_DMA_Abort_IT
TIM_DMADelayPulseHalfCplt
